year,v_total,v_residual_baseline,v_residual_high_capacity,v_residual_oof_5fold,frac_baseline,frac_high_capacity,frac_oof_5fold
2050,25.94403800626231,12.90912648067625,2.6741310211234164,7.116084410799224,0.4975758391026206,0.10307304593363381,0.2742859229963185
2100,897.9313299751428,386.9213988348854,99.92424549986333,256.91991314093195,0.4309031057481828,0.11128272526433565,0.28612423307252705
2150,3257.6890684614173,1548.528923477462,423.3856102943847,1070.0587374358113,0.4753458328694399,0.12996501550540754,0.3284717218089792
