year,V_seed_only,V_brick_only,V_seed_plus_brick,V_total
2025,0.0028388931821609308,0.014000807687861107,0.012368781346400532,0.02806825891354708
2030,0.006824965504471078,0.05708775072274565,0.047202951672276464,0.11456129176516862
2040,0.10877791875611678,0.6964705627040781,0.5598093533934909,1.373563256982122
2050,0.872188164924037,13.076168420842258,10.114585192284604,20.75324790574774
2060,1.9512841728160262,51.204224301418094,39.14312051458497,75.53283062875617
2080,4.6092039889870975,151.03531431255385,115.16227659565143,285.016143728646
2100,6.869610800657535,243.59766341863343,185.43972718969934,604.5861104452822
2120,8.950901075879036,338.02782957959755,257.01740774260026,1043.0117102191596
2150,13.421602510904705,515.7967023892569,392.0486976093348,1985.166942344896
