year,component,med_diff_cm,mean_diff_cm,se_mean_cm,p05_diff_cm,p95_diff_cm
2025,glaciers,0.0,0.0,0.0,0.0,0.0
2026,glaciers,0.0,0.0,0.0,0.0,0.0
2027,glaciers,0.0,0.0,0.0,0.0,0.0
2028,glaciers,0.0,0.0,0.0,0.0,0.0
2029,glaciers,0.0,0.0,0.0,0.0,0.0
2030,glaciers,0.0,0.0,0.0,0.0,0.0
2031,glaciers,0.0,0.0,0.0,0.0,0.0
2032,glaciers,1.5643697045319982e-5,1.582677593916504e-5,5.940188198603337e-8,1.1703593319944971e-5,2.033607240676804e-5
2033,glaciers,4.398369215175002e-5,4.463607082952725e-5,1.8671881297910177e-7,3.182920598512329e-5,5.937509027498233e-5
2034,glaciers,7.77620352367947e-5,7.923684299167432e-5,3.5418992192969627e-7,5.484873604792995e-5,0.00010717658644598947
2035,glaciers,0.00011403735589166075,0.00011638956861191119,5.409331999616776e-7,8.0228387898984e-5,0.0001603139236124651
2036,glaciers,0.00015121179750554603,0.00015421164194428293,7.349374932212009e-7,0.00010577216243190524,0.00021334652052260595
2037,glaciers,0.00018755717555429818,0.00019185165980267893,9.256173556985723e-7,0.00013115056945418592,0.00026650738562619127
2038,glaciers,0.00022341471533193769,0.00022876599156613397,1.1094032620198213e-6,0.0001564909470261444,0.00031791447102218483
2039,glaciers,0.00025864018521737364,0.0002646697390498971,1.2852859266708638e-6,0.00018117307189720043,0.0003687376485204563
2040,glaciers,0.0002926932121887216,0.00029939106603631285,1.452752692137357e-6,0.0002055455612341106,0.00041800282103090505
2041,glaciers,0.0003257125055844412,0.00033281612620024204,1.6114177816680381e-6,0.00022895983237016803,0.0004646098774791163
2042,glaciers,0.00035669176116437384,0.00036489792270921506,1.7617445722979624e-6,0.00025134989226260895,0.0005083981227680833
2043,glaciers,0.0003872344057120891,0.0003956059010096062,1.9042798880007056e-6,0.0002726344280657766,0.000550631117453415
2044,glaciers,0.0004157765904304611,0.00042493122412416695,2.039481276621489e-6,0.00029259326036599196,0.000590064549907554
2045,glaciers,0.00044308787609614875,0.00045289044546977176,2.167799903042684e-6,0.0003122078552459495,0.000628732797965359
2046,glaciers,0.00046933034364693427,0.0004794928771199949,2.2893689549855477e-6,0.00033048162083346714,0.0006661164805426001
2047,glaciers,0.0004939708947500066,0.0005047658575823481,2.404566785522846e-6,0.00034840894952723465,0.0007014621955900857
2048,glaciers,0.0005176310388819161,0.0005287360273328523,2.513537503257409e-6,0.00036577418102683444,0.0007335190084804653
2049,glaciers,0.0005401013915995456,0.0005514547564598835,2.6170309819411702e-6,0.00038139948416437974,0.0007651265435809407
2050,glaciers,0.0005607804846641251,0.000572943802512972,2.7139086185839027e-6,0.0003966304861053427,0.0007950298760672769
2051,glaciers,0.0005803668488360003,0.0005932478071869447,2.804416130646541e-6,0.00040954640590014075,0.0008218636926248467
2052,glaciers,0.0005987911174365479,0.000612414537583735,2.889142545527378e-6,0.00042387244131592006,0.0008461499545276307
2053,glaciers,0.0006166274257353166,0.0006304926163786662,2.9685514887518316e-6,0.0004364138295065878,0.0008716982409486373
2054,glaciers,0.0006325097914436917,0.0006475277968951359,3.0430123995702447e-6,0.0004482778474892424,0.0008922246512115706
2055,glaciers,0.0006473896196621531,0.0006635646829311792,3.1128089148265483e-6,0.00045933908994015836,0.000913549602548036
2056,glaciers,0.0006622432204039796,0.0006786418576765478,3.1782376328456375e-6,0.00046987705250587373,0.0009352304718906801
2057,glaciers,0.000676530321185087,0.0006927965442133965,3.239429147464069e-6,0.0004800379082468442,0.0009532720121842253
2058,glaciers,0.0006897444456246404,0.0007060703028124444,3.2965403866824797e-6,0.0004905744115613509,0.0009707857596694236
2059,glaciers,0.0007019244156509785,0.0007185038472796448,3.349849304195778e-6,0.0004997731110206516,0.00098614335135756
2060,glaciers,0.0007132579863466937,0.0007301372691680044,3.3996446512472857e-6,0.0005078518478388361,0.001003012361937916
2061,glaciers,0.0007238341571769169,0.0007410092050062404,3.446066998925565e-6,0.000515743229079746,0.0010176143803610315
2062,glaciers,0.0007337954054191798,0.0007511555179379404,3.489363290101747e-6,0.0005231392291620729,0.0010310781420612702
2063,glaciers,0.0007430055751433962,0.0007606125278091071,3.5296594639577718e-6,0.0005309287423761244,0.0010449745518457565
2064,glaciers,0.0007516032001295692,0.0007694091862498138,3.5671374714275155e-6,0.000537092221618618,0.001056470705476098
2065,glaciers,0.0007594656149900736,0.0007775747741733756,3.6019454636146436e-6,0.0005428714742751417,0.0010670899540281996
2066,glaciers,0.0007670449631511644,0.0007851359758206922,3.634339323919622e-6,0.000548545579241333,0.0010751048521549398
2067,glaciers,0.0007727236821457595,0.0007921190258634998,3.6642175867234488e-6,0.000552976966315688,0.0010824961212917651
2068,glaciers,0.0007787268479786391,0.0007985453351910201,3.691652653247688e-6,0.000557267089026281,0.0010896374220563663
2069,glaciers,0.0007847881188176586,0.000804441778727445,3.71686108967497e-6,0.0005611340072877891,0.0010990760615128714
2070,glaciers,0.0007907558135356041,0.000809834979101558,3.740010923615663e-6,0.0005661015983896345,0.001105350055191323
2071,glaciers,0.0007947662541258893,0.0008147531818686043,3.7612903306094874e-6,0.0005710990304238716,0.001113865755683463
2072,glaciers,0.000799406881494491,0.000819219236577176,3.780701311732256e-6,0.0005749310789147088,0.001117504437795258
2073,glaciers,0.0008028221770834953,0.0008232563637186523,3.798401800339546e-6,0.0005780326600121289,0.0011215382661080575
2074,glaciers,0.0008064509289811284,0.000826885008064051,3.814458694267476e-6,0.0005802745961701828,0.0011266387184245552
2075,glaciers,0.0008096711744904894,0.0008301246901924682,3.828943871489891e-6,0.0005819422114462291,0.0011323891934918783
2076,glaciers,0.0008128440382195734,0.000832990665120553,3.842056341130887e-6,0.0005837871157464925,0.0011372702656247567
2077,glaciers,0.0008150959401280744,0.0008354966097812851,3.853760075576e-6,0.0005851661947383403,0.0011415086628099758
2078,glaciers,0.0008175078121839263,0.0008376578037770033,3.86402785167251e-6,0.0005863223378038463,0.0011454366835327967
2079,glaciers,0.0008194632283666792,0.0008394869303505131,3.872922766588157e-6,0.0005873423305875036,0.0011489245005489757
2080,glaciers,0.0008204456473359656,0.0008409992129167017,3.88075870482238e-6,0.0005864458911311488,0.0011517405093538712
2081,glaciers,0.0008210107271668932,0.0008422049637157114,3.887495749314197e-6,0.0005861991361162389,0.0011530980044447859
2082,glaciers,0.0008221848202660809,0.000843120098304587,3.893128892822362e-6,0.0005863541788937886,0.0011545175735207635
2083,glaciers,0.0008230451183317555,0.0008437590771904158,3.897675469677966e-6,0.0005856502570721567,0.0011536471586878429
2084,glaciers,0.0008229658674885343,0.0008441387141355241,3.9012404090551e-6,0.0005861230255843176,0.0011523710528035913
2085,glaciers,0.0008236554342007096,0.0008442710176574231,3.903994276865878e-6,0.0005864806456748362,0.0011499064224778088
2086,glaciers,0.0008236501870424462,0.0008441669141018391,3.905933884216956e-6,0.000586683795144971,0.0011499795835665516
2087,glaciers,0.000822762545756639,0.0008438365749613617,3.9071540124922795e-6,0.0005863209282642501,0.0011481850981729378
2088,glaciers,0.0008228645946415369,0.0008432904617049921,3.907819887752465e-6,0.000585020474347786,0.0011471727314519952
2089,glaciers,0.0008219603319004065,0.0008425343488112178,3.9078920990773245e-6,0.0005827953836756273,0.0011463923095902829
2090,glaciers,0.0008208766336910145,0.0008415744131979768,3.907419708950069e-6,0.0005805525032926083,0.0011449782975290644
2091,glaciers,0.0008195027634707586,0.000840414636841527,3.9065007268961804e-6,0.0005788245541135772,0.0011438985690185532
2092,glaciers,0.0008184540506350757,0.0008390565858368087,3.905076315595491e-6,0.000576198210800527,0.0011421696095101908
2093,glaciers,0.0008169309738779162,0.0008375084445751595,3.903194927414643e-6,0.0005755976495677828,0.001139275309236698
2094,glaciers,0.0008162550856312123,0.0008357788164361563,3.900748084437248e-6,0.0005729685531560947,0.0011380159384279053
2095,glaciers,0.0008148021011304962,0.0008338822034036308,3.897748376164137e-6,0.0005702888218811708,0.0011358399817055441
2096,glaciers,0.00081309909370475,0.000831829394150267,3.894395127806897e-6,0.0005686462809609161,0.0011352798272585396
2097,glaciers,0.0008116975584986363,0.0008296272498602458,3.890668201030279e-6,0.0005655939512656083,0.0011342416393326892
2098,glaciers,0.0008088823686493996,0.000827283111279101,3.886718192365364e-6,0.0005615788249707876,0.0011326726724774083
2099,glaciers,0.0008071415031336571,0.0008248026593231321,3.882645074377768e-6,0.0005580782281491281,0.0011323910949267103
2100,glaciers,0.0008035179631384892,0.0008221828346197562,3.878152668192448e-6,0.0005557961012546464,0.0011294360003090806
2101,glaciers,0.0008008432270454335,0.0008194277010947131,3.873433156594649e-6,0.0005549154014886426,0.0011262731931230617
2102,glaciers,0.0007990243805906516,0.000816535871155124,3.8685963731541574e-6,0.0005523526614467755,0.0011238613149712861
2103,glaciers,0.0007963574948757213,0.0008135112728500165,3.863565156872449e-6,0.0005498950684007297,0.0011194920636308223
2104,glaciers,0.000794017568790828,0.0008103626368073265,3.8584631156753035e-6,0.0005484004579002999,0.0011154744242061196
2105,glaciers,0.0007907370635198419,0.000807094922241272,3.852990637380118e-6,0.0005463748064062912,0.0011123895592238143
2106,glaciers,0.0007868957975505353,0.0008037165626117142,3.847458920159319e-6,0.0005444704284352397,0.0011080403771345894
2107,glaciers,0.0007844916732189233,0.0008002314162442863,3.841906021107009e-6,0.0005404390663985125,0.0011051554397843331
2108,glaciers,0.0007812199123691244,0.0007966446077650904,3.836262204970182e-6,0.0005367428255858009,0.0010986303180057888
2109,glaciers,0.0007777842946596891,0.000792954258656863,3.830448263299201e-6,0.0005320549210093618,0.0010960640929392085
2110,glaciers,0.0007744598364869404,0.0007891670006576606,3.824624705985158e-6,0.0005283144937475726,0.0010905811125910601
2111,glaciers,0.0007702404193929979,0.0007852823376657208,3.8188544572660965e-6,0.0005255453549602328,0.001085006395618926
2112,glaciers,0.0007666595193080994,0.0007812935097160114,3.813029414031056e-6,0.0005211476051834473,0.0010802715807015418
2113,glaciers,0.0007624205184235677,0.0007772076848048855,3.8070320760141078e-6,0.000518212597834733,0.0010751585654094954
2114,glaciers,0.0007573275281238523,0.0007730332494669652,3.8010067166131544e-6,0.0005142549159886656,0.0010712864825890734
2115,glaciers,0.0007537090918310341,0.0007687770204013313,3.795009066987956e-6,0.0005107395005931715,0.0010656582428705261
2116,glaciers,0.0007493052001210643,0.0007644454167133983,3.7891659820226816e-6,0.0005062467441492302,0.0010611352988235013
2117,glaciers,0.000744840051229545,0.000760046335527072,3.7834207910421e-6,0.000501585405475069,0.0010574391028674412
2118,glaciers,0.0007402715344513311,0.0007555760463789473,3.777891957930488e-6,0.0004963351650180137,0.0010540350941349531
2119,glaciers,0.000735397036621066,0.0007510353137708323,3.7726242238020555e-6,0.0004922621568486995,0.0010499214373592026
2120,glaciers,0.0007311498110844639,0.0007464320973428942,3.7675050455201963e-6,0.000489050209489772,0.0010436472541909935
2121,glaciers,0.0007272747645163946,0.0007417633048905285,3.762637961989705e-6,0.0004835236997739578,0.0010395309393246065
2122,glaciers,0.00072274701403785,0.0007370225512348157,3.7579273277624836e-6,0.0004796673419118491,0.0010348217148715478
2123,glaciers,0.0007179215672277195,0.0007322150105968222,3.753464806117202e-6,0.0004742400315834061,0.00103016015482833
2124,glaciers,0.0007130209803669629,0.0007273494590440732,3.7491593841515186e-6,0.0004701459402716601,0.0010231888232342002
2125,glaciers,0.0007088122739151714,0.0007224244383187663,3.7450879266825497e-6,0.0004652368874071833,0.001017028193949976
2126,glaciers,0.0007044080017717391,0.0007174459439043188,3.7411855672711117e-6,0.00045841599109515126,0.0010111024035316164
2127,glaciers,0.0006997484564390533,0.0007124210857927853,3.737579158301788e-6,0.00045216558056040415,0.0010039736578606904
2128,glaciers,0.000695282034183009,0.0007073488526676756,3.7341350995236242e-6,0.00044660249801697915,0.0009986845492774064
2129,glaciers,0.000690548189936635,0.0007022366235345387,3.7309549914939966e-6,0.0004404466748965774,0.000988863348960578
2130,glaciers,0.0006851274476922242,0.0006970822100898726,3.728072112052375e-6,0.0004355947249781167,0.0009815202449788172
2131,glaciers,0.0006799758663778022,0.0006918817329899829,3.7254007803520763e-6,0.00043275848955675044,0.0009741433507322483
2132,glaciers,0.0006752952003878931,0.0006866330270747465,3.723012146303821e-6,0.00042684881395231854,0.0009666597268010334
2133,glaciers,0.0006707158398082669,0.0006813342035317449,3.720935718513307e-6,0.0004227607547777623,0.0009593492577442574
2134,glaciers,0.0006663990158966016,0.0006759931144226741,3.719163799106749e-6,0.0004168424262045889,0.0009547166209094016
2135,glaciers,0.0006614227679175855,0.0006706127403795668,3.717659094953206e-6,0.0004113469890143051,0.0009478530808793906
2136,glaciers,0.0006568925958596594,0.0006651985922603334,3.716438026582741e-6,0.00040320815589680594,0.0009415008895425457
2137,glaciers,0.000652365412951994,0.0006597641372184624,3.7155334684741327e-6,0.00039642831846764537,0.0009347516729910409
2138,glaciers,0.0006479461985779977,0.0006543047274313443,3.7148196515085406e-6,0.00039100460510326234,0.0009272529409741991
2139,glaciers,0.0006426910115102658,0.0006488177470509103,3.7143044853392276e-6,0.0003850609764691981,0.0009207150686492582
2140,glaciers,0.0006371025508986605,0.0006433044850667677,3.7139996719762717e-6,0.0003805231547560517,0.0009163317844313568
2141,glaciers,0.0006319685021214383,0.0006377666647084963,3.7139732149002977e-6,0.00037690596483219707,0.0009114941718804558
2142,glaciers,0.0006274489514765946,0.0006322011086087666,3.7140374341564694e-6,0.00037108334693964907,0.0009067666774789984
2143,glaciers,0.0006219686953858883,0.0006266114724314758,3.7143937888994116e-6,0.00036614194468569393,0.0009013871821151653
2144,glaciers,0.000617486169350201,0.000620997523457647,3.714886269629429e-6,0.00036121524789116676,0.0008961930580792198
2145,glaciers,0.000612987581034119,0.0006153608031048919,3.7155528453676318e-6,0.0003560473851911716,0.000890945473856064
2146,glaciers,0.0006082070104191928,0.0006097044319083631,3.7164259768318053e-6,0.0003471758405439118,0.0008850896603945557
2147,glaciers,0.0006022274218207002,0.0006040368924095861,3.717548078693974e-6,0.0003399769429504929,0.0008794382620584073
2148,glaciers,0.0005968511463230186,0.0005983490186446839,3.7194906835934524e-6,0.0003341415673491,0.0008736995393396895
2149,glaciers,0.000592239501646219,0.0005926756644196809,3.719549650643261e-6,0.00032857023791414973,0.0008681254042100404
2150,glaciers,0.0005870109440397897,0.0005869807651185255,3.7203903558136754e-6,0.00032171721835343446,0.0008629876216822651
2151,glaciers,0.0005807102660000396,0.0005812756087576991,3.7213146554655367e-6,0.0003159859341964832,0.0008565916799101456
2152,glaciers,0.0005746788787277524,0.0005755594549009029,3.7223536014693963e-6,0.00031004938191507846,0.0008503678465681118
2153,glaciers,0.0005693669017148295,0.0005698309947994806,3.7235941754626705e-6,0.0003032134873205195,0.0008443392238071112
2154,glaciers,0.0005637525059931647,0.0005640997301879996,3.7241443603672024e-6,0.00029616686854758715,0.0008384237328320054
2155,glaciers,0.0005578461864743645,0.000558354606006672,3.7248628051484304e-6,0.00029031213710304374,0.0008337376837376453
2156,glaciers,0.0005522525351882024,0.0005526082508398442,3.724843025558316e-6,0.0002851250907452751,0.000828538920073818
2157,glaciers,0.000546818688887285,0.0005468541173491062,3.7249237536647046e-6,0.00028047184212613984,0.000822829912466716
2158,glaciers,0.000541367945455562,0.0005411002805239207,3.7250309112664993e-6,0.00027459571933974303,0.0008156631484633079
2159,glaciers,0.0005351217826152777,0.0005353541385929717,3.7251090802966335e-6,0.0002666108260752864,0.0008081177150033979
2160,glaciers,0.0005286051099950839,0.0005296145377728436,3.7253344778968158e-6,0.0002601591128144065,0.0008022919285059159
2161,glaciers,0.0005225648270048566,0.0005238888135921887,3.725214947910989e-6,0.00025320384546585474,0.000796082351388705
2162,glaciers,0.0005166416020117026,0.0005181683256338428,3.725175668848229e-6,0.0002479420523432196,0.0007899697640254999
2163,glaciers,0.0005115411377190071,0.0005124533486908121,3.7252232033094033e-6,0.00024181129242748512,0.0007836475356372218
2164,glaciers,0.0005065090363878255,0.0005067368090620423,3.7253598779133853e-6,0.00023469070855224318,0.0007764458256128037
2165,glaciers,0.0005000676872359833,0.0005010219497274217,3.725016453296797e-6,0.00022831776246619027,0.0007699438802978519
2166,glaciers,0.000495182691020446,0.0004953084178957994,3.7245451135409124e-6,0.00022128304174113823,0.000764359190546493
2167,glaciers,0.0004903981690755899,0.0004896027939495706,3.724041874003028e-6,0.00021517122529139953,0.0007599251406714913
2168,glaciers,0.00048520154210329736,0.00048391125684764803,3.7235112798195335e-6,0.00021001438427816765,0.0007527339560816414
2169,glaciers,0.0004795366030272419,0.0004782383511954098,3.7226901781932494e-6,0.000204275881074345,0.000747317772065692
2170,glaciers,0.0004746066929079973,0.0004725820514291037,3.7217708278045405e-6,0.0001986376046433591,0.0007428328047629052
2171,glaciers,0.0004690606753889881,0.00046695377419319863,3.7202722003010513e-6,0.0001935764851825894,0.0007366556725266094
2172,glaciers,0.0004635639212171583,0.0004613474465432539,3.718543116046134e-6,0.00018874455928301613,0.0007290358224697256
2173,glaciers,0.00045833581697252157,0.00045578459428444694,3.7150158553538654e-6,0.00018211649083657022,0.0007249122832984511
2174,glaciers,0.0004526531958841673,0.0004502265888342709,3.71180109013447e-6,0.00017562988747439335,0.0007178832475446483
2175,glaciers,0.00044818065251561734,0.00044468013519321484,3.7084909798052977e-6,0.00017082511899619847,0.0007121174787476647
2176,glaciers,0.000441252104154799,0.00043914856118308876,3.7050715683772982e-6,0.00016403676257024103,0.0007051369320059564
2177,glaciers,0.00043482936791860993,0.00043363713846696506,3.7012827858175204e-6,0.0001562445850971983,0.0006983788237533873
2178,glaciers,0.00042944904546615703,0.00042815540814097376,3.696823485076129e-6,0.0001515480921700174,0.0006905345571649234
2179,glaciers,0.0004240045356223021,0.0004226970405348975,3.692268370496671e-6,0.00014613166747565743,0.0006844288088057482
2180,glaciers,0.0004191286272892114,0.00041726385957371724,3.6875440877323995e-6,0.00013992939140621276,0.0006773274133887951
2181,glaciers,0.0004132190273313796,0.0004118646179664225,3.6824141654795847e-6,0.00013324585598954996,0.0006703371527081004
2182,glaciers,0.00040745716835388635,0.00040649487917069927,3.677126890746766e-6,0.00012871762969055567,0.0006634468027334249
2183,glaciers,0.0004024579997778943,0.0004011527966687769,3.671691952291406e-6,0.00012554619671742984,0.0006589853426856252
2184,glaciers,0.0003957998822805564,0.0003958349906325207,3.6661086956360098e-6,0.00011699274338248245,0.000650321297585954
2185,glaciers,0.0003909579780643213,0.00039055027328946146,3.6601934550670657e-6,0.00011237425430099535,0.0006464356939730463
2186,glaciers,0.0003858635339248906,0.00038529483220635006,3.6540555552393166e-6,0.0001071704900700965,0.000640614022744046
2187,glaciers,0.0003811382159479848,0.0003800801075362372,3.646979132958684e-6,0.00010275885923043404,0.000636522064634093
2188,glaciers,0.00037483319910869284,0.0003748870105396964,3.639827338984635e-6,9.901953901820803e-5,0.0006308128584574746
2189,glaciers,0.00036928781738509997,0.0003697433310337974,3.631073623810825e-6,9.603749817852503e-5,0.0006245631436597065
2190,glaciers,0.00036401370589445037,0.00036462912775520273,3.622150153943371e-6,9.25314219903939e-5,0.0006193516247268605
2191,glaciers,0.0003591381194816279,0.0003595472655885175,3.613189573724922e-6,8.481776821120945e-5,0.0006127753637770184
2192,glaciers,0.00035384538675842236,0.0003545055129981662,3.6037647270385093e-6,8.113321053730971e-5,0.000606845452497673
2193,glaciers,0.00034812434037334583,0.00034950803690313317,3.5937314528232527e-6,7.709883128388385e-5,0.0006008725205074228
2194,glaciers,0.00034299525755443483,0.0003445543159663469,3.5831437340280034e-6,7.325275561669287e-5,0.0005942617016566843
2195,glaciers,0.0003382780629159754,0.00033964397508542987,3.572053021138881e-6,6.945493279921778e-5,0.0005889426570966805
2196,glaciers,0.00033367293542774235,0.0003347686440396806,3.5608253791028697e-6,6.467647623207285e-5,0.0005839870978855187
2197,glaciers,0.0003294023379396549,0.00032992873402877266,3.5492903625194743e-6,5.820442374613322e-5,0.0005789840895335629
2198,glaciers,0.0003247512361408411,0.00032512412492239126,3.5373243605524504e-6,5.377761870803966e-5,0.0005740156732194635
2199,glaciers,0.00032038391866784366,0.00032036791859091097,3.5243290045486915e-6,4.7619730865733344e-5,0.0005690974605652598
2200,glaciers,0.00031580279104304054,0.0003156389099510477,3.5115235023248893e-6,4.291031832082126e-5,0.0005642002524247401
2201,glaciers,0.00031126262260272597,0.0003109434307523973,3.498880416454302e-6,3.908470312214973e-5,0.0005615385892316027
2202,glaciers,0.00030633692076520447,0.00030630832270744435,3.4852655167803437e-6,3.646014591254243e-5,0.0005570348033536731
2203,glaciers,0.0003013715034612119,0.0003017096258823191,3.471685244610112e-6,3.231107403571798e-5,0.0005516730295422434
2204,glaciers,0.0002961699720529509,0.0002971591650458283,3.4576166852946184e-6,2.812318277634063e-5,0.0005462749846277148
2205,glaciers,0.0002906308063828078,0.0002926514282056143,3.4433577424620685e-6,2.469388377956961e-5,0.0005407396578039681
2206,glaciers,0.0002856835533879831,0.0002881858900390881,3.428903975488732e-6,2.1268265807172788e-5,0.000535485189883289
2207,glaciers,0.0002814766977188299,0.00028376804293918313,3.4140444346825217e-6,1.7431460839567597e-5,0.0005300821416565071
2208,glaciers,0.000276777628897662,0.0002794182651727759,3.397884400512619e-6,1.434261427739614e-5,0.0005251379498218967
2209,glaciers,0.00027244363400846794,0.00027510013473709807,3.3819049704205724e-6,1.0912586446210071e-5,0.0005200694324187792
2210,glaciers,0.00026810780509478604,0.00027082487248925524,3.365590329055517e-6,8.320452169030547e-6,0.0005151832291522495
2211,glaciers,0.0002630839596573509,0.0002665864223229928,3.349094517332968e-6,6.377198243256999e-6,0.0005104036851587778
2212,glaciers,0.000258867807630736,0.0002623972048173151,3.3320235264900056e-6,4.410053530179426e-6,0.0005055751454374757
2213,glaciers,0.0002546110137124913,0.0002582640416688182,3.3142433507695967e-6,3.1942234922865978e-6,0.0005002993358878882
2214,glaciers,0.00024932982453051977,0.00025416796242292783,3.296588778563917e-6,9.80347194001754e-7,0.0004945973627378919
2215,glaciers,0.00024541499996999505,0.0002501337623883568,3.278072490981332e-6,0.0,0.0004888280494331098
2216,glaciers,0.00024155040213003076,0.00024613900831482207,3.2596367828266757e-6,0.0,0.0004837203410550827
2217,glaciers,0.00023748572142778812,0.00024219187089341963,3.2409889176876793e-6,0.0,0.00047945825964674783
2218,glaciers,0.00023348371257014833,0.00023829210230948128,3.222088543089166e-6,0.0,0.0004756361822856547
2219,glaciers,0.00022935564140169618,0.000234430776873781,3.203241817900073e-6,0.0,0.00047033834826386566
2220,glaciers,0.00022562543724369277,0.00023063209646392301,3.183518266474403e-6,0.0,0.0004648905366256173
2221,glaciers,0.00022205539629283066,0.00022686389452296219,3.1640086649281946e-6,0.0,0.00046042190743378336
2222,glaciers,0.00021824381840929163,0.00022314808058122537,3.1438652705074368e-6,0.0,0.0004554363690996155
2223,glaciers,0.00021419067361705402,0.00021947052630755514,3.12360218438257e-6,0.0,0.0004512508842861251
2224,glaciers,0.00020980356557842583,0.00021583955495332497,3.1030471690220386e-6,0.0,0.0004461774161356402
2225,glaciers,0.00020636029203657813,0.00021225242963967083,3.0823513585357567e-6,0.0,0.00044268869103092356
2226,glaciers,0.00020338526185170736,0.00020870746682556175,3.061624352379083e-6,0.0,0.0004359908213348972
2227,glaciers,0.00019974866905947408,0.00020521990967547766,3.0404319502447872e-6,0.0,0.00043244633151502394
2228,glaciers,0.00019419353509420034,0.00020177862529851965,3.0191504855164103e-6,0.0,0.0004291237920526214
2229,glaciers,0.00019012930981610054,0.00019839295458166361,2.997437455960896e-6,0.0,0.00042454073606172925
2230,glaciers,0.00018648876465299224,0.00019504712509643517,2.975759814704776e-6,0.0,0.00042054924697829674
2231,glaciers,0.0001823597541275035,0.00019174545960159151,2.9539076200036527e-6,0.0,0.0004157895963842861
2232,glaciers,0.00017917407269152363,0.00018848702536400098,2.9318698141853577e-6,0.0,0.00041231472679577054
2233,glaciers,0.00017534767819071817,0.00018527643729282416,2.9095377523189685e-6,0.0,0.00040849510276714797
2234,glaciers,0.00017178757081381946,0.0001821058608404389,2.8871702632779986e-6,0.0,0.0004041070274439562
2235,glaciers,0.0001684272668107667,0.00017897505534318902,2.864832907047847e-6,0.0,0.0003997860884268789
2236,glaciers,0.00016470358437103982,0.00017588220147459664,2.8426251720861127e-6,0.0,0.00039564814939332396
2237,glaciers,0.0001608753091417725,0.00017282981671450236,2.820456483930192e-6,0.0,0.00039185518395470356
2238,glaciers,0.0001571492314376144,0.00016981941427106763,2.7983453530985612e-6,0.0,0.00038708948549199813
2239,glaciers,0.00015357062790144482,0.00016686890387631158,2.775715127114675e-6,0.0,0.00038315768798291566
2240,glaciers,0.00015036987066707752,0.00016395211487576768,2.7533305096412188e-6,0.0,0.0003797788342765784
2241,glaciers,0.0001471752244768254,0.0001610755119591101,2.7309597367891673e-6,0.0,0.0003757576083529557
2242,glaciers,0.00014443494824512015,0.00015823985005955875,2.7085128682894e-6,0.0,0.00037119396528986217
2243,glaciers,0.0001407910728445927,0.00015544411596081885,2.685977048280867e-6,0.0,0.0003671307213917174
2244,glaciers,0.00013802373654669964,0.00015268355968249382,2.6635257103343517e-6,0.0,0.00036394374187942446
2245,glaciers,0.00013524843752144022,0.00014996527849100083,2.641006817764142e-6,0.0,0.00035995739175902485
2246,glaciers,0.0001320615228177502,0.00014728692991752902,2.6185262496221663e-6,0.0,0.00035595254092974927
2247,glaciers,0.0001289528368833004,0.0001446581020113431,2.595850963262501e-6,0.0,0.00035219863116644487
2248,glaciers,0.00012518096416158642,0.0001420713324368137,2.5731964534210685e-6,0.0,0.0003485031448722253
2249,glaciers,0.00012234977202751907,0.00013952579899412853,2.5505847354011777e-6,0.0,0.0003453072762471976
2250,glaciers,0.00012005795585068313,0.0001370185420380512,2.528085966836113e-6,0.0,0.0003413138053531384
2251,glaciers,0.00011706236837483175,0.0001345581097249031,2.5054560676367943e-6,0.0,0.00033733873833377006
2252,glaciers,0.0001139646189276533,0.0001321341717991853,2.482953357015512e-6,0.0,0.0003342183180475189
2253,glaciers,0.00011098190965874721,0.00012975891555831075,2.460219168838167e-6,0.0,0.0003298167155474374
2254,glaciers,0.00010790060174592497,0.00012741264865715252,2.4377398642004344e-6,0.0,0.0003259378778707855
2255,glaciers,0.00010462855093251733,0.00012511026093154243,2.415091368934482e-6,0.0,0.0003216742383461479
2256,glaciers,0.0001024082904272916,0.00012283765540545665,2.3926558716793807e-6,0.0,0.00031780068321367593
2257,glaciers,9.952505989652138e-5,0.00012059877305013522,2.370343364127918e-6,0.0,0.00031399253687709456
2258,glaciers,9.697699025856821e-5,0.00011840100947031296,2.347970693301065e-6,0.0,0.0003101557617771533
2259,glaciers,9.407522350635134e-5,0.00011623785169539146,2.325721135600337e-6,0.0,0.00030638409653889194
2260,glaciers,9.119559498493857e-5,0.00011410734909230058,2.303658271643281e-6,0.0,0.00030286758953650405
2261,glaciers,8.87825015958299e-5,0.00011202141458298698,2.2815010606522964e-6,0.0,0.0003002601481131961
2262,glaciers,8.614880833235361e-5,0.00010997077606134731,2.259486497037706e-6,0.0,0.00029573859704612454
2263,glaciers,8.354761405726663e-5,0.00010795541073129833,2.237587330166752e-6,0.0,0.0002926097925694648
2264,glaciers,8.094831372673639e-5,0.00010597290528889048,2.215836469916791e-6,0.0,0.00028941178464272357
2265,glaciers,7.864821199277117e-5,0.0001040252273321034,2.1941482008071e-6,0.0,0.00028548810695454556
2266,glaciers,7.716791879630591e-5,0.00010211087320949197,2.1725158265585187e-6,0.0,0.0002822690062689759
2267,glaciers,7.537301449644929e-5,0.0001002259265255212,2.151013530601581e-6,0.0,0.0002794242991164708
2268,glaciers,7.372533577054696e-5,9.836726956322294e-5,2.1297199147678694e-6,0.0,0.0002764372333530218
2269,glaciers,7.181409822365481e-5,9.655969342210113e-5,2.1080752868779426e-6,0.0,0.00027388786727655656
2270,glaciers,7.021374528726199e-5,9.477421297171773e-5,2.0868147499484627e-6,0.0,0.00027063016070165695
2271,glaciers,6.854520009191845e-5,9.302428319567291e-5,2.065624298061233e-6,0.0,0.00026764977396140924
2272,glaciers,6.620376371735404e-5,9.131199237904219e-5,2.0444527361417456e-6,0.0,0.0002646486830411021
2273,glaciers,6.437549046367508e-5,8.963856563018524e-5,2.0232530351680066e-6,0.0,0.0002610243023362102
2274,glaciers,6.266935394450002e-5,8.799007244612511e-5,2.002322568304073e-6,0.0,0.0002570167362591746
2275,glaciers,6.0944018590802784e-5,8.638161062489936e-5,1.9812861609864467e-6,0.0,0.000253497966397731
2276,glaciers,5.94299970870793e-5,8.479591973565092e-5,1.9604916076054264e-6,0.0,0.00025106736273770023
2277,glaciers,5.729310966984258e-5,8.32380693721202e-5,1.9398133663609343e-6,0.0,0.00024746642900410617
2278,glaciers,5.567977359177689e-5,8.170928741035866e-5,1.919232144170658e-6,0.0,0.00024445553808618566
2279,glaciers,5.4012191030849976e-5,8.021103226630899e-5,1.8987258304313175e-6,0.0,0.00024205531504968287
2280,glaciers,5.2330963374203066e-5,7.874258944522871e-5,1.8783160945391661e-6,0.0,0.0002396277810689185
2281,glaciers,5.022277411370624e-5,7.730257566295506e-5,1.8580365264549835e-6,0.0,0.00023648301737999589
2282,glaciers,4.857125759016867e-5,7.588749327423549e-5,1.837976352474801e-6,0.0,0.00023357321367036826
2283,glaciers,4.700509311561518e-5,7.4499521060023e-5,1.8180710351103198e-6,0.0,0.00023063950041759534
2284,glaciers,4.521825618830633e-5,7.313713822926537e-5,1.7983379173903719e-6,0.0,0.0002277241479863079
2285,glaciers,4.42293707738628e-5,7.179762839352578e-5,1.778807515915172e-6,0.0,0.00022487383696478955
2286,glaciers,4.300125881329109e-5,7.048070663313588e-5,1.7594512649824838e-6,0.0,0.00022203567603362726
2287,glaciers,4.182585777634529e-5,6.918839487526007e-5,1.7402051532222143e-6,0.0,0.0002191877431119593
2288,glaciers,4.074889370109247e-5,6.791592352647413e-5,1.721166523258102e-6,0.0,0.00021676137199975188
2289,glaciers,3.9238167389044065e-5,6.667057459844727e-5,1.7021974629181832e-6,0.0,0.00021400217585210157
2290,glaciers,3.804276972019238e-5,6.544481462360175e-5,1.6834825013153675e-6,0.0,0.00021225877154442682
2291,glaciers,3.666508798794155e-5,6.424967977273254e-5,1.6647938413859113e-6,0.0,0.00021052483445416215
2292,glaciers,3.539941512009648e-5,6.307362335071787e-5,1.6463621606112755e-6,0.0,0.00020866028552610772
2293,glaciers,3.437691403895826e-5,6.19204216760032e-5,1.6281083710521087e-6,0.0,0.00020659387950772157
2294,glaciers,3.3149215079575356e-5,6.0794817998868214e-5,1.6099304242433728e-6,0.0,0.0002045546128297104
2295,glaciers,3.1891910008852165e-5,5.968712882794236e-5,1.5919935735574354e-6,0.0,0.00020218526877062714
2296,glaciers,3.062564236699927e-5,5.86076918317211e-5,1.5740578960632425e-6,0.0,0.00020032919183314845
2297,glaciers,2.9563623769490732e-5,5.754154243941834e-5,1.5563973485954287e-6,0.0,0.00019841549370749333
2298,glaciers,2.853753936449266e-5,5.64928043975268e-5,1.5389153631207898e-6,0.0,0.00019670820130635036
2299,glaciers,2.7249328740097667e-5,5.546238553770344e-5,1.5216036650469168e-6,0.0,0.0001948612148169104
2300,glaciers,2.6354130925554387e-5,5.445122504758615e-5,1.5044608854112201e-6,0.0,0.00019290103634794775
2025,gis,0.0,0.0,0.0,0.0,0.0
2026,gis,0.0,0.0,0.0,0.0,0.0
2027,gis,0.0,0.0,0.0,0.0,0.0
2028,gis,0.0,0.0,0.0,0.0,0.0
2029,gis,0.0,0.0,0.0,0.0,0.0
2030,gis,0.0,0.0,0.0,0.0,0.0
2031,gis,0.0,0.0,0.0,0.0,0.0
2032,gis,3.856759889231398e-6,4.3472855126847065e-6,6.265843387670909e-8,8.768091852573434e-7,9.556614499750538e-6
2033,gis,1.0935567651415568e-5,1.231198614988216e-5,1.7925812459420116e-7,2.459743071447918e-6,2.7495518692965956e-5
2034,gis,1.929950301793326e-5,2.1956833364900062e-5,3.2257359284608206e-7,4.323565425679022e-6,4.97268080357216e-5
2035,gis,2.8440273114327397e-5,3.240670339104135e-5,4.791011292306548e-7,6.337860400940087e-6,7.397651653029412e-5
2036,gis,3.78375992315938e-5,4.3147433120171996e-5,6.409599547129971e-7,8.344040445251721e-6,9.877870111640873e-5
2037,gis,4.719380211071211e-5,5.3937963674011157e-5,8.037656522149246e-7,1.0367317568871215e-5,0.00012416457408459536
2038,gis,5.652653789489648e-5,6.462748769919813e-5,9.65230673954356e-7,1.2328433163233399e-5,0.0001494848288441375
2039,gis,6.562386092312522e-5,7.513214315024719e-5,1.1240273463207782e-6,1.433266841655012e-5,0.0001742215199262986
2040,gis,7.465921050275881e-5,8.53955507839732e-5,1.2792742117330184e-6,1.6254620205380377e-5,0.00019829861318765293
2041,gis,8.359567971183424e-5,9.537901608953625e-5,1.430372079137743e-6,1.81484652639341e-5,0.0002218161603328994
2042,gis,9.216303804571169e-5,0.00010506354571755416,1.5770400854836765e-6,1.9832218605131402e-5,0.00024453073049990337
2043,gis,0.00010037610054247637,0.0001144379990890343,1.7192068472194882e-6,2.1575725699385373e-5,0.00026703972636266116
2044,gis,0.00010798707981152234,0.00012349794137636038,1.8568786126109933e-6,2.3334474161806895e-5,0.0002886606837604333
2045,gis,0.00011563762272182032,0.00013224643328371143,1.9901245233116873e-6,2.4994674161504804e-5,0.0003089632347563764
2046,gis,0.00012281124157631496,0.00014068591821070342,2.119018933176375e-6,2.6624238174122183e-5,0.0003277310928151422
2047,gis,0.0001298946863403927,0.00014882163518308288,2.243633568616967e-6,2.8296600973476416e-5,0.00034690852490193425
2048,gis,0.00013662669111624837,0.0001566567039376743,2.3639525582094274e-6,2.98560776235135e-5,0.00036650977655483524
2049,gis,0.00014318778873700921,0.00016419970056817944,2.4801008168231176e-6,3.1301554397344944e-5,0.00038171756914895367
2050,gis,0.00014935109677871594,0.00017145155662423583,2.5920960770804353e-6,3.265544997077541e-5,0.00039766064052315625
2051,gis,0.0001551823003431707,0.00017841610709590228,2.6999480531325894e-6,3.394783507193466e-5,0.0004148055675701201
2052,gis,0.0001610623658443444,0.00018510112569090076,2.803729945143947e-6,3.523012144679427e-5,0.00043132972730397506
2053,gis,0.0001666406173050916,0.00019151688243272956,2.9035512792407513e-6,3.6580106899108955e-5,0.0004479469796203616
2054,gis,0.0001720214457989755,0.00019767362934191012,2.99951758787332e-6,3.786304167530119e-5,0.00046387201118047727
2055,gis,0.00017701946393167134,0.00020358386938506,3.091857425996935e-6,3.90557615759235e-5,0.00047710304021730815
2056,gis,0.00018188892170201143,0.00020925861088465502,3.1807444493003893e-6,4.018787878923291e-5,0.0004917008232885322
2057,gis,0.00018650015434218403,0.00021470855109688712,3.26634429050557e-6,4.114545336442177e-5,0.0005047830252946637
2058,gis,0.00019109562368058164,0.00021994268678762196,3.3487763044024525e-6,4.2376498559093534e-5,0.0005184455677653687
2059,gis,0.00019537953552806187,0.0002249695504087601,3.4281444130356265e-6,4.3446436945870914e-5,0.0005301796534817881
2060,gis,0.0001993505471364898,0.00022979858518388241,3.504593340486064e-6,4.444335732323169e-5,0.0005423854645680847
2061,gis,0.00020339569606342423,0.00023443674493823786,3.5782061518930496e-6,4.5364811249726245e-5,0.0005537194541060941
2062,gis,0.0002064118355793454,0.00023889074549519052,3.6490714323249338e-6,4.621294574125301e-5,0.0005638979075506255
2063,gis,0.00020979080948002604,0.0002431692078464831,3.717264548466891e-6,4.702651563270877e-5,0.0005736147620583054
2064,gis,0.0002134326760661054,0.0002472789243746831,3.782862148828258e-6,4.780712154595079e-5,0.0005829549059832572
2065,gis,0.00021708636976924822,0.00025122815852705036,3.845991999290464e-6,4.85563217633711e-5,0.0005928188897819098
2066,gis,0.0002198693258126383,0.00025502423776830875,3.906849366855716e-6,4.9277971858607834e-5,0.000601253848118155
2067,gis,0.00022304335089984306,0.00025867810613244835,3.965563071766064e-6,4.997223663316675e-5,0.0006099769299527935
2068,gis,0.00022641040491322428,0.0002621957544357123,4.02217162132118e-6,5.0644525151355424e-5,0.0006182928297970847
2069,gis,0.00022923473093072744,0.0002655845992113992,4.076891054231163e-6,5.1298551491107964e-5,0.0006260195624596676
2070,gis,0.00023204261929699044,0.0002688494123960439,4.12981002645866e-6,5.192806967979636e-5,0.0006328703809010959
2071,gis,0.00023507835278380185,0.00027199592557591856,4.18104327646598e-6,5.253418001505139e-5,0.0006400563135278147
2072,gis,0.0002376451598173901,0.00027502694588821264,4.230520492808968e-6,5.3117940055358304e-5,0.0006465954616086123
2073,gis,0.00023993598596838694,0.00027794796720645996,4.278299013318598e-6,5.368040741249303e-5,0.0006530841306329194
2074,gis,0.00024261894218113866,0.0002807641650704351,4.324391200730085e-6,5.422260926479794e-5,0.0006599199520840315
2075,gis,0.00024484826779413993,0.0002834807465528666,4.368900649077992e-6,5.474551393991334e-5,0.0006660878689856986
2076,gis,0.0002472350561166792,0.00028610080585997897,4.411880410178719e-6,5.5360040760454865e-5,0.0006723766966088007
2077,gis,0.00024912012035471776,0.00028862848283881524,4.453423612510833e-6,5.601360776097409e-5,0.000678355969001565
2078,gis,0.00025087050619099216,0.0002910694660786639,4.493629391359398e-6,5.6467995750431044e-5,0.0006840729253321243
2079,gis,0.00025293356835653924,0.00029342856037599673,4.532566661850858e-6,5.686643280711223e-5,0.0006892884305997882
2080,gis,0.00025476152218928405,0.00029571120212366073,4.570322900663288e-6,5.7249164968631305e-5,0.0006947659881939571
2081,gis,0.0002562842636333329,0.00029791999914903223,4.606927531550875e-6,5.7617046942404215e-5,0.0007003803620397875
2082,gis,0.0002581055631889484,0.0003000590323753993,4.642442483831352e-6,5.797077495817149e-5,0.0007055628126728662
2083,gis,0.00026005998887690396,0.00030213190900321154,4.676958537520807e-6,5.8310958950258396e-5,0.0007105996227796395
2084,gis,0.00026180828616162444,0.0003041422680744255,4.7105357276541506e-6,5.8643150655512954e-5,0.0007154191787872576
2085,gis,0.0002638893239037543,0.00030609116888915546,4.743054139962338e-6,5.900636343536547e-5,0.0007201074468898838
2086,gis,0.00026592921926749113,0.0003079807111098454,4.774600404939589e-6,5.9361605644348e-5,0.0007246684609540921
2087,gis,0.00026761127482899383,0.0003098138857099642,4.805345840695794e-6,5.970616920425442e-5,0.000728350520073917
2088,gis,0.000269268354013974,0.00031159432788587795,4.835239710442741e-6,6.003560995004875e-5,0.0007324847212197837
2089,gis,0.0002709592732408339,0.00031332392094682857,4.864320140457013e-6,6.0355532278677515e-5,0.0007365401562076102
2090,gis,0.0002722464700344318,0.00031500609654888656,4.892666944015296e-6,6.0666418142396594e-5,0.0007404729518745157
2091,gis,0.0002734287384509315,0.00031664302825968883,4.920259945960229e-6,6.09696462028353e-5,0.0007442906731913722
2092,gis,0.0002743678175765041,0.0003182354991833938,4.94712736172361e-6,6.126546951978895e-5,0.0007479933320331256
2093,gis,0.000275385588777155,0.0003197876820278722,4.973396722764943e-6,6.155349532299681e-5,0.0007515198213914331
2094,gis,0.00027679128806745723,0.00032129989433578033,4.9991297612573235e-6,6.183405987236767e-5,0.0007544910300705253
2095,gis,0.00027818441323823606,0.00032277319742743946,5.024191267306703e-6,6.210746195556283e-5,0.0007571557829821884
2096,gis,0.0002795113142273209,0.00032420869719698155,5.048598823073008e-6,6.237400259845316e-5,0.0007601976937277044
2097,gis,0.0002803681498964039,0.00032560778812902315,5.072417539290853e-6,6.263397787531488e-5,0.0007613462994759954
2098,gis,0.0002814220040558979,0.00032697340505345274,5.095752909192954e-6,6.28876893138397e-5,0.0007638937275000755
2099,gis,0.00028257591115909975,0.0003283071705003415,5.118534052921978e-6,6.313542947555817e-5,0.000769170383354556
2100,gis,0.00028370159372848036,0.00032960913904287457,5.140798685358506e-6,6.337748947427002e-5,0.0007739819461516362
2101,gis,0.00028449541931152567,0.00033088398313525503,5.162757406760427e-6,6.361415947342408e-5,0.0007769791937839442
2102,gis,0.00028559498619351587,0.0003321301872578193,5.184165761328591e-6,6.3816066666611e-5,0.0007799073332481752
2103,gis,0.00028666006599564753,0.00033334982637121157,5.205245496828813e-6,6.400022645181025e-5,0.0007827029604356991
2104,gis,0.00028749665643701405,0.00033454412629492047,5.225983939452526e-6,6.417960185522986e-5,0.000787164803037754
2105,gis,0.0002882833427975129,0.00033571175514155447,5.246198081573781e-6,6.43543971978744e-5,0.000793566593713102
2106,gis,0.0002891585792585971,0.0003368531283475047,5.2659384014796075e-6,6.45247987618447e-5,0.0007959053881112509
2107,gis,0.0002897951691505085,0.00033797035196698566,5.285454946000868e-6,6.469099552486314e-5,0.0007976896294215052
2108,gis,0.00029052348065050637,0.0003390646576005576,5.304616591539591e-6,6.485317714854945e-5,0.000799405670952602
2109,gis,0.0002912656840603489,0.00034013336000021167,5.323294725865695e-6,6.501153301474717e-5,0.000801075738237067
2110,gis,0.00029204904099522366,0.00034118182188836067,5.341695179994315e-6,6.516625044028503e-5,0.0008020906559247364
2111,gis,0.0002929425254816209,0.00034220959673226224,5.359730834694533e-6,6.53175187759203e-5,0.000802947738844928
2112,gis,0.00029394807357085995,0.00034321479321794965,5.377247129947368e-6,6.546553735997662e-5,0.0008044468487344857
2113,gis,0.0002949390182749312,0.00034420140827969313,5.394459735840539e-6,6.560987044768041e-5,0.0008065984048766238
2114,gis,0.00029589429937360023,0.00034517260488514624,5.411617228501278e-6,6.57509681412094e-5,0.000808711718969235
2115,gis,0.0002966261527959091,0.00034612534395525964,5.428504239722369e-6,6.588909343019367e-5,0.0008104953788512503
2116,gis,0.0002972076159402093,0.00034706210047760955,5.445252476624061e-6,6.602863574567408e-5,0.0008119668515416123
2117,gis,0.00029803830789987273,0.0003479844961953362,5.461660890566632e-6,6.616571816664418e-5,0.0008134040562923771
2118,gis,0.0002988165605177784,0.00034888763125038127,5.477722221054951e-6,6.630047457267807e-5,0.0008148079645131644
2119,gis,0.00029966023533667396,0.0003497709624363097,5.493439295789482e-6,6.643933231575971e-5,0.0008161796378347573
2120,gis,0.0003004585563015638,0.00035064107228817323,5.508929181635398e-6,6.657580227553694e-5,0.0008175201735749481
2121,gis,0.0003013773067994663,0.00035149796929472823,5.52432947666933e-6,6.670999888935825e-5,0.0008188308317880197
2122,gis,0.00030221578630751367,0.00035233863090251204,5.5393880422913e-6,6.684203635920483e-5,0.0008201129359264312
2123,gis,0.00030284006613534586,0.0003531689373430531,5.554329316236442e-6,6.697201849981127e-5,0.0008218039426433064
2124,gis,0.0003034523761158425,0.0003539878930833815,5.568988271074164e-6,6.72433425963348e-5,0.0008247786961890212
2125,gis,0.00030426463912824886,0.00035479148157385157,5.58324851028e-6,6.75434675656561e-5,0.0008277469294704075
2126,gis,0.0003048116847814697,0.0003555821844328122,5.597327875071142e-6,6.78408490895066e-5,0.000830665640658701
2127,gis,0.00030534669530624114,0.0003563604568615357,5.611244204446203e-6,6.795202527332123e-5,0.0008317654408385167
2128,gis,0.00030587001971227323,0.0003571240626629706,5.624992560819555e-6,6.804966626638986e-5,0.0008326924471591112
2129,gis,0.00030638199972621294,0.00035787833391003244,5.638632786409002e-6,6.81503013710838e-5,0.0008335823733940372
2130,gis,0.00030689215622103916,0.0003586206219293473,5.651997569438102e-6,6.824932676785522e-5,0.0008344364292645066
2131,gis,0.00030742933638805425,0.00035935181789582235,5.665205466997074e-6,6.834622671370028e-5,0.0008360575252686074
2132,gis,0.0003079570922714936,0.0003600754335049157,5.678382597357361e-6,6.844037566011707e-5,0.0008403214315899631
2133,gis,0.0003085749550990613,0.00036078580955064686,5.691264891784131e-6,6.853001045303841e-5,0.0008431128883445993
2134,gis,0.00030920336464568265,0.0003614889301311814,5.704186034225599e-6,6.862107956084884e-5,0.000843979609586043
2135,gis,0.00030998864981590657,0.00036218121476520616,5.7168666981927436e-6,6.88034729900977e-5,0.0008445911827903884
2136,gis,0.00031042358981103746,0.0003628593688503159,5.729209667098508e-6,6.902398246744212e-5,0.0008453132060415314
2137,gis,0.0003108799579099042,0.0003635318563132817,5.74156762844075e-6,6.92630300802577e-5,0.0008460137672116728
2138,gis,0.00031132780788922787,0.0003641939093460724,5.753700237565072e-6,6.940448465275752e-5,0.0008471693137046541
2139,gis,0.0003118097877230497,0.0003648416501098648,5.765442037793473e-6,6.94903192499652e-5,0.0008490087470480744
2140,gis,0.00031234732000839927,0.00036547619510347927,5.776898716203585e-6,6.958378194976689e-5,0.0008508168415888305
2141,gis,0.0003129924218026048,0.0003660990002798474,5.7880474853865025e-6,6.967346724895407e-5,0.0008525893927391337
2142,gis,0.00031387062047194547,0.0003667120710066456,5.799009243317222e-6,6.97628509893633e-5,0.0008543255629822609
2143,gis,0.0003144567154222955,0.00036731785331060786,5.809781859346648e-6,6.999752858671826e-5,0.0008560262270007613
2144,gis,0.0003149693519333141,0.0003679162297705041,5.820386847503921e-6,7.014268453620076e-5,0.0008576869655385622
2145,gis,0.00031518211422998377,0.00036850622942430887,5.83085934276536e-6,7.035002337119067e-5,0.0008593655220012764
2146,gis,0.00031531533437600956,0.00036909085180637113,5.841424996444446e-6,7.058594276188046e-5,0.0008606362807439538
2147,gis,0.0003157667518127738,0.00036967114298835924,5.851937485855358e-6,7.082980389760962e-5,0.0008623786771311259
2148,gis,0.0003162429887737517,0.00037024153570719155,5.862102273761627e-6,7.111622813749108e-5,0.0008641468855730138
2149,gis,0.00031663744350929335,0.00037080793856145356,5.872350347048076e-6,7.138860138589109e-5,0.0008670661252230261
2150,gis,0.0003168326472735572,0.00037136398976035065,5.882409999890644e-6,7.151364409541117e-5,0.0008706820381032543
2151,gis,0.00031719106861061164,0.0003719078572456844,5.892125966306241e-6,7.157592478712616e-5,0.0008712941284816365
2152,gis,0.0003177941513943239,0.00037243893873939807,5.901506738104591e-6,7.163714046853897e-5,0.000871612493154039
2153,gis,0.0003182294209924663,0.00037296266031710526,5.910736050222418e-6,7.169731182532502e-5,0.0008725155499922364
2154,gis,0.00031872919743491934,0.00037347936838331286,5.919883533326562e-6,7.17564617236377e-5,0.0008740076275559615
2155,gis,0.0003193007964252814,0.00037399042226154224,5.9287949978208514e-6,7.181461512573151e-5,0.0008754757076800955
2156,gis,0.0003195555986046372,0.0003744935179052717,5.937645291830077e-6,7.187179672296651e-5,0.0008769193647717444
2157,gis,0.00031984307948818014,0.00037498517469622427,5.946014655998777e-6,7.192802681021959e-5,0.0008776235498242357
2158,gis,0.0003202511027922128,0.00037546769676477255,5.954002493332192e-6,7.198332255153872e-5,0.000878346801225227
2159,gis,0.00032066605029079653,0.00037595099617035996,5.962330010509898e-6,7.203769882835331e-5,0.0008801040024497552
2160,gis,0.00032110882925984185,0.00037642787830194103,5.970529041417066e-6,7.209116881679023e-5,0.0008818482455552612
2161,gis,0.0003214001342399797,0.0003768971775554668,5.978463266334659e-6,7.21437455908358e-5,0.0008835568983700526
2162,gis,0.00032162580225758575,0.000377356962947875,5.986160849912283e-6,7.219544336134476e-5,0.0008828572872188188
2163,gis,0.00032206397735379255,0.00037781380054479106,5.993853207898835e-6,7.224627831536878e-5,0.0008845502641207757
2164,gis,0.00032253216026845166,0.0003782628820987437,6.001386789256289e-6,7.229626878046957e-5,0.0008862111560681285
2165,gis,0.00032289844855704075,0.0003787050576851936,6.008785306494217e-6,7.234543600187493e-5,0.0008878282060543085
2166,gis,0.000323176648420187,0.0003791314483127408,6.015665125174308e-6,7.23938028235338e-5,0.0008875220446968867
2167,gis,0.0003233562964055636,0.00037955610937361685,6.022621134916204e-6,7.244138499284958e-5,0.0008874040582453445
2168,gis,0.00032375663248096487,0.00037997932391914803,6.029615628197425e-6,7.248819759109182e-5,0.0008888799425443849
2169,gis,0.0003241640308182525,0.00038039829353825636,6.036733186215752e-6,7.25342503571369e-5,0.0008903402081861243
2170,gis,0.00032433782388707755,0.0003808097408687754,6.043804236090398e-6,7.257955126238613e-5,0.0008917829791910135
2171,gis,0.0003244939088986598,0.00038121343237154014,6.0506852412139034e-6,7.262410894437465e-5,0.0008931952059798575
2172,gis,0.0003247889730051412,0.0003816136959669354,6.057444518538762e-6,7.266793381699443e-5,0.0008945925028447375
2173,gis,0.000325205821827268,0.00038200498751277936,6.063886838220485e-6,7.271103747097385e-5,0.0008959752978920931
2174,gis,0.0003258289371643741,0.0003823908722495357,6.0702982530891685e-6,7.275343276269552e-5,0.000897344180277315
2175,gis,0.00032570919890062555,0.0003827688566791725,6.076464430544751e-6,7.279513628333234e-5,0.000898860391105316
2176,gis,0.0003261870363147068,0.00038314652805323315,6.082765283083731e-6,7.283616437980811e-5,0.00090158234903992
2177,gis,0.0003265635715621329,0.0003835178074866885,6.088932581939058e-6,7.287653223997381e-5,0.000903268992024131
2178,gis,0.0003270956751233456,0.00038388772878475663,6.095221885526843e-6,7.291625290672954e-5,0.000903982948566906
2179,gis,0.00032756323218308125,0.00038425302395345894,6.101466335714706e-6,7.295591674782997e-5,0.0009052671122056211
2180,gis,0.0003275860678275677,0.0003846113119003718,6.107541292536056e-6,7.299590854437099e-5,0.000906451401317021
2181,gis,0.00032762336483749266,0.0003849676808813527,6.1135490911189856e-6,7.303528641422474e-5,0.0009066710473426552
2182,gis,0.0003277710291627045,0.00038532167579083865,6.119469681372923e-6,7.307405848422377e-5,0.0009078072074430565
2183,gis,0.00032831564142909997,0.00038566861067185876,6.125192556873733e-6,7.311223416017754e-5,0.000909040694972063
2184,gis,0.0003284317196428077,0.00038600228800353696,6.130582929348537e-6,7.314982362061073e-5,0.0009096156104515529
2185,gis,0.00032870956290231845,0.00038633729386959993,6.1360297775127236e-6,7.318683805213055e-5,0.000910101936208818
2186,gis,0.00032910169967159675,0.00038666889531723214,6.141458728599159e-6,7.322328929415534e-5,0.0009105745602553838
2187,gis,0.0003294881604887223,0.00038700034917822277,6.146967519296916e-6,7.32591898655599e-5,0.0009110339957729251
2188,gis,0.00032969718408892845,0.00038732614058000435,6.152355310943686e-6,7.329455653959371e-5,0.0009114805006728232
2189,gis,0.00032993350904675367,0.0003876393673576182,6.15734290992113e-6,7.332940310078584e-5,0.0009118843059630065
2190,gis,0.0003301536945166106,0.0003879509769789635,6.162194797907437e-6,7.336374140187729e-5,0.0009122648279424439
2191,gis,0.00033034170865420265,0.00038826770609144744,6.167304964696439e-6,7.339758377078454e-5,0.000912633480939462
2192,gis,0.0003306906616096228,0.00038858210722709076,6.172518810905355e-6,7.343093788136912e-5,0.0009139369800916341
2193,gis,0.00033105489163354207,0.0003888923356662772,6.177695298674697e-6,7.347452595674042e-5,0.0009140646796890194
2194,gis,0.00033132442185390687,0.0003891965527772747,6.182743474231586e-6,7.355577222867282e-5,0.0009140522896121439
2195,gis,0.00033156436742842743,0.00038949549685805704,6.187651538931132e-6,7.363681390426535e-5,0.0009142379189963633
2196,gis,0.00033184286381171546,0.000389790837900124,6.1924275678234235e-6,7.371766202357577e-5,0.0009143422461953321
2197,gis,0.00033203446339058473,0.0003900807899175902,6.197038647398853e-6,7.379833713461181e-5,0.0009146693815953455
2198,gis,0.0003322556072049565,0.0003903689511416051,6.201755047388428e-6,7.387886037601987e-5,0.0009149858100741426
2199,gis,0.00033267363637179415,0.00039065293237536557,6.206353755481017e-6,7.395924265907185e-5,0.0009152917664867033
2200,gis,0.0003330675671264771,0.00039093347621975384,6.21086824590936e-6,7.403947924089495e-5,0.0009155873421196504
2201,gis,0.00033345830701136947,0.0003912168426259495,6.215602391531105e-6,7.411955941893923e-5,0.0009158725569470505
2202,gis,0.0003338199308089429,0.00039150227666095197,6.2204816484788255e-6,7.41936430692647e-5,0.0009161474118400292
2203,gis,0.00033405312285239575,0.0003917796166592744,6.225125344671146e-6,7.422497404263596e-5,0.0009164119678562343
2204,gis,0.0003340922503980437,0.0003920519551409676,6.229689071532078e-6,7.425597546628639e-5,0.0009169021507204889
2205,gis,0.00033437518824896983,0.00039232360630420083,6.234326383638284e-6,7.428665191877572e-5,0.0009184785113170336
2206,gis,0.00033488845496698616,0.00039259232986456463,6.238911198725131e-6,7.431700677518195e-5,0.0009195533362660768
2207,gis,0.0003349668159291497,0.0003928559052568481,6.243372567167043e-6,7.434704431208417e-5,0.000919984907085336
2208,gis,0.0003352685640223285,0.0003931135538209549,6.247667317516177e-6,7.437676801114179e-5,0.0009204012188224198
2209,gis,0.00033539409156624345,0.0003933689372712088,6.251904554334239e-6,7.440618187803949e-5,0.0009207453375690732
2210,gis,0.0003356201264015368,0.0003936240804010964,6.256159777996254e-6,7.443529172590502e-5,0.0009209155620702347
2211,gis,0.0003359947707615163,0.0003938702132259397,6.260120874032594e-6,7.446410455802521e-5,0.0009210803838975323
2212,gis,0.00033629275097979416,0.0003941111746853903,6.263996877190877e-6,7.449262803049805e-5,0.0009214103961209475
2213,gis,0.00033664738694483276,0.00039435205385980864,6.267996184504233e-6,7.452086721482232e-5,0.0009225140366051931
2214,gis,0.0003367595272418811,0.0003945907295774802,6.272035256903389e-6,7.454995563094258e-5,0.0009229083995442976
2215,gis,0.0003368690218774617,0.00039482565796599187,6.276026741326984e-6,7.457882388539616e-5,0.0009232749089751024
2216,gis,0.00033684045295245824,0.00039505752426300056,6.279941810044377e-6,7.460742375897667e-5,0.0009236351432839739
2217,gis,0.0003367479240345972,0.0003952858779493411,6.283741165915982e-6,7.46357565351019e-5,0.0009243205455334191
2218,gis,0.00033664408118916356,0.0003955103058743159,6.2874166527364265e-6,7.466382327958598e-5,0.0009245554449556436
2219,gis,0.00033658781468659527,0.0003957310472830695,6.2910222759293264e-6,7.469162714546229e-5,0.0009247948730273236
2220,gis,0.00033676962054585147,0.00039595103202353065,6.294639805353018e-6,7.471917110812853e-5,0.0009251928185030066
2221,gis,0.00033712667324437007,0.0003961689981709426,6.298206123233484e-6,7.474645965288573e-5,0.0009255848678346721
2222,gis,0.00033726937025413406,0.00039638210608530853,6.3016925852434346e-6,7.477349944107203e-5,0.0009259712472264424
2223,gis,0.0003376130792265286,0.0003965935455924079,6.305210731619247e-6,7.480029561968138e-5,0.0009263521574130348
2224,gis,0.0003378187683367173,0.0003968060922130352,6.3087252875444145e-6,7.482685716819759e-5,0.0009267276727907611
2225,gis,0.0003379323945562618,0.00039701176356757094,6.31206589306732e-6,7.485318824773657e-5,0.0009270977124941734
2226,gis,0.0003379709168083167,0.00039721221733994485,6.315277866250944e-6,7.487928887606188e-5,0.0009274451159935633
2227,gis,0.0003379083616916745,0.0003974126369270756,6.318502012482764e-6,7.490515954611254e-5,0.0009277602651238222
2228,gis,0.00033810653432553295,0.000397610414515583,6.321643286978201e-6,7.49307993919146e-5,0.0009280070295602623
2229,gis,0.00033844644309333205,0.0003978062258136763,6.324769543058795e-6,7.495621015429776e-5,0.0009282465536898597
2230,gis,0.00033867662052600167,0.0003979987094517963,6.327824714873433e-6,7.498139282358096e-5,0.00092848253295692
2231,gis,0.000339075020905355,0.0003981853600615466,6.3307103663577e-6,7.500634993995448e-5,0.0009287133737188923
2232,gis,0.0003393060479695009,0.00039837088033961267,6.33361625068908e-6,7.503108754747245e-5,0.0009296621778144497
2233,gis,0.0003396180940917759,0.0003985537536987387,6.33639488155685e-6,7.505666498541785e-5,0.0009294892336509263
2234,gis,0.0003398996219594608,0.00039873351010504975,6.339118467520862e-6,7.508212395368474e-5,0.000929439313277669
2235,gis,0.00034004408466792313,0.0003989130997326029,6.341849371983404e-6,7.510743482264104e-5,0.0009297214596458047
2236,gis,0.0003403379437383336,0.000399092763576002,6.344623529262973e-6,7.513282856308479e-5,0.0009299984360691127
2237,gis,0.0003407168542857164,0.00039926788705388106,6.347439152613958e-6,7.5158021561883e-5,0.0009302702072922386
2238,gis,0.0003409400675558061,0.00039944196939410405,6.350197214463915e-6,7.518301344155986e-5,0.0009305367361854166
2239,gis,0.00034116939180428574,0.00039961488438217964,6.352932627479803e-6,7.524802317249168e-5,0.000930798039259173
2240,gis,0.00034097733476734504,0.00039978604196627644,6.355655716739693e-6,7.531649702130494e-5,0.0009310541815832351
2241,gis,0.0003407722307446903,0.0003999552100395913,6.358319594512228e-6,7.538476065604982e-5,0.000931305275360117
2242,gis,0.00034068267016351683,0.0004001229491763088,6.360985926299417e-6,7.545282592058555e-5,0.0009315514895966713
2243,gis,0.0003401825744209219,0.00040028767594145796,6.363572208720009e-6,7.552070299343683e-5,0.0009317930398733409
2244,gis,0.0003400856109614381,0.0004004519209217605,6.366127453285807e-6,7.558839260290995e-5,0.0009320098520593234
2245,gis,0.0003402286142595301,0.00040061497256915855,6.368655714046204e-6,7.565589109859161e-5,0.0009321849527808012
2246,gis,0.00034036997775821476,0.0004007753056499652,6.371112338993042e-6,7.572319134396821e-5,0.0009323909288472265
2247,gis,0.0003406053184384916,0.0004009331064312729,6.373557461623263e-6,7.579028620252615e-5,0.0009326199444537053
2248,gis,0.0003408276890493056,0.0004010894288122753,6.376052629444691e-6,7.585717474167808e-5,0.0009328448322911242
2249,gis,0.0003409904800761865,0.00040124362739552845,6.378513576548144e-6,7.592385692589687e-5,0.0009330655870630976
2250,gis,0.00034093804903712055,0.0004013947124388224,6.380877770986365e-6,7.599033370997432e-5,0.0009332822253696804
2251,gis,0.0003410707464013285,0.00040154519535376567,6.383237879005678e-6,7.605660750531484e-5,0.0009334947879622746
2252,gis,0.00034112531666075085,0.000401694506027404,6.385598639765751e-6,7.612268212220386e-5,0.0009342456324333171
2253,gis,0.00034122098448996496,0.00040184157288754286,6.38791442764787e-6,7.618856435964716e-5,0.0009352070283252799
2254,gis,0.0003413749433356372,0.0004019848913819306,6.390126383604387e-6,7.625426386770329e-5,0.0009355974702252467
2255,gis,0.00034154474417569247,0.0004021270463234572,6.392333636826206e-6,7.631979029198988e-5,0.0009359658344365585
2256,gis,0.000341841878714888,0.00040226912007758564,6.394561208205057e-6,7.638514593732992e-5,0.0009363235018533089
2257,gis,0.000342133824915436,0.00040241060990570967,6.39677549635655e-6,7.645033152314795e-5,0.0009366789577072153
2258,gis,0.00034210646644261544,0.00040254927361498536,6.398934746604583e-6,7.651534557506778e-5,0.0009370822570229364
2259,gis,0.00034206041927831166,0.0004026829369351184,6.400960200161176e-6,7.658018380318765e-5,0.0009374864076960421
2260,gis,0.0003421546669990505,0.0004028141093636215,6.402881984599209e-6,7.66448435429723e-5,0.0009378070717456665
2261,gis,0.00034247658118324864,0.00040294310023394073,6.404743308572769e-6,7.670932117953555e-5,0.0009381945431695015
2262,gis,0.0003427976809078359,0.00040307038199754075,6.406607594727345e-6,7.67736162687882e-5,0.0009385792825611361
2263,gis,0.000343117990508901,0.00040319872710526105,6.4085371690633015e-6,7.683773334932198e-5,0.0009389481035892542
2264,gis,0.00034326523836725187,0.0004033292877659491,6.410577683825686e-6,7.686934374806498e-5,0.0009392833483044426
2265,gis,0.0003431859554758887,0.0004034590491016967,6.412627251084712e-6,7.687191875938026e-5,0.0009399567007708498
2266,gis,0.0003435530249173979,0.0004035869895033155,6.414642331738401e-6,7.68706991882695e-5,0.0009410244575256855
2267,gis,0.00034384307001644743,0.0004037145525042636,6.416642897670012e-6,7.686859537781032e-5,0.0009411014616766521
2268,gis,0.0003439864067367182,0.00040384169931599167,6.418629059180336e-6,7.687443708270791e-5,0.0009411729014097147
2269,gis,0.0003441284862404359,0.00040396984044587116,6.420773510243933e-6,7.689328706206311e-5,0.0009431281292016534
2270,gis,0.0003443787541357324,0.0004040968974103851,6.422910098895271e-6,7.694237964983586e-5,0.0009451821137851367
2271,gis,0.0003447142772561307,0.0004042222623043461,6.425007723823905e-6,7.699169503716519e-5,0.0009468738394190268
2272,gis,0.0003448885407042468,0.00040434656146424785,6.427087619628817e-6,7.704350401205318e-5,0.0009444919119264483
2273,gis,0.0003452332292042115,0.0004044691498065376,6.429134140438438e-6,7.709506602893157e-5,0.0009426373156316003
2274,gis,0.00034557697174975033,0.0004045895711628233,6.431137341417256e-6,7.714638814437791e-5,0.0009431842189879801
2275,gis,0.00034591993189891923,0.00040470899420538587,6.433125475937705e-6,7.719748092771539e-5,0.0009437168237319326
2276,gis,0.0003462623258343456,0.00040482648549043,6.435060013653977e-6,7.726047579037498e-5,0.000943731677666193
2277,gis,0.00034654662321997876,0.00040494340245375327,6.43702019226022e-6,7.733028554834931e-5,0.0009447199110891091
2278,gis,0.000346724294741918,0.0004050585738570174,6.438916354480886e-6,7.740001266576257e-5,0.0009439595559602052
2279,gis,0.0003467336680014199,0.0004051719012895045,6.440739083109533e-6,7.74696546024245e-5,0.000944290913926693
2280,gis,0.0003467423978147366,0.0004052850675959867,6.442564434531346e-6,7.753920691744298e-5,0.0009446229638086834
2281,gis,0.0003467504847716185,0.0004053961423231449,6.444398263627711e-6,7.760866231443231e-5,0.000944952352628192
2282,gis,0.00034668337804788507,0.0004055069112669365,6.446219872895756e-6,7.767801766256355e-5,0.0009452782894147304
2283,gis,0.00034647143629484844,0.00040561703136945406,6.448034204777099e-6,7.774727433407236e-5,0.0009456016249430375
2284,gis,0.0003465022913928806,0.00040572670632952603,6.449857383601976e-6,7.781643433624197e-5,0.0009459225711793805
2285,gis,0.00034646171376095936,0.0004058358123624917,6.451683430201843e-6,7.788550369980385e-5,0.0009462412703520328
2286,gis,0.00034637497176959187,0.00040594380328814593,6.4535049856549385e-6,7.795449384229158e-5,0.000946557899782263
2287,gis,0.00034683327063511626,0.00040605154236678234,6.4553583032975365e-6,7.802341603468932e-5,0.0009468726798001368
2288,gis,0.00034712795389246764,0.0004061603394730753,6.457269947046717e-6,7.809227285715536e-5,0.0009471868351496936
2289,gis,0.00034739243548465026,0.000406269182940628,6.459195445393106e-6,7.816106120994704e-5,0.0009474933249542514
2290,gis,0.00034746696182530457,0.00040637695361402847,6.461092105794232e-6,7.822976819671368e-5,0.0009477980859561085
2291,gis,0.0003477332744417083,0.00040648230754404937,6.462917471447274e-6,7.829838880368811e-5,0.0009481018799945671
2292,gis,0.00034805508510871164,0.00040658597431507816,6.464703962779362e-6,7.836691986007338e-5,0.0009486260259855327
2293,gis,0.0003483427144956863,0.0004066879435324271,6.466456219230027e-6,7.843535752893871e-5,0.0009492874741766854
2294,gis,0.000348629751512064,0.00040678822402585624,6.468175207383486e-6,7.850370114415028e-5,0.0009491787965757226
2295,gis,0.000348797782432797,0.0004068872992955264,6.469873353837566e-6,7.85719555418396e-5,0.000949930907030705
2296,gis,0.0003487928419012576,0.00040698571282188746,6.4715707357248335e-6,7.864013213954024e-5,0.0009506796888686607
2297,gis,0.00034881072052961315,0.0004070834222248099,6.473261981116302e-6,7.870824060951521e-5,0.0009514364397645636
2298,gis,0.0003490698803769732,0.00040717994102770663,6.4749178271814565e-6,7.877628859898068e-5,0.0009521812564763366
2299,gis,0.0003494543115767357,0.0004072753383791756,6.4765765683202975e-6,7.884427533966233e-5,0.0009523746793206556
2300,gis,0.00034974079481386866,0.0004073695310702234,6.4781775475589715e-6,7.89121915323321e-5,0.0009511222744549739
2025,ais,0.0,0.0,0.0,0.0,0.0
2026,ais,0.0,0.0,0.0,0.0,0.0
2027,ais,0.0,0.0,0.0,0.0,0.0
2028,ais,0.0,0.0,0.0,0.0,0.0
2029,ais,0.0,0.0,0.0,0.0,0.0
2030,ais,0.0,0.0,0.0,0.0,0.0
2031,ais,0.0,0.0,0.0,0.0,0.0
2032,ais,-4.0657244237962686e-7,8.463054690377448e-9,9.148786439250165e-8,-5.6986532143143975e-6,7.049348385024245e-6
2033,ais,-1.2000414661983427e-6,6.541585382863202e-6,6.526058715852965e-6,-1.623271525863501e-5,2.0320804457463197e-5
2034,ais,-2.5593256514078178e-6,6.28632229154924e-6,6.593234392722956e-6,-2.9190931934985894e-5,3.655570445681987e-5
2035,ais,-4.133204362100074e-6,6.6423248520799394e-6,6.652364815953071e-6,-4.354373477288842e-5,5.4607236284476266e-5
2036,ais,-5.696194016469036e-6,6.345785678680605e-6,6.6803158109664965e-6,-5.8058520629455934e-5,7.387675608094833e-5
2037,ais,-7.154639047879385e-6,6.1584294779919445e-6,6.716620307574888e-6,-7.272812631298198e-5,9.409566483487009e-5
2038,ais,-8.847339594275638e-6,0.0002205175891860358,0.00021452759043989142,-8.716122222474088e-5,0.00011596054842688551
2039,ais,-1.0190422772282659e-5,0.0002222812510093699,0.0002155563082449501,-0.0001001258690574991,0.0001357138322538587
2040,ais,-1.1169320585091569e-5,0.0002224462827799709,0.00021544348734736258,-0.0001139445318831811,0.000154754894117759
2041,ais,-1.222389439670124e-5,0.0002227592827864171,0.00021532478217028077,-0.00012698932741028734,0.0001737179738658944
2042,ais,-1.3660143016736015e-5,0.000223195927901483,0.0002152062669887647,-0.00014020005100034982,0.00019255461962739415
2043,ais,-1.4959794636393298e-5,0.00022375972665638312,0.00021508793388143996,-0.0001537328873618682,0.00021110953413852043
2044,ais,-1.5674181153002564e-5,0.00022446280039113041,0.00021496974366561237,-0.00016658697996052574,0.0002295540051294731
2045,ais,-1.6273422243084923e-5,0.00022530263982277642,0.000214851670965254,-0.00017827332995656864,0.00024655265080137935
2046,ais,-1.633681063761827e-5,0.00022630223685170492,0.00021473367981277177,-0.00019000129380997155,0.00026411619640718246
2047,ais,-1.6071381742088775e-5,0.0007797225728243294,0.0005923202534047663,-0.00019997318944753317,0.0002888501183007096
2048,ais,-1.592813277917493e-5,0.0007836210534008914,0.0005947090159520831,-0.00021060935700922823,0.0003066735416745735
2049,ais,-1.578215158559715e-5,0.0007847462240544203,0.0005943940572489523,-0.00021902574370513683,0.00032442202812843485
2050,ais,-1.5707363759442927e-5,0.0007859447118521847,0.0005940649648504977,-0.00022828435786881318,0.000342463407478477
2051,ais,-1.5577325696014555e-5,0.0007872051540737459,0.0005937359518995101,-0.0002374168565794088,0.0003617375549186395
2052,ais,-1.4526609598775053e-5,0.0011636504384720595,0.0007018554060733319,-0.0002449969748874459,0.0003823237468847384
2053,ais,-1.3885259558810148e-5,0.0017268508287557032,0.0008980426484762045,-0.0002540003368384225,0.0004002366507166454
2054,ais,-1.3199031950739126e-5,0.002022351653572756,0.0009456785783068615,-0.00026245157487447823,0.0004218150965018763
2055,ais,-1.262591744488617e-5,0.002025009607094829,0.0009457977312580374,-0.000269404227654646,0.00043755534388902886
2056,ais,-1.1208438793763875e-5,0.002361522182443472,0.0010028074713213072,-0.00027595205013386526,0.00045640007401746006
2057,ais,-1.0495655544673355e-5,0.0023640827046057735,0.0010029222080655794,-0.00028222644560538246,0.000474428164630325
2058,ais,-9.289893954100847e-6,0.002364834775288816,0.0010024179911193986,-0.00029042172338966665,0.0004897691703713569
2059,ais,-8.497036557031379e-6,0.002833683035760106,0.001105347075979786,-0.0002967215016524971,0.000506435741464184
2060,ais,-7.4809667964803594e-6,0.002838121044351679,0.0011064274626080256,-0.0003023139101529404,0.0005213457014080714
2061,ais,-6.872159574733416e-6,0.0034276404970238488,0.0012522038022206897,-0.00030776155653944315,0.0005364651195043366
2062,ais,-6.623608811429094e-6,0.0034326163912127188,0.001253743886840416,-0.00031339643932191133,0.0005497039255882184
2063,ais,-5.6872069218449894e-6,0.0034331644894545557,0.0012531920334814051,-0.00031827442985465915,0.0005613759477145041
2064,ais,-4.770916911533973e-6,0.003433690434321319,0.001252624549632197,-0.0003227648111797654,0.0005752545836928302
2065,ais,-3.2119137518549223e-6,0.003434224530425133,0.0012520572659784044,-0.00032702820497776397,0.000587679072170566
2066,ais,-1.7508304634983318e-6,0.003434772777221539,0.0012514902715552562,-0.00033098973738987514,0.0005997934807334458
2067,ais,-5.085382948077921e-7,0.004073972342926222,0.001403740338800806,-0.00033453468862825185,0.000617606312924934
2068,ais,2.7307692773703707e-7,0.004079039202041932,0.0014052754996130186,-0.0003383180315418066,0.0006322954903705377
2069,ais,1.0151575418060332e-6,0.004079320348383755,0.001404624214623011,-0.0003418923346956815,0.0006468513105367887
2070,ais,1.713701863748085e-6,0.0040795792397611995,0.001403956568617856,-0.00034555351340299635,0.0006612541908209476
2071,ais,3.031209334203311e-6,0.0040798406382687585,0.0014032891092015446,-0.0003484699595051044,0.0006753445500953246
2072,ais,4.222497217654109e-6,0.004080099136337182,0.001402622003202914,-0.0003514893434491739,0.0006891809670113602
2073,ais,5.3630909033763885e-6,0.004080358801844192,0.0014019552340347474,-0.00035432628482059416,0.0007024999016045363
2074,ais,6.5537893116918156e-6,0.00408061783870929,0.0014012887980735533,-0.0003571521547274248,0.000713131754074503
2075,ais,7.470165069634049e-6,0.00408087348180688,0.0014006227024283536,-0.00035966760985952636,0.000722314997232587
2076,ais,9.102262926719007e-6,0.0040811293819775826,0.0013999569205208672,-0.000361628714633544,0.0007312250682527832
2077,ais,1.0388513162595814e-5,0.004081386277429091,0.0013992914548723314,-0.0003645444213125959,0.0007424475967503951
2078,ais,1.1727638011826969e-5,0.004081637888368397,0.001398626276137608,-0.0003659575622788402,0.0007553712309785962
2079,ais,1.2439504609940144e-5,0.00408189238631169,0.0013979613236004133,-0.00036832238174258066,0.0007678858963655166
2080,ais,1.3232969835907937e-5,0.004082154154572127,0.0013972965495479348,-0.00037115699047844957,0.0007758758040945499
2081,ais,1.4120765539971103e-5,0.004082426089726927,0.0013966319429789614,-0.0003722445189256796,0.0007857309316404046
2082,ais,1.5099757644243539e-5,0.004082704105608207,0.0013959675155980674,-0.00037429214666855336,0.0007965638026599108
2083,ais,1.6333540503676858e-5,0.0040829917389842,0.0013953032813812526,-0.00037548801375602013,0.0008041843239102063
2084,ais,1.7049860941309447e-5,0.004083280706772152,0.0013946392832379197,-0.0003774308490623879,0.0008127499415941486
2085,ais,1.7899874964477647e-5,0.004083566514253082,0.0013939755362226316,-0.00037829997402649695,0.000818764173002151
2086,ais,1.8919480332613148e-5,0.004696969776179774,0.0015214490106774884,-0.00037974323740943563,0.0008269144181161536
2087,ais,1.9682481895877402e-5,0.004700282620923362,0.00152206605100209,-0.00038102519524478855,0.0008366482878514601
2088,ais,2.0811948266086233e-5,0.004700087523048777,0.0015212710571100214,-0.0003814313266715885,0.0008514539742128235
2089,ais,2.228917497149041e-5,0.0046998754443044735,0.0015204682285122392,-0.00038261103802526006,0.0008598244724948853
2090,ais,2.4350058771993588e-5,0.004699667767604648,0.0015196655768925204,-0.00038390058105424173,0.0008680126241396907
2091,ais,2.5216966115237938e-5,0.004699471023160791,0.0015188630678320608,-0.0003848148632974002,0.0008759357952149209
2092,ais,2.660358400419227e-5,0.004699284590580831,0.0015180606783990662,-0.00038471674895550477,0.0008862178738548105
2093,ais,2.759714948474823e-5,0.004699112047897092,0.001517258346115895,-0.00038600621012765404,0.0009034779573996232
2094,ais,2.8081287544168276e-5,0.004698949916048401,0.0015164561715220186,-0.00038762600174564455,0.0009099033076443769
2095,ais,2.930749229967944e-5,0.0046987911852423014,0.0015156542643564213,-0.0003886821901469162,0.0009159559788114883
2096,ais,2.9885525455242146e-5,0.004698634232423804,0.0015148526679221832,-0.00038827990818219855,0.0009217804071129258
2097,ais,3.0457436006159355e-5,0.004698475457952153,0.0015140514143300572,-0.00038781392804772,0.0009274470093085788
2098,ais,3.1787573758990106e-5,0.00469831861711501,0.0015132504752536488,-0.00038808053814829433,0.0009384781459186082
2099,ais,3.2723823135683006e-5,0.004698167762565431,0.001512449828110549,-0.0003894272042341384,0.0009534079438598297
2100,ais,3.487331506946134e-5,0.004698021604572528,0.0015116494086367634,-0.00039095684709717916,0.0009591681266655879
2101,ais,3.676954958997669e-5,0.0046978894195876374,0.0015108491092553663,-0.00039294089027048785,0.0009676103252967742
2102,ais,3.764483936308238e-5,0.004697773675697355,0.0015100488512798205,-0.00039457536739737623,0.0009797856648999567
2103,ais,3.895807208564861e-5,0.004697673264373329,0.001509248671876858,-0.00039542918133150806,0.0009919174442227785
2104,ais,4.008210025574499e-5,0.004697587879096174,0.0015084486184210495,-0.0003967916072809885,0.0010048022809503005
2105,ais,4.105249919916787e-5,0.004697510144572253,0.0015076487536933852,-0.00039733640764776367,0.0010171814836194668
2106,ais,4.303992189136352e-5,0.0046974414405253915,0.0015068491324705777,-0.00039720109019079073,0.0010274187425643787
2107,ais,4.466058741314782e-5,0.004697378697287991,0.0015060497784789215,-0.0003982612651245887,0.0010357517830229311
2108,ais,4.528882305621096e-5,0.004697320783905093,0.0015052507019284712,-0.0003992982177381421,0.0010482761711955388
2109,ais,4.6415120863230186e-5,0.0046972664533354485,0.0015044518759330778,-0.0004002957638265414,0.0010564154327347803
2110,ais,4.915811857486574e-5,0.004697225713554584,0.0015036532602238075,-0.00040137028960387513,0.0010644903800137934
2111,ais,5.0650888780978676e-5,0.0046972027897258396,0.0015028546708421276,-0.0004027046935618728,0.001072475697780461
2112,ais,5.165809896645612e-5,0.004697194217909088,0.0015020560441378892,-0.0004040006850651423,0.0010889520009680353
2113,ais,5.2740366239589775e-5,0.0046972011802242876,0.0015012573731065793,-0.00040525951665202345,0.0010953426154195255
2114,ais,5.50783988919612e-5,0.0046972261843021106,0.0015004587505358356,-0.0004064827370164892,0.0011035851077792812
2115,ais,5.611077945655296e-5,0.004697259114749711,0.0014996603263074618,-0.00040753033004108373,0.0011130477381872338
2116,ais,5.771267405307867e-5,0.004697304205727436,0.0014988621525302908,-0.0004082878815125923,0.0011179839848985294
2117,ais,6.000903346148334e-5,0.0046973628382739555,0.0014980642186908073,-0.00040949739384643635,0.0011285879508793784
2118,ais,6.160713836678156e-5,0.0046974283693234295,0.0014972664939897084,-0.0004094659391682853,0.0011387490190497118
2119,ais,6.331345388055354e-5,0.004697497250648917,0.0014964690717638631,-0.0004094405213777463,0.0011480063907242765
2120,ais,6.495310610787897e-5,0.004697580947502724,0.0014956719092621455,-0.000410210977233838,0.0011598512509440437
2121,ais,6.654373860470741e-5,0.0046976838437268725,0.0014948748513182993,-0.00041103154821886534,0.0011733938737886972
2122,ais,6.875017674801143e-5,0.004697802777474847,0.0014940778112980655,-0.0004091954938836295,0.0011834960175203689
2123,ais,7.052360231085686e-5,0.004697949733294082,0.0014932807127309112,-0.00040900056086243806,0.0011947432381170131
2124,ais,7.207896228322852e-5,0.004698116870079166,0.001492483664291774,-0.00040878190085038565,0.001207741066217949
2125,ais,7.369353683905899e-5,0.004698298000489003,0.0014916867146191415,-0.00040916819531275903,0.0012195562025684836
2126,ais,7.505268845164892e-5,0.004698488556076231,0.001490889974749791,-0.0004092947351946208,0.001230730362671295
2127,ais,7.61617670335113e-5,0.004698686688576238,0.0014900935952878705,-0.00041037121797842245,0.0012434781633270829
2128,ais,7.727647809119276e-5,0.004698883351749071,0.001489297572830193,-0.0004113298431121848,0.0012549245630989246
2129,ais,7.859452313851989e-5,0.00469909300483885,0.0014885018298199612,-0.0004121055589138223,0.0012641988840197626
2130,ais,8.054108956656592e-5,0.004699314233987994,0.0014877062879409544,-0.0004114476542987688,0.0012734892684200358
2131,ais,8.182866241668307e-5,0.004699548411880223,0.0014869108437024024,-0.0004107013287935502,0.0012828024153101578
2132,ais,8.348218653253525e-5,0.004699819564251301,0.0014861153697015034,-0.00040998625196948525,0.001292150022484861
2133,ais,8.500741159522818e-5,0.0047001146981563826,0.0014853198477551303,-0.0004092963653747006,0.0013108534744006306
2134,ais,8.668759734575815e-5,0.004700436638829632,0.0014845241818403545,-0.0004087227143351413,0.0013196524063491919
2135,ais,8.84711177633335e-5,0.004700770709223105,0.0014837286940530341,-0.0004092070730788322,0.001328474221481812
2136,ais,9.050464285920157e-5,0.004701112491113386,0.0014829333738778472,-0.0004096817290360377,0.0013373071246512319
2137,ais,9.31011638805046e-5,0.004701476344466857,0.0014821383891433753,-0.0004101476603771914,0.0013461419028971014
2138,ais,9.50813514535298e-5,0.004701848857468415,0.001481343774691611,-0.00041060490084134923,0.0013549793260551714
2139,ais,9.664607790682567e-5,0.004702218123551084,0.0014805494763417573,-0.00041105334956554885,0.0013636316382957137
2140,ais,9.920827279863431e-5,0.00470258860114974,0.001479755510124408,-0.000411449640381889,0.0013722597965028162
2141,ais,0.00010046720072409698,0.004702971028434312,0.0014789618087407699,-0.0004118140039544471,0.0013808993223264558
2142,ais,0.00010315778136771314,0.0047033600889814274,0.0014781682374420927,-0.00041259287657293694,0.0013895589313321459
2143,ais,0.0001050915156426413,0.004703775546517101,0.001477374631318387,-0.0004134046848003336,0.0013982746644380477
2144,ais,0.00010678824570931056,0.004704207423625037,0.0014765810254242396,-0.0004142099418743328,0.0014083056895778153
2145,ais,0.00010796202705520841,0.004704658610868839,0.0014757875332782422,-0.000414009363832335,0.001418373815691609
2146,ais,0.00010927349546818732,0.004705116371719474,0.0014749941389651429,-0.0004136118931057808,0.00142847246600013
2147,ais,0.00011040585386012935,0.0047056034089750344,0.0014742009910985645,-0.00041416574579642427,0.0014386070213383562
2148,ais,0.00011284947498069187,0.004706106529097646,0.0014734081041827436,-0.0004147167198649271,0.001447883360822999
2149,ais,0.00011452515468590718,0.004706622069937435,0.0014726154703271958,-0.00041526157256281947,0.001455280624060151
2150,ais,0.00011633470454341932,0.004707135733800408,0.0014718231626871109,-0.0004161725548350148,0.0014672229275930703
2151,ais,0.0001181545296162767,0.004707658931907368,0.0014710311463411346,-0.0004170693724759644,0.0014785243082329198
2152,ais,0.0001199851067497093,0.004708191152489439,0.0014702394847253017,-0.00041686623943490984,0.0014892218962430086
2153,ais,0.00012190353390195696,0.004708748308621437,0.0014694479833707542,-0.00041721313086142683,0.0014995811398591736
2154,ais,0.00012478519287384415,0.004709321238975455,0.0014686563974635701,-0.00041767683957658617,0.0015107467909835745
2155,ais,0.00012587370932237718,0.004709921165180134,0.001467864574269704,-0.00041799922103606945,0.0015206629323472496
2156,ais,0.00012709577822533902,0.004710530556060977,0.0014670727769716617,-0.00041778478366865106,0.0015276682839953535
2157,ais,0.00012862046794026583,0.004711143512660377,0.0014662809855134644,-0.00041755878821163605,0.0015345809544847098
2158,ais,0.00013032124049772165,0.004711761628290572,0.001465489501515951,-0.0004176562034778896,0.001541131208173851
2159,ais,0.00013271430886874214,0.004712413230909355,0.0014646985411407008,-0.0004181476573002385,0.0015526640281848354
2160,ais,0.00013430664049707275,0.0047130712804144,0.0014639079880354915,-0.0004186364966969336,0.0015644984294446824
2161,ais,0.00013656112636795115,0.004713736580105251,0.0014631176880981304,-0.00041912274894642107,0.0015764186088475178
2162,ais,0.00013900806254696363,0.004714407556544401,0.0014623276972058898,-0.00041960641599843025,0.0015883442460065563
2163,ais,0.00014062010263415914,0.00471511240874446,0.0014615378829853692,-0.0004200440284499507,0.001600363362302914
2164,ais,0.0001424987287386159,0.004715835302219831,0.0014607480007544328,-0.000419749133674685,0.0016124942424930561
2165,ais,0.000144507305890329,0.004716570988149735,0.001459957907298827,-0.00041890226582168565,0.0016247195793432918
2166,ais,0.00014586290701146254,0.004717298505381869,0.0014591679886506931,-0.0004190594154536598,0.0016369258511161888
2167,ais,0.0001472838814180477,0.004718057257527206,0.001458378262293345,-0.00041887138297909133,0.0016482937697261946
2168,ais,0.00014941201732909803,0.004718854853998557,0.0014575886880098653,-0.00041729173111022534,0.0016622771875702822
2169,ais,0.00015117972116485134,0.004719656528798241,0.0014567995721327042,-0.0004171060018968831,0.0016754650051808533
2170,ais,0.00015307343672787965,0.004720444253525179,0.0014560110153428627,-0.0004163783736622406,0.0016880324994417602
2171,ais,0.00015484203824911447,0.0047212451448525065,0.0014552228907502762,-0.00041645359515740665,0.0017006566837878263
2172,ais,0.0001580808645442744,0.004722081101049571,0.0014544351122338095,-0.00041649663275933335,0.001713340648201722
2173,ais,0.00016127266799514928,0.004722920352545306,0.0014536474304021317,-0.00041653359094411256,0.0017223358702693758
2174,ais,0.00016350522449926075,0.004723765853693682,0.0014528598226957506,-0.00041634461353439177,0.0017308444225804466
2175,ais,0.00016643868863042144,0.0047246179458341146,0.0014520723852638133,-0.00041648360199957323,0.001735075208749492
2176,ais,0.00016826131935232524,0.004725508114625522,0.0014512851455275664,-0.0004165295107142697,0.0017392180382074678
2177,ais,0.00017129527832082658,0.004726410957164418,0.0014504980207506676,-0.00041628090547476406,0.0017484990839164987
2178,ais,0.0001730193825899562,0.004727327222921752,0.0014497110633666897,-0.0004167265627387451,0.0017644219529415748
2179,ais,0.00017478081448984994,0.004728275130364557,0.0014489244056936914,-0.0004167704838124564,0.0017784772962897931
2180,ais,0.0001765807279667797,0.004729228528541894,0.001448138105672339,-0.00041679624984425345,0.0017888366723639133
2181,ais,0.0001785085794736574,0.004730205960996341,0.0014473521773391428,-0.00041681848003776166,0.0018107384001424974
2182,ais,0.00017999306248839275,0.004731217900316181,0.0014465666407560722,-0.00041683682447839486,0.0018170458514887849
2183,ais,0.00018139740716804909,0.004732222739340335,0.00144578156293326,-0.0004168509304470547,0.0018233491402270363
2184,ais,0.00018273130546475613,0.004733199688421365,0.001444996903521847,-0.0004168605606473363,0.0018298357211136802
2185,ais,0.00018443922646227406,0.004734203324699109,0.001444212465427312,-0.0004168653922832277,0.0018518048161183728
2186,ais,0.00018604858873416674,0.004735220583556906,0.0014434285050871206,-0.00041686486986733937,0.0018726937408281676
2187,ais,0.00018776957412569573,0.0047362713753604695,0.0014426448320505527,-0.00041685194247094155,0.001893675773532521
2188,ais,0.00018881775479684393,0.004737342256958701,0.0014418613041277707,-0.00041680114955937596,0.0019150893886049401
2189,ais,0.00019022208930152829,0.004738416271278539,0.0014410778254494811,-0.0004164338899620645,0.0019269764252086926
2190,ais,0.00019222566966448085,0.004739513002328701,0.0014402945783547952,-0.0004157890883348614,0.0019367087576469544
2191,ais,0.00019366649362240196,0.0047406467152830865,0.0014395116726639552,-0.00041578544489695446,0.0019425302170191113
2192,ais,0.0001961525758673588,0.00474178816695182,0.0014387293390780542,-0.00041551880666190755,0.001961270988884678
2193,ais,0.0001977064461549105,0.00474293297414351,0.00143794762556849,-0.00041379676888482204,0.0019735805519786698
2194,ais,0.00019892671467403034,0.004744067465878724,0.001437166389720866,-0.0004134639323602584,0.001985310318292476
2195,ais,0.0002012359116179141,0.004745200857304389,0.0014363855716682643,-0.0004133883421260975,0.002002577676312
2196,ais,0.00020369759994309788,0.004746354215373515,0.0014356051929454818,-0.00041330660340221925,0.0020199769753830306
2197,ais,0.0002056229290161582,0.004747518122476841,0.0014348251986044515,-0.00041319074054584347,0.0020371640629292644
2198,ais,0.00020751081719083686,0.004748696860353931,0.0014340455085735367,-0.0004130625145243982,0.002047807332458262
2199,ais,0.00020948106873674988,0.004749897566596618,0.001433265942360273,-0.0004129254011793648,0.0020585600434458217
2200,ais,0.00021212845038576233,0.004751115491530251,0.0014324867120705364,-0.00041303392970277737,0.0020693469809799567
2201,ais,0.00021429851807397426,0.004752360696984722,0.001431708003956738,-0.0004133689288721598,0.0020799472051521643
2202,ais,0.00021659716703226195,0.004753627485317411,0.0014309299239199974,-0.0004130856433619101,0.0020902173883243316
2203,ais,0.00021889342707481774,0.004754867617226898,0.001430152549282136,-0.00041256803570064446,0.0021101021867011116
2204,ais,0.00022071198429785,0.004756110557837828,0.0014293758534738921,-0.00041219802769703055,0.0021324469207371515
2205,ais,0.00022329076777793944,0.004757376910161847,0.001428599846259101,-0.0004113770574242892,0.002154867050060716
2206,ais,0.00022509356222855104,0.004758654500139641,0.001427824556124838,-0.00041082053716507967,0.0021667937644281204
2207,ais,0.00022677483740096704,0.004759930390306759,0.0014270499302792175,-0.00041025965046728177,0.0021767285190804836
2208,ais,0.00022845713868946405,0.0047612064010802,0.0014262758309192068,-0.0004096938272432737,0.002190189935363662
2209,ais,0.00023096042276193884,0.004762487544470328,0.0014255021214117296,-0.00040912192082487303,0.002209045385062325
2210,ais,0.00023287865783316875,0.00476379813375045,0.001424728772185218,-0.0004092779588773965,0.0022194878593367654
2211,ais,0.00023506244772875107,0.004765096196638533,0.0014239558700089305,-0.0004096365427194826,0.002229901402787958
2212,ais,0.00023677768671603872,0.004766399958345478,0.0014231834787447294,-0.00040984537364678885,0.0022402824376669614
2213,ais,0.00023861223958476785,0.004767712321500911,0.001422411587050113,-0.00040930087270254486,0.0022506107664284495
2214,ais,0.00024048417957089896,0.004769027348113558,0.0014216402582259357,-0.0004089151831593085,0.002260175843699129
2215,ais,0.000242258401840445,0.004770345617315814,0.0014208695388963828,-0.00040893786171807277,0.0022696940532128435
2216,ais,0.000244628502066746,0.004771655116333772,0.0014200995074326978,-0.0004089536137556138,0.0022791615914286457
2217,ais,0.0002460877270493711,0.004772967661394958,0.0014193303712999484,-0.00040821240476347494,0.0022885776575435547
2218,ais,0.00024802011245128597,0.004774282099848483,0.0014185619761322927,-0.00040813887395145797,0.002297945768521003
2219,ais,0.0002494378663655539,0.004775599824727392,0.0014177942098107374,-0.0004080410084803532,0.0023072696507824724
2220,ais,0.0002518132516655669,0.004776927736067677,0.0014170269197235144,-0.0004074541588259706,0.0023165553473518227
2221,ais,0.0002535524229188013,0.004778270557915759,0.0014162601764389387,-0.00040682970638741264,0.0023258099409574125
2222,ais,0.0002556582102357652,0.004779612241413486,0.0014154939208347972,-0.00040690917605061826,0.0023350364541116163
2223,ais,0.0002581895351596586,0.004780982873908295,0.001414728177619468,-0.0004074135175599736,0.0023445109758640113
2224,ais,0.0002601869606451146,0.004782387127710983,0.001413962881597456,-0.00040636024776787846,0.0023547370342399173
2225,ais,0.0002624704957909785,0.004783775839443281,0.0014131982233300518,-0.0004048049807906295,0.0023656651136136015
2226,ais,0.00026461695966162324,0.004785170391723018,0.0014124343582962075,-0.0004052735219275405,0.002379688208357322
2227,ais,0.00026632988407016,0.004786591943114164,0.0014116712636743423,-0.0004038610015506094,0.0023976370466101565
2228,ais,0.0002687198272326441,0.004788025915397224,0.0014109089174580585,-0.0004022781031508771,0.0024156272271937946
2229,ais,0.00027049829358105626,0.0047894501496519234,0.001410147311562618,-0.00040161587643723347,0.0024324048171308734
2230,ais,0.00027248333082496856,0.004790864944368148,0.00140938634090964,-0.0004009254419898411,0.002446743121625161
2231,ais,0.0002753113887337122,0.004792266464744475,0.0014086258720498238,-0.0004002186368509797,0.002460903465129149
2232,ais,0.000277415377553325,0.004793683963896969,0.0014078660341861086,-0.00039949238280740924,0.002475043283766353
2233,ais,0.00027939010701061306,0.004795113489268676,0.001407107010698997,-0.0003987202149346558,0.0024889337291824623
2234,ais,0.0002808986611881892,0.004796533921862544,0.0014063484984955352,-0.00039845397370896757,0.002502814515895579
2235,ais,0.00028255270957799894,0.004797957696904886,0.0014055905838778638,-0.00039879524078187953,0.0025167024420426286
2236,ais,0.0002844571034756882,0.004799403121947863,0.001404833445825744,-0.0003991354197971475,0.002530714371246745
2237,ais,0.00028687529569282333,0.004800853699962566,0.0014040770311919662,-0.00039897829131803065,0.0025421240167844417
2238,ais,0.0002887222763447994,0.0048022987249556285,0.0014033214413182729,-0.0003976426337416683,0.0025522604153053402
2239,ais,0.00029092752319570536,0.004803735165117354,0.0014025666751159313,-0.00039630652570963324,0.0025621269477653637
2240,ais,0.0002924609300691827,0.004805172025814059,0.0014018126421677423,-0.0003949692424441764,0.0025718288426219258
2241,ais,0.00029409214387499105,0.0048066148076556705,0.0014010592037493393,-0.0003936295550204249,0.0025802330937466423
2242,ais,0.00029590991479011564,0.004808072347649891,0.0014003063470132756,-0.0003925855608613915,0.00258636300394528
2243,ais,0.00029773395101528877,0.00480952749446933,0.001399554096412778,-0.0003927192051605743,0.0025924925063151244
2244,ais,0.0003001137125906439,0.004811000692232234,0.0013988022132830817,-0.00039285093333845105,0.002598620238330795
2245,ais,0.0003020362815959743,0.004812498024436538,0.0013980507192771258,-0.00039297714242110256,0.002612700724178296
2246,ais,0.00030466888070890263,0.0048140099990910965,0.0013973002044213912,-0.00039307078803147984,0.002631473618214386
2247,ais,0.0003071153369091917,0.0048155138679054485,0.0013965507839844554,-0.00039316391678312357,0.0026419814317080177
2248,ais,0.00030825755851537906,0.004817019578075417,0.0013958022717136089,-0.00039325647067869337,0.0026524744491140937
2249,ais,0.0003099857822022045,0.004818519769335641,0.0013950547011280915,-0.0003933484996508696,0.0026740233723714355
2250,ais,0.00031167203265169974,0.00481999717650384,0.0013943079798127026,-0.0003934399675465272,0.002696967605076849
2251,ais,0.0003131973219581141,0.0048214765334788755,0.0013935621084626502,-0.0003935307905976515,0.0027199194176205305
2252,ais,0.000315379063039245,0.004822968029785894,0.001392817118592725,-0.0003936208089491799,0.0027425440573267674
2253,ais,0.00031722025235580986,0.004824456595420717,0.001392072904387259,-0.000393699494883748,0.002765218301648531
2254,ais,0.0003196905323150645,0.004825937613138887,0.0013913294152007713,-0.0003937676803957402,0.002781470968214705
2255,ais,0.000321841609796536,0.004827423243881956,0.001390586574318774,-0.00039383383030937573,0.0027970272953297117
2256,ais,0.00032449648061572134,0.004828917165234379,0.0013898444099542588,-0.000394109061989667,0.0028212258153899935
2257,ais,0.0003277101707226393,0.004830422300127498,0.0013891028943712404,-0.00039445019861901183,0.0028465367314950635
2258,ais,0.00033066166662365504,0.0048319222727446235,0.0013883620477987092,-0.00039479119341407905,0.0028695372540937566
2259,ais,0.00033291836233217964,0.004833405431930607,0.001387621982704571,-0.0003951322038652449,0.0028939069919772463
2260,ais,0.00033486929144999067,0.004834883693841732,0.0013868827465301364,-0.0003954607314547332,0.002906547800981229
2261,ais,0.0003372965128392025,0.00483635086008934,0.0013861445543143494,-0.00039482441453557725,0.00291782982449149
2262,ais,0.0003399328048345751,0.004837811230306776,0.0013854073889069003,-0.0003943231359912147,0.0029290477733184147
2263,ais,0.0003427941282438951,0.004839289068710716,0.001384671128473908,-0.00039437478250476944,0.002952391832329225
2264,ais,0.0003452343001413283,0.004840796418253654,0.0013839357391685627,-0.00039358141710081894,0.002975305832043772
2265,ais,0.00034709274602562346,0.004842313676619501,0.0013832010895710781,-0.00039277234074006626,0.0029981684246735084
2266,ais,0.00034928258608601936,0.00484383320142366,0.0013824670425510925,-0.00039291054112950975,0.0030083658448290854
2267,ais,0.00035251149436987816,0.004845370954945309,0.0013817335364142028,-0.00039328530817002156,0.0030160917525677163
2268,ais,0.0003543988484722149,0.004846926362991404,0.0013810005389204177,-0.0003936588183528045,0.0030235007730979625
2269,ais,0.00035605495924073693,0.004848480721917656,0.0013802684468724384,-0.00039403145277745467,0.003030634760234816
2270,ais,0.0003586972029552271,0.00485003077925154,0.0013795372904622928,-0.00039440339988772166,0.0030377242497237915
2271,ais,0.0003613557138351098,0.004851577421995241,0.0013788071373700486,-0.0003947640341721126,0.003044762146200239
2272,ais,0.0003639914448001491,0.004853119154794928,0.0013780780313441044,-0.00039461377747187495,0.0030517533835237
2273,ais,0.000366355667651419,0.00485465332172857,0.0013773499930957711,-0.00039431967239380585,0.0030648860060679766
2274,ais,0.00036827167741648736,0.004856179184504718,0.0013766229835084581,-0.00039402312819021286,0.003079575851685942
2275,ais,0.0003703863502266813,0.004857706746832243,0.0013758968068279405,-0.0003937266262155958,0.003094242587393123
2276,ais,0.00037268564975079244,0.004859232351290267,0.0013751713659214586,-0.0003934290327798351,0.00310889884790981
2277,ais,0.00037492957812901295,0.004860767092311981,0.0013744466808454329,-0.0003930611583939481,0.003123550848064835
2278,ais,0.00037769184444869097,0.00486230601447241,0.0013737228060894137,-0.0003926786535089377,0.0031382000571937825
2279,ais,0.0003800899764314636,0.004863841889161822,0.0013729998661730174,-0.0003923850224722969,0.0031528439932969805
2280,ais,0.0003820697055232358,0.00486538103461675,0.001372277905568823,-0.0003920913609903209,0.0031674798358665127
2281,ais,0.0003840391689067246,0.004866911505431276,0.0013715569340614856,-0.0003917986785154426,0.00318210304690609
2282,ais,0.0003862725468408712,0.004868442172092337,0.0013708369645561045,-0.00039150745125482445,0.003196712894933282
2283,ais,0.0003885018436307064,0.00486997474325408,0.0013701180055450712,-0.00039121760044764643,0.003211310989497915
2284,ais,0.0003907278202959219,0.0048715115393537615,0.001369400061958921,-0.0003909288877665062,0.0032258987946178737
2285,ais,0.0003929553332042701,0.004873054596835789,0.0013686830261730783,-0.0003906406650514782,0.003240480470412874
2286,ais,0.00039503179023370194,0.0048745993869235065,0.0013679667622078662,-0.00039032496922430937,0.003255063305846304
2287,ais,0.0003974117214156081,0.004876148859389531,0.0013672511587218968,-0.00038998917815291634,0.0032693604589894656
2288,ais,0.0003994773276900787,0.004877714463168115,0.0013665362721998289,-0.000389651440421801,0.0032836152927416136
2289,ais,0.00040087232355290325,0.0048792883688849,0.0013658222504746515,-0.0003893123806065546,0.003297871482112667
2290,ais,0.00040378471294388874,0.004880855890673395,0.0013651092557808013,-0.00038897375933260036,0.0033121186365178794
2291,ais,0.00040597241752493574,0.0048824143441612905,0.0013643973125799663,-0.00038863633145922447,0.0033263551449891787
2292,ais,0.0004074024606097737,0.004883969168462699,0.001363686452350596,-0.00038830058886389905,0.003340578705652319
2293,ais,0.000408888900054194,0.00488551526804504,0.0013629766849577066,-0.0003881839531416631,0.0033526671215241776
2294,ais,0.0004110389444491602,0.004887051232873095,0.0013622679816763768,-0.0003886255211810408,0.0033695893773312948
2295,ais,0.0004131863395429036,0.004888582398113115,0.001361560253216828,-0.00038834990833862547,0.0033844232835292583
2296,ais,0.00041559314340133824,0.004890117870354828,0.0013608533540094175,-0.00038776727955536217,0.0033992528680585102
2297,ais,0.0004184462153489221,0.004891661922298439,0.001360147245255244,-0.0003871844934153046,0.003413567468041378
2298,ais,0.00042120363615083534,0.0048932105347370015,0.0013594418516040974,-0.0003866009920258762,0.003427781558414722
2299,ais,0.0004236009450835354,0.004894753497477869,0.0013587372720723584,-0.00038624426476303593,0.0034364614030494064
2300,ais,0.00042617795826060956,0.004896297882625611,0.001358033744608253,-0.00038596666084771413,0.0034451176839667137
2025,te,0.0,0.0,0.0,0.0,0.0
2026,te,0.0,0.0,0.0,0.0,0.0
2027,te,0.0,0.0,0.0,0.0,0.0
2028,te,0.0,0.0,0.0,0.0,0.0
2029,te,0.0,0.0,0.0,0.0,0.0
2030,te,0.0,0.0,0.0,0.0,0.0
2031,te,0.00014567315572922013,0.00014810676030614734,7.451124405594611e-7,9.8575235502385e-5,0.0002063058594415024
2032,te,0.0003601497171850099,0.00036792613859465396,1.8783345121608837e-6,0.00024400982073211617,0.000513228831094592
2033,te,0.0005213748518424488,0.0005338474318025808,2.7907466168153924e-6,0.0003510123322416514,0.0007553983058320224
2034,te,0.0006498179342819821,0.0006653237362994912,3.5748348866910863e-6,0.00043090986693548053,0.0009472140161981722
2035,te,0.0007523973525833672,0.0007709159896985931,4.26313421266765e-6,0.0004923749165863578,0.0011140012636245977
2036,te,0.0008386384983953832,0.0008572359667028562,4.869132910025552e-6,0.000539065524766591,0.001249306243768178
2037,te,0.000907914547709332,0.0009294685010749674,5.410324875816851e-6,0.0005802775516849267,0.0013709580210438776
2038,te,0.0009665011998813977,0.0009903759909943883,5.89260824064956e-6,0.0006077859885434744,0.0014659105007607915
2039,te,0.0010166215050881888,0.001042047827050566,6.320072736247029e-6,0.0006318335533522346,0.0015595183550433766
2040,te,0.001058745106785608,0.0010858929220124284,6.6982802186421474e-6,0.0006508318361608811,0.0016442382896875607
2041,te,0.0010960029014617234,0.0011230512846725675,7.032789143702154e-6,0.000665849303746513,0.0017026669769535816
2042,te,0.0011263628286317662,0.0011544065928236705,7.329748994892129e-6,0.000681026612962432,0.0017583793623671795
2043,te,0.00115180656082714,0.0011807796181625256,7.5937295866709706e-6,0.0006896788512707807,0.0017965988592297142
2044,te,0.0011722640501163895,0.001202796619275045,7.828816145387062e-6,0.0006978667236522184,0.0018449010444420376
2045,te,0.001188537944658119,0.0012210474220546465,8.037287593294343e-6,0.0007013365694183094,0.0018820560170900611
2046,te,0.0012039436613915377,0.001236034888593081,8.221080750942482e-6,0.0007021839307135735,0.0019126902713283212
2047,te,0.0012157646941646227,0.0012481711524984747,8.383092408167189e-6,0.0007009580484466538,0.001936177179130638
2048,te,0.0012252618315549135,0.0012577769108090245,8.52641052438705e-6,0.0007009582651392732,0.001948809020121711
2049,te,0.0012317447085905542,0.0012651229298533799,8.653861677826481e-6,0.000701123498692957,0.001964248275107483
2050,te,0.001236183125668866,0.0012705071299063905,8.767183462064037e-6,0.0006963934980022124,0.001976547749439561
2051,te,0.0012380820468487208,0.0012741750418576855,8.867516863803695e-6,0.000693193005709758,0.0019866802742363188
2052,te,0.0012386357279989824,0.0012763272383681148,8.95650792178269e-6,0.0006890990772753903,0.0019991160873116254
2053,te,0.0012398139056890578,0.0012771470060166784,9.035874049609557e-6,0.0006854713949334234,0.002006552914837378
2054,te,0.0012383659676733494,0.0012767887217208802,9.106470098725435e-6,0.000681060614069473,0.002018233946917025
2055,te,0.0012362222816286739,0.0012754194917650545,9.169152448003983e-6,0.0006788383916450869,0.0020264434061610715
2056,te,0.0012330440650436536,0.0012731704535865736,9.223847101893285e-6,0.0006760528271401167,0.0020255126856685733
2057,te,0.0012267860419261645,0.0012701417310238537,9.270672754479406e-6,0.0006711499391391041,0.0020266566792582984
2058,te,0.001221634727407661,0.0012664529973472611,9.311812556286329e-6,0.000665730098702344,0.002019393595709129
2059,te,0.0012182864193199805,0.0012621875455694727,9.3480154816594e-6,0.0006625578122505527,0.0020155490024697186
2060,te,0.0012137514892938128,0.0012573991202109718,9.379314926736288e-6,0.0006614657096187138,0.002016665176350685
2061,te,0.001207532327075711,0.00125215392384056,9.406743211705108e-6,0.0006528608876787522,0.0020036073775124836
2062,te,0.001202906245730162,0.0012465435522660954,9.430504530022198e-6,0.0006428460252714708,0.0019959791306932927
2063,te,0.0011976601820418153,0.0012406172467159166,9.45104610426212e-6,0.0006351829213276705,0.001987495496355951
2064,te,0.0011910744327554568,0.001234439741000731,9.468516765074261e-6,0.0006297457913006621,0.0019861919303092
2065,te,0.0011851072714637034,0.001228011071541448,9.481352950502207e-6,0.0006263014199678451,0.00198117862495506
2066,te,0.0011783550967274792,0.001221471608508684,9.493935744233576e-6,0.0006222624242925523,0.0019688165974403476
2067,te,0.001170842107571346,0.0012147939091998292,9.503701210628162e-6,0.0006121181474264325,0.001956176265539255
2068,te,0.0011636321344603573,0.0012080314746024607,9.511204607710707e-6,0.0006084392239829483,0.00195773109529247
2069,te,0.0011571666090608446,0.0012012064533554446,9.516575621347039e-6,0.0006016098054067331,0.0019497273207092823
2070,te,0.001150347539067731,0.0011943581935051552,9.520757597738985e-6,0.0005971249922683608,0.0019494278397281129
2071,te,0.0011436416273618022,0.001187488911032836,9.523352771395366e-6,0.0005891786519153008,0.001945442019621524
2072,te,0.0011351721586887464,0.0011806046840959071,9.524091434167401e-6,0.0005824571494486008,0.001937540682637362
2073,te,0.001125879290260201,0.0011737259977654495,9.523554844345289e-6,0.0005762940393212457,0.001931646407620935
2074,te,0.0011181270615443495,0.0011668729347839907,9.522102065410917e-6,0.0005689299163073257,0.001922332702265006
2075,te,0.0011112043282937023,0.0011600806502348802,9.520263023648348e-6,0.0005653797509182823,0.0019190982978376954
2076,te,0.0011049611111753066,0.0011533657482310528,9.516920159485479e-6,0.0005616950452300706,0.0019163507462055306
2077,te,0.0010976364487254031,0.0011467164971420442,9.511671848325462e-6,0.0005570459636013769,0.0019093890697045699
2078,te,0.001089660527321179,0.0011401337207787088,9.504906156090179e-6,0.00055134539975219,0.001905255767710834
2079,te,0.0010824885886480118,0.0011336757909309312,9.499028753464521e-6,0.0005463362087172908,0.0018960822028851964
2080,te,0.0010762574048301943,0.0011273121333897822,9.492452297621944e-6,0.0005415253192137204,0.0018899878048253878
2081,te,0.0010698631895307287,0.0011210298613680792,9.485006930999751e-6,0.0005372739226046086,0.0018880190272311023
2082,te,0.0010642527069792962,0.0011148322851151859,9.476954592242608e-6,0.000531223084261434,0.001887861745123054
2083,te,0.0010578594554120357,0.0011087321057997909,9.46865828189427e-6,0.0005269638270568144,0.0018774215976046448
2084,te,0.0010508523983689955,0.0011027438534965634,9.461088452766414e-6,0.0005221181205192326,0.0018691237987246362
2085,te,0.001045502844502444,0.0010968313629289139,9.452620648717338e-6,0.0005178888694874039,0.0018657662651765602
2086,te,0.0010376796397650878,0.0010910063522705019,9.442699702754623e-6,0.0005145900104003065,0.001862249029161411
2087,te,0.001032765159547644,0.0010853235979495,9.433488436540712e-6,0.0005098884155760874,0.0018566316333892274
2088,te,0.00102760596999385,0.0010797461307291453,9.42382651045694e-6,0.0005052720387643816,0.0018420005235125101
2089,te,0.001022543897566841,0.0010742697607250826,9.41347560020382e-6,0.0005019341481212969,0.0018349508787459
2090,te,0.001017315614450176,0.0010689191897077074,9.40371159079851e-6,0.0004980374076732907,0.0018289598525948136
2091,te,0.0010131309514829212,0.0010636481817087834,9.39329690353717e-6,0.0004936449617986227,0.0018200831544730178
2092,te,0.0010077200043223655,0.001058484274258241,9.383050272981717e-6,0.0004893643935565351,0.001814449249559402
2093,te,0.0010018214026779049,0.0010534194300279136,9.371511621561034e-6,0.00048584006433065595,0.0018105938643232732
2094,te,0.0009953141857952374,0.0010484607765981738,9.359228212317609e-6,0.00048278703901276647,0.0018067366733442113
2095,te,0.0009896869465304547,0.0010435984518656057,9.34753079788792e-6,0.0004797956534877912,0.0017997756155194722
2096,te,0.0009867389697211237,0.0010388039577634584,9.336046233447114e-6,0.0004752201923870381,0.0017929029052247357
2097,te,0.0009817129462854624,0.0010341275242018325,9.32589894931085e-6,0.0004700710128992647,0.0017907460875091984
2098,te,0.0009765429611583443,0.0010295914271081909,9.317953945409682e-6,0.00046581132252034865,0.0017858492756522182
2099,te,0.0009705227952405693,0.001025127039372722,9.308268734582337e-6,0.0004621964588636729,0.00177539579380479
2100,te,0.0009663001802380222,0.0010207652976470926,9.297642702170129e-6,0.0004586892004732057,0.0017733292511776353
2101,te,0.0009631281028994465,0.0010164936488579665,9.289315601073889e-6,0.0004552902638374157,0.0017736398024920772
2102,te,0.0009589495157484862,0.0010122710342504297,9.28043541784812e-6,0.0004525322233694062,0.00177046972524888
2103,te,0.0009547107434251245,0.0010081446880164226,9.270468119693358e-6,0.00045057543833113554,0.0017682296674756514
2104,te,0.0009516541697394132,0.0010040814334424852,9.2608198614449e-6,0.0004486681269429305,0.0017626764184283771
2105,te,0.000947807981143356,0.0010000834434236556,9.251329210005919e-6,0.0004434222442025515,0.001756382050226435
2106,te,0.0009438059718824832,0.00099619460693645,9.241135683308003e-6,0.0004394511189473427,0.0017503236560996172
2107,te,0.0009394842382075552,0.0009924179281022353,9.230605135193997e-6,0.00043649455349541454,0.0017444931197932332
2108,te,0.0009356150082382442,0.0009886723870215666,9.218252408286884e-6,0.0004337358197943342,0.0017411027517637123
2109,te,0.00093230682596257,0.0009850462145879174,9.207768643994765e-6,0.00043155829805536784,0.0017366436865671629
2110,te,0.000928149759554131,0.0009815322500706207,9.199038520607774e-6,0.000430015302258413,0.0017342243074825348
2111,te,0.0009238722585784842,0.0009780363978694941,9.189097893545346e-6,0.00042825055597139894,0.001728112325185549
2112,te,0.0009194013773488052,0.0009746348230909278,9.177246380943688e-6,0.00042657954711549094,0.0017210587417427088
2113,te,0.000915620630687286,0.0009713159269760823,9.165388195428537e-6,0.0004252940883739953,0.0017222562046923073
2114,te,0.0009123922321236932,0.0009680323789641987,9.154285635313117e-6,0.00042278449079713454,0.0017146585720334783
2115,te,0.00090952175367498,0.0009648096654310625,9.14284323469349e-6,0.0004213478043637586,0.001709874349483087
2116,te,0.000907146679073989,0.0009617021051999357,9.133529232687436e-6,0.00041998934903304526,0.0017085228742679704
2117,te,0.0009041060279226798,0.0009585733045256753,9.122448292632604e-6,0.0004184794935429004,0.0017055500639607145
2118,te,0.0009012751621497728,0.0009553900722340711,9.111282631377159e-6,0.00041365573809706293,0.0017025668229949888
2119,te,0.0008977637097196123,0.000952391799106473,9.101279673248742e-6,0.00041197458716650813,0.0016996187692802423
2120,te,0.0008943233556966135,0.0009494685435762489,9.088347268049859e-6,0.00041040595333630137,0.001696067886308583
2121,te,0.0008914094090464175,0.0009465108258870361,9.073131056999391e-6,0.00040889835319655175,0.0016925664947816442
2122,te,0.0008888604128536315,0.0009436726393565835,9.06101933880684e-6,0.000407105693677412,0.0016890195989709867
2123,te,0.0008859822676345885,0.000940946458945215,9.04913997246052e-6,0.0004068676818717698,0.0016856509058992939
2124,te,0.0008828403138139151,0.0009381917518512859,9.035977318166646e-6,0.00040564125609012793,0.0016823764407385867
2125,te,0.0008805072897057897,0.0009354307568829454,9.022597324511613e-6,0.0004044005854297872,0.0016789158357209287
2126,te,0.0008780019290757224,0.000932753017453297,9.01123396803177e-6,0.00040298408505234917,0.00167790098637397
2127,te,0.0008746422697196721,0.0009300627220845335,8.995877866116939e-6,0.0004019755327922425,0.0016735917695221757
2128,te,0.0008719595686805803,0.0009274624383204242,8.981664916049773e-6,0.00040082763793583,0.0016701093835195023
2129,te,0.0008688130234535407,0.0009249506393814641,8.970866808139537e-6,0.0003991158759201419,0.0016665113157891653
2130,te,0.0008658592938033394,0.0009224303497961657,8.958174482214841e-6,0.00039784474277357876,0.0016623929518363668
2131,te,0.0008631403266878834,0.0009200272719822627,8.946057182335475e-6,0.00039714131488821636,0.0016594830226086543
2132,te,0.0008602519334299785,0.0009176217016156016,8.933151594300719e-6,0.0003965299155638924,0.0016546681816627996
2133,te,0.0008583318242116889,0.0009152607559188288,8.918611427612267e-6,0.00039578510281179646,0.00165278556627122
2134,te,0.000854776179572525,0.000912931277563712,8.905829922729024e-6,0.00039526417194402086,0.0016499742164256758
2135,te,0.000851711377375608,0.000910554216965167,8.892192667366001e-6,0.0003934711450868989,0.0016474322285858988
2136,te,0.0008485758442748903,0.0009083538396430315,8.880103446165196e-6,0.00039375697998718097,0.001645122306755553
2137,te,0.0008468620997117426,0.0009061956088329249,8.86789198392937e-6,0.0003924632715448517,0.0016415687427972616
2138,te,0.0008434584409293677,0.0009039384624194149,8.854262797971629e-6,0.0003907456639270279,0.0016387082655668905
2139,te,0.000841470032293401,0.0009016847774157135,8.841357942471016e-6,0.00038979413051878355,0.001635868849419353
2140,te,0.0008394320921851772,0.0008995016451349516,8.828130318764171e-6,0.0003885040206372814,0.0016308061040025024
2141,te,0.0008373010682429793,0.0008973495172058384,8.812524268962087e-6,0.000387109850015932,0.0016271623126172584
2142,te,0.0008354486273827177,0.0008953019868335836,8.8008261784994e-6,0.00038574143330567524,0.0016232745879420918
2143,te,0.000833111431600031,0.0008932839699970731,8.789513251286945e-6,0.00038442249012495824,0.0016188809108179211
2144,te,0.0008308090100168641,0.0008912520584006564,8.775029682342082e-6,0.00038314066308453576,0.0016140837911379434
2145,te,0.0008285389668323262,0.000889241384453138,8.762857357377252e-6,0.00038063792397959875,0.0016100785817204865
2146,te,0.000825956809185513,0.0008873316374428874,8.753049461544605e-6,0.0003797202737459316,0.0016084276230330374
2147,te,0.0008235335591209036,0.0008854439019197829,8.743512839377868e-6,0.00037943020668116393,0.0016062539090441418
2148,te,0.0008218598542484301,0.0008835595489348211,8.731616204414509e-6,0.0003782361359343511,0.0016047104246844413
2149,te,0.000820078927041834,0.0008816291366289599,8.715236419522357e-6,0.0003770625182427878,0.0016031075329355105
2150,te,0.0008183798762306793,0.0008796798807191912,8.697789003520664e-6,0.0003768429526600059,0.0015994648886238137
2151,te,0.0008166552335335808,0.0008777461343837212,8.681723132391509e-6,0.0003757819558352083,0.0016001499334546308
2152,te,0.0008155001673255668,0.00087588213744076,8.668338292247047e-6,0.00037467506721871046,0.0015985863300201687
2153,te,0.0008134557056038716,0.0008740829323116399,8.656548476787184e-6,0.00037358796776114643,0.0015939601476350873
2154,te,0.0008112364545862505,0.0008723239326776469,8.646255997389385e-6,0.0003725209369878968,0.0015914714260450325
2155,te,0.0008088481378667467,0.000870532933058307,8.633615728234316e-6,0.0003714526639749138,0.0015876405316262775
2156,te,0.0008072430355792193,0.000868739676815471,8.618113402056405e-6,0.00037039365346753784,0.0015838675326893537
2157,te,0.0008073179412413367,0.000867026344199716,8.604399962277664e-6,0.00036935140837552894,0.0015799694524790905
2158,te,0.0008057696945211745,0.0008653816517783239,8.595718982088111e-6,0.00036832644146649334,0.0015763428368611439
2159,te,0.00080390923753626,0.0008637535016717202,8.587510879350716e-6,0.000367354100135131,0.00157246706529186
2160,te,0.0008031873310088145,0.0008621451730205126,8.57658204850237e-6,0.00036670127005660196,0.0015686014635338805
2161,te,0.0008012525959735228,0.0008605168802969745,8.56315548311812e-6,0.0003656329815672876,0.001564766540725415
2162,te,0.0007995987118309955,0.0008589667269383092,8.55357224763655e-6,0.0003645820936826638,0.001560964827358191
2163,te,0.0007975399032531527,0.0008574127954898767,8.543002039025467e-6,0.00036354955910358197,0.0015585186940498374
2164,te,0.0007961557816003051,0.0008558207425339459,8.52901946718997e-6,0.00036253368930907467,0.0015577104590761336
2165,te,0.0007944678158526841,0.0008541818188025348,8.514200399506995e-6,0.0003615221288177039,0.0015530714283357838
2166,te,0.0007932918172670611,0.0008526712615813485,8.50356770333517e-6,0.0003608229181356393,0.001546896524273933
2167,te,0.0007922156701987149,0.0008512851728933724,8.495261995183138e-6,0.00035994233695113564,0.0015427905524020957
2168,te,0.0007902867490194865,0.0008498006738580993,8.484600985575745e-6,0.00035858340743324393,0.0015396432915803615
2169,te,0.0007884460885208,0.0008482165651986646,8.473124148002547e-6,0.00035764379995910643,0.001537568404678424
2170,te,0.0007868191461213314,0.0008467161049164967,8.463608569084356e-6,0.00035671727824073687,0.0015375957934143254
2171,te,0.0007855441158355347,0.000845355126674761,8.4550420594146e-6,0.000355825220757211,0.001537333025324372
2172,te,0.0007841364224603353,0.0008439376068398187,8.440741822916506e-6,0.0003555131456964844,0.0015359853743003526
2173,te,0.0007822768744816244,0.0008424541093012401,8.424827221722078e-6,0.0003550686254907731,0.0015323114306607264
2174,te,0.0007810426399679216,0.0008409953678819173,8.413374472472939e-6,0.00035475993657074767,0.001531178883467632
2175,te,0.00077961007962557,0.0008396879061095976,8.404221531254163e-6,0.00035446345929095456,0.0015299662797293222
2176,te,0.0007783192084396262,0.0008383751598768461,8.391812327817503e-6,0.0003541777171748528,0.0015292586094595604
2177,te,0.0007778050913938017,0.0008370488502869326,8.380346998010362e-6,0.0003539001137653486,0.0015256440121287796
2178,te,0.0007763429149640899,0.0008357725009108865,8.367910945768563e-6,0.0003536281791219231,0.001520102748093066
2179,te,0.0007750772672068251,0.000834432666493929,8.355333628638177e-6,0.00035336099256761956,0.0015167343420987578
2180,te,0.0007744642652198763,0.0008332010552416786,8.344398484298057e-6,0.0003530282969277821,0.001513108773042049
2181,te,0.0007737528315310271,0.0008320565688486807,8.33281018120056e-6,0.00035225204161530853,0.001508393822751941
2182,te,0.0007724269447528798,0.0008307863807310101,8.320045364945248e-6,0.0003515010670344765,0.0015037097004885424
2183,te,0.0007710242811569401,0.0008293567661772103,8.307542301749476e-6,0.00035075990524831014,0.0014990565857331715
2184,te,0.0007699210544167556,0.0008281447769292498,8.300672851440739e-6,0.0003500286540983666,0.0014960767038466824
2185,te,0.0007691330911718808,0.0008269529957931345,8.290056622987827e-6,0.00034930752006410163,0.001495649318726322
2186,te,0.0007675262215443013,0.0008257954571241734,8.281037280020406e-6,0.0003485969056944427,0.0014943182160507718
2187,te,0.0007660438651093671,0.000824663257740486,8.270183649907168e-6,0.0003478969049170999,0.0014924560011035479
2188,te,0.000765696698032059,0.0008233687621141703,8.253462967413498e-6,0.00034756160637527955,0.0014922719011114082
2189,te,0.0007649141933399051,0.0008222134255947076,8.242016537701897e-6,0.0003473928975948226,0.0014921056498344851
2190,te,0.000763777845246949,0.0008212443225952386,8.234805622685446e-6,0.00034725169014802046,0.0014919561939578329
2191,te,0.0007629357739169507,0.0008201480640556724,8.225054807924802e-6,0.0003475748556578395,0.0014917826153560297
2192,te,0.0007609880619483533,0.0008189966482438455,8.212482587310074e-6,0.00034699587860202995,0.0014885234022788294
2193,te,0.0007599807518836599,0.0008178635254387982,8.198186331057544e-6,0.0003465307716540522,0.0014827643959055333
2194,te,0.0007590998878974631,0.000816732879845019,8.184933070319973e-6,0.0003458340562405127,0.001479025048899984
2195,te,0.0007572227725418657,0.0008156750204775092,8.174907059820973e-6,0.00034578315638089663,0.001479043623006859
2196,te,0.0007559001071264504,0.0008145917627252875,8.163735642900904e-6,0.00034585125878603404,0.001479544329963289
2197,te,0.0007551031633568073,0.0008135147659693383,8.152184717511114e-6,0.0003464096395145333,0.0014801294038676361
2198,te,0.0007538996072042892,0.0008124871865663063,8.143065230110396e-6,0.00034570703624474674,0.0014756984341982359
2199,te,0.0007523694623721155,0.0008114418605627956,8.133651693689501e-6,0.0003439046593802786,0.0014763710812015773
2200,te,0.0007518105680972553,0.0008104866724172792,8.122149312339471e-6,0.0003434556095967878,0.0014755298957851437
2201,te,0.0007507973801743617,0.0008096177356571994,8.112690804800119e-6,0.00034280670965269877,0.001472728470185558
2202,te,0.0007496802288677884,0.0008085952757399105,8.102221755255681e-6,0.0003418850646943028,0.0014687726448080695
2203,te,0.0007488654311238463,0.0008075585858618544,8.091286188112612e-6,0.00034194784154841786,0.0014672033924064464
2204,te,0.0007480654075351367,0.0008066335393154844,8.081739852805049e-6,0.0003417563921885858,0.001464443672848148
2205,te,0.0007472114060647073,0.0008057087833360592,8.072681558909777e-6,0.0003413191040518626,0.0014569430922335867
2206,te,0.0007463403226175558,0.0008047543548158211,8.062548374931505e-6,0.00034091211692182104,0.0014495780960885438
2207,te,0.0007453053491630612,0.000803779376666272,8.052080814621461e-6,0.00034052046726049665,0.001447961343929194
2208,te,0.0007445741484737312,0.0008028328758303935,8.042516565684733e-6,0.0003401357498853841,0.0014468948739903452
2209,te,0.0007440349500846821,0.0008019725000953271,8.034378722665087e-6,0.0003413781092444168,0.0014456693233420026
2210,te,0.0007432959411701745,0.0008009969993005024,8.024424820907437e-6,0.0003411623428110744,0.0014440812041200957
2211,te,0.0007425562381193629,0.0008000114724384897,8.012783284385002e-6,0.00034078540967659167,0.0014428443067778572
2212,te,0.0007420257965371491,0.0007991263028473669,8.003958981866342e-6,0.0003401486898413353,0.0014414997002184292
2213,te,0.0007413179109860835,0.0007982276264372619,7.99567198238116e-6,0.0003392306748708051,0.0014401748649369495
2214,te,0.0007402790650878899,0.0007973283596480778,7.985568707721602e-6,0.00033918750689725384,0.0014369120223626907
2215,te,0.0007387574270261155,0.0007964123323719745,7.972955936135726e-6,0.00033897239122833157,0.0014354460637989064
2216,te,0.0007378581882804269,0.0007955376269515995,7.961188707439424e-6,0.0003385873533355621,0.0014359015501106851
2217,te,0.0007377724178816436,0.0007946809326874611,7.95147020882697e-6,0.0003382124531331243,0.001432468331054082
2218,te,0.0007373079157595441,0.0007938157585637562,7.94202723218178e-6,0.000337851159174285,0.0014297067875610023
2219,te,0.0007372023876577316,0.0007930110243926762,7.933126841604528e-6,0.0003374956302478083,0.00142726079843527
2220,te,0.0007361398204785985,0.0007922246007862617,7.922863247383816e-6,0.0003366948600742603,0.0014236479562462986
2221,te,0.0007357976327710958,0.000791386316389894,7.912773817227099e-6,0.00033677069826190117,0.0014203776519522643
2222,te,0.0007348988079591834,0.0007905953778552197,7.904497384021046e-6,0.00033646712934860546,0.0014199338127859557
2223,te,0.0007340157779687217,0.00078990069361969,7.89727368244308e-6,0.00033614930183816226,0.0014164870035621386
2224,te,0.0007324537660124975,0.0007890768510796029,7.884459611428166e-6,0.00033603173898217876,0.0014092030966942554
2225,te,0.0007318642248428375,0.0007882423139350818,7.872790183597223e-6,0.0003356486034839179,0.001406990588969847
2226,te,0.000731159850534624,0.0007875362908346401,7.866135016081827e-6,0.00033509069350703415,0.0014068894404481109
2227,te,0.0007306460442784157,0.0007868283189971459,7.85849667025201e-6,0.00033474111771027994,0.0014068478725398844
2228,te,0.0007303324507290654,0.0007860725344341439,7.849818776558537e-6,0.0003344209699944756,0.0014068153503124846
2229,te,0.0007290532864487886,0.0007852977336446996,7.841326633708303e-6,0.0003341053386977322,0.0014068374517840708
2230,te,0.0007278383168127789,0.0007844946757761031,7.830854595621104e-6,0.00033379483772151276,0.0014049115463308226
2231,te,0.0007268314121589015,0.0007837354822078027,7.822293680952328e-6,0.00033348983496708226,0.0014016073721180077
2232,te,0.0007264271935625288,0.0007830370586435125,7.816432234790197e-6,0.00033319008170735743,0.0013986710499416688
2233,te,0.0007248065898366463,0.0007822990756688322,7.807519600274103e-6,0.00033294705245729973,0.0013974255524814793
2234,te,0.0007237220852367443,0.0007815944137950402,7.799646190314266e-6,0.0003326216878171806,0.0013957864471798587
2235,te,0.0007229529190375672,0.0007809391422427909,7.794091416036847e-6,0.00033227088313214637,0.001394804700851182
2236,te,0.000722712879579035,0.0007801735130942626,7.79055939715977e-6,0.00033151118664456194,0.0013939524624838383
2237,te,0.0007222502165937783,0.0007795073971739041,7.782626327072464e-6,0.00033051273346291766,0.0013929906702209393
2238,te,0.0007216041888788993,0.0007788141674454829,7.772559050980767e-6,0.0003302045546764276,0.0013919574292131642
2239,te,0.0007209819077864665,0.0007781346935520448,7.763562576393004e-6,0.0003300183083240427,0.0013894421539475841
2240,te,0.0007204990480147444,0.0007774675534805268,7.755541551893318e-6,0.00033015740460466957,0.0013869360879503745
2241,te,0.0007200255575376957,0.0007768275491435687,7.747960103042375e-6,0.000330304783368085,0.0013847661407702103
2242,te,0.0007194564666761494,0.0007761838838349737,7.740024620069005e-6,0.0003303595521245484,0.0013835269672782143
2243,te,0.0007190173003337463,0.0007755647087876713,7.732834944739099e-6,0.00033018064349974455,0.0013839852050224976
2244,te,0.0007182427153651361,0.0007749488740872996,7.725906548820404e-6,0.00032993461831711814,0.0013838515332828647
2245,te,0.000717376055924035,0.0007743287229704574,7.720425804376293e-6,0.00032969186554918653,0.0013817523810914167
2246,te,0.0007167849833535911,0.0007736928170740898,7.713106887670461e-6,0.00032921467356938905,0.0013823279508883956
2247,te,0.0007162750558293851,0.0007730752538505916,7.703992396264336e-6,0.0003287112389784852,0.0013822986953719862
2248,te,0.0007155745630385013,0.0007724888749270277,7.696215927635165e-6,0.0003282772467592565,0.0013806149052925322
2249,te,0.0007150890514040498,0.0007718745224680887,7.688438731844837e-6,0.0003280334383223504,0.0013790095205386875
2250,te,0.0007147444232593614,0.0007712836346272445,7.681366770822719e-6,0.0003278323085108781,0.0013774149900704913
2251,te,0.0007141924754350271,0.000770724694713004,7.675217199456959e-6,0.0003276334345692078,0.0013758315487301328
2252,te,0.0007139025449056646,0.0007701372425757036,7.668106400343163e-6,0.00032743751856205704,0.0013735158131808589
2253,te,0.0007133309757847428,0.0007695316646289987,7.659885324811026e-6,0.00032724560182995077,0.0013719504907079739
2254,te,0.0007127657103254137,0.000768957256417794,7.651958214730249e-6,0.0003270586094064498,0.0013707334856192686
2255,te,0.0007122961902261693,0.0007684158926111521,7.645831371883353e-6,0.0003268787665048123,0.0013711705589670943
2256,te,0.0007114828165519782,0.0007678802546950916,7.639367883072867e-6,0.00032671708312239647,0.0013702440527232796
2257,te,0.0007113554341060535,0.0007673121736789686,7.630958746769946e-6,0.00032656230987484494,0.0013701852883414745
2258,te,0.0007106835493999597,0.0007666961198298497,7.622297385945218e-6,0.0003262939023318978,0.0013672463243359799
2259,te,0.0007096903660368525,0.0007661167809714327,7.614859659686274e-6,0.0003261182031559784,0.0013671862434755154
2260,te,0.0007087111966761483,0.0007655537338573737,7.607761753446501e-6,0.00032600617330675875,0.0013671319883918895
2261,te,0.0007083888340169153,0.0007649947716553358,7.600645969499625e-6,0.00032585347852496225,0.0013670831093172352
2262,te,0.0007080170710338507,0.0007645033505075345,7.595079022814611e-6,0.0003256887768976924,0.0013670398496103075
2263,te,0.0007072674576562576,0.0007640658433545617,7.5912531228364345e-6,0.00032552998479076225,0.0013670027330356048
2264,te,0.000706697828583458,0.0007635999836609378,7.586521877388552e-6,0.0003253766584899509,0.0013657288279837587
2265,te,0.00070655176338974,0.0007630975625198095,7.5798676679580686e-6,0.00032522176231832847,0.0013658012987043833
2266,te,0.0007061722504211332,0.0007626137886357123,7.574642652739857e-6,0.00032507937239447673,0.0013669352348422592
2267,te,0.0007059348586544445,0.0007621589230877471,7.5698405509219215e-6,0.000324938270898123,0.0013669294309956114
2268,te,0.0007059531188069457,0.0007617115055812249,7.5647972219974964e-6,0.00032476929097651207,0.0013669316904099558
2269,te,0.0007060544770212118,0.000761260303728183,7.559403123056588e-6,0.0003246526164383923,0.0013660300225588173
2270,te,0.0007060141300030409,0.0007607949836541126,7.55302999416246e-6,0.0003246283586864962,0.0013652976440710063
2271,te,0.0007060225133521669,0.0007603289432606273,7.5472332097224065e-6,0.00032435773041079586,0.001365491408537878
2272,te,0.0007057057603816475,0.0007598646557436428,7.541531783996917e-6,0.000324210426798821,0.001365686451263315
2273,te,0.0007053695353960165,0.0007593946981373278,7.535414878883111e-6,0.0003240639893938635,0.001365489590484259
2274,te,0.0007052837584211602,0.0007589452378421777,7.529964863184747e-6,0.00032392981117208565,0.0013643404698264305
2275,te,0.0007045572134174449,0.0007584973523926992,7.524628999968212e-6,0.00032382746004611107,0.0013622509237052325
2276,te,0.0007040152294202073,0.0007580645067978003,7.5198559561690336e-6,0.0003236758384144167,0.0013601165300208605
2277,te,0.0007036478346371666,0.000757643870914051,7.5155063136212e-6,0.0003235379021180762,0.0013579879122126214
2278,te,0.0007030890113632893,0.0007572180076139059,7.510350037776654e-6,0.000323369910376492,0.0013558763618306102
2279,te,0.0007028866460494498,0.0007568104970824043,7.505404733009062e-6,0.00032320555784135505,0.001353639575045662
2280,te,0.0007022662898990006,0.0007563520963456014,7.4998117529654905e-6,0.00032305812145203564,0.0013525290798881429
2281,te,0.0007017459658698044,0.0007559263281181048,7.494147639547917e-6,0.00032292267189593105,0.0013518189218302723
2282,te,0.0007016725477200225,0.0007555110000328921,7.4888500490823654e-6,0.00032277561284903554,0.001350631240691058
2283,te,0.0007008381401760744,0.0007551086659978177,7.483537526024919e-6,0.00032266764834609774,0.0013508209444928808
2284,te,0.0007001453911996691,0.0007547154029582339,7.478361795448064e-6,0.0003226527441292149,0.0013510164652522862
2285,te,0.0006998280645404975,0.0007543101037567146,7.472564208363513e-6,0.00032253261220613897,0.0013505814778085323
2286,te,0.0006993535867252376,0.0007539132581530507,7.466826401303706e-6,0.00032241701892843366,0.0013485972714263994
2287,te,0.0006987524150439128,0.0007535697059220734,7.463119406106594e-6,0.00032230570806373037,0.0013459252220712867
2288,te,0.0006982776113666489,0.000753236120879996,7.45971395426987e-6,0.0003221713085613587,0.0013442466774186812
2289,te,0.000698029152992774,0.0007528829972585473,7.455227117967373e-6,0.0003219022806785432,0.0013438834617900853
2290,te,0.0006977207144522879,0.0007525064516308238,7.44973176278613e-6,0.0003217733220008512,0.0013416940962116541
2291,te,0.0006973355192769759,0.0007521277044406994,7.444370845976253e-6,0.00032164554985314453,0.0013393393905317907
2292,te,0.000696969821358806,0.000751751715681766,7.4391825620833e-6,0.00032151886130726837,0.0013385319241443479
2293,te,0.0006964713621222529,0.000751368327849196,7.433583135433333e-6,0.0003216503796913628,0.0013387046588903217
2294,te,0.0006963927373533352,0.0007509945389020558,7.4282002730161825e-6,0.0003215476377496529,0.0013388814959235161
2295,te,0.0006962975096449497,0.0007506390728646712,7.423320124527722e-6,0.0003214424572105301,0.001337389696008273
2296,te,0.0006952877102861521,0.0007503008909746871,7.418998954535071e-6,0.0003213411644336972,0.00133585697989389
2297,te,0.0006946033365835547,0.000749953711251564,7.414097893193245e-6,0.00032122445240325705,0.0013353149735245038
2298,te,0.0006942834684267041,0.0007495881929788428,7.408291215072685e-6,0.00032110854133016176,0.0013347812367776155
2299,te,0.0006940916992341783,0.0007492439218570883,7.403388319982073e-6,0.0003209958463827433,0.0013342553693874494
2300,te,0.0006937574274701319,0.0007489049057160422,7.398502597263109e-6,0.00032088560370944206,0.0013337364734375967
2025,lws,0.0,0.0,0.0,0.0,0.0
2026,lws,0.0,0.0,0.0,0.0,0.0
2027,lws,0.0,0.0,0.0,0.0,0.0
2028,lws,0.0,0.0,0.0,0.0,0.0
2029,lws,0.0,0.0,0.0,0.0,0.0
2030,lws,0.0,0.0,0.0,0.0,0.0
2031,lws,0.0,0.0,0.0,0.0,0.0
2032,lws,0.0,0.0,0.0,0.0,0.0
2033,lws,0.0,0.0,0.0,0.0,0.0
2034,lws,0.0,0.0,0.0,0.0,0.0
2035,lws,0.0,0.0,0.0,0.0,0.0
2036,lws,0.0,0.0,0.0,0.0,0.0
2037,lws,0.0,0.0,0.0,0.0,0.0
2038,lws,0.0,0.0,0.0,0.0,0.0
2039,lws,0.0,0.0,0.0,0.0,0.0
2040,lws,0.0,0.0,0.0,0.0,0.0
2041,lws,0.0,0.0,0.0,0.0,0.0
2042,lws,0.0,0.0,0.0,0.0,0.0
2043,lws,0.0,0.0,0.0,0.0,0.0
2044,lws,0.0,0.0,0.0,0.0,0.0
2045,lws,0.0,0.0,0.0,0.0,0.0
2046,lws,0.0,0.0,0.0,0.0,0.0
2047,lws,0.0,0.0,0.0,0.0,0.0
2048,lws,0.0,0.0,0.0,0.0,0.0
2049,lws,0.0,0.0,0.0,0.0,0.0
2050,lws,0.0,0.0,0.0,0.0,0.0
2051,lws,0.0,0.0,0.0,0.0,0.0
2052,lws,0.0,0.0,0.0,0.0,0.0
2053,lws,0.0,0.0,0.0,0.0,0.0
2054,lws,0.0,0.0,0.0,0.0,0.0
2055,lws,0.0,0.0,0.0,0.0,0.0
2056,lws,0.0,0.0,0.0,0.0,0.0
2057,lws,0.0,0.0,0.0,0.0,0.0
2058,lws,0.0,0.0,0.0,0.0,0.0
2059,lws,0.0,0.0,0.0,0.0,0.0
2060,lws,0.0,0.0,0.0,0.0,0.0
2061,lws,0.0,0.0,0.0,0.0,0.0
2062,lws,0.0,0.0,0.0,0.0,0.0
2063,lws,0.0,0.0,0.0,0.0,0.0
2064,lws,0.0,0.0,0.0,0.0,0.0
2065,lws,0.0,0.0,0.0,0.0,0.0
2066,lws,0.0,0.0,0.0,0.0,0.0
2067,lws,0.0,0.0,0.0,0.0,0.0
2068,lws,0.0,0.0,0.0,0.0,0.0
2069,lws,0.0,0.0,0.0,0.0,0.0
2070,lws,0.0,0.0,0.0,0.0,0.0
2071,lws,0.0,0.0,0.0,0.0,0.0
2072,lws,0.0,0.0,0.0,0.0,0.0
2073,lws,0.0,0.0,0.0,0.0,0.0
2074,lws,0.0,0.0,0.0,0.0,0.0
2075,lws,0.0,0.0,0.0,0.0,0.0
2076,lws,0.0,0.0,0.0,0.0,0.0
2077,lws,0.0,0.0,0.0,0.0,0.0
2078,lws,0.0,0.0,0.0,0.0,0.0
2079,lws,0.0,0.0,0.0,0.0,0.0
2080,lws,0.0,0.0,0.0,0.0,0.0
2081,lws,0.0,0.0,0.0,0.0,0.0
2082,lws,0.0,0.0,0.0,0.0,0.0
2083,lws,0.0,0.0,0.0,0.0,0.0
2084,lws,0.0,0.0,0.0,0.0,0.0
2085,lws,0.0,0.0,0.0,0.0,0.0
2086,lws,0.0,0.0,0.0,0.0,0.0
2087,lws,0.0,0.0,0.0,0.0,0.0
2088,lws,0.0,0.0,0.0,0.0,0.0
2089,lws,0.0,0.0,0.0,0.0,0.0
2090,lws,0.0,0.0,0.0,0.0,0.0
2091,lws,0.0,0.0,0.0,0.0,0.0
2092,lws,0.0,0.0,0.0,0.0,0.0
2093,lws,0.0,0.0,0.0,0.0,0.0
2094,lws,0.0,0.0,0.0,0.0,0.0
2095,lws,0.0,0.0,0.0,0.0,0.0
2096,lws,0.0,0.0,0.0,0.0,0.0
2097,lws,0.0,0.0,0.0,0.0,0.0
2098,lws,0.0,0.0,0.0,0.0,0.0
2099,lws,0.0,0.0,0.0,0.0,0.0
2100,lws,0.0,0.0,0.0,0.0,0.0
2101,lws,0.0,0.0,0.0,0.0,0.0
2102,lws,0.0,0.0,0.0,0.0,0.0
2103,lws,0.0,0.0,0.0,0.0,0.0
2104,lws,0.0,0.0,0.0,0.0,0.0
2105,lws,0.0,0.0,0.0,0.0,0.0
2106,lws,0.0,0.0,0.0,0.0,0.0
2107,lws,0.0,0.0,0.0,0.0,0.0
2108,lws,0.0,0.0,0.0,0.0,0.0
2109,lws,0.0,0.0,0.0,0.0,0.0
2110,lws,0.0,0.0,0.0,0.0,0.0
2111,lws,0.0,0.0,0.0,0.0,0.0
2112,lws,0.0,0.0,0.0,0.0,0.0
2113,lws,0.0,0.0,0.0,0.0,0.0
2114,lws,0.0,0.0,0.0,0.0,0.0
2115,lws,0.0,0.0,0.0,0.0,0.0
2116,lws,0.0,0.0,0.0,0.0,0.0
2117,lws,0.0,0.0,0.0,0.0,0.0
2118,lws,0.0,0.0,0.0,0.0,0.0
2119,lws,0.0,0.0,0.0,0.0,0.0
2120,lws,0.0,0.0,0.0,0.0,0.0
2121,lws,0.0,0.0,0.0,0.0,0.0
2122,lws,0.0,0.0,0.0,0.0,0.0
2123,lws,0.0,0.0,0.0,0.0,0.0
2124,lws,0.0,0.0,0.0,0.0,0.0
2125,lws,0.0,0.0,0.0,0.0,0.0
2126,lws,0.0,0.0,0.0,0.0,0.0
2127,lws,0.0,0.0,0.0,0.0,0.0
2128,lws,0.0,0.0,0.0,0.0,0.0
2129,lws,0.0,0.0,0.0,0.0,0.0
2130,lws,0.0,0.0,0.0,0.0,0.0
2131,lws,0.0,0.0,0.0,0.0,0.0
2132,lws,0.0,0.0,0.0,0.0,0.0
2133,lws,0.0,0.0,0.0,0.0,0.0
2134,lws,0.0,0.0,0.0,0.0,0.0
2135,lws,0.0,0.0,0.0,0.0,0.0
2136,lws,0.0,0.0,0.0,0.0,0.0
2137,lws,0.0,0.0,0.0,0.0,0.0
2138,lws,0.0,0.0,0.0,0.0,0.0
2139,lws,0.0,0.0,0.0,0.0,0.0
2140,lws,0.0,0.0,0.0,0.0,0.0
2141,lws,0.0,0.0,0.0,0.0,0.0
2142,lws,0.0,0.0,0.0,0.0,0.0
2143,lws,0.0,0.0,0.0,0.0,0.0
2144,lws,0.0,0.0,0.0,0.0,0.0
2145,lws,0.0,0.0,0.0,0.0,0.0
2146,lws,0.0,0.0,0.0,0.0,0.0
2147,lws,0.0,0.0,0.0,0.0,0.0
2148,lws,0.0,0.0,0.0,0.0,0.0
2149,lws,0.0,0.0,0.0,0.0,0.0
2150,lws,0.0,0.0,0.0,0.0,0.0
2151,lws,0.0,0.0,0.0,0.0,0.0
2152,lws,0.0,0.0,0.0,0.0,0.0
2153,lws,0.0,0.0,0.0,0.0,0.0
2154,lws,0.0,0.0,0.0,0.0,0.0
2155,lws,0.0,0.0,0.0,0.0,0.0
2156,lws,0.0,0.0,0.0,0.0,0.0
2157,lws,0.0,0.0,0.0,0.0,0.0
2158,lws,0.0,0.0,0.0,0.0,0.0
2159,lws,0.0,0.0,0.0,0.0,0.0
2160,lws,0.0,0.0,0.0,0.0,0.0
2161,lws,0.0,0.0,0.0,0.0,0.0
2162,lws,0.0,0.0,0.0,0.0,0.0
2163,lws,0.0,0.0,0.0,0.0,0.0
2164,lws,0.0,0.0,0.0,0.0,0.0
2165,lws,0.0,0.0,0.0,0.0,0.0
2166,lws,0.0,0.0,0.0,0.0,0.0
2167,lws,0.0,0.0,0.0,0.0,0.0
2168,lws,0.0,0.0,0.0,0.0,0.0
2169,lws,0.0,0.0,0.0,0.0,0.0
2170,lws,0.0,0.0,0.0,0.0,0.0
2171,lws,0.0,0.0,0.0,0.0,0.0
2172,lws,0.0,0.0,0.0,0.0,0.0
2173,lws,0.0,0.0,0.0,0.0,0.0
2174,lws,0.0,0.0,0.0,0.0,0.0
2175,lws,0.0,0.0,0.0,0.0,0.0
2176,lws,0.0,0.0,0.0,0.0,0.0
2177,lws,0.0,0.0,0.0,0.0,0.0
2178,lws,0.0,0.0,0.0,0.0,0.0
2179,lws,0.0,0.0,0.0,0.0,0.0
2180,lws,0.0,0.0,0.0,0.0,0.0
2181,lws,0.0,0.0,0.0,0.0,0.0
2182,lws,0.0,0.0,0.0,0.0,0.0
2183,lws,0.0,0.0,0.0,0.0,0.0
2184,lws,0.0,0.0,0.0,0.0,0.0
2185,lws,0.0,0.0,0.0,0.0,0.0
2186,lws,0.0,0.0,0.0,0.0,0.0
2187,lws,0.0,0.0,0.0,0.0,0.0
2188,lws,0.0,0.0,0.0,0.0,0.0
2189,lws,0.0,0.0,0.0,0.0,0.0
2190,lws,0.0,0.0,0.0,0.0,0.0
2191,lws,0.0,0.0,0.0,0.0,0.0
2192,lws,0.0,0.0,0.0,0.0,0.0
2193,lws,0.0,0.0,0.0,0.0,0.0
2194,lws,0.0,0.0,0.0,0.0,0.0
2195,lws,0.0,0.0,0.0,0.0,0.0
2196,lws,0.0,0.0,0.0,0.0,0.0
2197,lws,0.0,0.0,0.0,0.0,0.0
2198,lws,0.0,0.0,0.0,0.0,0.0
2199,lws,0.0,0.0,0.0,0.0,0.0
2200,lws,0.0,0.0,0.0,0.0,0.0
2201,lws,0.0,0.0,0.0,0.0,0.0
2202,lws,0.0,0.0,0.0,0.0,0.0
2203,lws,0.0,0.0,0.0,0.0,0.0
2204,lws,0.0,0.0,0.0,0.0,0.0
2205,lws,0.0,0.0,0.0,0.0,0.0
2206,lws,0.0,0.0,0.0,0.0,0.0
2207,lws,0.0,0.0,0.0,0.0,0.0
2208,lws,0.0,0.0,0.0,0.0,0.0
2209,lws,0.0,0.0,0.0,0.0,0.0
2210,lws,0.0,0.0,0.0,0.0,0.0
2211,lws,0.0,0.0,0.0,0.0,0.0
2212,lws,0.0,0.0,0.0,0.0,0.0
2213,lws,0.0,0.0,0.0,0.0,0.0
2214,lws,0.0,0.0,0.0,0.0,0.0
2215,lws,0.0,0.0,0.0,0.0,0.0
2216,lws,0.0,0.0,0.0,0.0,0.0
2217,lws,0.0,0.0,0.0,0.0,0.0
2218,lws,0.0,0.0,0.0,0.0,0.0
2219,lws,0.0,0.0,0.0,0.0,0.0
2220,lws,0.0,0.0,0.0,0.0,0.0
2221,lws,0.0,0.0,0.0,0.0,0.0
2222,lws,0.0,0.0,0.0,0.0,0.0
2223,lws,0.0,0.0,0.0,0.0,0.0
2224,lws,0.0,0.0,0.0,0.0,0.0
2225,lws,0.0,0.0,0.0,0.0,0.0
2226,lws,0.0,0.0,0.0,0.0,0.0
2227,lws,0.0,0.0,0.0,0.0,0.0
2228,lws,0.0,0.0,0.0,0.0,0.0
2229,lws,0.0,0.0,0.0,0.0,0.0
2230,lws,0.0,0.0,0.0,0.0,0.0
2231,lws,0.0,0.0,0.0,0.0,0.0
2232,lws,0.0,0.0,0.0,0.0,0.0
2233,lws,0.0,0.0,0.0,0.0,0.0
2234,lws,0.0,0.0,0.0,0.0,0.0
2235,lws,0.0,0.0,0.0,0.0,0.0
2236,lws,0.0,0.0,0.0,0.0,0.0
2237,lws,0.0,0.0,0.0,0.0,0.0
2238,lws,0.0,0.0,0.0,0.0,0.0
2239,lws,0.0,0.0,0.0,0.0,0.0
2240,lws,0.0,0.0,0.0,0.0,0.0
2241,lws,0.0,0.0,0.0,0.0,0.0
2242,lws,0.0,0.0,0.0,0.0,0.0
2243,lws,0.0,0.0,0.0,0.0,0.0
2244,lws,0.0,0.0,0.0,0.0,0.0
2245,lws,0.0,0.0,0.0,0.0,0.0
2246,lws,0.0,0.0,0.0,0.0,0.0
2247,lws,0.0,0.0,0.0,0.0,0.0
2248,lws,0.0,0.0,0.0,0.0,0.0
2249,lws,0.0,0.0,0.0,0.0,0.0
2250,lws,0.0,0.0,0.0,0.0,0.0
2251,lws,0.0,0.0,0.0,0.0,0.0
2252,lws,0.0,0.0,0.0,0.0,0.0
2253,lws,0.0,0.0,0.0,0.0,0.0
2254,lws,0.0,0.0,0.0,0.0,0.0
2255,lws,0.0,0.0,0.0,0.0,0.0
2256,lws,0.0,0.0,0.0,0.0,0.0
2257,lws,0.0,0.0,0.0,0.0,0.0
2258,lws,0.0,0.0,0.0,0.0,0.0
2259,lws,0.0,0.0,0.0,0.0,0.0
2260,lws,0.0,0.0,0.0,0.0,0.0
2261,lws,0.0,0.0,0.0,0.0,0.0
2262,lws,0.0,0.0,0.0,0.0,0.0
2263,lws,0.0,0.0,0.0,0.0,0.0
2264,lws,0.0,0.0,0.0,0.0,0.0
2265,lws,0.0,0.0,0.0,0.0,0.0
2266,lws,0.0,0.0,0.0,0.0,0.0
2267,lws,0.0,0.0,0.0,0.0,0.0
2268,lws,0.0,0.0,0.0,0.0,0.0
2269,lws,0.0,0.0,0.0,0.0,0.0
2270,lws,0.0,0.0,0.0,0.0,0.0
2271,lws,0.0,0.0,0.0,0.0,0.0
2272,lws,0.0,0.0,0.0,0.0,0.0
2273,lws,0.0,0.0,0.0,0.0,0.0
2274,lws,0.0,0.0,0.0,0.0,0.0
2275,lws,0.0,0.0,0.0,0.0,0.0
2276,lws,0.0,0.0,0.0,0.0,0.0
2277,lws,0.0,0.0,0.0,0.0,0.0
2278,lws,0.0,0.0,0.0,0.0,0.0
2279,lws,0.0,0.0,0.0,0.0,0.0
2280,lws,0.0,0.0,0.0,0.0,0.0
2281,lws,0.0,0.0,0.0,0.0,0.0
2282,lws,0.0,0.0,0.0,0.0,0.0
2283,lws,0.0,0.0,0.0,0.0,0.0
2284,lws,0.0,0.0,0.0,0.0,0.0
2285,lws,0.0,0.0,0.0,0.0,0.0
2286,lws,0.0,0.0,0.0,0.0,0.0
2287,lws,0.0,0.0,0.0,0.0,0.0
2288,lws,0.0,0.0,0.0,0.0,0.0
2289,lws,0.0,0.0,0.0,0.0,0.0
2290,lws,0.0,0.0,0.0,0.0,0.0
2291,lws,0.0,0.0,0.0,0.0,0.0
2292,lws,0.0,0.0,0.0,0.0,0.0
2293,lws,0.0,0.0,0.0,0.0,0.0
2294,lws,0.0,0.0,0.0,0.0,0.0
2295,lws,0.0,0.0,0.0,0.0,0.0
2296,lws,0.0,0.0,0.0,0.0,0.0
2297,lws,0.0,0.0,0.0,0.0,0.0
2298,lws,0.0,0.0,0.0,0.0,0.0
2299,lws,0.0,0.0,0.0,0.0,0.0
2300,lws,0.0,0.0,0.0,0.0,0.0
2025,total,0.0,0.0,0.0,0.0,0.0
2026,total,0.0,0.0,0.0,0.0,0.0
2027,total,0.0,0.0,0.0,0.0,0.0
2028,total,0.0,0.0,0.0,0.0,0.0
2029,total,0.0,0.0,0.0,0.0,0.0
2030,total,0.0,0.0,0.0,0.0,0.0
2031,total,0.00014567315572833195,0.00014810676030613124,7.451124405591949e-7,9.857523550325097e-5,0.00020630585944063639
2032,total,0.00038103899173602684,0.00038810866310122494,1.925345256944368e-6,0.0002612252407256044,0.0005381470709877156
2033,total,0.000579218343728094,0.0005973370741648631,7.125652097411914e-6,0.00039723794515387215,0.0008210822801775208
2034,total,0.0007504569089000768,0.0007728037349476278,7.5777109300704926e-6,0.0005146096864837802,0.001065844216633316
2035,total,0.0009014865970984332,0.0009263545865535776,8.054130578656026e-6,0.0006129709987228616,0.0012842996858416279
2036,total,0.0010318150637775858,0.0010609408274460175,8.491399890777725e-6,0.0006997664819217598,0.0014767221923458252
2037,total,0.0011485903813630571,0.0011814165540296512,8.929470794051912e-6,0.0007730608321475429,0.001657075885532322
2038,total,0.0012518886800574336,0.0015042870594457768,0.00021481490781019832,0.0008412494914433744,0.0018184551873711818
2039,total,0.0013481975339200147,0.0016041309602601644,0.00021587838695738028,0.0009013412262383724,0.0019638337647712944
2040,total,0.0014307795386789834,0.0016931258216126839,0.00021579950097177638,0.0009536636583195701,0.002090610070304688
2041,total,0.0015099396773967655,0.0017740057097487565,0.00021571317416991536,0.001005650465933794,0.0022204519609070775
2042,total,0.0015780692389562034,0.001847563989151979,0.0002156255205805446,0.0010484693917813814,0.002339067243332948
2043,total,0.0016431198593940266,0.0019145832449175,0.00021553657017497506,0.0010845230875126787,0.0024320759086766232
2044,total,0.0017023038487131714,0.0019756885851666883,0.0002154463478375939,0.0011164092346607644,0.0025276690118905872
2045,total,0.0017567124428321534,0.002031486940630919,0.00021535482776124682,0.0011503666210341378,0.002621602103087639
2046,total,0.0018049338278451899,0.0020825159207754113,0.00021526198938991061,0.001182283074517798,0.002697536890133989
2047,total,0.001850284697248128,0.002681481218088199,0.0005925628343689686,0.0012077328307359635,0.0027774319330504224
2048,total,0.0018901592639162246,0.002726790695480492,0.0005949594673986138,0.0012352198823099238,0.002854870305905699
2049,total,0.0019268373766490043,0.0027655236109358733,0.0005946526970936397,0.0012483281376939105,0.002923137961274413
2050,total,0.0019643082956335434,0.0028008472008957696,0.0005943312545711431,0.0012673253429973386,0.002981563243979046
2051,total,0.001995422040902639,0.002833044110214302,0.0005940093705180347,0.001282456059488535,0.0030385013622025166
2052,total,0.0020256695394333946,0.003237493340114896,0.0007020225319280149,0.001295716016639048,0.003098791610090146
2053,total,0.002051202553710496,0.0038260073335837693,0.0008979991104161454,0.0013185910711010608,0.0031481285802531286
2054,total,0.002075989866122896,0.00414434180153067,0.0009456723302878783,0.001318753118743565,0.0031889521400898955
2055,total,0.0020990130895750525,0.004167577651176151,0.000945791833069999,0.0013286865589435593,0.003234198364721585
2056,total,0.002116610940547048,0.004522593104591149,0.0010029577755881894,0.0013361122783905445,0.0032788583413976722
2057,total,0.0021300149052745354,0.004541729530939951,0.0010030756122618816,0.0013435961858029087,0.0033145158385934795
2058,total,0.002146375827130953,0.004557300762236166,0.0010025735924069274,0.0013471873514877331,0.003364791492407804
2059,total,0.0021593991494128773,0.005039343979018026,0.0011055337087602917,0.0013487555014224384,0.0034091158575858312
2060,total,0.0021720384889132305,0.005055456018914564,0.001106615839328367,0.0013553625967114514,0.003429838114573868
2061,total,0.002182469401475373,0.00565524037080892,0.0012523546711420304,0.0013637695313208908,0.003459318795684751
2062,total,0.0021902629645396132,0.005669206206911937,0.0012538951086222868,0.0013656349120504175,0.003491025512537327
2063,total,0.002199990301999577,0.005677563471826197,0.0012533439536114336,0.0013654173388339074,0.003523163244190996
2064,total,0.0022069432505027464,0.005684818285946587,0.0012527771280613415,0.0013660997483096794,0.0035442584519817188
2065,total,0.0022086560988672232,0.005691038534667061,0.0012522105220841037,0.0013685140397956986,0.003569583934124765
2066,total,0.00221523496860776,0.005696404599319207,0.0012516441275885939,0.001367495795752305,0.0035841395625745066
2067,total,0.0022215638033031837,0.006339563384121977,0.001403696312350492,0.001366439615646442,0.00359464427043683
2068,total,0.0022250338986093965,0.006347811766271153,0.0014052300108119606,0.0013674894719594378,0.0036111670497760424
2069,total,0.002229876535817965,0.006350553179678132,0.0014045786127202422,0.0013635891021985813,0.00363665742533783
2070,total,0.0022304178579197753,0.006352621824763975,0.0014039108933317,0.0013634826898343277,0.003659637046211017
2071,total,0.0022349270327417514,0.00635407865674611,0.0014032434007256861,0.0013644403206050982,0.0036734024707222087
2072,total,0.002237827077676613,0.0063549500028984105,0.0014025763193914042,0.0013652521488857871,0.0036878283017010454
2073,total,0.0022398389118301054,0.00635528913053475,0.0014019096294229996,0.0013624537307748595,0.0037036377062740653
2074,total,0.002241277921717355,0.0063551399466278,0.0014012433188781248,0.0013629156752113403,0.003717467928011686
2075,total,0.0022427555136914634,0.006354559568787089,0.0014005773723807205,0.00136202797930558,0.0037320169966449154
2076,total,0.0022428545951882484,0.006353586601188933,0.0013999117618730347,0.0013582927826721659,0.0037467621780812974
2077,total,0.002241789812316597,0.0063522278671913415,0.0013992465133655634,0.001355809725572854,0.003758542640000329
2078,total,0.0022412753430600674,0.006350498879002824,0.0013985816050655713,0.0013544717515772573,0.003770797210072629
2079,total,0.0022403428348560794,0.006348483667969317,0.0013979169268078778,0.0013529593696077313,0.0037823989961026424
2080,total,0.0022391910472236987,0.0063461767030022894,0.0013972524616630785,0.0013510551356636924,0.003793395346748696
2081,total,0.002236259710059585,0.0063435809139597175,0.0013965882151422957,0.0013470492250093004,0.0038038191402058885
2082,total,0.002232952911622732,0.006340715521403166,0.0013959241948945822,0.0013420744212217172,0.003813700167011902
2083,total,0.0022329469236979094,0.006337614830977836,0.001395260399933719,0.0013373549787743856,0.0038241208262888905
2084,total,0.0022311986053331623,0.006334305542478717,0.0013945968529362716,0.0013353564644997817,0.0038345805878293505
2085,total,0.0022314610048468353,0.006330760063728545,0.001393933612487155,0.0013303418287641477,0.0038394998806815296
2086,total,0.002228995647762133,0.006940123753661963,0.0015216859558229877,0.0013309422582484132,0.003847998419133347
2087,total,0.002225102223167852,0.00693925667954414,0.0015223042308214656,0.0013270405939131535,0.0038523017710961225
2088,total,0.0022217933505430665,0.006934718443369011,0.0015215091224052074,0.0013222258894577622,0.0038578445657442726
2089,total,0.0022174984932306074,0.00693000347478775,0.0015207061908693587,0.0013205092872109248,0.003862610560711488
2090,total,0.002212538654710272,0.006925167467059248,0.0015199034257044194,0.0013184036477298378,0.0038620427826913327
2091,total,0.00220761523762647,0.006920176869970918,0.001519100854417633,0.0013130924046638624,0.0038587809440834057
2092,total,0.002204607965005323,0.006915060949859171,0.0015182984260905168,0.001306925143264337,0.0038610666511466715
2093,total,0.0022000532778569948,0.0069098276045279315,0.0015174960639984805,0.0013008328847913474,0.0038677933652387256
2094,total,0.00219635878026736,0.006904489403418445,0.0015166938501135895,0.0012966094828264828,0.0038596045326912067
2095,total,0.0021914719303026686,0.0068990450379389475,0.0015158919056393121,0.0012917345294397365,0.0038618564302936417
2096,total,0.002186638382781325,0.006893476281534294,0.0015150903131058422,0.0012862159236707526,0.0038653997647543287
2097,total,0.0021808035060146835,0.00688783802014318,0.0015142890583175089,0.0012792733787414079,0.003869713431387822
2098,total,0.0021750625324230555,0.006882166560555694,0.0015134880777923213,0.0012757632674883722,0.0038878537834925453
2099,total,0.002169861822959973,0.00687640463176189,0.0015126874071639085,0.001272655026066616,0.0038889537955142826
2100,total,0.0021644042345059233,0.00687057887588237,0.00151188696300764,0.0012698010735118003,0.0038775001279567787
2101,total,0.002159894497737014,0.006864694752675359,0.001511086665752432,0.0012667239897638182,0.00387158017961724
2102,total,0.0021566377435817685,0.006858710768360424,0.0015102864829304148,0.0012615766016992325,0.003861628038090003
2103,total,0.0021528966241604053,0.006852679051611201,0.0015094863801689885,0.0012596273463461928,0.003858982958598744
2104,total,0.0021494503786883,0.006846576075641328,0.0015086864209597568,0.0012561213254372206,0.00385025069003646
2105,total,0.0021434426168198684,0.00684040026537896,0.0015078866966319162,0.00125103764828296,0.0038482289009849065
2106,total,0.002137535050842132,0.0068342057384208595,0.001507087166794054,0.001247695888356759,0.0038466922768847665
2107,total,0.002130712829092829,0.006827998393601575,0.0015062879177044582,0.001242119313990031,0.0038468168240903817
2108,total,0.002127554379086405,0.006821702436292121,0.0015054891208152235,0.00123571172056387,0.0038524067766857683
2109,total,0.0021222160197567064,0.006815400286580619,0.0015046905845902568,0.0012293477131841257,0.0038606458347182127
2110,total,0.002118345196343796,0.006809106786170977,0.0015038918068430837,0.00122534863275483,0.0038639719673128066
2111,total,0.0021133624715687915,0.00680273112199318,0.0015030932172288454,0.0012217128703209568,0.003867077192435886
2112,total,0.002110165979772205,0.006796337343934421,0.0015022944225915242,0.0012172649195726138,0.003867626330173124
2113,total,0.0021067951320858924,0.00678992620028488,0.0015014955339083646,0.0012131582374472318,0.0038658528718869428
2114,total,0.002101240147602823,0.006783464417618749,0.0015006969187504888,0.0012082420581783994,0.003864217111024004
2115,total,0.002098233505613223,0.006776971144537432,0.0014998986944784747,0.0012019841463825288,0.0038677372719803315
2116,total,0.0020930702872448137,0.006770513828118278,0.0014991005231805219,0.0011968311839495982,0.003869775233985706
2117,total,0.0020872314099520395,0.006763966974522134,0.001498302358978646,0.001189592366467096,0.003869374527099012
2118,total,0.002084512340744027,0.006757282119186908,0.0014975050136319778,0.0011853448355399366,0.0038618236516029464
2119,total,0.002079516392988978,0.006750695325962585,0.0014967080463361157,0.0011820548264005028,0.0038685754166792206
2120,total,0.00207538370497673,0.00674412266070992,0.0014959110846731083,0.0011787054321096948,0.0038717177743706086
2121,total,0.0020693688064525873,0.0067374559437988315,0.0014951143272587007,0.001175023108702078,0.003869803003574645
2122,total,0.0020663730828403004,0.006730836598969091,0.0014943176696250043,0.0011704249375341647,0.0038674276476783113
2123,total,0.0020619542728326223,0.0067242801401788625,0.001493520687397862,0.0011656086657531263,0.0038717942192590723
2124,total,0.0020551588421540146,0.006717645974057969,0.0014927237861201363,0.0011607027006689918,0.0038694425033128253
2125,total,0.002050533544846189,0.006710944677264262,0.0014919270944966103,0.0011554312985055048,0.003863879367673916
2126,total,0.002044025292455842,0.00670426970186649,0.001491130853197987,0.0011490860925874812,0.0038586335894464684
2127,total,0.0020365989666970563,0.006697530953315425,0.0014903351764203566,0.0011417198965709475,0.0038568861145066064
2128,total,0.0020335922645884352,0.006690818705400034,0.0014895396321303327,0.0011366604460611998,0.003854900056896325
2129,total,0.00202812906192662,0.006684158601664457,0.0014887441619691414,0.0011306320688440506,0.0038529289918557185
2130,total,0.002021209465311813,0.006677447415803538,0.001487948881181521,0.0011266665059679326,0.0038509828794730068
2131,total,0.002013845601162245,0.00667080923474834,0.0014871539785178576,0.0011238536873911188,0.0038490752208929263
2132,total,0.0020072218855489155,0.006664149726446613,0.0014863589344181949,0.0011185584619866518,0.0038521481589000916
2133,total,0.0020028058088286116,0.006657495467157098,0.001485562514527227,0.0011129533698348128,0.0038623509335941712
2134,total,0.0019967907974987043,0.006650849960946918,0.0014847663843401595,0.0011076045268559652,0.0038727027923492583
2135,total,0.001991157959764678,0.006644118881333025,0.0014839704256020252,0.001102418045196174,0.003875662054588247
2136,total,0.001986119965337707,0.0066375242918674604,0.0014831750761703192,0.001096554102378633,0.003874561309409329
2137,total,0.001981108520887176,0.006630967946831685,0.0014823814469824093,0.00109093057853471,0.0038848307985034566
2138,total,0.001977421024307091,0.006624285956665453,0.0014815881606539286,0.0010855605179557414,0.0038957104224735407
2139,total,0.001972230714017087,0.006617562298127712,0.0014807953794079088,0.0010810203374497006,0.003906768319239972
2140,total,0.0019677538871007982,0.006610870926454766,0.0014800029300352725,0.0010745554220164876,0.0039176774896020556
2141,total,0.0019623718983226013,0.006604186210627696,0.001479210267453757,0.001069041672506188,0.003928613481932075
2142,total,0.001956562706020293,0.006597575255429781,0.0014784167452532159,0.001063757917319208,0.003936237792235886
2143,total,0.00195258682586541,0.006590988842256721,0.001477622265526583,0.0010592892897463456,0.0039378462118150985
2144,total,0.0019467080327331132,0.006584373235253931,0.0014768282096489272,0.0010543365436994634,0.003943353134999938
2145,total,0.0019396543657705934,0.0065777670278510956,0.0014760345651655376,0.0010496560740733685,0.0039529275869710995
2146,total,0.0019342230463195165,0.006571243292876776,0.001475241024669613,0.0010442272009392184,0.003962139844460921
2147,total,0.001930103338949607,0.0065647553462927204,0.0014744474595470877,0.0010364867465128215,0.0039665460104600925
2148,total,0.0019233588549383285,0.006558256632384889,0.001473653280816353,0.001030727089464989,0.003966115049141194
2149,total,0.0019173690542118038,0.006551734809547352,0.0014728594338595754,0.0010228226772753147,0.003962548659613673
2150,total,0.001913633730453057,0.00654516036939836,0.0014720664117456644,0.0010157997287009834,0.003959011483932784
2151,total,0.001908090626102421,0.006538588532294067,0.0014712745036141836,0.0010125176313792394,0.003955504404082433
2152,total,0.001902227570852233,0.006532071683570812,0.0014704828101592218,0.001005570392302957,0.003952029036635451
2153,total,0.0018968280615609956,0.006525624896049895,0.001469690646366254,0.001000811417931402,0.0039494291529265976
2154,total,0.0018926664563991835,0.006519224270224207,0.00146889791936363,0.000996126901267047,0.003948893325642188
2155,total,0.0018876991792780018,0.006512799126506351,0.0014681066493128319,0.0009896564065435599,0.003949761308388133
2156,total,0.0018824028035453466,0.006506372001622072,0.0014673157613789552,0.0009847211637911356,0.003951842891349599
2157,total,0.0018771486191013764,0.006500009148904987,0.001466523839124886,0.0009781018456820334,0.003956671573217818
2158,total,0.0018716052453839893,0.006493711257358868,0.0014657336533388467,0.0009717220748385102,0.003959069358963062
2159,total,0.00186681424976598,0.006487471867344731,0.0014649442612749638,0.0009645478032638266,0.003968584301496492
2160,total,0.0018608805020079444,0.00648125886951037,0.0014641540964029105,0.0009575176654308848,0.0039732152539571075
2161,total,0.0018559822637485013,0.006475039451550693,0.0014633643552395279,0.0009511573393439221,0.003972566781099828
2162,total,0.0018510114936916011,0.0064688995720640465,0.0014625752806029367,0.0009467355048379033,0.00397367463138778
2163,total,0.0018474968016093385,0.006462792353469716,0.0014617854293505416,0.000938828443278794,0.003983970699204064
2164,total,0.0018431392821156578,0.006456655735914765,0.0014609944013629355,0.0009346757893553104,0.003984839793989181
2165,total,0.0018360342723440226,0.006450479814365877,0.0014602044289579728,0.000930046873156698,0.003992562026868996
2166,total,0.0018316866795373699,0.006444409633171986,0.0014594156405131425,0.000924378420148031,0.00399380796039992
2167,total,0.001828100127809762,0.0064385013337436734,0.00145862514677536,0.000917246766923796,0.004005511397240013
2168,total,0.001825024817193821,0.006432546108623832,0.001457835139717212,0.0009113143916756883,0.004017945361079
2169,total,0.0018216508169501822,0.006426509738730317,0.00145704720779407,0.0009071766143463833,0.004028494316868602
2170,total,0.0018187882296558655,0.006420552150739504,0.0014562596505468437,0.0009034540069634999,0.004029497295067586
2171,total,0.0018150494157964658,0.0064147674780916045,0.0014554721816795188,0.0008951484740080673,0.004030458781683421
2172,total,0.0018097691612410927,0.006408979850399,0.0014546834713098631,0.0008903030180100303,0.004031371832282104
2173,total,0.0018071214509234323,0.006403164043644182,0.0014538946431655894,0.0008839061349405598,0.0040320830281814326
2174,total,0.0018040713231783911,0.00639737868265982,0.0014531073755722852,0.0008783156496093625,0.004033146453875247
2175,total,0.001800352856974996,0.0063917548438165855,0.0014523212114170747,0.0008747049206277779,0.004033997749510831
2176,total,0.0017975238475713695,0.0063861783637386505,0.001451534697898363,0.0008710536656536761,0.004034861867006611
2177,total,0.001794291321417063,0.006380614753405709,0.0014507471346794924,0.0008651195099034226,0.004035648430500771
2178,total,0.0017904815714899769,0.006375142860759532,0.001449959516091804,0.0008589425594806243,0.004046797295831084
2179,total,0.00178627200185133,0.006369657861347328,0.0014491721225589462,0.0008541805315275042,0.004048870149358663
2180,total,0.0017827938311540947,0.006364304755257308,0.001448384972086661,0.0008476569643775633,0.0040484859348509875
2181,total,0.0017768824650801207,0.006359094828692576,0.0014475982816858635,0.0008406838498657976,0.004051944039559885
2182,total,0.0017749033072931297,0.0063538208360089925,0.0014468125201100787,0.0008377923085831184,0.004053593697395286
2183,total,0.0017697713592497166,0.006348400912857279,0.0014460272997202954,0.0008324438085608677,0.004047075902221308
2184,total,0.0017656620512269683,0.006343181743986811,0.0014452413961057282,0.0008286319105963002,0.004040820540012645
2185,total,0.0017620527659829577,0.006338043887651452,0.001444457355764472,0.0008251787971033763,0.004041543824121162
2186,total,0.0017596297896460555,0.006332979768205121,0.0014436751632013359,0.0008220446186214758,0.0040420968570956
2187,total,0.0017541363890529738,0.006328015089814883,0.0014428919302659372,0.0008192866786743025,0.0040427095825265255
2188,total,0.0017506174100816452,0.006322924170192834,0.0014421075083781527,0.0008165436938540439,0.004046316019679351
2189,total,0.0017480890580259256,0.006318012395264652,0.0014413230409365146,0.0008135368746948758,0.004051542950895736
2190,total,0.0017435495028195191,0.006313337429658126,0.0014405389166659368,0.0008077107464544043,0.004056666090585282
2191,total,0.0017405558823213596,0.006308609751019148,0.0014397558214447948,0.0008043546295070314,0.004062486464729886
2192,total,0.0017357981883350249,0.006303872435420658,0.0014389739368878794,0.0007998754830367715,0.004068444985819042
2193,total,0.00173106289312841,0.006299196872151242,0.0014381918277973946,0.0007931778320681816,0.004071281777274294
2194,total,0.001726023036837887,0.0062945512144671764,0.0014374094655589128,0.0007865985615211458,0.004080303200925072
2195,total,0.0017216354067812745,0.006290015349724797,0.0014366277721916407,0.0007837160812186995,0.004086908998530702
2196,total,0.0017177785204864904,0.006285505460037925,0.0014358472810785746,0.00078173624721245,0.004093401488995595
2197,total,0.0017128119736895542,0.006281042412392949,0.0014350677169379206,0.000779793392101169,0.004108593367209323
2198,total,0.001709902393486118,0.0062766771229847435,0.0014342876852724673,0.0007783634365381431,0.004109931584540049
2199,total,0.00170520342778957,0.006272360278126556,0.0014335074168691404,0.0007730014089787574,0.004111436869681028
2200,total,0.0017032828215945983,0.006268174550117869,0.0014327281728616483,0.0007699086305620995,0.00411099456414945
2201,total,0.0017011118359278043,0.006264138706019871,0.0014319493509685633,0.0007650802313790451,0.0041066529035219896
2202,total,0.0016989827805957702,0.006260033360426484,0.0014311713497557523,0.0007593186732492541,0.004103440252606559
2203,total,0.0016921897240251838,0.006255915445629391,0.0014303943153765636,0.0007587537083750817,0.00411079572157007
2204,total,0.0016886776589046804,0.0062519552173402534,0.0014296179089418493,0.0007551949908531696,0.004125841729347711
2205,total,0.0016841358675208085,0.006248060728008447,0.0014288425599368498,0.0007548631191269806,0.004148140080454255
2206,total,0.0016812401945571764,0.00624418707485924,0.0014280679076607127,0.0007510376828847142,0.00414025180165538
2207,total,0.0016792266753924423,0.006240333715168809,0.0014272933671122233,0.0007472874691629272,0.004140832979965124
2208,total,0.0016755845789901969,0.00623657109590409,0.0014265186465582027,0.0007434961359834346,0.0041485024948741496
2209,total,0.0016743014764841746,0.006232929116572947,0.0014257442193651817,0.0007396665945890391,0.004156254871111285
2210,total,0.0016723309349657711,0.006229244085941083,0.0014249708192170952,0.0007365502685985348,0.004164103043285648
2211,total,0.0016701117603616922,0.006225564304626531,0.0014241983177892977,0.0007361359955083913,0.004172158258393209
2212,total,0.0016686189034089693,0.0062220346406960236,0.0014234260163168949,0.0007350476035128395,0.004192605477126677
2213,total,0.0016664886890538355,0.006218556043467366,0.0014226537197823132,0.0007285243272775688,0.004206399144825923
2214,total,0.001663242764280426,0.006215114399761369,0.001421881926744025,0.0007220957060681598,0.004208359454909783
2215,total,0.0016584295985353492,0.006211717370042955,0.0014211104534703413,0.0007180764693274,0.004215137248706923
2216,total,0.0016557081929846618,0.006208389275863013,0.0014203405297330688,0.0007158076123417346,0.004224715079575958
2217,total,0.0016523122624221287,0.006205126342924388,0.0014195718609579953,0.0007139351631167302,0.004231998271032466
2218,total,0.0016510470560149315,0.006201900266596482,0.001418803399900774,0.00071219414977719,0.004244011513887358
2219,total,0.0016500402400367875,0.006198772673276885,0.0014180354168207268,0.0007107708613673935,0.004254278194159156
2220,total,0.0016482520482554719,0.006195735465340569,0.001417268585573952,0.0007086999288461015,0.004264070928564934
2221,total,0.0016451304820606083,0.00619268976699852,0.0014165030506189176,0.0007044688038675417,0.004273692400863637
2222,total,0.0016439059478727813,0.006189737805935273,0.0014157386044184612,0.0007009381508950696,0.004281190243935384
2223,total,0.001641912116980393,0.006186947639427608,0.0014149740742023153,0.0006975945048282028,0.004289725406843558
2224,total,0.0016395145784997567,0.006184109625957383,0.001414209054517233,0.0006950587167366962,0.0043024398071764836
2225,total,0.0016352943898994,0.0061812823465862725,0.0014134451026925111,0.0006934431840292631,0.004316993364463428
2226,total,0.0016311549025971317,0.006178626366723542,0.0014126815596152914,0.0006886210630085544,0.004331522703199652
2227,total,0.001629959910388834,0.006176052808712562,0.001411918384416694,0.0006877381394531312,0.0043354284554965265
2228,total,0.0016287281163158696,0.006173487489644905,0.0014111558610704754,0.0006865512697487475,0.00433770267238458
2229,total,0.0016273277818612542,0.0061709470636923175,0.0014103937853798979,0.0006842657353061554,0.004348116721288875
2230,total,0.0016266336852055474,0.006168405454692682,0.0014096321786090178,0.0006821485363815328,0.004360101390696513
2231,total,0.0016251902886494918,0.006165932766616912,0.0014088719608086585,0.000679785697117552,0.004371317436837785
2232,total,0.0016257173358269483,0.006163578928244007,0.001408113898576898,0.0006807109757986041,0.0043799586353827635
2233,total,0.0016239507073265713,0.006161242755929557,0.0014073558346338816,0.0006755526284877078,0.004383046201576235
2234,total,0.0016234012469311665,0.006158967706604465,0.0014065971780472303,0.0006708790617580007,0.004384639735266659
2235,total,0.001621376503578631,0.006156784994224509,0.0014058397232532681,0.0006671402434434981,0.004387272046338352
2236,total,0.0016182420499148975,0.006154551600091594,0.0014050802674443925,0.0006626917964609902,0.004395313493671437
2237,total,0.0016172076558689241,0.006152458800905393,0.0014043232034670423,0.0006584089400618609,0.004405049740708477
2238,total,0.0016164686231263659,0.00615037427606569,0.0014035674704276028,0.000654102215260366,0.004415455355740504
2239,total,0.001612989690798372,0.006148353646927944,0.0014028123832669922,0.0006498704969345681,0.004438520966036207
2240,total,0.001612286018598752,0.006146377736136714,0.0014020575581627061,0.0006474303606935905,0.004461655135108345
2241,total,0.0016119785308035262,0.0061444730787979865,0.0014013037148897331,0.0006414950452224844,0.00447238195685884
2242,total,0.0016114652826928477,0.006142619030718997,0.0014005514113873917,0.0006373248350470817,0.004482007324315872
2243,total,0.0016109197556204435,0.006140823995159671,0.0013997985125590727,0.0006363772743810614,0.004491807793721136
2244,total,0.001610490542262255,0.006139085046923867,0.0013990444368390486,0.0006370695991705589,0.004508700970416157
2245,total,0.0016096283462587735,0.006137406998467199,0.001398292491660707,0.0006377682217802771,0.004524132204497278
2246,total,0.0016098528570296367,0.00613576505173161,0.0013975429805321148,0.0006384704901648775,0.004535983688319333
2247,total,0.001609609200528439,0.006134180330198646,0.0013967939487067808,0.0006373905841741134,0.004546944097720029
2248,total,0.0016109136089426102,0.006132669214250356,0.0013960457172195015,0.0006345097639197661,0.004557639900772869
2249,total,0.0016100795487545838,0.006131163718193435,0.0013952981198639776,0.0006314386213460921,0.004578253207228044
2250,total,0.0016083875150343374,0.006129694065606628,0.0013945510063711497,0.0006277964791166823,0.004601867081436239
2251,total,0.001608933781255928,0.00612830453326849,0.0013938050602477518,0.0006256083186514161,0.0046254979482057475
2252,total,0.0016069763979942309,0.006126933950190079,0.001393059946645938,0.0006252105831947574,0.004649150874760722
2253,total,0.0016059815659161814,0.006125588748495375,0.0013923157458517572,0.0006228595846266671,0.004670597060729164
2254,total,0.0016051880012923903,0.006124292409595583,0.001391572591176497,0.0006172428769801287,0.004689215554515158
2255,total,0.001607583674314128,0.00612307644374765,0.0013908300185354067,0.000613206512252873,0.004707594050194074
2256,total,0.0016092430948617675,0.006121904195412298,0.0013900878166154538,0.0006075096562909721,0.0047258668688527905
2257,total,0.001610194187264824,0.006120743856762303,0.0013893457738656228,0.0006031410161199347,0.004737235061364231
2258,total,0.0016112723084233949,0.0061195686756595645,0.0013886041760130278,0.0005981766457239246,0.004743409345729787
2259,total,0.0016114601767753811,0.0061184430015319155,0.00138786324621563,0.0005972025443213624,0.004744435342377074
2260,total,0.0016107837071217546,0.0061173588861547475,0.0013871236545205837,0.0005965854896317069,0.004752535177917138
2261,total,0.0016100502644462722,0.006116310146562654,0.0013863854595185055,0.0005962125110642091,0.004764256858936732
2262,total,0.0016080247857530594,0.0061153557388730915,0.0013856480083997433,0.000596467832582448,0.004783841978149894
2263,total,0.0016071184288932727,0.00611450904990167,0.0013849114844586385,0.0005963163790568159,0.004797862774955774
2264,total,0.0016067829602661732,0.0061136985949694495,0.0013841758671032766,0.0005950562188473896,0.004808478732712729
2265,total,0.0016066080992231946,0.0061128955155744505,0.0013834408360394684,0.0005938350452481699,0.004818790167780662
2266,total,0.0016073483453169501,0.006112144852772786,0.0013827062573361624,0.0005925530987141769,0.004829159582627084
2267,total,0.001608333441851073,0.0061114703570618045,0.0013819719999698234,0.0005910917410247407,0.00484603043096854
2268,total,0.0016085634497073897,0.006110846837451859,0.0013812389403547996,0.0005888215957796205,0.004858395593473119
2269,total,0.001609815775111656,0.006110270559514333,0.0013805068826022468,0.0005870946703595336,0.004868676931727122
2270,total,0.0016102766647065891,0.006109696873286495,0.0013797753678485448,0.0005866216265530966,0.004881089560032592
2271,total,0.0016110492043992508,0.006109152910754474,0.001379044971722368,0.0005841542067244632,0.004889993582563079
2272,total,0.0016114239885496318,0.006108642364382703,0.0013783157378936086,0.0005800497406596606,0.004902750724320981
2273,total,0.0016126925467148112,0.006108155735300244,0.0013775877093270298,0.0005776406689619762,0.0049211173160188075
2274,total,0.001613532032891385,0.00610770406595546,0.0013768604986543393,0.0005745181055658577,0.004938592831743449
2275,total,0.0016137965093889761,0.006107294704055932,0.00137613398576548,0.0005712511018856504,0.004950379491666013
2276,total,0.0016140543025215948,0.006106919263312392,0.001375408542199247,0.0005681055945814251,0.004961967109144893
2277,total,0.0016147820629441867,0.006106592435051539,0.0013746839746185406,0.0005652879479356443,0.004973969979619141
2278,total,0.001614196026537229,0.006106291883353279,0.0013739604157663907,0.0005630939858178863,0.0049859310310523585
2279,total,0.0016135590765031793,0.0061060353197999575,0.0013732378952468756,0.0005597830254629344,0.0049992133062517026
2280,total,0.0016132048861834392,0.006105760788003991,0.0013725158876437909,0.0005578518343767769,0.005013626761365231
2281,total,0.001612582550251318,0.006105536551535792,0.001371794450499633,0.0005585735483805365,0.005028017496800885
2282,total,0.0016124344702177495,0.006105347576665239,0.0013710741155274469,0.0005583176503250797,0.0050386604071832155
2283,total,0.0016130157295037861,0.006105199961683269,0.0013703549157676105,0.000556627355324224,0.005055284043947949
2284,total,0.0016130041381074989,0.006105090786870477,0.0013696366935812302,0.0005547084703266592,0.005070186545208344
2285,total,0.0016122491900318892,0.006104998141349569,0.0013689193429991281,0.0005548298017089337,0.005074686146878092
2286,total,0.00161206792049029,0.006104937154998297,0.0013682027701983756,0.0005553649778960334,0.005099207841959696
2287,total,0.0016124479086840893,0.00610495850255289,0.0013674869093395952,0.0005535147413624486,0.005108874562597521
2288,total,0.0016137179044051209,0.006105026847048052,0.0013667720732786093,0.0005524833166646203,0.005118536851790622
2289,total,0.0016146200634068464,0.006105111123683443,0.0013660580609105683,0.0005526505691562988,0.005128189827718187
2290,total,0.0016158280935769653,0.006105184110541074,0.0013653449388538695,0.0005529940930244948,0.005141787012308895
2291,total,0.0016180206642957273,0.006105274035918456,0.0013646328786093744,0.0005532337617950133,0.0051581021148365365
2292,total,0.0016188113334010268,0.006105380481810755,0.0013639217881364714,0.0005510510447066963,0.005174769240301202
2293,total,0.001619762810520342,0.0061054919611011225,0.0013632116526419143,0.0005500950236552171,0.005191649851252577
2294,total,0.001620297086589062,0.006105628813799356,0.001362502485600799,0.0005495546939584984,0.005208688477694068
2295,total,0.0016208845374876546,0.0061057958991016644,0.001361794342795799,0.0005490932641663449,0.005224273513823618
2296,total,0.0016214234048277376,0.006106012165982094,0.0013610872378430122,0.0005486861515407782,0.005236282245857637
2297,total,0.001621743949641541,0.006106240598213716,0.0013603810413525647,0.0005482944321528294,0.005256967686466395
2298,total,0.001621381298008373,0.006106471473141838,0.0013596756827965412,0.0005456345594780032,0.005278004419707827
2299,total,0.001620557426946334,0.006106735143251499,0.001358971602003128,0.0005447427882401712,0.005293877657936719
2300,total,0.001621909926797116,0.006107023544459793,0.001358268415288581,0.0005426991770633549,0.005308117350324436
