year,component,med_diff_cm,mean_diff_cm,se_mean_cm,p05_diff_cm,p95_diff_cm,provenance
2025,glaciers,0.0,0.0,0.0,0.0,0.0,"scope_slr_pulse_vv.jl | SLR-RFF-BRICK 39cedc0 | Ladrillo L27 (v1.2) | draws parameters_subsample_brick_mengel_L27.csv, 500/chain | paleo assignment :single (seed 20260920) | land-water anchor :zero_at_first_year | lws observed | climate MAGICC-SLR 600 members, vv_pulse_wide_20261009 | forcing spliced | tap true | pair seed 2026 | record conditioning: common draw set with the FaIR arm, dropped 2 of 2000 | pulse 0.01 GtCH4 at 2030 | cm rel 1995-2014 | julia 1.12.6"
2026,glaciers,0.0,0.0,0.0,0.0,0.0,"scope_slr_pulse_vv.jl | SLR-RFF-BRICK 39cedc0 | Ladrillo L27 (v1.2) | draws parameters_subsample_brick_mengel_L27.csv, 500/chain | paleo assignment :single (seed 20260920) | land-water anchor :zero_at_first_year | lws observed | climate MAGICC-SLR 600 members, vv_pulse_wide_20261009 | forcing spliced | tap true | pair seed 2026 | record conditioning: common draw set with the FaIR arm, dropped 2 of 2000 | pulse 0.01 GtCH4 at 2030 | cm rel 1995-2014 | julia 1.12.6"
2027,glaciers,0.0,0.0,0.0,0.0,0.0,"scope_slr_pulse_vv.jl | SLR-RFF-BRICK 39cedc0 | Ladrillo L27 (v1.2) | draws parameters_subsample_brick_mengel_L27.csv, 500/chain | paleo assignment :single (seed 20260920) | land-water anchor :zero_at_first_year | lws observed | climate MAGICC-SLR 600 members, vv_pulse_wide_20261009 | forcing spliced | tap true | pair seed 2026 | record conditioning: common draw set with the FaIR arm, dropped 2 of 2000 | pulse 0.01 GtCH4 at 2030 | cm rel 1995-2014 | julia 1.12.6"
2028,glaciers,0.0,0.0,0.0,0.0,0.0,"scope_slr_pulse_vv.jl | SLR-RFF-BRICK 39cedc0 | Ladrillo L27 (v1.2) | draws parameters_subsample_brick_mengel_L27.csv, 500/chain | paleo assignment :single (seed 20260920) | land-water anchor :zero_at_first_year | lws observed | climate MAGICC-SLR 600 members, vv_pulse_wide_20261009 | forcing spliced | tap true | pair seed 2026 | record conditioning: common draw set with the FaIR arm, dropped 2 of 2000 | pulse 0.01 GtCH4 at 2030 | cm rel 1995-2014 | julia 1.12.6"
2029,glaciers,0.0,0.0,0.0,0.0,0.0,"scope_slr_pulse_vv.jl | SLR-RFF-BRICK 39cedc0 | Ladrillo L27 (v1.2) | draws parameters_subsample_brick_mengel_L27.csv, 500/chain | paleo assignment :single (seed 20260920) | land-water anchor :zero_at_first_year | lws observed | climate MAGICC-SLR 600 members, vv_pulse_wide_20261009 | forcing spliced | tap true | pair seed 2026 | record conditioning: common draw set with the FaIR arm, dropped 2 of 2000 | pulse 0.01 GtCH4 at 2030 | cm rel 1995-2014 | julia 1.12.6"
2030,glaciers,0.0,0.0,0.0,0.0,0.0,"scope_slr_pulse_vv.jl | SLR-RFF-BRICK 39cedc0 | Ladrillo L27 (v1.2) | draws parameters_subsample_brick_mengel_L27.csv, 500/chain | paleo assignment :single (seed 20260920) | land-water anchor :zero_at_first_year | lws observed | climate MAGICC-SLR 600 members, vv_pulse_wide_20261009 | forcing spliced | tap true | pair seed 2026 | record conditioning: common draw set with the FaIR arm, dropped 2 of 2000 | pulse 0.01 GtCH4 at 2030 | cm rel 1995-2014 | julia 1.12.6"
2031,glaciers,0.0,0.0,0.0,0.0,0.0,"scope_slr_pulse_vv.jl | SLR-RFF-BRICK 39cedc0 | Ladrillo L27 (v1.2) | draws parameters_subsample_brick_mengel_L27.csv, 500/chain | paleo assignment :single (seed 20260920) | land-water anchor :zero_at_first_year | lws observed | climate MAGICC-SLR 600 members, vv_pulse_wide_20261009 | forcing spliced | tap true | pair seed 2026 | record conditioning: common draw set with the FaIR arm, dropped 2 of 2000 | pulse 0.01 GtCH4 at 2030 | cm rel 1995-2014 | julia 1.12.6"
2032,glaciers,2.4330446484199797e-5,2.4630308340576477e-5,1.0313183420941699e-7,1.7658289047250974e-5,3.243756778466e-5,"scope_slr_pulse_vv.jl | SLR-RFF-BRICK 39cedc0 | Ladrillo L27 (v1.2) | draws parameters_subsample_brick_mengel_L27.csv, 500/chain | paleo assignment :single (seed 20260920) | land-water anchor :zero_at_first_year | lws observed | climate MAGICC-SLR 600 members, vv_pulse_wide_20261009 | forcing spliced | tap true | pair seed 2026 | record conditioning: common draw set with the FaIR arm, dropped 2 of 2000 | pulse 0.01 GtCH4 at 2030 | cm rel 1995-2014 | julia 1.12.6"
2033,glaciers,6.842057607681085e-5,6.942474161534332e-5,3.2951300409453225e-7,4.778506814075989e-5,9.494382617392105e-5,"scope_slr_pulse_vv.jl | SLR-RFF-BRICK 39cedc0 | Ladrillo L27 (v1.2) | draws parameters_subsample_brick_mengel_L27.csv, 500/chain | paleo assignment :single (seed 20260920) | land-water anchor :zero_at_first_year | lws observed | climate MAGICC-SLR 600 members, vv_pulse_wide_20261009 | forcing spliced | tap true | pair seed 2026 | record conditioning: common draw set with the FaIR arm, dropped 2 of 2000 | pulse 0.01 GtCH4 at 2030 | cm rel 1995-2014 | julia 1.12.6"
2034,glaciers,0.00012046583351343898,0.00012304358979410668,6.281174721900141e-7,8.280948364811636e-5,0.00017177281571729706,"scope_slr_pulse_vv.jl | SLR-RFF-BRICK 39cedc0 | Ladrillo L27 (v1.2) | draws parameters_subsample_brick_mengel_L27.csv, 500/chain | paleo assignment :single (seed 20260920) | land-water anchor :zero_at_first_year | lws observed | climate MAGICC-SLR 600 members, vv_pulse_wide_20261009 | forcing spliced | tap true | pair seed 2026 | record conditioning: common draw set with the FaIR arm, dropped 2 of 2000 | pulse 0.01 GtCH4 at 2030 | cm rel 1995-2014 | julia 1.12.6"
2035,glaciers,0.00017588226056775014,0.0001803977254923623,9.624282412771667e-7,0.00011915641971347312,0.0002553996215086673,"scope_slr_pulse_vv.jl | SLR-RFF-BRICK 39cedc0 | Ladrillo L27 (v1.2) | draws parameters_subsample_brick_mengel_L27.csv, 500/chain | paleo assignment :single (seed 20260920) | land-water anchor :zero_at_first_year | lws observed | climate MAGICC-SLR 600 members, vv_pulse_wide_20261009 | forcing spliced | tap true | pair seed 2026 | record conditioning: common draw set with the FaIR arm, dropped 2 of 2000 | pulse 0.01 GtCH4 at 2030 | cm rel 1995-2014 | julia 1.12.6"
2036,glaciers,0.00023252641782667283,0.0002385781582313772,1.3095612817938316e-6,0.00015497479757828892,0.000341221108538825,"scope_slr_pulse_vv.jl | SLR-RFF-BRICK 39cedc0 | Ladrillo L27 (v1.2) | draws parameters_subsample_brick_mengel_L27.csv, 500/chain | paleo assignment :single (seed 20260920) | land-water anchor :zero_at_first_year | lws observed | climate MAGICC-SLR 600 members, vv_pulse_wide_20261009 | forcing spliced | tap true | pair seed 2026 | record conditioning: common draw set with the FaIR arm, dropped 2 of 2000 | pulse 0.01 GtCH4 at 2030 | cm rel 1995-2014 | julia 1.12.6"
2037,glaciers,0.00028784518062252573,0.000296086690450466,1.6567890117039043e-6,0.00019078013495477109,0.00042842857452942687,"scope_slr_pulse_vv.jl | SLR-RFF-BRICK 39cedc0 | Ladrillo L27 (v1.2) | draws parameters_subsample_brick_mengel_L27.csv, 500/chain | paleo assignment :single (seed 20260920) | land-water anchor :zero_at_first_year | lws observed | climate MAGICC-SLR 600 members, vv_pulse_wide_20261009 | forcing spliced | tap true | pair seed 2026 | record conditioning: common draw set with the FaIR arm, dropped 2 of 2000 | pulse 0.01 GtCH4 at 2030 | cm rel 1995-2014 | julia 1.12.6"
2038,glaciers,0.0003411624312223971,0.00035201497513798115,1.996038987039206e-6,0.00022586511660769302,0.0005120343599472665,"scope_slr_pulse_vv.jl | SLR-RFF-BRICK 39cedc0 | Ladrillo L27 (v1.2) | draws parameters_subsample_brick_mengel_L27.csv, 500/chain | paleo assignment :single (seed 20260920) | land-water anchor :zero_at_first_year | lws observed | climate MAGICC-SLR 600 members, vv_pulse_wide_20261009 | forcing spliced | tap true | pair seed 2026 | record conditioning: common draw set with the FaIR arm, dropped 2 of 2000 | pulse 0.01 GtCH4 at 2030 | cm rel 1995-2014 | julia 1.12.6"
2039,glaciers,0.0003926478470628325,0.0004057812684386884,2.3175514157458266e-6,0.0002599143096674528,0.000592316014166183,"scope_slr_pulse_vv.jl | SLR-RFF-BRICK 39cedc0 | Ladrillo L27 (v1.2) | draws parameters_subsample_brick_mengel_L27.csv, 500/chain | paleo assignment :single (seed 20260920) | land-water anchor :zero_at_first_year | lws observed | climate MAGICC-SLR 600 members, vv_pulse_wide_20261009 | forcing spliced | tap true | pair seed 2026 | record conditioning: common draw set with the FaIR arm, dropped 2 of 2000 | pulse 0.01 GtCH4 at 2030 | cm rel 1995-2014 | julia 1.12.6"
2040,glaciers,0.0004420548171815142,0.0004570433155917851,2.620606073346587e-6,0.0002939516898353478,0.0006680400317685021,"scope_slr_pulse_vv.jl | SLR-RFF-BRICK 39cedc0 | Ladrillo L27 (v1.2) | draws parameters_subsample_brick_mengel_L27.csv, 500/chain | paleo assignment :single (seed 20260920) | land-water anchor :zero_at_first_year | lws observed | climate MAGICC-SLR 600 members, vv_pulse_wide_20261009 | forcing spliced | tap true | pair seed 2026 | record conditioning: common draw set with the FaIR arm, dropped 2 of 2000 | pulse 0.01 GtCH4 at 2030 | cm rel 1995-2014 | julia 1.12.6"
2041,glaciers,0.000488082539447543,0.0005055484690685168,2.903914500855351e-6,0.0003243256527095895,0.0007395006092477896,"scope_slr_pulse_vv.jl | SLR-RFF-BRICK 39cedc0 | Ladrillo L27 (v1.2) | draws parameters_subsample_brick_mengel_L27.csv, 500/chain | paleo assignment :single (seed 20260920) | land-water anchor :zero_at_first_year | lws observed | climate MAGICC-SLR 600 members, vv_pulse_wide_20261009 | forcing spliced | tap true | pair seed 2026 | record conditioning: common draw set with the FaIR arm, dropped 2 of 2000 | pulse 0.01 GtCH4 at 2030 | cm rel 1995-2014 | julia 1.12.6"
2042,glaciers,0.0005319233691558622,0.0005511457450780149,3.16731428738688e-6,0.0003534216649377253,0.0008125682967265125,"scope_slr_pulse_vv.jl | SLR-RFF-BRICK 39cedc0 | Ladrillo L27 (v1.2) | draws parameters_subsample_brick_mengel_L27.csv, 500/chain | paleo assignment :single (seed 20260920) | land-water anchor :zero_at_first_year | lws observed | climate MAGICC-SLR 600 members, vv_pulse_wide_20261009 | forcing spliced | tap true | pair seed 2026 | record conditioning: common draw set with the FaIR arm, dropped 2 of 2000 | pulse 0.01 GtCH4 at 2030 | cm rel 1995-2014 | julia 1.12.6"
2043,glaciers,0.0005738044895435834,0.0005938539243937009,3.4114253549050254e-6,0.000381350153705462,0.0008765424614021632,"scope_slr_pulse_vv.jl | SLR-RFF-BRICK 39cedc0 | Ladrillo L27 (v1.2) | draws parameters_subsample_brick_mengel_L27.csv, 500/chain | paleo assignment :single (seed 20260920) | land-water anchor :zero_at_first_year | lws observed | climate MAGICC-SLR 600 members, vv_pulse_wide_20261009 | forcing spliced | tap true | pair seed 2026 | record conditioning: common draw set with the FaIR arm, dropped 2 of 2000 | pulse 0.01 GtCH4 at 2030 | cm rel 1995-2014 | julia 1.12.6"
2044,glaciers,0.0006125289015068702,0.0006337611869322357,3.6376371366026853e-6,0.00040773455123654934,0.0009441013212821757,"scope_slr_pulse_vv.jl | SLR-RFF-BRICK 39cedc0 | Ladrillo L27 (v1.2) | draws parameters_subsample_brick_mengel_L27.csv, 500/chain | paleo assignment :single (seed 20260920) | land-water anchor :zero_at_first_year | lws observed | climate MAGICC-SLR 600 members, vv_pulse_wide_20261009 | forcing spliced | tap true | pair seed 2026 | record conditioning: common draw set with the FaIR arm, dropped 2 of 2000 | pulse 0.01 GtCH4 at 2030 | cm rel 1995-2014 | julia 1.12.6"
2045,glaciers,0.0006487735844569187,0.0006709436018430755,3.846436766018942e-6,0.0004322892404596601,0.000999341248644825,"scope_slr_pulse_vv.jl | SLR-RFF-BRICK 39cedc0 | Ladrillo L27 (v1.2) | draws parameters_subsample_brick_mengel_L27.csv, 500/chain | paleo assignment :single (seed 20260920) | land-water anchor :zero_at_first_year | lws observed | climate MAGICC-SLR 600 members, vv_pulse_wide_20261009 | forcing spliced | tap true | pair seed 2026 | record conditioning: common draw set with the FaIR arm, dropped 2 of 2000 | pulse 0.01 GtCH4 at 2030 | cm rel 1995-2014 | julia 1.12.6"
2046,glaciers,0.0006831744806135021,0.0007055192160695375,4.038680859055217e-6,0.0004548987287983586,0.001049952897400974,"scope_slr_pulse_vv.jl | SLR-RFF-BRICK 39cedc0 | Ladrillo L27 (v1.2) | draws parameters_subsample_brick_mengel_L27.csv, 500/chain | paleo assignment :single (seed 20260920) | land-water anchor :zero_at_first_year | lws observed | climate MAGICC-SLR 600 members, vv_pulse_wide_20261009 | forcing spliced | tap true | pair seed 2026 | record conditioning: common draw set with the FaIR arm, dropped 2 of 2000 | pulse 0.01 GtCH4 at 2030 | cm rel 1995-2014 | julia 1.12.6"
2047,glaciers,0.0007149166951805341,0.0007375880336208128,4.215664446504982e-6,0.00047495312266780947,0.0010936475788240858,"scope_slr_pulse_vv.jl | SLR-RFF-BRICK 39cedc0 | Ladrillo L27 (v1.2) | draws parameters_subsample_brick_mengel_L27.csv, 500/chain | paleo assignment :single (seed 20260920) | land-water anchor :zero_at_first_year | lws observed | climate MAGICC-SLR 600 members, vv_pulse_wide_20261009 | forcing spliced | tap true | pair seed 2026 | record conditioning: common draw set with the FaIR arm, dropped 2 of 2000 | pulse 0.01 GtCH4 at 2030 | cm rel 1995-2014 | julia 1.12.6"
2048,glaciers,0.0007439006354985622,0.000767230733436424,4.378319359235766e-6,0.0004935812266401385,0.0011361229668889192,"scope_slr_pulse_vv.jl | SLR-RFF-BRICK 39cedc0 | Ladrillo L27 (v1.2) | draws parameters_subsample_brick_mengel_L27.csv, 500/chain | paleo assignment :single (seed 20260920) | land-water anchor :zero_at_first_year | lws observed | climate MAGICC-SLR 600 members, vv_pulse_wide_20261009 | forcing spliced | tap true | pair seed 2026 | record conditioning: common draw set with the FaIR arm, dropped 2 of 2000 | pulse 0.01 GtCH4 at 2030 | cm rel 1995-2014 | julia 1.12.6"
2049,glaciers,0.0007703680447912475,0.0007944896493789699,4.526717928703534e-6,0.0005109673419187111,0.0011763860329969235,"scope_slr_pulse_vv.jl | SLR-RFF-BRICK 39cedc0 | Ladrillo L27 (v1.2) | draws parameters_subsample_brick_mengel_L27.csv, 500/chain | paleo assignment :single (seed 20260920) | land-water anchor :zero_at_first_year | lws observed | climate MAGICC-SLR 600 members, vv_pulse_wide_20261009 | forcing spliced | tap true | pair seed 2026 | record conditioning: common draw set with the FaIR arm, dropped 2 of 2000 | pulse 0.01 GtCH4 at 2030 | cm rel 1995-2014 | julia 1.12.6"
2050,glaciers,0.0007945923377592479,0.0008193934257304941,4.661076902566718e-6,0.0005268200936363598,0.0012080866502167883,"scope_slr_pulse_vv.jl | SLR-RFF-BRICK 39cedc0 | Ladrillo L27 (v1.2) | draws parameters_subsample_brick_mengel_L27.csv, 500/chain | paleo assignment :single (seed 20260920) | land-water anchor :zero_at_first_year | lws observed | climate MAGICC-SLR 600 members, vv_pulse_wide_20261009 | forcing spliced | tap true | pair seed 2026 | record conditioning: common draw set with the FaIR arm, dropped 2 of 2000 | pulse 0.01 GtCH4 at 2030 | cm rel 1995-2014 | julia 1.12.6"
2051,glaciers,0.000816495751741364,0.0008420082018460924,4.7821208037085885e-6,0.0005399673302833641,0.001243602009764011,"scope_slr_pulse_vv.jl | SLR-RFF-BRICK 39cedc0 | Ladrillo L27 (v1.2) | draws parameters_subsample_brick_mengel_L27.csv, 500/chain | paleo assignment :single (seed 20260920) | land-water anchor :zero_at_first_year | lws observed | climate MAGICC-SLR 600 members, vv_pulse_wide_20261009 | forcing spliced | tap true | pair seed 2026 | record conditioning: common draw set with the FaIR arm, dropped 2 of 2000 | pulse 0.01 GtCH4 at 2030 | cm rel 1995-2014 | julia 1.12.6"
2052,glaciers,0.0008368473375437446,0.0008624564779901344,4.890875596512231e-6,0.0005547947094663108,0.0012701946447632117,"scope_slr_pulse_vv.jl | SLR-RFF-BRICK 39cedc0 | Ladrillo L27 (v1.2) | draws parameters_subsample_brick_mengel_L27.csv, 500/chain | paleo assignment :single (seed 20260920) | land-water anchor :zero_at_first_year | lws observed | climate MAGICC-SLR 600 members, vv_pulse_wide_20261009 | forcing spliced | tap true | pair seed 2026 | record conditioning: common draw set with the FaIR arm, dropped 2 of 2000 | pulse 0.01 GtCH4 at 2030 | cm rel 1995-2014 | julia 1.12.6"
2053,glaciers,0.0008538053534419277,0.0008808594067546274,4.988232129378927e-6,0.0005670393876016533,0.0012947361714762628,"scope_slr_pulse_vv.jl | SLR-RFF-BRICK 39cedc0 | Ladrillo L27 (v1.2) | draws parameters_subsample_brick_mengel_L27.csv, 500/chain | paleo assignment :single (seed 20260920) | land-water anchor :zero_at_first_year | lws observed | climate MAGICC-SLR 600 members, vv_pulse_wide_20261009 | forcing spliced | tap true | pair seed 2026 | record conditioning: common draw set with the FaIR arm, dropped 2 of 2000 | pulse 0.01 GtCH4 at 2030 | cm rel 1995-2014 | julia 1.12.6"
2054,glaciers,0.0008704510068264781,0.0008973264463533172,5.074385546470503e-6,0.0005806424084554785,0.0013178839569504496,"scope_slr_pulse_vv.jl | SLR-RFF-BRICK 39cedc0 | Ladrillo L27 (v1.2) | draws parameters_subsample_brick_mengel_L27.csv, 500/chain | paleo assignment :single (seed 20260920) | land-water anchor :zero_at_first_year | lws observed | climate MAGICC-SLR 600 members, vv_pulse_wide_20261009 | forcing spliced | tap true | pair seed 2026 | record conditioning: common draw set with the FaIR arm, dropped 2 of 2000 | pulse 0.01 GtCH4 at 2030 | cm rel 1995-2014 | julia 1.12.6"
2055,glaciers,0.0008850131087543289,0.0009119448377477542,5.146864043844739e-6,0.0005922909026921275,0.0013355777795716506,"scope_slr_pulse_vv.jl | SLR-RFF-BRICK 39cedc0 | Ladrillo L27 (v1.2) | draws parameters_subsample_brick_mengel_L27.csv, 500/chain | paleo assignment :single (seed 20260920) | land-water anchor :zero_at_first_year | lws observed | climate MAGICC-SLR 600 members, vv_pulse_wide_20261009 | forcing spliced | tap true | pair seed 2026 | record conditioning: common draw set with the FaIR arm, dropped 2 of 2000 | pulse 0.01 GtCH4 at 2030 | cm rel 1995-2014 | julia 1.12.6"
2056,glaciers,0.0008968330797012314,0.0009248334166454689,5.2070538105823636e-6,0.0006015078849783251,0.0013517729886665998,"scope_slr_pulse_vv.jl | SLR-RFF-BRICK 39cedc0 | Ladrillo L27 (v1.2) | draws parameters_subsample_brick_mengel_L27.csv, 500/chain | paleo assignment :single (seed 20260920) | land-water anchor :zero_at_first_year | lws observed | climate MAGICC-SLR 600 members, vv_pulse_wide_20261009 | forcing spliced | tap true | pair seed 2026 | record conditioning: common draw set with the FaIR arm, dropped 2 of 2000 | pulse 0.01 GtCH4 at 2030 | cm rel 1995-2014 | julia 1.12.6"
2057,glaciers,0.0009089746382029418,0.0009361032061280416,5.2563585377728405e-6,0.0006098167324195102,0.0013647596421587414,"scope_slr_pulse_vv.jl | SLR-RFF-BRICK 39cedc0 | Ladrillo L27 (v1.2) | draws parameters_subsample_brick_mengel_L27.csv, 500/chain | paleo assignment :single (seed 20260920) | land-water anchor :zero_at_first_year | lws observed | climate MAGICC-SLR 600 members, vv_pulse_wide_20261009 | forcing spliced | tap true | pair seed 2026 | record conditioning: common draw set with the FaIR arm, dropped 2 of 2000 | pulse 0.01 GtCH4 at 2030 | cm rel 1995-2014 | julia 1.12.6"
2058,glaciers,0.0009190384278250363,0.0009458400429169685,5.295869512224029e-6,0.0006174448279363531,0.0013754702761265667,"scope_slr_pulse_vv.jl | SLR-RFF-BRICK 39cedc0 | Ladrillo L27 (v1.2) | draws parameters_subsample_brick_mengel_L27.csv, 500/chain | paleo assignment :single (seed 20260920) | land-water anchor :zero_at_first_year | lws observed | climate MAGICC-SLR 600 members, vv_pulse_wide_20261009 | forcing spliced | tap true | pair seed 2026 | record conditioning: common draw set with the FaIR arm, dropped 2 of 2000 | pulse 0.01 GtCH4 at 2030 | cm rel 1995-2014 | julia 1.12.6"
2059,glaciers,0.0009264630509493443,0.0009541305868241885,5.326488928440445e-6,0.0006230831422881167,0.0013873162161103457,"scope_slr_pulse_vv.jl | SLR-RFF-BRICK 39cedc0 | Ladrillo L27 (v1.2) | draws parameters_subsample_brick_mengel_L27.csv, 500/chain | paleo assignment :single (seed 20260920) | land-water anchor :zero_at_first_year | lws observed | climate MAGICC-SLR 600 members, vv_pulse_wide_20261009 | forcing spliced | tap true | pair seed 2026 | record conditioning: common draw set with the FaIR arm, dropped 2 of 2000 | pulse 0.01 GtCH4 at 2030 | cm rel 1995-2014 | julia 1.12.6"
2060,glaciers,0.0009317267934383366,0.000961063816185448,5.348980618207633e-6,0.0006269094997736424,0.0013991774552543743,"scope_slr_pulse_vv.jl | SLR-RFF-BRICK 39cedc0 | Ladrillo L27 (v1.2) | draws parameters_subsample_brick_mengel_L27.csv, 500/chain | paleo assignment :single (seed 20260920) | land-water anchor :zero_at_first_year | lws observed | climate MAGICC-SLR 600 members, vv_pulse_wide_20261009 | forcing spliced | tap true | pair seed 2026 | record conditioning: common draw set with the FaIR arm, dropped 2 of 2000 | pulse 0.01 GtCH4 at 2030 | cm rel 1995-2014 | julia 1.12.6"
2061,glaciers,0.0009378822824688271,0.0009667227820785701,5.364046022331158e-6,0.0006304948773444785,0.0014065923662110787,"scope_slr_pulse_vv.jl | SLR-RFF-BRICK 39cedc0 | Ladrillo L27 (v1.2) | draws parameters_subsample_brick_mengel_L27.csv, 500/chain | paleo assignment :single (seed 20260920) | land-water anchor :zero_at_first_year | lws observed | climate MAGICC-SLR 600 members, vv_pulse_wide_20261009 | forcing spliced | tap true | pair seed 2026 | record conditioning: common draw set with the FaIR arm, dropped 2 of 2000 | pulse 0.01 GtCH4 at 2030 | cm rel 1995-2014 | julia 1.12.6"
2062,glaciers,0.0009407587974807896,0.0009710198149258828,5.3747004053239825e-6,0.0006333055480093109,0.0014132053168518508,"scope_slr_pulse_vv.jl | SLR-RFF-BRICK 39cedc0 | Ladrillo L27 (v1.2) | draws parameters_subsample_brick_mengel_L27.csv, 500/chain | paleo assignment :single (seed 20260920) | land-water anchor :zero_at_first_year | lws observed | climate MAGICC-SLR 600 members, vv_pulse_wide_20261009 | forcing spliced | tap true | pair seed 2026 | record conditioning: common draw set with the FaIR arm, dropped 2 of 2000 | pulse 0.01 GtCH4 at 2030 | cm rel 1995-2014 | julia 1.12.6"
2063,glaciers,0.0009441239106209309,0.0009744500778895545,5.375791612074235e-6,0.0006356180758244178,0.0014156495099832964,"scope_slr_pulse_vv.jl | SLR-RFF-BRICK 39cedc0 | Ladrillo L27 (v1.2) | draws parameters_subsample_brick_mengel_L27.csv, 500/chain | paleo assignment :single (seed 20260920) | land-water anchor :zero_at_first_year | lws observed | climate MAGICC-SLR 600 members, vv_pulse_wide_20261009 | forcing spliced | tap true | pair seed 2026 | record conditioning: common draw set with the FaIR arm, dropped 2 of 2000 | pulse 0.01 GtCH4 at 2030 | cm rel 1995-2014 | julia 1.12.6"
2064,glaciers,0.000945739608521734,0.000976834449983592,5.371682065421563e-6,0.0006386381626087178,0.0014154214482873676,"scope_slr_pulse_vv.jl | SLR-RFF-BRICK 39cedc0 | Ladrillo L27 (v1.2) | draws parameters_subsample_brick_mengel_L27.csv, 500/chain | paleo assignment :single (seed 20260920) | land-water anchor :zero_at_first_year | lws observed | climate MAGICC-SLR 600 members, vv_pulse_wide_20261009 | forcing spliced | tap true | pair seed 2026 | record conditioning: common draw set with the FaIR arm, dropped 2 of 2000 | pulse 0.01 GtCH4 at 2030 | cm rel 1995-2014 | julia 1.12.6"
2065,glaciers,0.0009461896804472403,0.0009782365116260327,5.362711301815109e-6,0.0006416060543055658,0.0014153481253357462,"scope_slr_pulse_vv.jl | SLR-RFF-BRICK 39cedc0 | Ladrillo L27 (v1.2) | draws parameters_subsample_brick_mengel_L27.csv, 500/chain | paleo assignment :single (seed 20260920) | land-water anchor :zero_at_first_year | lws observed | climate MAGICC-SLR 600 members, vv_pulse_wide_20261009 | forcing spliced | tap true | pair seed 2026 | record conditioning: common draw set with the FaIR arm, dropped 2 of 2000 | pulse 0.01 GtCH4 at 2030 | cm rel 1995-2014 | julia 1.12.6"
2066,glaciers,0.0009469931825618616,0.000978729577656696,5.3489019842768935e-6,0.0006435178323126678,0.0014179805553343526,"scope_slr_pulse_vv.jl | SLR-RFF-BRICK 39cedc0 | Ladrillo L27 (v1.2) | draws parameters_subsample_brick_mengel_L27.csv, 500/chain | paleo assignment :single (seed 20260920) | land-water anchor :zero_at_first_year | lws observed | climate MAGICC-SLR 600 members, vv_pulse_wide_20261009 | forcing spliced | tap true | pair seed 2026 | record conditioning: common draw set with the FaIR arm, dropped 2 of 2000 | pulse 0.01 GtCH4 at 2030 | cm rel 1995-2014 | julia 1.12.6"
2067,glaciers,0.0009474470805530544,0.0009783701522962387,5.330433145957301e-6,0.000644302863826951,0.001417954116603237,"scope_slr_pulse_vv.jl | SLR-RFF-BRICK 39cedc0 | Ladrillo L27 (v1.2) | draws parameters_subsample_brick_mengel_L27.csv, 500/chain | paleo assignment :single (seed 20260920) | land-water anchor :zero_at_first_year | lws observed | climate MAGICC-SLR 600 members, vv_pulse_wide_20261009 | forcing spliced | tap true | pair seed 2026 | record conditioning: common draw set with the FaIR arm, dropped 2 of 2000 | pulse 0.01 GtCH4 at 2030 | cm rel 1995-2014 | julia 1.12.6"
2068,glaciers,0.000947243803851805,0.0009772103168066491,5.3076323249779865e-6,0.0006443192319241397,0.00141257830544994,"scope_slr_pulse_vv.jl | SLR-RFF-BRICK 39cedc0 | Ladrillo L27 (v1.2) | draws parameters_subsample_brick_mengel_L27.csv, 500/chain | paleo assignment :single (seed 20260920) | land-water anchor :zero_at_first_year | lws observed | climate MAGICC-SLR 600 members, vv_pulse_wide_20261009 | forcing spliced | tap true | pair seed 2026 | record conditioning: common draw set with the FaIR arm, dropped 2 of 2000 | pulse 0.01 GtCH4 at 2030 | cm rel 1995-2014 | julia 1.12.6"
2069,glaciers,0.0009450352258690842,0.0009753036321990811,5.2808210158455075e-6,0.0006430189998821945,0.0014091686738189502,"scope_slr_pulse_vv.jl | SLR-RFF-BRICK 39cedc0 | Ladrillo L27 (v1.2) | draws parameters_subsample_brick_mengel_L27.csv, 500/chain | paleo assignment :single (seed 20260920) | land-water anchor :zero_at_first_year | lws observed | climate MAGICC-SLR 600 members, vv_pulse_wide_20261009 | forcing spliced | tap true | pair seed 2026 | record conditioning: common draw set with the FaIR arm, dropped 2 of 2000 | pulse 0.01 GtCH4 at 2030 | cm rel 1995-2014 | julia 1.12.6"
2070,glaciers,0.0009434630281948131,0.0009727107125647638,5.250418367363063e-6,0.000641767804764104,0.0014058676106694533,"scope_slr_pulse_vv.jl | SLR-RFF-BRICK 39cedc0 | Ladrillo L27 (v1.2) | draws parameters_subsample_brick_mengel_L27.csv, 500/chain | paleo assignment :single (seed 20260920) | land-water anchor :zero_at_first_year | lws observed | climate MAGICC-SLR 600 members, vv_pulse_wide_20261009 | forcing spliced | tap true | pair seed 2026 | record conditioning: common draw set with the FaIR arm, dropped 2 of 2000 | pulse 0.01 GtCH4 at 2030 | cm rel 1995-2014 | julia 1.12.6"
2071,glaciers,0.0009406758916608027,0.0009694954698302391,5.2168889067120525e-6,0.0006405626482982818,0.0014011503860131389,"scope_slr_pulse_vv.jl | SLR-RFF-BRICK 39cedc0 | Ladrillo L27 (v1.2) | draws parameters_subsample_brick_mengel_L27.csv, 500/chain | paleo assignment :single (seed 20260920) | land-water anchor :zero_at_first_year | lws observed | climate MAGICC-SLR 600 members, vv_pulse_wide_20261009 | forcing spliced | tap true | pair seed 2026 | record conditioning: common draw set with the FaIR arm, dropped 2 of 2000 | pulse 0.01 GtCH4 at 2030 | cm rel 1995-2014 | julia 1.12.6"
2072,glaciers,0.0009376892688388594,0.0009657208891681369,5.180687849031239e-6,0.0006384127064048783,0.0013937226401561807,"scope_slr_pulse_vv.jl | SLR-RFF-BRICK 39cedc0 | Ladrillo L27 (v1.2) | draws parameters_subsample_brick_mengel_L27.csv, 500/chain | paleo assignment :single (seed 20260920) | land-water anchor :zero_at_first_year | lws observed | climate MAGICC-SLR 600 members, vv_pulse_wide_20261009 | forcing spliced | tap true | pair seed 2026 | record conditioning: common draw set with the FaIR arm, dropped 2 of 2000 | pulse 0.01 GtCH4 at 2030 | cm rel 1995-2014 | julia 1.12.6"
2073,glaciers,0.0009337680841028373,0.0009614354022249743,5.142052792860962e-6,0.0006360509238044542,0.0013836481752787398,"scope_slr_pulse_vv.jl | SLR-RFF-BRICK 39cedc0 | Ladrillo L27 (v1.2) | draws parameters_subsample_brick_mengel_L27.csv, 500/chain | paleo assignment :single (seed 20260920) | land-water anchor :zero_at_first_year | lws observed | climate MAGICC-SLR 600 members, vv_pulse_wide_20261009 | forcing spliced | tap true | pair seed 2026 | record conditioning: common draw set with the FaIR arm, dropped 2 of 2000 | pulse 0.01 GtCH4 at 2030 | cm rel 1995-2014 | julia 1.12.6"
2074,glaciers,0.0009275103890562519,0.0009566821604441294,5.101327850088927e-6,0.0006344101286505754,0.0013715777394572193,"scope_slr_pulse_vv.jl | SLR-RFF-BRICK 39cedc0 | Ladrillo L27 (v1.2) | draws parameters_subsample_brick_mengel_L27.csv, 500/chain | paleo assignment :single (seed 20260920) | land-water anchor :zero_at_first_year | lws observed | climate MAGICC-SLR 600 members, vv_pulse_wide_20261009 | forcing spliced | tap true | pair seed 2026 | record conditioning: common draw set with the FaIR arm, dropped 2 of 2000 | pulse 0.01 GtCH4 at 2030 | cm rel 1995-2014 | julia 1.12.6"
2075,glaciers,0.0009231766732789026,0.0009515058733861223,5.058790795720849e-6,0.0006317160863291704,0.0013623175563783894,"scope_slr_pulse_vv.jl | SLR-RFF-BRICK 39cedc0 | Ladrillo L27 (v1.2) | draws parameters_subsample_brick_mengel_L27.csv, 500/chain | paleo assignment :single (seed 20260920) | land-water anchor :zero_at_first_year | lws observed | climate MAGICC-SLR 600 members, vv_pulse_wide_20261009 | forcing spliced | tap true | pair seed 2026 | record conditioning: common draw set with the FaIR arm, dropped 2 of 2000 | pulse 0.01 GtCH4 at 2030 | cm rel 1995-2014 | julia 1.12.6"
2076,glaciers,0.0009187839762248018,0.0009459416843249931,5.014653555236642e-6,0.0006297115209372706,0.0013556881344453763,"scope_slr_pulse_vv.jl | SLR-RFF-BRICK 39cedc0 | Ladrillo L27 (v1.2) | draws parameters_subsample_brick_mengel_L27.csv, 500/chain | paleo assignment :single (seed 20260920) | land-water anchor :zero_at_first_year | lws observed | climate MAGICC-SLR 600 members, vv_pulse_wide_20261009 | forcing spliced | tap true | pair seed 2026 | record conditioning: common draw set with the FaIR arm, dropped 2 of 2000 | pulse 0.01 GtCH4 at 2030 | cm rel 1995-2014 | julia 1.12.6"
2077,glaciers,0.0009137140003030453,0.0009400208898931107,4.9691126636214565e-6,0.0006266042334062583,0.0013451034387308876,"scope_slr_pulse_vv.jl | SLR-RFF-BRICK 39cedc0 | Ladrillo L27 (v1.2) | draws parameters_subsample_brick_mengel_L27.csv, 500/chain | paleo assignment :single (seed 20260920) | land-water anchor :zero_at_first_year | lws observed | climate MAGICC-SLR 600 members, vv_pulse_wide_20261009 | forcing spliced | tap true | pair seed 2026 | record conditioning: common draw set with the FaIR arm, dropped 2 of 2000 | pulse 0.01 GtCH4 at 2030 | cm rel 1995-2014 | julia 1.12.6"
2078,glaciers,0.0009074769404788796,0.0009337693987996643,4.92230424001751e-6,0.000623121097660384,0.0013315444055891133,"scope_slr_pulse_vv.jl | SLR-RFF-BRICK 39cedc0 | Ladrillo L27 (v1.2) | draws parameters_subsample_brick_mengel_L27.csv, 500/chain | paleo assignment :single (seed 20260920) | land-water anchor :zero_at_first_year | lws observed | climate MAGICC-SLR 600 members, vv_pulse_wide_20261009 | forcing spliced | tap true | pair seed 2026 | record conditioning: common draw set with the FaIR arm, dropped 2 of 2000 | pulse 0.01 GtCH4 at 2030 | cm rel 1995-2014 | julia 1.12.6"
2079,glaciers,0.0009010407501532924,0.0009272041851039133,4.874295246123566e-6,0.0006193921240640777,0.001321226722895563,"scope_slr_pulse_vv.jl | SLR-RFF-BRICK 39cedc0 | Ladrillo L27 (v1.2) | draws parameters_subsample_brick_mengel_L27.csv, 500/chain | paleo assignment :single (seed 20260920) | land-water anchor :zero_at_first_year | lws observed | climate MAGICC-SLR 600 members, vv_pulse_wide_20261009 | forcing spliced | tap true | pair seed 2026 | record conditioning: common draw set with the FaIR arm, dropped 2 of 2000 | pulse 0.01 GtCH4 at 2030 | cm rel 1995-2014 | julia 1.12.6"
2080,glaciers,0.0008939050134371129,0.0009203433795039142,4.8251492746059695e-6,0.000615691801579743,0.0013087699496234782,"scope_slr_pulse_vv.jl | SLR-RFF-BRICK 39cedc0 | Ladrillo L27 (v1.2) | draws parameters_subsample_brick_mengel_L27.csv, 500/chain | paleo assignment :single (seed 20260920) | land-water anchor :zero_at_first_year | lws observed | climate MAGICC-SLR 600 members, vv_pulse_wide_20261009 | forcing spliced | tap true | pair seed 2026 | record conditioning: common draw set with the FaIR arm, dropped 2 of 2000 | pulse 0.01 GtCH4 at 2030 | cm rel 1995-2014 | julia 1.12.6"
2081,glaciers,0.0008874246504122496,0.0009132127963723337,4.774995922818049e-6,0.0006116557357289665,0.0012980196986285717,"scope_slr_pulse_vv.jl | SLR-RFF-BRICK 39cedc0 | Ladrillo L27 (v1.2) | draws parameters_subsample_brick_mengel_L27.csv, 500/chain | paleo assignment :single (seed 20260920) | land-water anchor :zero_at_first_year | lws observed | climate MAGICC-SLR 600 members, vv_pulse_wide_20261009 | forcing spliced | tap true | pair seed 2026 | record conditioning: common draw set with the FaIR arm, dropped 2 of 2000 | pulse 0.01 GtCH4 at 2030 | cm rel 1995-2014 | julia 1.12.6"
2082,glaciers,0.0008803259649488027,0.0009058470354610197,4.724045733616268e-6,0.0006086630298041129,0.0012854321556736714,"scope_slr_pulse_vv.jl | SLR-RFF-BRICK 39cedc0 | Ladrillo L27 (v1.2) | draws parameters_subsample_brick_mengel_L27.csv, 500/chain | paleo assignment :single (seed 20260920) | land-water anchor :zero_at_first_year | lws observed | climate MAGICC-SLR 600 members, vv_pulse_wide_20261009 | forcing spliced | tap true | pair seed 2026 | record conditioning: common draw set with the FaIR arm, dropped 2 of 2000 | pulse 0.01 GtCH4 at 2030 | cm rel 1995-2014 | julia 1.12.6"
2083,glaciers,0.0008724999675076006,0.000898278581221153,4.6725215667073685e-6,0.0006032096417825095,0.0012719473676936484,"scope_slr_pulse_vv.jl | SLR-RFF-BRICK 39cedc0 | Ladrillo L27 (v1.2) | draws parameters_subsample_brick_mengel_L27.csv, 500/chain | paleo assignment :single (seed 20260920) | land-water anchor :zero_at_first_year | lws observed | climate MAGICC-SLR 600 members, vv_pulse_wide_20261009 | forcing spliced | tap true | pair seed 2026 | record conditioning: common draw set with the FaIR arm, dropped 2 of 2000 | pulse 0.01 GtCH4 at 2030 | cm rel 1995-2014 | julia 1.12.6"
2084,glaciers,0.0008646305765314111,0.0008905388683727879,4.620572223577419e-6,0.0005988164115473538,0.001260233358043905,"scope_slr_pulse_vv.jl | SLR-RFF-BRICK 39cedc0 | Ladrillo L27 (v1.2) | draws parameters_subsample_brick_mengel_L27.csv, 500/chain | paleo assignment :single (seed 20260920) | land-water anchor :zero_at_first_year | lws observed | climate MAGICC-SLR 600 members, vv_pulse_wide_20261009 | forcing spliced | tap true | pair seed 2026 | record conditioning: common draw set with the FaIR arm, dropped 2 of 2000 | pulse 0.01 GtCH4 at 2030 | cm rel 1995-2014 | julia 1.12.6"
2085,glaciers,0.0008573093708257318,0.0008826589764456107,4.568443900336376e-6,0.000594418414468656,0.0012468773281593569,"scope_slr_pulse_vv.jl | SLR-RFF-BRICK 39cedc0 | Ladrillo L27 (v1.2) | draws parameters_subsample_brick_mengel_L27.csv, 500/chain | paleo assignment :single (seed 20260920) | land-water anchor :zero_at_first_year | lws observed | climate MAGICC-SLR 600 members, vv_pulse_wide_20261009 | forcing spliced | tap true | pair seed 2026 | record conditioning: common draw set with the FaIR arm, dropped 2 of 2000 | pulse 0.01 GtCH4 at 2030 | cm rel 1995-2014 | julia 1.12.6"
2086,glaciers,0.0008494250229613698,0.0008746703857392449,4.5163331327185836e-6,0.0005903465292304233,0.0012334246685754557,"scope_slr_pulse_vv.jl | SLR-RFF-BRICK 39cedc0 | Ladrillo L27 (v1.2) | draws parameters_subsample_brick_mengel_L27.csv, 500/chain | paleo assignment :single (seed 20260920) | land-water anchor :zero_at_first_year | lws observed | climate MAGICC-SLR 600 members, vv_pulse_wide_20261009 | forcing spliced | tap true | pair seed 2026 | record conditioning: common draw set with the FaIR arm, dropped 2 of 2000 | pulse 0.01 GtCH4 at 2030 | cm rel 1995-2014 | julia 1.12.6"
2087,glaciers,0.0008425653702301972,0.0008665923061963365,4.464305590997192e-6,0.0005870735114729797,0.0012226458262103,"scope_slr_pulse_vv.jl | SLR-RFF-BRICK 39cedc0 | Ladrillo L27 (v1.2) | draws parameters_subsample_brick_mengel_L27.csv, 500/chain | paleo assignment :single (seed 20260920) | land-water anchor :zero_at_first_year | lws observed | climate MAGICC-SLR 600 members, vv_pulse_wide_20261009 | forcing spliced | tap true | pair seed 2026 | record conditioning: common draw set with the FaIR arm, dropped 2 of 2000 | pulse 0.01 GtCH4 at 2030 | cm rel 1995-2014 | julia 1.12.6"
2088,glaciers,0.000834462180390183,0.0008584344876035035,4.412429377664006e-6,0.0005832337380569542,0.0012096625425078496,"scope_slr_pulse_vv.jl | SLR-RFF-BRICK 39cedc0 | Ladrillo L27 (v1.2) | draws parameters_subsample_brick_mengel_L27.csv, 500/chain | paleo assignment :single (seed 20260920) | land-water anchor :zero_at_first_year | lws observed | climate MAGICC-SLR 600 members, vv_pulse_wide_20261009 | forcing spliced | tap true | pair seed 2026 | record conditioning: common draw set with the FaIR arm, dropped 2 of 2000 | pulse 0.01 GtCH4 at 2030 | cm rel 1995-2014 | julia 1.12.6"
2089,glaciers,0.000826998083692132,0.0008502036097903895,4.360737591542094e-6,0.0005782256771652782,0.0011959837066950027,"scope_slr_pulse_vv.jl | SLR-RFF-BRICK 39cedc0 | Ladrillo L27 (v1.2) | draws parameters_subsample_brick_mengel_L27.csv, 500/chain | paleo assignment :single (seed 20260920) | land-water anchor :zero_at_first_year | lws observed | climate MAGICC-SLR 600 members, vv_pulse_wide_20261009 | forcing spliced | tap true | pair seed 2026 | record conditioning: common draw set with the FaIR arm, dropped 2 of 2000 | pulse 0.01 GtCH4 at 2030 | cm rel 1995-2014 | julia 1.12.6"
2090,glaciers,0.0008187900066056741,0.0008418986155209768,4.3091931294701864e-6,0.0005727903040259718,0.001181565358955261,"scope_slr_pulse_vv.jl | SLR-RFF-BRICK 39cedc0 | Ladrillo L27 (v1.2) | draws parameters_subsample_brick_mengel_L27.csv, 500/chain | paleo assignment :single (seed 20260920) | land-water anchor :zero_at_first_year | lws observed | climate MAGICC-SLR 600 members, vv_pulse_wide_20261009 | forcing spliced | tap true | pair seed 2026 | record conditioning: common draw set with the FaIR arm, dropped 2 of 2000 | pulse 0.01 GtCH4 at 2030 | cm rel 1995-2014 | julia 1.12.6"
2091,glaciers,0.0008110837742831833,0.0008335140583032296,4.257745440967865e-6,0.0005668689649246161,0.0011690146687767466,"scope_slr_pulse_vv.jl | SLR-RFF-BRICK 39cedc0 | Ladrillo L27 (v1.2) | draws parameters_subsample_brick_mengel_L27.csv, 500/chain | paleo assignment :single (seed 20260920) | land-water anchor :zero_at_first_year | lws observed | climate MAGICC-SLR 600 members, vv_pulse_wide_20261009 | forcing spliced | tap true | pair seed 2026 | record conditioning: common draw set with the FaIR arm, dropped 2 of 2000 | pulse 0.01 GtCH4 at 2030 | cm rel 1995-2014 | julia 1.12.6"
2092,glaciers,0.0008031069596494689,0.0008250540517864055,4.20635350424333e-6,0.0005608048381320785,0.0011559563813189123,"scope_slr_pulse_vv.jl | SLR-RFF-BRICK 39cedc0 | Ladrillo L27 (v1.2) | draws parameters_subsample_brick_mengel_L27.csv, 500/chain | paleo assignment :single (seed 20260920) | land-water anchor :zero_at_first_year | lws observed | climate MAGICC-SLR 600 members, vv_pulse_wide_20261009 | forcing spliced | tap true | pair seed 2026 | record conditioning: common draw set with the FaIR arm, dropped 2 of 2000 | pulse 0.01 GtCH4 at 2030 | cm rel 1995-2014 | julia 1.12.6"
2093,glaciers,0.0007955888843396153,0.0008165227159036508,4.154992714451162e-6,0.0005563167787980383,0.0011446116555577034,"scope_slr_pulse_vv.jl | SLR-RFF-BRICK 39cedc0 | Ladrillo L27 (v1.2) | draws parameters_subsample_brick_mengel_L27.csv, 500/chain | paleo assignment :single (seed 20260920) | land-water anchor :zero_at_first_year | lws observed | climate MAGICC-SLR 600 members, vv_pulse_wide_20261009 | forcing spliced | tap true | pair seed 2026 | record conditioning: common draw set with the FaIR arm, dropped 2 of 2000 | pulse 0.01 GtCH4 at 2030 | cm rel 1995-2014 | julia 1.12.6"
2094,glaciers,0.0007869940135574183,0.0008079491287911727,4.10377818151845e-6,0.000551549071877222,0.001130964299384196,"scope_slr_pulse_vv.jl | SLR-RFF-BRICK 39cedc0 | Ladrillo L27 (v1.2) | draws parameters_subsample_brick_mengel_L27.csv, 500/chain | paleo assignment :single (seed 20260920) | land-water anchor :zero_at_first_year | lws observed | climate MAGICC-SLR 600 members, vv_pulse_wide_20261009 | forcing spliced | tap true | pair seed 2026 | record conditioning: common draw set with the FaIR arm, dropped 2 of 2000 | pulse 0.01 GtCH4 at 2030 | cm rel 1995-2014 | julia 1.12.6"
2095,glaciers,0.0007782794494719525,0.000799368606008568,4.052924322324523e-6,0.0005458860365395779,0.001118244577565086,"scope_slr_pulse_vv.jl | SLR-RFF-BRICK 39cedc0 | Ladrillo L27 (v1.2) | draws parameters_subsample_brick_mengel_L27.csv, 500/chain | paleo assignment :single (seed 20260920) | land-water anchor :zero_at_first_year | lws observed | climate MAGICC-SLR 600 members, vv_pulse_wide_20261009 | forcing spliced | tap true | pair seed 2026 | record conditioning: common draw set with the FaIR arm, dropped 2 of 2000 | pulse 0.01 GtCH4 at 2030 | cm rel 1995-2014 | julia 1.12.6"
2096,glaciers,0.0007697529579218099,0.0007908023623402476,4.002556448696251e-6,0.0005404429969388503,0.0011076325477025859,"scope_slr_pulse_vv.jl | SLR-RFF-BRICK 39cedc0 | Ladrillo L27 (v1.2) | draws parameters_subsample_brick_mengel_L27.csv, 500/chain | paleo assignment :single (seed 20260920) | land-water anchor :zero_at_first_year | lws observed | climate MAGICC-SLR 600 members, vv_pulse_wide_20261009 | forcing spliced | tap true | pair seed 2026 | record conditioning: common draw set with the FaIR arm, dropped 2 of 2000 | pulse 0.01 GtCH4 at 2030 | cm rel 1995-2014 | julia 1.12.6"
2097,glaciers,0.0007616098702296625,0.0007822657019671731,3.9527539708553815e-6,0.0005349852034990832,0.0010947416904953044,"scope_slr_pulse_vv.jl | SLR-RFF-BRICK 39cedc0 | Ladrillo L27 (v1.2) | draws parameters_subsample_brick_mengel_L27.csv, 500/chain | paleo assignment :single (seed 20260920) | land-water anchor :zero_at_first_year | lws observed | climate MAGICC-SLR 600 members, vv_pulse_wide_20261009 | forcing spliced | tap true | pair seed 2026 | record conditioning: common draw set with the FaIR arm, dropped 2 of 2000 | pulse 0.01 GtCH4 at 2030 | cm rel 1995-2014 | julia 1.12.6"
2098,glaciers,0.0007538116925491778,0.000773760805426774,3.90353404954888e-6,0.000529451604699549,0.001082419232486842,"scope_slr_pulse_vv.jl | SLR-RFF-BRICK 39cedc0 | Ladrillo L27 (v1.2) | draws parameters_subsample_brick_mengel_L27.csv, 500/chain | paleo assignment :single (seed 20260920) | land-water anchor :zero_at_first_year | lws observed | climate MAGICC-SLR 600 members, vv_pulse_wide_20261009 | forcing spliced | tap true | pair seed 2026 | record conditioning: common draw set with the FaIR arm, dropped 2 of 2000 | pulse 0.01 GtCH4 at 2030 | cm rel 1995-2014 | julia 1.12.6"
2099,glaciers,0.000745918084078312,0.0007652896051213636,3.854884769569918e-6,0.0005240913966741978,0.0010679179910832554,"scope_slr_pulse_vv.jl | SLR-RFF-BRICK 39cedc0 | Ladrillo L27 (v1.2) | draws parameters_subsample_brick_mengel_L27.csv, 500/chain | paleo assignment :single (seed 20260920) | land-water anchor :zero_at_first_year | lws observed | climate MAGICC-SLR 600 members, vv_pulse_wide_20261009 | forcing spliced | tap true | pair seed 2026 | record conditioning: common draw set with the FaIR arm, dropped 2 of 2000 | pulse 0.01 GtCH4 at 2030 | cm rel 1995-2014 | julia 1.12.6"
2100,glaciers,0.0007373163754476053,0.0007568447192900694,3.806773249701016e-6,0.0005186385218426181,0.0010565895787493671,"scope_slr_pulse_vv.jl | SLR-RFF-BRICK 39cedc0 | Ladrillo L27 (v1.2) | draws parameters_subsample_brick_mengel_L27.csv, 500/chain | paleo assignment :single (seed 20260920) | land-water anchor :zero_at_first_year | lws observed | climate MAGICC-SLR 600 members, vv_pulse_wide_20261009 | forcing spliced | tap true | pair seed 2026 | record conditioning: common draw set with the FaIR arm, dropped 2 of 2000 | pulse 0.01 GtCH4 at 2030 | cm rel 1995-2014 | julia 1.12.6"
2101,glaciers,0.0007291530548378944,0.0007484132197408186,3.7591112484002915e-6,0.0005130673693761524,0.0010443403485776769,"scope_slr_pulse_vv.jl | SLR-RFF-BRICK 39cedc0 | Ladrillo L27 (v1.2) | draws parameters_subsample_brick_mengel_L27.csv, 500/chain | paleo assignment :single (seed 20260920) | land-water anchor :zero_at_first_year | lws observed | climate MAGICC-SLR 600 members, vv_pulse_wide_20261009 | forcing spliced | tap true | pair seed 2026 | record conditioning: common draw set with the FaIR arm, dropped 2 of 2000 | pulse 0.01 GtCH4 at 2030 | cm rel 1995-2014 | julia 1.12.6"
2102,glaciers,0.0007210729571838215,0.0007399853500088154,3.7117995669042243e-6,0.0005076406056399919,0.0010301491222108434,"scope_slr_pulse_vv.jl | SLR-RFF-BRICK 39cedc0 | Ladrillo L27 (v1.2) | draws parameters_subsample_brick_mengel_L27.csv, 500/chain | paleo assignment :single (seed 20260920) | land-water anchor :zero_at_first_year | lws observed | climate MAGICC-SLR 600 members, vv_pulse_wide_20261009 | forcing spliced | tap true | pair seed 2026 | record conditioning: common draw set with the FaIR arm, dropped 2 of 2000 | pulse 0.01 GtCH4 at 2030 | cm rel 1995-2014 | julia 1.12.6"
2103,glaciers,0.0007128692150946137,0.0007315769915578195,3.6648669928624692e-6,0.000502341386262728,0.0010192449839841798,"scope_slr_pulse_vv.jl | SLR-RFF-BRICK 39cedc0 | Ladrillo L27 (v1.2) | draws parameters_subsample_brick_mengel_L27.csv, 500/chain | paleo assignment :single (seed 20260920) | land-water anchor :zero_at_first_year | lws observed | climate MAGICC-SLR 600 members, vv_pulse_wide_20261009 | forcing spliced | tap true | pair seed 2026 | record conditioning: common draw set with the FaIR arm, dropped 2 of 2000 | pulse 0.01 GtCH4 at 2030 | cm rel 1995-2014 | julia 1.12.6"
2104,glaciers,0.0007044502445481271,0.0007230917597393206,3.6192046133877557e-6,0.0004967660225275062,0.0010081440136506358,"scope_slr_pulse_vv.jl | SLR-RFF-BRICK 39cedc0 | Ladrillo L27 (v1.2) | draws parameters_subsample_brick_mengel_L27.csv, 500/chain | paleo assignment :single (seed 20260920) | land-water anchor :zero_at_first_year | lws observed | climate MAGICC-SLR 600 members, vv_pulse_wide_20261009 | forcing spliced | tap true | pair seed 2026 | record conditioning: common draw set with the FaIR arm, dropped 2 of 2000 | pulse 0.01 GtCH4 at 2030 | cm rel 1995-2014 | julia 1.12.6"
2105,glaciers,0.0006966997732842373,0.0007148296149108044,3.5728163122238393e-6,0.0004910389146234095,0.0009962274331897448,"scope_slr_pulse_vv.jl | SLR-RFF-BRICK 39cedc0 | Ladrillo L27 (v1.2) | draws parameters_subsample_brick_mengel_L27.csv, 500/chain | paleo assignment :single (seed 20260920) | land-water anchor :zero_at_first_year | lws observed | climate MAGICC-SLR 600 members, vv_pulse_wide_20261009 | forcing spliced | tap true | pair seed 2026 | record conditioning: common draw set with the FaIR arm, dropped 2 of 2000 | pulse 0.01 GtCH4 at 2030 | cm rel 1995-2014 | julia 1.12.6"
2106,glaciers,0.0006896889217262725,0.000706630507743571,3.5273979497664576e-6,0.00048559037622233344,0.0009835146635030156,"scope_slr_pulse_vv.jl | SLR-RFF-BRICK 39cedc0 | Ladrillo L27 (v1.2) | draws parameters_subsample_brick_mengel_L27.csv, 500/chain | paleo assignment :single (seed 20260920) | land-water anchor :zero_at_first_year | lws observed | climate MAGICC-SLR 600 members, vv_pulse_wide_20261009 | forcing spliced | tap true | pair seed 2026 | record conditioning: common draw set with the FaIR arm, dropped 2 of 2000 | pulse 0.01 GtCH4 at 2030 | cm rel 1995-2014 | julia 1.12.6"
2107,glaciers,0.000682302186666206,0.0006984799202281675,3.482857134073888e-6,0.0004798025432029007,0.0009715207668232749,"scope_slr_pulse_vv.jl | SLR-RFF-BRICK 39cedc0 | Ladrillo L27 (v1.2) | draws parameters_subsample_brick_mengel_L27.csv, 500/chain | paleo assignment :single (seed 20260920) | land-water anchor :zero_at_first_year | lws observed | climate MAGICC-SLR 600 members, vv_pulse_wide_20261009 | forcing spliced | tap true | pair seed 2026 | record conditioning: common draw set with the FaIR arm, dropped 2 of 2000 | pulse 0.01 GtCH4 at 2030 | cm rel 1995-2014 | julia 1.12.6"
2108,glaciers,0.0006747387226617718,0.000690395372564794,3.4390252937621994e-6,0.00047457724598700676,0.0009600626924858523,"scope_slr_pulse_vv.jl | SLR-RFF-BRICK 39cedc0 | Ladrillo L27 (v1.2) | draws parameters_subsample_brick_mengel_L27.csv, 500/chain | paleo assignment :single (seed 20260920) | land-water anchor :zero_at_first_year | lws observed | climate MAGICC-SLR 600 members, vv_pulse_wide_20261009 | forcing spliced | tap true | pair seed 2026 | record conditioning: common draw set with the FaIR arm, dropped 2 of 2000 | pulse 0.01 GtCH4 at 2030 | cm rel 1995-2014 | julia 1.12.6"
2109,glaciers,0.0006663449835260238,0.0006823804896953238,3.395852929303131e-6,0.00046866199879280757,0.0009492730066558153,"scope_slr_pulse_vv.jl | SLR-RFF-BRICK 39cedc0 | Ladrillo L27 (v1.2) | draws parameters_subsample_brick_mengel_L27.csv, 500/chain | paleo assignment :single (seed 20260920) | land-water anchor :zero_at_first_year | lws observed | climate MAGICC-SLR 600 members, vv_pulse_wide_20261009 | forcing spliced | tap true | pair seed 2026 | record conditioning: common draw set with the FaIR arm, dropped 2 of 2000 | pulse 0.01 GtCH4 at 2030 | cm rel 1995-2014 | julia 1.12.6"
2110,glaciers,0.0006590851498540218,0.0006744320155096161,3.353297199400682e-6,0.0004640010565465147,0.0009383549729777838,"scope_slr_pulse_vv.jl | SLR-RFF-BRICK 39cedc0 | Ladrillo L27 (v1.2) | draws parameters_subsample_brick_mengel_L27.csv, 500/chain | paleo assignment :single (seed 20260920) | land-water anchor :zero_at_first_year | lws observed | climate MAGICC-SLR 600 members, vv_pulse_wide_20261009 | forcing spliced | tap true | pair seed 2026 | record conditioning: common draw set with the FaIR arm, dropped 2 of 2000 | pulse 0.01 GtCH4 at 2030 | cm rel 1995-2014 | julia 1.12.6"
2111,glaciers,0.0006512728580210236,0.00066653975651853,3.311279922956183e-6,0.0004586223724412974,0.0009266514544662206,"scope_slr_pulse_vv.jl | SLR-RFF-BRICK 39cedc0 | Ladrillo L27 (v1.2) | draws parameters_subsample_brick_mengel_L27.csv, 500/chain | paleo assignment :single (seed 20260920) | land-water anchor :zero_at_first_year | lws observed | climate MAGICC-SLR 600 members, vv_pulse_wide_20261009 | forcing spliced | tap true | pair seed 2026 | record conditioning: common draw set with the FaIR arm, dropped 2 of 2000 | pulse 0.01 GtCH4 at 2030 | cm rel 1995-2014 | julia 1.12.6"
2112,glaciers,0.0006438721036525763,0.0006586847847035291,3.2696888803996087e-6,0.0004540051828083591,0.0009173600533054936,"scope_slr_pulse_vv.jl | SLR-RFF-BRICK 39cedc0 | Ladrillo L27 (v1.2) | draws parameters_subsample_brick_mengel_L27.csv, 500/chain | paleo assignment :single (seed 20260920) | land-water anchor :zero_at_first_year | lws observed | climate MAGICC-SLR 600 members, vv_pulse_wide_20261009 | forcing spliced | tap true | pair seed 2026 | record conditioning: common draw set with the FaIR arm, dropped 2 of 2000 | pulse 0.01 GtCH4 at 2030 | cm rel 1995-2014 | julia 1.12.6"
2113,glaciers,0.0006354009234001978,0.000650878355190585,3.2285528046448976e-6,0.00044898648522098125,0.0009080471715392946,"scope_slr_pulse_vv.jl | SLR-RFF-BRICK 39cedc0 | Ladrillo L27 (v1.2) | draws parameters_subsample_brick_mengel_L27.csv, 500/chain | paleo assignment :single (seed 20260920) | land-water anchor :zero_at_first_year | lws observed | climate MAGICC-SLR 600 members, vv_pulse_wide_20261009 | forcing spliced | tap true | pair seed 2026 | record conditioning: common draw set with the FaIR arm, dropped 2 of 2000 | pulse 0.01 GtCH4 at 2030 | cm rel 1995-2014 | julia 1.12.6"
2114,glaciers,0.0006286225303417936,0.0006431352961977154,3.1879371637414522e-6,0.0004437896672117247,0.0008978685856829926,"scope_slr_pulse_vv.jl | SLR-RFF-BRICK 39cedc0 | Ladrillo L27 (v1.2) | draws parameters_subsample_brick_mengel_L27.csv, 500/chain | paleo assignment :single (seed 20260920) | land-water anchor :zero_at_first_year | lws observed | climate MAGICC-SLR 600 members, vv_pulse_wide_20261009 | forcing spliced | tap true | pair seed 2026 | record conditioning: common draw set with the FaIR arm, dropped 2 of 2000 | pulse 0.01 GtCH4 at 2030 | cm rel 1995-2014 | julia 1.12.6"
2115,glaciers,0.0006208837605692352,0.0006354781426079297,3.147944082638905e-6,0.0004386223549174062,0.0008872770388652639,"scope_slr_pulse_vv.jl | SLR-RFF-BRICK 39cedc0 | Ladrillo L27 (v1.2) | draws parameters_subsample_brick_mengel_L27.csv, 500/chain | paleo assignment :single (seed 20260920) | land-water anchor :zero_at_first_year | lws observed | climate MAGICC-SLR 600 members, vv_pulse_wide_20261009 | forcing spliced | tap true | pair seed 2026 | record conditioning: common draw set with the FaIR arm, dropped 2 of 2000 | pulse 0.01 GtCH4 at 2030 | cm rel 1995-2014 | julia 1.12.6"
2116,glaciers,0.0006143668446645378,0.0006279142100334888,3.108617739444722e-6,0.0004338019884442268,0.0008753549302268123,"scope_slr_pulse_vv.jl | SLR-RFF-BRICK 39cedc0 | Ladrillo L27 (v1.2) | draws parameters_subsample_brick_mengel_L27.csv, 500/chain | paleo assignment :single (seed 20260920) | land-water anchor :zero_at_first_year | lws observed | climate MAGICC-SLR 600 members, vv_pulse_wide_20261009 | forcing spliced | tap true | pair seed 2026 | record conditioning: common draw set with the FaIR arm, dropped 2 of 2000 | pulse 0.01 GtCH4 at 2030 | cm rel 1995-2014 | julia 1.12.6"
2117,glaciers,0.0006066330364129513,0.0006204520903609836,3.069993594904118e-6,0.0004293556264902243,0.0008654022830766548,"scope_slr_pulse_vv.jl | SLR-RFF-BRICK 39cedc0 | Ladrillo L27 (v1.2) | draws parameters_subsample_brick_mengel_L27.csv, 500/chain | paleo assignment :single (seed 20260920) | land-water anchor :zero_at_first_year | lws observed | climate MAGICC-SLR 600 members, vv_pulse_wide_20261009 | forcing spliced | tap true | pair seed 2026 | record conditioning: common draw set with the FaIR arm, dropped 2 of 2000 | pulse 0.01 GtCH4 at 2030 | cm rel 1995-2014 | julia 1.12.6"
2118,glaciers,0.0005994836092053646,0.0006130946774080645,3.0320732143962765e-6,0.0004246479095671774,0.0008563992434737599,"scope_slr_pulse_vv.jl | SLR-RFF-BRICK 39cedc0 | Ladrillo L27 (v1.2) | draws parameters_subsample_brick_mengel_L27.csv, 500/chain | paleo assignment :single (seed 20260920) | land-water anchor :zero_at_first_year | lws observed | climate MAGICC-SLR 600 members, vv_pulse_wide_20261009 | forcing spliced | tap true | pair seed 2026 | record conditioning: common draw set with the FaIR arm, dropped 2 of 2000 | pulse 0.01 GtCH4 at 2030 | cm rel 1995-2014 | julia 1.12.6"
2119,glaciers,0.000592186647837778,0.0006058385770373525,2.9948301466959917e-6,0.0004191159307950443,0.0008461814103764453,"scope_slr_pulse_vv.jl | SLR-RFF-BRICK 39cedc0 | Ladrillo L27 (v1.2) | draws parameters_subsample_brick_mengel_L27.csv, 500/chain | paleo assignment :single (seed 20260920) | land-water anchor :zero_at_first_year | lws observed | climate MAGICC-SLR 600 members, vv_pulse_wide_20261009 | forcing spliced | tap true | pair seed 2026 | record conditioning: common draw set with the FaIR arm, dropped 2 of 2000 | pulse 0.01 GtCH4 at 2030 | cm rel 1995-2014 | julia 1.12.6"
2120,glaciers,0.0005847324753798233,0.0005986792245877153,2.9582459341246895e-6,0.0004144587629495433,0.0008363364947589601,"scope_slr_pulse_vv.jl | SLR-RFF-BRICK 39cedc0 | Ladrillo L27 (v1.2) | draws parameters_subsample_brick_mengel_L27.csv, 500/chain | paleo assignment :single (seed 20260920) | land-water anchor :zero_at_first_year | lws observed | climate MAGICC-SLR 600 members, vv_pulse_wide_20261009 | forcing spliced | tap true | pair seed 2026 | record conditioning: common draw set with the FaIR arm, dropped 2 of 2000 | pulse 0.01 GtCH4 at 2030 | cm rel 1995-2014 | julia 1.12.6"
2121,glaciers,0.0005779123802547304,0.0005916036825275684,2.922259956665382e-6,0.0004095875103434565,0.0008262154677703748,"scope_slr_pulse_vv.jl | SLR-RFF-BRICK 39cedc0 | Ladrillo L27 (v1.2) | draws parameters_subsample_brick_mengel_L27.csv, 500/chain | paleo assignment :single (seed 20260920) | land-water anchor :zero_at_first_year | lws observed | climate MAGICC-SLR 600 members, vv_pulse_wide_20261009 | forcing spliced | tap true | pair seed 2026 | record conditioning: common draw set with the FaIR arm, dropped 2 of 2000 | pulse 0.01 GtCH4 at 2030 | cm rel 1995-2014 | julia 1.12.6"
2122,glaciers,0.0005707804997392429,0.000584597246969347,2.886796572241579e-6,0.0004041677373107788,0.000817093117098011,"scope_slr_pulse_vv.jl | SLR-RFF-BRICK 39cedc0 | Ladrillo L27 (v1.2) | draws parameters_subsample_brick_mengel_L27.csv, 500/chain | paleo assignment :single (seed 20260920) | land-water anchor :zero_at_first_year | lws observed | climate MAGICC-SLR 600 members, vv_pulse_wide_20261009 | forcing spliced | tap true | pair seed 2026 | record conditioning: common draw set with the FaIR arm, dropped 2 of 2000 | pulse 0.01 GtCH4 at 2030 | cm rel 1995-2014 | julia 1.12.6"
2123,glaciers,0.0005637117135428582,0.0005776492366954563,2.85171009876291e-6,0.00039925022142055515,0.0008075279794081069,"scope_slr_pulse_vv.jl | SLR-RFF-BRICK 39cedc0 | Ladrillo L27 (v1.2) | draws parameters_subsample_brick_mengel_L27.csv, 500/chain | paleo assignment :single (seed 20260920) | land-water anchor :zero_at_first_year | lws observed | climate MAGICC-SLR 600 members, vv_pulse_wide_20261009 | forcing spliced | tap true | pair seed 2026 | record conditioning: common draw set with the FaIR arm, dropped 2 of 2000 | pulse 0.01 GtCH4 at 2030 | cm rel 1995-2014 | julia 1.12.6"
2124,glaciers,0.0005571450952324142,0.000570780842356636,2.817136157348941e-6,0.00039485554062075324,0.0007987208260603395,"scope_slr_pulse_vv.jl | SLR-RFF-BRICK 39cedc0 | Ladrillo L27 (v1.2) | draws parameters_subsample_brick_mengel_L27.csv, 500/chain | paleo assignment :single (seed 20260920) | land-water anchor :zero_at_first_year | lws observed | climate MAGICC-SLR 600 members, vv_pulse_wide_20261009 | forcing spliced | tap true | pair seed 2026 | record conditioning: common draw set with the FaIR arm, dropped 2 of 2000 | pulse 0.01 GtCH4 at 2030 | cm rel 1995-2014 | julia 1.12.6"
2125,glaciers,0.0005502818008533694,0.0005639979905076178,2.783116947187366e-6,0.0003907644865680737,0.0007902152733221257,"scope_slr_pulse_vv.jl | SLR-RFF-BRICK 39cedc0 | Ladrillo L27 (v1.2) | draws parameters_subsample_brick_mengel_L27.csv, 500/chain | paleo assignment :single (seed 20260920) | land-water anchor :zero_at_first_year | lws observed | climate MAGICC-SLR 600 members, vv_pulse_wide_20261009 | forcing spliced | tap true | pair seed 2026 | record conditioning: common draw set with the FaIR arm, dropped 2 of 2000 | pulse 0.01 GtCH4 at 2030 | cm rel 1995-2014 | julia 1.12.6"
2126,glaciers,0.0005438176578156373,0.0005573141546599778,2.7496966702664614e-6,0.00038557850693514694,0.0007808300195597083,"scope_slr_pulse_vv.jl | SLR-RFF-BRICK 39cedc0 | Ladrillo L27 (v1.2) | draws parameters_subsample_brick_mengel_L27.csv, 500/chain | paleo assignment :single (seed 20260920) | land-water anchor :zero_at_first_year | lws observed | climate MAGICC-SLR 600 members, vv_pulse_wide_20261009 | forcing spliced | tap true | pair seed 2026 | record conditioning: common draw set with the FaIR arm, dropped 2 of 2000 | pulse 0.01 GtCH4 at 2030 | cm rel 1995-2014 | julia 1.12.6"
2127,glaciers,0.0005372194561683585,0.0005507394422189779,2.716921550130886e-6,0.00038090951491440703,0.0007713773328140048,"scope_slr_pulse_vv.jl | SLR-RFF-BRICK 39cedc0 | Ladrillo L27 (v1.2) | draws parameters_subsample_brick_mengel_L27.csv, 500/chain | paleo assignment :single (seed 20260920) | land-water anchor :zero_at_first_year | lws observed | climate MAGICC-SLR 600 members, vv_pulse_wide_20261009 | forcing spliced | tap true | pair seed 2026 | record conditioning: common draw set with the FaIR arm, dropped 2 of 2000 | pulse 0.01 GtCH4 at 2030 | cm rel 1995-2014 | julia 1.12.6"
2128,glaciers,0.0005307737017066216,0.000544272454797516,2.6847859271555165e-6,0.0003768623825603612,0.0007614183594723655,"scope_slr_pulse_vv.jl | SLR-RFF-BRICK 39cedc0 | Ladrillo L27 (v1.2) | draws parameters_subsample_brick_mengel_L27.csv, 500/chain | paleo assignment :single (seed 20260920) | land-water anchor :zero_at_first_year | lws observed | climate MAGICC-SLR 600 members, vv_pulse_wide_20261009 | forcing spliced | tap true | pair seed 2026 | record conditioning: common draw set with the FaIR arm, dropped 2 of 2000 | pulse 0.01 GtCH4 at 2030 | cm rel 1995-2014 | julia 1.12.6"
2129,glaciers,0.0005243693877110545,0.0005379096778038851,2.653272373483733e-6,0.00037210540857408604,0.0007528245457812943,"scope_slr_pulse_vv.jl | SLR-RFF-BRICK 39cedc0 | Ladrillo L27 (v1.2) | draws parameters_subsample_brick_mengel_L27.csv, 500/chain | paleo assignment :single (seed 20260920) | land-water anchor :zero_at_first_year | lws observed | climate MAGICC-SLR 600 members, vv_pulse_wide_20261009 | forcing spliced | tap true | pair seed 2026 | record conditioning: common draw set with the FaIR arm, dropped 2 of 2000 | pulse 0.01 GtCH4 at 2030 | cm rel 1995-2014 | julia 1.12.6"
2130,glaciers,0.0005185672033398703,0.0005316441381570684,2.6223440490201012e-6,0.0003675257287014233,0.0007438819220428883,"scope_slr_pulse_vv.jl | SLR-RFF-BRICK 39cedc0 | Ladrillo L27 (v1.2) | draws parameters_subsample_brick_mengel_L27.csv, 500/chain | paleo assignment :single (seed 20260920) | land-water anchor :zero_at_first_year | lws observed | climate MAGICC-SLR 600 members, vv_pulse_wide_20261009 | forcing spliced | tap true | pair seed 2026 | record conditioning: common draw set with the FaIR arm, dropped 2 of 2000 | pulse 0.01 GtCH4 at 2030 | cm rel 1995-2014 | julia 1.12.6"
2131,glaciers,0.0005123440609899887,0.0005254622842995273,2.5919367232274136e-6,0.00036313695998977383,0.0007342170429886606,"scope_slr_pulse_vv.jl | SLR-RFF-BRICK 39cedc0 | Ladrillo L27 (v1.2) | draws parameters_subsample_brick_mengel_L27.csv, 500/chain | paleo assignment :single (seed 20260920) | land-water anchor :zero_at_first_year | lws observed | climate MAGICC-SLR 600 members, vv_pulse_wide_20261009 | forcing spliced | tap true | pair seed 2026 | record conditioning: common draw set with the FaIR arm, dropped 2 of 2000 | pulse 0.01 GtCH4 at 2030 | cm rel 1995-2014 | julia 1.12.6"
2132,glaciers,0.0005063093854325018,0.00051934089560451,2.5619442964306567e-6,0.0003584448557180764,0.0007246207943897076,"scope_slr_pulse_vv.jl | SLR-RFF-BRICK 39cedc0 | Ladrillo L27 (v1.2) | draws parameters_subsample_brick_mengel_L27.csv, 500/chain | paleo assignment :single (seed 20260920) | land-water anchor :zero_at_first_year | lws observed | climate MAGICC-SLR 600 members, vv_pulse_wide_20261009 | forcing spliced | tap true | pair seed 2026 | record conditioning: common draw set with the FaIR arm, dropped 2 of 2000 | pulse 0.01 GtCH4 at 2030 | cm rel 1995-2014 | julia 1.12.6"
2133,glaciers,0.0005008095691723113,0.0005132822186439896,2.5323572651432875e-6,0.0003537911112994507,0.0007164787251463522,"scope_slr_pulse_vv.jl | SLR-RFF-BRICK 39cedc0 | Ladrillo L27 (v1.2) | draws parameters_subsample_brick_mengel_L27.csv, 500/chain | paleo assignment :single (seed 20260920) | land-water anchor :zero_at_first_year | lws observed | climate MAGICC-SLR 600 members, vv_pulse_wide_20261009 | forcing spliced | tap true | pair seed 2026 | record conditioning: common draw set with the FaIR arm, dropped 2 of 2000 | pulse 0.01 GtCH4 at 2030 | cm rel 1995-2014 | julia 1.12.6"
2134,glaciers,0.0004950649485833125,0.0005072923289748975,2.5031955995481326e-6,0.0003494162618739693,0.0007088356772488424,"scope_slr_pulse_vv.jl | SLR-RFF-BRICK 39cedc0 | Ladrillo L27 (v1.2) | draws parameters_subsample_brick_mengel_L27.csv, 500/chain | paleo assignment :single (seed 20260920) | land-water anchor :zero_at_first_year | lws observed | climate MAGICC-SLR 600 members, vv_pulse_wide_20261009 | forcing spliced | tap true | pair seed 2026 | record conditioning: common draw set with the FaIR arm, dropped 2 of 2000 | pulse 0.01 GtCH4 at 2030 | cm rel 1995-2014 | julia 1.12.6"
2135,glaciers,0.0004896643116794053,0.0005013842400727475,2.4745060497935644e-6,0.0003452135370947573,0.0006977692936594337,"scope_slr_pulse_vv.jl | SLR-RFF-BRICK 39cedc0 | Ladrillo L27 (v1.2) | draws parameters_subsample_brick_mengel_L27.csv, 500/chain | paleo assignment :single (seed 20260920) | land-water anchor :zero_at_first_year | lws observed | climate MAGICC-SLR 600 members, vv_pulse_wide_20261009 | forcing spliced | tap true | pair seed 2026 | record conditioning: common draw set with the FaIR arm, dropped 2 of 2000 | pulse 0.01 GtCH4 at 2030 | cm rel 1995-2014 | julia 1.12.6"
2136,glaciers,0.0004839831828906682,0.000495571287879902,2.446349060864334e-6,0.00034111434509238593,0.000689809530033436,"scope_slr_pulse_vv.jl | SLR-RFF-BRICK 39cedc0 | Ladrillo L27 (v1.2) | draws parameters_subsample_brick_mengel_L27.csv, 500/chain | paleo assignment :single (seed 20260920) | land-water anchor :zero_at_first_year | lws observed | climate MAGICC-SLR 600 members, vv_pulse_wide_20261009 | forcing spliced | tap true | pair seed 2026 | record conditioning: common draw set with the FaIR arm, dropped 2 of 2000 | pulse 0.01 GtCH4 at 2030 | cm rel 1995-2014 | julia 1.12.6"
2137,glaciers,0.0004787082352812888,0.0004898625145080734,2.4187641213245735e-6,0.00033717057246605007,0.000682517497408952,"scope_slr_pulse_vv.jl | SLR-RFF-BRICK 39cedc0 | Ladrillo L27 (v1.2) | draws parameters_subsample_brick_mengel_L27.csv, 500/chain | paleo assignment :single (seed 20260920) | land-water anchor :zero_at_first_year | lws observed | climate MAGICC-SLR 600 members, vv_pulse_wide_20261009 | forcing spliced | tap true | pair seed 2026 | record conditioning: common draw set with the FaIR arm, dropped 2 of 2000 | pulse 0.01 GtCH4 at 2030 | cm rel 1995-2014 | julia 1.12.6"
2138,glaciers,0.0004730134535630981,0.00048425412732955975,2.39173752113757e-6,0.00033322938541839874,0.0006743029497423336,"scope_slr_pulse_vv.jl | SLR-RFF-BRICK 39cedc0 | Ladrillo L27 (v1.2) | draws parameters_subsample_brick_mengel_L27.csv, 500/chain | paleo assignment :single (seed 20260920) | land-water anchor :zero_at_first_year | lws observed | climate MAGICC-SLR 600 members, vv_pulse_wide_20261009 | forcing spliced | tap true | pair seed 2026 | record conditioning: common draw set with the FaIR arm, dropped 2 of 2000 | pulse 0.01 GtCH4 at 2030 | cm rel 1995-2014 | julia 1.12.6"
2139,glaciers,0.00046813012129476306,0.0004787410527380049,2.365243169067325e-6,0.00032944807989938597,0.0006663800583091017,"scope_slr_pulse_vv.jl | SLR-RFF-BRICK 39cedc0 | Ladrillo L27 (v1.2) | draws parameters_subsample_brick_mengel_L27.csv, 500/chain | paleo assignment :single (seed 20260920) | land-water anchor :zero_at_first_year | lws observed | climate MAGICC-SLR 600 members, vv_pulse_wide_20261009 | forcing spliced | tap true | pair seed 2026 | record conditioning: common draw set with the FaIR arm, dropped 2 of 2000 | pulse 0.01 GtCH4 at 2030 | cm rel 1995-2014 | julia 1.12.6"
2140,glaciers,0.0004626391233664151,0.00047331753536296187,2.339220357839085e-6,0.00032619175504855496,0.0006592098175310923,"scope_slr_pulse_vv.jl | SLR-RFF-BRICK 39cedc0 | Ladrillo L27 (v1.2) | draws parameters_subsample_brick_mengel_L27.csv, 500/chain | paleo assignment :single (seed 20260920) | land-water anchor :zero_at_first_year | lws observed | climate MAGICC-SLR 600 members, vv_pulse_wide_20261009 | forcing spliced | tap true | pair seed 2026 | record conditioning: common draw set with the FaIR arm, dropped 2 of 2000 | pulse 0.01 GtCH4 at 2030 | cm rel 1995-2014 | julia 1.12.6"
2141,glaciers,0.00045774695682609945,0.00046797653176857584,2.3136292317842577e-6,0.00032202816098898525,0.0006517969053131622,"scope_slr_pulse_vv.jl | SLR-RFF-BRICK 39cedc0 | Ladrillo L27 (v1.2) | draws parameters_subsample_brick_mengel_L27.csv, 500/chain | paleo assignment :single (seed 20260920) | land-water anchor :zero_at_first_year | lws observed | climate MAGICC-SLR 600 members, vv_pulse_wide_20261009 | forcing spliced | tap true | pair seed 2026 | record conditioning: common draw set with the FaIR arm, dropped 2 of 2000 | pulse 0.01 GtCH4 at 2030 | cm rel 1995-2014 | julia 1.12.6"
2142,glaciers,0.0004525945752522631,0.00046260452092287887,2.2896246355298345e-6,0.00031828835921672295,0.0006444854336432825,"scope_slr_pulse_vv.jl | SLR-RFF-BRICK 39cedc0 | Ladrillo L27 (v1.2) | draws parameters_subsample_brick_mengel_L27.csv, 500/chain | paleo assignment :single (seed 20260920) | land-water anchor :zero_at_first_year | lws observed | climate MAGICC-SLR 600 members, vv_pulse_wide_20261009 | forcing spliced | tap true | pair seed 2026 | record conditioning: common draw set with the FaIR arm, dropped 2 of 2000 | pulse 0.01 GtCH4 at 2030 | cm rel 1995-2014 | julia 1.12.6"
2143,glaciers,0.0004475672524719698,0.0004574499355347823,2.264054079176124e-6,0.00031429231363784283,0.0006374095705039551,"scope_slr_pulse_vv.jl | SLR-RFF-BRICK 39cedc0 | Ladrillo L27 (v1.2) | draws parameters_subsample_brick_mengel_L27.csv, 500/chain | paleo assignment :single (seed 20260920) | land-water anchor :zero_at_first_year | lws observed | climate MAGICC-SLR 600 members, vv_pulse_wide_20261009 | forcing spliced | tap true | pair seed 2026 | record conditioning: common draw set with the FaIR arm, dropped 2 of 2000 | pulse 0.01 GtCH4 at 2030 | cm rel 1995-2014 | julia 1.12.6"
2144,glaciers,0.0004422461615440909,0.00045235356253401537,2.2392794084955716e-6,0.0003106740054686696,0.0006307381579460979,"scope_slr_pulse_vv.jl | SLR-RFF-BRICK 39cedc0 | Ladrillo L27 (v1.2) | draws parameters_subsample_brick_mengel_L27.csv, 500/chain | paleo assignment :single (seed 20260920) | land-water anchor :zero_at_first_year | lws observed | climate MAGICC-SLR 600 members, vv_pulse_wide_20261009 | forcing spliced | tap true | pair seed 2026 | record conditioning: common draw set with the FaIR arm, dropped 2 of 2000 | pulse 0.01 GtCH4 at 2030 | cm rel 1995-2014 | julia 1.12.6"
2145,glaciers,0.00043741941963837405,0.00044730508519075983,2.215171861488504e-6,0.0003075923235570599,0.0006248155812027533,"scope_slr_pulse_vv.jl | SLR-RFF-BRICK 39cedc0 | Ladrillo L27 (v1.2) | draws parameters_subsample_brick_mengel_L27.csv, 500/chain | paleo assignment :single (seed 20260920) | land-water anchor :zero_at_first_year | lws observed | climate MAGICC-SLR 600 members, vv_pulse_wide_20261009 | forcing spliced | tap true | pair seed 2026 | record conditioning: common draw set with the FaIR arm, dropped 2 of 2000 | pulse 0.01 GtCH4 at 2030 | cm rel 1995-2014 | julia 1.12.6"
2146,glaciers,0.0004324397732453633,0.00044231951245186105,2.1915255664165635e-6,0.00030397838762699083,0.0006182218875569135,"scope_slr_pulse_vv.jl | SLR-RFF-BRICK 39cedc0 | Ladrillo L27 (v1.2) | draws parameters_subsample_brick_mengel_L27.csv, 500/chain | paleo assignment :single (seed 20260920) | land-water anchor :zero_at_first_year | lws observed | climate MAGICC-SLR 600 members, vv_pulse_wide_20261009 | forcing spliced | tap true | pair seed 2026 | record conditioning: common draw set with the FaIR arm, dropped 2 of 2000 | pulse 0.01 GtCH4 at 2030 | cm rel 1995-2014 | julia 1.12.6"
2147,glaciers,0.00042720179333599617,0.0004374087486508921,2.168318955695304e-6,0.0003004221330863643,0.0006106926057311669,"scope_slr_pulse_vv.jl | SLR-RFF-BRICK 39cedc0 | Ladrillo L27 (v1.2) | draws parameters_subsample_brick_mengel_L27.csv, 500/chain | paleo assignment :single (seed 20260920) | land-water anchor :zero_at_first_year | lws observed | climate MAGICC-SLR 600 members, vv_pulse_wide_20261009 | forcing spliced | tap true | pair seed 2026 | record conditioning: common draw set with the FaIR arm, dropped 2 of 2000 | pulse 0.01 GtCH4 at 2030 | cm rel 1995-2014 | julia 1.12.6"
2148,glaciers,0.00042225987036914603,0.00043257383577963344,2.1455390063272638e-6,0.0002973658427128712,0.0006042401436726408,"scope_slr_pulse_vv.jl | SLR-RFF-BRICK 39cedc0 | Ladrillo L27 (v1.2) | draws parameters_subsample_brick_mengel_L27.csv, 500/chain | paleo assignment :single (seed 20260920) | land-water anchor :zero_at_first_year | lws observed | climate MAGICC-SLR 600 members, vv_pulse_wide_20261009 | forcing spliced | tap true | pair seed 2026 | record conditioning: common draw set with the FaIR arm, dropped 2 of 2000 | pulse 0.01 GtCH4 at 2030 | cm rel 1995-2014 | julia 1.12.6"
2149,glaciers,0.0004173514220653374,0.0004278166282126644,2.12318345334622e-6,0.0002938485254601275,0.0005971772295007227,"scope_slr_pulse_vv.jl | SLR-RFF-BRICK 39cedc0 | Ladrillo L27 (v1.2) | draws parameters_subsample_brick_mengel_L27.csv, 500/chain | paleo assignment :single (seed 20260920) | land-water anchor :zero_at_first_year | lws observed | climate MAGICC-SLR 600 members, vv_pulse_wide_20261009 | forcing spliced | tap true | pair seed 2026 | record conditioning: common draw set with the FaIR arm, dropped 2 of 2000 | pulse 0.01 GtCH4 at 2030 | cm rel 1995-2014 | julia 1.12.6"
2150,glaciers,0.00041277692605312666,0.0004231366895616181,2.1012455274390053e-6,0.00028943424737022384,0.0005902353499250167,"scope_slr_pulse_vv.jl | SLR-RFF-BRICK 39cedc0 | Ladrillo L27 (v1.2) | draws parameters_subsample_brick_mengel_L27.csv, 500/chain | paleo assignment :single (seed 20260920) | land-water anchor :zero_at_first_year | lws observed | climate MAGICC-SLR 600 members, vv_pulse_wide_20261009 | forcing spliced | tap true | pair seed 2026 | record conditioning: common draw set with the FaIR arm, dropped 2 of 2000 | pulse 0.01 GtCH4 at 2030 | cm rel 1995-2014 | julia 1.12.6"
2151,glaciers,0.0004076638352668027,0.0004185313554607486,2.079709705597886e-6,0.0002861321785454507,0.0005836248755164418,"scope_slr_pulse_vv.jl | SLR-RFF-BRICK 39cedc0 | Ladrillo L27 (v1.2) | draws parameters_subsample_brick_mengel_L27.csv, 500/chain | paleo assignment :single (seed 20260920) | land-water anchor :zero_at_first_year | lws observed | climate MAGICC-SLR 600 members, vv_pulse_wide_20261009 | forcing spliced | tap true | pair seed 2026 | record conditioning: common draw set with the FaIR arm, dropped 2 of 2000 | pulse 0.01 GtCH4 at 2030 | cm rel 1995-2014 | julia 1.12.6"
2152,glaciers,0.0004032997201299793,0.00041399731243933996,2.0585583027857842e-6,0.00028313373518162877,0.0005769281345724409,"scope_slr_pulse_vv.jl | SLR-RFF-BRICK 39cedc0 | Ladrillo L27 (v1.2) | draws parameters_subsample_brick_mengel_L27.csv, 500/chain | paleo assignment :single (seed 20260920) | land-water anchor :zero_at_first_year | lws observed | climate MAGICC-SLR 600 members, vv_pulse_wide_20261009 | forcing spliced | tap true | pair seed 2026 | record conditioning: common draw set with the FaIR arm, dropped 2 of 2000 | pulse 0.01 GtCH4 at 2030 | cm rel 1995-2014 | julia 1.12.6"
2153,glaciers,0.0003988185777963338,0.0004095262416546582,2.037750730422813e-6,0.0002801899805280783,0.0005702032465164208,"scope_slr_pulse_vv.jl | SLR-RFF-BRICK 39cedc0 | Ladrillo L27 (v1.2) | draws parameters_subsample_brick_mengel_L27.csv, 500/chain | paleo assignment :single (seed 20260920) | land-water anchor :zero_at_first_year | lws observed | climate MAGICC-SLR 600 members, vv_pulse_wide_20261009 | forcing spliced | tap true | pair seed 2026 | record conditioning: common draw set with the FaIR arm, dropped 2 of 2000 | pulse 0.01 GtCH4 at 2030 | cm rel 1995-2014 | julia 1.12.6"
2154,glaciers,0.0003943580942991076,0.00040510667569575816,2.017238348610439e-6,0.000277002345083055,0.0005642782510143717,"scope_slr_pulse_vv.jl | SLR-RFF-BRICK 39cedc0 | Ladrillo L27 (v1.2) | draws parameters_subsample_brick_mengel_L27.csv, 500/chain | paleo assignment :single (seed 20260920) | land-water anchor :zero_at_first_year | lws observed | climate MAGICC-SLR 600 members, vv_pulse_wide_20261009 | forcing spliced | tap true | pair seed 2026 | record conditioning: common draw set with the FaIR arm, dropped 2 of 2000 | pulse 0.01 GtCH4 at 2030 | cm rel 1995-2014 | julia 1.12.6"
2155,glaciers,0.00038996464666851693,0.0004007335609414377,1.996995843029374e-6,0.00027407917610329237,0.0005579421907246029,"scope_slr_pulse_vv.jl | SLR-RFF-BRICK 39cedc0 | Ladrillo L27 (v1.2) | draws parameters_subsample_brick_mengel_L27.csv, 500/chain | paleo assignment :single (seed 20260920) | land-water anchor :zero_at_first_year | lws observed | climate MAGICC-SLR 600 members, vv_pulse_wide_20261009 | forcing spliced | tap true | pair seed 2026 | record conditioning: common draw set with the FaIR arm, dropped 2 of 2000 | pulse 0.01 GtCH4 at 2030 | cm rel 1995-2014 | julia 1.12.6"
2156,glaciers,0.0003859985362506535,0.0003964133098802559,1.9770435918595255e-6,0.00027090612340270327,0.0005521907057227437,"scope_slr_pulse_vv.jl | SLR-RFF-BRICK 39cedc0 | Ladrillo L27 (v1.2) | draws parameters_subsample_brick_mengel_L27.csv, 500/chain | paleo assignment :single (seed 20260920) | land-water anchor :zero_at_first_year | lws observed | climate MAGICC-SLR 600 members, vv_pulse_wide_20261009 | forcing spliced | tap true | pair seed 2026 | record conditioning: common draw set with the FaIR arm, dropped 2 of 2000 | pulse 0.01 GtCH4 at 2030 | cm rel 1995-2014 | julia 1.12.6"
2157,glaciers,0.0003818668363049227,0.0003921524426051593,1.9574050450539773e-6,0.0002678202769844873,0.0005459978614815952,"scope_slr_pulse_vv.jl | SLR-RFF-BRICK 39cedc0 | Ladrillo L27 (v1.2) | draws parameters_subsample_brick_mengel_L27.csv, 500/chain | paleo assignment :single (seed 20260920) | land-water anchor :zero_at_first_year | lws observed | climate MAGICC-SLR 600 members, vv_pulse_wide_20261009 | forcing spliced | tap true | pair seed 2026 | record conditioning: common draw set with the FaIR arm, dropped 2 of 2000 | pulse 0.01 GtCH4 at 2030 | cm rel 1995-2014 | julia 1.12.6"
2158,glaciers,0.00037793429896026964,0.00038795745824040284,1.938104615176753e-6,0.0002645536288589767,0.0005403599805916315,"scope_slr_pulse_vv.jl | SLR-RFF-BRICK 39cedc0 | Ladrillo L27 (v1.2) | draws parameters_subsample_brick_mengel_L27.csv, 500/chain | paleo assignment :single (seed 20260920) | land-water anchor :zero_at_first_year | lws observed | climate MAGICC-SLR 600 members, vv_pulse_wide_20261009 | forcing spliced | tap true | pair seed 2026 | record conditioning: common draw set with the FaIR arm, dropped 2 of 2000 | pulse 0.01 GtCH4 at 2030 | cm rel 1995-2014 | julia 1.12.6"
2159,glaciers,0.0003741619651531636,0.00038383444191268044,1.9191658075176497e-6,0.00026099458460304703,0.0005346234192979083,"scope_slr_pulse_vv.jl | SLR-RFF-BRICK 39cedc0 | Ladrillo L27 (v1.2) | draws parameters_subsample_brick_mengel_L27.csv, 500/chain | paleo assignment :single (seed 20260920) | land-water anchor :zero_at_first_year | lws observed | climate MAGICC-SLR 600 members, vv_pulse_wide_20261009 | forcing spliced | tap true | pair seed 2026 | record conditioning: common draw set with the FaIR arm, dropped 2 of 2000 | pulse 0.01 GtCH4 at 2030 | cm rel 1995-2014 | julia 1.12.6"
2160,glaciers,0.00037022338006309496,0.0003797854374958678,1.9005965637975404e-6,0.0002574775368413995,0.0005291007525723756,"scope_slr_pulse_vv.jl | SLR-RFF-BRICK 39cedc0 | Ladrillo L27 (v1.2) | draws parameters_subsample_brick_mengel_L27.csv, 500/chain | paleo assignment :single (seed 20260920) | land-water anchor :zero_at_first_year | lws observed | climate MAGICC-SLR 600 members, vv_pulse_wide_20261009 | forcing spliced | tap true | pair seed 2026 | record conditioning: common draw set with the FaIR arm, dropped 2 of 2000 | pulse 0.01 GtCH4 at 2030 | cm rel 1995-2014 | julia 1.12.6"
2161,glaciers,0.00036643071138264816,0.00037580816945568683,1.8823881362577565e-6,0.00025407607900937993,0.0005237202316044075,"scope_slr_pulse_vv.jl | SLR-RFF-BRICK 39cedc0 | Ladrillo L27 (v1.2) | draws parameters_subsample_brick_mengel_L27.csv, 500/chain | paleo assignment :single (seed 20260920) | land-water anchor :zero_at_first_year | lws observed | climate MAGICC-SLR 600 members, vv_pulse_wide_20261009 | forcing spliced | tap true | pair seed 2026 | record conditioning: common draw set with the FaIR arm, dropped 2 of 2000 | pulse 0.01 GtCH4 at 2030 | cm rel 1995-2014 | julia 1.12.6"
2162,glaciers,0.0003628821406067573,0.00037189690352402473,1.8645133796511827e-6,0.0002512304974652935,0.0005188500120814509,"scope_slr_pulse_vv.jl | SLR-RFF-BRICK 39cedc0 | Ladrillo L27 (v1.2) | draws parameters_subsample_brick_mengel_L27.csv, 500/chain | paleo assignment :single (seed 20260920) | land-water anchor :zero_at_first_year | lws observed | climate MAGICC-SLR 600 members, vv_pulse_wide_20261009 | forcing spliced | tap true | pair seed 2026 | record conditioning: common draw set with the FaIR arm, dropped 2 of 2000 | pulse 0.01 GtCH4 at 2030 | cm rel 1995-2014 | julia 1.12.6"
2163,glaciers,0.00035946943644660223,0.0003680432650791549,1.8469263611441107e-6,0.00024850347609604027,0.000513914062454468,"scope_slr_pulse_vv.jl | SLR-RFF-BRICK 39cedc0 | Ladrillo L27 (v1.2) | draws parameters_subsample_brick_mengel_L27.csv, 500/chain | paleo assignment :single (seed 20260920) | land-water anchor :zero_at_first_year | lws observed | climate MAGICC-SLR 600 members, vv_pulse_wide_20261009 | forcing spliced | tap true | pair seed 2026 | record conditioning: common draw set with the FaIR arm, dropped 2 of 2000 | pulse 0.01 GtCH4 at 2030 | cm rel 1995-2014 | julia 1.12.6"
2164,glaciers,0.000355519828071138,0.00036423581656389904,1.8295860729780252e-6,0.00024555535622834413,0.000508431431090628,"scope_slr_pulse_vv.jl | SLR-RFF-BRICK 39cedc0 | Ladrillo L27 (v1.2) | draws parameters_subsample_brick_mengel_L27.csv, 500/chain | paleo assignment :single (seed 20260920) | land-water anchor :zero_at_first_year | lws observed | climate MAGICC-SLR 600 members, vv_pulse_wide_20261009 | forcing spliced | tap true | pair seed 2026 | record conditioning: common draw set with the FaIR arm, dropped 2 of 2000 | pulse 0.01 GtCH4 at 2030 | cm rel 1995-2014 | julia 1.12.6"
2165,glaciers,0.00035208785243767693,0.0003604675105100439,1.8124603831369733e-6,0.00024210101602673006,0.0005032212653544476,"scope_slr_pulse_vv.jl | SLR-RFF-BRICK 39cedc0 | Ladrillo L27 (v1.2) | draws parameters_subsample_brick_mengel_L27.csv, 500/chain | paleo assignment :single (seed 20260920) | land-water anchor :zero_at_first_year | lws observed | climate MAGICC-SLR 600 members, vv_pulse_wide_20261009 | forcing spliced | tap true | pair seed 2026 | record conditioning: common draw set with the FaIR arm, dropped 2 of 2000 | pulse 0.01 GtCH4 at 2030 | cm rel 1995-2014 | julia 1.12.6"
2166,glaciers,0.0003480969113542898,0.00035674737783882466,1.7955836231137023e-6,0.0002390468793015188,0.0004979047990655517,"scope_slr_pulse_vv.jl | SLR-RFF-BRICK 39cedc0 | Ladrillo L27 (v1.2) | draws parameters_subsample_brick_mengel_L27.csv, 500/chain | paleo assignment :single (seed 20260920) | land-water anchor :zero_at_first_year | lws observed | climate MAGICC-SLR 600 members, vv_pulse_wide_20261009 | forcing spliced | tap true | pair seed 2026 | record conditioning: common draw set with the FaIR arm, dropped 2 of 2000 | pulse 0.01 GtCH4 at 2030 | cm rel 1995-2014 | julia 1.12.6"
2167,glaciers,0.0003446073232336033,0.0003530793310801734,1.7789866694418078e-6,0.00023668957880431662,0.0004925754478824374,"scope_slr_pulse_vv.jl | SLR-RFF-BRICK 39cedc0 | Ladrillo L27 (v1.2) | draws parameters_subsample_brick_mengel_L27.csv, 500/chain | paleo assignment :single (seed 20260920) | land-water anchor :zero_at_first_year | lws observed | climate MAGICC-SLR 600 members, vv_pulse_wide_20261009 | forcing spliced | tap true | pair seed 2026 | record conditioning: common draw set with the FaIR arm, dropped 2 of 2000 | pulse 0.01 GtCH4 at 2030 | cm rel 1995-2014 | julia 1.12.6"
2168,glaciers,0.0003412491935783635,0.00034947289942770937,1.7626953809238851e-6,0.00023370263371091937,0.00048770516694478504,"scope_slr_pulse_vv.jl | SLR-RFF-BRICK 39cedc0 | Ladrillo L27 (v1.2) | draws parameters_subsample_brick_mengel_L27.csv, 500/chain | paleo assignment :single (seed 20260920) | land-water anchor :zero_at_first_year | lws observed | climate MAGICC-SLR 600 members, vv_pulse_wide_20261009 | forcing spliced | tap true | pair seed 2026 | record conditioning: common draw set with the FaIR arm, dropped 2 of 2000 | pulse 0.01 GtCH4 at 2030 | cm rel 1995-2014 | julia 1.12.6"
2169,glaciers,0.00033776970691690167,0.00034593277625873456,1.7467258507428372e-6,0.00023059113249921382,0.0004827334355280044,"scope_slr_pulse_vv.jl | SLR-RFF-BRICK 39cedc0 | Ladrillo L27 (v1.2) | draws parameters_subsample_brick_mengel_L27.csv, 500/chain | paleo assignment :single (seed 20260920) | land-water anchor :zero_at_first_year | lws observed | climate MAGICC-SLR 600 members, vv_pulse_wide_20261009 | forcing spliced | tap true | pair seed 2026 | record conditioning: common draw set with the FaIR arm, dropped 2 of 2000 | pulse 0.01 GtCH4 at 2030 | cm rel 1995-2014 | julia 1.12.6"
2170,glaciers,0.0003341883196590345,0.0003424582889069859,1.7310764688645875e-6,0.00022769376528426478,0.0004779439064400037,"scope_slr_pulse_vv.jl | SLR-RFF-BRICK 39cedc0 | Ladrillo L27 (v1.2) | draws parameters_subsample_brick_mengel_L27.csv, 500/chain | paleo assignment :single (seed 20260920) | land-water anchor :zero_at_first_year | lws observed | climate MAGICC-SLR 600 members, vv_pulse_wide_20261009 | forcing spliced | tap true | pair seed 2026 | record conditioning: common draw set with the FaIR arm, dropped 2 of 2000 | pulse 0.01 GtCH4 at 2030 | cm rel 1995-2014 | julia 1.12.6"
2171,glaciers,0.00033071297548836753,0.0003390463391839709,1.7157340584031066e-6,0.00022529483581656962,0.00047289138148052227,"scope_slr_pulse_vv.jl | SLR-RFF-BRICK 39cedc0 | Ladrillo L27 (v1.2) | draws parameters_subsample_brick_mengel_L27.csv, 500/chain | paleo assignment :single (seed 20260920) | land-water anchor :zero_at_first_year | lws observed | climate MAGICC-SLR 600 members, vv_pulse_wide_20261009 | forcing spliced | tap true | pair seed 2026 | record conditioning: common draw set with the FaIR arm, dropped 2 of 2000 | pulse 0.01 GtCH4 at 2030 | cm rel 1995-2014 | julia 1.12.6"
2172,glaciers,0.0003274098725043473,0.0003356925829709974,1.7006784921471133e-6,0.00022302658449184777,0.0004683179042348936,"scope_slr_pulse_vv.jl | SLR-RFF-BRICK 39cedc0 | Ladrillo L27 (v1.2) | draws parameters_subsample_brick_mengel_L27.csv, 500/chain | paleo assignment :single (seed 20260920) | land-water anchor :zero_at_first_year | lws observed | climate MAGICC-SLR 600 members, vv_pulse_wide_20261009 | forcing spliced | tap true | pair seed 2026 | record conditioning: common draw set with the FaIR arm, dropped 2 of 2000 | pulse 0.01 GtCH4 at 2030 | cm rel 1995-2014 | julia 1.12.6"
2173,glaciers,0.00032427208434882004,0.00033239085168834426,1.6858834171815576e-6,0.00022080315536783247,0.00046365182039718143,"scope_slr_pulse_vv.jl | SLR-RFF-BRICK 39cedc0 | Ladrillo L27 (v1.2) | draws parameters_subsample_brick_mengel_L27.csv, 500/chain | paleo assignment :single (seed 20260920) | land-water anchor :zero_at_first_year | lws observed | climate MAGICC-SLR 600 members, vv_pulse_wide_20261009 | forcing spliced | tap true | pair seed 2026 | record conditioning: common draw set with the FaIR arm, dropped 2 of 2000 | pulse 0.01 GtCH4 at 2030 | cm rel 1995-2014 | julia 1.12.6"
2174,glaciers,0.00032069283411573224,0.00032913207154282277,1.671311603189585e-6,0.0002182924231950878,0.0004593241548874969,"scope_slr_pulse_vv.jl | SLR-RFF-BRICK 39cedc0 | Ladrillo L27 (v1.2) | draws parameters_subsample_brick_mengel_L27.csv, 500/chain | paleo assignment :single (seed 20260920) | land-water anchor :zero_at_first_year | lws observed | climate MAGICC-SLR 600 members, vv_pulse_wide_20261009 | forcing spliced | tap true | pair seed 2026 | record conditioning: common draw set with the FaIR arm, dropped 2 of 2000 | pulse 0.01 GtCH4 at 2030 | cm rel 1995-2014 | julia 1.12.6"
2175,glaciers,0.0003175066638583246,0.0003259139108516532,1.6569568955766628e-6,0.00021612173234224484,0.0004543983727751664,"scope_slr_pulse_vv.jl | SLR-RFF-BRICK 39cedc0 | Ladrillo L27 (v1.2) | draws parameters_subsample_brick_mengel_L27.csv, 500/chain | paleo assignment :single (seed 20260920) | land-water anchor :zero_at_first_year | lws observed | climate MAGICC-SLR 600 members, vv_pulse_wide_20261009 | forcing spliced | tap true | pair seed 2026 | record conditioning: common draw set with the FaIR arm, dropped 2 of 2000 | pulse 0.01 GtCH4 at 2030 | cm rel 1995-2014 | julia 1.12.6"
2176,glaciers,0.00031440597942911097,0.0003227353431616202,1.6428150387860844e-6,0.00021419783735669994,0.0004508169609398038,"scope_slr_pulse_vv.jl | SLR-RFF-BRICK 39cedc0 | Ladrillo L27 (v1.2) | draws parameters_subsample_brick_mengel_L27.csv, 500/chain | paleo assignment :single (seed 20260920) | land-water anchor :zero_at_first_year | lws observed | climate MAGICC-SLR 600 members, vv_pulse_wide_20261009 | forcing spliced | tap true | pair seed 2026 | record conditioning: common draw set with the FaIR arm, dropped 2 of 2000 | pulse 0.01 GtCH4 at 2030 | cm rel 1995-2014 | julia 1.12.6"
2177,glaciers,0.0003113211215364231,0.00031959865002332617,1.6288888089958152e-6,0.00021207557720028805,0.00044622844566308826,"scope_slr_pulse_vv.jl | SLR-RFF-BRICK 39cedc0 | Ladrillo L27 (v1.2) | draws parameters_subsample_brick_mengel_L27.csv, 500/chain | paleo assignment :single (seed 20260920) | land-water anchor :zero_at_first_year | lws observed | climate MAGICC-SLR 600 members, vv_pulse_wide_20261009 | forcing spliced | tap true | pair seed 2026 | record conditioning: common draw set with the FaIR arm, dropped 2 of 2000 | pulse 0.01 GtCH4 at 2030 | cm rel 1995-2014 | julia 1.12.6"
2178,glaciers,0.0003084084568438783,0.0003165095609875965,1.6151971856642217e-6,0.00020978206739492579,0.0004416833768701167,"scope_slr_pulse_vv.jl | SLR-RFF-BRICK 39cedc0 | Ladrillo L27 (v1.2) | draws parameters_subsample_brick_mengel_L27.csv, 500/chain | paleo assignment :single (seed 20260920) | land-water anchor :zero_at_first_year | lws observed | climate MAGICC-SLR 600 members, vv_pulse_wide_20261009 | forcing spliced | tap true | pair seed 2026 | record conditioning: common draw set with the FaIR arm, dropped 2 of 2000 | pulse 0.01 GtCH4 at 2030 | cm rel 1995-2014 | julia 1.12.6"
2179,glaciers,0.0003054070295522848,0.0003134732485674883,1.6017567134320805e-6,0.0002078019772616457,0.00043721826726752513,"scope_slr_pulse_vv.jl | SLR-RFF-BRICK 39cedc0 | Ladrillo L27 (v1.2) | draws parameters_subsample_brick_mengel_L27.csv, 500/chain | paleo assignment :single (seed 20260920) | land-water anchor :zero_at_first_year | lws observed | climate MAGICC-SLR 600 members, vv_pulse_wide_20261009 | forcing spliced | tap true | pair seed 2026 | record conditioning: common draw set with the FaIR arm, dropped 2 of 2000 | pulse 0.01 GtCH4 at 2030 | cm rel 1995-2014 | julia 1.12.6"
2180,glaciers,0.0003022238178296277,0.0003104903199398377,1.5885682046284696e-6,0.00020542790836426407,0.00043376699468389274,"scope_slr_pulse_vv.jl | SLR-RFF-BRICK 39cedc0 | Ladrillo L27 (v1.2) | draws parameters_subsample_brick_mengel_L27.csv, 500/chain | paleo assignment :single (seed 20260920) | land-water anchor :zero_at_first_year | lws observed | climate MAGICC-SLR 600 members, vv_pulse_wide_20261009 | forcing spliced | tap true | pair seed 2026 | record conditioning: common draw set with the FaIR arm, dropped 2 of 2000 | pulse 0.01 GtCH4 at 2030 | cm rel 1995-2014 | julia 1.12.6"
2181,glaciers,0.00029917732091711,0.0003075605320919255,1.5756296604682125e-6,0.00020368367495837703,0.00043019705951596865,"scope_slr_pulse_vv.jl | SLR-RFF-BRICK 39cedc0 | Ladrillo L27 (v1.2) | draws parameters_subsample_brick_mengel_L27.csv, 500/chain | paleo assignment :single (seed 20260920) | land-water anchor :zero_at_first_year | lws observed | climate MAGICC-SLR 600 members, vv_pulse_wide_20261009 | forcing spliced | tap true | pair seed 2026 | record conditioning: common draw set with the FaIR arm, dropped 2 of 2000 | pulse 0.01 GtCH4 at 2030 | cm rel 1995-2014 | julia 1.12.6"
2182,glaciers,0.0002963305834970953,0.00030468225516292385,1.5629339621969962e-6,0.00020187671020011067,0.00042658221617148935,"scope_slr_pulse_vv.jl | SLR-RFF-BRICK 39cedc0 | Ladrillo L27 (v1.2) | draws parameters_subsample_brick_mengel_L27.csv, 500/chain | paleo assignment :single (seed 20260920) | land-water anchor :zero_at_first_year | lws observed | climate MAGICC-SLR 600 members, vv_pulse_wide_20261009 | forcing spliced | tap true | pair seed 2026 | record conditioning: common draw set with the FaIR arm, dropped 2 of 2000 | pulse 0.01 GtCH4 at 2030 | cm rel 1995-2014 | julia 1.12.6"
2183,glaciers,0.00029364556109356954,0.00030185366961948794,1.550473059748229e-6,0.00019967409946239912,0.00042278436344247435,"scope_slr_pulse_vv.jl | SLR-RFF-BRICK 39cedc0 | Ladrillo L27 (v1.2) | draws parameters_subsample_brick_mengel_L27.csv, 500/chain | paleo assignment :single (seed 20260920) | land-water anchor :zero_at_first_year | lws observed | climate MAGICC-SLR 600 members, vv_pulse_wide_20261009 | forcing spliced | tap true | pair seed 2026 | record conditioning: common draw set with the FaIR arm, dropped 2 of 2000 | pulse 0.01 GtCH4 at 2030 | cm rel 1995-2014 | julia 1.12.6"
2184,glaciers,0.00029098457016552004,0.0002990724502128293,1.5382369900052832e-6,0.00019720175586854794,0.0004189303418080213,"scope_slr_pulse_vv.jl | SLR-RFF-BRICK 39cedc0 | Ladrillo L27 (v1.2) | draws parameters_subsample_brick_mengel_L27.csv, 500/chain | paleo assignment :single (seed 20260920) | land-water anchor :zero_at_first_year | lws observed | climate MAGICC-SLR 600 members, vv_pulse_wide_20261009 | forcing spliced | tap true | pair seed 2026 | record conditioning: common draw set with the FaIR arm, dropped 2 of 2000 | pulse 0.01 GtCH4 at 2030 | cm rel 1995-2014 | julia 1.12.6"
2185,glaciers,0.0002883148920531653,0.00029633531398156433,1.526212162706811e-6,0.0001948467515521912,0.00041558737629276965,"scope_slr_pulse_vv.jl | SLR-RFF-BRICK 39cedc0 | Ladrillo L27 (v1.2) | draws parameters_subsample_brick_mengel_L27.csv, 500/chain | paleo assignment :single (seed 20260920) | land-water anchor :zero_at_first_year | lws observed | climate MAGICC-SLR 600 members, vv_pulse_wide_20261009 | forcing spliced | tap true | pair seed 2026 | record conditioning: common draw set with the FaIR arm, dropped 2 of 2000 | pulse 0.01 GtCH4 at 2030 | cm rel 1995-2014 | julia 1.12.6"
2186,glaciers,0.00028578804448464723,0.0002936377330426778,1.5143802698341444e-6,0.00019269087207351987,0.0004122908952719938,"scope_slr_pulse_vv.jl | SLR-RFF-BRICK 39cedc0 | Ladrillo L27 (v1.2) | draws parameters_subsample_brick_mengel_L27.csv, 500/chain | paleo assignment :single (seed 20260920) | land-water anchor :zero_at_first_year | lws observed | climate MAGICC-SLR 600 members, vv_pulse_wide_20261009 | forcing spliced | tap true | pair seed 2026 | record conditioning: common draw set with the FaIR arm, dropped 2 of 2000 | pulse 0.01 GtCH4 at 2030 | cm rel 1995-2014 | julia 1.12.6"
2187,glaciers,0.00028328563818114105,0.00029097257573024876,1.5027131511954746e-6,0.00019063882614549498,0.0004089503737587208,"scope_slr_pulse_vv.jl | SLR-RFF-BRICK 39cedc0 | Ladrillo L27 (v1.2) | draws parameters_subsample_brick_mengel_L27.csv, 500/chain | paleo assignment :single (seed 20260920) | land-water anchor :zero_at_first_year | lws observed | climate MAGICC-SLR 600 members, vv_pulse_wide_20261009 | forcing spliced | tap true | pair seed 2026 | record conditioning: common draw set with the FaIR arm, dropped 2 of 2000 | pulse 0.01 GtCH4 at 2030 | cm rel 1995-2014 | julia 1.12.6"
2188,glaciers,0.0002808624120831382,0.00028834097175177507,1.4912281197292078e-6,0.00018875843775880696,0.0004052527299123198,"scope_slr_pulse_vv.jl | SLR-RFF-BRICK 39cedc0 | Ladrillo L27 (v1.2) | draws parameters_subsample_brick_mengel_L27.csv, 500/chain | paleo assignment :single (seed 20260920) | land-water anchor :zero_at_first_year | lws observed | climate MAGICC-SLR 600 members, vv_pulse_wide_20261009 | forcing spliced | tap true | pair seed 2026 | record conditioning: common draw set with the FaIR arm, dropped 2 of 2000 | pulse 0.01 GtCH4 at 2030 | cm rel 1995-2014 | julia 1.12.6"
2189,glaciers,0.0002785478227309568,0.00028574345856978634,1.4799267701633578e-6,0.00018712768292346025,0.00040130668604572146,"scope_slr_pulse_vv.jl | SLR-RFF-BRICK 39cedc0 | Ladrillo L27 (v1.2) | draws parameters_subsample_brick_mengel_L27.csv, 500/chain | paleo assignment :single (seed 20260920) | land-water anchor :zero_at_first_year | lws observed | climate MAGICC-SLR 600 members, vv_pulse_wide_20261009 | forcing spliced | tap true | pair seed 2026 | record conditioning: common draw set with the FaIR arm, dropped 2 of 2000 | pulse 0.01 GtCH4 at 2030 | cm rel 1995-2014 | julia 1.12.6"
2190,glaciers,0.0002760912839345764,0.0002831801931350619,1.4688013734619925e-6,0.0001848910852723762,0.00039748553004024243,"scope_slr_pulse_vv.jl | SLR-RFF-BRICK 39cedc0 | Ladrillo L27 (v1.2) | draws parameters_subsample_brick_mengel_L27.csv, 500/chain | paleo assignment :single (seed 20260920) | land-water anchor :zero_at_first_year | lws observed | climate MAGICC-SLR 600 members, vv_pulse_wide_20261009 | forcing spliced | tap true | pair seed 2026 | record conditioning: common draw set with the FaIR arm, dropped 2 of 2000 | pulse 0.01 GtCH4 at 2030 | cm rel 1995-2014 | julia 1.12.6"
2191,glaciers,0.0002736842438419984,0.0002806567704391158,1.457867799059083e-6,0.0001827128813506107,0.0003938587931971326,"scope_slr_pulse_vv.jl | SLR-RFF-BRICK 39cedc0 | Ladrillo L27 (v1.2) | draws parameters_subsample_brick_mengel_L27.csv, 500/chain | paleo assignment :single (seed 20260920) | land-water anchor :zero_at_first_year | lws observed | climate MAGICC-SLR 600 members, vv_pulse_wide_20261009 | forcing spliced | tap true | pair seed 2026 | record conditioning: common draw set with the FaIR arm, dropped 2 of 2000 | pulse 0.01 GtCH4 at 2030 | cm rel 1995-2014 | julia 1.12.6"
2192,glaciers,0.000271389925780241,0.00027817695552380964,1.4471368758034738e-6,0.00018080306707322078,0.0003906250398227229,"scope_slr_pulse_vv.jl | SLR-RFF-BRICK 39cedc0 | Ladrillo L27 (v1.2) | draws parameters_subsample_brick_mengel_L27.csv, 500/chain | paleo assignment :single (seed 20260920) | land-water anchor :zero_at_first_year | lws observed | climate MAGICC-SLR 600 members, vv_pulse_wide_20261009 | forcing spliced | tap true | pair seed 2026 | record conditioning: common draw set with the FaIR arm, dropped 2 of 2000 | pulse 0.01 GtCH4 at 2030 | cm rel 1995-2014 | julia 1.12.6"
2193,glaciers,0.0002690767524313742,0.00027574081680571563,1.4366066551597024e-6,0.00017905451330033626,0.00038756324098958566,"scope_slr_pulse_vv.jl | SLR-RFF-BRICK 39cedc0 | Ladrillo L27 (v1.2) | draws parameters_subsample_brick_mengel_L27.csv, 500/chain | paleo assignment :single (seed 20260920) | land-water anchor :zero_at_first_year | lws observed | climate MAGICC-SLR 600 members, vv_pulse_wide_20261009 | forcing spliced | tap true | pair seed 2026 | record conditioning: common draw set with the FaIR arm, dropped 2 of 2000 | pulse 0.01 GtCH4 at 2030 | cm rel 1995-2014 | julia 1.12.6"
2194,glaciers,0.0002668298270105396,0.0002733462001497941,1.4262676261533999e-6,0.00017750678036136945,0.00038450224738202366,"scope_slr_pulse_vv.jl | SLR-RFF-BRICK 39cedc0 | Ladrillo L27 (v1.2) | draws parameters_subsample_brick_mengel_L27.csv, 500/chain | paleo assignment :single (seed 20260920) | land-water anchor :zero_at_first_year | lws observed | climate MAGICC-SLR 600 members, vv_pulse_wide_20261009 | forcing spliced | tap true | pair seed 2026 | record conditioning: common draw set with the FaIR arm, dropped 2 of 2000 | pulse 0.01 GtCH4 at 2030 | cm rel 1995-2014 | julia 1.12.6"
2195,glaciers,0.00026466292835536365,0.000270990879277305,1.4161103864259687e-6,0.00017597845948618128,0.0003818281783161126,"scope_slr_pulse_vv.jl | SLR-RFF-BRICK 39cedc0 | Ladrillo L27 (v1.2) | draws parameters_subsample_brick_mengel_L27.csv, 500/chain | paleo assignment :single (seed 20260920) | land-water anchor :zero_at_first_year | lws observed | climate MAGICC-SLR 600 members, vv_pulse_wide_20261009 | forcing spliced | tap true | pair seed 2026 | record conditioning: common draw set with the FaIR arm, dropped 2 of 2000 | pulse 0.01 GtCH4 at 2030 | cm rel 1995-2014 | julia 1.12.6"
2196,glaciers,0.00026246031502985545,0.00026867154035349676,1.4061215864999137e-6,0.00017427585534992576,0.0003789744931172123,"scope_slr_pulse_vv.jl | SLR-RFF-BRICK 39cedc0 | Ladrillo L27 (v1.2) | draws parameters_subsample_brick_mengel_L27.csv, 500/chain | paleo assignment :single (seed 20260920) | land-water anchor :zero_at_first_year | lws observed | climate MAGICC-SLR 600 members, vv_pulse_wide_20261009 | forcing spliced | tap true | pair seed 2026 | record conditioning: common draw set with the FaIR arm, dropped 2 of 2000 | pulse 0.01 GtCH4 at 2030 | cm rel 1995-2014 | julia 1.12.6"
2197,glaciers,0.0002601133872914829,0.00026638217484231094,1.3962758859286312e-6,0.00017285400794726514,0.0003752680907492589,"scope_slr_pulse_vv.jl | SLR-RFF-BRICK 39cedc0 | Ladrillo L27 (v1.2) | draws parameters_subsample_brick_mengel_L27.csv, 500/chain | paleo assignment :single (seed 20260920) | land-water anchor :zero_at_first_year | lws observed | climate MAGICC-SLR 600 members, vv_pulse_wide_20261009 | forcing spliced | tap true | pair seed 2026 | record conditioning: common draw set with the FaIR arm, dropped 2 of 2000 | pulse 0.01 GtCH4 at 2030 | cm rel 1995-2014 | julia 1.12.6"
2198,glaciers,0.00025798789176256776,0.0002641181547193145,1.3865506260020827e-6,0.00017148694089232918,0.0003723834297719719,"scope_slr_pulse_vv.jl | SLR-RFF-BRICK 39cedc0 | Ladrillo L27 (v1.2) | draws parameters_subsample_brick_mengel_L27.csv, 500/chain | paleo assignment :single (seed 20260920) | land-water anchor :zero_at_first_year | lws observed | climate MAGICC-SLR 600 members, vv_pulse_wide_20261009 | forcing spliced | tap true | pair seed 2026 | record conditioning: common draw set with the FaIR arm, dropped 2 of 2000 | pulse 0.01 GtCH4 at 2030 | cm rel 1995-2014 | julia 1.12.6"
2199,glaciers,0.0002557523808999207,0.00026187879330208906,1.3769431231181896e-6,0.00017006772356342736,0.0003688570257676104,"scope_slr_pulse_vv.jl | SLR-RFF-BRICK 39cedc0 | Ladrillo L27 (v1.2) | draws parameters_subsample_brick_mengel_L27.csv, 500/chain | paleo assignment :single (seed 20260920) | land-water anchor :zero_at_first_year | lws observed | climate MAGICC-SLR 600 members, vv_pulse_wide_20261009 | forcing spliced | tap true | pair seed 2026 | record conditioning: common draw set with the FaIR arm, dropped 2 of 2000 | pulse 0.01 GtCH4 at 2030 | cm rel 1995-2014 | julia 1.12.6"
2200,glaciers,0.0002536883385957367,0.00025966858334538183,1.3674734548948101e-6,0.00016859777066464688,0.00036621036168220654,"scope_slr_pulse_vv.jl | SLR-RFF-BRICK 39cedc0 | Ladrillo L27 (v1.2) | draws parameters_subsample_brick_mengel_L27.csv, 500/chain | paleo assignment :single (seed 20260920) | land-water anchor :zero_at_first_year | lws observed | climate MAGICC-SLR 600 members, vv_pulse_wide_20261009 | forcing spliced | tap true | pair seed 2026 | record conditioning: common draw set with the FaIR arm, dropped 2 of 2000 | pulse 0.01 GtCH4 at 2030 | cm rel 1995-2014 | julia 1.12.6"
2201,glaciers,0.00025152609383205515,0.0002574918849933174,1.3581585534263819e-6,0.0001668421618781224,0.0003635658551209175,"scope_slr_pulse_vv.jl | SLR-RFF-BRICK 39cedc0 | Ladrillo L27 (v1.2) | draws parameters_subsample_brick_mengel_L27.csv, 500/chain | paleo assignment :single (seed 20260920) | land-water anchor :zero_at_first_year | lws observed | climate MAGICC-SLR 600 members, vv_pulse_wide_20261009 | forcing spliced | tap true | pair seed 2026 | record conditioning: common draw set with the FaIR arm, dropped 2 of 2000 | pulse 0.01 GtCH4 at 2030 | cm rel 1995-2014 | julia 1.12.6"
2202,glaciers,0.0002493726705203869,0.0002553527017674426,1.3490164694987153e-6,0.00016527480603425462,0.0003610446631908459,"scope_slr_pulse_vv.jl | SLR-RFF-BRICK 39cedc0 | Ladrillo L27 (v1.2) | draws parameters_subsample_brick_mengel_L27.csv, 500/chain | paleo assignment :single (seed 20260920) | land-water anchor :zero_at_first_year | lws observed | climate MAGICC-SLR 600 members, vv_pulse_wide_20261009 | forcing spliced | tap true | pair seed 2026 | record conditioning: common draw set with the FaIR arm, dropped 2 of 2000 | pulse 0.01 GtCH4 at 2030 | cm rel 1995-2014 | julia 1.12.6"
2203,glaciers,0.0002473822538995307,0.00025325109599198397,1.3400439699427907e-6,0.00016336832870873506,0.00035856542548682316,"scope_slr_pulse_vv.jl | SLR-RFF-BRICK 39cedc0 | Ladrillo L27 (v1.2) | draws parameters_subsample_brick_mengel_L27.csv, 500/chain | paleo assignment :single (seed 20260920) | land-water anchor :zero_at_first_year | lws observed | climate MAGICC-SLR 600 members, vv_pulse_wide_20261009 | forcing spliced | tap true | pair seed 2026 | record conditioning: common draw set with the FaIR arm, dropped 2 of 2000 | pulse 0.01 GtCH4 at 2030 | cm rel 1995-2014 | julia 1.12.6"
2204,glaciers,0.0002457385131684475,0.00025118575974713094,1.3312335605096496e-6,0.00016175372939404296,0.0003559051383918543,"scope_slr_pulse_vv.jl | SLR-RFF-BRICK 39cedc0 | Ladrillo L27 (v1.2) | draws parameters_subsample_brick_mengel_L27.csv, 500/chain | paleo assignment :single (seed 20260920) | land-water anchor :zero_at_first_year | lws observed | climate MAGICC-SLR 600 members, vv_pulse_wide_20261009 | forcing spliced | tap true | pair seed 2026 | record conditioning: common draw set with the FaIR arm, dropped 2 of 2000 | pulse 0.01 GtCH4 at 2030 | cm rel 1995-2014 | julia 1.12.6"
2205,glaciers,0.00024355430406686196,0.00024915662802270507,1.3225840505715507e-6,0.0001601569849508877,0.0003529680779491784,"scope_slr_pulse_vv.jl | SLR-RFF-BRICK 39cedc0 | Ladrillo L27 (v1.2) | draws parameters_subsample_brick_mengel_L27.csv, 500/chain | paleo assignment :single (seed 20260920) | land-water anchor :zero_at_first_year | lws observed | climate MAGICC-SLR 600 members, vv_pulse_wide_20261009 | forcing spliced | tap true | pair seed 2026 | record conditioning: common draw set with the FaIR arm, dropped 2 of 2000 | pulse 0.01 GtCH4 at 2030 | cm rel 1995-2014 | julia 1.12.6"
2206,glaciers,0.00024174285687372787,0.0002471623611014932,1.3140892214830161e-6,0.00015906510462659895,0.0003495027419441853,"scope_slr_pulse_vv.jl | SLR-RFF-BRICK 39cedc0 | Ladrillo L27 (v1.2) | draws parameters_subsample_brick_mengel_L27.csv, 500/chain | paleo assignment :single (seed 20260920) | land-water anchor :zero_at_first_year | lws observed | climate MAGICC-SLR 600 members, vv_pulse_wide_20261009 | forcing spliced | tap true | pair seed 2026 | record conditioning: common draw set with the FaIR arm, dropped 2 of 2000 | pulse 0.01 GtCH4 at 2030 | cm rel 1995-2014 | julia 1.12.6"
2207,glaciers,0.00024005581666664,0.0002452017646895742,1.3057438727195727e-6,0.00015769318399811995,0.0003461920229618442,"scope_slr_pulse_vv.jl | SLR-RFF-BRICK 39cedc0 | Ladrillo L27 (v1.2) | draws parameters_subsample_brick_mengel_L27.csv, 500/chain | paleo assignment :single (seed 20260920) | land-water anchor :zero_at_first_year | lws observed | climate MAGICC-SLR 600 members, vv_pulse_wide_20261009 | forcing spliced | tap true | pair seed 2026 | record conditioning: common draw set with the FaIR arm, dropped 2 of 2000 | pulse 0.01 GtCH4 at 2030 | cm rel 1995-2014 | julia 1.12.6"
2208,glaciers,0.00023815118520609246,0.00024327222267206305,1.2975374723341222e-6,0.00015627129036097643,0.0003438126163413102,"scope_slr_pulse_vv.jl | SLR-RFF-BRICK 39cedc0 | Ladrillo L27 (v1.2) | draws parameters_subsample_brick_mengel_L27.csv, 500/chain | paleo assignment :single (seed 20260920) | land-water anchor :zero_at_first_year | lws observed | climate MAGICC-SLR 600 members, vv_pulse_wide_20261009 | forcing spliced | tap true | pair seed 2026 | record conditioning: common draw set with the FaIR arm, dropped 2 of 2000 | pulse 0.01 GtCH4 at 2030 | cm rel 1995-2014 | julia 1.12.6"
2209,glaciers,0.00023646331139204335,0.00024136973310302274,1.2894545044977632e-6,0.00015473272972617023,0.00034149568533123895,"scope_slr_pulse_vv.jl | SLR-RFF-BRICK 39cedc0 | Ladrillo L27 (v1.2) | draws parameters_subsample_brick_mengel_L27.csv, 500/chain | paleo assignment :single (seed 20260920) | land-water anchor :zero_at_first_year | lws observed | climate MAGICC-SLR 600 members, vv_pulse_wide_20261009 | forcing spliced | tap true | pair seed 2026 | record conditioning: common draw set with the FaIR arm, dropped 2 of 2000 | pulse 0.01 GtCH4 at 2030 | cm rel 1995-2014 | julia 1.12.6"
2210,glaciers,0.00023466179897546624,0.00023949117365003154,1.2814830196889618e-6,0.00015321209060097375,0.0003391721383732005,"scope_slr_pulse_vv.jl | SLR-RFF-BRICK 39cedc0 | Ladrillo L27 (v1.2) | draws parameters_subsample_brick_mengel_L27.csv, 500/chain | paleo assignment :single (seed 20260920) | land-water anchor :zero_at_first_year | lws observed | climate MAGICC-SLR 600 members, vv_pulse_wide_20261009 | forcing spliced | tap true | pair seed 2026 | record conditioning: common draw set with the FaIR arm, dropped 2 of 2000 | pulse 0.01 GtCH4 at 2030 | cm rel 1995-2014 | julia 1.12.6"
2211,glaciers,0.0002327741538934447,0.00023763579143674027,1.2736302336832757e-6,0.0001517593750786972,0.0003368247437572691,"scope_slr_pulse_vv.jl | SLR-RFF-BRICK 39cedc0 | Ladrillo L27 (v1.2) | draws parameters_subsample_brick_mengel_L27.csv, 500/chain | paleo assignment :single (seed 20260920) | land-water anchor :zero_at_first_year | lws observed | climate MAGICC-SLR 600 members, vv_pulse_wide_20261009 | forcing spliced | tap true | pair seed 2026 | record conditioning: common draw set with the FaIR arm, dropped 2 of 2000 | pulse 0.01 GtCH4 at 2030 | cm rel 1995-2014 | julia 1.12.6"
2212,glaciers,0.0002309581778519032,0.00023580524781707468,1.2659019010836456e-6,0.0001505129577212827,0.00033407037525918777,"scope_slr_pulse_vv.jl | SLR-RFF-BRICK 39cedc0 | Ladrillo L27 (v1.2) | draws parameters_subsample_brick_mengel_L27.csv, 500/chain | paleo assignment :single (seed 20260920) | land-water anchor :zero_at_first_year | lws observed | climate MAGICC-SLR 600 members, vv_pulse_wide_20261009 | forcing spliced | tap true | pair seed 2026 | record conditioning: common draw set with the FaIR arm, dropped 2 of 2000 | pulse 0.01 GtCH4 at 2030 | cm rel 1995-2014 | julia 1.12.6"
2213,glaciers,0.00022932049160573342,0.00023400088255737334,1.2582972744284868e-6,0.0001489921730604138,0.0003314469791495965,"scope_slr_pulse_vv.jl | SLR-RFF-BRICK 39cedc0 | Ladrillo L27 (v1.2) | draws parameters_subsample_brick_mengel_L27.csv, 500/chain | paleo assignment :single (seed 20260920) | land-water anchor :zero_at_first_year | lws observed | climate MAGICC-SLR 600 members, vv_pulse_wide_20261009 | forcing spliced | tap true | pair seed 2026 | record conditioning: common draw set with the FaIR arm, dropped 2 of 2000 | pulse 0.01 GtCH4 at 2030 | cm rel 1995-2014 | julia 1.12.6"
2214,glaciers,0.00022737764366098645,0.00023222514572335167,1.2508216950284785e-6,0.0001475320093389243,0.0003300464063622499,"scope_slr_pulse_vv.jl | SLR-RFF-BRICK 39cedc0 | Ladrillo L27 (v1.2) | draws parameters_subsample_brick_mengel_L27.csv, 500/chain | paleo assignment :single (seed 20260920) | land-water anchor :zero_at_first_year | lws observed | climate MAGICC-SLR 600 members, vv_pulse_wide_20261009 | forcing spliced | tap true | pair seed 2026 | record conditioning: common draw set with the FaIR arm, dropped 2 of 2000 | pulse 0.01 GtCH4 at 2030 | cm rel 1995-2014 | julia 1.12.6"
2215,glaciers,0.0002257722441978416,0.00023047869787840057,1.2434751352214775e-6,0.00014619719185713365,0.0003280719823893108,"scope_slr_pulse_vv.jl | SLR-RFF-BRICK 39cedc0 | Ladrillo L27 (v1.2) | draws parameters_subsample_brick_mengel_L27.csv, 500/chain | paleo assignment :single (seed 20260920) | land-water anchor :zero_at_first_year | lws observed | climate MAGICC-SLR 600 members, vv_pulse_wide_20261009 | forcing spliced | tap true | pair seed 2026 | record conditioning: common draw set with the FaIR arm, dropped 2 of 2000 | pulse 0.01 GtCH4 at 2030 | cm rel 1995-2014 | julia 1.12.6"
2216,glaciers,0.00022414330083364575,0.00022876331245930443,1.2362617989275373e-6,0.000145447445606095,0.0003257849773509846,"scope_slr_pulse_vv.jl | SLR-RFF-BRICK 39cedc0 | Ladrillo L27 (v1.2) | draws parameters_subsample_brick_mengel_L27.csv, 500/chain | paleo assignment :single (seed 20260920) | land-water anchor :zero_at_first_year | lws observed | climate MAGICC-SLR 600 members, vv_pulse_wide_20261009 | forcing spliced | tap true | pair seed 2026 | record conditioning: common draw set with the FaIR arm, dropped 2 of 2000 | pulse 0.01 GtCH4 at 2030 | cm rel 1995-2014 | julia 1.12.6"
2217,glaciers,0.00022230018208624358,0.00022707905057227793,1.2291811614950833e-6,0.00014423901434348354,0.0003225515928683364,"scope_slr_pulse_vv.jl | SLR-RFF-BRICK 39cedc0 | Ladrillo L27 (v1.2) | draws parameters_subsample_brick_mengel_L27.csv, 500/chain | paleo assignment :single (seed 20260920) | land-water anchor :zero_at_first_year | lws observed | climate MAGICC-SLR 600 members, vv_pulse_wide_20261009 | forcing spliced | tap true | pair seed 2026 | record conditioning: common draw set with the FaIR arm, dropped 2 of 2000 | pulse 0.01 GtCH4 at 2030 | cm rel 1995-2014 | julia 1.12.6"
2218,glaciers,0.00022050757961977752,0.00022542367415921482,1.2222237104987615e-6,0.00014294424856746703,0.0003199915549869203,"scope_slr_pulse_vv.jl | SLR-RFF-BRICK 39cedc0 | Ladrillo L27 (v1.2) | draws parameters_subsample_brick_mengel_L27.csv, 500/chain | paleo assignment :single (seed 20260920) | land-water anchor :zero_at_first_year | lws observed | climate MAGICC-SLR 600 members, vv_pulse_wide_20261009 | forcing spliced | tap true | pair seed 2026 | record conditioning: common draw set with the FaIR arm, dropped 2 of 2000 | pulse 0.01 GtCH4 at 2030 | cm rel 1995-2014 | julia 1.12.6"
2219,glaciers,0.0002187651781291322,0.00022379491084020204,1.2153804141779683e-6,0.00014181701061453112,0.00031819019085368435,"scope_slr_pulse_vv.jl | SLR-RFF-BRICK 39cedc0 | Ladrillo L27 (v1.2) | draws parameters_subsample_brick_mengel_L27.csv, 500/chain | paleo assignment :single (seed 20260920) | land-water anchor :zero_at_first_year | lws observed | climate MAGICC-SLR 600 members, vv_pulse_wide_20261009 | forcing spliced | tap true | pair seed 2026 | record conditioning: common draw set with the FaIR arm, dropped 2 of 2000 | pulse 0.01 GtCH4 at 2030 | cm rel 1995-2014 | julia 1.12.6"
2220,glaciers,0.0002172339823385272,0.00022218929709900978,1.208637570277562e-6,0.0001405482269499103,0.0003162985680477348,"scope_slr_pulse_vv.jl | SLR-RFF-BRICK 39cedc0 | Ladrillo L27 (v1.2) | draws parameters_subsample_brick_mengel_L27.csv, 500/chain | paleo assignment :single (seed 20260920) | land-water anchor :zero_at_first_year | lws observed | climate MAGICC-SLR 600 members, vv_pulse_wide_20261009 | forcing spliced | tap true | pair seed 2026 | record conditioning: common draw set with the FaIR arm, dropped 2 of 2000 | pulse 0.01 GtCH4 at 2030 | cm rel 1995-2014 | julia 1.12.6"
2221,glaciers,0.00021585013147884524,0.00022060298445876586,1.2019809640309585e-6,0.00013919944505165206,0.0003141487753698158,"scope_slr_pulse_vv.jl | SLR-RFF-BRICK 39cedc0 | Ladrillo L27 (v1.2) | draws parameters_subsample_brick_mengel_L27.csv, 500/chain | paleo assignment :single (seed 20260920) | land-water anchor :zero_at_first_year | lws observed | climate MAGICC-SLR 600 members, vv_pulse_wide_20261009 | forcing spliced | tap true | pair seed 2026 | record conditioning: common draw set with the FaIR arm, dropped 2 of 2000 | pulse 0.01 GtCH4 at 2030 | cm rel 1995-2014 | julia 1.12.6"
2222,glaciers,0.00021430602524397102,0.00021903436829706012,1.1954052495193258e-6,0.00013788471712850026,0.0003121456254868704,"scope_slr_pulse_vv.jl | SLR-RFF-BRICK 39cedc0 | Ladrillo L27 (v1.2) | draws parameters_subsample_brick_mengel_L27.csv, 500/chain | paleo assignment :single (seed 20260920) | land-water anchor :zero_at_first_year | lws observed | climate MAGICC-SLR 600 members, vv_pulse_wide_20261009 | forcing spliced | tap true | pair seed 2026 | record conditioning: common draw set with the FaIR arm, dropped 2 of 2000 | pulse 0.01 GtCH4 at 2030 | cm rel 1995-2014 | julia 1.12.6"
2223,glaciers,0.00021272184774012715,0.0002174814880995435,1.1889022940782157e-6,0.0001368649779536213,0.0003100994342249308,"scope_slr_pulse_vv.jl | SLR-RFF-BRICK 39cedc0 | Ladrillo L27 (v1.2) | draws parameters_subsample_brick_mengel_L27.csv, 500/chain | paleo assignment :single (seed 20260920) | land-water anchor :zero_at_first_year | lws observed | climate MAGICC-SLR 600 members, vv_pulse_wide_20261009 | forcing spliced | tap true | pair seed 2026 | record conditioning: common draw set with the FaIR arm, dropped 2 of 2000 | pulse 0.01 GtCH4 at 2030 | cm rel 1995-2014 | julia 1.12.6"
2224,glaciers,0.00021117475077048198,0.00021594807383024624,1.1824865515552717e-6,0.00013587765420233213,0.0003079608355228913,"scope_slr_pulse_vv.jl | SLR-RFF-BRICK 39cedc0 | Ladrillo L27 (v1.2) | draws parameters_subsample_brick_mengel_L27.csv, 500/chain | paleo assignment :single (seed 20260920) | land-water anchor :zero_at_first_year | lws observed | climate MAGICC-SLR 600 members, vv_pulse_wide_20261009 | forcing spliced | tap true | pair seed 2026 | record conditioning: common draw set with the FaIR arm, dropped 2 of 2000 | pulse 0.01 GtCH4 at 2030 | cm rel 1995-2014 | julia 1.12.6"
2225,glaciers,0.00020981123213204,0.00021443881875504167,1.1761750627901179e-6,0.00013481673536972494,0.00030587703216244927,"scope_slr_pulse_vv.jl | SLR-RFF-BRICK 39cedc0 | Ladrillo L27 (v1.2) | draws parameters_subsample_brick_mengel_L27.csv, 500/chain | paleo assignment :single (seed 20260920) | land-water anchor :zero_at_first_year | lws observed | climate MAGICC-SLR 600 members, vv_pulse_wide_20261009 | forcing spliced | tap true | pair seed 2026 | record conditioning: common draw set with the FaIR arm, dropped 2 of 2000 | pulse 0.01 GtCH4 at 2030 | cm rel 1995-2014 | julia 1.12.6"
2226,glaciers,0.00020823804210934327,0.00021295584547137186,1.1699751873630727e-6,0.00013380520267496367,0.0003038043183412497,"scope_slr_pulse_vv.jl | SLR-RFF-BRICK 39cedc0 | Ladrillo L27 (v1.2) | draws parameters_subsample_brick_mengel_L27.csv, 500/chain | paleo assignment :single (seed 20260920) | land-water anchor :zero_at_first_year | lws observed | climate MAGICC-SLR 600 members, vv_pulse_wide_20261009 | forcing spliced | tap true | pair seed 2026 | record conditioning: common draw set with the FaIR arm, dropped 2 of 2000 | pulse 0.01 GtCH4 at 2030 | cm rel 1995-2014 | julia 1.12.6"
2227,glaciers,0.00020675300564043653,0.00021150034168881382,1.1638894498203598e-6,0.00013280299157614195,0.0003015344688337862,"scope_slr_pulse_vv.jl | SLR-RFF-BRICK 39cedc0 | Ladrillo L27 (v1.2) | draws parameters_subsample_brick_mengel_L27.csv, 500/chain | paleo assignment :single (seed 20260920) | land-water anchor :zero_at_first_year | lws observed | climate MAGICC-SLR 600 members, vv_pulse_wide_20261009 | forcing spliced | tap true | pair seed 2026 | record conditioning: common draw set with the FaIR arm, dropped 2 of 2000 | pulse 0.01 GtCH4 at 2030 | cm rel 1995-2014 | julia 1.12.6"
2228,glaciers,0.0002053242834598734,0.00021007086258034453,1.1579104228970914e-6,0.00013183357354371595,0.0002986987176877064,"scope_slr_pulse_vv.jl | SLR-RFF-BRICK 39cedc0 | Ladrillo L27 (v1.2) | draws parameters_subsample_brick_mengel_L27.csv, 500/chain | paleo assignment :single (seed 20260920) | land-water anchor :zero_at_first_year | lws observed | climate MAGICC-SLR 600 members, vv_pulse_wide_20261009 | forcing spliced | tap true | pair seed 2026 | record conditioning: common draw set with the FaIR arm, dropped 2 of 2000 | pulse 0.01 GtCH4 at 2030 | cm rel 1995-2014 | julia 1.12.6"
2229,glaciers,0.0002039723862008458,0.0002086662865468034,1.1520335007180863e-6,0.0001306792623365638,0.00029693329227367107,"scope_slr_pulse_vv.jl | SLR-RFF-BRICK 39cedc0 | Ladrillo L27 (v1.2) | draws parameters_subsample_brick_mengel_L27.csv, 500/chain | paleo assignment :single (seed 20260920) | land-water anchor :zero_at_first_year | lws observed | climate MAGICC-SLR 600 members, vv_pulse_wide_20261009 | forcing spliced | tap true | pair seed 2026 | record conditioning: common draw set with the FaIR arm, dropped 2 of 2000 | pulse 0.01 GtCH4 at 2030 | cm rel 1995-2014 | julia 1.12.6"
2230,glaciers,0.00020256372604166017,0.00020728367520440527,1.146247102075672e-6,0.00012968293862591906,0.00029524021708322574,"scope_slr_pulse_vv.jl | SLR-RFF-BRICK 39cedc0 | Ladrillo L27 (v1.2) | draws parameters_subsample_brick_mengel_L27.csv, 500/chain | paleo assignment :single (seed 20260920) | land-water anchor :zero_at_first_year | lws observed | climate MAGICC-SLR 600 members, vv_pulse_wide_20261009 | forcing spliced | tap true | pair seed 2026 | record conditioning: common draw set with the FaIR arm, dropped 2 of 2000 | pulse 0.01 GtCH4 at 2030 | cm rel 1995-2014 | julia 1.12.6"
2231,glaciers,0.00020128344132608333,0.00020591892113254164,1.1405363425841788e-6,0.00012882061712709002,0.0002935662628136271,"scope_slr_pulse_vv.jl | SLR-RFF-BRICK 39cedc0 | Ladrillo L27 (v1.2) | draws parameters_subsample_brick_mengel_L27.csv, 500/chain | paleo assignment :single (seed 20260920) | land-water anchor :zero_at_first_year | lws observed | climate MAGICC-SLR 600 members, vv_pulse_wide_20261009 | forcing spliced | tap true | pair seed 2026 | record conditioning: common draw set with the FaIR arm, dropped 2 of 2000 | pulse 0.01 GtCH4 at 2030 | cm rel 1995-2014 | julia 1.12.6"
2232,glaciers,0.00019986726490195394,0.00020457015098267932,1.1348942728532228e-6,0.00012778344101693762,0.00029177315645796393,"scope_slr_pulse_vv.jl | SLR-RFF-BRICK 39cedc0 | Ladrillo L27 (v1.2) | draws parameters_subsample_brick_mengel_L27.csv, 500/chain | paleo assignment :single (seed 20260920) | land-water anchor :zero_at_first_year | lws observed | climate MAGICC-SLR 600 members, vv_pulse_wide_20261009 | forcing spliced | tap true | pair seed 2026 | record conditioning: common draw set with the FaIR arm, dropped 2 of 2000 | pulse 0.01 GtCH4 at 2030 | cm rel 1995-2014 | julia 1.12.6"
2233,glaciers,0.00019847912498072162,0.00020323800575389512,1.1293236637943893e-6,0.0001268851324280007,0.0002901293968470497,"scope_slr_pulse_vv.jl | SLR-RFF-BRICK 39cedc0 | Ladrillo L27 (v1.2) | draws parameters_subsample_brick_mengel_L27.csv, 500/chain | paleo assignment :single (seed 20260920) | land-water anchor :zero_at_first_year | lws observed | climate MAGICC-SLR 600 members, vv_pulse_wide_20261009 | forcing spliced | tap true | pair seed 2026 | record conditioning: common draw set with the FaIR arm, dropped 2 of 2000 | pulse 0.01 GtCH4 at 2030 | cm rel 1995-2014 | julia 1.12.6"
2234,glaciers,0.00019724330286052805,0.00020192234681429757,1.1238238507590115e-6,0.00012599863302327206,0.00028864805287724947,"scope_slr_pulse_vv.jl | SLR-RFF-BRICK 39cedc0 | Ladrillo L27 (v1.2) | draws parameters_subsample_brick_mengel_L27.csv, 500/chain | paleo assignment :single (seed 20260920) | land-water anchor :zero_at_first_year | lws observed | climate MAGICC-SLR 600 members, vv_pulse_wide_20261009 | forcing spliced | tap true | pair seed 2026 | record conditioning: common draw set with the FaIR arm, dropped 2 of 2000 | pulse 0.01 GtCH4 at 2030 | cm rel 1995-2014 | julia 1.12.6"
2235,glaciers,0.00019607574802193994,0.00020062519153545293,1.1184021500798883e-6,0.00012503817363729297,0.00028728046471062637,"scope_slr_pulse_vv.jl | SLR-RFF-BRICK 39cedc0 | Ladrillo L27 (v1.2) | draws parameters_subsample_brick_mengel_L27.csv, 500/chain | paleo assignment :single (seed 20260920) | land-water anchor :zero_at_first_year | lws observed | climate MAGICC-SLR 600 members, vv_pulse_wide_20261009 | forcing spliced | tap true | pair seed 2026 | record conditioning: common draw set with the FaIR arm, dropped 2 of 2000 | pulse 0.01 GtCH4 at 2030 | cm rel 1995-2014 | julia 1.12.6"
2236,glaciers,0.00019485063704927086,0.00019934796852870006,1.1130631449490398e-6,0.0001239850180715152,0.00028580898705303775,"scope_slr_pulse_vv.jl | SLR-RFF-BRICK 39cedc0 | Ladrillo L27 (v1.2) | draws parameters_subsample_brick_mengel_L27.csv, 500/chain | paleo assignment :single (seed 20260920) | land-water anchor :zero_at_first_year | lws observed | climate MAGICC-SLR 600 members, vv_pulse_wide_20261009 | forcing spliced | tap true | pair seed 2026 | record conditioning: common draw set with the FaIR arm, dropped 2 of 2000 | pulse 0.01 GtCH4 at 2030 | cm rel 1995-2014 | julia 1.12.6"
2237,glaciers,0.00019368705265421227,0.00019809256337136998,1.1078134595364959e-6,0.00012319136818543796,0.0002843033568112218,"scope_slr_pulse_vv.jl | SLR-RFF-BRICK 39cedc0 | Ladrillo L27 (v1.2) | draws parameters_subsample_brick_mengel_L27.csv, 500/chain | paleo assignment :single (seed 20260920) | land-water anchor :zero_at_first_year | lws observed | climate MAGICC-SLR 600 members, vv_pulse_wide_20261009 | forcing spliced | tap true | pair seed 2026 | record conditioning: common draw set with the FaIR arm, dropped 2 of 2000 | pulse 0.01 GtCH4 at 2030 | cm rel 1995-2014 | julia 1.12.6"
2238,glaciers,0.00019259696412277094,0.00019685871108422937,1.102650974976208e-6,0.00012226206015526487,0.0002827797141708998,"scope_slr_pulse_vv.jl | SLR-RFF-BRICK 39cedc0 | Ladrillo L27 (v1.2) | draws parameters_subsample_brick_mengel_L27.csv, 500/chain | paleo assignment :single (seed 20260920) | land-water anchor :zero_at_first_year | lws observed | climate MAGICC-SLR 600 members, vv_pulse_wide_20261009 | forcing spliced | tap true | pair seed 2026 | record conditioning: common draw set with the FaIR arm, dropped 2 of 2000 | pulse 0.01 GtCH4 at 2030 | cm rel 1995-2014 | julia 1.12.6"
2239,glaciers,0.00019144432602402617,0.0001956452878062909,1.0975706194904978e-6,0.00012136241689919558,0.00028113487977350356,"scope_slr_pulse_vv.jl | SLR-RFF-BRICK 39cedc0 | Ladrillo L27 (v1.2) | draws parameters_subsample_brick_mengel_L27.csv, 500/chain | paleo assignment :single (seed 20260920) | land-water anchor :zero_at_first_year | lws observed | climate MAGICC-SLR 600 members, vv_pulse_wide_20261009 | forcing spliced | tap true | pair seed 2026 | record conditioning: common draw set with the FaIR arm, dropped 2 of 2000 | pulse 0.01 GtCH4 at 2030 | cm rel 1995-2014 | julia 1.12.6"
2240,glaciers,0.0001902562785378592,0.00019445069370408144,1.0925661461850178e-6,0.00012048271147335754,0.0002793521553726918,"scope_slr_pulse_vv.jl | SLR-RFF-BRICK 39cedc0 | Ladrillo L27 (v1.2) | draws parameters_subsample_brick_mengel_L27.csv, 500/chain | paleo assignment :single (seed 20260920) | land-water anchor :zero_at_first_year | lws observed | climate MAGICC-SLR 600 members, vv_pulse_wide_20261009 | forcing spliced | tap true | pair seed 2026 | record conditioning: common draw set with the FaIR arm, dropped 2 of 2000 | pulse 0.01 GtCH4 at 2030 | cm rel 1995-2014 | julia 1.12.6"
2241,glaciers,0.0001889947980497908,0.00019327255233737964,1.0876285169106401e-6,0.00011954155610141015,0.0002780194779239409,"scope_slr_pulse_vv.jl | SLR-RFF-BRICK 39cedc0 | Ladrillo L27 (v1.2) | draws parameters_subsample_brick_mengel_L27.csv, 500/chain | paleo assignment :single (seed 20260920) | land-water anchor :zero_at_first_year | lws observed | climate MAGICC-SLR 600 members, vv_pulse_wide_20261009 | forcing spliced | tap true | pair seed 2026 | record conditioning: common draw set with the FaIR arm, dropped 2 of 2000 | pulse 0.01 GtCH4 at 2030 | cm rel 1995-2014 | julia 1.12.6"
2242,glaciers,0.00018794932081611648,0.00019210722587140552,1.0827441123859852e-6,0.00011878039329786816,0.00027672274687446925,"scope_slr_pulse_vv.jl | SLR-RFF-BRICK 39cedc0 | Ladrillo L27 (v1.2) | draws parameters_subsample_brick_mengel_L27.csv, 500/chain | paleo assignment :single (seed 20260920) | land-water anchor :zero_at_first_year | lws observed | climate MAGICC-SLR 600 members, vv_pulse_wide_20261009 | forcing spliced | tap true | pair seed 2026 | record conditioning: common draw set with the FaIR arm, dropped 2 of 2000 | pulse 0.01 GtCH4 at 2030 | cm rel 1995-2014 | julia 1.12.6"
2243,glaciers,0.00018682510707535016,0.0001909524518964179,1.0779049483743878e-6,0.0001179625525990602,0.000275301008881712,"scope_slr_pulse_vv.jl | SLR-RFF-BRICK 39cedc0 | Ladrillo L27 (v1.2) | draws parameters_subsample_brick_mengel_L27.csv, 500/chain | paleo assignment :single (seed 20260920) | land-water anchor :zero_at_first_year | lws observed | climate MAGICC-SLR 600 members, vv_pulse_wide_20261009 | forcing spliced | tap true | pair seed 2026 | record conditioning: common draw set with the FaIR arm, dropped 2 of 2000 | pulse 0.01 GtCH4 at 2030 | cm rel 1995-2014 | julia 1.12.6"
2244,glaciers,0.0001857927310666696,0.00018980944289444208,1.0731169637173877e-6,0.00011719654997133233,0.0002740781046789209,"scope_slr_pulse_vv.jl | SLR-RFF-BRICK 39cedc0 | Ladrillo L27 (v1.2) | draws parameters_subsample_brick_mengel_L27.csv, 500/chain | paleo assignment :single (seed 20260920) | land-water anchor :zero_at_first_year | lws observed | climate MAGICC-SLR 600 members, vv_pulse_wide_20261009 | forcing spliced | tap true | pair seed 2026 | record conditioning: common draw set with the FaIR arm, dropped 2 of 2000 | pulse 0.01 GtCH4 at 2030 | cm rel 1995-2014 | julia 1.12.6"
2245,glaciers,0.00018456065941485633,0.00018868012561954836,1.0683873441933247e-6,0.00011642621287712984,0.00027260459888776004,"scope_slr_pulse_vv.jl | SLR-RFF-BRICK 39cedc0 | Ladrillo L27 (v1.2) | draws parameters_subsample_brick_mengel_L27.csv, 500/chain | paleo assignment :single (seed 20260920) | land-water anchor :zero_at_first_year | lws observed | climate MAGICC-SLR 600 members, vv_pulse_wide_20261009 | forcing spliced | tap true | pair seed 2026 | record conditioning: common draw set with the FaIR arm, dropped 2 of 2000 | pulse 0.01 GtCH4 at 2030 | cm rel 1995-2014 | julia 1.12.6"
2246,glaciers,0.0001834269762976959,0.00018756720258758015,1.0637259548111444e-6,0.00011571913081684926,0.0002713914721846677,"scope_slr_pulse_vv.jl | SLR-RFF-BRICK 39cedc0 | Ladrillo L27 (v1.2) | draws parameters_subsample_brick_mengel_L27.csv, 500/chain | paleo assignment :single (seed 20260920) | land-water anchor :zero_at_first_year | lws observed | climate MAGICC-SLR 600 members, vv_pulse_wide_20261009 | forcing spliced | tap true | pair seed 2026 | record conditioning: common draw set with the FaIR arm, dropped 2 of 2000 | pulse 0.01 GtCH4 at 2030 | cm rel 1995-2014 | julia 1.12.6"
2247,glaciers,0.00018237590516179125,0.00018647250515688437,1.0591386771936332e-6,0.0001148154857244066,0.000269923306327513,"scope_slr_pulse_vv.jl | SLR-RFF-BRICK 39cedc0 | Ladrillo L27 (v1.2) | draws parameters_subsample_brick_mengel_L27.csv, 500/chain | paleo assignment :single (seed 20260920) | land-water anchor :zero_at_first_year | lws observed | climate MAGICC-SLR 600 members, vv_pulse_wide_20261009 | forcing spliced | tap true | pair seed 2026 | record conditioning: common draw set with the FaIR arm, dropped 2 of 2000 | pulse 0.01 GtCH4 at 2030 | cm rel 1995-2014 | julia 1.12.6"
2248,glaciers,0.00018136256078804536,0.00018539566585893004,1.0546230545628947e-6,0.0001140610538715947,0.0002685364447065907,"scope_slr_pulse_vv.jl | SLR-RFF-BRICK 39cedc0 | Ladrillo L27 (v1.2) | draws parameters_subsample_brick_mengel_L27.csv, 500/chain | paleo assignment :single (seed 20260920) | land-water anchor :zero_at_first_year | lws observed | climate MAGICC-SLR 600 members, vv_pulse_wide_20261009 | forcing spliced | tap true | pair seed 2026 | record conditioning: common draw set with the FaIR arm, dropped 2 of 2000 | pulse 0.01 GtCH4 at 2030 | cm rel 1995-2014 | julia 1.12.6"
2249,glaciers,0.0001803596783922501,0.00018433653503436965,1.050178447814125e-6,0.00011332795915990347,0.0002673734470397093,"scope_slr_pulse_vv.jl | SLR-RFF-BRICK 39cedc0 | Ladrillo L27 (v1.2) | draws parameters_subsample_brick_mengel_L27.csv, 500/chain | paleo assignment :single (seed 20260920) | land-water anchor :zero_at_first_year | lws observed | climate MAGICC-SLR 600 members, vv_pulse_wide_20261009 | forcing spliced | tap true | pair seed 2026 | record conditioning: common draw set with the FaIR arm, dropped 2 of 2000 | pulse 0.01 GtCH4 at 2030 | cm rel 1995-2014 | julia 1.12.6"
2250,glaciers,0.0001793819187874135,0.00018329459852971418,1.0458025743180971e-6,0.0001124422735681918,0.00026621580449415205,"scope_slr_pulse_vv.jl | SLR-RFF-BRICK 39cedc0 | Ladrillo L27 (v1.2) | draws parameters_subsample_brick_mengel_L27.csv, 500/chain | paleo assignment :single (seed 20260920) | land-water anchor :zero_at_first_year | lws observed | climate MAGICC-SLR 600 members, vv_pulse_wide_20261009 | forcing spliced | tap true | pair seed 2026 | record conditioning: common draw set with the FaIR arm, dropped 2 of 2000 | pulse 0.01 GtCH4 at 2030 | cm rel 1995-2014 | julia 1.12.6"
2251,glaciers,0.00017838653607782362,0.00018226906504726959,1.0414939465924502e-6,0.00011160993969934198,0.00026484042054608636,"scope_slr_pulse_vv.jl | SLR-RFF-BRICK 39cedc0 | Ladrillo L27 (v1.2) | draws parameters_subsample_brick_mengel_L27.csv, 500/chain | paleo assignment :single (seed 20260920) | land-water anchor :zero_at_first_year | lws observed | climate MAGICC-SLR 600 members, vv_pulse_wide_20261009 | forcing spliced | tap true | pair seed 2026 | record conditioning: common draw set with the FaIR arm, dropped 2 of 2000 | pulse 0.01 GtCH4 at 2030 | cm rel 1995-2014 | julia 1.12.6"
2252,glaciers,0.0001773898254793238,0.00018125879611448933,1.0372485944956459e-6,0.00011106766094979292,0.0002634206183529386,"scope_slr_pulse_vv.jl | SLR-RFF-BRICK 39cedc0 | Ladrillo L27 (v1.2) | draws parameters_subsample_brick_mengel_L27.csv, 500/chain | paleo assignment :single (seed 20260920) | land-water anchor :zero_at_first_year | lws observed | climate MAGICC-SLR 600 members, vv_pulse_wide_20261009 | forcing spliced | tap true | pair seed 2026 | record conditioning: common draw set with the FaIR arm, dropped 2 of 2000 | pulse 0.01 GtCH4 at 2030 | cm rel 1995-2014 | julia 1.12.6"
2253,glaciers,0.00017642969977593737,0.00018026197305414453,1.0330584690227262e-6,0.0001104393642901158,0.0002620447256060032,"scope_slr_pulse_vv.jl | SLR-RFF-BRICK 39cedc0 | Ladrillo L27 (v1.2) | draws parameters_subsample_brick_mengel_L27.csv, 500/chain | paleo assignment :single (seed 20260920) | land-water anchor :zero_at_first_year | lws observed | climate MAGICC-SLR 600 members, vv_pulse_wide_20261009 | forcing spliced | tap true | pair seed 2026 | record conditioning: common draw set with the FaIR arm, dropped 2 of 2000 | pulse 0.01 GtCH4 at 2030 | cm rel 1995-2014 | julia 1.12.6"
2254,glaciers,0.00017553111542412125,0.00017927623185806147,1.0289139936926454e-6,0.00010975275503142257,0.00026095990914001274,"scope_slr_pulse_vv.jl | SLR-RFF-BRICK 39cedc0 | Ladrillo L27 (v1.2) | draws parameters_subsample_brick_mengel_L27.csv, 500/chain | paleo assignment :single (seed 20260920) | land-water anchor :zero_at_first_year | lws observed | climate MAGICC-SLR 600 members, vv_pulse_wide_20261009 | forcing spliced | tap true | pair seed 2026 | record conditioning: common draw set with the FaIR arm, dropped 2 of 2000 | pulse 0.01 GtCH4 at 2030 | cm rel 1995-2014 | julia 1.12.6"
2255,glaciers,0.00017465242486736088,0.00017829964117285665,1.0248080274805837e-6,0.0001091295751415089,0.0002594125680499103,"scope_slr_pulse_vv.jl | SLR-RFF-BRICK 39cedc0 | Ladrillo L27 (v1.2) | draws parameters_subsample_brick_mengel_L27.csv, 500/chain | paleo assignment :single (seed 20260920) | land-water anchor :zero_at_first_year | lws observed | climate MAGICC-SLR 600 members, vv_pulse_wide_20261009 | forcing spliced | tap true | pair seed 2026 | record conditioning: common draw set with the FaIR arm, dropped 2 of 2000 | pulse 0.01 GtCH4 at 2030 | cm rel 1995-2014 | julia 1.12.6"
2256,glaciers,0.00017365764363930225,0.0001773327581596274,1.020743145820824e-6,0.00010842701081568152,0.000258088200989448,"scope_slr_pulse_vv.jl | SLR-RFF-BRICK 39cedc0 | Ladrillo L27 (v1.2) | draws parameters_subsample_brick_mengel_L27.csv, 500/chain | paleo assignment :single (seed 20260920) | land-water anchor :zero_at_first_year | lws observed | climate MAGICC-SLR 600 members, vv_pulse_wide_20261009 | forcing spliced | tap true | pair seed 2026 | record conditioning: common draw set with the FaIR arm, dropped 2 of 2000 | pulse 0.01 GtCH4 at 2030 | cm rel 1995-2014 | julia 1.12.6"
2257,glaciers,0.0001726723797990104,0.00017637613020995125,1.0167217276958228e-6,0.00010790284461972278,0.00025677925998053287,"scope_slr_pulse_vv.jl | SLR-RFF-BRICK 39cedc0 | Ladrillo L27 (v1.2) | draws parameters_subsample_brick_mengel_L27.csv, 500/chain | paleo assignment :single (seed 20260920) | land-water anchor :zero_at_first_year | lws observed | climate MAGICC-SLR 600 members, vv_pulse_wide_20261009 | forcing spliced | tap true | pair seed 2026 | record conditioning: common draw set with the FaIR arm, dropped 2 of 2000 | pulse 0.01 GtCH4 at 2030 | cm rel 1995-2014 | julia 1.12.6"
2258,glaciers,0.00017173722049079743,0.00017543079272941975,1.012745932887796e-6,0.00010737192390664063,0.00025555824664102994,"scope_slr_pulse_vv.jl | SLR-RFF-BRICK 39cedc0 | Ladrillo L27 (v1.2) | draws parameters_subsample_brick_mengel_L27.csv, 500/chain | paleo assignment :single (seed 20260920) | land-water anchor :zero_at_first_year | lws observed | climate MAGICC-SLR 600 members, vv_pulse_wide_20261009 | forcing spliced | tap true | pair seed 2026 | record conditioning: common draw set with the FaIR arm, dropped 2 of 2000 | pulse 0.01 GtCH4 at 2030 | cm rel 1995-2014 | julia 1.12.6"
2259,glaciers,0.00017090443449419013,0.00017449828069663424,1.0088241011810294e-6,0.00010676129988791416,0.00025437539961643547,"scope_slr_pulse_vv.jl | SLR-RFF-BRICK 39cedc0 | Ladrillo L27 (v1.2) | draws parameters_subsample_brick_mengel_L27.csv, 500/chain | paleo assignment :single (seed 20260920) | land-water anchor :zero_at_first_year | lws observed | climate MAGICC-SLR 600 members, vv_pulse_wide_20261009 | forcing spliced | tap true | pair seed 2026 | record conditioning: common draw set with the FaIR arm, dropped 2 of 2000 | pulse 0.01 GtCH4 at 2030 | cm rel 1995-2014 | julia 1.12.6"
2260,glaciers,0.00017004714313983982,0.00017357925107416446,1.0049578382053069e-6,0.00010616145289841227,0.000253204490218728,"scope_slr_pulse_vv.jl | SLR-RFF-BRICK 39cedc0 | Ladrillo L27 (v1.2) | draws parameters_subsample_brick_mengel_L27.csv, 500/chain | paleo assignment :single (seed 20260920) | land-water anchor :zero_at_first_year | lws observed | climate MAGICC-SLR 600 members, vv_pulse_wide_20261009 | forcing spliced | tap true | pair seed 2026 | record conditioning: common draw set with the FaIR arm, dropped 2 of 2000 | pulse 0.01 GtCH4 at 2030 | cm rel 1995-2014 | julia 1.12.6"
2261,glaciers,0.00016919370086121432,0.00017267475568767383,1.0011503124592301e-6,0.00010557154781718481,0.00025205869969529003,"scope_slr_pulse_vv.jl | SLR-RFF-BRICK 39cedc0 | Ladrillo L27 (v1.2) | draws parameters_subsample_brick_mengel_L27.csv, 500/chain | paleo assignment :single (seed 20260920) | land-water anchor :zero_at_first_year | lws observed | climate MAGICC-SLR 600 members, vv_pulse_wide_20261009 | forcing spliced | tap true | pair seed 2026 | record conditioning: common draw set with the FaIR arm, dropped 2 of 2000 | pulse 0.01 GtCH4 at 2030 | cm rel 1995-2014 | julia 1.12.6"
2262,glaciers,0.00016834218049943672,0.00017178461182547737,9.974003798699604e-7,0.00010502753471115511,0.00025090582648221724,"scope_slr_pulse_vv.jl | SLR-RFF-BRICK 39cedc0 | Ladrillo L27 (v1.2) | draws parameters_subsample_brick_mengel_L27.csv, 500/chain | paleo assignment :single (seed 20260920) | land-water anchor :zero_at_first_year | lws observed | climate MAGICC-SLR 600 members, vv_pulse_wide_20261009 | forcing spliced | tap true | pair seed 2026 | record conditioning: common draw set with the FaIR arm, dropped 2 of 2000 | pulse 0.01 GtCH4 at 2030 | cm rel 1995-2014 | julia 1.12.6"
2263,glaciers,0.00016749425165407672,0.00017090742637462412,9.937032483011556e-7,0.00010453510615633377,0.00024968191614824773,"scope_slr_pulse_vv.jl | SLR-RFF-BRICK 39cedc0 | Ladrillo L27 (v1.2) | draws parameters_subsample_brick_mengel_L27.csv, 500/chain | paleo assignment :single (seed 20260920) | land-water anchor :zero_at_first_year | lws observed | climate MAGICC-SLR 600 members, vv_pulse_wide_20261009 | forcing spliced | tap true | pair seed 2026 | record conditioning: common draw set with the FaIR arm, dropped 2 of 2000 | pulse 0.01 GtCH4 at 2030 | cm rel 1995-2014 | julia 1.12.6"
2264,glaciers,0.0001666311823687039,0.00017004181890078283,9.900526541573404e-7,0.0001039768761334159,0.0002484594978747978,"scope_slr_pulse_vv.jl | SLR-RFF-BRICK 39cedc0 | Ladrillo L27 (v1.2) | draws parameters_subsample_brick_mengel_L27.csv, 500/chain | paleo assignment :single (seed 20260920) | land-water anchor :zero_at_first_year | lws observed | climate MAGICC-SLR 600 members, vv_pulse_wide_20261009 | forcing spliced | tap true | pair seed 2026 | record conditioning: common draw set with the FaIR arm, dropped 2 of 2000 | pulse 0.01 GtCH4 at 2030 | cm rel 1995-2014 | julia 1.12.6"
2265,glaciers,0.00016585893505016713,0.0001691855001369345,9.864390491626323e-7,0.00010344371405270891,0.0002472459950897843,"scope_slr_pulse_vv.jl | SLR-RFF-BRICK 39cedc0 | Ladrillo L27 (v1.2) | draws parameters_subsample_brick_mengel_L27.csv, 500/chain | paleo assignment :single (seed 20260920) | land-water anchor :zero_at_first_year | lws observed | climate MAGICC-SLR 600 members, vv_pulse_wide_20261009 | forcing spliced | tap true | pair seed 2026 | record conditioning: common draw set with the FaIR arm, dropped 2 of 2000 | pulse 0.01 GtCH4 at 2030 | cm rel 1995-2014 | julia 1.12.6"
2266,glaciers,0.00016513619650382338,0.00016833522184040678,9.828675853651284e-7,0.00010300923693780107,0.00024601278549418737,"scope_slr_pulse_vv.jl | SLR-RFF-BRICK 39cedc0 | Ladrillo L27 (v1.2) | draws parameters_subsample_brick_mengel_L27.csv, 500/chain | paleo assignment :single (seed 20260920) | land-water anchor :zero_at_first_year | lws observed | climate MAGICC-SLR 600 members, vv_pulse_wide_20261009 | forcing spliced | tap true | pair seed 2026 | record conditioning: common draw set with the FaIR arm, dropped 2 of 2000 | pulse 0.01 GtCH4 at 2030 | cm rel 1995-2014 | julia 1.12.6"
2267,glaciers,0.0001642372229753164,0.00016749114616809957,9.793118090125228e-7,0.00010233726234627482,0.00024486361218940545,"scope_slr_pulse_vv.jl | SLR-RFF-BRICK 39cedc0 | Ladrillo L27 (v1.2) | draws parameters_subsample_brick_mengel_L27.csv, 500/chain | paleo assignment :single (seed 20260920) | land-water anchor :zero_at_first_year | lws observed | climate MAGICC-SLR 600 members, vv_pulse_wide_20261009 | forcing spliced | tap true | pair seed 2026 | record conditioning: common draw set with the FaIR arm, dropped 2 of 2000 | pulse 0.01 GtCH4 at 2030 | cm rel 1995-2014 | julia 1.12.6"
2268,glaciers,0.0001635014510057431,0.00016665269442455404,9.757764964042705e-7,0.0001017664978654409,0.00024370308380685654,"scope_slr_pulse_vv.jl | SLR-RFF-BRICK 39cedc0 | Ladrillo L27 (v1.2) | draws parameters_subsample_brick_mengel_L27.csv, 500/chain | paleo assignment :single (seed 20260920) | land-water anchor :zero_at_first_year | lws observed | climate MAGICC-SLR 600 members, vv_pulse_wide_20261009 | forcing spliced | tap true | pair seed 2026 | record conditioning: common draw set with the FaIR arm, dropped 2 of 2000 | pulse 0.01 GtCH4 at 2030 | cm rel 1995-2014 | julia 1.12.6"
2269,glaciers,0.0001626457453198782,0.00016582309552266966,9.7227779811779e-7,0.00010122966940535605,0.00024265940554073494,"scope_slr_pulse_vv.jl | SLR-RFF-BRICK 39cedc0 | Ladrillo L27 (v1.2) | draws parameters_subsample_brick_mengel_L27.csv, 500/chain | paleo assignment :single (seed 20260920) | land-water anchor :zero_at_first_year | lws observed | climate MAGICC-SLR 600 members, vv_pulse_wide_20261009 | forcing spliced | tap true | pair seed 2026 | record conditioning: common draw set with the FaIR arm, dropped 2 of 2000 | pulse 0.01 GtCH4 at 2030 | cm rel 1995-2014 | julia 1.12.6"
2270,glaciers,0.00016182451547663845,0.00016500463115416426,9.688243560823485e-7,0.00010070080192043919,0.00024154480544780196,"scope_slr_pulse_vv.jl | SLR-RFF-BRICK 39cedc0 | Ladrillo L27 (v1.2) | draws parameters_subsample_brick_mengel_L27.csv, 500/chain | paleo assignment :single (seed 20260920) | land-water anchor :zero_at_first_year | lws observed | climate MAGICC-SLR 600 members, vv_pulse_wide_20261009 | forcing spliced | tap true | pair seed 2026 | record conditioning: common draw set with the FaIR arm, dropped 2 of 2000 | pulse 0.01 GtCH4 at 2030 | cm rel 1995-2014 | julia 1.12.6"
2271,glaciers,0.0001610390626058944,0.00016419866052248006,9.654205750351147e-7,0.00010018070557720194,0.00024043227781458395,"scope_slr_pulse_vv.jl | SLR-RFF-BRICK 39cedc0 | Ladrillo L27 (v1.2) | draws parameters_subsample_brick_mengel_L27.csv, 500/chain | paleo assignment :single (seed 20260920) | land-water anchor :zero_at_first_year | lws observed | climate MAGICC-SLR 600 members, vv_pulse_wide_20261009 | forcing spliced | tap true | pair seed 2026 | record conditioning: common draw set with the FaIR arm, dropped 2 of 2000 | pulse 0.01 GtCH4 at 2030 | cm rel 1995-2014 | julia 1.12.6"
2272,glaciers,0.00016017816261459927,0.0001634053147236658,9.620669148334615e-7,9.9669407662617e-5,0.0002394593090663477,"scope_slr_pulse_vv.jl | SLR-RFF-BRICK 39cedc0 | Ladrillo L27 (v1.2) | draws parameters_subsample_brick_mengel_L27.csv, 500/chain | paleo assignment :single (seed 20260920) | land-water anchor :zero_at_first_year | lws observed | climate MAGICC-SLR 600 members, vv_pulse_wide_20261009 | forcing spliced | tap true | pair seed 2026 | record conditioning: common draw set with the FaIR arm, dropped 2 of 2000 | pulse 0.01 GtCH4 at 2030 | cm rel 1995-2014 | julia 1.12.6"
2273,glaciers,0.00015934825054308988,0.000162624348733046,9.58763424892021e-7,9.916672198855281e-5,0.00023841010750622613,"scope_slr_pulse_vv.jl | SLR-RFF-BRICK 39cedc0 | Ladrillo L27 (v1.2) | draws parameters_subsample_brick_mengel_L27.csv, 500/chain | paleo assignment :single (seed 20260920) | land-water anchor :zero_at_first_year | lws observed | climate MAGICC-SLR 600 members, vv_pulse_wide_20261009 | forcing spliced | tap true | pair seed 2026 | record conditioning: common draw set with the FaIR arm, dropped 2 of 2000 | pulse 0.01 GtCH4 at 2030 | cm rel 1995-2014 | julia 1.12.6"
2274,glaciers,0.00015843581777374993,0.00016185454181101295,9.555045126821043e-7,9.86718950539256e-5,0.00023742171211917903,"scope_slr_pulse_vv.jl | SLR-RFF-BRICK 39cedc0 | Ladrillo L27 (v1.2) | draws parameters_subsample_brick_mengel_L27.csv, 500/chain | paleo assignment :single (seed 20260920) | land-water anchor :zero_at_first_year | lws observed | climate MAGICC-SLR 600 members, vv_pulse_wide_20261009 | forcing spliced | tap true | pair seed 2026 | record conditioning: common draw set with the FaIR arm, dropped 2 of 2000 | pulse 0.01 GtCH4 at 2030 | cm rel 1995-2014 | julia 1.12.6"
2275,glaciers,0.00015771220622617932,0.0001610936311281838,9.522804873604031e-7,9.805405287099946e-5,0.0002365903372401945,"scope_slr_pulse_vv.jl | SLR-RFF-BRICK 39cedc0 | Ladrillo L27 (v1.2) | draws parameters_subsample_brick_mengel_L27.csv, 500/chain | paleo assignment :single (seed 20260920) | land-water anchor :zero_at_first_year | lws observed | climate MAGICC-SLR 600 members, vv_pulse_wide_20261009 | forcing spliced | tap true | pair seed 2026 | record conditioning: common draw set with the FaIR arm, dropped 2 of 2000 | pulse 0.01 GtCH4 at 2030 | cm rel 1995-2014 | julia 1.12.6"
2276,glaciers,0.00015710713270600252,0.00016033945260320528,9.490831153401319e-7,9.742028227286425e-5,0.00023556281677912234,"scope_slr_pulse_vv.jl | SLR-RFF-BRICK 39cedc0 | Ladrillo L27 (v1.2) | draws parameters_subsample_brick_mengel_L27.csv, 500/chain | paleo assignment :single (seed 20260920) | land-water anchor :zero_at_first_year | lws observed | climate MAGICC-SLR 600 members, vv_pulse_wide_20261009 | forcing spliced | tap true | pair seed 2026 | record conditioning: common draw set with the FaIR arm, dropped 2 of 2000 | pulse 0.01 GtCH4 at 2030 | cm rel 1995-2014 | julia 1.12.6"
2277,glaciers,0.0001564707030716761,0.00015959112505227436,9.459097809406621e-7,9.694541513773913e-5,0.00023453549716769822,"scope_slr_pulse_vv.jl | SLR-RFF-BRICK 39cedc0 | Ladrillo L27 (v1.2) | draws parameters_subsample_brick_mengel_L27.csv, 500/chain | paleo assignment :single (seed 20260920) | land-water anchor :zero_at_first_year | lws observed | climate MAGICC-SLR 600 members, vv_pulse_wide_20261009 | forcing spliced | tap true | pair seed 2026 | record conditioning: common draw set with the FaIR arm, dropped 2 of 2000 | pulse 0.01 GtCH4 at 2030 | cm rel 1995-2014 | julia 1.12.6"
2278,glaciers,0.00015572323020762724,0.00015884952192643894,9.427632391159023e-7,9.63846041210914e-5,0.00023351721028301844,"scope_slr_pulse_vv.jl | SLR-RFF-BRICK 39cedc0 | Ladrillo L27 (v1.2) | draws parameters_subsample_brick_mengel_L27.csv, 500/chain | paleo assignment :single (seed 20260920) | land-water anchor :zero_at_first_year | lws observed | climate MAGICC-SLR 600 members, vv_pulse_wide_20261009 | forcing spliced | tap true | pair seed 2026 | record conditioning: common draw set with the FaIR arm, dropped 2 of 2000 | pulse 0.01 GtCH4 at 2030 | cm rel 1995-2014 | julia 1.12.6"
2279,glaciers,0.00015493683164002903,0.00015811566425891096,9.39648226822634e-7,9.582388933360164e-5,0.00023250876194573765,"scope_slr_pulse_vv.jl | SLR-RFF-BRICK 39cedc0 | Ladrillo L27 (v1.2) | draws parameters_subsample_brick_mengel_L27.csv, 500/chain | paleo assignment :single (seed 20260920) | land-water anchor :zero_at_first_year | lws observed | climate MAGICC-SLR 600 members, vv_pulse_wide_20261009 | forcing spliced | tap true | pair seed 2026 | record conditioning: common draw set with the FaIR arm, dropped 2 of 2000 | pulse 0.01 GtCH4 at 2030 | cm rel 1995-2014 | julia 1.12.6"
2280,glaciers,0.00015420687579492665,0.00015739072764937517,9.365698176687825e-7,9.534795092704939e-5,0.00023160381993196912,"scope_slr_pulse_vv.jl | SLR-RFF-BRICK 39cedc0 | Ladrillo L27 (v1.2) | draws parameters_subsample_brick_mengel_L27.csv, 500/chain | paleo assignment :single (seed 20260920) | land-water anchor :zero_at_first_year | lws observed | climate MAGICC-SLR 600 members, vv_pulse_wide_20261009 | forcing spliced | tap true | pair seed 2026 | record conditioning: common draw set with the FaIR arm, dropped 2 of 2000 | pulse 0.01 GtCH4 at 2030 | cm rel 1995-2014 | julia 1.12.6"
2281,glaciers,0.00015352103648069715,0.00015667623358654975,9.335351106354636e-7,9.488027224460182e-5,0.0002307655223569682,"scope_slr_pulse_vv.jl | SLR-RFF-BRICK 39cedc0 | Ladrillo L27 (v1.2) | draws parameters_subsample_brick_mengel_L27.csv, 500/chain | paleo assignment :single (seed 20260920) | land-water anchor :zero_at_first_year | lws observed | climate MAGICC-SLR 600 members, vv_pulse_wide_20261009 | forcing spliced | tap true | pair seed 2026 | record conditioning: common draw set with the FaIR arm, dropped 2 of 2000 | pulse 0.01 GtCH4 at 2030 | cm rel 1995-2014 | julia 1.12.6"
2282,glaciers,0.0001527327169075221,0.00015597233361789656,9.30543464095879e-7,9.441974450279389e-5,0.00022975209878968168,"scope_slr_pulse_vv.jl | SLR-RFF-BRICK 39cedc0 | Ladrillo L27 (v1.2) | draws parameters_subsample_brick_mengel_L27.csv, 500/chain | paleo assignment :single (seed 20260920) | land-water anchor :zero_at_first_year | lws observed | climate MAGICC-SLR 600 members, vv_pulse_wide_20261009 | forcing spliced | tap true | pair seed 2026 | record conditioning: common draw set with the FaIR arm, dropped 2 of 2000 | pulse 0.01 GtCH4 at 2030 | cm rel 1995-2014 | julia 1.12.6"
2283,glaciers,0.00015212566157174479,0.0001552782615002462,9.275910161145673e-7,9.396592046737596e-5,0.00022876775928661882,"scope_slr_pulse_vv.jl | SLR-RFF-BRICK 39cedc0 | Ladrillo L27 (v1.2) | draws parameters_subsample_brick_mengel_L27.csv, 500/chain | paleo assignment :single (seed 20260920) | land-water anchor :zero_at_first_year | lws observed | climate MAGICC-SLR 600 members, vv_pulse_wide_20261009 | forcing spliced | tap true | pair seed 2026 | record conditioning: common draw set with the FaIR arm, dropped 2 of 2000 | pulse 0.01 GtCH4 at 2030 | cm rel 1995-2014 | julia 1.12.6"
2284,glaciers,0.000151563355716533,0.00015459327235813137,9.24674931448596e-7,9.351842803866362e-5,0.00022782947323989332,"scope_slr_pulse_vv.jl | SLR-RFF-BRICK 39cedc0 | Ladrillo L27 (v1.2) | draws parameters_subsample_brick_mengel_L27.csv, 500/chain | paleo assignment :single (seed 20260920) | land-water anchor :zero_at_first_year | lws observed | climate MAGICC-SLR 600 members, vv_pulse_wide_20261009 | forcing spliced | tap true | pair seed 2026 | record conditioning: common draw set with the FaIR arm, dropped 2 of 2000 | pulse 0.01 GtCH4 at 2030 | cm rel 1995-2014 | julia 1.12.6"
2285,glaciers,0.00015082765455609604,0.00015391593775557642,9.217891061433967e-7,9.307645660783237e-5,0.00022701796203516975,"scope_slr_pulse_vv.jl | SLR-RFF-BRICK 39cedc0 | Ladrillo L27 (v1.2) | draws parameters_subsample_brick_mengel_L27.csv, 500/chain | paleo assignment :single (seed 20260920) | land-water anchor :zero_at_first_year | lws observed | climate MAGICC-SLR 600 members, vv_pulse_wide_20261009 | forcing spliced | tap true | pair seed 2026 | record conditioning: common draw set with the FaIR arm, dropped 2 of 2000 | pulse 0.01 GtCH4 at 2030 | cm rel 1995-2014 | julia 1.12.6"
2286,glaciers,0.00015034010777270623,0.0001532439787719322,9.189243492214695e-7,9.263879637817496e-5,0.00022616123109990837,"scope_slr_pulse_vv.jl | SLR-RFF-BRICK 39cedc0 | Ladrillo L27 (v1.2) | draws parameters_subsample_brick_mengel_L27.csv, 500/chain | paleo assignment :single (seed 20260920) | land-water anchor :zero_at_first_year | lws observed | climate MAGICC-SLR 600 members, vv_pulse_wide_20261009 | forcing spliced | tap true | pair seed 2026 | record conditioning: common draw set with the FaIR arm, dropped 2 of 2000 | pulse 0.01 GtCH4 at 2030 | cm rel 1995-2014 | julia 1.12.6"
2287,glaciers,0.0001497092912412512,0.00015257566917760947,9.160743520994577e-7,9.220464935548732e-5,0.00022541706730265786,"scope_slr_pulse_vv.jl | SLR-RFF-BRICK 39cedc0 | Ladrillo L27 (v1.2) | draws parameters_subsample_brick_mengel_L27.csv, 500/chain | paleo assignment :single (seed 20260920) | land-water anchor :zero_at_first_year | lws observed | climate MAGICC-SLR 600 members, vv_pulse_wide_20261009 | forcing spliced | tap true | pair seed 2026 | record conditioning: common draw set with the FaIR arm, dropped 2 of 2000 | pulse 0.01 GtCH4 at 2030 | cm rel 1995-2014 | julia 1.12.6"
2288,glaciers,0.00014909638918148005,0.00015191140971752696,9.132413579933854e-7,9.169830289614822e-5,0.00022468495648517717,"scope_slr_pulse_vv.jl | SLR-RFF-BRICK 39cedc0 | Ladrillo L27 (v1.2) | draws parameters_subsample_brick_mengel_L27.csv, 500/chain | paleo assignment :single (seed 20260920) | land-water anchor :zero_at_first_year | lws observed | climate MAGICC-SLR 600 members, vv_pulse_wide_20261009 | forcing spliced | tap true | pair seed 2026 | record conditioning: common draw set with the FaIR arm, dropped 2 of 2000 | pulse 0.01 GtCH4 at 2030 | cm rel 1995-2014 | julia 1.12.6"
2289,glaciers,0.00014847187664734918,0.0001512525850139967,9.104266009295123e-7,9.094590405283043e-5,0.00022365236385493142,"scope_slr_pulse_vv.jl | SLR-RFF-BRICK 39cedc0 | Ladrillo L27 (v1.2) | draws parameters_subsample_brick_mengel_L27.csv, 500/chain | paleo assignment :single (seed 20260920) | land-water anchor :zero_at_first_year | lws observed | climate MAGICC-SLR 600 members, vv_pulse_wide_20261009 | forcing spliced | tap true | pair seed 2026 | record conditioning: common draw set with the FaIR arm, dropped 2 of 2000 | pulse 0.01 GtCH4 at 2030 | cm rel 1995-2014 | julia 1.12.6"
2290,glaciers,0.00014785578949982892,0.0001506021960263325,9.076445477880041e-7,9.047110667417258e-5,0.00022278654207958935,"scope_slr_pulse_vv.jl | SLR-RFF-BRICK 39cedc0 | Ladrillo L27 (v1.2) | draws parameters_subsample_brick_mengel_L27.csv, 500/chain | paleo assignment :single (seed 20260920) | land-water anchor :zero_at_first_year | lws observed | climate MAGICC-SLR 600 members, vv_pulse_wide_20261009 | forcing spliced | tap true | pair seed 2026 | record conditioning: common draw set with the FaIR arm, dropped 2 of 2000 | pulse 0.01 GtCH4 at 2030 | cm rel 1995-2014 | julia 1.12.6"
2291,glaciers,0.0001472848244308267,0.0001499606899549318,9.048980596970521e-7,9.011055605210317e-5,0.00022170763630260378,"scope_slr_pulse_vv.jl | SLR-RFF-BRICK 39cedc0 | Ladrillo L27 (v1.2) | draws parameters_subsample_brick_mengel_L27.csv, 500/chain | paleo assignment :single (seed 20260920) | land-water anchor :zero_at_first_year | lws observed | climate MAGICC-SLR 600 members, vv_pulse_wide_20261009 | forcing spliced | tap true | pair seed 2026 | record conditioning: common draw set with the FaIR arm, dropped 2 of 2000 | pulse 0.01 GtCH4 at 2030 | cm rel 1995-2014 | julia 1.12.6"
2292,glaciers,0.0001466479193918957,0.00014932832920690322,9.021879953007947e-7,8.94909507040964e-5,0.00022081538956015827,"scope_slr_pulse_vv.jl | SLR-RFF-BRICK 39cedc0 | Ladrillo L27 (v1.2) | draws parameters_subsample_brick_mengel_L27.csv, 500/chain | paleo assignment :single (seed 20260920) | land-water anchor :zero_at_first_year | lws observed | climate MAGICC-SLR 600 members, vv_pulse_wide_20261009 | forcing spliced | tap true | pair seed 2026 | record conditioning: common draw set with the FaIR arm, dropped 2 of 2000 | pulse 0.01 GtCH4 at 2030 | cm rel 1995-2014 | julia 1.12.6"
2293,glaciers,0.00014597280737760343,0.0001487052398302263,8.995163300375733e-7,8.883149589387074e-5,0.0002199133786355389,"scope_slr_pulse_vv.jl | SLR-RFF-BRICK 39cedc0 | Ladrillo L27 (v1.2) | draws parameters_subsample_brick_mengel_L27.csv, 500/chain | paleo assignment :single (seed 20260920) | land-water anchor :zero_at_first_year | lws observed | climate MAGICC-SLR 600 members, vv_pulse_wide_20261009 | forcing spliced | tap true | pair seed 2026 | record conditioning: common draw set with the FaIR arm, dropped 2 of 2000 | pulse 0.01 GtCH4 at 2030 | cm rel 1995-2014 | julia 1.12.6"
2294,glaciers,0.0001453768948227463,0.00014809089926282604,8.968830980465642e-7,8.821923574320323e-5,0.00021894064468401807,"scope_slr_pulse_vv.jl | SLR-RFF-BRICK 39cedc0 | Ladrillo L27 (v1.2) | draws parameters_subsample_brick_mengel_L27.csv, 500/chain | paleo assignment :single (seed 20260920) | land-water anchor :zero_at_first_year | lws observed | climate MAGICC-SLR 600 members, vv_pulse_wide_20261009 | forcing spliced | tap true | pair seed 2026 | record conditioning: common draw set with the FaIR arm, dropped 2 of 2000 | pulse 0.01 GtCH4 at 2030 | cm rel 1995-2014 | julia 1.12.6"
2295,glaciers,0.00014480238938929801,0.00014748399172668933,8.942806240803721e-7,8.778847137929091e-5,0.00021785997221179793,"scope_slr_pulse_vv.jl | SLR-RFF-BRICK 39cedc0 | Ladrillo L27 (v1.2) | draws parameters_subsample_brick_mengel_L27.csv, 500/chain | paleo assignment :single (seed 20260920) | land-water anchor :zero_at_first_year | lws observed | climate MAGICC-SLR 600 members, vv_pulse_wide_20261009 | forcing spliced | tap true | pair seed 2026 | record conditioning: common draw set with the FaIR arm, dropped 2 of 2000 | pulse 0.01 GtCH4 at 2030 | cm rel 1995-2014 | julia 1.12.6"
2296,glaciers,0.00014412733036728298,0.00014688217621439627,8.916979629319638e-7,8.740503099016196e-5,0.00021705437378454203,"scope_slr_pulse_vv.jl | SLR-RFF-BRICK 39cedc0 | Ladrillo L27 (v1.2) | draws parameters_subsample_brick_mengel_L27.csv, 500/chain | paleo assignment :single (seed 20260920) | land-water anchor :zero_at_first_year | lws observed | climate MAGICC-SLR 600 members, vv_pulse_wide_20261009 | forcing spliced | tap true | pair seed 2026 | record conditioning: common draw set with the FaIR arm, dropped 2 of 2000 | pulse 0.01 GtCH4 at 2030 | cm rel 1995-2014 | julia 1.12.6"
2297,glaciers,0.0001435307979953393,0.000146284168758852,8.891277570549226e-7,8.702500705499717e-5,0.00021625567608154483,"scope_slr_pulse_vv.jl | SLR-RFF-BRICK 39cedc0 | Ladrillo L27 (v1.2) | draws parameters_subsample_brick_mengel_L27.csv, 500/chain | paleo assignment :single (seed 20260920) | land-water anchor :zero_at_first_year | lws observed | climate MAGICC-SLR 600 members, vv_pulse_wide_20261009 | forcing spliced | tap true | pair seed 2026 | record conditioning: common draw set with the FaIR arm, dropped 2 of 2000 | pulse 0.01 GtCH4 at 2030 | cm rel 1995-2014 | julia 1.12.6"
2298,glaciers,0.0001429526205765086,0.00014568918836399813,8.865681582515898e-7,8.664780326306244e-5,0.00021546311370919112,"scope_slr_pulse_vv.jl | SLR-RFF-BRICK 39cedc0 | Ladrillo L27 (v1.2) | draws parameters_subsample_brick_mengel_L27.csv, 500/chain | paleo assignment :single (seed 20260920) | land-water anchor :zero_at_first_year | lws observed | climate MAGICC-SLR 600 members, vv_pulse_wide_20261009 | forcing spliced | tap true | pair seed 2026 | record conditioning: common draw set with the FaIR arm, dropped 2 of 2000 | pulse 0.01 GtCH4 at 2030 | cm rel 1995-2014 | julia 1.12.6"
2299,glaciers,0.00014238884962125553,0.00014509817562812866,8.840250096861929e-7,8.618470285330915e-5,0.000214677372184191,"scope_slr_pulse_vv.jl | SLR-RFF-BRICK 39cedc0 | Ladrillo L27 (v1.2) | draws parameters_subsample_brick_mengel_L27.csv, 500/chain | paleo assignment :single (seed 20260920) | land-water anchor :zero_at_first_year | lws observed | climate MAGICC-SLR 600 members, vv_pulse_wide_20261009 | forcing spliced | tap true | pair seed 2026 | record conditioning: common draw set with the FaIR arm, dropped 2 of 2000 | pulse 0.01 GtCH4 at 2030 | cm rel 1995-2014 | julia 1.12.6"
2300,glaciers,0.0001417520210704737,0.00014451467205146796,8.815282191658672e-7,8.572636029562375e-5,0.00021386561469274312,"scope_slr_pulse_vv.jl | SLR-RFF-BRICK 39cedc0 | Ladrillo L27 (v1.2) | draws parameters_subsample_brick_mengel_L27.csv, 500/chain | paleo assignment :single (seed 20260920) | land-water anchor :zero_at_first_year | lws observed | climate MAGICC-SLR 600 members, vv_pulse_wide_20261009 | forcing spliced | tap true | pair seed 2026 | record conditioning: common draw set with the FaIR arm, dropped 2 of 2000 | pulse 0.01 GtCH4 at 2030 | cm rel 1995-2014 | julia 1.12.6"
2025,gis,0.0,0.0,0.0,0.0,0.0,"scope_slr_pulse_vv.jl | SLR-RFF-BRICK 39cedc0 | Ladrillo L27 (v1.2) | draws parameters_subsample_brick_mengel_L27.csv, 500/chain | paleo assignment :single (seed 20260920) | land-water anchor :zero_at_first_year | lws observed | climate MAGICC-SLR 600 members, vv_pulse_wide_20261009 | forcing spliced | tap true | pair seed 2026 | record conditioning: common draw set with the FaIR arm, dropped 2 of 2000 | pulse 0.01 GtCH4 at 2030 | cm rel 1995-2014 | julia 1.12.6"
2026,gis,-6.599631476866819e-7,-8.422991682137898e-7,1.3828352761574602e-8,-2.0467585012173827e-6,-1.9491323604015077e-7,"scope_slr_pulse_vv.jl | SLR-RFF-BRICK 39cedc0 | Ladrillo L27 (v1.2) | draws parameters_subsample_brick_mengel_L27.csv, 500/chain | paleo assignment :single (seed 20260920) | land-water anchor :zero_at_first_year | lws observed | climate MAGICC-SLR 600 members, vv_pulse_wide_20261009 | forcing spliced | tap true | pair seed 2026 | record conditioning: common draw set with the FaIR arm, dropped 2 of 2000 | pulse 0.01 GtCH4 at 2030 | cm rel 1995-2014 | julia 1.12.6"
2027,gis,-1.59819716527565e-6,-1.9364704986188905e-6,3.028538065791235e-8,-4.512385307764432e-6,-4.307766885869314e-7,"scope_slr_pulse_vv.jl | SLR-RFF-BRICK 39cedc0 | Ladrillo L27 (v1.2) | draws parameters_subsample_brick_mengel_L27.csv, 500/chain | paleo assignment :single (seed 20260920) | land-water anchor :zero_at_first_year | lws observed | climate MAGICC-SLR 600 members, vv_pulse_wide_20261009 | forcing spliced | tap true | pair seed 2026 | record conditioning: common draw set with the FaIR arm, dropped 2 of 2000 | pulse 0.01 GtCH4 at 2030 | cm rel 1995-2014 | julia 1.12.6"
2028,gis,-2.8460089009918477e-6,-3.290040506422622e-6,4.8855483134847534e-8,-7.3179206101503524e-6,-7.169015793895284e-7,"scope_slr_pulse_vv.jl | SLR-RFF-BRICK 39cedc0 | Ladrillo L27 (v1.2) | draws parameters_subsample_brick_mengel_L27.csv, 500/chain | paleo assignment :single (seed 20260920) | land-water anchor :zero_at_first_year | lws observed | climate MAGICC-SLR 600 members, vv_pulse_wide_20261009 | forcing spliced | tap true | pair seed 2026 | record conditioning: common draw set with the FaIR arm, dropped 2 of 2000 | pulse 0.01 GtCH4 at 2030 | cm rel 1995-2014 | julia 1.12.6"
2029,gis,-4.3718876190368405e-6,-4.901586899087874e-6,6.914494186600484e-8,-1.0646484176790594e-5,-1.0603013161691878e-6,"scope_slr_pulse_vv.jl | SLR-RFF-BRICK 39cedc0 | Ladrillo L27 (v1.2) | draws parameters_subsample_brick_mengel_L27.csv, 500/chain | paleo assignment :single (seed 20260920) | land-water anchor :zero_at_first_year | lws observed | climate MAGICC-SLR 600 members, vv_pulse_wide_20261009 | forcing spliced | tap true | pair seed 2026 | record conditioning: common draw set with the FaIR arm, dropped 2 of 2000 | pulse 0.01 GtCH4 at 2030 | cm rel 1995-2014 | julia 1.12.6"
2030,gis,-6.199512846638555e-6,-6.761501524138808e-6,9.073600441335997e-8,-1.392755448375027e-5,-1.4585928129751127e-6,"scope_slr_pulse_vv.jl | SLR-RFF-BRICK 39cedc0 | Ladrillo L27 (v1.2) | draws parameters_subsample_brick_mengel_L27.csv, 500/chain | paleo assignment :single (seed 20260920) | land-water anchor :zero_at_first_year | lws observed | climate MAGICC-SLR 600 members, vv_pulse_wide_20261009 | forcing spliced | tap true | pair seed 2026 | record conditioning: common draw set with the FaIR arm, dropped 2 of 2000 | pulse 0.01 GtCH4 at 2030 | cm rel 1995-2014 | julia 1.12.6"
2031,gis,-8.358741760527977e-6,-8.867248851240516e-6,1.1326930681108894e-7,-1.7765286969773086e-5,-1.9246643161885403e-6,"scope_slr_pulse_vv.jl | SLR-RFF-BRICK 39cedc0 | Ladrillo L27 (v1.2) | draws parameters_subsample_brick_mengel_L27.csv, 500/chain | paleo assignment :single (seed 20260920) | land-water anchor :zero_at_first_year | lws observed | climate MAGICC-SLR 600 members, vv_pulse_wide_20261009 | forcing spliced | tap true | pair seed 2026 | record conditioning: common draw set with the FaIR arm, dropped 2 of 2000 | pulse 0.01 GtCH4 at 2030 | cm rel 1995-2014 | julia 1.12.6"
2032,gis,2.7259105741528344e-6,2.826245995197058e-6,1.0964133976190789e-7,-4.391855264840316e-6,1.1059335214635974e-5,"scope_slr_pulse_vv.jl | SLR-RFF-BRICK 39cedc0 | Ladrillo L27 (v1.2) | draws parameters_subsample_brick_mengel_L27.csv, 500/chain | paleo assignment :single (seed 20260920) | land-water anchor :zero_at_first_year | lws observed | climate MAGICC-SLR 600 members, vv_pulse_wide_20261009 | forcing spliced | tap true | pair seed 2026 | record conditioning: common draw set with the FaIR arm, dropped 2 of 2000 | pulse 0.01 GtCH4 at 2030 | cm rel 1995-2014 | julia 1.12.6"
2033,gis,2.5129553667291304e-5,2.5879327018506513e-5,1.6359732465355852e-7,1.5267496396154102e-5,3.953774961718003e-5,"scope_slr_pulse_vv.jl | SLR-RFF-BRICK 39cedc0 | Ladrillo L27 (v1.2) | draws parameters_subsample_brick_mengel_L27.csv, 500/chain | paleo assignment :single (seed 20260920) | land-water anchor :zero_at_first_year | lws observed | climate MAGICC-SLR 600 members, vv_pulse_wide_20261009 | forcing spliced | tap true | pair seed 2026 | record conditioning: common draw set with the FaIR arm, dropped 2 of 2000 | pulse 0.01 GtCH4 at 2030 | cm rel 1995-2014 | julia 1.12.6"
2034,gis,5.243186783321363e-5,5.3945572712080654e-5,3.1441175615969794e-7,3.373747274304506e-5,7.960219658680322e-5,"scope_slr_pulse_vv.jl | SLR-RFF-BRICK 39cedc0 | Ladrillo L27 (v1.2) | draws parameters_subsample_brick_mengel_L27.csv, 500/chain | paleo assignment :single (seed 20260920) | land-water anchor :zero_at_first_year | lws observed | climate MAGICC-SLR 600 members, vv_pulse_wide_20261009 | forcing spliced | tap true | pair seed 2026 | record conditioning: common draw set with the FaIR arm, dropped 2 of 2000 | pulse 0.01 GtCH4 at 2030 | cm rel 1995-2014 | julia 1.12.6"
2035,gis,8.163615617640119e-5,8.418658190534967e-5,5.040018744363695e-7,5.197796700695534e-5,0.00012519195327169718,"scope_slr_pulse_vv.jl | SLR-RFF-BRICK 39cedc0 | Ladrillo L27 (v1.2) | draws parameters_subsample_brick_mengel_L27.csv, 500/chain | paleo assignment :single (seed 20260920) | land-water anchor :zero_at_first_year | lws observed | climate MAGICC-SLR 600 members, vv_pulse_wide_20261009 | forcing spliced | tap true | pair seed 2026 | record conditioning: common draw set with the FaIR arm, dropped 2 of 2000 | pulse 0.01 GtCH4 at 2030 | cm rel 1995-2014 | julia 1.12.6"
2036,gis,0.00011071680592289468,0.00011502686022071976,7.085849782871781e-7,7.039866665627947e-5,0.00017281701962379434,"scope_slr_pulse_vv.jl | SLR-RFF-BRICK 39cedc0 | Ladrillo L27 (v1.2) | draws parameters_subsample_brick_mengel_L27.csv, 500/chain | paleo assignment :single (seed 20260920) | land-water anchor :zero_at_first_year | lws observed | climate MAGICC-SLR 600 members, vv_pulse_wide_20261009 | forcing spliced | tap true | pair seed 2026 | record conditioning: common draw set with the FaIR arm, dropped 2 of 2000 | pulse 0.01 GtCH4 at 2030 | cm rel 1995-2014 | julia 1.12.6"
2037,gis,0.00014004118449051361,0.0001456647905249049,9.188685442941199e-7,8.826327546258562e-5,0.00021949161781718016,"scope_slr_pulse_vv.jl | SLR-RFF-BRICK 39cedc0 | Ladrillo L27 (v1.2) | draws parameters_subsample_brick_mengel_L27.csv, 500/chain | paleo assignment :single (seed 20260920) | land-water anchor :zero_at_first_year | lws observed | climate MAGICC-SLR 600 members, vv_pulse_wide_20261009 | forcing spliced | tap true | pair seed 2026 | record conditioning: common draw set with the FaIR arm, dropped 2 of 2000 | pulse 0.01 GtCH4 at 2030 | cm rel 1995-2014 | julia 1.12.6"
2038,gis,0.0001686897210806393,0.0001756373271881697,1.1293051844132486e-6,0.00010641132178190738,0.0002649875183760919,"scope_slr_pulse_vv.jl | SLR-RFF-BRICK 39cedc0 | Ladrillo L27 (v1.2) | draws parameters_subsample_brick_mengel_L27.csv, 500/chain | paleo assignment :single (seed 20260920) | land-water anchor :zero_at_first_year | lws observed | climate MAGICC-SLR 600 members, vv_pulse_wide_20261009 | forcing spliced | tap true | pair seed 2026 | record conditioning: common draw set with the FaIR arm, dropped 2 of 2000 | pulse 0.01 GtCH4 at 2030 | cm rel 1995-2014 | julia 1.12.6"
2039,gis,0.0001973416715563836,0.0002046481010760575,1.3338695622601037e-6,0.00012266733259975738,0.00031244819917208833,"scope_slr_pulse_vv.jl | SLR-RFF-BRICK 39cedc0 | Ladrillo L27 (v1.2) | draws parameters_subsample_brick_mengel_L27.csv, 500/chain | paleo assignment :single (seed 20260920) | land-water anchor :zero_at_first_year | lws observed | climate MAGICC-SLR 600 members, vv_pulse_wide_20261009 | forcing spliced | tap true | pair seed 2026 | record conditioning: common draw set with the FaIR arm, dropped 2 of 2000 | pulse 0.01 GtCH4 at 2030 | cm rel 1995-2014 | julia 1.12.6"
2040,gis,0.00022346065677014693,0.00023253305236111706,1.531536854595668e-6,0.00013831972020432738,0.00035871172296046965,"scope_slr_pulse_vv.jl | SLR-RFF-BRICK 39cedc0 | Ladrillo L27 (v1.2) | draws parameters_subsample_brick_mengel_L27.csv, 500/chain | paleo assignment :single (seed 20260920) | land-water anchor :zero_at_first_year | lws observed | climate MAGICC-SLR 600 members, vv_pulse_wide_20261009 | forcing spliced | tap true | pair seed 2026 | record conditioning: common draw set with the FaIR arm, dropped 2 of 2000 | pulse 0.01 GtCH4 at 2030 | cm rel 1995-2014 | julia 1.12.6"
2041,gis,0.00024816773230096345,0.00025917453573083755,1.7212855257223855e-6,0.00015326415417797888,0.00040171639477781795,"scope_slr_pulse_vv.jl | SLR-RFF-BRICK 39cedc0 | Ladrillo L27 (v1.2) | draws parameters_subsample_brick_mengel_L27.csv, 500/chain | paleo assignment :single (seed 20260920) | land-water anchor :zero_at_first_year | lws observed | climate MAGICC-SLR 600 members, vv_pulse_wide_20261009 | forcing spliced | tap true | pair seed 2026 | record conditioning: common draw set with the FaIR arm, dropped 2 of 2000 | pulse 0.01 GtCH4 at 2030 | cm rel 1995-2014 | julia 1.12.6"
2042,gis,0.00027157268999378203,0.00028449396697857976,1.9024536116717843e-6,0.0001673180094797555,0.00044329494169197397,"scope_slr_pulse_vv.jl | SLR-RFF-BRICK 39cedc0 | Ladrillo L27 (v1.2) | draws parameters_subsample_brick_mengel_L27.csv, 500/chain | paleo assignment :single (seed 20260920) | land-water anchor :zero_at_first_year | lws observed | climate MAGICC-SLR 600 members, vv_pulse_wide_20261009 | forcing spliced | tap true | pair seed 2026 | record conditioning: common draw set with the FaIR arm, dropped 2 of 2000 | pulse 0.01 GtCH4 at 2030 | cm rel 1995-2014 | julia 1.12.6"
2043,gis,0.00029393909273789376,0.0003084875993398171,2.074935903066883e-6,0.00018046441757815223,0.00048289267360566144,"scope_slr_pulse_vv.jl | SLR-RFF-BRICK 39cedc0 | Ladrillo L27 (v1.2) | draws parameters_subsample_brick_mengel_L27.csv, 500/chain | paleo assignment :single (seed 20260920) | land-water anchor :zero_at_first_year | lws observed | climate MAGICC-SLR 600 members, vv_pulse_wide_20261009 | forcing spliced | tap true | pair seed 2026 | record conditioning: common draw set with the FaIR arm, dropped 2 of 2000 | pulse 0.01 GtCH4 at 2030 | cm rel 1995-2014 | julia 1.12.6"
2044,gis,0.00031482026021700804,0.0003311875475061569,2.239030259696317e-6,0.00019413091732136678,0.0005199007622848305,"scope_slr_pulse_vv.jl | SLR-RFF-BRICK 39cedc0 | Ladrillo L27 (v1.2) | draws parameters_subsample_brick_mengel_L27.csv, 500/chain | paleo assignment :single (seed 20260920) | land-water anchor :zero_at_first_year | lws observed | climate MAGICC-SLR 600 members, vv_pulse_wide_20261009 | forcing spliced | tap true | pair seed 2026 | record conditioning: common draw set with the FaIR arm, dropped 2 of 2000 | pulse 0.01 GtCH4 at 2030 | cm rel 1995-2014 | julia 1.12.6"
2045,gis,0.0003348717851743288,0.0003526194367509123,2.3947753805862065e-6,0.00020736356724380123,0.0005549554799796574,"scope_slr_pulse_vv.jl | SLR-RFF-BRICK 39cedc0 | Ladrillo L27 (v1.2) | draws parameters_subsample_brick_mengel_L27.csv, 500/chain | paleo assignment :single (seed 20260920) | land-water anchor :zero_at_first_year | lws observed | climate MAGICC-SLR 600 members, vv_pulse_wide_20261009 | forcing spliced | tap true | pair seed 2026 | record conditioning: common draw set with the FaIR arm, dropped 2 of 2000 | pulse 0.01 GtCH4 at 2030 | cm rel 1995-2014 | julia 1.12.6"
2046,gis,0.00035438048902136643,0.0003728274081372419,2.5423411698264834e-6,0.0002189826162893649,0.000586053891963889,"scope_slr_pulse_vv.jl | SLR-RFF-BRICK 39cedc0 | Ladrillo L27 (v1.2) | draws parameters_subsample_brick_mengel_L27.csv, 500/chain | paleo assignment :single (seed 20260920) | land-water anchor :zero_at_first_year | lws observed | climate MAGICC-SLR 600 members, vv_pulse_wide_20261009 | forcing spliced | tap true | pair seed 2026 | record conditioning: common draw set with the FaIR arm, dropped 2 of 2000 | pulse 0.01 GtCH4 at 2030 | cm rel 1995-2014 | julia 1.12.6"
2047,gis,0.0003729118964415079,0.00039193729497842154,2.6821198405971977e-6,0.00022976375159831087,0.0006142495111453706,"scope_slr_pulse_vv.jl | SLR-RFF-BRICK 39cedc0 | Ladrillo L27 (v1.2) | draws parameters_subsample_brick_mengel_L27.csv, 500/chain | paleo assignment :single (seed 20260920) | land-water anchor :zero_at_first_year | lws observed | climate MAGICC-SLR 600 members, vv_pulse_wide_20261009 | forcing spliced | tap true | pair seed 2026 | record conditioning: common draw set with the FaIR arm, dropped 2 of 2000 | pulse 0.01 GtCH4 at 2030 | cm rel 1995-2014 | julia 1.12.6"
2048,gis,0.000390018849861562,0.000410036843472323,2.8145694504191094e-6,0.0002399300668449289,0.0006423236116939179,"scope_slr_pulse_vv.jl | SLR-RFF-BRICK 39cedc0 | Ladrillo L27 (v1.2) | draws parameters_subsample_brick_mengel_L27.csv, 500/chain | paleo assignment :single (seed 20260920) | land-water anchor :zero_at_first_year | lws observed | climate MAGICC-SLR 600 members, vv_pulse_wide_20261009 | forcing spliced | tap true | pair seed 2026 | record conditioning: common draw set with the FaIR arm, dropped 2 of 2000 | pulse 0.01 GtCH4 at 2030 | cm rel 1995-2014 | julia 1.12.6"
2049,gis,0.00040692376020512455,0.0004271679147183134,2.9397283647388346e-6,0.00024914599969467767,0.000668669427555546,"scope_slr_pulse_vv.jl | SLR-RFF-BRICK 39cedc0 | Ladrillo L27 (v1.2) | draws parameters_subsample_brick_mengel_L27.csv, 500/chain | paleo assignment :single (seed 20260920) | land-water anchor :zero_at_first_year | lws observed | climate MAGICC-SLR 600 members, vv_pulse_wide_20261009 | forcing spliced | tap true | pair seed 2026 | record conditioning: common draw set with the FaIR arm, dropped 2 of 2000 | pulse 0.01 GtCH4 at 2030 | cm rel 1995-2014 | julia 1.12.6"
2050,gis,0.00042246702668924385,0.0004433375503363442,3.0575580159495206e-6,0.00025829030562207755,0.0006923206406812098,"scope_slr_pulse_vv.jl | SLR-RFF-BRICK 39cedc0 | Ladrillo L27 (v1.2) | draws parameters_subsample_brick_mengel_L27.csv, 500/chain | paleo assignment :single (seed 20260920) | land-water anchor :zero_at_first_year | lws observed | climate MAGICC-SLR 600 members, vv_pulse_wide_20261009 | forcing spliced | tap true | pair seed 2026 | record conditioning: common draw set with the FaIR arm, dropped 2 of 2000 | pulse 0.01 GtCH4 at 2030 | cm rel 1995-2014 | julia 1.12.6"
2051,gis,0.0004375609658691104,0.0004585651018024156,3.168278803161894e-6,0.0002673089682816876,0.0007159792270634568,"scope_slr_pulse_vv.jl | SLR-RFF-BRICK 39cedc0 | Ladrillo L27 (v1.2) | draws parameters_subsample_brick_mengel_L27.csv, 500/chain | paleo assignment :single (seed 20260920) | land-water anchor :zero_at_first_year | lws observed | climate MAGICC-SLR 600 members, vv_pulse_wide_20261009 | forcing spliced | tap true | pair seed 2026 | record conditioning: common draw set with the FaIR arm, dropped 2 of 2000 | pulse 0.01 GtCH4 at 2030 | cm rel 1995-2014 | julia 1.12.6"
2052,gis,0.0004510710902909665,0.00047288728240502467,3.2722720925339687e-6,0.0002754665743870177,0.0007393296557593131,"scope_slr_pulse_vv.jl | SLR-RFF-BRICK 39cedc0 | Ladrillo L27 (v1.2) | draws parameters_subsample_brick_mengel_L27.csv, 500/chain | paleo assignment :single (seed 20260920) | land-water anchor :zero_at_first_year | lws observed | climate MAGICC-SLR 600 members, vv_pulse_wide_20261009 | forcing spliced | tap true | pair seed 2026 | record conditioning: common draw set with the FaIR arm, dropped 2 of 2000 | pulse 0.01 GtCH4 at 2030 | cm rel 1995-2014 | julia 1.12.6"
2053,gis,0.00046390951867447683,0.0004863404039255035,3.3700090151473267e-6,0.00028284320040130597,0.0007596961186463247,"scope_slr_pulse_vv.jl | SLR-RFF-BRICK 39cedc0 | Ladrillo L27 (v1.2) | draws parameters_subsample_brick_mengel_L27.csv, 500/chain | paleo assignment :single (seed 20260920) | land-water anchor :zero_at_first_year | lws observed | climate MAGICC-SLR 600 members, vv_pulse_wide_20261009 | forcing spliced | tap true | pair seed 2026 | record conditioning: common draw set with the FaIR arm, dropped 2 of 2000 | pulse 0.01 GtCH4 at 2030 | cm rel 1995-2014 | julia 1.12.6"
2054,gis,0.00047596456572929213,0.0004989800459179862,3.4618997944298317e-6,0.0002905057775733688,0.0007778266952422895,"scope_slr_pulse_vv.jl | SLR-RFF-BRICK 39cedc0 | Ladrillo L27 (v1.2) | draws parameters_subsample_brick_mengel_L27.csv, 500/chain | paleo assignment :single (seed 20260920) | land-water anchor :zero_at_first_year | lws observed | climate MAGICC-SLR 600 members, vv_pulse_wide_20261009 | forcing spliced | tap true | pair seed 2026 | record conditioning: common draw set with the FaIR arm, dropped 2 of 2000 | pulse 0.01 GtCH4 at 2030 | cm rel 1995-2014 | julia 1.12.6"
2055,gis,0.00048736343009192495,0.0005108055678337037,3.5445403971077206e-6,0.00029716421552246076,0.0007937479360117016,"scope_slr_pulse_vv.jl | SLR-RFF-BRICK 39cedc0 | Ladrillo L27 (v1.2) | draws parameters_subsample_brick_mengel_L27.csv, 500/chain | paleo assignment :single (seed 20260920) | land-water anchor :zero_at_first_year | lws observed | climate MAGICC-SLR 600 members, vv_pulse_wide_20261009 | forcing spliced | tap true | pair seed 2026 | record conditioning: common draw set with the FaIR arm, dropped 2 of 2000 | pulse 0.01 GtCH4 at 2030 | cm rel 1995-2014 | julia 1.12.6"
2056,gis,0.0004985363681901944,0.0005219711148503419,3.627202854453942e-6,0.00030436243467084627,0.0008097861967724994,"scope_slr_pulse_vv.jl | SLR-RFF-BRICK 39cedc0 | Ladrillo L27 (v1.2) | draws parameters_subsample_brick_mengel_L27.csv, 500/chain | paleo assignment :single (seed 20260920) | land-water anchor :zero_at_first_year | lws observed | climate MAGICC-SLR 600 members, vv_pulse_wide_20261009 | forcing spliced | tap true | pair seed 2026 | record conditioning: common draw set with the FaIR arm, dropped 2 of 2000 | pulse 0.01 GtCH4 at 2030 | cm rel 1995-2014 | julia 1.12.6"
2057,gis,0.0005086561578586668,0.0005324577071948767,3.706386277208208e-6,0.000309915405461858,0.0008259286539635368,"scope_slr_pulse_vv.jl | SLR-RFF-BRICK 39cedc0 | Ladrillo L27 (v1.2) | draws parameters_subsample_brick_mengel_L27.csv, 500/chain | paleo assignment :single (seed 20260920) | land-water anchor :zero_at_first_year | lws observed | climate MAGICC-SLR 600 members, vv_pulse_wide_20261009 | forcing spliced | tap true | pair seed 2026 | record conditioning: common draw set with the FaIR arm, dropped 2 of 2000 | pulse 0.01 GtCH4 at 2030 | cm rel 1995-2014 | julia 1.12.6"
2058,gis,0.0005185423682982915,0.000542244612422247,3.7796322892593284e-6,0.00031531245438345403,0.0008388539706377426,"scope_slr_pulse_vv.jl | SLR-RFF-BRICK 39cedc0 | Ladrillo L27 (v1.2) | draws parameters_subsample_brick_mengel_L27.csv, 500/chain | paleo assignment :single (seed 20260920) | land-water anchor :zero_at_first_year | lws observed | climate MAGICC-SLR 600 members, vv_pulse_wide_20261009 | forcing spliced | tap true | pair seed 2026 | record conditioning: common draw set with the FaIR arm, dropped 2 of 2000 | pulse 0.01 GtCH4 at 2030 | cm rel 1995-2014 | julia 1.12.6"
2059,gis,0.0005273921762292133,0.000551365924500565,3.847842889132506e-6,0.00032018324746827534,0.0008537988834830478,"scope_slr_pulse_vv.jl | SLR-RFF-BRICK 39cedc0 | Ladrillo L27 (v1.2) | draws parameters_subsample_brick_mengel_L27.csv, 500/chain | paleo assignment :single (seed 20260920) | land-water anchor :zero_at_first_year | lws observed | climate MAGICC-SLR 600 members, vv_pulse_wide_20261009 | forcing spliced | tap true | pair seed 2026 | record conditioning: common draw set with the FaIR arm, dropped 2 of 2000 | pulse 0.01 GtCH4 at 2030 | cm rel 1995-2014 | julia 1.12.6"
2060,gis,0.0005369421080416714,0.000559853303348397,3.911412336763372e-6,0.00032476500367613066,0.0008678815916782767,"scope_slr_pulse_vv.jl | SLR-RFF-BRICK 39cedc0 | Ladrillo L27 (v1.2) | draws parameters_subsample_brick_mengel_L27.csv, 500/chain | paleo assignment :single (seed 20260920) | land-water anchor :zero_at_first_year | lws observed | climate MAGICC-SLR 600 members, vv_pulse_wide_20261009 | forcing spliced | tap true | pair seed 2026 | record conditioning: common draw set with the FaIR arm, dropped 2 of 2000 | pulse 0.01 GtCH4 at 2030 | cm rel 1995-2014 | julia 1.12.6"
2061,gis,0.000545069956594979,0.0005677159461291529,3.9701734554865676e-6,0.0003294510224041147,0.0008781619868760688,"scope_slr_pulse_vv.jl | SLR-RFF-BRICK 39cedc0 | Ladrillo L27 (v1.2) | draws parameters_subsample_brick_mengel_L27.csv, 500/chain | paleo assignment :single (seed 20260920) | land-water anchor :zero_at_first_year | lws observed | climate MAGICC-SLR 600 members, vv_pulse_wide_20261009 | forcing spliced | tap true | pair seed 2026 | record conditioning: common draw set with the FaIR arm, dropped 2 of 2000 | pulse 0.01 GtCH4 at 2030 | cm rel 1995-2014 | julia 1.12.6"
2062,gis,0.0005518620163202925,0.000574891452398093,4.026527776887238e-6,0.0003343533354208894,0.0008911815514281329,"scope_slr_pulse_vv.jl | SLR-RFF-BRICK 39cedc0 | Ladrillo L27 (v1.2) | draws parameters_subsample_brick_mengel_L27.csv, 500/chain | paleo assignment :single (seed 20260920) | land-water anchor :zero_at_first_year | lws observed | climate MAGICC-SLR 600 members, vv_pulse_wide_20261009 | forcing spliced | tap true | pair seed 2026 | record conditioning: common draw set with the FaIR arm, dropped 2 of 2000 | pulse 0.01 GtCH4 at 2030 | cm rel 1995-2014 | julia 1.12.6"
2063,gis,0.0005586620924207253,0.0005816426644176952,4.076708830470896e-6,0.0003371709398098055,0.0009032861799195045,"scope_slr_pulse_vv.jl | SLR-RFF-BRICK 39cedc0 | Ladrillo L27 (v1.2) | draws parameters_subsample_brick_mengel_L27.csv, 500/chain | paleo assignment :single (seed 20260920) | land-water anchor :zero_at_first_year | lws observed | climate MAGICC-SLR 600 members, vv_pulse_wide_20261009 | forcing spliced | tap true | pair seed 2026 | record conditioning: common draw set with the FaIR arm, dropped 2 of 2000 | pulse 0.01 GtCH4 at 2030 | cm rel 1995-2014 | julia 1.12.6"
2064,gis,0.0005643239508978937,0.0005879073149770619,4.124576330628889e-6,0.0003412337394054887,0.0009137262131747368,"scope_slr_pulse_vv.jl | SLR-RFF-BRICK 39cedc0 | Ladrillo L27 (v1.2) | draws parameters_subsample_brick_mengel_L27.csv, 500/chain | paleo assignment :single (seed 20260920) | land-water anchor :zero_at_first_year | lws observed | climate MAGICC-SLR 600 members, vv_pulse_wide_20261009 | forcing spliced | tap true | pair seed 2026 | record conditioning: common draw set with the FaIR arm, dropped 2 of 2000 | pulse 0.01 GtCH4 at 2030 | cm rel 1995-2014 | julia 1.12.6"
2065,gis,0.0005695494049398064,0.0005936752673566025,4.169631141562722e-6,0.0003446347973588004,0.0009233618664223007,"scope_slr_pulse_vv.jl | SLR-RFF-BRICK 39cedc0 | Ladrillo L27 (v1.2) | draws parameters_subsample_brick_mengel_L27.csv, 500/chain | paleo assignment :single (seed 20260920) | land-water anchor :zero_at_first_year | lws observed | climate MAGICC-SLR 600 members, vv_pulse_wide_20261009 | forcing spliced | tap true | pair seed 2026 | record conditioning: common draw set with the FaIR arm, dropped 2 of 2000 | pulse 0.01 GtCH4 at 2030 | cm rel 1995-2014 | julia 1.12.6"
2066,gis,0.0005744256728190678,0.0005989981854881728,4.213197525849364e-6,0.0003460175929534515,0.0009337305263084516,"scope_slr_pulse_vv.jl | SLR-RFF-BRICK 39cedc0 | Ladrillo L27 (v1.2) | draws parameters_subsample_brick_mengel_L27.csv, 500/chain | paleo assignment :single (seed 20260920) | land-water anchor :zero_at_first_year | lws observed | climate MAGICC-SLR 600 members, vv_pulse_wide_20261009 | forcing spliced | tap true | pair seed 2026 | record conditioning: common draw set with the FaIR arm, dropped 2 of 2000 | pulse 0.01 GtCH4 at 2030 | cm rel 1995-2014 | julia 1.12.6"
2067,gis,0.0005790754082335425,0.000603896011228215,4.2559027150141395e-6,0.00034825014058395,0.000942881634261816,"scope_slr_pulse_vv.jl | SLR-RFF-BRICK 39cedc0 | Ladrillo L27 (v1.2) | draws parameters_subsample_brick_mengel_L27.csv, 500/chain | paleo assignment :single (seed 20260920) | land-water anchor :zero_at_first_year | lws observed | climate MAGICC-SLR 600 members, vv_pulse_wide_20261009 | forcing spliced | tap true | pair seed 2026 | record conditioning: common draw set with the FaIR arm, dropped 2 of 2000 | pulse 0.01 GtCH4 at 2030 | cm rel 1995-2014 | julia 1.12.6"
2068,gis,0.0005833353336424096,0.000608387659112833,4.29662139220379e-6,0.00035086573459297554,0.000950496614945706,"scope_slr_pulse_vv.jl | SLR-RFF-BRICK 39cedc0 | Ladrillo L27 (v1.2) | draws parameters_subsample_brick_mengel_L27.csv, 500/chain | paleo assignment :single (seed 20260920) | land-water anchor :zero_at_first_year | lws observed | climate MAGICC-SLR 600 members, vv_pulse_wide_20261009 | forcing spliced | tap true | pair seed 2026 | record conditioning: common draw set with the FaIR arm, dropped 2 of 2000 | pulse 0.01 GtCH4 at 2030 | cm rel 1995-2014 | julia 1.12.6"
2069,gis,0.0005871180514205321,0.0006124923972790122,4.335416975667931e-6,0.00035391760344154476,0.0009554909297368572,"scope_slr_pulse_vv.jl | SLR-RFF-BRICK 39cedc0 | Ladrillo L27 (v1.2) | draws parameters_subsample_brick_mengel_L27.csv, 500/chain | paleo assignment :single (seed 20260920) | land-water anchor :zero_at_first_year | lws observed | climate MAGICC-SLR 600 members, vv_pulse_wide_20261009 | forcing spliced | tap true | pair seed 2026 | record conditioning: common draw set with the FaIR arm, dropped 2 of 2000 | pulse 0.01 GtCH4 at 2030 | cm rel 1995-2014 | julia 1.12.6"
2070,gis,0.0005901584534342419,0.0006162397305267991,4.372754661025834e-6,0.0003561676789487933,0.000962531681069123,"scope_slr_pulse_vv.jl | SLR-RFF-BRICK 39cedc0 | Ladrillo L27 (v1.2) | draws parameters_subsample_brick_mengel_L27.csv, 500/chain | paleo assignment :single (seed 20260920) | land-water anchor :zero_at_first_year | lws observed | climate MAGICC-SLR 600 members, vv_pulse_wide_20261009 | forcing spliced | tap true | pair seed 2026 | record conditioning: common draw set with the FaIR arm, dropped 2 of 2000 | pulse 0.01 GtCH4 at 2030 | cm rel 1995-2014 | julia 1.12.6"
2071,gis,0.0005930721825944119,0.0006196294296737956,4.408413193304916e-6,0.0003570610740450064,0.000969351757325576,"scope_slr_pulse_vv.jl | SLR-RFF-BRICK 39cedc0 | Ladrillo L27 (v1.2) | draws parameters_subsample_brick_mengel_L27.csv, 500/chain | paleo assignment :single (seed 20260920) | land-water anchor :zero_at_first_year | lws observed | climate MAGICC-SLR 600 members, vv_pulse_wide_20261009 | forcing spliced | tap true | pair seed 2026 | record conditioning: common draw set with the FaIR arm, dropped 2 of 2000 | pulse 0.01 GtCH4 at 2030 | cm rel 1995-2014 | julia 1.12.6"
2072,gis,0.0005957948377810496,0.000622674883123829,4.441967549451174e-6,0.00035918290549679104,0.000972328458845428,"scope_slr_pulse_vv.jl | SLR-RFF-BRICK 39cedc0 | Ladrillo L27 (v1.2) | draws parameters_subsample_brick_mengel_L27.csv, 500/chain | paleo assignment :single (seed 20260920) | land-water anchor :zero_at_first_year | lws observed | climate MAGICC-SLR 600 members, vv_pulse_wide_20261009 | forcing spliced | tap true | pair seed 2026 | record conditioning: common draw set with the FaIR arm, dropped 2 of 2000 | pulse 0.01 GtCH4 at 2030 | cm rel 1995-2014 | julia 1.12.6"
2073,gis,0.0005984019393565632,0.0006254066437622778,4.474283900666721e-6,0.00036109274655133917,0.0009767403411077953,"scope_slr_pulse_vv.jl | SLR-RFF-BRICK 39cedc0 | Ladrillo L27 (v1.2) | draws parameters_subsample_brick_mengel_L27.csv, 500/chain | paleo assignment :single (seed 20260920) | land-water anchor :zero_at_first_year | lws observed | climate MAGICC-SLR 600 members, vv_pulse_wide_20261009 | forcing spliced | tap true | pair seed 2026 | record conditioning: common draw set with the FaIR arm, dropped 2 of 2000 | pulse 0.01 GtCH4 at 2030 | cm rel 1995-2014 | julia 1.12.6"
2074,gis,0.0006009047031811932,0.0006278385660719637,4.50491133292667e-6,0.0003627498585722755,0.0009817038863777939,"scope_slr_pulse_vv.jl | SLR-RFF-BRICK 39cedc0 | Ladrillo L27 (v1.2) | draws parameters_subsample_brick_mengel_L27.csv, 500/chain | paleo assignment :single (seed 20260920) | land-water anchor :zero_at_first_year | lws observed | climate MAGICC-SLR 600 members, vv_pulse_wide_20261009 | forcing spliced | tap true | pair seed 2026 | record conditioning: common draw set with the FaIR arm, dropped 2 of 2000 | pulse 0.01 GtCH4 at 2030 | cm rel 1995-2014 | julia 1.12.6"
2075,gis,0.0006039200727032679,0.0006299765358072817,4.533550945800197e-6,0.00036280000779109756,0.0009864948400815975,"scope_slr_pulse_vv.jl | SLR-RFF-BRICK 39cedc0 | Ladrillo L27 (v1.2) | draws parameters_subsample_brick_mengel_L27.csv, 500/chain | paleo assignment :single (seed 20260920) | land-water anchor :zero_at_first_year | lws observed | climate MAGICC-SLR 600 members, vv_pulse_wide_20261009 | forcing spliced | tap true | pair seed 2026 | record conditioning: common draw set with the FaIR arm, dropped 2 of 2000 | pulse 0.01 GtCH4 at 2030 | cm rel 1995-2014 | julia 1.12.6"
2076,gis,0.0006053912911268,0.0006318685960026722,4.561484009238524e-6,0.0003634345540247885,0.000991275664483826,"scope_slr_pulse_vv.jl | SLR-RFF-BRICK 39cedc0 | Ladrillo L27 (v1.2) | draws parameters_subsample_brick_mengel_L27.csv, 500/chain | paleo assignment :single (seed 20260920) | land-water anchor :zero_at_first_year | lws observed | climate MAGICC-SLR 600 members, vv_pulse_wide_20261009 | forcing spliced | tap true | pair seed 2026 | record conditioning: common draw set with the FaIR arm, dropped 2 of 2000 | pulse 0.01 GtCH4 at 2030 | cm rel 1995-2014 | julia 1.12.6"
2077,gis,0.0006068943934058879,0.0006335153208519278,4.588397109072418e-6,0.00036337530115329033,0.000994571967261848,"scope_slr_pulse_vv.jl | SLR-RFF-BRICK 39cedc0 | Ladrillo L27 (v1.2) | draws parameters_subsample_brick_mengel_L27.csv, 500/chain | paleo assignment :single (seed 20260920) | land-water anchor :zero_at_first_year | lws observed | climate MAGICC-SLR 600 members, vv_pulse_wide_20261009 | forcing spliced | tap true | pair seed 2026 | record conditioning: common draw set with the FaIR arm, dropped 2 of 2000 | pulse 0.01 GtCH4 at 2030 | cm rel 1995-2014 | julia 1.12.6"
2078,gis,0.0006079687581079796,0.000634925228497118,4.613821910997079e-6,0.00036419839499952645,0.000997955498504588,"scope_slr_pulse_vv.jl | SLR-RFF-BRICK 39cedc0 | Ladrillo L27 (v1.2) | draws parameters_subsample_brick_mengel_L27.csv, 500/chain | paleo assignment :single (seed 20260920) | land-water anchor :zero_at_first_year | lws observed | climate MAGICC-SLR 600 members, vv_pulse_wide_20261009 | forcing spliced | tap true | pair seed 2026 | record conditioning: common draw set with the FaIR arm, dropped 2 of 2000 | pulse 0.01 GtCH4 at 2030 | cm rel 1995-2014 | julia 1.12.6"
2079,gis,0.0006089381500533619,0.0006361352176958386,4.6388630733537234e-6,0.0003648341267225241,0.000998728579354768,"scope_slr_pulse_vv.jl | SLR-RFF-BRICK 39cedc0 | Ladrillo L27 (v1.2) | draws parameters_subsample_brick_mengel_L27.csv, 500/chain | paleo assignment :single (seed 20260920) | land-water anchor :zero_at_first_year | lws observed | climate MAGICC-SLR 600 members, vv_pulse_wide_20261009 | forcing spliced | tap true | pair seed 2026 | record conditioning: common draw set with the FaIR arm, dropped 2 of 2000 | pulse 0.01 GtCH4 at 2030 | cm rel 1995-2014 | julia 1.12.6"
2080,gis,0.0006102795980700293,0.0006371518388562841,4.6629434820517984e-6,0.0003646115221444646,0.000998790769840418,"scope_slr_pulse_vv.jl | SLR-RFF-BRICK 39cedc0 | Ladrillo L27 (v1.2) | draws parameters_subsample_brick_mengel_L27.csv, 500/chain | paleo assignment :single (seed 20260920) | land-water anchor :zero_at_first_year | lws observed | climate MAGICC-SLR 600 members, vv_pulse_wide_20261009 | forcing spliced | tap true | pair seed 2026 | record conditioning: common draw set with the FaIR arm, dropped 2 of 2000 | pulse 0.01 GtCH4 at 2030 | cm rel 1995-2014 | julia 1.12.6"
2081,gis,0.0006115602925929053,0.0006379764012046146,4.685834021584776e-6,0.0003646148473468003,0.001005162718632757,"scope_slr_pulse_vv.jl | SLR-RFF-BRICK 39cedc0 | Ladrillo L27 (v1.2) | draws parameters_subsample_brick_mengel_L27.csv, 500/chain | paleo assignment :single (seed 20260920) | land-water anchor :zero_at_first_year | lws observed | climate MAGICC-SLR 600 members, vv_pulse_wide_20261009 | forcing spliced | tap true | pair seed 2026 | record conditioning: common draw set with the FaIR arm, dropped 2 of 2000 | pulse 0.01 GtCH4 at 2030 | cm rel 1995-2014 | julia 1.12.6"
2082,gis,0.0006122896986129334,0.0006386096064875108,4.707704839196369e-6,0.0003645455768911177,0.0010067368428515518,"scope_slr_pulse_vv.jl | SLR-RFF-BRICK 39cedc0 | Ladrillo L27 (v1.2) | draws parameters_subsample_brick_mengel_L27.csv, 500/chain | paleo assignment :single (seed 20260920) | land-water anchor :zero_at_first_year | lws observed | climate MAGICC-SLR 600 members, vv_pulse_wide_20261009 | forcing spliced | tap true | pair seed 2026 | record conditioning: common draw set with the FaIR arm, dropped 2 of 2000 | pulse 0.01 GtCH4 at 2030 | cm rel 1995-2014 | julia 1.12.6"
2083,gis,0.0006122934627192933,0.0006390819850970098,4.728928506915056e-6,0.0003638624627217091,0.001009162738912916,"scope_slr_pulse_vv.jl | SLR-RFF-BRICK 39cedc0 | Ladrillo L27 (v1.2) | draws parameters_subsample_brick_mengel_L27.csv, 500/chain | paleo assignment :single (seed 20260920) | land-water anchor :zero_at_first_year | lws observed | climate MAGICC-SLR 600 members, vv_pulse_wide_20261009 | forcing spliced | tap true | pair seed 2026 | record conditioning: common draw set with the FaIR arm, dropped 2 of 2000 | pulse 0.01 GtCH4 at 2030 | cm rel 1995-2014 | julia 1.12.6"
2084,gis,0.0006125111538866079,0.0006394040993019824,4.7496233715464646e-6,0.00036365092719465865,0.0010127031706805842,"scope_slr_pulse_vv.jl | SLR-RFF-BRICK 39cedc0 | Ladrillo L27 (v1.2) | draws parameters_subsample_brick_mengel_L27.csv, 500/chain | paleo assignment :single (seed 20260920) | land-water anchor :zero_at_first_year | lws observed | climate MAGICC-SLR 600 members, vv_pulse_wide_20261009 | forcing spliced | tap true | pair seed 2026 | record conditioning: common draw set with the FaIR arm, dropped 2 of 2000 | pulse 0.01 GtCH4 at 2030 | cm rel 1995-2014 | julia 1.12.6"
2085,gis,0.0006115047533787887,0.0006395899386887295,4.769736687394007e-6,0.0003634509167442346,0.0010134529544706613,"scope_slr_pulse_vv.jl | SLR-RFF-BRICK 39cedc0 | Ladrillo L27 (v1.2) | draws parameters_subsample_brick_mengel_L27.csv, 500/chain | paleo assignment :single (seed 20260920) | land-water anchor :zero_at_first_year | lws observed | climate MAGICC-SLR 600 members, vv_pulse_wide_20261009 | forcing spliced | tap true | pair seed 2026 | record conditioning: common draw set with the FaIR arm, dropped 2 of 2000 | pulse 0.01 GtCH4 at 2030 | cm rel 1995-2014 | julia 1.12.6"
2086,gis,0.0006108558451076718,0.0006396431323480691,4.789196901913329e-6,0.0003627017262935794,0.0010169616598018293,"scope_slr_pulse_vv.jl | SLR-RFF-BRICK 39cedc0 | Ladrillo L27 (v1.2) | draws parameters_subsample_brick_mengel_L27.csv, 500/chain | paleo assignment :single (seed 20260920) | land-water anchor :zero_at_first_year | lws observed | climate MAGICC-SLR 600 members, vv_pulse_wide_20261009 | forcing spliced | tap true | pair seed 2026 | record conditioning: common draw set with the FaIR arm, dropped 2 of 2000 | pulse 0.01 GtCH4 at 2030 | cm rel 1995-2014 | julia 1.12.6"
2087,gis,0.0006104802029973655,0.0006395463681893947,4.807558473450874e-6,0.0003618851216275587,0.001020348441236507,"scope_slr_pulse_vv.jl | SLR-RFF-BRICK 39cedc0 | Ladrillo L27 (v1.2) | draws parameters_subsample_brick_mengel_L27.csv, 500/chain | paleo assignment :single (seed 20260920) | land-water anchor :zero_at_first_year | lws observed | climate MAGICC-SLR 600 members, vv_pulse_wide_20261009 | forcing spliced | tap true | pair seed 2026 | record conditioning: common draw set with the FaIR arm, dropped 2 of 2000 | pulse 0.01 GtCH4 at 2030 | cm rel 1995-2014 | julia 1.12.6"
2088,gis,0.0006095800010834651,0.0006393228153238115,4.825167354406841e-6,0.0003603418430318861,0.0010246841846192289,"scope_slr_pulse_vv.jl | SLR-RFF-BRICK 39cedc0 | Ladrillo L27 (v1.2) | draws parameters_subsample_brick_mengel_L27.csv, 500/chain | paleo assignment :single (seed 20260920) | land-water anchor :zero_at_first_year | lws observed | climate MAGICC-SLR 600 members, vv_pulse_wide_20261009 | forcing spliced | tap true | pair seed 2026 | record conditioning: common draw set with the FaIR arm, dropped 2 of 2000 | pulse 0.01 GtCH4 at 2030 | cm rel 1995-2014 | julia 1.12.6"
2089,gis,0.0006086730201584345,0.0006389783038073686,4.842016298159604e-6,0.00036006043165333064,0.0010262678192992424,"scope_slr_pulse_vv.jl | SLR-RFF-BRICK 39cedc0 | Ladrillo L27 (v1.2) | draws parameters_subsample_brick_mengel_L27.csv, 500/chain | paleo assignment :single (seed 20260920) | land-water anchor :zero_at_first_year | lws observed | climate MAGICC-SLR 600 members, vv_pulse_wide_20261009 | forcing spliced | tap true | pair seed 2026 | record conditioning: common draw set with the FaIR arm, dropped 2 of 2000 | pulse 0.01 GtCH4 at 2030 | cm rel 1995-2014 | julia 1.12.6"
2090,gis,0.0006088245845923268,0.0006385349997586331,4.858107732554335e-6,0.00035829615950913054,0.0010261699156314916,"scope_slr_pulse_vv.jl | SLR-RFF-BRICK 39cedc0 | Ladrillo L27 (v1.2) | draws parameters_subsample_brick_mengel_L27.csv, 500/chain | paleo assignment :single (seed 20260920) | land-water anchor :zero_at_first_year | lws observed | climate MAGICC-SLR 600 members, vv_pulse_wide_20261009 | forcing spliced | tap true | pair seed 2026 | record conditioning: common draw set with the FaIR arm, dropped 2 of 2000 | pulse 0.01 GtCH4 at 2030 | cm rel 1995-2014 | julia 1.12.6"
2091,gis,0.0006065927881522271,0.0006380052471532851,4.873610216863057e-6,0.00035748524640446535,0.0010283917960768995,"scope_slr_pulse_vv.jl | SLR-RFF-BRICK 39cedc0 | Ladrillo L27 (v1.2) | draws parameters_subsample_brick_mengel_L27.csv, 500/chain | paleo assignment :single (seed 20260920) | land-water anchor :zero_at_first_year | lws observed | climate MAGICC-SLR 600 members, vv_pulse_wide_20261009 | forcing spliced | tap true | pair seed 2026 | record conditioning: common draw set with the FaIR arm, dropped 2 of 2000 | pulse 0.01 GtCH4 at 2030 | cm rel 1995-2014 | julia 1.12.6"
2092,gis,0.0006054772091168559,0.0006373834599761558,4.888760764168792e-6,0.00035611847588601364,0.0010290436079992914,"scope_slr_pulse_vv.jl | SLR-RFF-BRICK 39cedc0 | Ladrillo L27 (v1.2) | draws parameters_subsample_brick_mengel_L27.csv, 500/chain | paleo assignment :single (seed 20260920) | land-water anchor :zero_at_first_year | lws observed | climate MAGICC-SLR 600 members, vv_pulse_wide_20261009 | forcing spliced | tap true | pair seed 2026 | record conditioning: common draw set with the FaIR arm, dropped 2 of 2000 | pulse 0.01 GtCH4 at 2030 | cm rel 1995-2014 | julia 1.12.6"
2093,gis,0.0006047158191844204,0.0006366665904147871,4.9031455766595725e-6,0.00035580413453146776,0.0010303001725281646,"scope_slr_pulse_vv.jl | SLR-RFF-BRICK 39cedc0 | Ladrillo L27 (v1.2) | draws parameters_subsample_brick_mengel_L27.csv, 500/chain | paleo assignment :single (seed 20260920) | land-water anchor :zero_at_first_year | lws observed | climate MAGICC-SLR 600 members, vv_pulse_wide_20261009 | forcing spliced | tap true | pair seed 2026 | record conditioning: common draw set with the FaIR arm, dropped 2 of 2000 | pulse 0.01 GtCH4 at 2030 | cm rel 1995-2014 | julia 1.12.6"
2094,gis,0.0006039663639452186,0.0006358847021687163,4.9169412587586025e-6,0.00035406636800283664,0.001033115348716862,"scope_slr_pulse_vv.jl | SLR-RFF-BRICK 39cedc0 | Ladrillo L27 (v1.2) | draws parameters_subsample_brick_mengel_L27.csv, 500/chain | paleo assignment :single (seed 20260920) | land-water anchor :zero_at_first_year | lws observed | climate MAGICC-SLR 600 members, vv_pulse_wide_20261009 | forcing spliced | tap true | pair seed 2026 | record conditioning: common draw set with the FaIR arm, dropped 2 of 2000 | pulse 0.01 GtCH4 at 2030 | cm rel 1995-2014 | julia 1.12.6"
2095,gis,0.0006024035106104719,0.0006350269840583688,4.929955216935348e-6,0.0003538992407810859,0.0010364876126867982,"scope_slr_pulse_vv.jl | SLR-RFF-BRICK 39cedc0 | Ladrillo L27 (v1.2) | draws parameters_subsample_brick_mengel_L27.csv, 500/chain | paleo assignment :single (seed 20260920) | land-water anchor :zero_at_first_year | lws observed | climate MAGICC-SLR 600 members, vv_pulse_wide_20261009 | forcing spliced | tap true | pair seed 2026 | record conditioning: common draw set with the FaIR arm, dropped 2 of 2000 | pulse 0.01 GtCH4 at 2030 | cm rel 1995-2014 | julia 1.12.6"
2096,gis,0.0006013843362584481,0.000634088558924495,4.942337284111495e-6,0.0003518046034733047,0.0010380376694887337,"scope_slr_pulse_vv.jl | SLR-RFF-BRICK 39cedc0 | Ladrillo L27 (v1.2) | draws parameters_subsample_brick_mengel_L27.csv, 500/chain | paleo assignment :single (seed 20260920) | land-water anchor :zero_at_first_year | lws observed | climate MAGICC-SLR 600 members, vv_pulse_wide_20261009 | forcing spliced | tap true | pair seed 2026 | record conditioning: common draw set with the FaIR arm, dropped 2 of 2000 | pulse 0.01 GtCH4 at 2030 | cm rel 1995-2014 | julia 1.12.6"
2097,gis,0.0006005672465558831,0.0006330772041213479,4.954221442462915e-6,0.00035026740315799996,0.0010383706300206796,"scope_slr_pulse_vv.jl | SLR-RFF-BRICK 39cedc0 | Ladrillo L27 (v1.2) | draws parameters_subsample_brick_mengel_L27.csv, 500/chain | paleo assignment :single (seed 20260920) | land-water anchor :zero_at_first_year | lws observed | climate MAGICC-SLR 600 members, vv_pulse_wide_20261009 | forcing spliced | tap true | pair seed 2026 | record conditioning: common draw set with the FaIR arm, dropped 2 of 2000 | pulse 0.01 GtCH4 at 2030 | cm rel 1995-2014 | julia 1.12.6"
2098,gis,0.0005998134338449645,0.0006320024899630911,4.965520882504659e-6,0.0003493684868982605,0.001037909290396399,"scope_slr_pulse_vv.jl | SLR-RFF-BRICK 39cedc0 | Ladrillo L27 (v1.2) | draws parameters_subsample_brick_mengel_L27.csv, 500/chain | paleo assignment :single (seed 20260920) | land-water anchor :zero_at_first_year | lws observed | climate MAGICC-SLR 600 members, vv_pulse_wide_20261009 | forcing spliced | tap true | pair seed 2026 | record conditioning: common draw set with the FaIR arm, dropped 2 of 2000 | pulse 0.01 GtCH4 at 2030 | cm rel 1995-2014 | julia 1.12.6"
2099,gis,0.0005986393009544955,0.0006308772838704171,4.976211508431588e-6,0.0003478498601134916,0.0010364077712816657,"scope_slr_pulse_vv.jl | SLR-RFF-BRICK 39cedc0 | Ladrillo L27 (v1.2) | draws parameters_subsample_brick_mengel_L27.csv, 500/chain | paleo assignment :single (seed 20260920) | land-water anchor :zero_at_first_year | lws observed | climate MAGICC-SLR 600 members, vv_pulse_wide_20261009 | forcing spliced | tap true | pair seed 2026 | record conditioning: common draw set with the FaIR arm, dropped 2 of 2000 | pulse 0.01 GtCH4 at 2030 | cm rel 1995-2014 | julia 1.12.6"
2100,gis,0.0005980440623964967,0.000629702617652102,4.986295809054714e-6,0.0003466772843547794,0.0010381637717559395,"scope_slr_pulse_vv.jl | SLR-RFF-BRICK 39cedc0 | Ladrillo L27 (v1.2) | draws parameters_subsample_brick_mengel_L27.csv, 500/chain | paleo assignment :single (seed 20260920) | land-water anchor :zero_at_first_year | lws observed | climate MAGICC-SLR 600 members, vv_pulse_wide_20261009 | forcing spliced | tap true | pair seed 2026 | record conditioning: common draw set with the FaIR arm, dropped 2 of 2000 | pulse 0.01 GtCH4 at 2030 | cm rel 1995-2014 | julia 1.12.6"
2101,gis,0.0005959254131884251,0.0006284730642877025,4.995811746195717e-6,0.0003453728872413464,0.001040837784371451,"scope_slr_pulse_vv.jl | SLR-RFF-BRICK 39cedc0 | Ladrillo L27 (v1.2) | draws parameters_subsample_brick_mengel_L27.csv, 500/chain | paleo assignment :single (seed 20260920) | land-water anchor :zero_at_first_year | lws observed | climate MAGICC-SLR 600 members, vv_pulse_wide_20261009 | forcing spliced | tap true | pair seed 2026 | record conditioning: common draw set with the FaIR arm, dropped 2 of 2000 | pulse 0.01 GtCH4 at 2030 | cm rel 1995-2014 | julia 1.12.6"
2102,gis,0.0005943636258303187,0.0006271974690408344,5.004924585920342e-6,0.0003443392820640767,0.001039420134571944,"scope_slr_pulse_vv.jl | SLR-RFF-BRICK 39cedc0 | Ladrillo L27 (v1.2) | draws parameters_subsample_brick_mengel_L27.csv, 500/chain | paleo assignment :single (seed 20260920) | land-water anchor :zero_at_first_year | lws observed | climate MAGICC-SLR 600 members, vv_pulse_wide_20261009 | forcing spliced | tap true | pair seed 2026 | record conditioning: common draw set with the FaIR arm, dropped 2 of 2000 | pulse 0.01 GtCH4 at 2030 | cm rel 1995-2014 | julia 1.12.6"
2103,gis,0.0005929013630403546,0.0006258816717835535,5.0135108932145526e-6,0.0003430039799515505,0.0010371369128565169,"scope_slr_pulse_vv.jl | SLR-RFF-BRICK 39cedc0 | Ladrillo L27 (v1.2) | draws parameters_subsample_brick_mengel_L27.csv, 500/chain | paleo assignment :single (seed 20260920) | land-water anchor :zero_at_first_year | lws observed | climate MAGICC-SLR 600 members, vv_pulse_wide_20261009 | forcing spliced | tap true | pair seed 2026 | record conditioning: common draw set with the FaIR arm, dropped 2 of 2000 | pulse 0.01 GtCH4 at 2030 | cm rel 1995-2014 | julia 1.12.6"
2104,gis,0.0005908267362979558,0.0006244271955078776,5.020796847254507e-6,0.0003411679312920413,0.0010382708265954214,"scope_slr_pulse_vv.jl | SLR-RFF-BRICK 39cedc0 | Ladrillo L27 (v1.2) | draws parameters_subsample_brick_mengel_L27.csv, 500/chain | paleo assignment :single (seed 20260920) | land-water anchor :zero_at_first_year | lws observed | climate MAGICC-SLR 600 members, vv_pulse_wide_20261009 | forcing spliced | tap true | pair seed 2026 | record conditioning: common draw set with the FaIR arm, dropped 2 of 2000 | pulse 0.01 GtCH4 at 2030 | cm rel 1995-2014 | julia 1.12.6"
2105,gis,0.000589819226831878,0.0006230903292586015,5.02903448184716e-6,0.00033835708382312646,0.0010400835736554365,"scope_slr_pulse_vv.jl | SLR-RFF-BRICK 39cedc0 | Ladrillo L27 (v1.2) | draws parameters_subsample_brick_mengel_L27.csv, 500/chain | paleo assignment :single (seed 20260920) | land-water anchor :zero_at_first_year | lws observed | climate MAGICC-SLR 600 members, vv_pulse_wide_20261009 | forcing spliced | tap true | pair seed 2026 | record conditioning: common draw set with the FaIR arm, dropped 2 of 2000 | pulse 0.01 GtCH4 at 2030 | cm rel 1995-2014 | julia 1.12.6"
2106,gis,0.0005883566582287614,0.0006217071509666486,5.036976432712052e-6,0.0003353690113186758,0.0010423668486378545,"scope_slr_pulse_vv.jl | SLR-RFF-BRICK 39cedc0 | Ladrillo L27 (v1.2) | draws parameters_subsample_brick_mengel_L27.csv, 500/chain | paleo assignment :single (seed 20260920) | land-water anchor :zero_at_first_year | lws observed | climate MAGICC-SLR 600 members, vv_pulse_wide_20261009 | forcing spliced | tap true | pair seed 2026 | record conditioning: common draw set with the FaIR arm, dropped 2 of 2000 | pulse 0.01 GtCH4 at 2030 | cm rel 1995-2014 | julia 1.12.6"
2107,gis,0.0005866781716798997,0.0006202756219293012,5.044490745765774e-6,0.00033538836616839877,0.0010434206844669447,"scope_slr_pulse_vv.jl | SLR-RFF-BRICK 39cedc0 | Ladrillo L27 (v1.2) | draws parameters_subsample_brick_mengel_L27.csv, 500/chain | paleo assignment :single (seed 20260920) | land-water anchor :zero_at_first_year | lws observed | climate MAGICC-SLR 600 members, vv_pulse_wide_20261009 | forcing spliced | tap true | pair seed 2026 | record conditioning: common draw set with the FaIR arm, dropped 2 of 2000 | pulse 0.01 GtCH4 at 2030 | cm rel 1995-2014 | julia 1.12.6"
2108,gis,0.0005846450239834766,0.0006188108767583453,5.051470199607734e-6,0.00033541355694586276,0.001042622858554942,"scope_slr_pulse_vv.jl | SLR-RFF-BRICK 39cedc0 | Ladrillo L27 (v1.2) | draws parameters_subsample_brick_mengel_L27.csv, 500/chain | paleo assignment :single (seed 20260920) | land-water anchor :zero_at_first_year | lws observed | climate MAGICC-SLR 600 members, vv_pulse_wide_20261009 | forcing spliced | tap true | pair seed 2026 | record conditioning: common draw set with the FaIR arm, dropped 2 of 2000 | pulse 0.01 GtCH4 at 2030 | cm rel 1995-2014 | julia 1.12.6"
2109,gis,0.0005827041323973603,0.0006173053213748817,5.058082998703443e-6,0.0003337330380682069,0.0010417728173155892,"scope_slr_pulse_vv.jl | SLR-RFF-BRICK 39cedc0 | Ladrillo L27 (v1.2) | draws parameters_subsample_brick_mengel_L27.csv, 500/chain | paleo assignment :single (seed 20260920) | land-water anchor :zero_at_first_year | lws observed | climate MAGICC-SLR 600 members, vv_pulse_wide_20261009 | forcing spliced | tap true | pair seed 2026 | record conditioning: common draw set with the FaIR arm, dropped 2 of 2000 | pulse 0.01 GtCH4 at 2030 | cm rel 1995-2014 | julia 1.12.6"
2110,gis,0.0005808758182457296,0.0006157723590545395,5.064298941432997e-6,0.00033153136634238577,0.0010411775590352332,"scope_slr_pulse_vv.jl | SLR-RFF-BRICK 39cedc0 | Ladrillo L27 (v1.2) | draws parameters_subsample_brick_mengel_L27.csv, 500/chain | paleo assignment :single (seed 20260920) | land-water anchor :zero_at_first_year | lws observed | climate MAGICC-SLR 600 members, vv_pulse_wide_20261009 | forcing spliced | tap true | pair seed 2026 | record conditioning: common draw set with the FaIR arm, dropped 2 of 2000 | pulse 0.01 GtCH4 at 2030 | cm rel 1995-2014 | julia 1.12.6"
2111,gis,0.0005777555171544435,0.0006142207700691196,5.070051328150073e-6,0.00032931858197038366,0.0010406193695208894,"scope_slr_pulse_vv.jl | SLR-RFF-BRICK 39cedc0 | Ladrillo L27 (v1.2) | draws parameters_subsample_brick_mengel_L27.csv, 500/chain | paleo assignment :single (seed 20260920) | land-water anchor :zero_at_first_year | lws observed | climate MAGICC-SLR 600 members, vv_pulse_wide_20261009 | forcing spliced | tap true | pair seed 2026 | record conditioning: common draw set with the FaIR arm, dropped 2 of 2000 | pulse 0.01 GtCH4 at 2030 | cm rel 1995-2014 | julia 1.12.6"
2112,gis,0.00057608433829337,0.0006126527481182793,5.075437589503318e-6,0.0003270921828017137,0.0010397317068457919,"scope_slr_pulse_vv.jl | SLR-RFF-BRICK 39cedc0 | Ladrillo L27 (v1.2) | draws parameters_subsample_brick_mengel_L27.csv, 500/chain | paleo assignment :single (seed 20260920) | land-water anchor :zero_at_first_year | lws observed | climate MAGICC-SLR 600 members, vv_pulse_wide_20261009 | forcing spliced | tap true | pair seed 2026 | record conditioning: common draw set with the FaIR arm, dropped 2 of 2000 | pulse 0.01 GtCH4 at 2030 | cm rel 1995-2014 | julia 1.12.6"
2113,gis,0.0005740293551124154,0.0006110620783040366,5.080623403602511e-6,0.00032485494546099505,0.001038743601175262,"scope_slr_pulse_vv.jl | SLR-RFF-BRICK 39cedc0 | Ladrillo L27 (v1.2) | draws parameters_subsample_brick_mengel_L27.csv, 500/chain | paleo assignment :single (seed 20260920) | land-water anchor :zero_at_first_year | lws observed | climate MAGICC-SLR 600 members, vv_pulse_wide_20261009 | forcing spliced | tap true | pair seed 2026 | record conditioning: common draw set with the FaIR arm, dropped 2 of 2000 | pulse 0.01 GtCH4 at 2030 | cm rel 1995-2014 | julia 1.12.6"
2114,gis,0.000572786082611465,0.0006094537372063909,5.085665442027822e-6,0.00032260926972496053,0.0010376576493502647,"scope_slr_pulse_vv.jl | SLR-RFF-BRICK 39cedc0 | Ladrillo L27 (v1.2) | draws parameters_subsample_brick_mengel_L27.csv, 500/chain | paleo assignment :single (seed 20260920) | land-water anchor :zero_at_first_year | lws observed | climate MAGICC-SLR 600 members, vv_pulse_wide_20261009 | forcing spliced | tap true | pair seed 2026 | record conditioning: common draw set with the FaIR arm, dropped 2 of 2000 | pulse 0.01 GtCH4 at 2030 | cm rel 1995-2014 | julia 1.12.6"
2115,gis,0.0005708215140893813,0.00060783605898664,5.090495892357242e-6,0.00032055989101138495,0.001036476319319312,"scope_slr_pulse_vv.jl | SLR-RFF-BRICK 39cedc0 | Ladrillo L27 (v1.2) | draws parameters_subsample_brick_mengel_L27.csv, 500/chain | paleo assignment :single (seed 20260920) | land-water anchor :zero_at_first_year | lws observed | climate MAGICC-SLR 600 members, vv_pulse_wide_20261009 | forcing spliced | tap true | pair seed 2026 | record conditioning: common draw set with the FaIR arm, dropped 2 of 2000 | pulse 0.01 GtCH4 at 2030 | cm rel 1995-2014 | julia 1.12.6"
2116,gis,0.0005698606595467837,0.0006062017893269812,5.095381085532124e-6,0.0003181329824584189,0.0010352028436130915,"scope_slr_pulse_vv.jl | SLR-RFF-BRICK 39cedc0 | Ladrillo L27 (v1.2) | draws parameters_subsample_brick_mengel_L27.csv, 500/chain | paleo assignment :single (seed 20260920) | land-water anchor :zero_at_first_year | lws observed | climate MAGICC-SLR 600 members, vv_pulse_wide_20261009 | forcing spliced | tap true | pair seed 2026 | record conditioning: common draw set with the FaIR arm, dropped 2 of 2000 | pulse 0.01 GtCH4 at 2030 | cm rel 1995-2014 | julia 1.12.6"
2117,gis,0.0005682564333167051,0.0006045565153276073,5.100233017626878e-6,0.00031628994038408466,0.0010338405748102622,"scope_slr_pulse_vv.jl | SLR-RFF-BRICK 39cedc0 | Ladrillo L27 (v1.2) | draws parameters_subsample_brick_mengel_L27.csv, 500/chain | paleo assignment :single (seed 20260920) | land-water anchor :zero_at_first_year | lws observed | climate MAGICC-SLR 600 members, vv_pulse_wide_20261009 | forcing spliced | tap true | pair seed 2026 | record conditioning: common draw set with the FaIR arm, dropped 2 of 2000 | pulse 0.01 GtCH4 at 2030 | cm rel 1995-2014 | julia 1.12.6"
2118,gis,0.0005669604361049352,0.0006028998488447185,5.1050855710085244e-6,0.0003144589730547764,0.0010338444155300046,"scope_slr_pulse_vv.jl | SLR-RFF-BRICK 39cedc0 | Ladrillo L27 (v1.2) | draws parameters_subsample_brick_mengel_L27.csv, 500/chain | paleo assignment :single (seed 20260920) | land-water anchor :zero_at_first_year | lws observed | climate MAGICC-SLR 600 members, vv_pulse_wide_20261009 | forcing spliced | tap true | pair seed 2026 | record conditioning: common draw set with the FaIR arm, dropped 2 of 2000 | pulse 0.01 GtCH4 at 2030 | cm rel 1995-2014 | julia 1.12.6"
2119,gis,0.000565236155899207,0.0006012353612391263,5.110015985196182e-6,0.0003126279904480889,0.0010353217581995366,"scope_slr_pulse_vv.jl | SLR-RFF-BRICK 39cedc0 | Ladrillo L27 (v1.2) | draws parameters_subsample_brick_mengel_L27.csv, 500/chain | paleo assignment :single (seed 20260920) | land-water anchor :zero_at_first_year | lws observed | climate MAGICC-SLR 600 members, vv_pulse_wide_20261009 | forcing spliced | tap true | pair seed 2026 | record conditioning: common draw set with the FaIR arm, dropped 2 of 2000 | pulse 0.01 GtCH4 at 2030 | cm rel 1995-2014 | julia 1.12.6"
2120,gis,0.0005632615288746479,0.000599563029694968,5.11498309693907e-6,0.0003107971811374455,0.0010329053143799166,"scope_slr_pulse_vv.jl | SLR-RFF-BRICK 39cedc0 | Ladrillo L27 (v1.2) | draws parameters_subsample_brick_mengel_L27.csv, 500/chain | paleo assignment :single (seed 20260920) | land-water anchor :zero_at_first_year | lws observed | climate MAGICC-SLR 600 members, vv_pulse_wide_20261009 | forcing spliced | tap true | pair seed 2026 | record conditioning: common draw set with the FaIR arm, dropped 2 of 2000 | pulse 0.01 GtCH4 at 2030 | cm rel 1995-2014 | julia 1.12.6"
2121,gis,0.0005613893406870574,0.0005978860501054986,5.1200382587402905e-6,0.0003087649088571176,0.0010337432516061892,"scope_slr_pulse_vv.jl | SLR-RFF-BRICK 39cedc0 | Ladrillo L27 (v1.2) | draws parameters_subsample_brick_mengel_L27.csv, 500/chain | paleo assignment :single (seed 20260920) | land-water anchor :zero_at_first_year | lws observed | climate MAGICC-SLR 600 members, vv_pulse_wide_20261009 | forcing spliced | tap true | pair seed 2026 | record conditioning: common draw set with the FaIR arm, dropped 2 of 2000 | pulse 0.01 GtCH4 at 2030 | cm rel 1995-2014 | julia 1.12.6"
2122,gis,0.0005604939625607486,0.0005962058427610575,5.1253156725856e-6,0.0003063245364847589,0.0010348455008463374,"scope_slr_pulse_vv.jl | SLR-RFF-BRICK 39cedc0 | Ladrillo L27 (v1.2) | draws parameters_subsample_brick_mengel_L27.csv, 500/chain | paleo assignment :single (seed 20260920) | land-water anchor :zero_at_first_year | lws observed | climate MAGICC-SLR 600 members, vv_pulse_wide_20261009 | forcing spliced | tap true | pair seed 2026 | record conditioning: common draw set with the FaIR arm, dropped 2 of 2000 | pulse 0.01 GtCH4 at 2030 | cm rel 1995-2014 | julia 1.12.6"
2123,gis,0.0005588936759606256,0.0005945313446780051,5.130645726137444e-6,0.00030473129412271764,0.0010342201217168774,"scope_slr_pulse_vv.jl | SLR-RFF-BRICK 39cedc0 | Ladrillo L27 (v1.2) | draws parameters_subsample_brick_mengel_L27.csv, 500/chain | paleo assignment :single (seed 20260920) | land-water anchor :zero_at_first_year | lws observed | climate MAGICC-SLR 600 members, vv_pulse_wide_20261009 | forcing spliced | tap true | pair seed 2026 | record conditioning: common draw set with the FaIR arm, dropped 2 of 2000 | pulse 0.01 GtCH4 at 2030 | cm rel 1995-2014 | julia 1.12.6"
2124,gis,0.0005572915686649083,0.0005928579166850747,5.136157168003047e-6,0.00030343749750789685,0.0010331152123740136,"scope_slr_pulse_vv.jl | SLR-RFF-BRICK 39cedc0 | Ladrillo L27 (v1.2) | draws parameters_subsample_brick_mengel_L27.csv, 500/chain | paleo assignment :single (seed 20260920) | land-water anchor :zero_at_first_year | lws observed | climate MAGICC-SLR 600 members, vv_pulse_wide_20261009 | forcing spliced | tap true | pair seed 2026 | record conditioning: common draw set with the FaIR arm, dropped 2 of 2000 | pulse 0.01 GtCH4 at 2030 | cm rel 1995-2014 | julia 1.12.6"
2125,gis,0.0005551372546621636,0.0005911846684818545,5.1418671292912e-6,0.00030185614635342973,0.0010308766643735367,"scope_slr_pulse_vv.jl | SLR-RFF-BRICK 39cedc0 | Ladrillo L27 (v1.2) | draws parameters_subsample_brick_mengel_L27.csv, 500/chain | paleo assignment :single (seed 20260920) | land-water anchor :zero_at_first_year | lws observed | climate MAGICC-SLR 600 members, vv_pulse_wide_20261009 | forcing spliced | tap true | pair seed 2026 | record conditioning: common draw set with the FaIR arm, dropped 2 of 2000 | pulse 0.01 GtCH4 at 2030 | cm rel 1995-2014 | julia 1.12.6"
2126,gis,0.0005534312862991442,0.0005895116785238829,5.147819062704704e-6,0.00030041370087339206,0.001026495367747415,"scope_slr_pulse_vv.jl | SLR-RFF-BRICK 39cedc0 | Ladrillo L27 (v1.2) | draws parameters_subsample_brick_mengel_L27.csv, 500/chain | paleo assignment :single (seed 20260920) | land-water anchor :zero_at_first_year | lws observed | climate MAGICC-SLR 600 members, vv_pulse_wide_20261009 | forcing spliced | tap true | pair seed 2026 | record conditioning: common draw set with the FaIR arm, dropped 2 of 2000 | pulse 0.01 GtCH4 at 2030 | cm rel 1995-2014 | julia 1.12.6"
2127,gis,0.0005517758761612868,0.0005878402376074808,5.154013414165715e-6,0.00029914370308103955,0.0010233804194985647,"scope_slr_pulse_vv.jl | SLR-RFF-BRICK 39cedc0 | Ladrillo L27 (v1.2) | draws parameters_subsample_brick_mengel_L27.csv, 500/chain | paleo assignment :single (seed 20260920) | land-water anchor :zero_at_first_year | lws observed | climate MAGICC-SLR 600 members, vv_pulse_wide_20261009 | forcing spliced | tap true | pair seed 2026 | record conditioning: common draw set with the FaIR arm, dropped 2 of 2000 | pulse 0.01 GtCH4 at 2030 | cm rel 1995-2014 | julia 1.12.6"
2128,gis,0.0005502447894549789,0.0005861700112223673,5.160470532915185e-6,0.00029734359950595035,0.0010227271564295034,"scope_slr_pulse_vv.jl | SLR-RFF-BRICK 39cedc0 | Ladrillo L27 (v1.2) | draws parameters_subsample_brick_mengel_L27.csv, 500/chain | paleo assignment :single (seed 20260920) | land-water anchor :zero_at_first_year | lws observed | climate MAGICC-SLR 600 members, vv_pulse_wide_20261009 | forcing spliced | tap true | pair seed 2026 | record conditioning: common draw set with the FaIR arm, dropped 2 of 2000 | pulse 0.01 GtCH4 at 2030 | cm rel 1995-2014 | julia 1.12.6"
2129,gis,0.0005480803121944433,0.0005845029583676306,5.167212790444e-6,0.00029530846523488917,0.001020016084795649,"scope_slr_pulse_vv.jl | SLR-RFF-BRICK 39cedc0 | Ladrillo L27 (v1.2) | draws parameters_subsample_brick_mengel_L27.csv, 500/chain | paleo assignment :single (seed 20260920) | land-water anchor :zero_at_first_year | lws observed | climate MAGICC-SLR 600 members, vv_pulse_wide_20261009 | forcing spliced | tap true | pair seed 2026 | record conditioning: common draw set with the FaIR arm, dropped 2 of 2000 | pulse 0.01 GtCH4 at 2030 | cm rel 1995-2014 | julia 1.12.6"
2130,gis,0.0005460044473748482,0.0005828431306387554,5.174277858804996e-6,0.0002938499625889435,0.0010206718882741937,"scope_slr_pulse_vv.jl | SLR-RFF-BRICK 39cedc0 | Ladrillo L27 (v1.2) | draws parameters_subsample_brick_mengel_L27.csv, 500/chain | paleo assignment :single (seed 20260920) | land-water anchor :zero_at_first_year | lws observed | climate MAGICC-SLR 600 members, vv_pulse_wide_20261009 | forcing spliced | tap true | pair seed 2026 | record conditioning: common draw set with the FaIR arm, dropped 2 of 2000 | pulse 0.01 GtCH4 at 2030 | cm rel 1995-2014 | julia 1.12.6"
2131,gis,0.0005443694776907648,0.0005811898142507459,5.181780121215766e-6,0.00029257673910469966,0.0010180919131832053,"scope_slr_pulse_vv.jl | SLR-RFF-BRICK 39cedc0 | Ladrillo L27 (v1.2) | draws parameters_subsample_brick_mengel_L27.csv, 500/chain | paleo assignment :single (seed 20260920) | land-water anchor :zero_at_first_year | lws observed | climate MAGICC-SLR 600 members, vv_pulse_wide_20261009 | forcing spliced | tap true | pair seed 2026 | record conditioning: common draw set with the FaIR arm, dropped 2 of 2000 | pulse 0.01 GtCH4 at 2030 | cm rel 1995-2014 | julia 1.12.6"
2132,gis,0.0005426090258904281,0.000579545947005034,5.189815742598721e-6,0.0002912372959221088,0.0010189131140494467,"scope_slr_pulse_vv.jl | SLR-RFF-BRICK 39cedc0 | Ladrillo L27 (v1.2) | draws parameters_subsample_brick_mengel_L27.csv, 500/chain | paleo assignment :single (seed 20260920) | land-water anchor :zero_at_first_year | lws observed | climate MAGICC-SLR 600 members, vv_pulse_wide_20261009 | forcing spliced | tap true | pair seed 2026 | record conditioning: common draw set with the FaIR arm, dropped 2 of 2000 | pulse 0.01 GtCH4 at 2030 | cm rel 1995-2014 | julia 1.12.6"
2133,gis,0.0005408705357154986,0.0005779128441206162,5.198363488358868e-6,0.00028957333683985457,0.0010219739092173438,"scope_slr_pulse_vv.jl | SLR-RFF-BRICK 39cedc0 | Ladrillo L27 (v1.2) | draws parameters_subsample_brick_mengel_L27.csv, 500/chain | paleo assignment :single (seed 20260920) | land-water anchor :zero_at_first_year | lws observed | climate MAGICC-SLR 600 members, vv_pulse_wide_20261009 | forcing spliced | tap true | pair seed 2026 | record conditioning: common draw set with the FaIR arm, dropped 2 of 2000 | pulse 0.01 GtCH4 at 2030 | cm rel 1995-2014 | julia 1.12.6"
2134,gis,0.0005390260302693406,0.0005762891482981919,5.207474506533555e-6,0.00028832267982501495,0.0010217256710539856,"scope_slr_pulse_vv.jl | SLR-RFF-BRICK 39cedc0 | Ladrillo L27 (v1.2) | draws parameters_subsample_brick_mengel_L27.csv, 500/chain | paleo assignment :single (seed 20260920) | land-water anchor :zero_at_first_year | lws observed | climate MAGICC-SLR 600 members, vv_pulse_wide_20261009 | forcing spliced | tap true | pair seed 2026 | record conditioning: common draw set with the FaIR arm, dropped 2 of 2000 | pulse 0.01 GtCH4 at 2030 | cm rel 1995-2014 | julia 1.12.6"
2135,gis,0.0005373085468587391,0.0005746812953278261,5.217122274281629e-6,0.0002871232217130704,0.0010178586594507873,"scope_slr_pulse_vv.jl | SLR-RFF-BRICK 39cedc0 | Ladrillo L27 (v1.2) | draws parameters_subsample_brick_mengel_L27.csv, 500/chain | paleo assignment :single (seed 20260920) | land-water anchor :zero_at_first_year | lws observed | climate MAGICC-SLR 600 members, vv_pulse_wide_20261009 | forcing spliced | tap true | pair seed 2026 | record conditioning: common draw set with the FaIR arm, dropped 2 of 2000 | pulse 0.01 GtCH4 at 2030 | cm rel 1995-2014 | julia 1.12.6"
2136,gis,0.0005359634367243515,0.0005730912373998523,5.227315387192519e-6,0.00028552903545087105,0.0010154399756000742,"scope_slr_pulse_vv.jl | SLR-RFF-BRICK 39cedc0 | Ladrillo L27 (v1.2) | draws parameters_subsample_brick_mengel_L27.csv, 500/chain | paleo assignment :single (seed 20260920) | land-water anchor :zero_at_first_year | lws observed | climate MAGICC-SLR 600 members, vv_pulse_wide_20261009 | forcing spliced | tap true | pair seed 2026 | record conditioning: common draw set with the FaIR arm, dropped 2 of 2000 | pulse 0.01 GtCH4 at 2030 | cm rel 1995-2014 | julia 1.12.6"
2137,gis,0.000534252099670951,0.0005715152369830777,5.238131193053147e-6,0.00028358616544688076,0.00101086444817593,"scope_slr_pulse_vv.jl | SLR-RFF-BRICK 39cedc0 | Ladrillo L27 (v1.2) | draws parameters_subsample_brick_mengel_L27.csv, 500/chain | paleo assignment :single (seed 20260920) | land-water anchor :zero_at_first_year | lws observed | climate MAGICC-SLR 600 members, vv_pulse_wide_20261009 | forcing spliced | tap true | pair seed 2026 | record conditioning: common draw set with the FaIR arm, dropped 2 of 2000 | pulse 0.01 GtCH4 at 2030 | cm rel 1995-2014 | julia 1.12.6"
2138,gis,0.0005331450442671581,0.0005699556659651558,5.249637736402924e-6,0.0002824330050241741,0.0010069233256050575,"scope_slr_pulse_vv.jl | SLR-RFF-BRICK 39cedc0 | Ladrillo L27 (v1.2) | draws parameters_subsample_brick_mengel_L27.csv, 500/chain | paleo assignment :single (seed 20260920) | land-water anchor :zero_at_first_year | lws observed | climate MAGICC-SLR 600 members, vv_pulse_wide_20261009 | forcing spliced | tap true | pair seed 2026 | record conditioning: common draw set with the FaIR arm, dropped 2 of 2000 | pulse 0.01 GtCH4 at 2030 | cm rel 1995-2014 | julia 1.12.6"
2139,gis,0.0005308869927453941,0.0005684132826410779,5.261851230926314e-6,0.00028042606682827654,0.0010026614785276773,"scope_slr_pulse_vv.jl | SLR-RFF-BRICK 39cedc0 | Ladrillo L27 (v1.2) | draws parameters_subsample_brick_mengel_L27.csv, 500/chain | paleo assignment :single (seed 20260920) | land-water anchor :zero_at_first_year | lws observed | climate MAGICC-SLR 600 members, vv_pulse_wide_20261009 | forcing spliced | tap true | pair seed 2026 | record conditioning: common draw set with the FaIR arm, dropped 2 of 2000 | pulse 0.01 GtCH4 at 2030 | cm rel 1995-2014 | julia 1.12.6"
2140,gis,0.0005284485010355056,0.0005668892489987572,5.2746586366447885e-6,0.0002784402363918304,0.0009999931493114285,"scope_slr_pulse_vv.jl | SLR-RFF-BRICK 39cedc0 | Ladrillo L27 (v1.2) | draws parameters_subsample_brick_mengel_L27.csv, 500/chain | paleo assignment :single (seed 20260920) | land-water anchor :zero_at_first_year | lws observed | climate MAGICC-SLR 600 members, vv_pulse_wide_20261009 | forcing spliced | tap true | pair seed 2026 | record conditioning: common draw set with the FaIR arm, dropped 2 of 2000 | pulse 0.01 GtCH4 at 2030 | cm rel 1995-2014 | julia 1.12.6"
2141,gis,0.0005267098783132695,0.0005653792577925335,5.28806019685862e-6,0.0002764820505975152,0.0009987603405779309,"scope_slr_pulse_vv.jl | SLR-RFF-BRICK 39cedc0 | Ladrillo L27 (v1.2) | draws parameters_subsample_brick_mengel_L27.csv, 500/chain | paleo assignment :single (seed 20260920) | land-water anchor :zero_at_first_year | lws observed | climate MAGICC-SLR 600 members, vv_pulse_wide_20261009 | forcing spliced | tap true | pair seed 2026 | record conditioning: common draw set with the FaIR arm, dropped 2 of 2000 | pulse 0.01 GtCH4 at 2030 | cm rel 1995-2014 | julia 1.12.6"
2142,gis,0.0005244614925175028,0.000563792663709285,5.30266029633903e-6,0.00027474569112122537,0.0009959146521641312,"scope_slr_pulse_vv.jl | SLR-RFF-BRICK 39cedc0 | Ladrillo L27 (v1.2) | draws parameters_subsample_brick_mengel_L27.csv, 500/chain | paleo assignment :single (seed 20260920) | land-water anchor :zero_at_first_year | lws observed | climate MAGICC-SLR 600 members, vv_pulse_wide_20261009 | forcing spliced | tap true | pair seed 2026 | record conditioning: common draw set with the FaIR arm, dropped 2 of 2000 | pulse 0.01 GtCH4 at 2030 | cm rel 1995-2014 | julia 1.12.6"
2143,gis,0.0005232504827574758,0.0005623637123287214,5.317089189146568e-6,0.0002736673143896695,0.000998343443650107,"scope_slr_pulse_vv.jl | SLR-RFF-BRICK 39cedc0 | Ladrillo L27 (v1.2) | draws parameters_subsample_brick_mengel_L27.csv, 500/chain | paleo assignment :single (seed 20260920) | land-water anchor :zero_at_first_year | lws observed | climate MAGICC-SLR 600 members, vv_pulse_wide_20261009 | forcing spliced | tap true | pair seed 2026 | record conditioning: common draw set with the FaIR arm, dropped 2 of 2000 | pulse 0.01 GtCH4 at 2030 | cm rel 1995-2014 | julia 1.12.6"
2144,gis,0.0005211054805069892,0.0005609449660595705,5.3323747275733095e-6,0.0002725489694731742,0.0009963379395010455,"scope_slr_pulse_vv.jl | SLR-RFF-BRICK 39cedc0 | Ladrillo L27 (v1.2) | draws parameters_subsample_brick_mengel_L27.csv, 500/chain | paleo assignment :single (seed 20260920) | land-water anchor :zero_at_first_year | lws observed | climate MAGICC-SLR 600 members, vv_pulse_wide_20261009 | forcing spliced | tap true | pair seed 2026 | record conditioning: common draw set with the FaIR arm, dropped 2 of 2000 | pulse 0.01 GtCH4 at 2030 | cm rel 1995-2014 | julia 1.12.6"
2145,gis,0.0005193084269539128,0.000559526995245051,5.348369646034082e-6,0.00027088063837936714,0.0009970829952026248,"scope_slr_pulse_vv.jl | SLR-RFF-BRICK 39cedc0 | Ladrillo L27 (v1.2) | draws parameters_subsample_brick_mengel_L27.csv, 500/chain | paleo assignment :single (seed 20260920) | land-water anchor :zero_at_first_year | lws observed | climate MAGICC-SLR 600 members, vv_pulse_wide_20261009 | forcing spliced | tap true | pair seed 2026 | record conditioning: common draw set with the FaIR arm, dropped 2 of 2000 | pulse 0.01 GtCH4 at 2030 | cm rel 1995-2014 | julia 1.12.6"
2146,gis,0.000516982319725301,0.0005581213699243832,5.3649908242289615e-6,0.0002697339975205715,0.000999006370593136,"scope_slr_pulse_vv.jl | SLR-RFF-BRICK 39cedc0 | Ladrillo L27 (v1.2) | draws parameters_subsample_brick_mengel_L27.csv, 500/chain | paleo assignment :single (seed 20260920) | land-water anchor :zero_at_first_year | lws observed | climate MAGICC-SLR 600 members, vv_pulse_wide_20261009 | forcing spliced | tap true | pair seed 2026 | record conditioning: common draw set with the FaIR arm, dropped 2 of 2000 | pulse 0.01 GtCH4 at 2030 | cm rel 1995-2014 | julia 1.12.6"
2147,gis,0.0005148026059895727,0.000556732254925664,5.382248086214792e-6,0.00026808089772627496,0.000998920817395721,"scope_slr_pulse_vv.jl | SLR-RFF-BRICK 39cedc0 | Ladrillo L27 (v1.2) | draws parameters_subsample_brick_mengel_L27.csv, 500/chain | paleo assignment :single (seed 20260920) | land-water anchor :zero_at_first_year | lws observed | climate MAGICC-SLR 600 members, vv_pulse_wide_20261009 | forcing spliced | tap true | pair seed 2026 | record conditioning: common draw set with the FaIR arm, dropped 2 of 2000 | pulse 0.01 GtCH4 at 2030 | cm rel 1995-2014 | julia 1.12.6"
2148,gis,0.0005134673695117442,0.0005553599189403694,5.400095043014102e-6,0.00026632204242433845,0.0009981635084574936,"scope_slr_pulse_vv.jl | SLR-RFF-BRICK 39cedc0 | Ladrillo L27 (v1.2) | draws parameters_subsample_brick_mengel_L27.csv, 500/chain | paleo assignment :single (seed 20260920) | land-water anchor :zero_at_first_year | lws observed | climate MAGICC-SLR 600 members, vv_pulse_wide_20261009 | forcing spliced | tap true | pair seed 2026 | record conditioning: common draw set with the FaIR arm, dropped 2 of 2000 | pulse 0.01 GtCH4 at 2030 | cm rel 1995-2014 | julia 1.12.6"
2149,gis,0.0005119941987139498,0.0005540033648137029,5.418529482950922e-6,0.0002643239430556221,0.0009974049614525505,"scope_slr_pulse_vv.jl | SLR-RFF-BRICK 39cedc0 | Ladrillo L27 (v1.2) | draws parameters_subsample_brick_mengel_L27.csv, 500/chain | paleo assignment :single (seed 20260920) | land-water anchor :zero_at_first_year | lws observed | climate MAGICC-SLR 600 members, vv_pulse_wide_20261009 | forcing spliced | tap true | pair seed 2026 | record conditioning: common draw set with the FaIR arm, dropped 2 of 2000 | pulse 0.01 GtCH4 at 2030 | cm rel 1995-2014 | julia 1.12.6"
2150,gis,0.0005103211647465855,0.0005526654783258673,5.4375189750414105e-6,0.00026273099651517027,0.0009960488281373944,"scope_slr_pulse_vv.jl | SLR-RFF-BRICK 39cedc0 | Ladrillo L27 (v1.2) | draws parameters_subsample_brick_mengel_L27.csv, 500/chain | paleo assignment :single (seed 20260920) | land-water anchor :zero_at_first_year | lws observed | climate MAGICC-SLR 600 members, vv_pulse_wide_20261009 | forcing spliced | tap true | pair seed 2026 | record conditioning: common draw set with the FaIR arm, dropped 2 of 2000 | pulse 0.01 GtCH4 at 2030 | cm rel 1995-2014 | julia 1.12.6"
2151,gis,0.000509360358088351,0.0005513461050328235,5.457106454643292e-6,0.00026134714340004807,0.0009936860825304073,"scope_slr_pulse_vv.jl | SLR-RFF-BRICK 39cedc0 | Ladrillo L27 (v1.2) | draws parameters_subsample_brick_mengel_L27.csv, 500/chain | paleo assignment :single (seed 20260920) | land-water anchor :zero_at_first_year | lws observed | climate MAGICC-SLR 600 members, vv_pulse_wide_20261009 | forcing spliced | tap true | pair seed 2026 | record conditioning: common draw set with the FaIR arm, dropped 2 of 2000 | pulse 0.01 GtCH4 at 2030 | cm rel 1995-2014 | julia 1.12.6"
2152,gis,0.0005082360376587047,0.0005500457887124539,5.4772906445032955e-6,0.0002597577227589021,0.0009912746837848355,"scope_slr_pulse_vv.jl | SLR-RFF-BRICK 39cedc0 | Ladrillo L27 (v1.2) | draws parameters_subsample_brick_mengel_L27.csv, 500/chain | paleo assignment :single (seed 20260920) | land-water anchor :zero_at_first_year | lws observed | climate MAGICC-SLR 600 members, vv_pulse_wide_20261009 | forcing spliced | tap true | pair seed 2026 | record conditioning: common draw set with the FaIR arm, dropped 2 of 2000 | pulse 0.01 GtCH4 at 2030 | cm rel 1995-2014 | julia 1.12.6"
2153,gis,0.0005061887495134698,0.0005487625331482182,5.498034755711937e-6,0.0002584300947479079,0.0009897464508105344,"scope_slr_pulse_vv.jl | SLR-RFF-BRICK 39cedc0 | Ladrillo L27 (v1.2) | draws parameters_subsample_brick_mengel_L27.csv, 500/chain | paleo assignment :single (seed 20260920) | land-water anchor :zero_at_first_year | lws observed | climate MAGICC-SLR 600 members, vv_pulse_wide_20261009 | forcing spliced | tap true | pair seed 2026 | record conditioning: common draw set with the FaIR arm, dropped 2 of 2000 | pulse 0.01 GtCH4 at 2030 | cm rel 1995-2014 | julia 1.12.6"
2154,gis,0.0005047027983202668,0.0005474961026002448,5.519310427127901e-6,0.0002571168024727122,0.0009933010704227029,"scope_slr_pulse_vv.jl | SLR-RFF-BRICK 39cedc0 | Ladrillo L27 (v1.2) | draws parameters_subsample_brick_mengel_L27.csv, 500/chain | paleo assignment :single (seed 20260920) | land-water anchor :zero_at_first_year | lws observed | climate MAGICC-SLR 600 members, vv_pulse_wide_20261009 | forcing spliced | tap true | pair seed 2026 | record conditioning: common draw set with the FaIR arm, dropped 2 of 2000 | pulse 0.01 GtCH4 at 2030 | cm rel 1995-2014 | julia 1.12.6"
2155,gis,0.0005036516153200665,0.0005462499707405084,5.541066875416964e-6,0.00025614742236435006,0.0009918773437322058,"scope_slr_pulse_vv.jl | SLR-RFF-BRICK 39cedc0 | Ladrillo L27 (v1.2) | draws parameters_subsample_brick_mengel_L27.csv, 500/chain | paleo assignment :single (seed 20260920) | land-water anchor :zero_at_first_year | lws observed | climate MAGICC-SLR 600 members, vv_pulse_wide_20261009 | forcing spliced | tap true | pair seed 2026 | record conditioning: common draw set with the FaIR arm, dropped 2 of 2000 | pulse 0.01 GtCH4 at 2030 | cm rel 1995-2014 | julia 1.12.6"
2156,gis,0.0005030468335611715,0.0005450241573228485,5.563301461093943e-6,0.00025544296903383666,0.0009886083304344584,"scope_slr_pulse_vv.jl | SLR-RFF-BRICK 39cedc0 | Ladrillo L27 (v1.2) | draws parameters_subsample_brick_mengel_L27.csv, 500/chain | paleo assignment :single (seed 20260920) | land-water anchor :zero_at_first_year | lws observed | climate MAGICC-SLR 600 members, vv_pulse_wide_20261009 | forcing spliced | tap true | pair seed 2026 | record conditioning: common draw set with the FaIR arm, dropped 2 of 2000 | pulse 0.01 GtCH4 at 2030 | cm rel 1995-2014 | julia 1.12.6"
2157,gis,0.0005018204510349733,0.0005438172329826334,5.586033098006382e-6,0.0002547388749405855,0.0009846601670069775,"scope_slr_pulse_vv.jl | SLR-RFF-BRICK 39cedc0 | Ladrillo L27 (v1.2) | draws parameters_subsample_brick_mengel_L27.csv, 500/chain | paleo assignment :single (seed 20260920) | land-water anchor :zero_at_first_year | lws observed | climate MAGICC-SLR 600 members, vv_pulse_wide_20261009 | forcing spliced | tap true | pair seed 2026 | record conditioning: common draw set with the FaIR arm, dropped 2 of 2000 | pulse 0.01 GtCH4 at 2030 | cm rel 1995-2014 | julia 1.12.6"
2158,gis,0.0005001558883268586,0.0005426290934782003,5.609286896786824e-6,0.00025376417402434015,0.0009809080612624738,"scope_slr_pulse_vv.jl | SLR-RFF-BRICK 39cedc0 | Ladrillo L27 (v1.2) | draws parameters_subsample_brick_mengel_L27.csv, 500/chain | paleo assignment :single (seed 20260920) | land-water anchor :zero_at_first_year | lws observed | climate MAGICC-SLR 600 members, vv_pulse_wide_20261009 | forcing spliced | tap true | pair seed 2026 | record conditioning: common draw set with the FaIR arm, dropped 2 of 2000 | pulse 0.01 GtCH4 at 2030 | cm rel 1995-2014 | julia 1.12.6"
2159,gis,0.0004990599244241167,0.0005414608554460913,5.633042551384238e-6,0.0002523776844165049,0.0009773498649765938,"scope_slr_pulse_vv.jl | SLR-RFF-BRICK 39cedc0 | Ladrillo L27 (v1.2) | draws parameters_subsample_brick_mengel_L27.csv, 500/chain | paleo assignment :single (seed 20260920) | land-water anchor :zero_at_first_year | lws observed | climate MAGICC-SLR 600 members, vv_pulse_wide_20261009 | forcing spliced | tap true | pair seed 2026 | record conditioning: common draw set with the FaIR arm, dropped 2 of 2000 | pulse 0.01 GtCH4 at 2030 | cm rel 1995-2014 | julia 1.12.6"
2160,gis,0.0004977753269947982,0.0005403144110763863,5.657273159460426e-6,0.000251151505781344,0.0009752499582139846,"scope_slr_pulse_vv.jl | SLR-RFF-BRICK 39cedc0 | Ladrillo L27 (v1.2) | draws parameters_subsample_brick_mengel_L27.csv, 500/chain | paleo assignment :single (seed 20260920) | land-water anchor :zero_at_first_year | lws observed | climate MAGICC-SLR 600 members, vv_pulse_wide_20261009 | forcing spliced | tap true | pair seed 2026 | record conditioning: common draw set with the FaIR arm, dropped 2 of 2000 | pulse 0.01 GtCH4 at 2030 | cm rel 1995-2014 | julia 1.12.6"
2161,gis,0.0004960788584664755,0.0005391895990953843,5.682009444203662e-6,0.000249550251897368,0.0009838311601690463,"scope_slr_pulse_vv.jl | SLR-RFF-BRICK 39cedc0 | Ladrillo L27 (v1.2) | draws parameters_subsample_brick_mengel_L27.csv, 500/chain | paleo assignment :single (seed 20260920) | land-water anchor :zero_at_first_year | lws observed | climate MAGICC-SLR 600 members, vv_pulse_wide_20261009 | forcing spliced | tap true | pair seed 2026 | record conditioning: common draw set with the FaIR arm, dropped 2 of 2000 | pulse 0.01 GtCH4 at 2030 | cm rel 1995-2014 | julia 1.12.6"
2162,gis,0.0004943840416054002,0.0005380874929354562,5.707235009244825e-6,0.0002479933630382902,0.0009866172284432636,"scope_slr_pulse_vv.jl | SLR-RFF-BRICK 39cedc0 | Ladrillo L27 (v1.2) | draws parameters_subsample_brick_mengel_L27.csv, 500/chain | paleo assignment :single (seed 20260920) | land-water anchor :zero_at_first_year | lws observed | climate MAGICC-SLR 600 members, vv_pulse_wide_20261009 | forcing spliced | tap true | pair seed 2026 | record conditioning: common draw set with the FaIR arm, dropped 2 of 2000 | pulse 0.01 GtCH4 at 2030 | cm rel 1995-2014 | julia 1.12.6"
2163,gis,0.0004928097208303228,0.0005370072833237138,5.733021545879916e-6,0.00024686320048745715,0.000996444715920396,"scope_slr_pulse_vv.jl | SLR-RFF-BRICK 39cedc0 | Ladrillo L27 (v1.2) | draws parameters_subsample_brick_mengel_L27.csv, 500/chain | paleo assignment :single (seed 20260920) | land-water anchor :zero_at_first_year | lws observed | climate MAGICC-SLR 600 members, vv_pulse_wide_20261009 | forcing spliced | tap true | pair seed 2026 | record conditioning: common draw set with the FaIR arm, dropped 2 of 2000 | pulse 0.01 GtCH4 at 2030 | cm rel 1995-2014 | julia 1.12.6"
2164,gis,0.0004914296420608366,0.0005359503428086536,5.759423947722892e-6,0.00024556787696221604,0.0009991106290129887,"scope_slr_pulse_vv.jl | SLR-RFF-BRICK 39cedc0 | Ladrillo L27 (v1.2) | draws parameters_subsample_brick_mengel_L27.csv, 500/chain | paleo assignment :single (seed 20260920) | land-water anchor :zero_at_first_year | lws observed | climate MAGICC-SLR 600 members, vv_pulse_wide_20261009 | forcing spliced | tap true | pair seed 2026 | record conditioning: common draw set with the FaIR arm, dropped 2 of 2000 | pulse 0.01 GtCH4 at 2030 | cm rel 1995-2014 | julia 1.12.6"
2165,gis,0.0004898614286226177,0.0005349167765621336,5.786421270899888e-6,0.00024431268697089337,0.0009987951019871486,"scope_slr_pulse_vv.jl | SLR-RFF-BRICK 39cedc0 | Ladrillo L27 (v1.2) | draws parameters_subsample_brick_mengel_L27.csv, 500/chain | paleo assignment :single (seed 20260920) | land-water anchor :zero_at_first_year | lws observed | climate MAGICC-SLR 600 members, vv_pulse_wide_20261009 | forcing spliced | tap true | pair seed 2026 | record conditioning: common draw set with the FaIR arm, dropped 2 of 2000 | pulse 0.01 GtCH4 at 2030 | cm rel 1995-2014 | julia 1.12.6"
2166,gis,0.0004884278713035428,0.0005339077774328437,5.814069119124315e-6,0.00024272054167333578,0.0009983625500032283,"scope_slr_pulse_vv.jl | SLR-RFF-BRICK 39cedc0 | Ladrillo L27 (v1.2) | draws parameters_subsample_brick_mengel_L27.csv, 500/chain | paleo assignment :single (seed 20260920) | land-water anchor :zero_at_first_year | lws observed | climate MAGICC-SLR 600 members, vv_pulse_wide_20261009 | forcing spliced | tap true | pair seed 2026 | record conditioning: common draw set with the FaIR arm, dropped 2 of 2000 | pulse 0.01 GtCH4 at 2030 | cm rel 1995-2014 | julia 1.12.6"
2167,gis,0.0004868939805753314,0.0005329251742305348,5.842454238325871e-6,0.00024169712504011897,0.0010028050821880184,"scope_slr_pulse_vv.jl | SLR-RFF-BRICK 39cedc0 | Ladrillo L27 (v1.2) | draws parameters_subsample_brick_mengel_L27.csv, 500/chain | paleo assignment :single (seed 20260920) | land-water anchor :zero_at_first_year | lws observed | climate MAGICC-SLR 600 members, vv_pulse_wide_20261009 | forcing spliced | tap true | pair seed 2026 | record conditioning: common draw set with the FaIR arm, dropped 2 of 2000 | pulse 0.01 GtCH4 at 2030 | cm rel 1995-2014 | julia 1.12.6"
2168,gis,0.00048526868951270785,0.0005319684252382811,5.871464085322031e-6,0.00024076402260178042,0.0010096299282544407,"scope_slr_pulse_vv.jl | SLR-RFF-BRICK 39cedc0 | Ladrillo L27 (v1.2) | draws parameters_subsample_brick_mengel_L27.csv, 500/chain | paleo assignment :single (seed 20260920) | land-water anchor :zero_at_first_year | lws observed | climate MAGICC-SLR 600 members, vv_pulse_wide_20261009 | forcing spliced | tap true | pair seed 2026 | record conditioning: common draw set with the FaIR arm, dropped 2 of 2000 | pulse 0.01 GtCH4 at 2030 | cm rel 1995-2014 | julia 1.12.6"
2169,gis,0.00048366159490065286,0.0005310352982574306,5.901053459230013e-6,0.00023983902447799466,0.0010161576831883676,"scope_slr_pulse_vv.jl | SLR-RFF-BRICK 39cedc0 | Ladrillo L27 (v1.2) | draws parameters_subsample_brick_mengel_L27.csv, 500/chain | paleo assignment :single (seed 20260920) | land-water anchor :zero_at_first_year | lws observed | climate MAGICC-SLR 600 members, vv_pulse_wide_20261009 | forcing spliced | tap true | pair seed 2026 | record conditioning: common draw set with the FaIR arm, dropped 2 of 2000 | pulse 0.01 GtCH4 at 2030 | cm rel 1995-2014 | julia 1.12.6"
2170,gis,0.0004821315110969948,0.0005301262104807423,5.931203965589116e-6,0.00023892206072968493,0.0010225585817199342,"scope_slr_pulse_vv.jl | SLR-RFF-BRICK 39cedc0 | Ladrillo L27 (v1.2) | draws parameters_subsample_brick_mengel_L27.csv, 500/chain | paleo assignment :single (seed 20260920) | land-water anchor :zero_at_first_year | lws observed | climate MAGICC-SLR 600 members, vv_pulse_wide_20261009 | forcing spliced | tap true | pair seed 2026 | record conditioning: common draw set with the FaIR arm, dropped 2 of 2000 | pulse 0.01 GtCH4 at 2030 | cm rel 1995-2014 | julia 1.12.6"
2171,gis,0.00048061765713747207,0.0005292398334974068,5.961864432122016e-6,0.00023794461190771444,0.0010255540050140505,"scope_slr_pulse_vv.jl | SLR-RFF-BRICK 39cedc0 | Ladrillo L27 (v1.2) | draws parameters_subsample_brick_mengel_L27.csv, 500/chain | paleo assignment :single (seed 20260920) | land-water anchor :zero_at_first_year | lws observed | climate MAGICC-SLR 600 members, vv_pulse_wide_20261009 | forcing spliced | tap true | pair seed 2026 | record conditioning: common draw set with the FaIR arm, dropped 2 of 2000 | pulse 0.01 GtCH4 at 2030 | cm rel 1995-2014 | julia 1.12.6"
2172,gis,0.00047927745691467294,0.000528377048307495,5.9930121190139545e-6,0.00023685699699003138,0.0010294609951721156,"scope_slr_pulse_vv.jl | SLR-RFF-BRICK 39cedc0 | Ladrillo L27 (v1.2) | draws parameters_subsample_brick_mengel_L27.csv, 500/chain | paleo assignment :single (seed 20260920) | land-water anchor :zero_at_first_year | lws observed | climate MAGICC-SLR 600 members, vv_pulse_wide_20261009 | forcing spliced | tap true | pair seed 2026 | record conditioning: common draw set with the FaIR arm, dropped 2 of 2000 | pulse 0.01 GtCH4 at 2030 | cm rel 1995-2014 | julia 1.12.6"
2173,gis,0.00047774407664569196,0.0005275376307125354,6.024653344205774e-6,0.00023546782073911033,0.0010278877339368717,"scope_slr_pulse_vv.jl | SLR-RFF-BRICK 39cedc0 | Ladrillo L27 (v1.2) | draws parameters_subsample_brick_mengel_L27.csv, 500/chain | paleo assignment :single (seed 20260920) | land-water anchor :zero_at_first_year | lws observed | climate MAGICC-SLR 600 members, vv_pulse_wide_20261009 | forcing spliced | tap true | pair seed 2026 | record conditioning: common draw set with the FaIR arm, dropped 2 of 2000 | pulse 0.01 GtCH4 at 2030 | cm rel 1995-2014 | julia 1.12.6"
2174,gis,0.0004762670638598365,0.0005267216428984728,6.056818165141055e-6,0.0002345384676885054,0.0010286686741963532,"scope_slr_pulse_vv.jl | SLR-RFF-BRICK 39cedc0 | Ladrillo L27 (v1.2) | draws parameters_subsample_brick_mengel_L27.csv, 500/chain | paleo assignment :single (seed 20260920) | land-water anchor :zero_at_first_year | lws observed | climate MAGICC-SLR 600 members, vv_pulse_wide_20261009 | forcing spliced | tap true | pair seed 2026 | record conditioning: common draw set with the FaIR arm, dropped 2 of 2000 | pulse 0.01 GtCH4 at 2030 | cm rel 1995-2014 | julia 1.12.6"
2175,gis,0.00047473643382289765,0.0005259309971882925,6.089508022918416e-6,0.00023330344266234704,0.0010323053185157247,"scope_slr_pulse_vv.jl | SLR-RFF-BRICK 39cedc0 | Ladrillo L27 (v1.2) | draws parameters_subsample_brick_mengel_L27.csv, 500/chain | paleo assignment :single (seed 20260920) | land-water anchor :zero_at_first_year | lws observed | climate MAGICC-SLR 600 members, vv_pulse_wide_20261009 | forcing spliced | tap true | pair seed 2026 | record conditioning: common draw set with the FaIR arm, dropped 2 of 2000 | pulse 0.01 GtCH4 at 2030 | cm rel 1995-2014 | julia 1.12.6"
2176,gis,0.000473313016700061,0.0005251657362997031,6.122718207890637e-6,0.00023206494586904824,0.0010369069647179427,"scope_slr_pulse_vv.jl | SLR-RFF-BRICK 39cedc0 | Ladrillo L27 (v1.2) | draws parameters_subsample_brick_mengel_L27.csv, 500/chain | paleo assignment :single (seed 20260920) | land-water anchor :zero_at_first_year | lws observed | climate MAGICC-SLR 600 members, vv_pulse_wide_20261009 | forcing spliced | tap true | pair seed 2026 | record conditioning: common draw set with the FaIR arm, dropped 2 of 2000 | pulse 0.01 GtCH4 at 2030 | cm rel 1995-2014 | julia 1.12.6"
2177,gis,0.0004721761156005755,0.0005244269204133938,6.1564302365536004e-6,0.00023085346736486655,0.0010375409899326712,"scope_slr_pulse_vv.jl | SLR-RFF-BRICK 39cedc0 | Ladrillo L27 (v1.2) | draws parameters_subsample_brick_mengel_L27.csv, 500/chain | paleo assignment :single (seed 20260920) | land-water anchor :zero_at_first_year | lws observed | climate MAGICC-SLR 600 members, vv_pulse_wide_20261009 | forcing spliced | tap true | pair seed 2026 | record conditioning: common draw set with the FaIR arm, dropped 2 of 2000 | pulse 0.01 GtCH4 at 2030 | cm rel 1995-2014 | julia 1.12.6"
2178,gis,0.00047051919547413945,0.0005237133150580143,6.19065205702045e-6,0.00022990011305683565,0.001037779408617288,"scope_slr_pulse_vv.jl | SLR-RFF-BRICK 39cedc0 | Ladrillo L27 (v1.2) | draws parameters_subsample_brick_mengel_L27.csv, 500/chain | paleo assignment :single (seed 20260920) | land-water anchor :zero_at_first_year | lws observed | climate MAGICC-SLR 600 members, vv_pulse_wide_20261009 | forcing spliced | tap true | pair seed 2026 | record conditioning: common draw set with the FaIR arm, dropped 2 of 2000 | pulse 0.01 GtCH4 at 2030 | cm rel 1995-2014 | julia 1.12.6"
2179,gis,0.0004692242450126116,0.0005230237599669227,6.225354044215147e-6,0.0002289849150908907,0.0010398897077076076,"scope_slr_pulse_vv.jl | SLR-RFF-BRICK 39cedc0 | Ladrillo L27 (v1.2) | draws parameters_subsample_brick_mengel_L27.csv, 500/chain | paleo assignment :single (seed 20260920) | land-water anchor :zero_at_first_year | lws observed | climate MAGICC-SLR 600 members, vv_pulse_wide_20261009 | forcing spliced | tap true | pair seed 2026 | record conditioning: common draw set with the FaIR arm, dropped 2 of 2000 | pulse 0.01 GtCH4 at 2030 | cm rel 1995-2014 | julia 1.12.6"
2180,gis,0.00046834288487396236,0.0005223576495362157,6.26051374175467e-6,0.00022807524014964995,0.0010455573256153983,"scope_slr_pulse_vv.jl | SLR-RFF-BRICK 39cedc0 | Ladrillo L27 (v1.2) | draws parameters_subsample_brick_mengel_L27.csv, 500/chain | paleo assignment :single (seed 20260920) | land-water anchor :zero_at_first_year | lws observed | climate MAGICC-SLR 600 members, vv_pulse_wide_20261009 | forcing spliced | tap true | pair seed 2026 | record conditioning: common draw set with the FaIR arm, dropped 2 of 2000 | pulse 0.01 GtCH4 at 2030 | cm rel 1995-2014 | julia 1.12.6"
2181,gis,0.00046708077699442185,0.000521714520461989,6.296158378054331e-6,0.00022708710246943653,0.0010449944662742176,"scope_slr_pulse_vv.jl | SLR-RFF-BRICK 39cedc0 | Ladrillo L27 (v1.2) | draws parameters_subsample_brick_mengel_L27.csv, 500/chain | paleo assignment :single (seed 20260920) | land-water anchor :zero_at_first_year | lws observed | climate MAGICC-SLR 600 members, vv_pulse_wide_20261009 | forcing spliced | tap true | pair seed 2026 | record conditioning: common draw set with the FaIR arm, dropped 2 of 2000 | pulse 0.01 GtCH4 at 2030 | cm rel 1995-2014 | julia 1.12.6"
2182,gis,0.0004659738665253599,0.0005210953669894615,6.33228053831803e-6,0.00022598359581254,0.0010493245537249504,"scope_slr_pulse_vv.jl | SLR-RFF-BRICK 39cedc0 | Ladrillo L27 (v1.2) | draws parameters_subsample_brick_mengel_L27.csv, 500/chain | paleo assignment :single (seed 20260920) | land-water anchor :zero_at_first_year | lws observed | climate MAGICC-SLR 600 members, vv_pulse_wide_20261009 | forcing spliced | tap true | pair seed 2026 | record conditioning: common draw set with the FaIR arm, dropped 2 of 2000 | pulse 0.01 GtCH4 at 2030 | cm rel 1995-2014 | julia 1.12.6"
2183,gis,0.0004645180889983891,0.0005204994885423252,6.368892800598815e-6,0.00022480183196949,0.001057545165894957,"scope_slr_pulse_vv.jl | SLR-RFF-BRICK 39cedc0 | Ladrillo L27 (v1.2) | draws parameters_subsample_brick_mengel_L27.csv, 500/chain | paleo assignment :single (seed 20260920) | land-water anchor :zero_at_first_year | lws observed | climate MAGICC-SLR 600 members, vv_pulse_wide_20261009 | forcing spliced | tap true | pair seed 2026 | record conditioning: common draw set with the FaIR arm, dropped 2 of 2000 | pulse 0.01 GtCH4 at 2030 | cm rel 1995-2014 | julia 1.12.6"
2184,gis,0.0004628799780057591,0.0005199278966754946,6.405986791529112e-6,0.0002236237858176615,0.0010593044599442431,"scope_slr_pulse_vv.jl | SLR-RFF-BRICK 39cedc0 | Ladrillo L27 (v1.2) | draws parameters_subsample_brick_mengel_L27.csv, 500/chain | paleo assignment :single (seed 20260920) | land-water anchor :zero_at_first_year | lws observed | climate MAGICC-SLR 600 members, vv_pulse_wide_20261009 | forcing spliced | tap true | pair seed 2026 | record conditioning: common draw set with the FaIR arm, dropped 2 of 2000 | pulse 0.01 GtCH4 at 2030 | cm rel 1995-2014 | julia 1.12.6"
2185,gis,0.00046141670194366213,0.0005193796850413079,6.443575737650329e-6,0.00022263068905230556,0.001058116870968106,"scope_slr_pulse_vv.jl | SLR-RFF-BRICK 39cedc0 | Ladrillo L27 (v1.2) | draws parameters_subsample_brick_mengel_L27.csv, 500/chain | paleo assignment :single (seed 20260920) | land-water anchor :zero_at_first_year | lws observed | climate MAGICC-SLR 600 members, vv_pulse_wide_20261009 | forcing spliced | tap true | pair seed 2026 | record conditioning: common draw set with the FaIR arm, dropped 2 of 2000 | pulse 0.01 GtCH4 at 2030 | cm rel 1995-2014 | julia 1.12.6"
2186,gis,0.00045973064333360014,0.0005188558703682154,6.4816525478310664e-6,0.00022162927158220214,0.001059901396937235,"scope_slr_pulse_vv.jl | SLR-RFF-BRICK 39cedc0 | Ladrillo L27 (v1.2) | draws parameters_subsample_brick_mengel_L27.csv, 500/chain | paleo assignment :single (seed 20260920) | land-water anchor :zero_at_first_year | lws observed | climate MAGICC-SLR 600 members, vv_pulse_wide_20261009 | forcing spliced | tap true | pair seed 2026 | record conditioning: common draw set with the FaIR arm, dropped 2 of 2000 | pulse 0.01 GtCH4 at 2030 | cm rel 1995-2014 | julia 1.12.6"
2187,gis,0.0004583218716653903,0.0005183567449679277,6.520226741003727e-6,0.0002206731596904099,0.001059276430877531,"scope_slr_pulse_vv.jl | SLR-RFF-BRICK 39cedc0 | Ladrillo L27 (v1.2) | draws parameters_subsample_brick_mengel_L27.csv, 500/chain | paleo assignment :single (seed 20260920) | land-water anchor :zero_at_first_year | lws observed | climate MAGICC-SLR 600 members, vv_pulse_wide_20261009 | forcing spliced | tap true | pair seed 2026 | record conditioning: common draw set with the FaIR arm, dropped 2 of 2000 | pulse 0.01 GtCH4 at 2030 | cm rel 1995-2014 | julia 1.12.6"
2188,gis,0.0004572859830069831,0.0005178816452554327,6.559255486669008e-6,0.0002196548877624771,0.0010602771891196723,"scope_slr_pulse_vv.jl | SLR-RFF-BRICK 39cedc0 | Ladrillo L27 (v1.2) | draws parameters_subsample_brick_mengel_L27.csv, 500/chain | paleo assignment :single (seed 20260920) | land-water anchor :zero_at_first_year | lws observed | climate MAGICC-SLR 600 members, vv_pulse_wide_20261009 | forcing spliced | tap true | pair seed 2026 | record conditioning: common draw set with the FaIR arm, dropped 2 of 2000 | pulse 0.01 GtCH4 at 2030 | cm rel 1995-2014 | julia 1.12.6"
2189,gis,0.0004555595777002708,0.0005174290699368968,6.598682945241589e-6,0.00021850766629238905,0.001068596081784888,"scope_slr_pulse_vv.jl | SLR-RFF-BRICK 39cedc0 | Ladrillo L27 (v1.2) | draws parameters_subsample_brick_mengel_L27.csv, 500/chain | paleo assignment :single (seed 20260920) | land-water anchor :zero_at_first_year | lws observed | climate MAGICC-SLR 600 members, vv_pulse_wide_20261009 | forcing spliced | tap true | pair seed 2026 | record conditioning: common draw set with the FaIR arm, dropped 2 of 2000 | pulse 0.01 GtCH4 at 2030 | cm rel 1995-2014 | julia 1.12.6"
2190,gis,0.00045386260002899803,0.0005169991207932039,6.638512715740287e-6,0.0002176709960077794,0.0010769383554009684,"scope_slr_pulse_vv.jl | SLR-RFF-BRICK 39cedc0 | Ladrillo L27 (v1.2) | draws parameters_subsample_brick_mengel_L27.csv, 500/chain | paleo assignment :single (seed 20260920) | land-water anchor :zero_at_first_year | lws observed | climate MAGICC-SLR 600 members, vv_pulse_wide_20261009 | forcing spliced | tap true | pair seed 2026 | record conditioning: common draw set with the FaIR arm, dropped 2 of 2000 | pulse 0.01 GtCH4 at 2030 | cm rel 1995-2014 | julia 1.12.6"
2191,gis,0.0004523403321758934,0.0005165913755047958,6.678727390728726e-6,0.00021664593765811092,0.0010854346262160416,"scope_slr_pulse_vv.jl | SLR-RFF-BRICK 39cedc0 | Ladrillo L27 (v1.2) | draws parameters_subsample_brick_mengel_L27.csv, 500/chain | paleo assignment :single (seed 20260920) | land-water anchor :zero_at_first_year | lws observed | climate MAGICC-SLR 600 members, vv_pulse_wide_20261009 | forcing spliced | tap true | pair seed 2026 | record conditioning: common draw set with the FaIR arm, dropped 2 of 2000 | pulse 0.01 GtCH4 at 2030 | cm rel 1995-2014 | julia 1.12.6"
2192,gis,0.0004507103747464214,0.0005162055738123125,6.719326683908701e-6,0.00021535506227099432,0.001093935115909872,"scope_slr_pulse_vv.jl | SLR-RFF-BRICK 39cedc0 | Ladrillo L27 (v1.2) | draws parameters_subsample_brick_mengel_L27.csv, 500/chain | paleo assignment :single (seed 20260920) | land-water anchor :zero_at_first_year | lws observed | climate MAGICC-SLR 600 members, vv_pulse_wide_20261009 | forcing spliced | tap true | pair seed 2026 | record conditioning: common draw set with the FaIR arm, dropped 2 of 2000 | pulse 0.01 GtCH4 at 2030 | cm rel 1995-2014 | julia 1.12.6"
2193,gis,0.00044923207891400807,0.000515841563627533,6.760309283168331e-6,0.00021444925270852622,0.0010985964663564828,"scope_slr_pulse_vv.jl | SLR-RFF-BRICK 39cedc0 | Ladrillo L27 (v1.2) | draws parameters_subsample_brick_mengel_L27.csv, 500/chain | paleo assignment :single (seed 20260920) | land-water anchor :zero_at_first_year | lws observed | climate MAGICC-SLR 600 members, vv_pulse_wide_20261009 | forcing spliced | tap true | pair seed 2026 | record conditioning: common draw set with the FaIR arm, dropped 2 of 2000 | pulse 0.01 GtCH4 at 2030 | cm rel 1995-2014 | julia 1.12.6"
2194,gis,0.0004479713825080722,0.0005154988407758801,6.801655883377645e-6,0.00021341672926276087,0.0011009103361676149,"scope_slr_pulse_vv.jl | SLR-RFF-BRICK 39cedc0 | Ladrillo L27 (v1.2) | draws parameters_subsample_brick_mengel_L27.csv, 500/chain | paleo assignment :single (seed 20260920) | land-water anchor :zero_at_first_year | lws observed | climate MAGICC-SLR 600 members, vv_pulse_wide_20261009 | forcing spliced | tap true | pair seed 2026 | record conditioning: common draw set with the FaIR arm, dropped 2 of 2000 | pulse 0.01 GtCH4 at 2030 | cm rel 1995-2014 | julia 1.12.6"
2195,gis,0.00044692329185735957,0.0005151781626029175,6.843374981716242e-6,0.0002123571672441926,0.0011022845393771508,"scope_slr_pulse_vv.jl | SLR-RFF-BRICK 39cedc0 | Ladrillo L27 (v1.2) | draws parameters_subsample_brick_mengel_L27.csv, 500/chain | paleo assignment :single (seed 20260920) | land-water anchor :zero_at_first_year | lws observed | climate MAGICC-SLR 600 members, vv_pulse_wide_20261009 | forcing spliced | tap true | pair seed 2026 | record conditioning: common draw set with the FaIR arm, dropped 2 of 2000 | pulse 0.01 GtCH4 at 2030 | cm rel 1995-2014 | julia 1.12.6"
2196,gis,0.00044552485386084584,0.0005148791585743089,6.885448644952591e-6,0.00021131997962147152,0.0011081042069061905,"scope_slr_pulse_vv.jl | SLR-RFF-BRICK 39cedc0 | Ladrillo L27 (v1.2) | draws parameters_subsample_brick_mengel_L27.csv, 500/chain | paleo assignment :single (seed 20260920) | land-water anchor :zero_at_first_year | lws observed | climate MAGICC-SLR 600 members, vv_pulse_wide_20261009 | forcing spliced | tap true | pair seed 2026 | record conditioning: common draw set with the FaIR arm, dropped 2 of 2000 | pulse 0.01 GtCH4 at 2030 | cm rel 1995-2014 | julia 1.12.6"
2197,gis,0.0004440128132667809,0.0005146022495993643,6.927874367298572e-6,0.00021016998952969604,0.0011130431580788518,"scope_slr_pulse_vv.jl | SLR-RFF-BRICK 39cedc0 | Ladrillo L27 (v1.2) | draws parameters_subsample_brick_mengel_L27.csv, 500/chain | paleo assignment :single (seed 20260920) | land-water anchor :zero_at_first_year | lws observed | climate MAGICC-SLR 600 members, vv_pulse_wide_20261009 | forcing spliced | tap true | pair seed 2026 | record conditioning: common draw set with the FaIR arm, dropped 2 of 2000 | pulse 0.01 GtCH4 at 2030 | cm rel 1995-2014 | julia 1.12.6"
2198,gis,0.00044245849955437677,0.000514350048444777,6.9706423055050775e-6,0.00020901736881810963,0.0011160447456923337,"scope_slr_pulse_vv.jl | SLR-RFF-BRICK 39cedc0 | Ladrillo L27 (v1.2) | draws parameters_subsample_brick_mengel_L27.csv, 500/chain | paleo assignment :single (seed 20260920) | land-water anchor :zero_at_first_year | lws observed | climate MAGICC-SLR 600 members, vv_pulse_wide_20261009 | forcing spliced | tap true | pair seed 2026 | record conditioning: common draw set with the FaIR arm, dropped 2 of 2000 | pulse 0.01 GtCH4 at 2030 | cm rel 1995-2014 | julia 1.12.6"
2199,gis,0.00044131909680267256,0.000514120948013004,7.013780988833388e-6,0.000208208301498658,0.0011186972074181492,"scope_slr_pulse_vv.jl | SLR-RFF-BRICK 39cedc0 | Ladrillo L27 (v1.2) | draws parameters_subsample_brick_mengel_L27.csv, 500/chain | paleo assignment :single (seed 20260920) | land-water anchor :zero_at_first_year | lws observed | climate MAGICC-SLR 600 members, vv_pulse_wide_20261009 | forcing spliced | tap true | pair seed 2026 | record conditioning: common draw set with the FaIR arm, dropped 2 of 2000 | pulse 0.01 GtCH4 at 2030 | cm rel 1995-2014 | julia 1.12.6"
2200,gis,0.0004402526413063157,0.0005139142914323792,7.057281777367448e-6,0.00020730518838512068,0.0011218857815823192,"scope_slr_pulse_vv.jl | SLR-RFF-BRICK 39cedc0 | Ladrillo L27 (v1.2) | draws parameters_subsample_brick_mengel_L27.csv, 500/chain | paleo assignment :single (seed 20260920) | land-water anchor :zero_at_first_year | lws observed | climate MAGICC-SLR 600 members, vv_pulse_wide_20261009 | forcing spliced | tap true | pair seed 2026 | record conditioning: common draw set with the FaIR arm, dropped 2 of 2000 | pulse 0.01 GtCH4 at 2030 | cm rel 1995-2014 | julia 1.12.6"
2201,gis,0.0004392855012920194,0.0005137286069446251,7.101089966687849e-6,0.00020633669031262515,0.0011289096010514736,"scope_slr_pulse_vv.jl | SLR-RFF-BRICK 39cedc0 | Ladrillo L27 (v1.2) | draws parameters_subsample_brick_mengel_L27.csv, 500/chain | paleo assignment :single (seed 20260920) | land-water anchor :zero_at_first_year | lws observed | climate MAGICC-SLR 600 members, vv_pulse_wide_20261009 | forcing spliced | tap true | pair seed 2026 | record conditioning: common draw set with the FaIR arm, dropped 2 of 2000 | pulse 0.01 GtCH4 at 2030 | cm rel 1995-2014 | julia 1.12.6"
2202,gis,0.0004379157939755629,0.0005135621590986911,7.1451240208284515e-6,0.00020538490661312637,0.0011358975541057232,"scope_slr_pulse_vv.jl | SLR-RFF-BRICK 39cedc0 | Ladrillo L27 (v1.2) | draws parameters_subsample_brick_mengel_L27.csv, 500/chain | paleo assignment :single (seed 20260920) | land-water anchor :zero_at_first_year | lws observed | climate MAGICC-SLR 600 members, vv_pulse_wide_20261009 | forcing spliced | tap true | pair seed 2026 | record conditioning: common draw set with the FaIR arm, dropped 2 of 2000 | pulse 0.01 GtCH4 at 2030 | cm rel 1995-2014 | julia 1.12.6"
2203,gis,0.0004365485217832088,0.000513415556030832,7.1894135099712934e-6,0.00020444040881777427,0.0011428495572140193,"scope_slr_pulse_vv.jl | SLR-RFF-BRICK 39cedc0 | Ladrillo L27 (v1.2) | draws parameters_subsample_brick_mengel_L27.csv, 500/chain | paleo assignment :single (seed 20260920) | land-water anchor :zero_at_first_year | lws observed | climate MAGICC-SLR 600 members, vv_pulse_wide_20261009 | forcing spliced | tap true | pair seed 2026 | record conditioning: common draw set with the FaIR arm, dropped 2 of 2000 | pulse 0.01 GtCH4 at 2030 | cm rel 1995-2014 | julia 1.12.6"
2204,gis,0.0004351046267370151,0.0005132881644582916,7.233993374711838e-6,0.00020347472269452994,0.0011489978452992485,"scope_slr_pulse_vv.jl | SLR-RFF-BRICK 39cedc0 | Ladrillo L27 (v1.2) | draws parameters_subsample_brick_mengel_L27.csv, 500/chain | paleo assignment :single (seed 20260920) | land-water anchor :zero_at_first_year | lws observed | climate MAGICC-SLR 600 members, vv_pulse_wide_20261009 | forcing spliced | tap true | pair seed 2026 | record conditioning: common draw set with the FaIR arm, dropped 2 of 2000 | pulse 0.01 GtCH4 at 2030 | cm rel 1995-2014 | julia 1.12.6"
2205,gis,0.0004333930799091945,0.0005131798243280356,7.278873511878162e-6,0.00020250096970002572,0.0011531189077793153,"scope_slr_pulse_vv.jl | SLR-RFF-BRICK 39cedc0 | Ladrillo L27 (v1.2) | draws parameters_subsample_brick_mengel_L27.csv, 500/chain | paleo assignment :single (seed 20260920) | land-water anchor :zero_at_first_year | lws observed | climate MAGICC-SLR 600 members, vv_pulse_wide_20261009 | forcing spliced | tap true | pair seed 2026 | record conditioning: common draw set with the FaIR arm, dropped 2 of 2000 | pulse 0.01 GtCH4 at 2030 | cm rel 1995-2014 | julia 1.12.6"
2206,gis,0.00043162883466330015,0.0005130906833021782,7.32406269931207e-6,0.00020151159204555568,0.001161399835013199,"scope_slr_pulse_vv.jl | SLR-RFF-BRICK 39cedc0 | Ladrillo L27 (v1.2) | draws parameters_subsample_brick_mengel_L27.csv, 500/chain | paleo assignment :single (seed 20260920) | land-water anchor :zero_at_first_year | lws observed | climate MAGICC-SLR 600 members, vv_pulse_wide_20261009 | forcing spliced | tap true | pair seed 2026 | record conditioning: common draw set with the FaIR arm, dropped 2 of 2000 | pulse 0.01 GtCH4 at 2030 | cm rel 1995-2014 | julia 1.12.6"
2207,gis,0.0004302028229457022,0.0005130210616960386,7.369567268893741e-6,0.0002006324909546109,0.0011696380372889334,"scope_slr_pulse_vv.jl | SLR-RFF-BRICK 39cedc0 | Ladrillo L27 (v1.2) | draws parameters_subsample_brick_mengel_L27.csv, 500/chain | paleo assignment :single (seed 20260920) | land-water anchor :zero_at_first_year | lws observed | climate MAGICC-SLR 600 members, vv_pulse_wide_20261009 | forcing spliced | tap true | pair seed 2026 | record conditioning: common draw set with the FaIR arm, dropped 2 of 2000 | pulse 0.01 GtCH4 at 2030 | cm rel 1995-2014 | julia 1.12.6"
2208,gis,0.00042891958158186583,0.0005129711219812411,7.4153955441390795e-6,0.0001997204635070915,0.001176751184189584,"scope_slr_pulse_vv.jl | SLR-RFF-BRICK 39cedc0 | Ladrillo L27 (v1.2) | draws parameters_subsample_brick_mengel_L27.csv, 500/chain | paleo assignment :single (seed 20260920) | land-water anchor :zero_at_first_year | lws observed | climate MAGICC-SLR 600 members, vv_pulse_wide_20261009 | forcing spliced | tap true | pair seed 2026 | record conditioning: common draw set with the FaIR arm, dropped 2 of 2000 | pulse 0.01 GtCH4 at 2030 | cm rel 1995-2014 | julia 1.12.6"
2209,gis,0.00042791341326342547,0.0005129412533649699,7.461559627691088e-6,0.00019904879888041905,0.0011820877285920513,"scope_slr_pulse_vv.jl | SLR-RFF-BRICK 39cedc0 | Ladrillo L27 (v1.2) | draws parameters_subsample_brick_mengel_L27.csv, 500/chain | paleo assignment :single (seed 20260920) | land-water anchor :zero_at_first_year | lws observed | climate MAGICC-SLR 600 members, vv_pulse_wide_20261009 | forcing spliced | tap true | pair seed 2026 | record conditioning: common draw set with the FaIR arm, dropped 2 of 2000 | pulse 0.01 GtCH4 at 2030 | cm rel 1995-2014 | julia 1.12.6"
2210,gis,0.0004275585175310681,0.0005129317949523666,7.5080705422988165e-6,0.0001984128646618899,0.0011874044259709386,"scope_slr_pulse_vv.jl | SLR-RFF-BRICK 39cedc0 | Ladrillo L27 (v1.2) | draws parameters_subsample_brick_mengel_L27.csv, 500/chain | paleo assignment :single (seed 20260920) | land-water anchor :zero_at_first_year | lws observed | climate MAGICC-SLR 600 members, vv_pulse_wide_20261009 | forcing spliced | tap true | pair seed 2026 | record conditioning: common draw set with the FaIR arm, dropped 2 of 2000 | pulse 0.01 GtCH4 at 2030 | cm rel 1995-2014 | julia 1.12.6"
2211,gis,0.0004261989684284373,0.0005129440194052542,7.554939628861866e-6,0.0001975008075842055,0.0011927023620952317,"scope_slr_pulse_vv.jl | SLR-RFF-BRICK 39cedc0 | Ladrillo L27 (v1.2) | draws parameters_subsample_brick_mengel_L27.csv, 500/chain | paleo assignment :single (seed 20260920) | land-water anchor :zero_at_first_year | lws observed | climate MAGICC-SLR 600 members, vv_pulse_wide_20261009 | forcing spliced | tap true | pair seed 2026 | record conditioning: common draw set with the FaIR arm, dropped 2 of 2000 | pulse 0.01 GtCH4 at 2030 | cm rel 1995-2014 | julia 1.12.6"
2212,gis,0.00042493967010948097,0.0005129772144844904,7.6021388108972014e-6,0.0001965260773920008,0.0011979800031053135,"scope_slr_pulse_vv.jl | SLR-RFF-BRICK 39cedc0 | Ladrillo L27 (v1.2) | draws parameters_subsample_brick_mengel_L27.csv, 500/chain | paleo assignment :single (seed 20260920) | land-water anchor :zero_at_first_year | lws observed | climate MAGICC-SLR 600 members, vv_pulse_wide_20261009 | forcing spliced | tap true | pair seed 2026 | record conditioning: common draw set with the FaIR arm, dropped 2 of 2000 | pulse 0.01 GtCH4 at 2030 | cm rel 1995-2014 | julia 1.12.6"
2213,gis,0.0004230585461879599,0.0005130302097693613,7.649656627999341e-6,0.00019555860184876652,0.0012035274493612733,"scope_slr_pulse_vv.jl | SLR-RFF-BRICK 39cedc0 | Ladrillo L27 (v1.2) | draws parameters_subsample_brick_mengel_L27.csv, 500/chain | paleo assignment :single (seed 20260920) | land-water anchor :zero_at_first_year | lws observed | climate MAGICC-SLR 600 members, vv_pulse_wide_20261009 | forcing spliced | tap true | pair seed 2026 | record conditioning: common draw set with the FaIR arm, dropped 2 of 2000 | pulse 0.01 GtCH4 at 2030 | cm rel 1995-2014 | julia 1.12.6"
2214,gis,0.0004216097942659758,0.0005131023049238697,7.697483530339457e-6,0.0001945984167308623,0.0012122949728688315,"scope_slr_pulse_vv.jl | SLR-RFF-BRICK 39cedc0 | Ladrillo L27 (v1.2) | draws parameters_subsample_brick_mengel_L27.csv, 500/chain | paleo assignment :single (seed 20260920) | land-water anchor :zero_at_first_year | lws observed | climate MAGICC-SLR 600 members, vv_pulse_wide_20261009 | forcing spliced | tap true | pair seed 2026 | record conditioning: common draw set with the FaIR arm, dropped 2 of 2000 | pulse 0.01 GtCH4 at 2030 | cm rel 1995-2014 | julia 1.12.6"
2215,gis,0.0004206716560588575,0.0005131928190752851,7.745609176764924e-6,0.00019375913100887486,0.0012210106519603408,"scope_slr_pulse_vv.jl | SLR-RFF-BRICK 39cedc0 | Ladrillo L27 (v1.2) | draws parameters_subsample_brick_mengel_L27.csv, 500/chain | paleo assignment :single (seed 20260920) | land-water anchor :zero_at_first_year | lws observed | climate MAGICC-SLR 600 members, vv_pulse_wide_20261009 | forcing spliced | tap true | pair seed 2026 | record conditioning: common draw set with the FaIR arm, dropped 2 of 2000 | pulse 0.01 GtCH4 at 2030 | cm rel 1995-2014 | julia 1.12.6"
2216,gis,0.00041995802016003836,0.0005133010123735439,7.794025525817493e-6,0.000192937756987277,0.0012296743870322752,"scope_slr_pulse_vv.jl | SLR-RFF-BRICK 39cedc0 | Ladrillo L27 (v1.2) | draws parameters_subsample_brick_mengel_L27.csv, 500/chain | paleo assignment :single (seed 20260920) | land-water anchor :zero_at_first_year | lws observed | climate MAGICC-SLR 600 members, vv_pulse_wide_20261009 | forcing spliced | tap true | pair seed 2026 | record conditioning: common draw set with the FaIR arm, dropped 2 of 2000 | pulse 0.01 GtCH4 at 2030 | cm rel 1995-2014 | julia 1.12.6"
2217,gis,0.00041919290204717186,0.0005134264995055452,7.842732200590119e-6,0.00019191427225599968,0.0012382862735247355,"scope_slr_pulse_vv.jl | SLR-RFF-BRICK 39cedc0 | Ladrillo L27 (v1.2) | draws parameters_subsample_brick_mengel_L27.csv, 500/chain | paleo assignment :single (seed 20260920) | land-water anchor :zero_at_first_year | lws observed | climate MAGICC-SLR 600 members, vv_pulse_wide_20261009 | forcing spliced | tap true | pair seed 2026 | record conditioning: common draw set with the FaIR arm, dropped 2 of 2000 | pulse 0.01 GtCH4 at 2030 | cm rel 1995-2014 | julia 1.12.6"
2218,gis,0.0004180439111660661,0.0005135688267056181,7.891744168986837e-6,0.00019090597051842908,0.0012462062058812506,"scope_slr_pulse_vv.jl | SLR-RFF-BRICK 39cedc0 | Ladrillo L27 (v1.2) | draws parameters_subsample_brick_mengel_L27.csv, 500/chain | paleo assignment :single (seed 20260920) | land-water anchor :zero_at_first_year | lws observed | climate MAGICC-SLR 600 members, vv_pulse_wide_20261009 | forcing spliced | tap true | pair seed 2026 | record conditioning: common draw set with the FaIR arm, dropped 2 of 2000 | pulse 0.01 GtCH4 at 2030 | cm rel 1995-2014 | julia 1.12.6"
2219,gis,0.00041643985665551497,0.000513728647938757,7.941064183010991e-6,0.0001900338097209797,0.0012532273976841421,"scope_slr_pulse_vv.jl | SLR-RFF-BRICK 39cedc0 | Ladrillo L27 (v1.2) | draws parameters_subsample_brick_mengel_L27.csv, 500/chain | paleo assignment :single (seed 20260920) | land-water anchor :zero_at_first_year | lws observed | climate MAGICC-SLR 600 members, vv_pulse_wide_20261009 | forcing spliced | tap true | pair seed 2026 | record conditioning: common draw set with the FaIR arm, dropped 2 of 2000 | pulse 0.01 GtCH4 at 2030 | cm rel 1995-2014 | julia 1.12.6"
2220,gis,0.0004146598683050229,0.000513906432985248,7.99070624645081e-6,0.00018921508988842817,0.0012602125545878799,"scope_slr_pulse_vv.jl | SLR-RFF-BRICK 39cedc0 | Ladrillo L27 (v1.2) | draws parameters_subsample_brick_mengel_L27.csv, 500/chain | paleo assignment :single (seed 20260920) | land-water anchor :zero_at_first_year | lws observed | climate MAGICC-SLR 600 members, vv_pulse_wide_20261009 | forcing spliced | tap true | pair seed 2026 | record conditioning: common draw set with the FaIR arm, dropped 2 of 2000 | pulse 0.01 GtCH4 at 2030 | cm rel 1995-2014 | julia 1.12.6"
2221,gis,0.0004129343550900444,0.0005141025929149694,8.040681170553744e-6,0.00018848307264338616,0.0012671625387365984,"scope_slr_pulse_vv.jl | SLR-RFF-BRICK 39cedc0 | Ladrillo L27 (v1.2) | draws parameters_subsample_brick_mengel_L27.csv, 500/chain | paleo assignment :single (seed 20260920) | land-water anchor :zero_at_first_year | lws observed | climate MAGICC-SLR 600 members, vv_pulse_wide_20261009 | forcing spliced | tap true | pair seed 2026 | record conditioning: common draw set with the FaIR arm, dropped 2 of 2000 | pulse 0.01 GtCH4 at 2030 | cm rel 1995-2014 | julia 1.12.6"
2222,gis,0.00041178555603238465,0.0005143175380299012,8.090999223970778e-6,0.00018781971556354192,0.0012740777552696857,"scope_slr_pulse_vv.jl | SLR-RFF-BRICK 39cedc0 | Ladrillo L27 (v1.2) | draws parameters_subsample_brick_mengel_L27.csv, 500/chain | paleo assignment :single (seed 20260920) | land-water anchor :zero_at_first_year | lws observed | climate MAGICC-SLR 600 members, vv_pulse_wide_20261009 | forcing spliced | tap true | pair seed 2026 | record conditioning: common draw set with the FaIR arm, dropped 2 of 2000 | pulse 0.01 GtCH4 at 2030 | cm rel 1995-2014 | julia 1.12.6"
2223,gis,0.00041122888212186126,0.0005145522223956433,8.14166994654723e-6,0.00018716600352490788,0.0012804815197132045,"scope_slr_pulse_vv.jl | SLR-RFF-BRICK 39cedc0 | Ladrillo L27 (v1.2) | draws parameters_subsample_brick_mengel_L27.csv, 500/chain | paleo assignment :single (seed 20260920) | land-water anchor :zero_at_first_year | lws observed | climate MAGICC-SLR 600 members, vv_pulse_wide_20261009 | forcing spliced | tap true | pair seed 2026 | record conditioning: common draw set with the FaIR arm, dropped 2 of 2000 | pulse 0.01 GtCH4 at 2030 | cm rel 1995-2014 | julia 1.12.6"
2224,gis,0.0004100127127379949,0.0005148065190458132,8.192691659623612e-6,0.0001865188027355913,0.0012867105817075944,"scope_slr_pulse_vv.jl | SLR-RFF-BRICK 39cedc0 | Ladrillo L27 (v1.2) | draws parameters_subsample_brick_mengel_L27.csv, 500/chain | paleo assignment :single (seed 20260920) | land-water anchor :zero_at_first_year | lws observed | climate MAGICC-SLR 600 members, vv_pulse_wide_20261009 | forcing spliced | tap true | pair seed 2026 | record conditioning: common draw set with the FaIR arm, dropped 2 of 2000 | pulse 0.01 GtCH4 at 2030 | cm rel 1995-2014 | julia 1.12.6"
2225,gis,0.0004091288046055297,0.000515079323699267,8.244052278730025e-6,0.00018587686947242333,0.001292909003297637,"scope_slr_pulse_vv.jl | SLR-RFF-BRICK 39cedc0 | Ladrillo L27 (v1.2) | draws parameters_subsample_brick_mengel_L27.csv, 500/chain | paleo assignment :single (seed 20260920) | land-water anchor :zero_at_first_year | lws observed | climate MAGICC-SLR 600 members, vv_pulse_wide_20261009 | forcing spliced | tap true | pair seed 2026 | record conditioning: common draw set with the FaIR arm, dropped 2 of 2000 | pulse 0.01 GtCH4 at 2030 | cm rel 1995-2014 | julia 1.12.6"
2226,gis,0.00040824746258394384,0.0005153701118817492,8.295744080378302e-6,0.00018548504668256527,0.0012990763491512068,"scope_slr_pulse_vv.jl | SLR-RFF-BRICK 39cedc0 | Ladrillo L27 (v1.2) | draws parameters_subsample_brick_mengel_L27.csv, 500/chain | paleo assignment :single (seed 20260920) | land-water anchor :zero_at_first_year | lws observed | climate MAGICC-SLR 600 members, vv_pulse_wide_20261009 | forcing spliced | tap true | pair seed 2026 | record conditioning: common draw set with the FaIR arm, dropped 2 of 2000 | pulse 0.01 GtCH4 at 2030 | cm rel 1995-2014 | julia 1.12.6"
2227,gis,0.0004073663408625805,0.0005156781501661259,8.347765476635395e-6,0.00018479420716008833,0.0013051869475724232,"scope_slr_pulse_vv.jl | SLR-RFF-BRICK 39cedc0 | Ladrillo L27 (v1.2) | draws parameters_subsample_brick_mengel_L27.csv, 500/chain | paleo assignment :single (seed 20260920) | land-water anchor :zero_at_first_year | lws observed | climate MAGICC-SLR 600 members, vv_pulse_wide_20261009 | forcing spliced | tap true | pair seed 2026 | record conditioning: common draw set with the FaIR arm, dropped 2 of 2000 | pulse 0.01 GtCH4 at 2030 | cm rel 1995-2014 | julia 1.12.6"
2228,gis,0.0004065415658391913,0.0005160033347243222,8.400120689209017e-6,0.00018411035904755126,0.0013098882918203712,"scope_slr_pulse_vv.jl | SLR-RFF-BRICK 39cedc0 | Ladrillo L27 (v1.2) | draws parameters_subsample_brick_mengel_L27.csv, 500/chain | paleo assignment :single (seed 20260920) | land-water anchor :zero_at_first_year | lws observed | climate MAGICC-SLR 600 members, vv_pulse_wide_20261009 | forcing spliced | tap true | pair seed 2026 | record conditioning: common draw set with the FaIR arm, dropped 2 of 2000 | pulse 0.01 GtCH4 at 2030 | cm rel 1995-2014 | julia 1.12.6"
2229,gis,0.00040550464376565287,0.0005163454138818465,8.452816082918815e-6,0.00018343342946423034,0.0013148437439873813,"scope_slr_pulse_vv.jl | SLR-RFF-BRICK 39cedc0 | Ladrillo L27 (v1.2) | draws parameters_subsample_brick_mengel_L27.csv, 500/chain | paleo assignment :single (seed 20260920) | land-water anchor :zero_at_first_year | lws observed | climate MAGICC-SLR 600 members, vv_pulse_wide_20261009 | forcing spliced | tap true | pair seed 2026 | record conditioning: common draw set with the FaIR arm, dropped 2 of 2000 | pulse 0.01 GtCH4 at 2030 | cm rel 1995-2014 | julia 1.12.6"
2230,gis,0.0004045308692024463,0.0005167047168279841,8.505862840966767e-6,0.00018276575458120448,0.001323700363319702,"scope_slr_pulse_vv.jl | SLR-RFF-BRICK 39cedc0 | Ladrillo L27 (v1.2) | draws parameters_subsample_brick_mengel_L27.csv, 500/chain | paleo assignment :single (seed 20260920) | land-water anchor :zero_at_first_year | lws observed | climate MAGICC-SLR 600 members, vv_pulse_wide_20261009 | forcing spliced | tap true | pair seed 2026 | record conditioning: common draw set with the FaIR arm, dropped 2 of 2000 | pulse 0.01 GtCH4 at 2030 | cm rel 1995-2014 | julia 1.12.6"
2231,gis,0.0004034181239287449,0.0005170821654804709,8.559275435929905e-6,0.00018220912133095623,0.0013282995693796092,"scope_slr_pulse_vv.jl | SLR-RFF-BRICK 39cedc0 | Ladrillo L27 (v1.2) | draws parameters_subsample_brick_mengel_L27.csv, 500/chain | paleo assignment :single (seed 20260920) | land-water anchor :zero_at_first_year | lws observed | climate MAGICC-SLR 600 members, vv_pulse_wide_20261009 | forcing spliced | tap true | pair seed 2026 | record conditioning: common draw set with the FaIR arm, dropped 2 of 2000 | pulse 0.01 GtCH4 at 2030 | cm rel 1995-2014 | julia 1.12.6"
2232,gis,0.00040211636498277414,0.0005174780484821416,8.613064737468675e-6,0.0001816275933938627,0.0013328002894958495,"scope_slr_pulse_vv.jl | SLR-RFF-BRICK 39cedc0 | Ladrillo L27 (v1.2) | draws parameters_subsample_brick_mengel_L27.csv, 500/chain | paleo assignment :single (seed 20260920) | land-water anchor :zero_at_first_year | lws observed | climate MAGICC-SLR 600 members, vv_pulse_wide_20261009 | forcing spliced | tap true | pair seed 2026 | record conditioning: common draw set with the FaIR arm, dropped 2 of 2000 | pulse 0.01 GtCH4 at 2030 | cm rel 1995-2014 | julia 1.12.6"
2233,gis,0.0004009546249790219,0.0005178924171733517,8.667232889729593e-6,0.00018094020516663535,0.0013372101677170168,"scope_slr_pulse_vv.jl | SLR-RFF-BRICK 39cedc0 | Ladrillo L27 (v1.2) | draws parameters_subsample_brick_mengel_L27.csv, 500/chain | paleo assignment :single (seed 20260920) | land-water anchor :zero_at_first_year | lws observed | climate MAGICC-SLR 600 members, vv_pulse_wide_20261009 | forcing spliced | tap true | pair seed 2026 | record conditioning: common draw set with the FaIR arm, dropped 2 of 2000 | pulse 0.01 GtCH4 at 2030 | cm rel 1995-2014 | julia 1.12.6"
2234,gis,0.00039970268894506944,0.000518324401129957,8.721782322258954e-6,0.00018031279753554232,0.0013434310331525976,"scope_slr_pulse_vv.jl | SLR-RFF-BRICK 39cedc0 | Ladrillo L27 (v1.2) | draws parameters_subsample_brick_mengel_L27.csv, 500/chain | paleo assignment :single (seed 20260920) | land-water anchor :zero_at_first_year | lws observed | climate MAGICC-SLR 600 members, vv_pulse_wide_20261009 | forcing spliced | tap true | pair seed 2026 | record conditioning: common draw set with the FaIR arm, dropped 2 of 2000 | pulse 0.01 GtCH4 at 2030 | cm rel 1995-2014 | julia 1.12.6"
2235,gis,0.00039878922071423517,0.000518774079558798,8.776699278953726e-6,0.00017972132610228898,0.0013491919989782274,"scope_slr_pulse_vv.jl | SLR-RFF-BRICK 39cedc0 | Ladrillo L27 (v1.2) | draws parameters_subsample_brick_mengel_L27.csv, 500/chain | paleo assignment :single (seed 20260920) | land-water anchor :zero_at_first_year | lws observed | climate MAGICC-SLR 600 members, vv_pulse_wide_20261009 | forcing spliced | tap true | pair seed 2026 | record conditioning: common draw set with the FaIR arm, dropped 2 of 2000 | pulse 0.01 GtCH4 at 2030 | cm rel 1995-2014 | julia 1.12.6"
2236,gis,0.00039749445528158844,0.0005192410050205774,8.83197913949427e-6,0.00017913422468236463,0.001352912666268579,"scope_slr_pulse_vv.jl | SLR-RFF-BRICK 39cedc0 | Ladrillo L27 (v1.2) | draws parameters_subsample_brick_mengel_L27.csv, 500/chain | paleo assignment :single (seed 20260920) | land-water anchor :zero_at_first_year | lws observed | climate MAGICC-SLR 600 members, vv_pulse_wide_20261009 | forcing spliced | tap true | pair seed 2026 | record conditioning: common draw set with the FaIR arm, dropped 2 of 2000 | pulse 0.01 GtCH4 at 2030 | cm rel 1995-2014 | julia 1.12.6"
2237,gis,0.00039682085366976594,0.0005197238453582943,8.887626606853942e-6,0.0001784120115530641,0.001356617361465594,"scope_slr_pulse_vv.jl | SLR-RFF-BRICK 39cedc0 | Ladrillo L27 (v1.2) | draws parameters_subsample_brick_mengel_L27.csv, 500/chain | paleo assignment :single (seed 20260920) | land-water anchor :zero_at_first_year | lws observed | climate MAGICC-SLR 600 members, vv_pulse_wide_20261009 | forcing spliced | tap true | pair seed 2026 | record conditioning: common draw set with the FaIR arm, dropped 2 of 2000 | pulse 0.01 GtCH4 at 2030 | cm rel 1995-2014 | julia 1.12.6"
2238,gis,0.00039635601932630493,0.0005202227190495531,8.943633342298676e-6,0.00017783038668088837,0.0013666281762397142,"scope_slr_pulse_vv.jl | SLR-RFF-BRICK 39cedc0 | Ladrillo L27 (v1.2) | draws parameters_subsample_brick_mengel_L27.csv, 500/chain | paleo assignment :single (seed 20260920) | land-water anchor :zero_at_first_year | lws observed | climate MAGICC-SLR 600 members, vv_pulse_wide_20261009 | forcing spliced | tap true | pair seed 2026 | record conditioning: common draw set with the FaIR arm, dropped 2 of 2000 | pulse 0.01 GtCH4 at 2030 | cm rel 1995-2014 | julia 1.12.6"
2239,gis,0.00039578043910992733,0.0005207376352947069,9.000003781562572e-6,0.00017730300657099464,0.0013768706218534985,"scope_slr_pulse_vv.jl | SLR-RFF-BRICK 39cedc0 | Ladrillo L27 (v1.2) | draws parameters_subsample_brick_mengel_L27.csv, 500/chain | paleo assignment :single (seed 20260920) | land-water anchor :zero_at_first_year | lws observed | climate MAGICC-SLR 600 members, vv_pulse_wide_20261009 | forcing spliced | tap true | pair seed 2026 | record conditioning: common draw set with the FaIR arm, dropped 2 of 2000 | pulse 0.01 GtCH4 at 2030 | cm rel 1995-2014 | julia 1.12.6"
2240,gis,0.00039485356064972166,0.0005212686951880612,9.056745350274296e-6,0.00017674450098077442,0.001386015596588308,"scope_slr_pulse_vv.jl | SLR-RFF-BRICK 39cedc0 | Ladrillo L27 (v1.2) | draws parameters_subsample_brick_mengel_L27.csv, 500/chain | paleo assignment :single (seed 20260920) | land-water anchor :zero_at_first_year | lws observed | climate MAGICC-SLR 600 members, vv_pulse_wide_20261009 | forcing spliced | tap true | pair seed 2026 | record conditioning: common draw set with the FaIR arm, dropped 2 of 2000 | pulse 0.01 GtCH4 at 2030 | cm rel 1995-2014 | julia 1.12.6"
2241,gis,0.00039363265893932464,0.0005218158379923704,9.113875602625433e-6,0.0001761138587314193,0.001392374921042005,"scope_slr_pulse_vv.jl | SLR-RFF-BRICK 39cedc0 | Ladrillo L27 (v1.2) | draws parameters_subsample_brick_mengel_L27.csv, 500/chain | paleo assignment :single (seed 20260920) | land-water anchor :zero_at_first_year | lws observed | climate MAGICC-SLR 600 members, vv_pulse_wide_20261009 | forcing spliced | tap true | pair seed 2026 | record conditioning: common draw set with the FaIR arm, dropped 2 of 2000 | pulse 0.01 GtCH4 at 2030 | cm rel 1995-2014 | julia 1.12.6"
2242,gis,0.00039250261826317967,0.0005223801709094132,9.17140342877586e-6,0.00017557611521521466,0.0014016012676322008,"scope_slr_pulse_vv.jl | SLR-RFF-BRICK 39cedc0 | Ladrillo L27 (v1.2) | draws parameters_subsample_brick_mengel_L27.csv, 500/chain | paleo assignment :single (seed 20260920) | land-water anchor :zero_at_first_year | lws observed | climate MAGICC-SLR 600 members, vv_pulse_wide_20261009 | forcing spliced | tap true | pair seed 2026 | record conditioning: common draw set with the FaIR arm, dropped 2 of 2000 | pulse 0.01 GtCH4 at 2030 | cm rel 1995-2014 | julia 1.12.6"
2243,gis,0.00039165553057962654,0.00052296223518484,9.22934211695755e-6,0.00017504693582957032,0.001412592613145235,"scope_slr_pulse_vv.jl | SLR-RFF-BRICK 39cedc0 | Ladrillo L27 (v1.2) | draws parameters_subsample_brick_mengel_L27.csv, 500/chain | paleo assignment :single (seed 20260920) | land-water anchor :zero_at_first_year | lws observed | climate MAGICC-SLR 600 members, vv_pulse_wide_20261009 | forcing spliced | tap true | pair seed 2026 | record conditioning: common draw set with the FaIR arm, dropped 2 of 2000 | pulse 0.01 GtCH4 at 2030 | cm rel 1995-2014 | julia 1.12.6"
2244,gis,0.00039108088887296333,0.0005235613480330929,9.287662574629146e-6,0.00017450967117369487,0.0014236660856905546,"scope_slr_pulse_vv.jl | SLR-RFF-BRICK 39cedc0 | Ladrillo L27 (v1.2) | draws parameters_subsample_brick_mengel_L27.csv, 500/chain | paleo assignment :single (seed 20260920) | land-water anchor :zero_at_first_year | lws observed | climate MAGICC-SLR 600 members, vv_pulse_wide_20261009 | forcing spliced | tap true | pair seed 2026 | record conditioning: common draw set with the FaIR arm, dropped 2 of 2000 | pulse 0.01 GtCH4 at 2030 | cm rel 1995-2014 | julia 1.12.6"
2245,gis,0.00039047763396382607,0.0005241768178609055,9.34635923439561e-6,0.00017393889339665237,0.0014346829438792942,"scope_slr_pulse_vv.jl | SLR-RFF-BRICK 39cedc0 | Ladrillo L27 (v1.2) | draws parameters_subsample_brick_mengel_L27.csv, 500/chain | paleo assignment :single (seed 20260920) | land-water anchor :zero_at_first_year | lws observed | climate MAGICC-SLR 600 members, vv_pulse_wide_20261009 | forcing spliced | tap true | pair seed 2026 | record conditioning: common draw set with the FaIR arm, dropped 2 of 2000 | pulse 0.01 GtCH4 at 2030 | cm rel 1995-2014 | julia 1.12.6"
2246,gis,0.00038953335172564607,0.0005248077080581081,9.40542294099071e-6,0.00017337829794676908,0.0014446524527219394,"scope_slr_pulse_vv.jl | SLR-RFF-BRICK 39cedc0 | Ladrillo L27 (v1.2) | draws parameters_subsample_brick_mengel_L27.csv, 500/chain | paleo assignment :single (seed 20260920) | land-water anchor :zero_at_first_year | lws observed | climate MAGICC-SLR 600 members, vv_pulse_wide_20261009 | forcing spliced | tap true | pair seed 2026 | record conditioning: common draw set with the FaIR arm, dropped 2 of 2000 | pulse 0.01 GtCH4 at 2030 | cm rel 1995-2014 | julia 1.12.6"
2247,gis,0.0003887308430385872,0.0005254532036516522,9.464845846651214e-6,0.00017285363216839046,0.0014488288301272678,"scope_slr_pulse_vv.jl | SLR-RFF-BRICK 39cedc0 | Ladrillo L27 (v1.2) | draws parameters_subsample_brick_mengel_L27.csv, 500/chain | paleo assignment :single (seed 20260920) | land-water anchor :zero_at_first_year | lws observed | climate MAGICC-SLR 600 members, vv_pulse_wide_20261009 | forcing spliced | tap true | pair seed 2026 | record conditioning: common draw set with the FaIR arm, dropped 2 of 2000 | pulse 0.01 GtCH4 at 2030 | cm rel 1995-2014 | julia 1.12.6"
2248,gis,0.000387610422501794,0.0005261130453172912,9.524627926120167e-6,0.00017231677315443505,0.001451728075900859,"scope_slr_pulse_vv.jl | SLR-RFF-BRICK 39cedc0 | Ladrillo L27 (v1.2) | draws parameters_subsample_brick_mengel_L27.csv, 500/chain | paleo assignment :single (seed 20260920) | land-water anchor :zero_at_first_year | lws observed | climate MAGICC-SLR 600 members, vv_pulse_wide_20261009 | forcing spliced | tap true | pair seed 2026 | record conditioning: common draw set with the FaIR arm, dropped 2 of 2000 | pulse 0.01 GtCH4 at 2030 | cm rel 1995-2014 | julia 1.12.6"
2249,gis,0.00038653762630147526,0.000526786428728922,9.584776021364298e-6,0.00017177691227789895,0.0014570325771142473,"scope_slr_pulse_vv.jl | SLR-RFF-BRICK 39cedc0 | Ladrillo L27 (v1.2) | draws parameters_subsample_brick_mengel_L27.csv, 500/chain | paleo assignment :single (seed 20260920) | land-water anchor :zero_at_first_year | lws observed | climate MAGICC-SLR 600 members, vv_pulse_wide_20261009 | forcing spliced | tap true | pair seed 2026 | record conditioning: common draw set with the FaIR arm, dropped 2 of 2000 | pulse 0.01 GtCH4 at 2030 | cm rel 1995-2014 | julia 1.12.6"
2250,gis,0.0003854701118797266,0.0005274735339887275,9.645282677566543e-6,0.00017112617803078932,0.00146735191405547,"scope_slr_pulse_vv.jl | SLR-RFF-BRICK 39cedc0 | Ladrillo L27 (v1.2) | draws parameters_subsample_brick_mengel_L27.csv, 500/chain | paleo assignment :single (seed 20260920) | land-water anchor :zero_at_first_year | lws observed | climate MAGICC-SLR 600 members, vv_pulse_wide_20261009 | forcing spliced | tap true | pair seed 2026 | record conditioning: common draw set with the FaIR arm, dropped 2 of 2000 | pulse 0.01 GtCH4 at 2030 | cm rel 1995-2014 | julia 1.12.6"
2251,gis,0.00038467730446534176,0.0005281742501772479,9.706152024407194e-6,0.00017038997895735264,0.001477718883927892,"scope_slr_pulse_vv.jl | SLR-RFF-BRICK 39cedc0 | Ladrillo L27 (v1.2) | draws parameters_subsample_brick_mengel_L27.csv, 500/chain | paleo assignment :single (seed 20260920) | land-water anchor :zero_at_first_year | lws observed | climate MAGICC-SLR 600 members, vv_pulse_wide_20261009 | forcing spliced | tap true | pair seed 2026 | record conditioning: common draw set with the FaIR arm, dropped 2 of 2000 | pulse 0.01 GtCH4 at 2030 | cm rel 1995-2014 | julia 1.12.6"
2252,gis,0.00038390635704566023,0.000528888013131649,9.767397054478897e-6,0.00016966032570060464,0.0014882659707872391,"scope_slr_pulse_vv.jl | SLR-RFF-BRICK 39cedc0 | Ladrillo L27 (v1.2) | draws parameters_subsample_brick_mengel_L27.csv, 500/chain | paleo assignment :single (seed 20260920) | land-water anchor :zero_at_first_year | lws observed | climate MAGICC-SLR 600 members, vv_pulse_wide_20261009 | forcing spliced | tap true | pair seed 2026 | record conditioning: common draw set with the FaIR arm, dropped 2 of 2000 | pulse 0.01 GtCH4 at 2030 | cm rel 1995-2014 | julia 1.12.6"
2253,gis,0.0003828956371538794,0.0005296155246639694,9.829021185717684e-6,0.00016898295354064177,0.0015000582848074366,"scope_slr_pulse_vv.jl | SLR-RFF-BRICK 39cedc0 | Ladrillo L27 (v1.2) | draws parameters_subsample_brick_mengel_L27.csv, 500/chain | paleo assignment :single (seed 20260920) | land-water anchor :zero_at_first_year | lws observed | climate MAGICC-SLR 600 members, vv_pulse_wide_20261009 | forcing spliced | tap true | pair seed 2026 | record conditioning: common draw set with the FaIR arm, dropped 2 of 2000 | pulse 0.01 GtCH4 at 2030 | cm rel 1995-2014 | julia 1.12.6"
2254,gis,0.0003818931752483934,0.0005303569744994345,9.891040731369462e-6,0.00016842057101982278,0.0015103955777604483,"scope_slr_pulse_vv.jl | SLR-RFF-BRICK 39cedc0 | Ladrillo L27 (v1.2) | draws parameters_subsample_brick_mengel_L27.csv, 500/chain | paleo assignment :single (seed 20260920) | land-water anchor :zero_at_first_year | lws observed | climate MAGICC-SLR 600 members, vv_pulse_wide_20261009 | forcing spliced | tap true | pair seed 2026 | record conditioning: common draw set with the FaIR arm, dropped 2 of 2000 | pulse 0.01 GtCH4 at 2030 | cm rel 1995-2014 | julia 1.12.6"
2255,gis,0.0003809003828809665,0.0005311134839842804,9.95345759011847e-6,0.00016786378574202844,0.0015220442022780385,"scope_slr_pulse_vv.jl | SLR-RFF-BRICK 39cedc0 | Ladrillo L27 (v1.2) | draws parameters_subsample_brick_mengel_L27.csv, 500/chain | paleo assignment :single (seed 20260920) | land-water anchor :zero_at_first_year | lws observed | climate MAGICC-SLR 600 members, vv_pulse_wide_20261009 | forcing spliced | tap true | pair seed 2026 | record conditioning: common draw set with the FaIR arm, dropped 2 of 2000 | pulse 0.01 GtCH4 at 2030 | cm rel 1995-2014 | julia 1.12.6"
2256,gis,0.0003799166976605761,0.0005318849618646246,1.0016272117106802e-5,0.000167312414929377,0.001532726512846949,"scope_slr_pulse_vv.jl | SLR-RFF-BRICK 39cedc0 | Ladrillo L27 (v1.2) | draws parameters_subsample_brick_mengel_L27.csv, 500/chain | paleo assignment :single (seed 20260920) | land-water anchor :zero_at_first_year | lws observed | climate MAGICC-SLR 600 members, vv_pulse_wide_20261009 | forcing spliced | tap true | pair seed 2026 | record conditioning: common draw set with the FaIR arm, dropped 2 of 2000 | pulse 0.01 GtCH4 at 2030 | cm rel 1995-2014 | julia 1.12.6"
2257,gis,0.00037894140690575284,0.0005326711363209315,1.0079482219559114e-5,0.0001667586214864514,0.0015431035148072425,"scope_slr_pulse_vv.jl | SLR-RFF-BRICK 39cedc0 | Ladrillo L27 (v1.2) | draws parameters_subsample_brick_mengel_L27.csv, 500/chain | paleo assignment :single (seed 20260920) | land-water anchor :zero_at_first_year | lws observed | climate MAGICC-SLR 600 members, vv_pulse_wide_20261009 | forcing spliced | tap true | pair seed 2026 | record conditioning: common draw set with the FaIR arm, dropped 2 of 2000 | pulse 0.01 GtCH4 at 2030 | cm rel 1995-2014 | julia 1.12.6"
2258,gis,0.0003778720057425744,0.0005334717384305671,1.0143082445831462e-5,0.00016604994366300473,0.001555776915718354,"scope_slr_pulse_vv.jl | SLR-RFF-BRICK 39cedc0 | Ladrillo L27 (v1.2) | draws parameters_subsample_brick_mengel_L27.csv, 500/chain | paleo assignment :single (seed 20260920) | land-water anchor :zero_at_first_year | lws observed | climate MAGICC-SLR 600 members, vv_pulse_wide_20261009 | forcing spliced | tap true | pair seed 2026 | record conditioning: common draw set with the FaIR arm, dropped 2 of 2000 | pulse 0.01 GtCH4 at 2030 | cm rel 1995-2014 | julia 1.12.6"
2259,gis,0.0003769042790153776,0.0005342856993569243,1.0207069028803873e-5,0.00016537557896185718,0.0015673984955753893,"scope_slr_pulse_vv.jl | SLR-RFF-BRICK 39cedc0 | Ladrillo L27 (v1.2) | draws parameters_subsample_brick_mengel_L27.csv, 500/chain | paleo assignment :single (seed 20260920) | land-water anchor :zero_at_first_year | lws observed | climate MAGICC-SLR 600 members, vv_pulse_wide_20261009 | forcing spliced | tap true | pair seed 2026 | record conditioning: common draw set with the FaIR arm, dropped 2 of 2000 | pulse 0.01 GtCH4 at 2030 | cm rel 1995-2014 | julia 1.12.6"
2260,gis,0.0003762244530474135,0.0005351124665938561,1.0271436332564894e-5,0.000164713291724361,0.0015755167942096194,"scope_slr_pulse_vv.jl | SLR-RFF-BRICK 39cedc0 | Ladrillo L27 (v1.2) | draws parameters_subsample_brick_mengel_L27.csv, 500/chain | paleo assignment :single (seed 20260920) | land-water anchor :zero_at_first_year | lws observed | climate MAGICC-SLR 600 members, vv_pulse_wide_20261009 | forcing spliced | tap true | pair seed 2026 | record conditioning: common draw set with the FaIR arm, dropped 2 of 2000 | pulse 0.01 GtCH4 at 2030 | cm rel 1995-2014 | julia 1.12.6"
2261,gis,0.00037522074087270596,0.0005359509408978278,1.033618701426286e-5,0.00016405697311867583,0.0015862025548411646,"scope_slr_pulse_vv.jl | SLR-RFF-BRICK 39cedc0 | Ladrillo L27 (v1.2) | draws parameters_subsample_brick_mengel_L27.csv, 500/chain | paleo assignment :single (seed 20260920) | land-water anchor :zero_at_first_year | lws observed | climate MAGICC-SLR 600 members, vv_pulse_wide_20261009 | forcing spliced | tap true | pair seed 2026 | record conditioning: common draw set with the FaIR arm, dropped 2 of 2000 | pulse 0.01 GtCH4 at 2030 | cm rel 1995-2014 | julia 1.12.6"
2262,gis,0.00037416219713470866,0.000536801482542471,1.0401313245886768e-5,0.00016340648978943053,0.001599165915401812,"scope_slr_pulse_vv.jl | SLR-RFF-BRICK 39cedc0 | Ladrillo L27 (v1.2) | draws parameters_subsample_brick_mengel_L27.csv, 500/chain | paleo assignment :single (seed 20260920) | land-water anchor :zero_at_first_year | lws observed | climate MAGICC-SLR 600 members, vv_pulse_wide_20261009 | forcing spliced | tap true | pair seed 2026 | record conditioning: common draw set with the FaIR arm, dropped 2 of 2000 | pulse 0.01 GtCH4 at 2030 | cm rel 1995-2014 | julia 1.12.6"
2263,gis,0.00037374775410370376,0.0005376643332809496,1.04668205252915e-5,0.00016276196784179576,0.001612011927537082,"scope_slr_pulse_vv.jl | SLR-RFF-BRICK 39cedc0 | Ladrillo L27 (v1.2) | draws parameters_subsample_brick_mengel_L27.csv, 500/chain | paleo assignment :single (seed 20260920) | land-water anchor :zero_at_first_year | lws observed | climate MAGICC-SLR 600 members, vv_pulse_wide_20261009 | forcing spliced | tap true | pair seed 2026 | record conditioning: common draw set with the FaIR arm, dropped 2 of 2000 | pulse 0.01 GtCH4 at 2030 | cm rel 1995-2014 | julia 1.12.6"
2264,gis,0.00037289612893154356,0.0005385399294152379,1.0532726018657123e-5,0.0001622371910601217,0.0016249534355026183,"scope_slr_pulse_vv.jl | SLR-RFF-BRICK 39cedc0 | Ladrillo L27 (v1.2) | draws parameters_subsample_brick_mengel_L27.csv, 500/chain | paleo assignment :single (seed 20260920) | land-water anchor :zero_at_first_year | lws observed | climate MAGICC-SLR 600 members, vv_pulse_wide_20261009 | forcing spliced | tap true | pair seed 2026 | record conditioning: common draw set with the FaIR arm, dropped 2 of 2000 | pulse 0.01 GtCH4 at 2030 | cm rel 1995-2014 | julia 1.12.6"
2265,gis,0.0003720403759785995,0.0005394288631522113,1.0599040966705671e-5,0.0001617363499264002,0.0016323393505007994,"scope_slr_pulse_vv.jl | SLR-RFF-BRICK 39cedc0 | Ladrillo L27 (v1.2) | draws parameters_subsample_brick_mengel_L27.csv, 500/chain | paleo assignment :single (seed 20260920) | land-water anchor :zero_at_first_year | lws observed | climate MAGICC-SLR 600 members, vv_pulse_wide_20261009 | forcing spliced | tap true | pair seed 2026 | record conditioning: common draw set with the FaIR arm, dropped 2 of 2000 | pulse 0.01 GtCH4 at 2030 | cm rel 1995-2014 | julia 1.12.6"
2266,gis,0.0003715052880810532,0.0005403287582927484,1.066579400841225e-5,0.00016124100944416852,0.0016419307140900226,"scope_slr_pulse_vv.jl | SLR-RFF-BRICK 39cedc0 | Ladrillo L27 (v1.2) | draws parameters_subsample_brick_mengel_L27.csv, 500/chain | paleo assignment :single (seed 20260920) | land-water anchor :zero_at_first_year | lws observed | climate MAGICC-SLR 600 members, vv_pulse_wide_20261009 | forcing spliced | tap true | pair seed 2026 | record conditioning: common draw set with the FaIR arm, dropped 2 of 2000 | pulse 0.01 GtCH4 at 2030 | cm rel 1995-2014 | julia 1.12.6"
2267,gis,0.0003708179113335319,0.0005412436022295187,1.0732962487986743e-5,0.00016075122736562973,0.0016478841681387018,"scope_slr_pulse_vv.jl | SLR-RFF-BRICK 39cedc0 | Ladrillo L27 (v1.2) | draws parameters_subsample_brick_mengel_L27.csv, 500/chain | paleo assignment :single (seed 20260920) | land-water anchor :zero_at_first_year | lws observed | climate MAGICC-SLR 600 members, vv_pulse_wide_20261009 | forcing spliced | tap true | pair seed 2026 | record conditioning: common draw set with the FaIR arm, dropped 2 of 2000 | pulse 0.01 GtCH4 at 2030 | cm rel 1995-2014 | julia 1.12.6"
2268,gis,0.00036983242516086534,0.000542172625226779,1.0800543118565185e-5,0.00016008614391402887,0.0016536622650718863,"scope_slr_pulse_vv.jl | SLR-RFF-BRICK 39cedc0 | Ladrillo L27 (v1.2) | draws parameters_subsample_brick_mengel_L27.csv, 500/chain | paleo assignment :single (seed 20260920) | land-water anchor :zero_at_first_year | lws observed | climate MAGICC-SLR 600 members, vv_pulse_wide_20261009 | forcing spliced | tap true | pair seed 2026 | record conditioning: common draw set with the FaIR arm, dropped 2 of 2000 | pulse 0.01 GtCH4 at 2030 | cm rel 1995-2014 | julia 1.12.6"
2269,gis,0.0003688610954490912,0.0005431150128901415,1.086851764102953e-5,0.00015938941151620866,0.0016624881480190366,"scope_slr_pulse_vv.jl | SLR-RFF-BRICK 39cedc0 | Ladrillo L27 (v1.2) | draws parameters_subsample_brick_mengel_L27.csv, 500/chain | paleo assignment :single (seed 20260920) | land-water anchor :zero_at_first_year | lws observed | climate MAGICC-SLR 600 members, vv_pulse_wide_20261009 | forcing spliced | tap true | pair seed 2026 | record conditioning: common draw set with the FaIR arm, dropped 2 of 2000 | pulse 0.01 GtCH4 at 2030 | cm rel 1995-2014 | julia 1.12.6"
2270,gis,0.000368228965195172,0.0005440695387301668,1.0936873330771502e-5,0.0001586992704622148,0.0016743998202020547,"scope_slr_pulse_vv.jl | SLR-RFF-BRICK 39cedc0 | Ladrillo L27 (v1.2) | draws parameters_subsample_brick_mengel_L27.csv, 500/chain | paleo assignment :single (seed 20260920) | land-water anchor :zero_at_first_year | lws observed | climate MAGICC-SLR 600 members, vv_pulse_wide_20261009 | forcing spliced | tap true | pair seed 2026 | record conditioning: common draw set with the FaIR arm, dropped 2 of 2000 | pulse 0.01 GtCH4 at 2030 | cm rel 1995-2014 | julia 1.12.6"
2271,gis,0.00036741613205037993,0.0005450352873337794,1.10056015300377e-5,0.0001580360903979283,0.0016867769781793384,"scope_slr_pulse_vv.jl | SLR-RFF-BRICK 39cedc0 | Ladrillo L27 (v1.2) | draws parameters_subsample_brick_mengel_L27.csv, 500/chain | paleo assignment :single (seed 20260920) | land-water anchor :zero_at_first_year | lws observed | climate MAGICC-SLR 600 members, vv_pulse_wide_20261009 | forcing spliced | tap true | pair seed 2026 | record conditioning: common draw set with the FaIR arm, dropped 2 of 2000 | pulse 0.01 GtCH4 at 2030 | cm rel 1995-2014 | julia 1.12.6"
2272,gis,0.000366476032223062,0.0005460119449240758,1.107469834855932e-5,0.0001574419329571697,0.001697770813525423,"scope_slr_pulse_vv.jl | SLR-RFF-BRICK 39cedc0 | Ladrillo L27 (v1.2) | draws parameters_subsample_brick_mengel_L27.csv, 500/chain | paleo assignment :single (seed 20260920) | land-water anchor :zero_at_first_year | lws observed | climate MAGICC-SLR 600 members, vv_pulse_wide_20261009 | forcing spliced | tap true | pair seed 2026 | record conditioning: common draw set with the FaIR arm, dropped 2 of 2000 | pulse 0.01 GtCH4 at 2030 | cm rel 1995-2014 | julia 1.12.6"
2273,gis,0.0003656613036806533,0.0005469988661263253,1.1144170420483274e-5,0.00015707922459107238,0.001703298006911423,"scope_slr_pulse_vv.jl | SLR-RFF-BRICK 39cedc0 | Ladrillo L27 (v1.2) | draws parameters_subsample_brick_mengel_L27.csv, 500/chain | paleo assignment :single (seed 20260920) | land-water anchor :zero_at_first_year | lws observed | climate MAGICC-SLR 600 members, vv_pulse_wide_20261009 | forcing spliced | tap true | pair seed 2026 | record conditioning: common draw set with the FaIR arm, dropped 2 of 2000 | pulse 0.01 GtCH4 at 2030 | cm rel 1995-2014 | julia 1.12.6"
2274,gis,0.00036504244207513636,0.0005479969424978173,1.1214024844641774e-5,0.00015671826153482727,0.0017209259670227788,"scope_slr_pulse_vv.jl | SLR-RFF-BRICK 39cedc0 | Ladrillo L27 (v1.2) | draws parameters_subsample_brick_mengel_L27.csv, 500/chain | paleo assignment :single (seed 20260920) | land-water anchor :zero_at_first_year | lws observed | climate MAGICC-SLR 600 members, vv_pulse_wide_20261009 | forcing spliced | tap true | pair seed 2026 | record conditioning: common draw set with the FaIR arm, dropped 2 of 2000 | pulse 0.01 GtCH4 at 2030 | cm rel 1995-2014 | julia 1.12.6"
2275,gis,0.0003646649068365093,0.000549006818586234,1.1284272862413214e-5,0.0001563598260858612,0.0017383844597748774,"scope_slr_pulse_vv.jl | SLR-RFF-BRICK 39cedc0 | Ladrillo L27 (v1.2) | draws parameters_subsample_brick_mengel_L27.csv, 500/chain | paleo assignment :single (seed 20260920) | land-water anchor :zero_at_first_year | lws observed | climate MAGICC-SLR 600 members, vv_pulse_wide_20261009 | forcing spliced | tap true | pair seed 2026 | record conditioning: common draw set with the FaIR arm, dropped 2 of 2000 | pulse 0.01 GtCH4 at 2030 | cm rel 1995-2014 | julia 1.12.6"
2276,gis,0.00036397266192622624,0.0005500292315236496,1.1354926937124733e-5,0.00015600466853324946,0.001745281868907966,"scope_slr_pulse_vv.jl | SLR-RFF-BRICK 39cedc0 | Ladrillo L27 (v1.2) | draws parameters_subsample_brick_mengel_L27.csv, 500/chain | paleo assignment :single (seed 20260920) | land-water anchor :zero_at_first_year | lws observed | climate MAGICC-SLR 600 members, vv_pulse_wide_20261009 | forcing spliced | tap true | pair seed 2026 | record conditioning: common draw set with the FaIR arm, dropped 2 of 2000 | pulse 0.01 GtCH4 at 2030 | cm rel 1995-2014 | julia 1.12.6"
2277,gis,0.0003633439457431109,0.0005510647606528043,1.1426011722332935e-5,0.00015565305730493864,0.0017510696116804778,"scope_slr_pulse_vv.jl | SLR-RFF-BRICK 39cedc0 | Ladrillo L27 (v1.2) | draws parameters_subsample_brick_mengel_L27.csv, 500/chain | paleo assignment :single (seed 20260920) | land-water anchor :zero_at_first_year | lws observed | climate MAGICC-SLR 600 members, vv_pulse_wide_20261009 | forcing spliced | tap true | pair seed 2026 | record conditioning: common draw set with the FaIR arm, dropped 2 of 2000 | pulse 0.01 GtCH4 at 2030 | cm rel 1995-2014 | julia 1.12.6"
2278,gis,0.0003626249457315822,0.0005521129615589756,1.149752449224397e-5,0.00015533326969521257,0.0017568274379915036,"scope_slr_pulse_vv.jl | SLR-RFF-BRICK 39cedc0 | Ladrillo L27 (v1.2) | draws parameters_subsample_brick_mengel_L27.csv, 500/chain | paleo assignment :single (seed 20260920) | land-water anchor :zero_at_first_year | lws observed | climate MAGICC-SLR 600 members, vv_pulse_wide_20261009 | forcing spliced | tap true | pair seed 2026 | record conditioning: common draw set with the FaIR arm, dropped 2 of 2000 | pulse 0.01 GtCH4 at 2030 | cm rel 1995-2014 | julia 1.12.6"
2279,gis,0.00036203255857181205,0.0005531730369701573,1.1569446478215716e-5,0.0001548345562195408,0.0017643769131964859,"scope_slr_pulse_vv.jl | SLR-RFF-BRICK 39cedc0 | Ladrillo L27 (v1.2) | draws parameters_subsample_brick_mengel_L27.csv, 500/chain | paleo assignment :single (seed 20260920) | land-water anchor :zero_at_first_year | lws observed | climate MAGICC-SLR 600 members, vv_pulse_wide_20261009 | forcing spliced | tap true | pair seed 2026 | record conditioning: common draw set with the FaIR arm, dropped 2 of 2000 | pulse 0.01 GtCH4 at 2030 | cm rel 1995-2014 | julia 1.12.6"
2280,gis,0.0003614440110304429,0.0005542443553623798,1.1641769802839687e-5,0.00015431503071976492,0.0017740516705792681,"scope_slr_pulse_vv.jl | SLR-RFF-BRICK 39cedc0 | Ladrillo L27 (v1.2) | draws parameters_subsample_brick_mengel_L27.csv, 500/chain | paleo assignment :single (seed 20260920) | land-water anchor :zero_at_first_year | lws observed | climate MAGICC-SLR 600 members, vv_pulse_wide_20261009 | forcing spliced | tap true | pair seed 2026 | record conditioning: common draw set with the FaIR arm, dropped 2 of 2000 | pulse 0.01 GtCH4 at 2030 | cm rel 1995-2014 | julia 1.12.6"
2281,gis,0.0003607683350814739,0.0005553261362166011,1.171448423332655e-5,0.0001537607686858067,0.0017894545703196483,"scope_slr_pulse_vv.jl | SLR-RFF-BRICK 39cedc0 | Ladrillo L27 (v1.2) | draws parameters_subsample_brick_mengel_L27.csv, 500/chain | paleo assignment :single (seed 20260920) | land-water anchor :zero_at_first_year | lws observed | climate MAGICC-SLR 600 members, vv_pulse_wide_20261009 | forcing spliced | tap true | pair seed 2026 | record conditioning: common draw set with the FaIR arm, dropped 2 of 2000 | pulse 0.01 GtCH4 at 2030 | cm rel 1995-2014 | julia 1.12.6"
2282,gis,0.0003600081100127994,0.0005564180008894243,1.178758576606983e-5,0.00015319274217890922,0.0018032025134427695,"scope_slr_pulse_vv.jl | SLR-RFF-BRICK 39cedc0 | Ladrillo L27 (v1.2) | draws parameters_subsample_brick_mengel_L27.csv, 500/chain | paleo assignment :single (seed 20260920) | land-water anchor :zero_at_first_year | lws observed | climate MAGICC-SLR 600 members, vv_pulse_wide_20261009 | forcing spliced | tap true | pair seed 2026 | record conditioning: common draw set with the FaIR arm, dropped 2 of 2000 | pulse 0.01 GtCH4 at 2030 | cm rel 1995-2014 | julia 1.12.6"
2283,gis,0.00035917777349325775,0.0005575195685411781,1.1861103139862052e-5,0.00015262869032746097,0.0018149757321900494,"scope_slr_pulse_vv.jl | SLR-RFF-BRICK 39cedc0 | Ladrillo L27 (v1.2) | draws parameters_subsample_brick_mengel_L27.csv, 500/chain | paleo assignment :single (seed 20260920) | land-water anchor :zero_at_first_year | lws observed | climate MAGICC-SLR 600 members, vv_pulse_wide_20261009 | forcing spliced | tap true | pair seed 2026 | record conditioning: common draw set with the FaIR arm, dropped 2 of 2000 | pulse 0.01 GtCH4 at 2030 | cm rel 1995-2014 | julia 1.12.6"
2284,gis,0.00035851811232667785,0.0005586315692253703,1.1935029303880608e-5,0.00015206862092131956,0.0018231998748262865,"scope_slr_pulse_vv.jl | SLR-RFF-BRICK 39cedc0 | Ladrillo L27 (v1.2) | draws parameters_subsample_brick_mengel_L27.csv, 500/chain | paleo assignment :single (seed 20260920) | land-water anchor :zero_at_first_year | lws observed | climate MAGICC-SLR 600 members, vv_pulse_wide_20261009 | forcing spliced | tap true | pair seed 2026 | record conditioning: common draw set with the FaIR arm, dropped 2 of 2000 | pulse 0.01 GtCH4 at 2030 | cm rel 1995-2014 | julia 1.12.6"
2285,gis,0.0003577960359653076,0.0005597544828960887,1.2009370414273408e-5,0.00015151261195001098,0.0018342344673463627,"scope_slr_pulse_vv.jl | SLR-RFF-BRICK 39cedc0 | Ladrillo L27 (v1.2) | draws parameters_subsample_brick_mengel_L27.csv, 500/chain | paleo assignment :single (seed 20260920) | land-water anchor :zero_at_first_year | lws observed | climate MAGICC-SLR 600 members, vv_pulse_wide_20261009 | forcing spliced | tap true | pair seed 2026 | record conditioning: common draw set with the FaIR arm, dropped 2 of 2000 | pulse 0.01 GtCH4 at 2030 | cm rel 1995-2014 | julia 1.12.6"
2286,gis,0.00035706587584627414,0.0005608885922437853,1.2084142909016526e-5,0.00015096082904300092,0.0018453136114324308,"scope_slr_pulse_vv.jl | SLR-RFF-BRICK 39cedc0 | Ladrillo L27 (v1.2) | draws parameters_subsample_brick_mengel_L27.csv, 500/chain | paleo assignment :single (seed 20260920) | land-water anchor :zero_at_first_year | lws observed | climate MAGICC-SLR 600 members, vv_pulse_wide_20261009 | forcing spliced | tap true | pair seed 2026 | record conditioning: common draw set with the FaIR arm, dropped 2 of 2000 | pulse 0.01 GtCH4 at 2030 | cm rel 1995-2014 | julia 1.12.6"
2287,gis,0.00035631311188843995,0.0005620352206114816,1.215935323258673e-5,0.0001504134118427203,0.00185393468130357,"scope_slr_pulse_vv.jl | SLR-RFF-BRICK 39cedc0 | Ladrillo L27 (v1.2) | draws parameters_subsample_brick_mengel_L27.csv, 500/chain | paleo assignment :single (seed 20260920) | land-water anchor :zero_at_first_year | lws observed | climate MAGICC-SLR 600 members, vv_pulse_wide_20261009 | forcing spliced | tap true | pair seed 2026 | record conditioning: common draw set with the FaIR arm, dropped 2 of 2000 | pulse 0.01 GtCH4 at 2030 | cm rel 1995-2014 | julia 1.12.6"
2288,gis,0.0003555678215576563,0.0005631943024039287,1.223500001687547e-5,0.0001498703209160013,0.001869822600278681,"scope_slr_pulse_vv.jl | SLR-RFF-BRICK 39cedc0 | Ladrillo L27 (v1.2) | draws parameters_subsample_brick_mengel_L27.csv, 500/chain | paleo assignment :single (seed 20260920) | land-water anchor :zero_at_first_year | lws observed | climate MAGICC-SLR 600 members, vv_pulse_wide_20261009 | forcing spliced | tap true | pair seed 2026 | record conditioning: common draw set with the FaIR arm, dropped 2 of 2000 | pulse 0.01 GtCH4 at 2030 | cm rel 1995-2014 | julia 1.12.6"
2289,gis,0.0003548713698044992,0.0005643654016216768,1.2311065889138161e-5,0.0001493349896577456,0.0018817609790573893,"scope_slr_pulse_vv.jl | SLR-RFF-BRICK 39cedc0 | Ladrillo L27 (v1.2) | draws parameters_subsample_brick_mengel_L27.csv, 500/chain | paleo assignment :single (seed 20260920) | land-water anchor :zero_at_first_year | lws observed | climate MAGICC-SLR 600 members, vv_pulse_wide_20261009 | forcing spliced | tap true | pair seed 2026 | record conditioning: common draw set with the FaIR arm, dropped 2 of 2000 | pulse 0.01 GtCH4 at 2030 | cm rel 1995-2014 | julia 1.12.6"
2290,gis,0.0003540405051598583,0.0005655469118533975,1.2387532911724691e-5,0.00014880642933867705,0.0018883840379771751,"scope_slr_pulse_vv.jl | SLR-RFF-BRICK 39cedc0 | Ladrillo L27 (v1.2) | draws parameters_subsample_brick_mengel_L27.csv, 500/chain | paleo assignment :single (seed 20260920) | land-water anchor :zero_at_first_year | lws observed | climate MAGICC-SLR 600 members, vv_pulse_wide_20261009 | forcing spliced | tap true | pair seed 2026 | record conditioning: common draw set with the FaIR arm, dropped 2 of 2000 | pulse 0.01 GtCH4 at 2030 | cm rel 1995-2014 | julia 1.12.6"
2291,gis,0.000353293366359253,0.0005667381620593426,1.2464393098860556e-5,0.00014840092405901117,0.0018958347512779028,"scope_slr_pulse_vv.jl | SLR-RFF-BRICK 39cedc0 | Ladrillo L27 (v1.2) | draws parameters_subsample_brick_mengel_L27.csv, 500/chain | paleo assignment :single (seed 20260920) | land-water anchor :zero_at_first_year | lws observed | climate MAGICC-SLR 600 members, vv_pulse_wide_20261009 | forcing spliced | tap true | pair seed 2026 | record conditioning: common draw set with the FaIR arm, dropped 2 of 2000 | pulse 0.01 GtCH4 at 2030 | cm rel 1995-2014 | julia 1.12.6"
2292,gis,0.00035259523930797343,0.0005679386390120217,1.2541642609207736e-5,0.00014815919068489336,0.0019030322070772595,"scope_slr_pulse_vv.jl | SLR-RFF-BRICK 39cedc0 | Ladrillo L27 (v1.2) | draws parameters_subsample_brick_mengel_L27.csv, 500/chain | paleo assignment :single (seed 20260920) | land-water anchor :zero_at_first_year | lws observed | climate MAGICC-SLR 600 members, vv_pulse_wide_20261009 | forcing spliced | tap true | pair seed 2026 | record conditioning: common draw set with the FaIR arm, dropped 2 of 2000 | pulse 0.01 GtCH4 at 2030 | cm rel 1995-2014 | julia 1.12.6"
2293,gis,0.0003516853158078703,0.0005691475948902533,1.2619276715893267e-5,0.0001478160347032187,0.0019145899470792921,"scope_slr_pulse_vv.jl | SLR-RFF-BRICK 39cedc0 | Ladrillo L27 (v1.2) | draws parameters_subsample_brick_mengel_L27.csv, 500/chain | paleo assignment :single (seed 20260920) | land-water anchor :zero_at_first_year | lws observed | climate MAGICC-SLR 600 members, vv_pulse_wide_20261009 | forcing spliced | tap true | pair seed 2026 | record conditioning: common draw set with the FaIR arm, dropped 2 of 2000 | pulse 0.01 GtCH4 at 2030 | cm rel 1995-2014 | julia 1.12.6"
2294,gis,0.0003509305545676966,0.0005703639516570914,1.2697284119402537e-5,0.0001473695356573046,0.001927727930061351,"scope_slr_pulse_vv.jl | SLR-RFF-BRICK 39cedc0 | Ladrillo L27 (v1.2) | draws parameters_subsample_brick_mengel_L27.csv, 500/chain | paleo assignment :single (seed 20260920) | land-water anchor :zero_at_first_year | lws observed | climate MAGICC-SLR 600 members, vv_pulse_wide_20261009 | forcing spliced | tap true | pair seed 2026 | record conditioning: common draw set with the FaIR arm, dropped 2 of 2000 | pulse 0.01 GtCH4 at 2030 | cm rel 1995-2014 | julia 1.12.6"
2295,gis,0.0003503684562975451,0.000571588726713125,1.2775663965474778e-5,0.0001470053001524363,0.0019404329590198442,"scope_slr_pulse_vv.jl | SLR-RFF-BRICK 39cedc0 | Ladrillo L27 (v1.2) | draws parameters_subsample_brick_mengel_L27.csv, 500/chain | paleo assignment :single (seed 20260920) | land-water anchor :zero_at_first_year | lws observed | climate MAGICC-SLR 600 members, vv_pulse_wide_20261009 | forcing spliced | tap true | pair seed 2026 | record conditioning: common draw set with the FaIR arm, dropped 2 of 2000 | pulse 0.01 GtCH4 at 2030 | cm rel 1995-2014 | julia 1.12.6"
2296,gis,0.00034965837255818144,0.0005728227299761825,1.2854427885434159e-5,0.00014664629474765435,0.0019475756743631213,"scope_slr_pulse_vv.jl | SLR-RFF-BRICK 39cedc0 | Ladrillo L27 (v1.2) | draws parameters_subsample_brick_mengel_L27.csv, 500/chain | paleo assignment :single (seed 20260920) | land-water anchor :zero_at_first_year | lws observed | climate MAGICC-SLR 600 members, vv_pulse_wide_20261009 | forcing spliced | tap true | pair seed 2026 | record conditioning: common draw set with the FaIR arm, dropped 2 of 2000 | pulse 0.01 GtCH4 at 2030 | cm rel 1995-2014 | julia 1.12.6"
2297,gis,0.0003489714030884272,0.0005740672798759741,1.2933586197285501e-5,0.00014630382769915682,0.001958369106911916,"scope_slr_pulse_vv.jl | SLR-RFF-BRICK 39cedc0 | Ladrillo L27 (v1.2) | draws parameters_subsample_brick_mengel_L27.csv, 500/chain | paleo assignment :single (seed 20260920) | land-water anchor :zero_at_first_year | lws observed | climate MAGICC-SLR 600 members, vv_pulse_wide_20261009 | forcing spliced | tap true | pair seed 2026 | record conditioning: common draw set with the FaIR arm, dropped 2 of 2000 | pulse 0.01 GtCH4 at 2030 | cm rel 1995-2014 | julia 1.12.6"
2298,gis,0.00034824799094757,0.0005753231409628952,1.3013140255645027e-5,0.00014587794066915906,0.0019689369293832467,"scope_slr_pulse_vv.jl | SLR-RFF-BRICK 39cedc0 | Ladrillo L27 (v1.2) | draws parameters_subsample_brick_mengel_L27.csv, 500/chain | paleo assignment :single (seed 20260920) | land-water anchor :zero_at_first_year | lws observed | climate MAGICC-SLR 600 members, vv_pulse_wide_20261009 | forcing spliced | tap true | pair seed 2026 | record conditioning: common draw set with the FaIR arm, dropped 2 of 2000 | pulse 0.01 GtCH4 at 2030 | cm rel 1995-2014 | julia 1.12.6"
2299,gis,0.00034745176916395337,0.000576589750369625,1.3093087122889235e-5,0.00014537142117134751,0.0019787469278366387,"scope_slr_pulse_vv.jl | SLR-RFF-BRICK 39cedc0 | Ladrillo L27 (v1.2) | draws parameters_subsample_brick_mengel_L27.csv, 500/chain | paleo assignment :single (seed 20260920) | land-water anchor :zero_at_first_year | lws observed | climate MAGICC-SLR 600 members, vv_pulse_wide_20261009 | forcing spliced | tap true | pair seed 2026 | record conditioning: common draw set with the FaIR arm, dropped 2 of 2000 | pulse 0.01 GtCH4 at 2030 | cm rel 1995-2014 | julia 1.12.6"
2300,gis,0.00034682886616010933,0.0005778704788890468,1.3173405156648002e-5,0.00014487962527471866,0.0019869656845980183,"scope_slr_pulse_vv.jl | SLR-RFF-BRICK 39cedc0 | Ladrillo L27 (v1.2) | draws parameters_subsample_brick_mengel_L27.csv, 500/chain | paleo assignment :single (seed 20260920) | land-water anchor :zero_at_first_year | lws observed | climate MAGICC-SLR 600 members, vv_pulse_wide_20261009 | forcing spliced | tap true | pair seed 2026 | record conditioning: common draw set with the FaIR arm, dropped 2 of 2000 | pulse 0.01 GtCH4 at 2030 | cm rel 1995-2014 | julia 1.12.6"
2025,ais,0.0,0.0,0.0,0.0,0.0,"scope_slr_pulse_vv.jl | SLR-RFF-BRICK 39cedc0 | Ladrillo L27 (v1.2) | draws parameters_subsample_brick_mengel_L27.csv, 500/chain | paleo assignment :single (seed 20260920) | land-water anchor :zero_at_first_year | lws observed | climate MAGICC-SLR 600 members, vv_pulse_wide_20261009 | forcing spliced | tap true | pair seed 2026 | record conditioning: common draw set with the FaIR arm, dropped 2 of 2000 | pulse 0.01 GtCH4 at 2030 | cm rel 1995-2014 | julia 1.12.6"
2026,ais,0.0,0.0,0.0,0.0,0.0,"scope_slr_pulse_vv.jl | SLR-RFF-BRICK 39cedc0 | Ladrillo L27 (v1.2) | draws parameters_subsample_brick_mengel_L27.csv, 500/chain | paleo assignment :single (seed 20260920) | land-water anchor :zero_at_first_year | lws observed | climate MAGICC-SLR 600 members, vv_pulse_wide_20261009 | forcing spliced | tap true | pair seed 2026 | record conditioning: common draw set with the FaIR arm, dropped 2 of 2000 | pulse 0.01 GtCH4 at 2030 | cm rel 1995-2014 | julia 1.12.6"
2027,ais,-4.702221945152019e-9,-6.012428742839991e-9,1.0111596695133602e-10,-1.4736866726927644e-8,-1.3616541227889911e-9,"scope_slr_pulse_vv.jl | SLR-RFF-BRICK 39cedc0 | Ladrillo L27 (v1.2) | draws parameters_subsample_brick_mengel_L27.csv, 500/chain | paleo assignment :single (seed 20260920) | land-water anchor :zero_at_first_year | lws observed | climate MAGICC-SLR 600 members, vv_pulse_wide_20261009 | forcing spliced | tap true | pair seed 2026 | record conditioning: common draw set with the FaIR arm, dropped 2 of 2000 | pulse 0.01 GtCH4 at 2030 | cm rel 1995-2014 | julia 1.12.6"
2028,ais,-1.1510492559096974e-8,-1.3904746156614325e-8,2.2303927485212682e-10,-3.277000337753577e-8,-3.0289637464875345e-9,"scope_slr_pulse_vv.jl | SLR-RFF-BRICK 39cedc0 | Ladrillo L27 (v1.2) | draws parameters_subsample_brick_mengel_L27.csv, 500/chain | paleo assignment :single (seed 20260920) | land-water anchor :zero_at_first_year | lws observed | climate MAGICC-SLR 600 members, vv_pulse_wide_20261009 | forcing spliced | tap true | pair seed 2026 | record conditioning: common draw set with the FaIR arm, dropped 2 of 2000 | pulse 0.01 GtCH4 at 2030 | cm rel 1995-2014 | julia 1.12.6"
2029,ais,-2.0618456941789987e-8,-2.3710239644187153e-8,3.6155276568540327e-10,-5.39952149658518e-8,-5.054200391541032e-9,"scope_slr_pulse_vv.jl | SLR-RFF-BRICK 39cedc0 | Ladrillo L27 (v1.2) | draws parameters_subsample_brick_mengel_L27.csv, 500/chain | paleo assignment :single (seed 20260920) | land-water anchor :zero_at_first_year | lws observed | climate MAGICC-SLR 600 members, vv_pulse_wide_20261009 | forcing spliced | tap true | pair seed 2026 | record conditioning: common draw set with the FaIR arm, dropped 2 of 2000 | pulse 0.01 GtCH4 at 2030 | cm rel 1995-2014 | julia 1.12.6"
2030,ais,-3.151036098714144e-8,-3.5430838409324406e-8,5.139346040638378e-10,-7.784036248903448e-8,-7.418853864571419e-9,"scope_slr_pulse_vv.jl | SLR-RFF-BRICK 39cedc0 | Ladrillo L27 (v1.2) | draws parameters_subsample_brick_mengel_L27.csv, 500/chain | paleo assignment :single (seed 20260920) | land-water anchor :zero_at_first_year | lws observed | climate MAGICC-SLR 600 members, vv_pulse_wide_20261009 | forcing spliced | tap true | pair seed 2026 | record conditioning: common draw set with the FaIR arm, dropped 2 of 2000 | pulse 0.01 GtCH4 at 2030 | cm rel 1995-2014 | julia 1.12.6"
2031,ais,-4.469151715369435e-8,-4.9009251328784755e-8,6.77159365107235e-10,-1.0435578734480089e-7,-1.0290465146667322e-8,"scope_slr_pulse_vv.jl | SLR-RFF-BRICK 39cedc0 | Ladrillo L27 (v1.2) | draws parameters_subsample_brick_mengel_L27.csv, 500/chain | paleo assignment :single (seed 20260920) | land-water anchor :zero_at_first_year | lws observed | climate MAGICC-SLR 600 members, vv_pulse_wide_20261009 | forcing spliced | tap true | pair seed 2026 | record conditioning: common draw set with the FaIR arm, dropped 2 of 2000 | pulse 0.01 GtCH4 at 2030 | cm rel 1995-2014 | julia 1.12.6"
2032,ais,7.636942861433127e-6,7.58806017362899e-6,5.458425794975779e-8,3.4623373035280736e-6,1.1581163686380513e-5,"scope_slr_pulse_vv.jl | SLR-RFF-BRICK 39cedc0 | Ladrillo L27 (v1.2) | draws parameters_subsample_brick_mengel_L27.csv, 500/chain | paleo assignment :single (seed 20260920) | land-water anchor :zero_at_first_year | lws observed | climate MAGICC-SLR 600 members, vv_pulse_wide_20261009 | forcing spliced | tap true | pair seed 2026 | record conditioning: common draw set with the FaIR arm, dropped 2 of 2000 | pulse 0.01 GtCH4 at 2030 | cm rel 1995-2014 | julia 1.12.6"
2033,ais,2.1513495984670783e-5,2.1619858901126312e-5,1.618511821673543e-7,9.846074986996635e-6,3.362302668619144e-5,"scope_slr_pulse_vv.jl | SLR-RFF-BRICK 39cedc0 | Ladrillo L27 (v1.2) | draws parameters_subsample_brick_mengel_L27.csv, 500/chain | paleo assignment :single (seed 20260920) | land-water anchor :zero_at_first_year | lws observed | climate MAGICC-SLR 600 members, vv_pulse_wide_20261009 | forcing spliced | tap true | pair seed 2026 | record conditioning: common draw set with the FaIR arm, dropped 2 of 2000 | pulse 0.01 GtCH4 at 2030 | cm rel 1995-2014 | julia 1.12.6"
2034,ais,3.7620832432638807e-5,3.8146513019702956e-5,2.9660300342212933e-7,1.7029116645139734e-5,6.062520897132105e-5,"scope_slr_pulse_vv.jl | SLR-RFF-BRICK 39cedc0 | Ladrillo L27 (v1.2) | draws parameters_subsample_brick_mengel_L27.csv, 500/chain | paleo assignment :single (seed 20260920) | land-water anchor :zero_at_first_year | lws observed | climate MAGICC-SLR 600 members, vv_pulse_wide_20261009 | forcing spliced | tap true | pair seed 2026 | record conditioning: common draw set with the FaIR arm, dropped 2 of 2000 | pulse 0.01 GtCH4 at 2030 | cm rel 1995-2014 | julia 1.12.6"
2035,ais,5.4864915927099744e-5,5.584271430951853e-5,4.454655974491955e-7,2.4584782196690472e-5,9.068843993931261e-5,"scope_slr_pulse_vv.jl | SLR-RFF-BRICK 39cedc0 | Ladrillo L27 (v1.2) | draws parameters_subsample_brick_mengel_L27.csv, 500/chain | paleo assignment :single (seed 20260920) | land-water anchor :zero_at_first_year | lws observed | climate MAGICC-SLR 600 members, vv_pulse_wide_20261009 | forcing spliced | tap true | pair seed 2026 | record conditioning: common draw set with the FaIR arm, dropped 2 of 2000 | pulse 0.01 GtCH4 at 2030 | cm rel 1995-2014 | julia 1.12.6"
2036,ais,7.232265166745577e-5,0.0003210590542499016,0.0002444249400469743,3.214180272603784e-5,0.00012224380101011342,"scope_slr_pulse_vv.jl | SLR-RFF-BRICK 39cedc0 | Ladrillo L27 (v1.2) | draws parameters_subsample_brick_mengel_L27.csv, 500/chain | paleo assignment :single (seed 20260920) | land-water anchor :zero_at_first_year | lws observed | climate MAGICC-SLR 600 members, vv_pulse_wide_20261009 | forcing spliced | tap true | pair seed 2026 | record conditioning: common draw set with the FaIR arm, dropped 2 of 2000 | pulse 0.01 GtCH4 at 2030 | cm rel 1995-2014 | julia 1.12.6"
2037,ais,9.015924866684344e-5,0.00034075089951041344,0.00024593672588273395,3.97393344747643e-5,0.00015281271324829593,"scope_slr_pulse_vv.jl | SLR-RFF-BRICK 39cedc0 | Ladrillo L27 (v1.2) | draws parameters_subsample_brick_mengel_L27.csv, 500/chain | paleo assignment :single (seed 20260920) | land-water anchor :zero_at_first_year | lws observed | climate MAGICC-SLR 600 members, vv_pulse_wide_20261009 | forcing spliced | tap true | pair seed 2026 | record conditioning: common draw set with the FaIR arm, dropped 2 of 2000 | pulse 0.01 GtCH4 at 2030 | cm rel 1995-2014 | julia 1.12.6"
2038,ais,0.0001078517028352266,0.00036755122628096936,0.0002460175195627495,4.7457870774869626e-5,0.00018335408222380778,"scope_slr_pulse_vv.jl | SLR-RFF-BRICK 39cedc0 | Ladrillo L27 (v1.2) | draws parameters_subsample_brick_mengel_L27.csv, 500/chain | paleo assignment :single (seed 20260920) | land-water anchor :zero_at_first_year | lws observed | climate MAGICC-SLR 600 members, vv_pulse_wide_20261009 | forcing spliced | tap true | pair seed 2026 | record conditioning: common draw set with the FaIR arm, dropped 2 of 2000 | pulse 0.01 GtCH4 at 2030 | cm rel 1995-2014 | julia 1.12.6"
2039,ais,0.00012525642126837155,0.0003852116098979488,0.0002459342536541916,5.477839675194218e-5,0.0002133948184657175,"scope_slr_pulse_vv.jl | SLR-RFF-BRICK 39cedc0 | Ladrillo L27 (v1.2) | draws parameters_subsample_brick_mengel_L27.csv, 500/chain | paleo assignment :single (seed 20260920) | land-water anchor :zero_at_first_year | lws observed | climate MAGICC-SLR 600 members, vv_pulse_wide_20261009 | forcing spliced | tap true | pair seed 2026 | record conditioning: common draw set with the FaIR arm, dropped 2 of 2000 | pulse 0.01 GtCH4 at 2030 | cm rel 1995-2014 | julia 1.12.6"
2040,ais,0.00014198040788060418,0.0004024062873097006,0.00024584850684911775,6.17938216163072e-5,0.00024253242756455684,"scope_slr_pulse_vv.jl | SLR-RFF-BRICK 39cedc0 | Ladrillo L27 (v1.2) | draws parameters_subsample_brick_mengel_L27.csv, 500/chain | paleo assignment :single (seed 20260920) | land-water anchor :zero_at_first_year | lws observed | climate MAGICC-SLR 600 members, vv_pulse_wide_20261009 | forcing spliced | tap true | pair seed 2026 | record conditioning: common draw set with the FaIR arm, dropped 2 of 2000 | pulse 0.01 GtCH4 at 2030 | cm rel 1995-2014 | julia 1.12.6"
2041,ais,0.0001578802801827095,0.0004191303196318125,0.00024576263342548183,6.86315320125308e-5,0.00027119941917341794,"scope_slr_pulse_vv.jl | SLR-RFF-BRICK 39cedc0 | Ladrillo L27 (v1.2) | draws parameters_subsample_brick_mengel_L27.csv, 500/chain | paleo assignment :single (seed 20260920) | land-water anchor :zero_at_first_year | lws observed | climate MAGICC-SLR 600 members, vv_pulse_wide_20261009 | forcing spliced | tap true | pair seed 2026 | record conditioning: common draw set with the FaIR arm, dropped 2 of 2000 | pulse 0.01 GtCH4 at 2030 | cm rel 1995-2014 | julia 1.12.6"
2042,ais,0.00017374608012321602,0.00043533384886161315,0.00024567665983628686,7.558046677513809e-5,0.00029951256391380626,"scope_slr_pulse_vv.jl | SLR-RFF-BRICK 39cedc0 | Ladrillo L27 (v1.2) | draws parameters_subsample_brick_mengel_L27.csv, 500/chain | paleo assignment :single (seed 20260920) | land-water anchor :zero_at_first_year | lws observed | climate MAGICC-SLR 600 members, vv_pulse_wide_20261009 | forcing spliced | tap true | pair seed 2026 | record conditioning: common draw set with the FaIR arm, dropped 2 of 2000 | pulse 0.01 GtCH4 at 2030 | cm rel 1995-2014 | julia 1.12.6"
2043,ais,0.00018877709818676536,0.0004510020858928833,0.0002455905653379534,8.204920105170378e-5,0.0003271719570380193,"scope_slr_pulse_vv.jl | SLR-RFF-BRICK 39cedc0 | Ladrillo L27 (v1.2) | draws parameters_subsample_brick_mengel_L27.csv, 500/chain | paleo assignment :single (seed 20260920) | land-water anchor :zero_at_first_year | lws observed | climate MAGICC-SLR 600 members, vv_pulse_wide_20261009 | forcing spliced | tap true | pair seed 2026 | record conditioning: common draw set with the FaIR arm, dropped 2 of 2000 | pulse 0.01 GtCH4 at 2030 | cm rel 1995-2014 | julia 1.12.6"
2044,ais,0.00020352125951195177,0.00046614514692328094,0.00024550432011129946,8.795318470860013e-5,0.00035296095422743257,"scope_slr_pulse_vv.jl | SLR-RFF-BRICK 39cedc0 | Ladrillo L27 (v1.2) | draws parameters_subsample_brick_mengel_L27.csv, 500/chain | paleo assignment :single (seed 20260920) | land-water anchor :zero_at_first_year | lws observed | climate MAGICC-SLR 600 members, vv_pulse_wide_20261009 | forcing spliced | tap true | pair seed 2026 | record conditioning: common draw set with the FaIR arm, dropped 2 of 2000 | pulse 0.01 GtCH4 at 2030 | cm rel 1995-2014 | julia 1.12.6"
2045,ais,0.00021768680611433666,0.0004807776641001706,0.0002454178999275887,9.46772562182563e-5,0.0003793185171296898,"scope_slr_pulse_vv.jl | SLR-RFF-BRICK 39cedc0 | Ladrillo L27 (v1.2) | draws parameters_subsample_brick_mengel_L27.csv, 500/chain | paleo assignment :single (seed 20260920) | land-water anchor :zero_at_first_year | lws observed | climate MAGICC-SLR 600 members, vv_pulse_wide_20261009 | forcing spliced | tap true | pair seed 2026 | record conditioning: common draw set with the FaIR arm, dropped 2 of 2000 | pulse 0.01 GtCH4 at 2030 | cm rel 1995-2014 | julia 1.12.6"
2046,ais,0.00023138770889330473,0.0004949176802139118,0.00024533126960997974,9.98354428893844e-5,0.00040326964395820386,"scope_slr_pulse_vv.jl | SLR-RFF-BRICK 39cedc0 | Ladrillo L27 (v1.2) | draws parameters_subsample_brick_mengel_L27.csv, 500/chain | paleo assignment :single (seed 20260920) | land-water anchor :zero_at_first_year | lws observed | climate MAGICC-SLR 600 members, vv_pulse_wide_20261009 | forcing spliced | tap true | pair seed 2026 | record conditioning: common draw set with the FaIR arm, dropped 2 of 2000 | pulse 0.01 GtCH4 at 2030 | cm rel 1995-2014 | julia 1.12.6"
2047,ais,0.00024464799882606414,0.0007338161096796293,0.00033284138112362344,0.00010587712197640543,0.00042793837247645495,"scope_slr_pulse_vv.jl | SLR-RFF-BRICK 39cedc0 | Ladrillo L27 (v1.2) | draws parameters_subsample_brick_mengel_L27.csv, 500/chain | paleo assignment :single (seed 20260920) | land-water anchor :zero_at_first_year | lws observed | climate MAGICC-SLR 600 members, vv_pulse_wide_20261009 | forcing spliced | tap true | pair seed 2026 | record conditioning: common draw set with the FaIR arm, dropped 2 of 2000 | pulse 0.01 GtCH4 at 2030 | cm rel 1995-2014 | julia 1.12.6"
2048,ais,0.0002574532069532509,0.0007481859262348685,0.00033356464410561054,0.00011095381529047099,0.0004506252979025403,"scope_slr_pulse_vv.jl | SLR-RFF-BRICK 39cedc0 | Ladrillo L27 (v1.2) | draws parameters_subsample_brick_mengel_L27.csv, 500/chain | paleo assignment :single (seed 20260920) | land-water anchor :zero_at_first_year | lws observed | climate MAGICC-SLR 600 members, vv_pulse_wide_20261009 | forcing spliced | tap true | pair seed 2026 | record conditioning: common draw set with the FaIR arm, dropped 2 of 2000 | pulse 0.01 GtCH4 at 2030 | cm rel 1995-2014 | julia 1.12.6"
2049,ais,0.00026966530102257025,0.0007608719647067535,0.0003334580302496023,0.0001158278226198739,0.00047415687553440387,"scope_slr_pulse_vv.jl | SLR-RFF-BRICK 39cedc0 | Ladrillo L27 (v1.2) | draws parameters_subsample_brick_mengel_L27.csv, 500/chain | paleo assignment :single (seed 20260920) | land-water anchor :zero_at_first_year | lws observed | climate MAGICC-SLR 600 members, vv_pulse_wide_20261009 | forcing spliced | tap true | pair seed 2026 | record conditioning: common draw set with the FaIR arm, dropped 2 of 2000 | pulse 0.01 GtCH4 at 2030 | cm rel 1995-2014 | julia 1.12.6"
2050,ais,0.00028174145243475834,0.0009787968652396112,0.00039158481672680944,0.00012054984142251257,0.0004959153252614978,"scope_slr_pulse_vv.jl | SLR-RFF-BRICK 39cedc0 | Ladrillo L27 (v1.2) | draws parameters_subsample_brick_mengel_L27.csv, 500/chain | paleo assignment :single (seed 20260920) | land-water anchor :zero_at_first_year | lws observed | climate MAGICC-SLR 600 members, vv_pulse_wide_20261009 | forcing spliced | tap true | pair seed 2026 | record conditioning: common draw set with the FaIR arm, dropped 2 of 2000 | pulse 0.01 GtCH4 at 2030 | cm rel 1995-2014 | julia 1.12.6"
2051,ais,0.0002936911624562555,0.0011643724171820674,0.0004283315476607097,0.00012525293040410723,0.0005164947729358048,"scope_slr_pulse_vv.jl | SLR-RFF-BRICK 39cedc0 | Ladrillo L27 (v1.2) | draws parameters_subsample_brick_mengel_L27.csv, 500/chain | paleo assignment :single (seed 20260920) | land-water anchor :zero_at_first_year | lws observed | climate MAGICC-SLR 600 members, vv_pulse_wide_20261009 | forcing spliced | tap true | pair seed 2026 | record conditioning: common draw set with the FaIR arm, dropped 2 of 2000 | pulse 0.01 GtCH4 at 2030 | cm rel 1995-2014 | julia 1.12.6"
2052,ais,0.00030469755283868416,0.001176939274701544,0.0004287512222868509,0.0001304452557887581,0.0005356491595505774,"scope_slr_pulse_vv.jl | SLR-RFF-BRICK 39cedc0 | Ladrillo L27 (v1.2) | draws parameters_subsample_brick_mengel_L27.csv, 500/chain | paleo assignment :single (seed 20260920) | land-water anchor :zero_at_first_year | lws observed | climate MAGICC-SLR 600 members, vv_pulse_wide_20261009 | forcing spliced | tap true | pair seed 2026 | record conditioning: common draw set with the FaIR arm, dropped 2 of 2000 | pulse 0.01 GtCH4 at 2030 | cm rel 1995-2014 | julia 1.12.6"
2053,ais,0.0003154936867255653,0.0011876510659835173,0.00042859478009898164,0.00013468229160928935,0.000555759827212121,"scope_slr_pulse_vv.jl | SLR-RFF-BRICK 39cedc0 | Ladrillo L27 (v1.2) | draws parameters_subsample_brick_mengel_L27.csv, 500/chain | paleo assignment :single (seed 20260920) | land-water anchor :zero_at_first_year | lws observed | climate MAGICC-SLR 600 members, vv_pulse_wide_20261009 | forcing spliced | tap true | pair seed 2026 | record conditioning: common draw set with the FaIR arm, dropped 2 of 2000 | pulse 0.01 GtCH4 at 2030 | cm rel 1995-2014 | julia 1.12.6"
2054,ais,0.0003256576639689701,0.0011979325502041063,0.00042843336574676294,0.00013839096209167234,0.0005765111371599297,"scope_slr_pulse_vv.jl | SLR-RFF-BRICK 39cedc0 | Ladrillo L27 (v1.2) | draws parameters_subsample_brick_mengel_L27.csv, 500/chain | paleo assignment :single (seed 20260920) | land-water anchor :zero_at_first_year | lws observed | climate MAGICC-SLR 600 members, vv_pulse_wide_20261009 | forcing spliced | tap true | pair seed 2026 | record conditioning: common draw set with the FaIR arm, dropped 2 of 2000 | pulse 0.01 GtCH4 at 2030 | cm rel 1995-2014 | julia 1.12.6"
2055,ais,0.00033517849457620486,0.0012078096021013328,0.0004282716857580864,0.00014250981792134356,0.0005964067718722264,"scope_slr_pulse_vv.jl | SLR-RFF-BRICK 39cedc0 | Ladrillo L27 (v1.2) | draws parameters_subsample_brick_mengel_L27.csv, 500/chain | paleo assignment :single (seed 20260920) | land-water anchor :zero_at_first_year | lws observed | climate MAGICC-SLR 600 members, vv_pulse_wide_20261009 | forcing spliced | tap true | pair seed 2026 | record conditioning: common draw set with the FaIR arm, dropped 2 of 2000 | pulse 0.01 GtCH4 at 2030 | cm rel 1995-2014 | julia 1.12.6"
2056,ais,0.00034475987629711824,0.0015390924407784666,0.000535283938983364,0.0001478729297097914,0.0006154463054903967,"scope_slr_pulse_vv.jl | SLR-RFF-BRICK 39cedc0 | Ladrillo L27 (v1.2) | draws parameters_subsample_brick_mengel_L27.csv, 500/chain | paleo assignment :single (seed 20260920) | land-water anchor :zero_at_first_year | lws observed | climate MAGICC-SLR 600 members, vv_pulse_wide_20261009 | forcing spliced | tap true | pair seed 2026 | record conditioning: common draw set with the FaIR arm, dropped 2 of 2000 | pulse 0.01 GtCH4 at 2030 | cm rel 1995-2014 | julia 1.12.6"
2057,ais,0.0003538820900481632,0.0020254786538384494,0.0007161534785098213,0.00015315038875751696,0.0006342559967081882,"scope_slr_pulse_vv.jl | SLR-RFF-BRICK 39cedc0 | Ladrillo L27 (v1.2) | draws parameters_subsample_brick_mengel_L27.csv, 500/chain | paleo assignment :single (seed 20260920) | land-water anchor :zero_at_first_year | lws observed | climate MAGICC-SLR 600 members, vv_pulse_wide_20261009 | forcing spliced | tap true | pair seed 2026 | record conditioning: common draw set with the FaIR arm, dropped 2 of 2000 | pulse 0.01 GtCH4 at 2030 | cm rel 1995-2014 | julia 1.12.6"
2058,ais,0.000362374064305504,0.0023384177923377316,0.0007784045710848566,0.00015780313115221214,0.0006526633477049736,"scope_slr_pulse_vv.jl | SLR-RFF-BRICK 39cedc0 | Ladrillo L27 (v1.2) | draws parameters_subsample_brick_mengel_L27.csv, 500/chain | paleo assignment :single (seed 20260920) | land-water anchor :zero_at_first_year | lws observed | climate MAGICC-SLR 600 members, vv_pulse_wide_20261009 | forcing spliced | tap true | pair seed 2026 | record conditioning: common draw set with the FaIR arm, dropped 2 of 2000 | pulse 0.01 GtCH4 at 2030 | cm rel 1995-2014 | julia 1.12.6"
2059,ais,0.00037070016982720944,0.0023483580895905967,0.0007788402824793196,0.00016140794173071795,0.0006689646268082106,"scope_slr_pulse_vv.jl | SLR-RFF-BRICK 39cedc0 | Ladrillo L27 (v1.2) | draws parameters_subsample_brick_mengel_L27.csv, 500/chain | paleo assignment :single (seed 20260920) | land-water anchor :zero_at_first_year | lws observed | climate MAGICC-SLR 600 members, vv_pulse_wide_20261009 | forcing spliced | tap true | pair seed 2026 | record conditioning: common draw set with the FaIR arm, dropped 2 of 2000 | pulse 0.01 GtCH4 at 2030 | cm rel 1995-2014 | julia 1.12.6"
2060,ais,0.0003787944005295696,0.002356110079475208,0.0007785450575317358,0.0001650842531042418,0.000684803234325404,"scope_slr_pulse_vv.jl | SLR-RFF-BRICK 39cedc0 | Ladrillo L27 (v1.2) | draws parameters_subsample_brick_mengel_L27.csv, 500/chain | paleo assignment :single (seed 20260920) | land-water anchor :zero_at_first_year | lws observed | climate MAGICC-SLR 600 members, vv_pulse_wide_20261009 | forcing spliced | tap true | pair seed 2026 | record conditioning: common draw set with the FaIR arm, dropped 2 of 2000 | pulse 0.01 GtCH4 at 2030 | cm rel 1995-2014 | julia 1.12.6"
2061,ais,0.00038698354106214694,0.002696689844141953,0.0008461572679740065,0.00016845669914993254,0.0006999835650706388,"scope_slr_pulse_vv.jl | SLR-RFF-BRICK 39cedc0 | Ladrillo L27 (v1.2) | draws parameters_subsample_brick_mengel_L27.csv, 500/chain | paleo assignment :single (seed 20260920) | land-water anchor :zero_at_first_year | lws observed | climate MAGICC-SLR 600 members, vv_pulse_wide_20261009 | forcing spliced | tap true | pair seed 2026 | record conditioning: common draw set with the FaIR arm, dropped 2 of 2000 | pulse 0.01 GtCH4 at 2030 | cm rel 1995-2014 | julia 1.12.6"
2062,ais,0.00039467678940008355,0.0027061174626081077,0.000846793283135505,0.00017173360000732885,0.0007144465806991684,"scope_slr_pulse_vv.jl | SLR-RFF-BRICK 39cedc0 | Ladrillo L27 (v1.2) | draws parameters_subsample_brick_mengel_L27.csv, 500/chain | paleo assignment :single (seed 20260920) | land-water anchor :zero_at_first_year | lws observed | climate MAGICC-SLR 600 members, vv_pulse_wide_20261009 | forcing spliced | tap true | pair seed 2026 | record conditioning: common draw set with the FaIR arm, dropped 2 of 2000 | pulse 0.01 GtCH4 at 2030 | cm rel 1995-2014 | julia 1.12.6"
2063,ais,0.0004022760654420754,0.00271818557071818,0.0008464732936694837,0.00017478286513272767,0.0007292251253261606,"scope_slr_pulse_vv.jl | SLR-RFF-BRICK 39cedc0 | Ladrillo L27 (v1.2) | draws parameters_subsample_brick_mengel_L27.csv, 500/chain | paleo assignment :single (seed 20260920) | land-water anchor :zero_at_first_year | lws observed | climate MAGICC-SLR 600 members, vv_pulse_wide_20261009 | forcing spliced | tap true | pair seed 2026 | record conditioning: common draw set with the FaIR arm, dropped 2 of 2000 | pulse 0.01 GtCH4 at 2030 | cm rel 1995-2014 | julia 1.12.6"
2064,ais,0.0004094246872532459,0.00272468369882403,0.0008461360620521349,0.00017769513233012457,0.000742296293860245,"scope_slr_pulse_vv.jl | SLR-RFF-BRICK 39cedc0 | Ladrillo L27 (v1.2) | draws parameters_subsample_brick_mengel_L27.csv, 500/chain | paleo assignment :single (seed 20260920) | land-water anchor :zero_at_first_year | lws observed | climate MAGICC-SLR 600 members, vv_pulse_wide_20261009 | forcing spliced | tap true | pair seed 2026 | record conditioning: common draw set with the FaIR arm, dropped 2 of 2000 | pulse 0.01 GtCH4 at 2030 | cm rel 1995-2014 | julia 1.12.6"
2065,ais,0.00041597526433423404,0.002730877278082396,0.0008457978016069116,0.00018052571970794684,0.0007529550663547986,"scope_slr_pulse_vv.jl | SLR-RFF-BRICK 39cedc0 | Ladrillo L27 (v1.2) | draws parameters_subsample_brick_mengel_L27.csv, 500/chain | paleo assignment :single (seed 20260920) | land-water anchor :zero_at_first_year | lws observed | climate MAGICC-SLR 600 members, vv_pulse_wide_20261009 | forcing spliced | tap true | pair seed 2026 | record conditioning: common draw set with the FaIR arm, dropped 2 of 2000 | pulse 0.01 GtCH4 at 2030 | cm rel 1995-2014 | julia 1.12.6"
2066,ais,0.0004221283633305539,0.0027368297034295326,0.0008454586837522509,0.00018323892252702922,0.0007647572034004788,"scope_slr_pulse_vv.jl | SLR-RFF-BRICK 39cedc0 | Ladrillo L27 (v1.2) | draws parameters_subsample_brick_mengel_L27.csv, 500/chain | paleo assignment :single (seed 20260920) | land-water anchor :zero_at_first_year | lws observed | climate MAGICC-SLR 600 members, vv_pulse_wide_20261009 | forcing spliced | tap true | pair seed 2026 | record conditioning: common draw set with the FaIR arm, dropped 2 of 2000 | pulse 0.01 GtCH4 at 2030 | cm rel 1995-2014 | julia 1.12.6"
2067,ais,0.0004280863196426399,0.002742559858748948,0.0008451185515204017,0.0001857788714865194,0.000776314593702243,"scope_slr_pulse_vv.jl | SLR-RFF-BRICK 39cedc0 | Ladrillo L27 (v1.2) | draws parameters_subsample_brick_mengel_L27.csv, 500/chain | paleo assignment :single (seed 20260920) | land-water anchor :zero_at_first_year | lws observed | climate MAGICC-SLR 600 members, vv_pulse_wide_20261009 | forcing spliced | tap true | pair seed 2026 | record conditioning: common draw set with the FaIR arm, dropped 2 of 2000 | pulse 0.01 GtCH4 at 2030 | cm rel 1995-2014 | julia 1.12.6"
2068,ais,0.0004344355330314631,0.0027480815813397848,0.0008447772918571716,0.00018834515203534075,0.0007891155533137794,"scope_slr_pulse_vv.jl | SLR-RFF-BRICK 39cedc0 | Ladrillo L27 (v1.2) | draws parameters_subsample_brick_mengel_L27.csv, 500/chain | paleo assignment :single (seed 20260920) | land-water anchor :zero_at_first_year | lws observed | climate MAGICC-SLR 600 members, vv_pulse_wide_20261009 | forcing spliced | tap true | pair seed 2026 | record conditioning: common draw set with the FaIR arm, dropped 2 of 2000 | pulse 0.01 GtCH4 at 2030 | cm rel 1995-2014 | julia 1.12.6"
2069,ais,0.00043999115019754953,0.002753403028604899,0.0008444348961862939,0.00019074768021098976,0.0008024260311501493,"scope_slr_pulse_vv.jl | SLR-RFF-BRICK 39cedc0 | Ladrillo L27 (v1.2) | draws parameters_subsample_brick_mengel_L27.csv, 500/chain | paleo assignment :single (seed 20260920) | land-water anchor :zero_at_first_year | lws observed | climate MAGICC-SLR 600 members, vv_pulse_wide_20261009 | forcing spliced | tap true | pair seed 2026 | record conditioning: common draw set with the FaIR arm, dropped 2 of 2000 | pulse 0.01 GtCH4 at 2030 | cm rel 1995-2014 | julia 1.12.6"
2070,ais,0.00044567523158645095,0.002758532650246828,0.0008440914636904149,0.00019292025622341669,0.0008144307419809312,"scope_slr_pulse_vv.jl | SLR-RFF-BRICK 39cedc0 | Ladrillo L27 (v1.2) | draws parameters_subsample_brick_mengel_L27.csv, 500/chain | paleo assignment :single (seed 20260920) | land-water anchor :zero_at_first_year | lws observed | climate MAGICC-SLR 600 members, vv_pulse_wide_20261009 | forcing spliced | tap true | pair seed 2026 | record conditioning: common draw set with the FaIR arm, dropped 2 of 2000 | pulse 0.01 GtCH4 at 2030 | cm rel 1995-2014 | julia 1.12.6"
2071,ais,0.0004516219713530667,0.0027634733713709204,0.0008437471490253725,0.00019517736920653394,0.0008256453549530195,"scope_slr_pulse_vv.jl | SLR-RFF-BRICK 39cedc0 | Ladrillo L27 (v1.2) | draws parameters_subsample_brick_mengel_L27.csv, 500/chain | paleo assignment :single (seed 20260920) | land-water anchor :zero_at_first_year | lws observed | climate MAGICC-SLR 600 members, vv_pulse_wide_20261009 | forcing spliced | tap true | pair seed 2026 | record conditioning: common draw set with the FaIR arm, dropped 2 of 2000 | pulse 0.01 GtCH4 at 2030 | cm rel 1995-2014 | julia 1.12.6"
2072,ais,0.00045696330281552733,0.002768230510125491,0.0008434020930306826,0.00019759269602719344,0.0008344139316170284,"scope_slr_pulse_vv.jl | SLR-RFF-BRICK 39cedc0 | Ladrillo L27 (v1.2) | draws parameters_subsample_brick_mengel_L27.csv, 500/chain | paleo assignment :single (seed 20260920) | land-water anchor :zero_at_first_year | lws observed | climate MAGICC-SLR 600 members, vv_pulse_wide_20261009 | forcing spliced | tap true | pair seed 2026 | record conditioning: common draw set with the FaIR arm, dropped 2 of 2000 | pulse 0.01 GtCH4 at 2030 | cm rel 1995-2014 | julia 1.12.6"
2073,ais,0.0004623182546121818,0.002772809466382554,0.0008430563435974845,0.00019994632542985613,0.0008436570802151874,"scope_slr_pulse_vv.jl | SLR-RFF-BRICK 39cedc0 | Ladrillo L27 (v1.2) | draws parameters_subsample_brick_mengel_L27.csv, 500/chain | paleo assignment :single (seed 20260920) | land-water anchor :zero_at_first_year | lws observed | climate MAGICC-SLR 600 members, vv_pulse_wide_20261009 | forcing spliced | tap true | pair seed 2026 | record conditioning: common draw set with the FaIR arm, dropped 2 of 2000 | pulse 0.01 GtCH4 at 2030 | cm rel 1995-2014 | julia 1.12.6"
2074,ais,0.0004673763861267055,0.002777219432012157,0.0008427098966165818,0.00020201865070950122,0.0008521827306497081,"scope_slr_pulse_vv.jl | SLR-RFF-BRICK 39cedc0 | Ladrillo L27 (v1.2) | draws parameters_subsample_brick_mengel_L27.csv, 500/chain | paleo assignment :single (seed 20260920) | land-water anchor :zero_at_first_year | lws observed | climate MAGICC-SLR 600 members, vv_pulse_wide_20261009 | forcing spliced | tap true | pair seed 2026 | record conditioning: common draw set with the FaIR arm, dropped 2 of 2000 | pulse 0.01 GtCH4 at 2030 | cm rel 1995-2014 | julia 1.12.6"
2075,ais,0.00047197951683641826,0.0027814681692582234,0.000842362768066185,0.00020402435732862488,0.000860411910408664,"scope_slr_pulse_vv.jl | SLR-RFF-BRICK 39cedc0 | Ladrillo L27 (v1.2) | draws parameters_subsample_brick_mengel_L27.csv, 500/chain | paleo assignment :single (seed 20260920) | land-water anchor :zero_at_first_year | lws observed | climate MAGICC-SLR 600 members, vv_pulse_wide_20261009 | forcing spliced | tap true | pair seed 2026 | record conditioning: common draw set with the FaIR arm, dropped 2 of 2000 | pulse 0.01 GtCH4 at 2030 | cm rel 1995-2014 | julia 1.12.6"
2076,ais,0.0004762531873039322,0.002785564088685263,0.000842014942507719,0.00020596686619258622,0.0008687143328174766,"scope_slr_pulse_vv.jl | SLR-RFF-BRICK 39cedc0 | Ladrillo L27 (v1.2) | draws parameters_subsample_brick_mengel_L27.csv, 500/chain | paleo assignment :single (seed 20260920) | land-water anchor :zero_at_first_year | lws observed | climate MAGICC-SLR 600 members, vv_pulse_wide_20261009 | forcing spliced | tap true | pair seed 2026 | record conditioning: common draw set with the FaIR arm, dropped 2 of 2000 | pulse 0.01 GtCH4 at 2030 | cm rel 1995-2014 | julia 1.12.6"
2077,ais,0.00048098391589634915,0.0027895198784304628,0.0008416663955801779,0.00020784946173728615,0.0008787373564904664,"scope_slr_pulse_vv.jl | SLR-RFF-BRICK 39cedc0 | Ladrillo L27 (v1.2) | draws parameters_subsample_brick_mengel_L27.csv, 500/chain | paleo assignment :single (seed 20260920) | land-water anchor :zero_at_first_year | lws observed | climate MAGICC-SLR 600 members, vv_pulse_wide_20261009 | forcing spliced | tap true | pair seed 2026 | record conditioning: common draw set with the FaIR arm, dropped 2 of 2000 | pulse 0.01 GtCH4 at 2030 | cm rel 1995-2014 | julia 1.12.6"
2078,ais,0.0004859019730245606,0.002793339237663031,0.0008413170713780998,0.00020931263205681283,0.0008873715843046079,"scope_slr_pulse_vv.jl | SLR-RFF-BRICK 39cedc0 | Ladrillo L27 (v1.2) | draws parameters_subsample_brick_mengel_L27.csv, 500/chain | paleo assignment :single (seed 20260920) | land-water anchor :zero_at_first_year | lws observed | climate MAGICC-SLR 600 members, vv_pulse_wide_20261009 | forcing spliced | tap true | pair seed 2026 | record conditioning: common draw set with the FaIR arm, dropped 2 of 2000 | pulse 0.01 GtCH4 at 2030 | cm rel 1995-2014 | julia 1.12.6"
2079,ais,0.0004905876462242276,0.0027970302396928917,0.0008409668611776139,0.0002106474356415866,0.0008970135257768239,"scope_slr_pulse_vv.jl | SLR-RFF-BRICK 39cedc0 | Ladrillo L27 (v1.2) | draws parameters_subsample_brick_mengel_L27.csv, 500/chain | paleo assignment :single (seed 20260920) | land-water anchor :zero_at_first_year | lws observed | climate MAGICC-SLR 600 members, vv_pulse_wide_20261009 | forcing spliced | tap true | pair seed 2026 | record conditioning: common draw set with the FaIR arm, dropped 2 of 2000 | pulse 0.01 GtCH4 at 2030 | cm rel 1995-2014 | julia 1.12.6"
2080,ais,0.0004949364051098915,0.002800601332947335,0.0008406156739638591,0.00021234780519865384,0.000906116640775156,"scope_slr_pulse_vv.jl | SLR-RFF-BRICK 39cedc0 | Ladrillo L27 (v1.2) | draws parameters_subsample_brick_mengel_L27.csv, 500/chain | paleo assignment :single (seed 20260920) | land-water anchor :zero_at_first_year | lws observed | climate MAGICC-SLR 600 members, vv_pulse_wide_20261009 | forcing spliced | tap true | pair seed 2026 | record conditioning: common draw set with the FaIR arm, dropped 2 of 2000 | pulse 0.01 GtCH4 at 2030 | cm rel 1995-2014 | julia 1.12.6"
2081,ais,0.000499022588835274,0.0028040591852140214,0.0008402634936329669,0.00021410354038815528,0.0009158395780141323,"scope_slr_pulse_vv.jl | SLR-RFF-BRICK 39cedc0 | Ladrillo L27 (v1.2) | draws parameters_subsample_brick_mengel_L27.csv, 500/chain | paleo assignment :single (seed 20260920) | land-water anchor :zero_at_first_year | lws observed | climate MAGICC-SLR 600 members, vv_pulse_wide_20261009 | forcing spliced | tap true | pair seed 2026 | record conditioning: common draw set with the FaIR arm, dropped 2 of 2000 | pulse 0.01 GtCH4 at 2030 | cm rel 1995-2014 | julia 1.12.6"
2082,ais,0.0005026251034214724,0.0028074089642399877,0.0008399103882781361,0.00021591608532434137,0.0009253580747233588,"scope_slr_pulse_vv.jl | SLR-RFF-BRICK 39cedc0 | Ladrillo L27 (v1.2) | draws parameters_subsample_brick_mengel_L27.csv, 500/chain | paleo assignment :single (seed 20260920) | land-water anchor :zero_at_first_year | lws observed | climate MAGICC-SLR 600 members, vv_pulse_wide_20261009 | forcing spliced | tap true | pair seed 2026 | record conditioning: common draw set with the FaIR arm, dropped 2 of 2000 | pulse 0.01 GtCH4 at 2030 | cm rel 1995-2014 | julia 1.12.6"
2083,ais,0.0005066487631921746,0.0028106564414224506,0.0008395564293810831,0.00021768367517056576,0.0009336936966036102,"scope_slr_pulse_vv.jl | SLR-RFF-BRICK 39cedc0 | Ladrillo L27 (v1.2) | draws parameters_subsample_brick_mengel_L27.csv, 500/chain | paleo assignment :single (seed 20260920) | land-water anchor :zero_at_first_year | lws observed | climate MAGICC-SLR 600 members, vv_pulse_wide_20261009 | forcing spliced | tap true | pair seed 2026 | record conditioning: common draw set with the FaIR arm, dropped 2 of 2000 | pulse 0.01 GtCH4 at 2030 | cm rel 1995-2014 | julia 1.12.6"
2084,ais,0.0005107714376282324,0.002813801867261627,0.0008392017310485759,0.00021940555129429384,0.000943656610272292,"scope_slr_pulse_vv.jl | SLR-RFF-BRICK 39cedc0 | Ladrillo L27 (v1.2) | draws parameters_subsample_brick_mengel_L27.csv, 500/chain | paleo assignment :single (seed 20260920) | land-water anchor :zero_at_first_year | lws observed | climate MAGICC-SLR 600 members, vv_pulse_wide_20261009 | forcing spliced | tap true | pair seed 2026 | record conditioning: common draw set with the FaIR arm, dropped 2 of 2000 | pulse 0.01 GtCH4 at 2030 | cm rel 1995-2014 | julia 1.12.6"
2085,ais,0.0005146195271090725,0.0028168494722908013,0.0008388463417681299,0.00022114886402468947,0.0009527099765133327,"scope_slr_pulse_vv.jl | SLR-RFF-BRICK 39cedc0 | Ladrillo L27 (v1.2) | draws parameters_subsample_brick_mengel_L27.csv, 500/chain | paleo assignment :single (seed 20260920) | land-water anchor :zero_at_first_year | lws observed | climate MAGICC-SLR 600 members, vv_pulse_wide_20261009 | forcing spliced | tap true | pair seed 2026 | record conditioning: common draw set with the FaIR arm, dropped 2 of 2000 | pulse 0.01 GtCH4 at 2030 | cm rel 1995-2014 | julia 1.12.6"
2086,ais,0.000518477256445049,0.002819802048141529,0.0008384903515822212,0.00022284683111699623,0.0009613203842416595,"scope_slr_pulse_vv.jl | SLR-RFF-BRICK 39cedc0 | Ladrillo L27 (v1.2) | draws parameters_subsample_brick_mengel_L27.csv, 500/chain | paleo assignment :single (seed 20260920) | land-water anchor :zero_at_first_year | lws observed | climate MAGICC-SLR 600 members, vv_pulse_wide_20261009 | forcing spliced | tap true | pair seed 2026 | record conditioning: common draw set with the FaIR arm, dropped 2 of 2000 | pulse 0.01 GtCH4 at 2030 | cm rel 1995-2014 | julia 1.12.6"
2087,ais,0.0005218693594932766,0.0028226654338853476,0.0008381337908761376,0.00022446180024178198,0.0009660413570716559,"scope_slr_pulse_vv.jl | SLR-RFF-BRICK 39cedc0 | Ladrillo L27 (v1.2) | draws parameters_subsample_brick_mengel_L27.csv, 500/chain | paleo assignment :single (seed 20260920) | land-water anchor :zero_at_first_year | lws observed | climate MAGICC-SLR 600 members, vv_pulse_wide_20261009 | forcing spliced | tap true | pair seed 2026 | record conditioning: common draw set with the FaIR arm, dropped 2 of 2000 | pulse 0.01 GtCH4 at 2030 | cm rel 1995-2014 | julia 1.12.6"
2088,ais,0.0005249753958880277,0.0028254436764011343,0.000837776613126574,0.000225926296428991,0.000972455754284329,"scope_slr_pulse_vv.jl | SLR-RFF-BRICK 39cedc0 | Ladrillo L27 (v1.2) | draws parameters_subsample_brick_mengel_L27.csv, 500/chain | paleo assignment :single (seed 20260920) | land-water anchor :zero_at_first_year | lws observed | climate MAGICC-SLR 600 members, vv_pulse_wide_20261009 | forcing spliced | tap true | pair seed 2026 | record conditioning: common draw set with the FaIR arm, dropped 2 of 2000 | pulse 0.01 GtCH4 at 2030 | cm rel 1995-2014 | julia 1.12.6"
2089,ais,0.000527754632762889,0.002828141129095552,0.0008374187647287823,0.0002272120879958539,0.0009798237251763986,"scope_slr_pulse_vv.jl | SLR-RFF-BRICK 39cedc0 | Ladrillo L27 (v1.2) | draws parameters_subsample_brick_mengel_L27.csv, 500/chain | paleo assignment :single (seed 20260920) | land-water anchor :zero_at_first_year | lws observed | climate MAGICC-SLR 600 members, vv_pulse_wide_20261009 | forcing spliced | tap true | pair seed 2026 | record conditioning: common draw set with the FaIR arm, dropped 2 of 2000 | pulse 0.01 GtCH4 at 2030 | cm rel 1995-2014 | julia 1.12.6"
2090,ais,0.0005305470248462285,0.0028307665834288566,0.0008370601345310919,0.00022846655904924516,0.0009856020194321854,"scope_slr_pulse_vv.jl | SLR-RFF-BRICK 39cedc0 | Ladrillo L27 (v1.2) | draws parameters_subsample_brick_mengel_L27.csv, 500/chain | paleo assignment :single (seed 20260920) | land-water anchor :zero_at_first_year | lws observed | climate MAGICC-SLR 600 members, vv_pulse_wide_20261009 | forcing spliced | tap true | pair seed 2026 | record conditioning: common draw set with the FaIR arm, dropped 2 of 2000 | pulse 0.01 GtCH4 at 2030 | cm rel 1995-2014 | julia 1.12.6"
2091,ais,0.000534366732346303,0.0028333248279671457,0.0008367005784632579,0.0002296962874166475,0.0009909951108355128,"scope_slr_pulse_vv.jl | SLR-RFF-BRICK 39cedc0 | Ladrillo L27 (v1.2) | draws parameters_subsample_brick_mengel_L27.csv, 500/chain | paleo assignment :single (seed 20260920) | land-water anchor :zero_at_first_year | lws observed | climate MAGICC-SLR 600 members, vv_pulse_wide_20261009 | forcing spliced | tap true | pair seed 2026 | record conditioning: common draw set with the FaIR arm, dropped 2 of 2000 | pulse 0.01 GtCH4 at 2030 | cm rel 1995-2014 | julia 1.12.6"
2092,ais,0.0005375994730720812,0.002835819760575417,0.0008363400224644415,0.00023089248638856754,0.0009978982512594214,"scope_slr_pulse_vv.jl | SLR-RFF-BRICK 39cedc0 | Ladrillo L27 (v1.2) | draws parameters_subsample_brick_mengel_L27.csv, 500/chain | paleo assignment :single (seed 20260920) | land-water anchor :zero_at_first_year | lws observed | climate MAGICC-SLR 600 members, vv_pulse_wide_20261009 | forcing spliced | tap true | pair seed 2026 | record conditioning: common draw set with the FaIR arm, dropped 2 of 2000 | pulse 0.01 GtCH4 at 2030 | cm rel 1995-2014 | julia 1.12.6"
2093,ais,0.0005405216235123689,0.0028382565008102253,0.0008359783995615282,0.00023206785152058985,0.0010047885757201057,"scope_slr_pulse_vv.jl | SLR-RFF-BRICK 39cedc0 | Ladrillo L27 (v1.2) | draws parameters_subsample_brick_mengel_L27.csv, 500/chain | paleo assignment :single (seed 20260920) | land-water anchor :zero_at_first_year | lws observed | climate MAGICC-SLR 600 members, vv_pulse_wide_20261009 | forcing spliced | tap true | pair seed 2026 | record conditioning: common draw set with the FaIR arm, dropped 2 of 2000 | pulse 0.01 GtCH4 at 2030 | cm rel 1995-2014 | julia 1.12.6"
2094,ais,0.0005436904411011412,0.002840633294611046,0.0008356158458054236,0.00023351363054837648,0.0010106416113480061,"scope_slr_pulse_vv.jl | SLR-RFF-BRICK 39cedc0 | Ladrillo L27 (v1.2) | draws parameters_subsample_brick_mengel_L27.csv, 500/chain | paleo assignment :single (seed 20260920) | land-water anchor :zero_at_first_year | lws observed | climate MAGICC-SLR 600 members, vv_pulse_wide_20261009 | forcing spliced | tap true | pair seed 2026 | record conditioning: common draw set with the FaIR arm, dropped 2 of 2000 | pulse 0.01 GtCH4 at 2030 | cm rel 1995-2014 | julia 1.12.6"
2095,ais,0.0005470278719994504,0.003369754098413141,0.000986879763366705,0.0002351312368545688,0.0010214715619376589,"scope_slr_pulse_vv.jl | SLR-RFF-BRICK 39cedc0 | Ladrillo L27 (v1.2) | draws parameters_subsample_brick_mengel_L27.csv, 500/chain | paleo assignment :single (seed 20260920) | land-water anchor :zero_at_first_year | lws observed | climate MAGICC-SLR 600 members, vv_pulse_wide_20261009 | forcing spliced | tap true | pair seed 2026 | record conditioning: common draw set with the FaIR arm, dropped 2 of 2000 | pulse 0.01 GtCH4 at 2030 | cm rel 1995-2014 | julia 1.12.6"
2096,ais,0.000549820738704021,0.003375549437780396,0.000988459201643498,0.00023667592764735625,0.0010289151573814603,"scope_slr_pulse_vv.jl | SLR-RFF-BRICK 39cedc0 | Ladrillo L27 (v1.2) | draws parameters_subsample_brick_mengel_L27.csv, 500/chain | paleo assignment :single (seed 20260920) | land-water anchor :zero_at_first_year | lws observed | climate MAGICC-SLR 600 members, vv_pulse_wide_20261009 | forcing spliced | tap true | pair seed 2026 | record conditioning: common draw set with the FaIR arm, dropped 2 of 2000 | pulse 0.01 GtCH4 at 2030 | cm rel 1995-2014 | julia 1.12.6"
2097,ais,0.0005525980498841676,0.0033775619574821373,0.0009880483437965657,0.0002382542775986263,0.001034832178159295,"scope_slr_pulse_vv.jl | SLR-RFF-BRICK 39cedc0 | Ladrillo L27 (v1.2) | draws parameters_subsample_brick_mengel_L27.csv, 500/chain | paleo assignment :single (seed 20260920) | land-water anchor :zero_at_first_year | lws observed | climate MAGICC-SLR 600 members, vv_pulse_wide_20261009 | forcing spliced | tap true | pair seed 2026 | record conditioning: common draw set with the FaIR arm, dropped 2 of 2000 | pulse 0.01 GtCH4 at 2030 | cm rel 1995-2014 | julia 1.12.6"
2098,ais,0.0005553868114400728,0.003379493706198965,0.0009876227422050807,0.00023981179886671812,0.0010412362987338494,"scope_slr_pulse_vv.jl | SLR-RFF-BRICK 39cedc0 | Ladrillo L27 (v1.2) | draws parameters_subsample_brick_mengel_L27.csv, 500/chain | paleo assignment :single (seed 20260920) | land-water anchor :zero_at_first_year | lws observed | climate MAGICC-SLR 600 members, vv_pulse_wide_20261009 | forcing spliced | tap true | pair seed 2026 | record conditioning: common draw set with the FaIR arm, dropped 2 of 2000 | pulse 0.01 GtCH4 at 2030 | cm rel 1995-2014 | julia 1.12.6"
2099,ais,0.000558312837626751,0.003619081127119255,0.0010150777261214161,0.00024127565988667498,0.0010501012679423381,"scope_slr_pulse_vv.jl | SLR-RFF-BRICK 39cedc0 | Ladrillo L27 (v1.2) | draws parameters_subsample_brick_mengel_L27.csv, 500/chain | paleo assignment :single (seed 20260920) | land-water anchor :zero_at_first_year | lws observed | climate MAGICC-SLR 600 members, vv_pulse_wide_20261009 | forcing spliced | tap true | pair seed 2026 | record conditioning: common draw set with the FaIR arm, dropped 2 of 2000 | pulse 0.01 GtCH4 at 2030 | cm rel 1995-2014 | julia 1.12.6"
2100,ais,0.0005612137601982425,0.003622481320623344,0.0010150286231574235,0.00024258473759291023,0.0010570314239433996,"scope_slr_pulse_vv.jl | SLR-RFF-BRICK 39cedc0 | Ladrillo L27 (v1.2) | draws parameters_subsample_brick_mengel_L27.csv, 500/chain | paleo assignment :single (seed 20260920) | land-water anchor :zero_at_first_year | lws observed | climate MAGICC-SLR 600 members, vv_pulse_wide_20261009 | forcing spliced | tap true | pair seed 2026 | record conditioning: common draw set with the FaIR arm, dropped 2 of 2000 | pulse 0.01 GtCH4 at 2030 | cm rel 1995-2014 | julia 1.12.6"
2101,ais,0.0005634791661259797,0.003624181014449827,0.001014591724199079,0.00024375886273086955,0.0010629745232087371,"scope_slr_pulse_vv.jl | SLR-RFF-BRICK 39cedc0 | Ladrillo L27 (v1.2) | draws parameters_subsample_brick_mengel_L27.csv, 500/chain | paleo assignment :single (seed 20260920) | land-water anchor :zero_at_first_year | lws observed | climate MAGICC-SLR 600 members, vv_pulse_wide_20261009 | forcing spliced | tap true | pair seed 2026 | record conditioning: common draw set with the FaIR arm, dropped 2 of 2000 | pulse 0.01 GtCH4 at 2030 | cm rel 1995-2014 | julia 1.12.6"
2102,ais,0.000565483913412379,0.003625832574641111,0.0010141510388576734,0.0002452149263723058,0.0010690172995253989,"scope_slr_pulse_vv.jl | SLR-RFF-BRICK 39cedc0 | Ladrillo L27 (v1.2) | draws parameters_subsample_brick_mengel_L27.csv, 500/chain | paleo assignment :single (seed 20260920) | land-water anchor :zero_at_first_year | lws observed | climate MAGICC-SLR 600 members, vv_pulse_wide_20261009 | forcing spliced | tap true | pair seed 2026 | record conditioning: common draw set with the FaIR arm, dropped 2 of 2000 | pulse 0.01 GtCH4 at 2030 | cm rel 1995-2014 | julia 1.12.6"
2103,ais,0.00056742649492314,0.003627446424128045,0.0010137093478241946,0.00024682173977730315,0.0010740349047591022,"scope_slr_pulse_vv.jl | SLR-RFF-BRICK 39cedc0 | Ladrillo L27 (v1.2) | draws parameters_subsample_brick_mengel_L27.csv, 500/chain | paleo assignment :single (seed 20260920) | land-water anchor :zero_at_first_year | lws observed | climate MAGICC-SLR 600 members, vv_pulse_wide_20261009 | forcing spliced | tap true | pair seed 2026 | record conditioning: common draw set with the FaIR arm, dropped 2 of 2000 | pulse 0.01 GtCH4 at 2030 | cm rel 1995-2014 | julia 1.12.6"
2104,ais,0.0005694785773595612,0.003628973996312539,0.0010132668401961003,0.00024860743274928153,0.001078953023237261,"scope_slr_pulse_vv.jl | SLR-RFF-BRICK 39cedc0 | Ladrillo L27 (v1.2) | draws parameters_subsample_brick_mengel_L27.csv, 500/chain | paleo assignment :single (seed 20260920) | land-water anchor :zero_at_first_year | lws observed | climate MAGICC-SLR 600 members, vv_pulse_wide_20261009 | forcing spliced | tap true | pair seed 2026 | record conditioning: common draw set with the FaIR arm, dropped 2 of 2000 | pulse 0.01 GtCH4 at 2030 | cm rel 1995-2014 | julia 1.12.6"
2105,ais,0.0005716683246941301,0.0036305452000658417,0.001012823436267756,0.00025008595105933116,0.0010860903115268881,"scope_slr_pulse_vv.jl | SLR-RFF-BRICK 39cedc0 | Ladrillo L27 (v1.2) | draws parameters_subsample_brick_mengel_L27.csv, 500/chain | paleo assignment :single (seed 20260920) | land-water anchor :zero_at_first_year | lws observed | climate MAGICC-SLR 600 members, vv_pulse_wide_20261009 | forcing spliced | tap true | pair seed 2026 | record conditioning: common draw set with the FaIR arm, dropped 2 of 2000 | pulse 0.01 GtCH4 at 2030 | cm rel 1995-2014 | julia 1.12.6"
2106,ais,0.0005738048730989931,0.003632080739113424,0.0010123794085521967,0.00025111114099893864,0.0010932926542871258,"scope_slr_pulse_vv.jl | SLR-RFF-BRICK 39cedc0 | Ladrillo L27 (v1.2) | draws parameters_subsample_brick_mengel_L27.csv, 500/chain | paleo assignment :single (seed 20260920) | land-water anchor :zero_at_first_year | lws observed | climate MAGICC-SLR 600 members, vv_pulse_wide_20261009 | forcing spliced | tap true | pair seed 2026 | record conditioning: common draw set with the FaIR arm, dropped 2 of 2000 | pulse 0.01 GtCH4 at 2030 | cm rel 1995-2014 | julia 1.12.6"
2107,ais,0.000575996847036464,0.003633567013848984,0.001011934830936821,0.00025212245614105735,0.001098319714841267,"scope_slr_pulse_vv.jl | SLR-RFF-BRICK 39cedc0 | Ladrillo L27 (v1.2) | draws parameters_subsample_brick_mengel_L27.csv, 500/chain | paleo assignment :single (seed 20260920) | land-water anchor :zero_at_first_year | lws observed | climate MAGICC-SLR 600 members, vv_pulse_wide_20261009 | forcing spliced | tap true | pair seed 2026 | record conditioning: common draw set with the FaIR arm, dropped 2 of 2000 | pulse 0.01 GtCH4 at 2030 | cm rel 1995-2014 | julia 1.12.6"
2108,ais,0.0005784487844557873,0.0036350139132456123,0.0010114896952864213,0.0002531206554342802,0.001102484013705762,"scope_slr_pulse_vv.jl | SLR-RFF-BRICK 39cedc0 | Ladrillo L27 (v1.2) | draws parameters_subsample_brick_mengel_L27.csv, 500/chain | paleo assignment :single (seed 20260920) | land-water anchor :zero_at_first_year | lws observed | climate MAGICC-SLR 600 members, vv_pulse_wide_20261009 | forcing spliced | tap true | pair seed 2026 | record conditioning: common draw set with the FaIR arm, dropped 2 of 2000 | pulse 0.01 GtCH4 at 2030 | cm rel 1995-2014 | julia 1.12.6"
2109,ais,0.0005805435631067724,0.00363642894326625,0.0010110439425919267,0.0002541067890872828,0.001106754254055175,"scope_slr_pulse_vv.jl | SLR-RFF-BRICK 39cedc0 | Ladrillo L27 (v1.2) | draws parameters_subsample_brick_mengel_L27.csv, 500/chain | paleo assignment :single (seed 20260920) | land-water anchor :zero_at_first_year | lws observed | climate MAGICC-SLR 600 members, vv_pulse_wide_20261009 | forcing spliced | tap true | pair seed 2026 | record conditioning: common draw set with the FaIR arm, dropped 2 of 2000 | pulse 0.01 GtCH4 at 2030 | cm rel 1995-2014 | julia 1.12.6"
2110,ais,0.0005825685095999233,0.003637814011241789,0.0010105974998725884,0.0002550820817149191,0.0011121598237682656,"scope_slr_pulse_vv.jl | SLR-RFF-BRICK 39cedc0 | Ladrillo L27 (v1.2) | draws parameters_subsample_brick_mengel_L27.csv, 500/chain | paleo assignment :single (seed 20260920) | land-water anchor :zero_at_first_year | lws observed | climate MAGICC-SLR 600 members, vv_pulse_wide_20261009 | forcing spliced | tap true | pair seed 2026 | record conditioning: common draw set with the FaIR arm, dropped 2 of 2000 | pulse 0.01 GtCH4 at 2030 | cm rel 1995-2014 | julia 1.12.6"
2111,ais,0.0005846087752541251,0.0036391698449132668,0.0010101502039489433,0.00025604814073085794,0.001117522598638842,"scope_slr_pulse_vv.jl | SLR-RFF-BRICK 39cedc0 | Ladrillo L27 (v1.2) | draws parameters_subsample_brick_mengel_L27.csv, 500/chain | paleo assignment :single (seed 20260920) | land-water anchor :zero_at_first_year | lws observed | climate MAGICC-SLR 600 members, vv_pulse_wide_20261009 | forcing spliced | tap true | pair seed 2026 | record conditioning: common draw set with the FaIR arm, dropped 2 of 2000 | pulse 0.01 GtCH4 at 2030 | cm rel 1995-2014 | julia 1.12.6"
2112,ais,0.0005869037924322029,0.003640502404147033,0.0010097017932431467,0.00025700725272983507,0.0011228500623211338,"scope_slr_pulse_vv.jl | SLR-RFF-BRICK 39cedc0 | Ladrillo L27 (v1.2) | draws parameters_subsample_brick_mengel_L27.csv, 500/chain | paleo assignment :single (seed 20260920) | land-water anchor :zero_at_first_year | lws observed | climate MAGICC-SLR 600 members, vv_pulse_wide_20261009 | forcing spliced | tap true | pair seed 2026 | record conditioning: common draw set with the FaIR arm, dropped 2 of 2000 | pulse 0.01 GtCH4 at 2030 | cm rel 1995-2014 | julia 1.12.6"
2113,ais,0.0005892069028359259,0.003641811308480304,0.0010092523534865406,0.000257959096139615,0.0011281443143925421,"scope_slr_pulse_vv.jl | SLR-RFF-BRICK 39cedc0 | Ladrillo L27 (v1.2) | draws parameters_subsample_brick_mengel_L27.csv, 500/chain | paleo assignment :single (seed 20260920) | land-water anchor :zero_at_first_year | lws observed | climate MAGICC-SLR 600 members, vv_pulse_wide_20261009 | forcing spliced | tap true | pair seed 2026 | record conditioning: common draw set with the FaIR arm, dropped 2 of 2000 | pulse 0.01 GtCH4 at 2030 | cm rel 1995-2014 | julia 1.12.6"
2114,ais,0.0005912914787327139,0.0036430965997924524,0.0010088020500780002,0.0002588097709011805,0.0011346542687757472,"scope_slr_pulse_vv.jl | SLR-RFF-BRICK 39cedc0 | Ladrillo L27 (v1.2) | draws parameters_subsample_brick_mengel_L27.csv, 500/chain | paleo assignment :single (seed 20260920) | land-water anchor :zero_at_first_year | lws observed | climate MAGICC-SLR 600 members, vv_pulse_wide_20261009 | forcing spliced | tap true | pair seed 2026 | record conditioning: common draw set with the FaIR arm, dropped 2 of 2000 | pulse 0.01 GtCH4 at 2030 | cm rel 1995-2014 | julia 1.12.6"
2115,ais,0.0005933406397193863,0.003644357541907176,0.00100835112515195,0.00025975163301112937,0.0011418277189303436,"scope_slr_pulse_vv.jl | SLR-RFF-BRICK 39cedc0 | Ladrillo L27 (v1.2) | draws parameters_subsample_brick_mengel_L27.csv, 500/chain | paleo assignment :single (seed 20260920) | land-water anchor :zero_at_first_year | lws observed | climate MAGICC-SLR 600 members, vv_pulse_wide_20261009 | forcing spliced | tap true | pair seed 2026 | record conditioning: common draw set with the FaIR arm, dropped 2 of 2000 | pulse 0.01 GtCH4 at 2030 | cm rel 1995-2014 | julia 1.12.6"
2116,ais,0.00059573779614297,0.0036455932605306235,0.001007899647118069,0.00026059676135905543,0.0011487773517302458,"scope_slr_pulse_vv.jl | SLR-RFF-BRICK 39cedc0 | Ladrillo L27 (v1.2) | draws parameters_subsample_brick_mengel_L27.csv, 500/chain | paleo assignment :single (seed 20260920) | land-water anchor :zero_at_first_year | lws observed | climate MAGICC-SLR 600 members, vv_pulse_wide_20261009 | forcing spliced | tap true | pair seed 2026 | record conditioning: common draw set with the FaIR arm, dropped 2 of 2000 | pulse 0.01 GtCH4 at 2030 | cm rel 1995-2014 | julia 1.12.6"
2117,ais,0.0005983520388497254,0.0036468039818136322,0.0010074477124218226,0.00026140579973312763,0.0011541601535256516,"scope_slr_pulse_vv.jl | SLR-RFF-BRICK 39cedc0 | Ladrillo L27 (v1.2) | draws parameters_subsample_brick_mengel_L27.csv, 500/chain | paleo assignment :single (seed 20260920) | land-water anchor :zero_at_first_year | lws observed | climate MAGICC-SLR 600 members, vv_pulse_wide_20261009 | forcing spliced | tap true | pair seed 2026 | record conditioning: common draw set with the FaIR arm, dropped 2 of 2000 | pulse 0.01 GtCH4 at 2030 | cm rel 1995-2014 | julia 1.12.6"
2118,ais,0.0006002309971888664,0.003647990719302847,0.0010069953492870447,0.0002621792099720466,0.001159269222621617,"scope_slr_pulse_vv.jl | SLR-RFF-BRICK 39cedc0 | Ladrillo L27 (v1.2) | draws parameters_subsample_brick_mengel_L27.csv, 500/chain | paleo assignment :single (seed 20260920) | land-water anchor :zero_at_first_year | lws observed | climate MAGICC-SLR 600 members, vv_pulse_wide_20261009 | forcing spliced | tap true | pair seed 2026 | record conditioning: common draw set with the FaIR arm, dropped 2 of 2000 | pulse 0.01 GtCH4 at 2030 | cm rel 1995-2014 | julia 1.12.6"
2119,ais,0.0006023238473016335,0.0036491538550108816,0.0010065425360256646,0.0002629908536030623,0.0011651952056197954,"scope_slr_pulse_vv.jl | SLR-RFF-BRICK 39cedc0 | Ladrillo L27 (v1.2) | draws parameters_subsample_brick_mengel_L27.csv, 500/chain | paleo assignment :single (seed 20260920) | land-water anchor :zero_at_first_year | lws observed | climate MAGICC-SLR 600 members, vv_pulse_wide_20261009 | forcing spliced | tap true | pair seed 2026 | record conditioning: common draw set with the FaIR arm, dropped 2 of 2000 | pulse 0.01 GtCH4 at 2030 | cm rel 1995-2014 | julia 1.12.6"
2120,ais,0.0006044399439959491,0.003650295879939062,0.001006089213462572,0.00026381860929340916,0.0011698794708102866,"scope_slr_pulse_vv.jl | SLR-RFF-BRICK 39cedc0 | Ladrillo L27 (v1.2) | draws parameters_subsample_brick_mengel_L27.csv, 500/chain | paleo assignment :single (seed 20260920) | land-water anchor :zero_at_first_year | lws observed | climate MAGICC-SLR 600 members, vv_pulse_wide_20261009 | forcing spliced | tap true | pair seed 2026 | record conditioning: common draw set with the FaIR arm, dropped 2 of 2000 | pulse 0.01 GtCH4 at 2030 | cm rel 1995-2014 | julia 1.12.6"
2121,ais,0.0006063873362540662,0.0036514186097211785,0.0010056352117638373,0.000264639309975756,0.0011754891131641185,"scope_slr_pulse_vv.jl | SLR-RFF-BRICK 39cedc0 | Ladrillo L27 (v1.2) | draws parameters_subsample_brick_mengel_L27.csv, 500/chain | paleo assignment :single (seed 20260920) | land-water anchor :zero_at_first_year | lws observed | climate MAGICC-SLR 600 members, vv_pulse_wide_20261009 | forcing spliced | tap true | pair seed 2026 | record conditioning: common draw set with the FaIR arm, dropped 2 of 2000 | pulse 0.01 GtCH4 at 2030 | cm rel 1995-2014 | julia 1.12.6"
2122,ais,0.0006082628064554285,0.0036525280590715865,0.0010051803201014348,0.00026545464792335774,0.0011827367871045879,"scope_slr_pulse_vv.jl | SLR-RFF-BRICK 39cedc0 | Ladrillo L27 (v1.2) | draws parameters_subsample_brick_mengel_L27.csv, 500/chain | paleo assignment :single (seed 20260920) | land-water anchor :zero_at_first_year | lws observed | climate MAGICC-SLR 600 members, vv_pulse_wide_20261009 | forcing spliced | tap true | pair seed 2026 | record conditioning: common draw set with the FaIR arm, dropped 2 of 2000 | pulse 0.01 GtCH4 at 2030 | cm rel 1995-2014 | julia 1.12.6"
2123,ais,0.0006098265792324753,0.003653622644273344,0.0010047243934062564,0.0002662658539238638,0.0011870479982384549,"scope_slr_pulse_vv.jl | SLR-RFF-BRICK 39cedc0 | Ladrillo L27 (v1.2) | draws parameters_subsample_brick_mengel_L27.csv, 500/chain | paleo assignment :single (seed 20260920) | land-water anchor :zero_at_first_year | lws observed | climate MAGICC-SLR 600 members, vv_pulse_wide_20261009 | forcing spliced | tap true | pair seed 2026 | record conditioning: common draw set with the FaIR arm, dropped 2 of 2000 | pulse 0.01 GtCH4 at 2030 | cm rel 1995-2014 | julia 1.12.6"
2124,ais,0.0006121763527247026,0.0036547019167831843,0.0010042676852203634,0.00026707133083783143,0.0011906799552917839,"scope_slr_pulse_vv.jl | SLR-RFF-BRICK 39cedc0 | Ladrillo L27 (v1.2) | draws parameters_subsample_brick_mengel_L27.csv, 500/chain | paleo assignment :single (seed 20260920) | land-water anchor :zero_at_first_year | lws observed | climate MAGICC-SLR 600 members, vv_pulse_wide_20261009 | forcing spliced | tap true | pair seed 2026 | record conditioning: common draw set with the FaIR arm, dropped 2 of 2000 | pulse 0.01 GtCH4 at 2030 | cm rel 1995-2014 | julia 1.12.6"
2125,ais,0.0006144176511080346,0.0036557653770120514,0.0010038102931662722,0.00026787876464897666,0.0011968546379051755,"scope_slr_pulse_vv.jl | SLR-RFF-BRICK 39cedc0 | Ladrillo L27 (v1.2) | draws parameters_subsample_brick_mengel_L27.csv, 500/chain | paleo assignment :single (seed 20260920) | land-water anchor :zero_at_first_year | lws observed | climate MAGICC-SLR 600 members, vv_pulse_wide_20261009 | forcing spliced | tap true | pair seed 2026 | record conditioning: common draw set with the FaIR arm, dropped 2 of 2000 | pulse 0.01 GtCH4 at 2030 | cm rel 1995-2014 | julia 1.12.6"
2126,ais,0.0006164542289610608,0.00365681136812603,0.0010033524236749375,0.0002687021463668504,0.001202991893156735,"scope_slr_pulse_vv.jl | SLR-RFF-BRICK 39cedc0 | Ladrillo L27 (v1.2) | draws parameters_subsample_brick_mengel_L27.csv, 500/chain | paleo assignment :single (seed 20260920) | land-water anchor :zero_at_first_year | lws observed | climate MAGICC-SLR 600 members, vv_pulse_wide_20261009 | forcing spliced | tap true | pair seed 2026 | record conditioning: common draw set with the FaIR arm, dropped 2 of 2000 | pulse 0.01 GtCH4 at 2030 | cm rel 1995-2014 | julia 1.12.6"
2127,ais,0.0006187155306900394,0.0036578408438086496,0.0010028942452170457,0.0002695182793659434,0.0012072019703527558,"scope_slr_pulse_vv.jl | SLR-RFF-BRICK 39cedc0 | Ladrillo L27 (v1.2) | draws parameters_subsample_brick_mengel_L27.csv, 500/chain | paleo assignment :single (seed 20260920) | land-water anchor :zero_at_first_year | lws observed | climate MAGICC-SLR 600 members, vv_pulse_wide_20261009 | forcing spliced | tap true | pair seed 2026 | record conditioning: common draw set with the FaIR arm, dropped 2 of 2000 | pulse 0.01 GtCH4 at 2030 | cm rel 1995-2014 | julia 1.12.6"
2128,ais,0.0006207208538491216,0.0036588520536131636,0.0010024357748699211,0.0002704896314114524,0.0012099744341096395,"scope_slr_pulse_vv.jl | SLR-RFF-BRICK 39cedc0 | Ladrillo L27 (v1.2) | draws parameters_subsample_brick_mengel_L27.csv, 500/chain | paleo assignment :single (seed 20260920) | land-water anchor :zero_at_first_year | lws observed | climate MAGICC-SLR 600 members, vv_pulse_wide_20261009 | forcing spliced | tap true | pair seed 2026 | record conditioning: common draw set with the FaIR arm, dropped 2 of 2000 | pulse 0.01 GtCH4 at 2030 | cm rel 1995-2014 | julia 1.12.6"
2129,ais,0.0006227095510560332,0.0036598479156848304,0.0010019769877996894,0.0002711114247192725,0.001213156222918243,"scope_slr_pulse_vv.jl | SLR-RFF-BRICK 39cedc0 | Ladrillo L27 (v1.2) | draws parameters_subsample_brick_mengel_L27.csv, 500/chain | paleo assignment :single (seed 20260920) | land-water anchor :zero_at_first_year | lws observed | climate MAGICC-SLR 600 members, vv_pulse_wide_20261009 | forcing spliced | tap true | pair seed 2026 | record conditioning: common draw set with the FaIR arm, dropped 2 of 2000 | pulse 0.01 GtCH4 at 2030 | cm rel 1995-2014 | julia 1.12.6"
2130,ais,0.0006243884733727612,0.0036608279638383466,0.0010015177977786166,0.00027220609948841457,0.0012186720827159544,"scope_slr_pulse_vv.jl | SLR-RFF-BRICK 39cedc0 | Ladrillo L27 (v1.2) | draws parameters_subsample_brick_mengel_L27.csv, 500/chain | paleo assignment :single (seed 20260920) | land-water anchor :zero_at_first_year | lws observed | climate MAGICC-SLR 600 members, vv_pulse_wide_20261009 | forcing spliced | tap true | pair seed 2026 | record conditioning: common draw set with the FaIR arm, dropped 2 of 2000 | pulse 0.01 GtCH4 at 2030 | cm rel 1995-2014 | julia 1.12.6"
2131,ais,0.0006259948059899045,0.003661794276625366,0.0010010580177574767,0.00027353706010417865,0.0012243876104555795,"scope_slr_pulse_vv.jl | SLR-RFF-BRICK 39cedc0 | Ladrillo L27 (v1.2) | draws parameters_subsample_brick_mengel_L27.csv, 500/chain | paleo assignment :single (seed 20260920) | land-water anchor :zero_at_first_year | lws observed | climate MAGICC-SLR 600 members, vv_pulse_wide_20261009 | forcing spliced | tap true | pair seed 2026 | record conditioning: common draw set with the FaIR arm, dropped 2 of 2000 | pulse 0.01 GtCH4 at 2030 | cm rel 1995-2014 | julia 1.12.6"
2132,ais,0.000627592622340245,0.003662751048460277,0.0010005972928921855,0.0002743014614115857,0.0012290777074277057,"scope_slr_pulse_vv.jl | SLR-RFF-BRICK 39cedc0 | Ladrillo L27 (v1.2) | draws parameters_subsample_brick_mengel_L27.csv, 500/chain | paleo assignment :single (seed 20260920) | land-water anchor :zero_at_first_year | lws observed | climate MAGICC-SLR 600 members, vv_pulse_wide_20261009 | forcing spliced | tap true | pair seed 2026 | record conditioning: common draw set with the FaIR arm, dropped 2 of 2000 | pulse 0.01 GtCH4 at 2030 | cm rel 1995-2014 | julia 1.12.6"
2133,ais,0.0006291817341477213,0.003663697196471202,0.0010001356509746588,0.00027501077974640965,0.0012345269181949445,"scope_slr_pulse_vv.jl | SLR-RFF-BRICK 39cedc0 | Ladrillo L27 (v1.2) | draws parameters_subsample_brick_mengel_L27.csv, 500/chain | paleo assignment :single (seed 20260920) | land-water anchor :zero_at_first_year | lws observed | climate MAGICC-SLR 600 members, vv_pulse_wide_20261009 | forcing spliced | tap true | pair seed 2026 | record conditioning: common draw set with the FaIR arm, dropped 2 of 2000 | pulse 0.01 GtCH4 at 2030 | cm rel 1995-2014 | julia 1.12.6"
2134,ais,0.0006309855790709307,0.0036646329561174805,0.0009996731883357062,0.00027596528027027387,0.0012407791686086962,"scope_slr_pulse_vv.jl | SLR-RFF-BRICK 39cedc0 | Ladrillo L27 (v1.2) | draws parameters_subsample_brick_mengel_L27.csv, 500/chain | paleo assignment :single (seed 20260920) | land-water anchor :zero_at_first_year | lws observed | climate MAGICC-SLR 600 members, vv_pulse_wide_20261009 | forcing spliced | tap true | pair seed 2026 | record conditioning: common draw set with the FaIR arm, dropped 2 of 2000 | pulse 0.01 GtCH4 at 2030 | cm rel 1995-2014 | julia 1.12.6"
2135,ais,0.0006326455994747349,0.00366555603656804,0.00099921012836309,0.00027675937310376323,0.0012482482787376627,"scope_slr_pulse_vv.jl | SLR-RFF-BRICK 39cedc0 | Ladrillo L27 (v1.2) | draws parameters_subsample_brick_mengel_L27.csv, 500/chain | paleo assignment :single (seed 20260920) | land-water anchor :zero_at_first_year | lws observed | climate MAGICC-SLR 600 members, vv_pulse_wide_20261009 | forcing spliced | tap true | pair seed 2026 | record conditioning: common draw set with the FaIR arm, dropped 2 of 2000 | pulse 0.01 GtCH4 at 2030 | cm rel 1995-2014 | julia 1.12.6"
2136,ais,0.0006345116873731627,0.0036664655943149313,0.0009987467127016787,0.0002775493052260991,0.0012544541115374838,"scope_slr_pulse_vv.jl | SLR-RFF-BRICK 39cedc0 | Ladrillo L27 (v1.2) | draws parameters_subsample_brick_mengel_L27.csv, 500/chain | paleo assignment :single (seed 20260920) | land-water anchor :zero_at_first_year | lws observed | climate MAGICC-SLR 600 members, vv_pulse_wide_20261009 | forcing spliced | tap true | pair seed 2026 | record conditioning: common draw set with the FaIR arm, dropped 2 of 2000 | pulse 0.01 GtCH4 at 2030 | cm rel 1995-2014 | julia 1.12.6"
2137,ais,0.0006363142862628735,0.0036673616536797753,0.0009982831307807799,0.000278334405457592,0.0012606319351718292,"scope_slr_pulse_vv.jl | SLR-RFF-BRICK 39cedc0 | Ladrillo L27 (v1.2) | draws parameters_subsample_brick_mengel_L27.csv, 500/chain | paleo assignment :single (seed 20260920) | land-water anchor :zero_at_first_year | lws observed | climate MAGICC-SLR 600 members, vv_pulse_wide_20261009 | forcing spliced | tap true | pair seed 2026 | record conditioning: common draw set with the FaIR arm, dropped 2 of 2000 | pulse 0.01 GtCH4 at 2030 | cm rel 1995-2014 | julia 1.12.6"
2138,ais,0.0006382529129203007,0.003668243373956417,0.0009978193659152719,0.0002791150473272275,0.0012662252621630896,"scope_slr_pulse_vv.jl | SLR-RFF-BRICK 39cedc0 | Ladrillo L27 (v1.2) | draws parameters_subsample_brick_mengel_L27.csv, 500/chain | paleo assignment :single (seed 20260920) | land-water anchor :zero_at_first_year | lws observed | climate MAGICC-SLR 600 members, vv_pulse_wide_20261009 | forcing spliced | tap true | pair seed 2026 | record conditioning: common draw set with the FaIR arm, dropped 2 of 2000 | pulse 0.01 GtCH4 at 2030 | cm rel 1995-2014 | julia 1.12.6"
2139,ais,0.0006397643505806627,0.003669111594894959,0.0009973553701307309,0.0002798916045209765,0.0012713321409762556,"scope_slr_pulse_vv.jl | SLR-RFF-BRICK 39cedc0 | Ladrillo L27 (v1.2) | draws parameters_subsample_brick_mengel_L27.csv, 500/chain | paleo assignment :single (seed 20260920) | land-water anchor :zero_at_first_year | lws observed | climate MAGICC-SLR 600 members, vv_pulse_wide_20261009 | forcing spliced | tap true | pair seed 2026 | record conditioning: common draw set with the FaIR arm, dropped 2 of 2000 | pulse 0.01 GtCH4 at 2030 | cm rel 1995-2014 | julia 1.12.6"
2140,ais,0.0006413994334799611,0.0036699659721909647,0.0009968910985422837,0.00028066528390207067,0.0012748534754599915,"scope_slr_pulse_vv.jl | SLR-RFF-BRICK 39cedc0 | Ladrillo L27 (v1.2) | draws parameters_subsample_brick_mengel_L27.csv, 500/chain | paleo assignment :single (seed 20260920) | land-water anchor :zero_at_first_year | lws observed | climate MAGICC-SLR 600 members, vv_pulse_wide_20261009 | forcing spliced | tap true | pair seed 2026 | record conditioning: common draw set with the FaIR arm, dropped 2 of 2000 | pulse 0.01 GtCH4 at 2030 | cm rel 1995-2014 | julia 1.12.6"
2141,ais,0.0006436283534370091,0.0036708069352650967,0.0009964264700262424,0.0002814526019104591,0.0012785259726296515,"scope_slr_pulse_vv.jl | SLR-RFF-BRICK 39cedc0 | Ladrillo L27 (v1.2) | draws parameters_subsample_brick_mengel_L27.csv, 500/chain | paleo assignment :single (seed 20260920) | land-water anchor :zero_at_first_year | lws observed | climate MAGICC-SLR 600 members, vv_pulse_wide_20261009 | forcing spliced | tap true | pair seed 2026 | record conditioning: common draw set with the FaIR arm, dropped 2 of 2000 | pulse 0.01 GtCH4 at 2030 | cm rel 1995-2014 | julia 1.12.6"
2142,ais,0.0006446586086568118,0.0036715842816703887,0.0009959613901921003,0.0002822372143601371,0.0012827069177816953,"scope_slr_pulse_vv.jl | SLR-RFF-BRICK 39cedc0 | Ladrillo L27 (v1.2) | draws parameters_subsample_brick_mengel_L27.csv, 500/chain | paleo assignment :single (seed 20260920) | land-water anchor :zero_at_first_year | lws observed | climate MAGICC-SLR 600 members, vv_pulse_wide_20261009 | forcing spliced | tap true | pair seed 2026 | record conditioning: common draw set with the FaIR arm, dropped 2 of 2000 | pulse 0.01 GtCH4 at 2030 | cm rel 1995-2014 | julia 1.12.6"
2143,ais,0.0006472051853734229,0.004013176007919568,0.0010516893685942738,0.00028301980546689974,0.0012872668251368675,"scope_slr_pulse_vv.jl | SLR-RFF-BRICK 39cedc0 | Ladrillo L27 (v1.2) | draws parameters_subsample_brick_mengel_L27.csv, 500/chain | paleo assignment :single (seed 20260920) | land-water anchor :zero_at_first_year | lws observed | climate MAGICC-SLR 600 members, vv_pulse_wide_20261009 | forcing spliced | tap true | pair seed 2026 | record conditioning: common draw set with the FaIR arm, dropped 2 of 2000 | pulse 0.01 GtCH4 at 2030 | cm rel 1995-2014 | julia 1.12.6"
2144,ais,0.0006493725809404438,0.0040161439203494536,0.001051938507403116,0.0002838001902190967,0.0012918225589288563,"scope_slr_pulse_vv.jl | SLR-RFF-BRICK 39cedc0 | Ladrillo L27 (v1.2) | draws parameters_subsample_brick_mengel_L27.csv, 500/chain | paleo assignment :single (seed 20260920) | land-water anchor :zero_at_first_year | lws observed | climate MAGICC-SLR 600 members, vv_pulse_wide_20261009 | forcing spliced | tap true | pair seed 2026 | record conditioning: common draw set with the FaIR arm, dropped 2 of 2000 | pulse 0.01 GtCH4 at 2030 | cm rel 1995-2014 | julia 1.12.6"
2145,ais,0.0006512010434782667,0.004016839036149927,0.0010514591418767415,0.0002845782687947995,0.0012969347388782633,"scope_slr_pulse_vv.jl | SLR-RFF-BRICK 39cedc0 | Ladrillo L27 (v1.2) | draws parameters_subsample_brick_mengel_L27.csv, 500/chain | paleo assignment :single (seed 20260920) | land-water anchor :zero_at_first_year | lws observed | climate MAGICC-SLR 600 members, vv_pulse_wide_20261009 | forcing spliced | tap true | pair seed 2026 | record conditioning: common draw set with the FaIR arm, dropped 2 of 2000 | pulse 0.01 GtCH4 at 2030 | cm rel 1995-2014 | julia 1.12.6"
2146,ais,0.0006528323395329494,0.004017505422440041,0.0010509744510213749,0.00028535456016776095,0.0013020242146659193,"scope_slr_pulse_vv.jl | SLR-RFF-BRICK 39cedc0 | Ladrillo L27 (v1.2) | draws parameters_subsample_brick_mengel_L27.csv, 500/chain | paleo assignment :single (seed 20260920) | land-water anchor :zero_at_first_year | lws observed | climate MAGICC-SLR 600 members, vv_pulse_wide_20261009 | forcing spliced | tap true | pair seed 2026 | record conditioning: common draw set with the FaIR arm, dropped 2 of 2000 | pulse 0.01 GtCH4 at 2030 | cm rel 1995-2014 | julia 1.12.6"
2147,ais,0.0006545921045706393,0.004018161894813722,0.0010504894216712313,0.0002861277146821273,0.001307089565694496,"scope_slr_pulse_vv.jl | SLR-RFF-BRICK 39cedc0 | Ladrillo L27 (v1.2) | draws parameters_subsample_brick_mengel_L27.csv, 500/chain | paleo assignment :single (seed 20260920) | land-water anchor :zero_at_first_year | lws observed | climate MAGICC-SLR 600 members, vv_pulse_wide_20261009 | forcing spliced | tap true | pair seed 2026 | record conditioning: common draw set with the FaIR arm, dropped 2 of 2000 | pulse 0.01 GtCH4 at 2030 | cm rel 1995-2014 | julia 1.12.6"
2148,ais,0.0006563070315896979,0.0040188091255849035,0.0010500041007510353,0.00028689784668971545,0.001313901689309204,"scope_slr_pulse_vv.jl | SLR-RFF-BRICK 39cedc0 | Ladrillo L27 (v1.2) | draws parameters_subsample_brick_mengel_L27.csv, 500/chain | paleo assignment :single (seed 20260920) | land-water anchor :zero_at_first_year | lws observed | climate MAGICC-SLR 600 members, vv_pulse_wide_20261009 | forcing spliced | tap true | pair seed 2026 | record conditioning: common draw set with the FaIR arm, dropped 2 of 2000 | pulse 0.01 GtCH4 at 2030 | cm rel 1995-2014 | julia 1.12.6"
2149,ais,0.0006583289202612974,0.004019445507271776,0.001049518539741158,0.00028766484300470904,0.001321135956359853,"scope_slr_pulse_vv.jl | SLR-RFF-BRICK 39cedc0 | Ladrillo L27 (v1.2) | draws parameters_subsample_brick_mengel_L27.csv, 500/chain | paleo assignment :single (seed 20260920) | land-water anchor :zero_at_first_year | lws observed | climate MAGICC-SLR 600 members, vv_pulse_wide_20261009 | forcing spliced | tap true | pair seed 2026 | record conditioning: common draw set with the FaIR arm, dropped 2 of 2000 | pulse 0.01 GtCH4 at 2030 | cm rel 1995-2014 | julia 1.12.6"
2150,ais,0.0006598000050743735,0.0040200719037729446,0.0010490327571058718,0.00028842871941980874,0.0013283613024771767,"scope_slr_pulse_vv.jl | SLR-RFF-BRICK 39cedc0 | Ladrillo L27 (v1.2) | draws parameters_subsample_brick_mengel_L27.csv, 500/chain | paleo assignment :single (seed 20260920) | land-water anchor :zero_at_first_year | lws observed | climate MAGICC-SLR 600 members, vv_pulse_wide_20261009 | forcing spliced | tap true | pair seed 2026 | record conditioning: common draw set with the FaIR arm, dropped 2 of 2000 | pulse 0.01 GtCH4 at 2030 | cm rel 1995-2014 | julia 1.12.6"
2151,ais,0.0006613501189107751,0.00402068835894863,0.0010485467306436647,0.00028918966479594136,0.0013342857076157342,"scope_slr_pulse_vv.jl | SLR-RFF-BRICK 39cedc0 | Ladrillo L27 (v1.2) | draws parameters_subsample_brick_mengel_L27.csv, 500/chain | paleo assignment :single (seed 20260920) | land-water anchor :zero_at_first_year | lws observed | climate MAGICC-SLR 600 members, vv_pulse_wide_20261009 | forcing spliced | tap true | pair seed 2026 | record conditioning: common draw set with the FaIR arm, dropped 2 of 2000 | pulse 0.01 GtCH4 at 2030 | cm rel 1995-2014 | julia 1.12.6"
2152,ais,0.0006631120561104709,0.004021295034700754,0.0010480604209255756,0.00028994792132230884,0.0013400282562933792,"scope_slr_pulse_vv.jl | SLR-RFF-BRICK 39cedc0 | Ladrillo L27 (v1.2) | draws parameters_subsample_brick_mengel_L27.csv, 500/chain | paleo assignment :single (seed 20260920) | land-water anchor :zero_at_first_year | lws observed | climate MAGICC-SLR 600 members, vv_pulse_wide_20261009 | forcing spliced | tap true | pair seed 2026 | record conditioning: common draw set with the FaIR arm, dropped 2 of 2000 | pulse 0.01 GtCH4 at 2030 | cm rel 1995-2014 | julia 1.12.6"
2153,ais,0.0006647869555500563,0.004021893400197494,0.0010475736745126996,0.00029070421267274327,0.0013452195578793175,"scope_slr_pulse_vv.jl | SLR-RFF-BRICK 39cedc0 | Ladrillo L27 (v1.2) | draws parameters_subsample_brick_mengel_L27.csv, 500/chain | paleo assignment :single (seed 20260920) | land-water anchor :zero_at_first_year | lws observed | climate MAGICC-SLR 600 members, vv_pulse_wide_20261009 | forcing spliced | tap true | pair seed 2026 | record conditioning: common draw set with the FaIR arm, dropped 2 of 2000 | pulse 0.01 GtCH4 at 2030 | cm rel 1995-2014 | julia 1.12.6"
2154,ais,0.0006670972744871051,0.004022485706883147,0.0010470862458691107,0.0002914596164504068,0.0013503601802220544,"scope_slr_pulse_vv.jl | SLR-RFF-BRICK 39cedc0 | Ladrillo L27 (v1.2) | draws parameters_subsample_brick_mengel_L27.csv, 500/chain | paleo assignment :single (seed 20260920) | land-water anchor :zero_at_first_year | lws observed | climate MAGICC-SLR 600 members, vv_pulse_wide_20261009 | forcing spliced | tap true | pair seed 2026 | record conditioning: common draw set with the FaIR arm, dropped 2 of 2000 | pulse 0.01 GtCH4 at 2030 | cm rel 1995-2014 | julia 1.12.6"
2155,ais,0.0006691897841308858,0.00402307224885906,0.0010465980222012124,0.00029221460619863746,0.0013548981404113646,"scope_slr_pulse_vv.jl | SLR-RFF-BRICK 39cedc0 | Ladrillo L27 (v1.2) | draws parameters_subsample_brick_mengel_L27.csv, 500/chain | paleo assignment :single (seed 20260920) | land-water anchor :zero_at_first_year | lws observed | climate MAGICC-SLR 600 members, vv_pulse_wide_20261009 | forcing spliced | tap true | pair seed 2026 | record conditioning: common draw set with the FaIR arm, dropped 2 of 2000 | pulse 0.01 GtCH4 at 2030 | cm rel 1995-2014 | julia 1.12.6"
2156,ais,0.0006708622949673781,0.004023653202445929,0.001046109157765621,0.000292968562478535,0.0013605167245735572,"scope_slr_pulse_vv.jl | SLR-RFF-BRICK 39cedc0 | Ladrillo L27 (v1.2) | draws parameters_subsample_brick_mengel_L27.csv, 500/chain | paleo assignment :single (seed 20260920) | land-water anchor :zero_at_first_year | lws observed | climate MAGICC-SLR 600 members, vv_pulse_wide_20261009 | forcing spliced | tap true | pair seed 2026 | record conditioning: common draw set with the FaIR arm, dropped 2 of 2000 | pulse 0.01 GtCH4 at 2030 | cm rel 1995-2014 | julia 1.12.6"
2157,ais,0.0006728618201607972,0.004024228401194286,0.0010456198252857894,0.00029350736013000756,0.0013663723740869216,"scope_slr_pulse_vv.jl | SLR-RFF-BRICK 39cedc0 | Ladrillo L27 (v1.2) | draws parameters_subsample_brick_mengel_L27.csv, 500/chain | paleo assignment :single (seed 20260920) | land-water anchor :zero_at_first_year | lws observed | climate MAGICC-SLR 600 members, vv_pulse_wide_20261009 | forcing spliced | tap true | pair seed 2026 | record conditioning: common draw set with the FaIR arm, dropped 2 of 2000 | pulse 0.01 GtCH4 at 2030 | cm rel 1995-2014 | julia 1.12.6"
2158,ais,0.0006744470872206421,0.0040247954384996084,0.0010451302118307723,0.00029395667269902507,0.0013739229620924219,"scope_slr_pulse_vv.jl | SLR-RFF-BRICK 39cedc0 | Ladrillo L27 (v1.2) | draws parameters_subsample_brick_mengel_L27.csv, 500/chain | paleo assignment :single (seed 20260920) | land-water anchor :zero_at_first_year | lws observed | climate MAGICC-SLR 600 members, vv_pulse_wide_20261009 | forcing spliced | tap true | pair seed 2026 | record conditioning: common draw set with the FaIR arm, dropped 2 of 2000 | pulse 0.01 GtCH4 at 2030 | cm rel 1995-2014 | julia 1.12.6"
2159,ais,0.0006762285829111647,0.0040253533527226885,0.0010446405043533125,0.00029440348567391086,0.0013786384027966384,"scope_slr_pulse_vv.jl | SLR-RFF-BRICK 39cedc0 | Ladrillo L27 (v1.2) | draws parameters_subsample_brick_mengel_L27.csv, 500/chain | paleo assignment :single (seed 20260920) | land-water anchor :zero_at_first_year | lws observed | climate MAGICC-SLR 600 members, vv_pulse_wide_20261009 | forcing spliced | tap true | pair seed 2026 | record conditioning: common draw set with the FaIR arm, dropped 2 of 2000 | pulse 0.01 GtCH4 at 2030 | cm rel 1995-2014 | julia 1.12.6"
2160,ais,0.0006780253885807497,0.004025901614614919,0.0010441507999545514,0.00029515368020138766,0.0013859739711186583,"scope_slr_pulse_vv.jl | SLR-RFF-BRICK 39cedc0 | Ladrillo L27 (v1.2) | draws parameters_subsample_brick_mengel_L27.csv, 500/chain | paleo assignment :single (seed 20260920) | land-water anchor :zero_at_first_year | lws observed | climate MAGICC-SLR 600 members, vv_pulse_wide_20261009 | forcing spliced | tap true | pair seed 2026 | record conditioning: common draw set with the FaIR arm, dropped 2 of 2000 | pulse 0.01 GtCH4 at 2030 | cm rel 1995-2014 | julia 1.12.6"
2161,ais,0.000679513397717102,0.0040264405232004925,0.0010436610871451238,0.0002963765150271414,0.001393061279711815,"scope_slr_pulse_vv.jl | SLR-RFF-BRICK 39cedc0 | Ladrillo L27 (v1.2) | draws parameters_subsample_brick_mengel_L27.csv, 500/chain | paleo assignment :single (seed 20260920) | land-water anchor :zero_at_first_year | lws observed | climate MAGICC-SLR 600 members, vv_pulse_wide_20261009 | forcing spliced | tap true | pair seed 2026 | record conditioning: common draw set with the FaIR arm, dropped 2 of 2000 | pulse 0.01 GtCH4 at 2030 | cm rel 1995-2014 | julia 1.12.6"
2162,ais,0.0006810354086468351,0.004026970759702521,0.001043171264720365,0.00029746801800474283,0.0013996796548852327,"scope_slr_pulse_vv.jl | SLR-RFF-BRICK 39cedc0 | Ladrillo L27 (v1.2) | draws parameters_subsample_brick_mengel_L27.csv, 500/chain | paleo assignment :single (seed 20260920) | land-water anchor :zero_at_first_year | lws observed | climate MAGICC-SLR 600 members, vv_pulse_wide_20261009 | forcing spliced | tap true | pair seed 2026 | record conditioning: common draw set with the FaIR arm, dropped 2 of 2000 | pulse 0.01 GtCH4 at 2030 | cm rel 1995-2014 | julia 1.12.6"
2163,ais,0.0006824411353854032,0.004027494366199428,0.0010426811365487746,0.0002982217405797627,0.0014062622956153349,"scope_slr_pulse_vv.jl | SLR-RFF-BRICK 39cedc0 | Ladrillo L27 (v1.2) | draws parameters_subsample_brick_mengel_L27.csv, 500/chain | paleo assignment :single (seed 20260920) | land-water anchor :zero_at_first_year | lws observed | climate MAGICC-SLR 600 members, vv_pulse_wide_20261009 | forcing spliced | tap true | pair seed 2026 | record conditioning: common draw set with the FaIR arm, dropped 2 of 2000 | pulse 0.01 GtCH4 at 2030 | cm rel 1995-2014 | julia 1.12.6"
2164,ais,0.0006840865311552591,0.004028012923613368,0.001042190429474048,0.0002989751845857924,0.0014108666551649659,"scope_slr_pulse_vv.jl | SLR-RFF-BRICK 39cedc0 | Ladrillo L27 (v1.2) | draws parameters_subsample_brick_mengel_L27.csv, 500/chain | paleo assignment :single (seed 20260920) | land-water anchor :zero_at_first_year | lws observed | climate MAGICC-SLR 600 members, vv_pulse_wide_20261009 | forcing spliced | tap true | pair seed 2026 | record conditioning: common draw set with the FaIR arm, dropped 2 of 2000 | pulse 0.01 GtCH4 at 2030 | cm rel 1995-2014 | julia 1.12.6"
2165,ais,0.0006853268235964549,0.004028528288774143,0.0010416989572513955,0.00029972912975777537,0.0014154289493752963,"scope_slr_pulse_vv.jl | SLR-RFF-BRICK 39cedc0 | Ladrillo L27 (v1.2) | draws parameters_subsample_brick_mengel_L27.csv, 500/chain | paleo assignment :single (seed 20260920) | land-water anchor :zero_at_first_year | lws observed | climate MAGICC-SLR 600 members, vv_pulse_wide_20261009 | forcing spliced | tap true | pair seed 2026 | record conditioning: common draw set with the FaIR arm, dropped 2 of 2000 | pulse 0.01 GtCH4 at 2030 | cm rel 1995-2014 | julia 1.12.6"
2166,ais,0.0006867712597227182,0.0040290398855970305,0.0010412069531338121,0.00030048254250374383,0.0014198583175023304,"scope_slr_pulse_vv.jl | SLR-RFF-BRICK 39cedc0 | Ladrillo L27 (v1.2) | draws parameters_subsample_brick_mengel_L27.csv, 500/chain | paleo assignment :single (seed 20260920) | land-water anchor :zero_at_first_year | lws observed | climate MAGICC-SLR 600 members, vv_pulse_wide_20261009 | forcing spliced | tap true | pair seed 2026 | record conditioning: common draw set with the FaIR arm, dropped 2 of 2000 | pulse 0.01 GtCH4 at 2030 | cm rel 1995-2014 | julia 1.12.6"
2167,ais,0.0006884102256492497,0.004029547970541391,0.0010407145311233839,0.00030123505811827653,0.001423781445439686,"scope_slr_pulse_vv.jl | SLR-RFF-BRICK 39cedc0 | Ladrillo L27 (v1.2) | draws parameters_subsample_brick_mengel_L27.csv, 500/chain | paleo assignment :single (seed 20260920) | land-water anchor :zero_at_first_year | lws observed | climate MAGICC-SLR 600 members, vv_pulse_wide_20261009 | forcing spliced | tap true | pair seed 2026 | record conditioning: common draw set with the FaIR arm, dropped 2 of 2000 | pulse 0.01 GtCH4 at 2030 | cm rel 1995-2014 | julia 1.12.6"
2168,ais,0.0006898934506338605,0.004030050627038575,0.0010402219944716515,0.0003019066686263727,0.0014276873104805072,"scope_slr_pulse_vv.jl | SLR-RFF-BRICK 39cedc0 | Ladrillo L27 (v1.2) | draws parameters_subsample_brick_mengel_L27.csv, 500/chain | paleo assignment :single (seed 20260920) | land-water anchor :zero_at_first_year | lws observed | climate MAGICC-SLR 600 members, vv_pulse_wide_20261009 | forcing spliced | tap true | pair seed 2026 | record conditioning: common draw set with the FaIR arm, dropped 2 of 2000 | pulse 0.01 GtCH4 at 2030 | cm rel 1995-2014 | julia 1.12.6"
2169,ais,0.0006911053626623698,0.0040305460969669955,0.0010397295417241754,0.0003024402438093432,0.0014315711408059424,"scope_slr_pulse_vv.jl | SLR-RFF-BRICK 39cedc0 | Ladrillo L27 (v1.2) | draws parameters_subsample_brick_mengel_L27.csv, 500/chain | paleo assignment :single (seed 20260920) | land-water anchor :zero_at_first_year | lws observed | climate MAGICC-SLR 600 members, vv_pulse_wide_20261009 | forcing spliced | tap true | pair seed 2026 | record conditioning: common draw set with the FaIR arm, dropped 2 of 2000 | pulse 0.01 GtCH4 at 2030 | cm rel 1995-2014 | julia 1.12.6"
2170,ais,0.0006927029654306693,0.004031033842201839,0.0010392372141478188,0.0003030270053868911,0.0014359232339025139,"scope_slr_pulse_vv.jl | SLR-RFF-BRICK 39cedc0 | Ladrillo L27 (v1.2) | draws parameters_subsample_brick_mengel_L27.csv, 500/chain | paleo assignment :single (seed 20260920) | land-water anchor :zero_at_first_year | lws observed | climate MAGICC-SLR 600 members, vv_pulse_wide_20261009 | forcing spliced | tap true | pair seed 2026 | record conditioning: common draw set with the FaIR arm, dropped 2 of 2000 | pulse 0.01 GtCH4 at 2030 | cm rel 1995-2014 | julia 1.12.6"
2171,ais,0.0006943346297987318,0.004031513854464977,0.0010387449781604297,0.00030398405573688335,0.001440332960859791,"scope_slr_pulse_vv.jl | SLR-RFF-BRICK 39cedc0 | Ladrillo L27 (v1.2) | draws parameters_subsample_brick_mengel_L27.csv, 500/chain | paleo assignment :single (seed 20260920) | land-water anchor :zero_at_first_year | lws observed | climate MAGICC-SLR 600 members, vv_pulse_wide_20261009 | forcing spliced | tap true | pair seed 2026 | record conditioning: common draw set with the FaIR arm, dropped 2 of 2000 | pulse 0.01 GtCH4 at 2030 | cm rel 1995-2014 | julia 1.12.6"
2172,ais,0.0006960297385667502,0.004031987041550518,0.0010382527577608737,0.00030473275134088593,0.0014462654783166328,"scope_slr_pulse_vv.jl | SLR-RFF-BRICK 39cedc0 | Ladrillo L27 (v1.2) | draws parameters_subsample_brick_mengel_L27.csv, 500/chain | paleo assignment :single (seed 20260920) | land-water anchor :zero_at_first_year | lws observed | climate MAGICC-SLR 600 members, vv_pulse_wide_20261009 | forcing spliced | tap true | pair seed 2026 | record conditioning: common draw set with the FaIR arm, dropped 2 of 2000 | pulse 0.01 GtCH4 at 2030 | cm rel 1995-2014 | julia 1.12.6"
2173,ais,0.0006973638083778155,0.004032453527566836,0.0010377604121250853,0.0003054750891419822,0.00145000579734642,"scope_slr_pulse_vv.jl | SLR-RFF-BRICK 39cedc0 | Ladrillo L27 (v1.2) | draws parameters_subsample_brick_mengel_L27.csv, 500/chain | paleo assignment :single (seed 20260920) | land-water anchor :zero_at_first_year | lws observed | climate MAGICC-SLR 600 members, vv_pulse_wide_20261009 | forcing spliced | tap true | pair seed 2026 | record conditioning: common draw set with the FaIR arm, dropped 2 of 2000 | pulse 0.01 GtCH4 at 2030 | cm rel 1995-2014 | julia 1.12.6"
2174,ais,0.0006989644240391613,0.004032915264509024,0.0010372676860558332,0.0003061861404352051,0.0014551577534071204,"scope_slr_pulse_vv.jl | SLR-RFF-BRICK 39cedc0 | Ladrillo L27 (v1.2) | draws parameters_subsample_brick_mengel_L27.csv, 500/chain | paleo assignment :single (seed 20260920) | land-water anchor :zero_at_first_year | lws observed | climate MAGICC-SLR 600 members, vv_pulse_wide_20261009 | forcing spliced | tap true | pair seed 2026 | record conditioning: common draw set with the FaIR arm, dropped 2 of 2000 | pulse 0.01 GtCH4 at 2030 | cm rel 1995-2014 | julia 1.12.6"
2175,ais,0.0007005745349601966,0.004033373973375078,0.0010367744848154045,0.00030690308668432923,0.0014599272313830618,"scope_slr_pulse_vv.jl | SLR-RFF-BRICK 39cedc0 | Ladrillo L27 (v1.2) | draws parameters_subsample_brick_mengel_L27.csv, 500/chain | paleo assignment :single (seed 20260920) | land-water anchor :zero_at_first_year | lws observed | climate MAGICC-SLR 600 members, vv_pulse_wide_20261009 | forcing spliced | tap true | pair seed 2026 | record conditioning: common draw set with the FaIR arm, dropped 2 of 2000 | pulse 0.01 GtCH4 at 2030 | cm rel 1995-2014 | julia 1.12.6"
2176,ais,0.0007017627675409699,0.004033829993103394,0.0010362808035336657,0.00030761947723148,0.0014679018424153866,"scope_slr_pulse_vv.jl | SLR-RFF-BRICK 39cedc0 | Ladrillo L27 (v1.2) | draws parameters_subsample_brick_mengel_L27.csv, 500/chain | paleo assignment :single (seed 20260920) | land-water anchor :zero_at_first_year | lws observed | climate MAGICC-SLR 600 members, vv_pulse_wide_20261009 | forcing spliced | tap true | pair seed 2026 | record conditioning: common draw set with the FaIR arm, dropped 2 of 2000 | pulse 0.01 GtCH4 at 2030 | cm rel 1995-2014 | julia 1.12.6"
2177,ais,0.0007031715650782644,0.004034282081839861,0.0010357867533210404,0.0003083349497435606,0.0014728365767787458,"scope_slr_pulse_vv.jl | SLR-RFF-BRICK 39cedc0 | Ladrillo L27 (v1.2) | draws parameters_subsample_brick_mengel_L27.csv, 500/chain | paleo assignment :single (seed 20260920) | land-water anchor :zero_at_first_year | lws observed | climate MAGICC-SLR 600 members, vv_pulse_wide_20261009 | forcing spliced | tap true | pair seed 2026 | record conditioning: common draw set with the FaIR arm, dropped 2 of 2000 | pulse 0.01 GtCH4 at 2030 | cm rel 1995-2014 | julia 1.12.6"
2178,ais,0.0007047359096219452,0.004034728585571326,0.0010352925553621358,0.0003090487353880178,0.0014821325233882016,"scope_slr_pulse_vv.jl | SLR-RFF-BRICK 39cedc0 | Ladrillo L27 (v1.2) | draws parameters_subsample_brick_mengel_L27.csv, 500/chain | paleo assignment :single (seed 20260920) | land-water anchor :zero_at_first_year | lws observed | climate MAGICC-SLR 600 members, vv_pulse_wide_20261009 | forcing spliced | tap true | pair seed 2026 | record conditioning: common draw set with the FaIR arm, dropped 2 of 2000 | pulse 0.01 GtCH4 at 2030 | cm rel 1995-2014 | julia 1.12.6"
2179,ais,0.0007069202089411419,0.004035168267015446,0.0010347984244114038,0.00030976010610315183,0.0014896618166119421,"scope_slr_pulse_vv.jl | SLR-RFF-BRICK 39cedc0 | Ladrillo L27 (v1.2) | draws parameters_subsample_brick_mengel_L27.csv, 500/chain | paleo assignment :single (seed 20260920) | land-water anchor :zero_at_first_year | lws observed | climate MAGICC-SLR 600 members, vv_pulse_wide_20261009 | forcing spliced | tap true | pair seed 2026 | record conditioning: common draw set with the FaIR arm, dropped 2 of 2000 | pulse 0.01 GtCH4 at 2030 | cm rel 1995-2014 | julia 1.12.6"
2180,ais,0.0007085574969210029,0.004035600712934274,0.0010343044331521942,0.0003104688768861053,0.0014959372741266458,"scope_slr_pulse_vv.jl | SLR-RFF-BRICK 39cedc0 | Ladrillo L27 (v1.2) | draws parameters_subsample_brick_mengel_L27.csv, 500/chain | paleo assignment :single (seed 20260920) | land-water anchor :zero_at_first_year | lws observed | climate MAGICC-SLR 600 members, vv_pulse_wide_20261009 | forcing spliced | tap true | pair seed 2026 | record conditioning: common draw set with the FaIR arm, dropped 2 of 2000 | pulse 0.01 GtCH4 at 2030 | cm rel 1995-2014 | julia 1.12.6"
2181,ais,0.0007103017649754406,0.004036025677865466,0.0010338106205675897,0.0003111749374485662,0.0015033422515969615,"scope_slr_pulse_vv.jl | SLR-RFF-BRICK 39cedc0 | Ladrillo L27 (v1.2) | draws parameters_subsample_brick_mengel_L27.csv, 500/chain | paleo assignment :single (seed 20260920) | land-water anchor :zero_at_first_year | lws observed | climate MAGICC-SLR 600 members, vv_pulse_wide_20261009 | forcing spliced | tap true | pair seed 2026 | record conditioning: common draw set with the FaIR arm, dropped 2 of 2000 | pulse 0.01 GtCH4 at 2030 | cm rel 1995-2014 | julia 1.12.6"
2182,ais,0.0007117056960623813,0.004036443222782518,0.0010333169792597686,0.00031184310841778643,0.0015079564961041569,"scope_slr_pulse_vv.jl | SLR-RFF-BRICK 39cedc0 | Ladrillo L27 (v1.2) | draws parameters_subsample_brick_mengel_L27.csv, 500/chain | paleo assignment :single (seed 20260920) | land-water anchor :zero_at_first_year | lws observed | climate MAGICC-SLR 600 members, vv_pulse_wide_20261009 | forcing spliced | tap true | pair seed 2026 | record conditioning: common draw set with the FaIR arm, dropped 2 of 2000 | pulse 0.01 GtCH4 at 2030 | cm rel 1995-2014 | julia 1.12.6"
2183,ais,0.0007132196337007457,0.004036853466463119,0.0010328234925099026,0.0003123178733904552,0.0015110381976874972,"scope_slr_pulse_vv.jl | SLR-RFF-BRICK 39cedc0 | Ladrillo L27 (v1.2) | draws parameters_subsample_brick_mengel_L27.csv, 500/chain | paleo assignment :single (seed 20260920) | land-water anchor :zero_at_first_year | lws observed | climate MAGICC-SLR 600 members, vv_pulse_wide_20261009 | forcing spliced | tap true | pair seed 2026 | record conditioning: common draw set with the FaIR arm, dropped 2 of 2000 | pulse 0.01 GtCH4 at 2030 | cm rel 1995-2014 | julia 1.12.6"
2184,ais,0.0007147266153104681,0.004037257006664955,0.0010323301217819484,0.00031279077896666506,0.001514102419663032,"scope_slr_pulse_vv.jl | SLR-RFF-BRICK 39cedc0 | Ladrillo L27 (v1.2) | draws parameters_subsample_brick_mengel_L27.csv, 500/chain | paleo assignment :single (seed 20260920) | land-water anchor :zero_at_first_year | lws observed | climate MAGICC-SLR 600 members, vv_pulse_wide_20261009 | forcing spliced | tap true | pair seed 2026 | record conditioning: common draw set with the FaIR arm, dropped 2 of 2000 | pulse 0.01 GtCH4 at 2030 | cm rel 1995-2014 | julia 1.12.6"
2185,ais,0.000716440477908975,0.004037653976750113,0.0010318367904237511,0.00031326196070509133,0.0015171500203507542,"scope_slr_pulse_vv.jl | SLR-RFF-BRICK 39cedc0 | Ladrillo L27 (v1.2) | draws parameters_subsample_brick_mengel_L27.csv, 500/chain | paleo assignment :single (seed 20260920) | land-water anchor :zero_at_first_year | lws observed | climate MAGICC-SLR 600 members, vv_pulse_wide_20261009 | forcing spliced | tap true | pair seed 2026 | record conditioning: common draw set with the FaIR arm, dropped 2 of 2000 | pulse 0.01 GtCH4 at 2030 | cm rel 1995-2014 | julia 1.12.6"
2186,ais,0.0007180184873973872,0.00403804512114108,0.0010313433688434012,0.0003137316327236128,0.0015201821365522495,"scope_slr_pulse_vv.jl | SLR-RFF-BRICK 39cedc0 | Ladrillo L27 (v1.2) | draws parameters_subsample_brick_mengel_L27.csv, 500/chain | paleo assignment :single (seed 20260920) | land-water anchor :zero_at_first_year | lws observed | climate MAGICC-SLR 600 members, vv_pulse_wide_20261009 | forcing spliced | tap true | pair seed 2026 | record conditioning: common draw set with the FaIR arm, dropped 2 of 2000 | pulse 0.01 GtCH4 at 2030 | cm rel 1995-2014 | julia 1.12.6"
2187,ais,0.0007199566622233533,0.004038431795083698,0.0010308496251987122,0.000314200164664058,0.0015232004679880604,"scope_slr_pulse_vv.jl | SLR-RFF-BRICK 39cedc0 | Ladrillo L27 (v1.2) | draws parameters_subsample_brick_mengel_L27.csv, 500/chain | paleo assignment :single (seed 20260920) | land-water anchor :zero_at_first_year | lws observed | climate MAGICC-SLR 600 members, vv_pulse_wide_20261009 | forcing spliced | tap true | pair seed 2026 | record conditioning: common draw set with the FaIR arm, dropped 2 of 2000 | pulse 0.01 GtCH4 at 2030 | cm rel 1995-2014 | julia 1.12.6"
2188,ais,0.0007213381330046786,0.004038814981732306,0.0010303555886562235,0.0003146675016132861,0.001527097315469915,"scope_slr_pulse_vv.jl | SLR-RFF-BRICK 39cedc0 | Ladrillo L27 (v1.2) | draws parameters_subsample_brick_mengel_L27.csv, 500/chain | paleo assignment :single (seed 20260920) | land-water anchor :zero_at_first_year | lws observed | climate MAGICC-SLR 600 members, vv_pulse_wide_20261009 | forcing spliced | tap true | pair seed 2026 | record conditioning: common draw set with the FaIR arm, dropped 2 of 2000 | pulse 0.01 GtCH4 at 2030 | cm rel 1995-2014 | julia 1.12.6"
2189,ais,0.0007229076891945851,0.004039194748310962,0.001029861312037607,0.00031513360024257867,0.0015311487580738955,"scope_slr_pulse_vv.jl | SLR-RFF-BRICK 39cedc0 | Ladrillo L27 (v1.2) | draws parameters_subsample_brick_mengel_L27.csv, 500/chain | paleo assignment :single (seed 20260920) | land-water anchor :zero_at_first_year | lws observed | climate MAGICC-SLR 600 members, vv_pulse_wide_20261009 | forcing spliced | tap true | pair seed 2026 | record conditioning: common draw set with the FaIR arm, dropped 2 of 2000 | pulse 0.01 GtCH4 at 2030 | cm rel 1995-2014 | julia 1.12.6"
2190,ais,0.0007245404455034077,0.004039570201497565,0.0010293668297081799,0.00031559845252449037,0.0015394853591587311,"scope_slr_pulse_vv.jl | SLR-RFF-BRICK 39cedc0 | Ladrillo L27 (v1.2) | draws parameters_subsample_brick_mengel_L27.csv, 500/chain | paleo assignment :single (seed 20260920) | land-water anchor :zero_at_first_year | lws observed | climate MAGICC-SLR 600 members, vv_pulse_wide_20261009 | forcing spliced | tap true | pair seed 2026 | record conditioning: common draw set with the FaIR arm, dropped 2 of 2000 | pulse 0.01 GtCH4 at 2030 | cm rel 1995-2014 | julia 1.12.6"
2191,ais,0.0007263263443988421,0.004039940157105534,0.0010288723847947092,0.0003160617208338046,0.0015487738707619767,"scope_slr_pulse_vv.jl | SLR-RFF-BRICK 39cedc0 | Ladrillo L27 (v1.2) | draws parameters_subsample_brick_mengel_L27.csv, 500/chain | paleo assignment :single (seed 20260920) | land-water anchor :zero_at_first_year | lws observed | climate MAGICC-SLR 600 members, vv_pulse_wide_20261009 | forcing spliced | tap true | pair seed 2026 | record conditioning: common draw set with the FaIR arm, dropped 2 of 2000 | pulse 0.01 GtCH4 at 2030 | cm rel 1995-2014 | julia 1.12.6"
2192,ais,0.0007279567684292942,0.004040303658305134,0.0010283781654514006,0.00031655523167906097,0.0015540985716043553,"scope_slr_pulse_vv.jl | SLR-RFF-BRICK 39cedc0 | Ladrillo L27 (v1.2) | draws parameters_subsample_brick_mengel_L27.csv, 500/chain | paleo assignment :single (seed 20260920) | land-water anchor :zero_at_first_year | lws observed | climate MAGICC-SLR 600 members, vv_pulse_wide_20261009 | forcing spliced | tap true | pair seed 2026 | record conditioning: common draw set with the FaIR arm, dropped 2 of 2000 | pulse 0.01 GtCH4 at 2030 | cm rel 1995-2014 | julia 1.12.6"
2193,ais,0.0007293826367931189,0.004040660409307494,0.0010278842219201862,0.00031714943747713776,0.0015582704664282676,"scope_slr_pulse_vv.jl | SLR-RFF-BRICK 39cedc0 | Ladrillo L27 (v1.2) | draws parameters_subsample_brick_mengel_L27.csv, 500/chain | paleo assignment :single (seed 20260920) | land-water anchor :zero_at_first_year | lws observed | climate MAGICC-SLR 600 members, vv_pulse_wide_20261009 | forcing spliced | tap true | pair seed 2026 | record conditioning: common draw set with the FaIR arm, dropped 2 of 2000 | pulse 0.01 GtCH4 at 2030 | cm rel 1995-2014 | julia 1.12.6"
2194,ais,0.0007308262303151736,0.004041010636978228,0.0010273905136842008,0.00031774054873201507,0.0015624260722972838,"scope_slr_pulse_vv.jl | SLR-RFF-BRICK 39cedc0 | Ladrillo L27 (v1.2) | draws parameters_subsample_brick_mengel_L27.csv, 500/chain | paleo assignment :single (seed 20260920) | land-water anchor :zero_at_first_year | lws observed | climate MAGICC-SLR 600 members, vv_pulse_wide_20261009 | forcing spliced | tap true | pair seed 2026 | record conditioning: common draw set with the FaIR arm, dropped 2 of 2000 | pulse 0.01 GtCH4 at 2030 | cm rel 1995-2014 | julia 1.12.6"
2195,ais,0.0007322082570411226,0.004041354643118,0.001026896991496454,0.00031877943821783105,0.0015665665214214632,"scope_slr_pulse_vv.jl | SLR-RFF-BRICK 39cedc0 | Ladrillo L27 (v1.2) | draws parameters_subsample_brick_mengel_L27.csv, 500/chain | paleo assignment :single (seed 20260920) | land-water anchor :zero_at_first_year | lws observed | climate MAGICC-SLR 600 members, vv_pulse_wide_20261009 | forcing spliced | tap true | pair seed 2026 | record conditioning: common draw set with the FaIR arm, dropped 2 of 2000 | pulse 0.01 GtCH4 at 2030 | cm rel 1995-2014 | julia 1.12.6"
2196,ais,0.0007341049123965604,0.00404169288525788,0.0010264035563854633,0.00032039629160749426,0.0015706936965088395,"scope_slr_pulse_vv.jl | SLR-RFF-BRICK 39cedc0 | Ladrillo L27 (v1.2) | draws parameters_subsample_brick_mengel_L27.csv, 500/chain | paleo assignment :single (seed 20260920) | land-water anchor :zero_at_first_year | lws observed | climate MAGICC-SLR 600 members, vv_pulse_wide_20261009 | forcing spliced | tap true | pair seed 2026 | record conditioning: common draw set with the FaIR arm, dropped 2 of 2000 | pulse 0.01 GtCH4 at 2030 | cm rel 1995-2014 | julia 1.12.6"
2197,ais,0.0007356466548813501,0.004042026793560292,0.0010259099785696927,0.00032201372332067994,0.0015748114738386213,"scope_slr_pulse_vv.jl | SLR-RFF-BRICK 39cedc0 | Ladrillo L27 (v1.2) | draws parameters_subsample_brick_mengel_L27.csv, 500/chain | paleo assignment :single (seed 20260920) | land-water anchor :zero_at_first_year | lws observed | climate MAGICC-SLR 600 members, vv_pulse_wide_20261009 | forcing spliced | tap true | pair seed 2026 | record conditioning: common draw set with the FaIR arm, dropped 2 of 2000 | pulse 0.01 GtCH4 at 2030 | cm rel 1995-2014 | julia 1.12.6"
2198,ais,0.0007371412830678992,0.0040423580936148305,0.0010254160719823588,0.00032275485061958873,0.0015789231145106437,"scope_slr_pulse_vv.jl | SLR-RFF-BRICK 39cedc0 | Ladrillo L27 (v1.2) | draws parameters_subsample_brick_mengel_L27.csv, 500/chain | paleo assignment :single (seed 20260920) | land-water anchor :zero_at_first_year | lws observed | climate MAGICC-SLR 600 members, vv_pulse_wide_20261009 | forcing spliced | tap true | pair seed 2026 | record conditioning: common draw set with the FaIR arm, dropped 2 of 2000 | pulse 0.01 GtCH4 at 2030 | cm rel 1995-2014 | julia 1.12.6"
2199,ais,0.0007383501303266371,0.00404268660652657,0.00102492183096051,0.0003232929289694653,0.0015835225219149147,"scope_slr_pulse_vv.jl | SLR-RFF-BRICK 39cedc0 | Ladrillo L27 (v1.2) | draws parameters_subsample_brick_mengel_L27.csv, 500/chain | paleo assignment :single (seed 20260920) | land-water anchor :zero_at_first_year | lws observed | climate MAGICC-SLR 600 members, vv_pulse_wide_20261009 | forcing spliced | tap true | pair seed 2026 | record conditioning: common draw set with the FaIR arm, dropped 2 of 2000 | pulse 0.01 GtCH4 at 2030 | cm rel 1995-2014 | julia 1.12.6"
2200,ais,0.0007398565325615891,0.004043011937486648,0.0010244274638800935,0.0003238290104469855,0.0015887791094677084,"scope_slr_pulse_vv.jl | SLR-RFF-BRICK 39cedc0 | Ladrillo L27 (v1.2) | draws parameters_subsample_brick_mengel_L27.csv, 500/chain | paleo assignment :single (seed 20260920) | land-water anchor :zero_at_first_year | lws observed | climate MAGICC-SLR 600 members, vv_pulse_wide_20261009 | forcing spliced | tap true | pair seed 2026 | record conditioning: common draw set with the FaIR arm, dropped 2 of 2000 | pulse 0.01 GtCH4 at 2030 | cm rel 1995-2014 | julia 1.12.6"
2201,ais,0.0007414864876764682,0.004043332585412073,0.0010239331951339508,0.00032436257558643433,0.001592724883148122,"scope_slr_pulse_vv.jl | SLR-RFF-BRICK 39cedc0 | Ladrillo L27 (v1.2) | draws parameters_subsample_brick_mengel_L27.csv, 500/chain | paleo assignment :single (seed 20260920) | land-water anchor :zero_at_first_year | lws observed | climate MAGICC-SLR 600 members, vv_pulse_wide_20261009 | forcing spliced | tap true | pair seed 2026 | record conditioning: common draw set with the FaIR arm, dropped 2 of 2000 | pulse 0.01 GtCH4 at 2030 | cm rel 1995-2014 | julia 1.12.6"
2202,ais,0.0007428448125068599,0.004043646508786576,0.0010234392456691577,0.0003248930963607677,0.0015964313823261017,"scope_slr_pulse_vv.jl | SLR-RFF-BRICK 39cedc0 | Ladrillo L27 (v1.2) | draws parameters_subsample_brick_mengel_L27.csv, 500/chain | paleo assignment :single (seed 20260920) | land-water anchor :zero_at_first_year | lws observed | climate MAGICC-SLR 600 members, vv_pulse_wide_20261009 | forcing spliced | tap true | pair seed 2026 | record conditioning: common draw set with the FaIR arm, dropped 2 of 2000 | pulse 0.01 GtCH4 at 2030 | cm rel 1995-2014 | julia 1.12.6"
2203,ais,0.0007442689462706653,0.004043953582718375,0.0010229456596723403,0.00032542054984503467,0.0016002671088457977,"scope_slr_pulse_vv.jl | SLR-RFF-BRICK 39cedc0 | Ladrillo L27 (v1.2) | draws parameters_subsample_brick_mengel_L27.csv, 500/chain | paleo assignment :single (seed 20260920) | land-water anchor :zero_at_first_year | lws observed | climate MAGICC-SLR 600 members, vv_pulse_wide_20261009 | forcing spliced | tap true | pair seed 2026 | record conditioning: common draw set with the FaIR arm, dropped 2 of 2000 | pulse 0.01 GtCH4 at 2030 | cm rel 1995-2014 | julia 1.12.6"
2204,ais,0.0007454638314605688,0.004044254208113853,0.0010224524196508205,0.0003259450045405288,0.0016046321408772703,"scope_slr_pulse_vv.jl | SLR-RFF-BRICK 39cedc0 | Ladrillo L27 (v1.2) | draws parameters_subsample_brick_mengel_L27.csv, 500/chain | paleo assignment :single (seed 20260920) | land-water anchor :zero_at_first_year | lws observed | climate MAGICC-SLR 600 members, vv_pulse_wide_20261009 | forcing spliced | tap true | pair seed 2026 | record conditioning: common draw set with the FaIR arm, dropped 2 of 2000 | pulse 0.01 GtCH4 at 2030 | cm rel 1995-2014 | julia 1.12.6"
2205,ais,0.0007472021075827229,0.004044548267064543,0.0010219595644099966,0.00032646634362549777,0.001608981176078571,"scope_slr_pulse_vv.jl | SLR-RFF-BRICK 39cedc0 | Ladrillo L27 (v1.2) | draws parameters_subsample_brick_mengel_L27.csv, 500/chain | paleo assignment :single (seed 20260920) | land-water anchor :zero_at_first_year | lws observed | climate MAGICC-SLR 600 members, vv_pulse_wide_20261009 | forcing spliced | tap true | pair seed 2026 | record conditioning: common draw set with the FaIR arm, dropped 2 of 2000 | pulse 0.01 GtCH4 at 2030 | cm rel 1995-2014 | julia 1.12.6"
2206,ais,0.0007487056558019844,0.00404483585086522,0.0010214670741386126,0.0003269846497275353,0.0016133147742223727,"scope_slr_pulse_vv.jl | SLR-RFF-BRICK 39cedc0 | Ladrillo L27 (v1.2) | draws parameters_subsample_brick_mengel_L27.csv, 500/chain | paleo assignment :single (seed 20260920) | land-water anchor :zero_at_first_year | lws observed | climate MAGICC-SLR 600 members, vv_pulse_wide_20261009 | forcing spliced | tap true | pair seed 2026 | record conditioning: common draw set with the FaIR arm, dropped 2 of 2000 | pulse 0.01 GtCH4 at 2030 | cm rel 1995-2014 | julia 1.12.6"
2207,ais,0.0007501044907023413,0.004045117179618494,0.0010209749314545814,0.00032749997564991424,0.0016176334911904163,"scope_slr_pulse_vv.jl | SLR-RFF-BRICK 39cedc0 | Ladrillo L27 (v1.2) | draws parameters_subsample_brick_mengel_L27.csv, 500/chain | paleo assignment :single (seed 20260920) | land-water anchor :zero_at_first_year | lws observed | climate MAGICC-SLR 600 members, vv_pulse_wide_20261009 | forcing spliced | tap true | pair seed 2026 | record conditioning: common draw set with the FaIR arm, dropped 2 of 2000 | pulse 0.01 GtCH4 at 2030 | cm rel 1995-2014 | julia 1.12.6"
2208,ais,0.0007511190416948921,0.00404539273115468,0.0010204830488213749,0.0003280125901454767,0.001621938978113489,"scope_slr_pulse_vv.jl | SLR-RFF-BRICK 39cedc0 | Ladrillo L27 (v1.2) | draws parameters_subsample_brick_mengel_L27.csv, 500/chain | paleo assignment :single (seed 20260920) | land-water anchor :zero_at_first_year | lws observed | climate MAGICC-SLR 600 members, vv_pulse_wide_20261009 | forcing spliced | tap true | pair seed 2026 | record conditioning: common draw set with the FaIR arm, dropped 2 of 2000 | pulse 0.01 GtCH4 at 2030 | cm rel 1995-2014 | julia 1.12.6"
2209,ais,0.000752429152992562,0.004045663475274053,0.0010199912643988232,0.0003285229491737596,0.0016269911833582265,"scope_slr_pulse_vv.jl | SLR-RFF-BRICK 39cedc0 | Ladrillo L27 (v1.2) | draws parameters_subsample_brick_mengel_L27.csv, 500/chain | paleo assignment :single (seed 20260920) | land-water anchor :zero_at_first_year | lws observed | climate MAGICC-SLR 600 members, vv_pulse_wide_20261009 | forcing spliced | tap true | pair seed 2026 | record conditioning: common draw set with the FaIR arm, dropped 2 of 2000 | pulse 0.01 GtCH4 at 2030 | cm rel 1995-2014 | julia 1.12.6"
2210,ais,0.0007541212669224251,0.00404593014799235,0.0010194994487103463,0.00032903140134266096,0.001633223281216088,"scope_slr_pulse_vv.jl | SLR-RFF-BRICK 39cedc0 | Ladrillo L27 (v1.2) | draws parameters_subsample_brick_mengel_L27.csv, 500/chain | paleo assignment :single (seed 20260920) | land-water anchor :zero_at_first_year | lws observed | climate MAGICC-SLR 600 members, vv_pulse_wide_20261009 | forcing spliced | tap true | pair seed 2026 | record conditioning: common draw set with the FaIR arm, dropped 2 of 2000 | pulse 0.01 GtCH4 at 2030 | cm rel 1995-2014 | julia 1.12.6"
2211,ais,0.0007560132140440601,0.004046194272786834,0.0010190075615566937,0.00032953805263673534,0.0016392844287494753,"scope_slr_pulse_vv.jl | SLR-RFF-BRICK 39cedc0 | Ladrillo L27 (v1.2) | draws parameters_subsample_brick_mengel_L27.csv, 500/chain | paleo assignment :single (seed 20260920) | land-water anchor :zero_at_first_year | lws observed | climate MAGICC-SLR 600 members, vv_pulse_wide_20261009 | forcing spliced | tap true | pair seed 2026 | record conditioning: common draw set with the FaIR arm, dropped 2 of 2000 | pulse 0.01 GtCH4 at 2030 | cm rel 1995-2014 | julia 1.12.6"
2212,ais,0.0007572211136270823,0.00404645491406643,0.0010185157037760136,0.00033004265394112056,0.0016453424153297636,"scope_slr_pulse_vv.jl | SLR-RFF-BRICK 39cedc0 | Ladrillo L27 (v1.2) | draws parameters_subsample_brick_mengel_L27.csv, 500/chain | paleo assignment :single (seed 20260920) | land-water anchor :zero_at_first_year | lws observed | climate MAGICC-SLR 600 members, vv_pulse_wide_20261009 | forcing spliced | tap true | pair seed 2026 | record conditioning: common draw set with the FaIR arm, dropped 2 of 2000 | pulse 0.01 GtCH4 at 2030 | cm rel 1995-2014 | julia 1.12.6"
2213,ais,0.0007582369881653506,0.004046711363679864,0.0010180239808081774,0.00033054499230473767,0.0016513941449332484,"scope_slr_pulse_vv.jl | SLR-RFF-BRICK 39cedc0 | Ladrillo L27 (v1.2) | draws parameters_subsample_brick_mengel_L27.csv, 500/chain | paleo assignment :single (seed 20260920) | land-water anchor :zero_at_first_year | lws observed | climate MAGICC-SLR 600 members, vv_pulse_wide_20261009 | forcing spliced | tap true | pair seed 2026 | record conditioning: common draw set with the FaIR arm, dropped 2 of 2000 | pulse 0.01 GtCH4 at 2030 | cm rel 1995-2014 | julia 1.12.6"
2214,ais,0.0007592944043217642,0.004046962798023469,0.0010175325533659664,0.0003310446864688288,0.0016574347800371921,"scope_slr_pulse_vv.jl | SLR-RFF-BRICK 39cedc0 | Ladrillo L27 (v1.2) | draws parameters_subsample_brick_mengel_L27.csv, 500/chain | paleo assignment :single (seed 20260920) | land-water anchor :zero_at_first_year | lws observed | climate MAGICC-SLR 600 members, vv_pulse_wide_20261009 | forcing spliced | tap true | pair seed 2026 | record conditioning: common draw set with the FaIR arm, dropped 2 of 2000 | pulse 0.01 GtCH4 at 2030 | cm rel 1995-2014 | julia 1.12.6"
2215,ais,0.0007605990536738716,0.0040472087026677634,0.001017041496585719,0.00033154161623372147,0.0016634354163052477,"scope_slr_pulse_vv.jl | SLR-RFF-BRICK 39cedc0 | Ladrillo L27 (v1.2) | draws parameters_subsample_brick_mengel_L27.csv, 500/chain | paleo assignment :single (seed 20260920) | land-water anchor :zero_at_first_year | lws observed | climate MAGICC-SLR 600 members, vv_pulse_wide_20261009 | forcing spliced | tap true | pair seed 2026 | record conditioning: common draw set with the FaIR arm, dropped 2 of 2000 | pulse 0.01 GtCH4 at 2030 | cm rel 1995-2014 | julia 1.12.6"
2216,ais,0.0007619171680346426,0.004047448347873712,0.0010165509458345545,0.00033203543619748644,0.001666976123922836,"scope_slr_pulse_vv.jl | SLR-RFF-BRICK 39cedc0 | Ladrillo L27 (v1.2) | draws parameters_subsample_brick_mengel_L27.csv, 500/chain | paleo assignment :single (seed 20260920) | land-water anchor :zero_at_first_year | lws observed | climate MAGICC-SLR 600 members, vv_pulse_wide_20261009 | forcing spliced | tap true | pair seed 2026 | record conditioning: common draw set with the FaIR arm, dropped 2 of 2000 | pulse 0.01 GtCH4 at 2030 | cm rel 1995-2014 | julia 1.12.6"
2217,ais,0.0007633035207632588,0.0040476813447782815,0.001016060948473396,0.00033252607683635914,0.001669852749977707,"scope_slr_pulse_vv.jl | SLR-RFF-BRICK 39cedc0 | Ladrillo L27 (v1.2) | draws parameters_subsample_brick_mengel_L27.csv, 500/chain | paleo assignment :single (seed 20260920) | land-water anchor :zero_at_first_year | lws observed | climate MAGICC-SLR 600 members, vv_pulse_wide_20261009 | forcing spliced | tap true | pair seed 2026 | record conditioning: common draw set with the FaIR arm, dropped 2 of 2000 | pulse 0.01 GtCH4 at 2030 | cm rel 1995-2014 | julia 1.12.6"
2218,ais,0.0007646917637771367,0.004047908123855875,0.0010155714275159402,0.00033301377521155473,0.001674943712501431,"scope_slr_pulse_vv.jl | SLR-RFF-BRICK 39cedc0 | Ladrillo L27 (v1.2) | draws parameters_subsample_brick_mengel_L27.csv, 500/chain | paleo assignment :single (seed 20260920) | land-water anchor :zero_at_first_year | lws observed | climate MAGICC-SLR 600 members, vv_pulse_wide_20261009 | forcing spliced | tap true | pair seed 2026 | record conditioning: common draw set with the FaIR arm, dropped 2 of 2000 | pulse 0.01 GtCH4 at 2030 | cm rel 1995-2014 | julia 1.12.6"
2219,ais,0.0007660738600989703,0.004048129087727787,0.0010150822966944967,0.0003334987538252676,0.0016800758429894814,"scope_slr_pulse_vv.jl | SLR-RFF-BRICK 39cedc0 | Ladrillo L27 (v1.2) | draws parameters_subsample_brick_mengel_L27.csv, 500/chain | paleo assignment :single (seed 20260920) | land-water anchor :zero_at_first_year | lws observed | climate MAGICC-SLR 600 members, vv_pulse_wide_20261009 | forcing spliced | tap true | pair seed 2026 | record conditioning: common draw set with the FaIR arm, dropped 2 of 2000 | pulse 0.01 GtCH4 at 2030 | cm rel 1995-2014 | julia 1.12.6"
2220,ais,0.000767147385829503,0.004048345086010126,0.001014593395885945,0.00033398144822598396,0.0016844838486036902,"scope_slr_pulse_vv.jl | SLR-RFF-BRICK 39cedc0 | Ladrillo L27 (v1.2) | draws parameters_subsample_brick_mengel_L27.csv, 500/chain | paleo assignment :single (seed 20260920) | land-water anchor :zero_at_first_year | lws observed | climate MAGICC-SLR 600 members, vv_pulse_wide_20261009 | forcing spliced | tap true | pair seed 2026 | record conditioning: common draw set with the FaIR arm, dropped 2 of 2000 | pulse 0.01 GtCH4 at 2030 | cm rel 1995-2014 | julia 1.12.6"
2221,ais,0.0007684611355642801,0.004048557174896237,0.0010141045322418368,0.000334462368564914,0.0016885904015879298,"scope_slr_pulse_vv.jl | SLR-RFF-BRICK 39cedc0 | Ladrillo L27 (v1.2) | draws parameters_subsample_brick_mengel_L27.csv, 500/chain | paleo assignment :single (seed 20260920) | land-water anchor :zero_at_first_year | lws observed | climate MAGICC-SLR 600 members, vv_pulse_wide_20261009 | forcing spliced | tap true | pair seed 2026 | record conditioning: common draw set with the FaIR arm, dropped 2 of 2000 | pulse 0.01 GtCH4 at 2030 | cm rel 1995-2014 | julia 1.12.6"
2222,ais,0.0007702981744799331,0.004048765980930571,0.0010136156273173606,0.0003349417066331739,0.0016923960478294469,"scope_slr_pulse_vv.jl | SLR-RFF-BRICK 39cedc0 | Ladrillo L27 (v1.2) | draws parameters_subsample_brick_mengel_L27.csv, 500/chain | paleo assignment :single (seed 20260920) | land-water anchor :zero_at_first_year | lws observed | climate MAGICC-SLR 600 members, vv_pulse_wide_20261009 | forcing spliced | tap true | pair seed 2026 | record conditioning: common draw set with the FaIR arm, dropped 2 of 2000 | pulse 0.01 GtCH4 at 2030 | cm rel 1995-2014 | julia 1.12.6"
2223,ais,0.0007718709846571414,0.004048972732669322,0.001013126582960387,0.00033541976140298856,0.0016965329081216388,"scope_slr_pulse_vv.jl | SLR-RFF-BRICK 39cedc0 | Ladrillo L27 (v1.2) | draws parameters_subsample_brick_mengel_L27.csv, 500/chain | paleo assignment :single (seed 20260920) | land-water anchor :zero_at_first_year | lws observed | climate MAGICC-SLR 600 members, vv_pulse_wide_20261009 | forcing spliced | tap true | pair seed 2026 | record conditioning: common draw set with the FaIR arm, dropped 2 of 2000 | pulse 0.01 GtCH4 at 2030 | cm rel 1995-2014 | julia 1.12.6"
2224,ais,0.0007733104626197473,0.004049175916543028,0.00101263762784904,0.00033589591856895143,0.0017016042266931204,"scope_slr_pulse_vv.jl | SLR-RFF-BRICK 39cedc0 | Ladrillo L27 (v1.2) | draws parameters_subsample_brick_mengel_L27.csv, 500/chain | paleo assignment :single (seed 20260920) | land-water anchor :zero_at_first_year | lws observed | climate MAGICC-SLR 600 members, vv_pulse_wide_20261009 | forcing spliced | tap true | pair seed 2026 | record conditioning: common draw set with the FaIR arm, dropped 2 of 2000 | pulse 0.01 GtCH4 at 2030 | cm rel 1995-2014 | julia 1.12.6"
2225,ais,0.0007747280260446132,0.004049374314830171,0.001012149056409177,0.0003363694968342656,0.0017066553905152658,"scope_slr_pulse_vv.jl | SLR-RFF-BRICK 39cedc0 | Ladrillo L27 (v1.2) | draws parameters_subsample_brick_mengel_L27.csv, 500/chain | paleo assignment :single (seed 20260920) | land-water anchor :zero_at_first_year | lws observed | climate MAGICC-SLR 600 members, vv_pulse_wide_20261009 | forcing spliced | tap true | pair seed 2026 | record conditioning: common draw set with the FaIR arm, dropped 2 of 2000 | pulse 0.01 GtCH4 at 2030 | cm rel 1995-2014 | julia 1.12.6"
2226,ais,0.0007760578689044451,0.004049567113729693,0.0010116610269327161,0.00033684018981574584,0.0017113874979145292,"scope_slr_pulse_vv.jl | SLR-RFF-BRICK 39cedc0 | Ladrillo L27 (v1.2) | draws parameters_subsample_brick_mengel_L27.csv, 500/chain | paleo assignment :single (seed 20260920) | land-water anchor :zero_at_first_year | lws observed | climate MAGICC-SLR 600 members, vv_pulse_wide_20261009 | forcing spliced | tap true | pair seed 2026 | record conditioning: common draw set with the FaIR arm, dropped 2 of 2000 | pulse 0.01 GtCH4 at 2030 | cm rel 1995-2014 | julia 1.12.6"
2227,ais,0.0007773801270047898,0.004049753760653128,0.0010111736559090265,0.0003373077363491461,0.001715211465835864,"scope_slr_pulse_vv.jl | SLR-RFF-BRICK 39cedc0 | Ladrillo L27 (v1.2) | draws parameters_subsample_brick_mengel_L27.csv, 500/chain | paleo assignment :single (seed 20260920) | land-water anchor :zero_at_first_year | lws observed | climate MAGICC-SLR 600 members, vv_pulse_wide_20261009 | forcing spliced | tap true | pair seed 2026 | record conditioning: common draw set with the FaIR arm, dropped 2 of 2000 | pulse 0.01 GtCH4 at 2030 | cm rel 1995-2014 | julia 1.12.6"
2228,ais,0.0007783289636176249,0.004049934359094772,0.001010686900962531,0.000337772290866667,0.001719007577261777,"scope_slr_pulse_vv.jl | SLR-RFF-BRICK 39cedc0 | Ladrillo L27 (v1.2) | draws parameters_subsample_brick_mengel_L27.csv, 500/chain | paleo assignment :single (seed 20260920) | land-water anchor :zero_at_first_year | lws observed | climate MAGICC-SLR 600 members, vv_pulse_wide_20261009 | forcing spliced | tap true | pair seed 2026 | record conditioning: common draw set with the FaIR arm, dropped 2 of 2000 | pulse 0.01 GtCH4 at 2030 | cm rel 1995-2014 | julia 1.12.6"
2229,ais,0.0007792711799421426,0.004050109032719519,0.0010102007332039805,0.00033823390713365596,0.0017227666219447708,"scope_slr_pulse_vv.jl | SLR-RFF-BRICK 39cedc0 | Ladrillo L27 (v1.2) | draws parameters_subsample_brick_mengel_L27.csv, 500/chain | paleo assignment :single (seed 20260920) | land-water anchor :zero_at_first_year | lws observed | climate MAGICC-SLR 600 members, vv_pulse_wide_20261009 | forcing spliced | tap true | pair seed 2026 | record conditioning: common draw set with the FaIR arm, dropped 2 of 2000 | pulse 0.01 GtCH4 at 2030 | cm rel 1995-2014 | julia 1.12.6"
2230,ais,0.0007802092607160915,0.0040502783955568816,0.0010097150093000139,0.000338692967636689,0.0017275380360146642,"scope_slr_pulse_vv.jl | SLR-RFF-BRICK 39cedc0 | Ladrillo L27 (v1.2) | draws parameters_subsample_brick_mengel_L27.csv, 500/chain | paleo assignment :single (seed 20260920) | land-water anchor :zero_at_first_year | lws observed | climate MAGICC-SLR 600 members, vv_pulse_wide_20261009 | forcing spliced | tap true | pair seed 2026 | record conditioning: common draw set with the FaIR arm, dropped 2 of 2000 | pulse 0.01 GtCH4 at 2030 | cm rel 1995-2014 | julia 1.12.6"
2231,ais,0.000781260533386785,0.004050443563803547,0.001009229505820664,0.00033915005553240005,0.0017306179500621963,"scope_slr_pulse_vv.jl | SLR-RFF-BRICK 39cedc0 | Ladrillo L27 (v1.2) | draws parameters_subsample_brick_mengel_L27.csv, 500/chain | paleo assignment :single (seed 20260920) | land-water anchor :zero_at_first_year | lws observed | climate MAGICC-SLR 600 members, vv_pulse_wide_20261009 | forcing spliced | tap true | pair seed 2026 | record conditioning: common draw set with the FaIR arm, dropped 2 of 2000 | pulse 0.01 GtCH4 at 2030 | cm rel 1995-2014 | julia 1.12.6"
2232,ais,0.000782610866849609,0.004050605068822972,0.001008744117742842,0.00033960537203086004,0.0017330257484019281,"scope_slr_pulse_vv.jl | SLR-RFF-BRICK 39cedc0 | Ladrillo L27 (v1.2) | draws parameters_subsample_brick_mengel_L27.csv, 500/chain | paleo assignment :single (seed 20260920) | land-water anchor :zero_at_first_year | lws observed | climate MAGICC-SLR 600 members, vv_pulse_wide_20261009 | forcing spliced | tap true | pair seed 2026 | record conditioning: common draw set with the FaIR arm, dropped 2 of 2000 | pulse 0.01 GtCH4 at 2030 | cm rel 1995-2014 | julia 1.12.6"
2233,ais,0.0007843662378732574,0.004050762840385115,0.0010082589009051154,0.00034006845262766203,0.0017370195313688437,"scope_slr_pulse_vv.jl | SLR-RFF-BRICK 39cedc0 | Ladrillo L27 (v1.2) | draws parameters_subsample_brick_mengel_L27.csv, 500/chain | paleo assignment :single (seed 20260920) | land-water anchor :zero_at_first_year | lws observed | climate MAGICC-SLR 600 members, vv_pulse_wide_20261009 | forcing spliced | tap true | pair seed 2026 | record conditioning: common draw set with the FaIR arm, dropped 2 of 2000 | pulse 0.01 GtCH4 at 2030 | cm rel 1995-2014 | julia 1.12.6"
2234,ais,0.0007856872337796972,0.004050916824269684,0.0010077738713997028,0.0003405530325295558,0.0017420225440631042,"scope_slr_pulse_vv.jl | SLR-RFF-BRICK 39cedc0 | Ladrillo L27 (v1.2) | draws parameters_subsample_brick_mengel_L27.csv, 500/chain | paleo assignment :single (seed 20260920) | land-water anchor :zero_at_first_year | lws observed | climate MAGICC-SLR 600 members, vv_pulse_wide_20261009 | forcing spliced | tap true | pair seed 2026 | record conditioning: common draw set with the FaIR arm, dropped 2 of 2000 | pulse 0.01 GtCH4 at 2030 | cm rel 1995-2014 | julia 1.12.6"
2235,ais,0.0007870039540165408,0.004051066623023238,0.0010072891742094073,0.00034112391538485557,0.0017458825793312369,"scope_slr_pulse_vv.jl | SLR-RFF-BRICK 39cedc0 | Ladrillo L27 (v1.2) | draws parameters_subsample_brick_mengel_L27.csv, 500/chain | paleo assignment :single (seed 20260920) | land-water anchor :zero_at_first_year | lws observed | climate MAGICC-SLR 600 members, vv_pulse_wide_20261009 | forcing spliced | tap true | pair seed 2026 | record conditioning: common draw set with the FaIR arm, dropped 2 of 2000 | pulse 0.01 GtCH4 at 2030 | cm rel 1995-2014 | julia 1.12.6"
2236,ais,0.0007887227029925725,0.004051211719173755,0.0010068049306152013,0.0003416971060637763,0.0017494751767088697,"scope_slr_pulse_vv.jl | SLR-RFF-BRICK 39cedc0 | Ladrillo L27 (v1.2) | draws parameters_subsample_brick_mengel_L27.csv, 500/chain | paleo assignment :single (seed 20260920) | land-water anchor :zero_at_first_year | lws observed | climate MAGICC-SLR 600 members, vv_pulse_wide_20261009 | forcing spliced | tap true | pair seed 2026 | record conditioning: common draw set with the FaIR arm, dropped 2 of 2000 | pulse 0.01 GtCH4 at 2030 | cm rel 1995-2014 | julia 1.12.6"
2237,ais,0.0007896637704050136,0.0040513514510409935,0.001006321296318497,0.00034227423709367596,0.00175304669887879,"scope_slr_pulse_vv.jl | SLR-RFF-BRICK 39cedc0 | Ladrillo L27 (v1.2) | draws parameters_subsample_brick_mengel_L27.csv, 500/chain | paleo assignment :single (seed 20260920) | land-water anchor :zero_at_first_year | lws observed | climate MAGICC-SLR 600 members, vv_pulse_wide_20261009 | forcing spliced | tap true | pair seed 2026 | record conditioning: common draw set with the FaIR arm, dropped 2 of 2000 | pulse 0.01 GtCH4 at 2030 | cm rel 1995-2014 | julia 1.12.6"
2238,ais,0.0007905531709582192,0.004051485653931648,0.001005838291475221,0.00034272488569566664,0.0017565963424246425,"scope_slr_pulse_vv.jl | SLR-RFF-BRICK 39cedc0 | Ladrillo L27 (v1.2) | draws parameters_subsample_brick_mengel_L27.csv, 500/chain | paleo assignment :single (seed 20260920) | land-water anchor :zero_at_first_year | lws observed | climate MAGICC-SLR 600 members, vv_pulse_wide_20261009 | forcing spliced | tap true | pair seed 2026 | record conditioning: common draw set with the FaIR arm, dropped 2 of 2000 | pulse 0.01 GtCH4 at 2030 | cm rel 1995-2014 | julia 1.12.6"
2239,ais,0.0007917929922491851,0.004051614511808048,0.0010053558744376116,0.00034346021024482813,0.001760125116724963,"scope_slr_pulse_vv.jl | SLR-RFF-BRICK 39cedc0 | Ladrillo L27 (v1.2) | draws parameters_subsample_brick_mengel_L27.csv, 500/chain | paleo assignment :single (seed 20260920) | land-water anchor :zero_at_first_year | lws observed | climate MAGICC-SLR 600 members, vv_pulse_wide_20261009 | forcing spliced | tap true | pair seed 2026 | record conditioning: common draw set with the FaIR arm, dropped 2 of 2000 | pulse 0.01 GtCH4 at 2030 | cm rel 1995-2014 | julia 1.12.6"
2240,ais,0.0007930280863313044,0.004051738337255363,0.0010048739693719199,0.00034401948915849804,0.001763634939602808,"scope_slr_pulse_vv.jl | SLR-RFF-BRICK 39cedc0 | Ladrillo L27 (v1.2) | draws parameters_subsample_brick_mengel_L27.csv, 500/chain | paleo assignment :single (seed 20260920) | land-water anchor :zero_at_first_year | lws observed | climate MAGICC-SLR 600 members, vv_pulse_wide_20261009 | forcing spliced | tap true | pair seed 2026 | record conditioning: common draw set with the FaIR arm, dropped 2 of 2000 | pulse 0.01 GtCH4 at 2030 | cm rel 1995-2014 | julia 1.12.6"
2241,ais,0.0007943405941546189,0.004051857737420598,0.0010043924408471433,0.0003445772847239681,0.0017671293382903724,"scope_slr_pulse_vv.jl | SLR-RFF-BRICK 39cedc0 | Ladrillo L27 (v1.2) | draws parameters_subsample_brick_mengel_L27.csv, 500/chain | paleo assignment :single (seed 20260920) | land-water anchor :zero_at_first_year | lws observed | climate MAGICC-SLR 600 members, vv_pulse_wide_20261009 | forcing spliced | tap true | pair seed 2026 | record conditioning: common draw set with the FaIR arm, dropped 2 of 2000 | pulse 0.01 GtCH4 at 2030 | cm rel 1995-2014 | julia 1.12.6"
2242,ais,0.0007957405460246036,0.004051973723127732,0.001003911059621866,0.0003450476148487702,0.001770614374311206,"scope_slr_pulse_vv.jl | SLR-RFF-BRICK 39cedc0 | Ladrillo L27 (v1.2) | draws parameters_subsample_brick_mengel_L27.csv, 500/chain | paleo assignment :single (seed 20260920) | land-water anchor :zero_at_first_year | lws observed | climate MAGICC-SLR 600 members, vv_pulse_wide_20261009 | forcing spliced | tap true | pair seed 2026 | record conditioning: common draw set with the FaIR arm, dropped 2 of 2000 | pulse 0.01 GtCH4 at 2030 | cm rel 1995-2014 | julia 1.12.6"
2243,ais,0.0007975343182522465,0.004052087093559988,0.0010034296777707017,0.0003454256060246408,0.0017740944249680956,"scope_slr_pulse_vv.jl | SLR-RFF-BRICK 39cedc0 | Ladrillo L27 (v1.2) | draws parameters_subsample_brick_mengel_L27.csv, 500/chain | paleo assignment :single (seed 20260920) | land-water anchor :zero_at_first_year | lws observed | climate MAGICC-SLR 600 members, vv_pulse_wide_20261009 | forcing spliced | tap true | pair seed 2026 | record conditioning: common draw set with the FaIR arm, dropped 2 of 2000 | pulse 0.01 GtCH4 at 2030 | cm rel 1995-2014 | julia 1.12.6"
2244,ais,0.0007995769554156595,0.004052197686696345,0.0010029483875412847,0.0003458123669338953,0.0017775678703827653,"scope_slr_pulse_vv.jl | SLR-RFF-BRICK 39cedc0 | Ladrillo L27 (v1.2) | draws parameters_subsample_brick_mengel_L27.csv, 500/chain | paleo assignment :single (seed 20260920) | land-water anchor :zero_at_first_year | lws observed | climate MAGICC-SLR 600 members, vv_pulse_wide_20261009 | forcing spliced | tap true | pair seed 2026 | record conditioning: common draw set with the FaIR arm, dropped 2 of 2000 | pulse 0.01 GtCH4 at 2030 | cm rel 1995-2014 | julia 1.12.6"
2245,ais,0.0008014383730596819,0.004052305316760079,0.0010024673404739808,0.00034619840501930453,0.0017810311733583687,"scope_slr_pulse_vv.jl | SLR-RFF-BRICK 39cedc0 | Ladrillo L27 (v1.2) | draws parameters_subsample_brick_mengel_L27.csv, 500/chain | paleo assignment :single (seed 20260920) | land-water anchor :zero_at_first_year | lws observed | climate MAGICC-SLR 600 members, vv_pulse_wide_20261009 | forcing spliced | tap true | pair seed 2026 | record conditioning: common draw set with the FaIR arm, dropped 2 of 2000 | pulse 0.01 GtCH4 at 2030 | cm rel 1995-2014 | julia 1.12.6"
2246,ais,0.0008028784157900759,0.004052408772646488,0.0010019867507873369,0.0003465833934408025,0.0017844791512487716,"scope_slr_pulse_vv.jl | SLR-RFF-BRICK 39cedc0 | Ladrillo L27 (v1.2) | draws parameters_subsample_brick_mengel_L27.csv, 500/chain | paleo assignment :single (seed 20260920) | land-water anchor :zero_at_first_year | lws observed | climate MAGICC-SLR 600 members, vv_pulse_wide_20261009 | forcing spliced | tap true | pair seed 2026 | record conditioning: common draw set with the FaIR arm, dropped 2 of 2000 | pulse 0.01 GtCH4 at 2030 | cm rel 1995-2014 | julia 1.12.6"
2247,ais,0.0008039688383050247,0.004052507225163145,0.0010015067797818772,0.0003469670858896379,0.0017903687769575043,"scope_slr_pulse_vv.jl | SLR-RFF-BRICK 39cedc0 | Ladrillo L27 (v1.2) | draws parameters_subsample_brick_mengel_L27.csv, 500/chain | paleo assignment :single (seed 20260920) | land-water anchor :zero_at_first_year | lws observed | climate MAGICC-SLR 600 members, vv_pulse_wide_20261009 | forcing spliced | tap true | pair seed 2026 | record conditioning: common draw set with the FaIR arm, dropped 2 of 2000 | pulse 0.01 GtCH4 at 2030 | cm rel 1995-2014 | julia 1.12.6"
2248,ais,0.0008048337212471779,0.004052600677490549,0.0010010274335278966,0.0003473494720939385,0.0017967028205774199,"scope_slr_pulse_vv.jl | SLR-RFF-BRICK 39cedc0 | Ladrillo L27 (v1.2) | draws parameters_subsample_brick_mengel_L27.csv, 500/chain | paleo assignment :single (seed 20260920) | land-water anchor :zero_at_first_year | lws observed | climate MAGICC-SLR 600 members, vv_pulse_wide_20261009 | forcing spliced | tap true | pair seed 2026 | record conditioning: common draw set with the FaIR arm, dropped 2 of 2000 | pulse 0.01 GtCH4 at 2030 | cm rel 1995-2014 | julia 1.12.6"
2249,ais,0.0008060294490235265,0.004052689046373275,0.0010005487309463692,0.00034778765352090347,0.0018029780517906575,"scope_slr_pulse_vv.jl | SLR-RFF-BRICK 39cedc0 | Ladrillo L27 (v1.2) | draws parameters_subsample_brick_mengel_L27.csv, 500/chain | paleo assignment :single (seed 20260920) | land-water anchor :zero_at_first_year | lws observed | climate MAGICC-SLR 600 members, vv_pulse_wide_20261009 | forcing spliced | tap true | pair seed 2026 | record conditioning: common draw set with the FaIR arm, dropped 2 of 2000 | pulse 0.01 GtCH4 at 2030 | cm rel 1995-2014 | julia 1.12.6"
2250,ais,0.0008069423297030198,0.004052771917411172,0.0010000706645344822,0.0003482433144424313,0.001809086684045267,"scope_slr_pulse_vv.jl | SLR-RFF-BRICK 39cedc0 | Ladrillo L27 (v1.2) | draws parameters_subsample_brick_mengel_L27.csv, 500/chain | paleo assignment :single (seed 20260920) | land-water anchor :zero_at_first_year | lws observed | climate MAGICC-SLR 600 members, vv_pulse_wide_20261009 | forcing spliced | tap true | pair seed 2026 | record conditioning: common draw set with the FaIR arm, dropped 2 of 2000 | pulse 0.01 GtCH4 at 2030 | cm rel 1995-2014 | julia 1.12.6"
2251,ais,0.00080766067264193,0.0040528496340462945,0.0009995932057973952,0.00034864989176952577,0.0018151762771879002,"scope_slr_pulse_vv.jl | SLR-RFF-BRICK 39cedc0 | Ladrillo L27 (v1.2) | draws parameters_subsample_brick_mengel_L27.csv, 500/chain | paleo assignment :single (seed 20260920) | land-water anchor :zero_at_first_year | lws observed | climate MAGICC-SLR 600 members, vv_pulse_wide_20261009 | forcing spliced | tap true | pair seed 2026 | record conditioning: common draw set with the FaIR arm, dropped 2 of 2000 | pulse 0.01 GtCH4 at 2030 | cm rel 1995-2014 | julia 1.12.6"
2252,ais,0.0008083753236789448,0.004052922280143929,0.0009991162981051638,0.0003489372112744249,0.0018212480958894146,"scope_slr_pulse_vv.jl | SLR-RFF-BRICK 39cedc0 | Ladrillo L27 (v1.2) | draws parameters_subsample_brick_mengel_L27.csv, 500/chain | paleo assignment :single (seed 20260920) | land-water anchor :zero_at_first_year | lws observed | climate MAGICC-SLR 600 members, vv_pulse_wide_20261009 | forcing spliced | tap true | pair seed 2026 | record conditioning: common draw set with the FaIR arm, dropped 2 of 2000 | pulse 0.01 GtCH4 at 2030 | cm rel 1995-2014 | julia 1.12.6"
2253,ais,0.0008092739647622693,0.0040529906794898995,0.000998639822453737,0.00034922299119219955,0.0018273051256620918,"scope_slr_pulse_vv.jl | SLR-RFF-BRICK 39cedc0 | Ladrillo L27 (v1.2) | draws parameters_subsample_brick_mengel_L27.csv, 500/chain | paleo assignment :single (seed 20260920) | land-water anchor :zero_at_first_year | lws observed | climate MAGICC-SLR 600 members, vv_pulse_wide_20261009 | forcing spliced | tap true | pair seed 2026 | record conditioning: common draw set with the FaIR arm, dropped 2 of 2000 | pulse 0.01 GtCH4 at 2030 | cm rel 1995-2014 | julia 1.12.6"
2254,ais,0.0008107490019000352,0.004053055998717761,0.0009981636118587172,0.0003495233567894829,0.0018333519391752866,"scope_slr_pulse_vv.jl | SLR-RFF-BRICK 39cedc0 | Ladrillo L27 (v1.2) | draws parameters_subsample_brick_mengel_L27.csv, 500/chain | paleo assignment :single (seed 20260920) | land-water anchor :zero_at_first_year | lws observed | climate MAGICC-SLR 600 members, vv_pulse_wide_20261009 | forcing spliced | tap true | pair seed 2026 | record conditioning: common draw set with the FaIR arm, dropped 2 of 2000 | pulse 0.01 GtCH4 at 2030 | cm rel 1995-2014 | julia 1.12.6"
2255,ais,0.0008118953179376831,0.004053118713477365,0.0009976875272728696,0.00034988612956095007,0.0018393928961870638,"scope_slr_pulse_vv.jl | SLR-RFF-BRICK 39cedc0 | Ladrillo L27 (v1.2) | draws parameters_subsample_brick_mengel_L27.csv, 500/chain | paleo assignment :single (seed 20260920) | land-water anchor :zero_at_first_year | lws observed | climate MAGICC-SLR 600 members, vv_pulse_wide_20261009 | forcing spliced | tap true | pair seed 2026 | record conditioning: common draw set with the FaIR arm, dropped 2 of 2000 | pulse 0.01 GtCH4 at 2030 | cm rel 1995-2014 | julia 1.12.6"
2256,ais,0.0008129799437242013,0.004053178714250786,0.0009972116211244162,0.00035028175529863145,0.0018452729464307537,"scope_slr_pulse_vv.jl | SLR-RFF-BRICK 39cedc0 | Ladrillo L27 (v1.2) | draws parameters_subsample_brick_mengel_L27.csv, 500/chain | paleo assignment :single (seed 20260920) | land-water anchor :zero_at_first_year | lws observed | climate MAGICC-SLR 600 members, vv_pulse_wide_20261009 | forcing spliced | tap true | pair seed 2026 | record conditioning: common draw set with the FaIR arm, dropped 2 of 2000 | pulse 0.01 GtCH4 at 2030 | cm rel 1995-2014 | julia 1.12.6"
2257,ais,0.0008141894244602099,0.004053235943885849,0.0009967359475645432,0.00035067909232360255,0.0018493866200437023,"scope_slr_pulse_vv.jl | SLR-RFF-BRICK 39cedc0 | Ladrillo L27 (v1.2) | draws parameters_subsample_brick_mengel_L27.csv, 500/chain | paleo assignment :single (seed 20260920) | land-water anchor :zero_at_first_year | lws observed | climate MAGICC-SLR 600 members, vv_pulse_wide_20261009 | forcing spliced | tap true | pair seed 2026 | record conditioning: common draw set with the FaIR arm, dropped 2 of 2000 | pulse 0.01 GtCH4 at 2030 | cm rel 1995-2014 | julia 1.12.6"
2258,ais,0.0008158548289571854,0.004053290033514017,0.0009962605970749707,0.0003510754994113796,0.0018529693183637615,"scope_slr_pulse_vv.jl | SLR-RFF-BRICK 39cedc0 | Ladrillo L27 (v1.2) | draws parameters_subsample_brick_mengel_L27.csv, 500/chain | paleo assignment :single (seed 20260920) | land-water anchor :zero_at_first_year | lws observed | climate MAGICC-SLR 600 members, vv_pulse_wide_20261009 | forcing spliced | tap true | pair seed 2026 | record conditioning: common draw set with the FaIR arm, dropped 2 of 2000 | pulse 0.01 GtCH4 at 2030 | cm rel 1995-2014 | julia 1.12.6"
2259,ais,0.0008170327834733371,0.004053340209757833,0.000995785721385554,0.00035147075791748246,0.0018564293309445644,"scope_slr_pulse_vv.jl | SLR-RFF-BRICK 39cedc0 | Ladrillo L27 (v1.2) | draws parameters_subsample_brick_mengel_L27.csv, 500/chain | paleo assignment :single (seed 20260920) | land-water anchor :zero_at_first_year | lws observed | climate MAGICC-SLR 600 members, vv_pulse_wide_20261009 | forcing spliced | tap true | pair seed 2026 | record conditioning: common draw set with the FaIR arm, dropped 2 of 2000 | pulse 0.01 GtCH4 at 2030 | cm rel 1995-2014 | julia 1.12.6"
2260,ais,0.0008184451609167809,0.004685288952038333,0.0011780503167846804,0.00035186477424691275,0.0018616596205156084,"scope_slr_pulse_vv.jl | SLR-RFF-BRICK 39cedc0 | Ladrillo L27 (v1.2) | draws parameters_subsample_brick_mengel_L27.csv, 500/chain | paleo assignment :single (seed 20260920) | land-water anchor :zero_at_first_year | lws observed | climate MAGICC-SLR 600 members, vv_pulse_wide_20261009 | forcing spliced | tap true | pair seed 2026 | record conditioning: common draw set with the FaIR arm, dropped 2 of 2000 | pulse 0.01 GtCH4 at 2030 | cm rel 1995-2014 | julia 1.12.6"
2261,ais,0.0008193798782230033,0.004689725367736705,0.0011800081907551926,0.0003522574040832893,0.0018657210324811027,"scope_slr_pulse_vv.jl | SLR-RFF-BRICK 39cedc0 | Ladrillo L27 (v1.2) | draws parameters_subsample_brick_mengel_L27.csv, 500/chain | paleo assignment :single (seed 20260920) | land-water anchor :zero_at_first_year | lws observed | climate MAGICC-SLR 600 members, vv_pulse_wide_20261009 | forcing spliced | tap true | pair seed 2026 | record conditioning: common draw set with the FaIR arm, dropped 2 of 2000 | pulse 0.01 GtCH4 at 2030 | cm rel 1995-2014 | julia 1.12.6"
2262,ais,0.0008205084121044592,0.004689535885059872,0.0011794880681151706,0.0003526486678062213,0.001869647625744617,"scope_slr_pulse_vv.jl | SLR-RFF-BRICK 39cedc0 | Ladrillo L27 (v1.2) | draws parameters_subsample_brick_mengel_L27.csv, 500/chain | paleo assignment :single (seed 20260920) | land-water anchor :zero_at_first_year | lws observed | climate MAGICC-SLR 600 members, vv_pulse_wide_20261009 | forcing spliced | tap true | pair seed 2026 | record conditioning: common draw set with the FaIR arm, dropped 2 of 2000 | pulse 0.01 GtCH4 at 2030 | cm rel 1995-2014 | julia 1.12.6"
2263,ais,0.0008215287670907401,0.004689308318015617,0.0011789502556991622,0.00035303871513789884,0.0018734420261075945,"scope_slr_pulse_vv.jl | SLR-RFF-BRICK 39cedc0 | Ladrillo L27 (v1.2) | draws parameters_subsample_brick_mengel_L27.csv, 500/chain | paleo assignment :single (seed 20260920) | land-water anchor :zero_at_first_year | lws observed | climate MAGICC-SLR 600 members, vv_pulse_wide_20261009 | forcing spliced | tap true | pair seed 2026 | record conditioning: common draw set with the FaIR arm, dropped 2 of 2000 | pulse 0.01 GtCH4 at 2030 | cm rel 1995-2014 | julia 1.12.6"
2264,ais,0.0008224732798964851,0.004689076807299996,0.0011784128196809416,0.00035346480479212514,0.0018772225760756076,"scope_slr_pulse_vv.jl | SLR-RFF-BRICK 39cedc0 | Ladrillo L27 (v1.2) | draws parameters_subsample_brick_mengel_L27.csv, 500/chain | paleo assignment :single (seed 20260920) | land-water anchor :zero_at_first_year | lws observed | climate MAGICC-SLR 600 members, vv_pulse_wide_20261009 | forcing spliced | tap true | pair seed 2026 | record conditioning: common draw set with the FaIR arm, dropped 2 of 2000 | pulse 0.01 GtCH4 at 2030 | cm rel 1995-2014 | julia 1.12.6"
2265,ais,0.0008235317054356983,0.00468884224008058,0.0011778756922383017,0.0003540503892498492,0.0018823499089819485,"scope_slr_pulse_vv.jl | SLR-RFF-BRICK 39cedc0 | Ladrillo L27 (v1.2) | draws parameters_subsample_brick_mengel_L27.csv, 500/chain | paleo assignment :single (seed 20260920) | land-water anchor :zero_at_first_year | lws observed | climate MAGICC-SLR 600 members, vv_pulse_wide_20261009 | forcing spliced | tap true | pair seed 2026 | record conditioning: common draw set with the FaIR arm, dropped 2 of 2000 | pulse 0.01 GtCH4 at 2030 | cm rel 1995-2014 | julia 1.12.6"
2266,ais,0.0008245878746038215,0.004688604069887682,0.001177338653224836,0.0003547330109928026,0.0018884879737242936,"scope_slr_pulse_vv.jl | SLR-RFF-BRICK 39cedc0 | Ladrillo L27 (v1.2) | draws parameters_subsample_brick_mengel_L27.csv, 500/chain | paleo assignment :single (seed 20260920) | land-water anchor :zero_at_first_year | lws observed | climate MAGICC-SLR 600 members, vv_pulse_wide_20261009 | forcing spliced | tap true | pair seed 2026 | record conditioning: common draw set with the FaIR arm, dropped 2 of 2000 | pulse 0.01 GtCH4 at 2030 | cm rel 1995-2014 | julia 1.12.6"
2267,ais,0.0008255420807614655,0.004688365032736149,0.0011768016100128476,0.0003554145958066357,0.0018946347315193168,"scope_slr_pulse_vv.jl | SLR-RFF-BRICK 39cedc0 | Ladrillo L27 (v1.2) | draws parameters_subsample_brick_mengel_L27.csv, 500/chain | paleo assignment :single (seed 20260920) | land-water anchor :zero_at_first_year | lws observed | climate MAGICC-SLR 600 members, vv_pulse_wide_20261009 | forcing spliced | tap true | pair seed 2026 | record conditioning: common draw set with the FaIR arm, dropped 2 of 2000 | pulse 0.01 GtCH4 at 2030 | cm rel 1995-2014 | julia 1.12.6"
2268,ais,0.0008264505034460967,0.0046881246355285995,0.0011762645326619066,0.00035609525186757195,0.0019007925736801204,"scope_slr_pulse_vv.jl | SLR-RFF-BRICK 39cedc0 | Ladrillo L27 (v1.2) | draws parameters_subsample_brick_mengel_L27.csv, 500/chain | paleo assignment :single (seed 20260920) | land-water anchor :zero_at_first_year | lws observed | climate MAGICC-SLR 600 members, vv_pulse_wide_20261009 | forcing spliced | tap true | pair seed 2026 | record conditioning: common draw set with the FaIR arm, dropped 2 of 2000 | pulse 0.01 GtCH4 at 2030 | cm rel 1995-2014 | julia 1.12.6"
2269,ais,0.000827847611425625,0.004687881966958131,0.0011757277605100582,0.00035661214267843636,0.001906949314567896,"scope_slr_pulse_vv.jl | SLR-RFF-BRICK 39cedc0 | Ladrillo L27 (v1.2) | draws parameters_subsample_brick_mengel_L27.csv, 500/chain | paleo assignment :single (seed 20260920) | land-water anchor :zero_at_first_year | lws observed | climate MAGICC-SLR 600 members, vv_pulse_wide_20261009 | forcing spliced | tap true | pair seed 2026 | record conditioning: common draw set with the FaIR arm, dropped 2 of 2000 | pulse 0.01 GtCH4 at 2030 | cm rel 1995-2014 | julia 1.12.6"
2270,ais,0.00082879851010631,0.004687636163178108,0.001175191530408123,0.0003570486602001211,0.0019108308261039037,"scope_slr_pulse_vv.jl | SLR-RFF-BRICK 39cedc0 | Ladrillo L27 (v1.2) | draws parameters_subsample_brick_mengel_L27.csv, 500/chain | paleo assignment :single (seed 20260920) | land-water anchor :zero_at_first_year | lws observed | climate MAGICC-SLR 600 members, vv_pulse_wide_20261009 | forcing spliced | tap true | pair seed 2026 | record conditioning: common draw set with the FaIR arm, dropped 2 of 2000 | pulse 0.01 GtCH4 at 2030 | cm rel 1995-2014 | julia 1.12.6"
2271,ais,0.0008297463750324141,0.004687386595103621,0.0011746560047070362,0.000357509565196068,0.0019141563072778913,"scope_slr_pulse_vv.jl | SLR-RFF-BRICK 39cedc0 | Ladrillo L27 (v1.2) | draws parameters_subsample_brick_mengel_L27.csv, 500/chain | paleo assignment :single (seed 20260920) | land-water anchor :zero_at_first_year | lws observed | climate MAGICC-SLR 600 members, vv_pulse_wide_20261009 | forcing spliced | tap true | pair seed 2026 | record conditioning: common draw set with the FaIR arm, dropped 2 of 2000 | pulse 0.01 GtCH4 at 2030 | cm rel 1995-2014 | julia 1.12.6"
2272,ais,0.0008306152729282701,0.004687133081412298,0.0011741212171340405,0.00035802099417523434,0.0019174608734701323,"scope_slr_pulse_vv.jl | SLR-RFF-BRICK 39cedc0 | Ladrillo L27 (v1.2) | draws parameters_subsample_brick_mengel_L27.csv, 500/chain | paleo assignment :single (seed 20260920) | land-water anchor :zero_at_first_year | lws observed | climate MAGICC-SLR 600 members, vv_pulse_wide_20261009 | forcing spliced | tap true | pair seed 2026 | record conditioning: common draw set with the FaIR arm, dropped 2 of 2000 | pulse 0.01 GtCH4 at 2030 | cm rel 1995-2014 | julia 1.12.6"
2273,ais,0.0008313773160839588,0.004686875475669117,0.0011735871699282685,0.00035851207530726017,0.0019202885266111007,"scope_slr_pulse_vv.jl | SLR-RFF-BRICK 39cedc0 | Ladrillo L27 (v1.2) | draws parameters_subsample_brick_mengel_L27.csv, 500/chain | paleo assignment :single (seed 20260920) | land-water anchor :zero_at_first_year | lws observed | climate MAGICC-SLR 600 members, vv_pulse_wide_20261009 | forcing spliced | tap true | pair seed 2026 | record conditioning: common draw set with the FaIR arm, dropped 2 of 2000 | pulse 0.01 GtCH4 at 2030 | cm rel 1995-2014 | julia 1.12.6"
2274,ais,0.0008323724076255701,0.004686613895438649,0.0011730537641929004,0.00035891058551627,0.0019230025691086877,"scope_slr_pulse_vv.jl | SLR-RFF-BRICK 39cedc0 | Ladrillo L27 (v1.2) | draws parameters_subsample_brick_mengel_L27.csv, 500/chain | paleo assignment :single (seed 20260920) | land-water anchor :zero_at_first_year | lws observed | climate MAGICC-SLR 600 members, vv_pulse_wide_20261009 | forcing spliced | tap true | pair seed 2026 | record conditioning: common draw set with the FaIR arm, dropped 2 of 2000 | pulse 0.01 GtCH4 at 2030 | cm rel 1995-2014 | julia 1.12.6"
2275,ais,0.0008331593923855962,0.0046863493020233874,0.0011725207869317596,0.0003593071247358637,0.0019256991195163646,"scope_slr_pulse_vv.jl | SLR-RFF-BRICK 39cedc0 | Ladrillo L27 (v1.2) | draws parameters_subsample_brick_mengel_L27.csv, 500/chain | paleo assignment :single (seed 20260920) | land-water anchor :zero_at_first_year | lws observed | climate MAGICC-SLR 600 members, vv_pulse_wide_20261009 | forcing spliced | tap true | pair seed 2026 | record conditioning: common draw set with the FaIR arm, dropped 2 of 2000 | pulse 0.01 GtCH4 at 2030 | cm rel 1995-2014 | julia 1.12.6"
2276,ais,0.0008341816233752297,0.004686082300727543,0.0011719880284749406,0.0003597021609515139,0.0019283800490825325,"scope_slr_pulse_vv.jl | SLR-RFF-BRICK 39cedc0 | Ladrillo L27 (v1.2) | draws parameters_subsample_brick_mengel_L27.csv, 500/chain | paleo assignment :single (seed 20260920) | land-water anchor :zero_at_first_year | lws observed | climate MAGICC-SLR 600 members, vv_pulse_wide_20261009 | forcing spliced | tap true | pair seed 2026 | record conditioning: common draw set with the FaIR arm, dropped 2 of 2000 | pulse 0.01 GtCH4 at 2030 | cm rel 1995-2014 | julia 1.12.6"
2277,ais,0.0008352008372867203,0.004685813543011855,0.0011714554073291793,0.0003601300795935458,0.0019310463695916252,"scope_slr_pulse_vv.jl | SLR-RFF-BRICK 39cedc0 | Ladrillo L27 (v1.2) | draws parameters_subsample_brick_mengel_L27.csv, 500/chain | paleo assignment :single (seed 20260920) | land-water anchor :zero_at_first_year | lws observed | climate MAGICC-SLR 600 members, vv_pulse_wide_20261009 | forcing spliced | tap true | pair seed 2026 | record conditioning: common draw set with the FaIR arm, dropped 2 of 2000 | pulse 0.01 GtCH4 at 2030 | cm rel 1995-2014 | julia 1.12.6"
2278,ais,0.0008361641194980507,0.004685542634860126,0.0011709230287007368,0.00036056305021219264,0.0019336977103193913,"scope_slr_pulse_vv.jl | SLR-RFF-BRICK 39cedc0 | Ladrillo L27 (v1.2) | draws parameters_subsample_brick_mengel_L27.csv, 500/chain | paleo assignment :single (seed 20260920) | land-water anchor :zero_at_first_year | lws observed | climate MAGICC-SLR 600 members, vv_pulse_wide_20261009 | forcing spliced | tap true | pair seed 2026 | record conditioning: common draw set with the FaIR arm, dropped 2 of 2000 | pulse 0.01 GtCH4 at 2030 | cm rel 1995-2014 | julia 1.12.6"
2279,ais,0.000836966206961165,0.004685269285991592,0.001170391006927295,0.00036099420323694177,0.0019363334451696782,"scope_slr_pulse_vv.jl | SLR-RFF-BRICK 39cedc0 | Ladrillo L27 (v1.2) | draws parameters_subsample_brick_mengel_L27.csv, 500/chain | paleo assignment :single (seed 20260920) | land-water anchor :zero_at_first_year | lws observed | climate MAGICC-SLR 600 members, vv_pulse_wide_20261009 | forcing spliced | tap true | pair seed 2026 | record conditioning: common draw set with the FaIR arm, dropped 2 of 2000 | pulse 0.01 GtCH4 at 2030 | cm rel 1995-2014 | julia 1.12.6"
2280,ais,0.000837954898727844,0.004684993005669957,0.0011698594805030346,0.00036147557657670857,0.0019389527293768062,"scope_slr_pulse_vv.jl | SLR-RFF-BRICK 39cedc0 | Ladrillo L27 (v1.2) | draws parameters_subsample_brick_mengel_L27.csv, 500/chain | paleo assignment :single (seed 20260920) | land-water anchor :zero_at_first_year | lws observed | climate MAGICC-SLR 600 members, vv_pulse_wide_20261009 | forcing spliced | tap true | pair seed 2026 | record conditioning: common draw set with the FaIR arm, dropped 2 of 2000 | pulse 0.01 GtCH4 at 2030 | cm rel 1995-2014 | julia 1.12.6"
2281,ais,0.0008389398631578615,0.004684713396982438,0.001169328629594404,0.0003620012539698791,0.0019415543636270606,"scope_slr_pulse_vv.jl | SLR-RFF-BRICK 39cedc0 | Ladrillo L27 (v1.2) | draws parameters_subsample_brick_mengel_L27.csv, 500/chain | paleo assignment :single (seed 20260920) | land-water anchor :zero_at_first_year | lws observed | climate MAGICC-SLR 600 members, vv_pulse_wide_20261009 | forcing spliced | tap true | pair seed 2026 | record conditioning: common draw set with the FaIR arm, dropped 2 of 2000 | pulse 0.01 GtCH4 at 2030 | cm rel 1995-2014 | julia 1.12.6"
2282,ais,0.0008398641809108653,0.004684430108051485,0.0011687984908954146,0.00036252459485979215,0.0019441380579607406,"scope_slr_pulse_vv.jl | SLR-RFF-BRICK 39cedc0 | Ladrillo L27 (v1.2) | draws parameters_subsample_brick_mengel_L27.csv, 500/chain | paleo assignment :single (seed 20260920) | land-water anchor :zero_at_first_year | lws observed | climate MAGICC-SLR 600 members, vv_pulse_wide_20261009 | forcing spliced | tap true | pair seed 2026 | record conditioning: common draw set with the FaIR arm, dropped 2 of 2000 | pulse 0.01 GtCH4 at 2030 | cm rel 1995-2014 | julia 1.12.6"
2283,ais,0.0008405590228548476,0.004684143354225026,0.0011682690055496337,0.00036304569651690605,0.0019467042869635498,"scope_slr_pulse_vv.jl | SLR-RFF-BRICK 39cedc0 | Ladrillo L27 (v1.2) | draws parameters_subsample_brick_mengel_L27.csv, 500/chain | paleo assignment :single (seed 20260920) | land-water anchor :zero_at_first_year | lws observed | climate MAGICC-SLR 600 members, vv_pulse_wide_20261009 | forcing spliced | tap true | pair seed 2026 | record conditioning: common draw set with the FaIR arm, dropped 2 of 2000 | pulse 0.01 GtCH4 at 2030 | cm rel 1995-2014 | julia 1.12.6"
2284,ais,0.0008414862066530304,0.004683853266806536,0.0011677401152039293,0.00036356456674582207,0.001949253613877031,"scope_slr_pulse_vv.jl | SLR-RFF-BRICK 39cedc0 | Ladrillo L27 (v1.2) | draws parameters_subsample_brick_mengel_L27.csv, 500/chain | paleo assignment :single (seed 20260920) | land-water anchor :zero_at_first_year | lws observed | climate MAGICC-SLR 600 members, vv_pulse_wide_20261009 | forcing spliced | tap true | pair seed 2026 | record conditioning: common draw set with the FaIR arm, dropped 2 of 2000 | pulse 0.01 GtCH4 at 2030 | cm rel 1995-2014 | julia 1.12.6"
2285,ais,0.0008426117128124133,0.0046835602927916145,0.0011672116750551325,0.0003640815550141951,0.0019517872180827545,"scope_slr_pulse_vv.jl | SLR-RFF-BRICK 39cedc0 | Ladrillo L27 (v1.2) | draws parameters_subsample_brick_mengel_L27.csv, 500/chain | paleo assignment :single (seed 20260920) | land-water anchor :zero_at_first_year | lws observed | climate MAGICC-SLR 600 members, vv_pulse_wide_20261009 | forcing spliced | tap true | pair seed 2026 | record conditioning: common draw set with the FaIR arm, dropped 2 of 2000 | pulse 0.01 GtCH4 at 2030 | cm rel 1995-2014 | julia 1.12.6"
2286,ais,0.0008434603377764915,0.004683265203359222,0.001166683438503514,0.00036459731654332473,0.0019543070619064884,"scope_slr_pulse_vv.jl | SLR-RFF-BRICK 39cedc0 | Ladrillo L27 (v1.2) | draws parameters_subsample_brick_mengel_L27.csv, 500/chain | paleo assignment :single (seed 20260920) | land-water anchor :zero_at_first_year | lws observed | climate MAGICC-SLR 600 members, vv_pulse_wide_20261009 | forcing spliced | tap true | pair seed 2026 | record conditioning: common draw set with the FaIR arm, dropped 2 of 2000 | pulse 0.01 GtCH4 at 2030 | cm rel 1995-2014 | julia 1.12.6"
2287,ais,0.0008444643331984025,0.004682968704484578,0.001166155217686444,0.0003651123034273951,0.0019573314613367623,"scope_slr_pulse_vv.jl | SLR-RFF-BRICK 39cedc0 | Ladrillo L27 (v1.2) | draws parameters_subsample_brick_mengel_L27.csv, 500/chain | paleo assignment :single (seed 20260920) | land-water anchor :zero_at_first_year | lws observed | climate MAGICC-SLR 600 members, vv_pulse_wide_20261009 | forcing spliced | tap true | pair seed 2026 | record conditioning: common draw set with the FaIR arm, dropped 2 of 2000 | pulse 0.01 GtCH4 at 2030 | cm rel 1995-2014 | julia 1.12.6"
2288,ais,0.0008454667547823647,0.00468267125080507,0.0011656270604016123,0.0003656263109874658,0.001960628141141283,"scope_slr_pulse_vv.jl | SLR-RFF-BRICK 39cedc0 | Ladrillo L27 (v1.2) | draws parameters_subsample_brick_mengel_L27.csv, 500/chain | paleo assignment :single (seed 20260920) | land-water anchor :zero_at_first_year | lws observed | climate MAGICC-SLR 600 members, vv_pulse_wide_20261009 | forcing spliced | tap true | pair seed 2026 | record conditioning: common draw set with the FaIR arm, dropped 2 of 2000 | pulse 0.01 GtCH4 at 2030 | cm rel 1995-2014 | julia 1.12.6"
2289,ais,0.0008464671503389809,0.004682372524152875,0.0011650991143099174,0.00036613896592996303,0.0019639192241726255,"scope_slr_pulse_vv.jl | SLR-RFF-BRICK 39cedc0 | Ladrillo L27 (v1.2) | draws parameters_subsample_brick_mengel_L27.csv, 500/chain | paleo assignment :single (seed 20260920) | land-water anchor :zero_at_first_year | lws observed | climate MAGICC-SLR 600 members, vv_pulse_wide_20261009 | forcing spliced | tap true | pair seed 2026 | record conditioning: common draw set with the FaIR arm, dropped 2 of 2000 | pulse 0.01 GtCH4 at 2030 | cm rel 1995-2014 | julia 1.12.6"
2290,ais,0.0008474643371840784,0.004682071495990498,0.0011645717411416668,0.00036664927833243157,0.001967200037189796,"scope_slr_pulse_vv.jl | SLR-RFF-BRICK 39cedc0 | Ladrillo L27 (v1.2) | draws parameters_subsample_brick_mengel_L27.csv, 500/chain | paleo assignment :single (seed 20260920) | land-water anchor :zero_at_first_year | lws observed | climate MAGICC-SLR 600 members, vv_pulse_wide_20261009 | forcing spliced | tap true | pair seed 2026 | record conditioning: common draw set with the FaIR arm, dropped 2 of 2000 | pulse 0.01 GtCH4 at 2030 | cm rel 1995-2014 | julia 1.12.6"
2291,ais,0.0008483197970150513,0.004681767684488649,0.0011640450017994578,0.00036715725683080793,0.0019704686349626835,"scope_slr_pulse_vv.jl | SLR-RFF-BRICK 39cedc0 | Ladrillo L27 (v1.2) | draws parameters_subsample_brick_mengel_L27.csv, 500/chain | paleo assignment :single (seed 20260920) | land-water anchor :zero_at_first_year | lws observed | climate MAGICC-SLR 600 members, vv_pulse_wide_20261009 | forcing spliced | tap true | pair seed 2026 | record conditioning: common draw set with the FaIR arm, dropped 2 of 2000 | pulse 0.01 GtCH4 at 2030 | cm rel 1995-2014 | julia 1.12.6"
2292,ais,0.0008491879854979345,0.004681460492905863,0.0011635189572478679,0.00036766271665271687,0.0019737240366865176,"scope_slr_pulse_vv.jl | SLR-RFF-BRICK 39cedc0 | Ladrillo L27 (v1.2) | draws parameters_subsample_brick_mengel_L27.csv, 500/chain | paleo assignment :single (seed 20260920) | land-water anchor :zero_at_first_year | lws observed | climate MAGICC-SLR 600 members, vv_pulse_wide_20261009 | forcing spliced | tap true | pair seed 2026 | record conditioning: common draw set with the FaIR arm, dropped 2 of 2000 | pulse 0.01 GtCH4 at 2030 | cm rel 1995-2014 | julia 1.12.6"
2293,ais,0.0008501575706443276,0.004681149817996545,0.0011629936542936492,0.0003681655462060008,0.0019769655197606523,"scope_slr_pulse_vv.jl | SLR-RFF-BRICK 39cedc0 | Ladrillo L27 (v1.2) | draws parameters_subsample_brick_mengel_L27.csv, 500/chain | paleo assignment :single (seed 20260920) | land-water anchor :zero_at_first_year | lws observed | climate MAGICC-SLR 600 members, vv_pulse_wide_20261009 | forcing spliced | tap true | pair seed 2026 | record conditioning: common draw set with the FaIR arm, dropped 2 of 2000 | pulse 0.01 GtCH4 at 2030 | cm rel 1995-2014 | julia 1.12.6"
2294,ais,0.0008510606883618266,0.004680835453215776,0.0011624690644935296,0.0003686658440543056,0.0019801933948329505,"scope_slr_pulse_vv.jl | SLR-RFF-BRICK 39cedc0 | Ladrillo L27 (v1.2) | draws parameters_subsample_brick_mengel_L27.csv, 500/chain | paleo assignment :single (seed 20260920) | land-water anchor :zero_at_first_year | lws observed | climate MAGICC-SLR 600 members, vv_pulse_wide_20261009 | forcing spliced | tap true | pair seed 2026 | record conditioning: common draw set with the FaIR arm, dropped 2 of 2000 | pulse 0.01 GtCH4 at 2030 | cm rel 1995-2014 | julia 1.12.6"
2295,ais,0.0008518093582665642,0.004680517810101561,0.0011619450409622862,0.0003691640230385929,0.001983409588453354,"scope_slr_pulse_vv.jl | SLR-RFF-BRICK 39cedc0 | Ladrillo L27 (v1.2) | draws parameters_subsample_brick_mengel_L27.csv, 500/chain | paleo assignment :single (seed 20260920) | land-water anchor :zero_at_first_year | lws observed | climate MAGICC-SLR 600 members, vv_pulse_wide_20261009 | forcing spliced | tap true | pair seed 2026 | record conditioning: common draw set with the FaIR arm, dropped 2 of 2000 | pulse 0.01 GtCH4 at 2030 | cm rel 1995-2014 | julia 1.12.6"
2296,ais,0.000852624575372829,0.004680197712295147,0.0011614213172838174,0.00036966080415936633,0.001986617791473576,"scope_slr_pulse_vv.jl | SLR-RFF-BRICK 39cedc0 | Ladrillo L27 (v1.2) | draws parameters_subsample_brick_mengel_L27.csv, 500/chain | paleo assignment :single (seed 20260920) | land-water anchor :zero_at_first_year | lws observed | climate MAGICC-SLR 600 members, vv_pulse_wide_20261009 | forcing spliced | tap true | pair seed 2026 | record conditioning: common draw set with the FaIR arm, dropped 2 of 2000 | pulse 0.01 GtCH4 at 2030 | cm rel 1995-2014 | julia 1.12.6"
2297,ais,0.0008535158813600674,0.004679876334382015,0.0011608977268184556,0.0003701565680529484,0.00198982093951514,"scope_slr_pulse_vv.jl | SLR-RFF-BRICK 39cedc0 | Ladrillo L27 (v1.2) | draws parameters_subsample_brick_mengel_L27.csv, 500/chain | paleo assignment :single (seed 20260920) | land-water anchor :zero_at_first_year | lws observed | climate MAGICC-SLR 600 members, vv_pulse_wide_20261009 | forcing spliced | tap true | pair seed 2026 | record conditioning: common draw set with the FaIR arm, dropped 2 of 2000 | pulse 0.01 GtCH4 at 2030 | cm rel 1995-2014 | julia 1.12.6"
2298,ais,0.0008545648103677195,0.004679554322475289,0.001160374165889707,0.00037065158490321435,0.001993136168960062,"scope_slr_pulse_vv.jl | SLR-RFF-BRICK 39cedc0 | Ladrillo L27 (v1.2) | draws parameters_subsample_brick_mengel_L27.csv, 500/chain | paleo assignment :single (seed 20260920) | land-water anchor :zero_at_first_year | lws observed | climate MAGICC-SLR 600 members, vv_pulse_wide_20261009 | forcing spliced | tap true | pair seed 2026 | record conditioning: common draw set with the FaIR arm, dropped 2 of 2000 | pulse 0.01 GtCH4 at 2030 | cm rel 1995-2014 | julia 1.12.6"
2299,ais,0.000855988709666633,0.0046792314176634184,0.0011598507579850597,0.0003711454806747838,0.001997080172037612,"scope_slr_pulse_vv.jl | SLR-RFF-BRICK 39cedc0 | Ladrillo L27 (v1.2) | draws parameters_subsample_brick_mengel_L27.csv, 500/chain | paleo assignment :single (seed 20260920) | land-water anchor :zero_at_first_year | lws observed | climate MAGICC-SLR 600 members, vv_pulse_wide_20261009 | forcing spliced | tap true | pair seed 2026 | record conditioning: common draw set with the FaIR arm, dropped 2 of 2000 | pulse 0.01 GtCH4 at 2030 | cm rel 1995-2014 | julia 1.12.6"
2300,ais,0.0008569576746211283,0.004678911550444287,0.0011593277675331147,0.0003716375617557333,0.002002159259357938,"scope_slr_pulse_vv.jl | SLR-RFF-BRICK 39cedc0 | Ladrillo L27 (v1.2) | draws parameters_subsample_brick_mengel_L27.csv, 500/chain | paleo assignment :single (seed 20260920) | land-water anchor :zero_at_first_year | lws observed | climate MAGICC-SLR 600 members, vv_pulse_wide_20261009 | forcing spliced | tap true | pair seed 2026 | record conditioning: common draw set with the FaIR arm, dropped 2 of 2000 | pulse 0.01 GtCH4 at 2030 | cm rel 1995-2014 | julia 1.12.6"
2025,te,0.0,0.0,0.0,0.0,0.0,"scope_slr_pulse_vv.jl | SLR-RFF-BRICK 39cedc0 | Ladrillo L27 (v1.2) | draws parameters_subsample_brick_mengel_L27.csv, 500/chain | paleo assignment :single (seed 20260920) | land-water anchor :zero_at_first_year | lws observed | climate MAGICC-SLR 600 members, vv_pulse_wide_20261009 | forcing spliced | tap true | pair seed 2026 | record conditioning: common draw set with the FaIR arm, dropped 2 of 2000 | pulse 0.01 GtCH4 at 2030 | cm rel 1995-2014 | julia 1.12.6"
2026,te,0.0,0.0,0.0,0.0,0.0,"scope_slr_pulse_vv.jl | SLR-RFF-BRICK 39cedc0 | Ladrillo L27 (v1.2) | draws parameters_subsample_brick_mengel_L27.csv, 500/chain | paleo assignment :single (seed 20260920) | land-water anchor :zero_at_first_year | lws observed | climate MAGICC-SLR 600 members, vv_pulse_wide_20261009 | forcing spliced | tap true | pair seed 2026 | record conditioning: common draw set with the FaIR arm, dropped 2 of 2000 | pulse 0.01 GtCH4 at 2030 | cm rel 1995-2014 | julia 1.12.6"
2027,te,0.0,0.0,0.0,0.0,0.0,"scope_slr_pulse_vv.jl | SLR-RFF-BRICK 39cedc0 | Ladrillo L27 (v1.2) | draws parameters_subsample_brick_mengel_L27.csv, 500/chain | paleo assignment :single (seed 20260920) | land-water anchor :zero_at_first_year | lws observed | climate MAGICC-SLR 600 members, vv_pulse_wide_20261009 | forcing spliced | tap true | pair seed 2026 | record conditioning: common draw set with the FaIR arm, dropped 2 of 2000 | pulse 0.01 GtCH4 at 2030 | cm rel 1995-2014 | julia 1.12.6"
2028,te,0.0,0.0,0.0,0.0,0.0,"scope_slr_pulse_vv.jl | SLR-RFF-BRICK 39cedc0 | Ladrillo L27 (v1.2) | draws parameters_subsample_brick_mengel_L27.csv, 500/chain | paleo assignment :single (seed 20260920) | land-water anchor :zero_at_first_year | lws observed | climate MAGICC-SLR 600 members, vv_pulse_wide_20261009 | forcing spliced | tap true | pair seed 2026 | record conditioning: common draw set with the FaIR arm, dropped 2 of 2000 | pulse 0.01 GtCH4 at 2030 | cm rel 1995-2014 | julia 1.12.6"
2029,te,0.0,0.0,0.0,0.0,0.0,"scope_slr_pulse_vv.jl | SLR-RFF-BRICK 39cedc0 | Ladrillo L27 (v1.2) | draws parameters_subsample_brick_mengel_L27.csv, 500/chain | paleo assignment :single (seed 20260920) | land-water anchor :zero_at_first_year | lws observed | climate MAGICC-SLR 600 members, vv_pulse_wide_20261009 | forcing spliced | tap true | pair seed 2026 | record conditioning: common draw set with the FaIR arm, dropped 2 of 2000 | pulse 0.01 GtCH4 at 2030 | cm rel 1995-2014 | julia 1.12.6"
2030,te,0.0,0.0,0.0,0.0,0.0,"scope_slr_pulse_vv.jl | SLR-RFF-BRICK 39cedc0 | Ladrillo L27 (v1.2) | draws parameters_subsample_brick_mengel_L27.csv, 500/chain | paleo assignment :single (seed 20260920) | land-water anchor :zero_at_first_year | lws observed | climate MAGICC-SLR 600 members, vv_pulse_wide_20261009 | forcing spliced | tap true | pair seed 2026 | record conditioning: common draw set with the FaIR arm, dropped 2 of 2000 | pulse 0.01 GtCH4 at 2030 | cm rel 1995-2014 | julia 1.12.6"
2031,te,0.00015331641412341668,0.00015436756313444864,5.244285040119207e-7,0.00011763189734390612,0.0001961388469013947,"scope_slr_pulse_vv.jl | SLR-RFF-BRICK 39cedc0 | Ladrillo L27 (v1.2) | draws parameters_subsample_brick_mengel_L27.csv, 500/chain | paleo assignment :single (seed 20260920) | land-water anchor :zero_at_first_year | lws observed | climate MAGICC-SLR 600 members, vv_pulse_wide_20261009 | forcing spliced | tap true | pair seed 2026 | record conditioning: common draw set with the FaIR arm, dropped 2 of 2000 | pulse 0.01 GtCH4 at 2030 | cm rel 1995-2014 | julia 1.12.6"
2032,te,0.00037970646555018917,0.00038324431871395847,1.3465304658820857e-6,0.0002890791191780817,0.0004900303069435895,"scope_slr_pulse_vv.jl | SLR-RFF-BRICK 39cedc0 | Ladrillo L27 (v1.2) | draws parameters_subsample_brick_mengel_L27.csv, 500/chain | paleo assignment :single (seed 20260920) | land-water anchor :zero_at_first_year | lws observed | climate MAGICC-SLR 600 members, vv_pulse_wide_20261009 | forcing spliced | tap true | pair seed 2026 | record conditioning: common draw set with the FaIR arm, dropped 2 of 2000 | pulse 0.01 GtCH4 at 2030 | cm rel 1995-2014 | julia 1.12.6"
2033,te,0.0005483868410842696,0.0005555917243441654,2.0554967855880905e-6,0.00041544074890822454,0.0007169971729215518,"scope_slr_pulse_vv.jl | SLR-RFF-BRICK 39cedc0 | Ladrillo L27 (v1.2) | draws parameters_subsample_brick_mengel_L27.csv, 500/chain | paleo assignment :single (seed 20260920) | land-water anchor :zero_at_first_year | lws observed | climate MAGICC-SLR 600 members, vv_pulse_wide_20261009 | forcing spliced | tap true | pair seed 2026 | record conditioning: common draw set with the FaIR arm, dropped 2 of 2000 | pulse 0.01 GtCH4 at 2030 | cm rel 1995-2014 | julia 1.12.6"
2034,te,0.0006845075355772501,0.0006919054808169229,2.705374554945008e-6,0.0005061029248811799,0.0009041406036809363,"scope_slr_pulse_vv.jl | SLR-RFF-BRICK 39cedc0 | Ladrillo L27 (v1.2) | draws parameters_subsample_brick_mengel_L27.csv, 500/chain | paleo assignment :single (seed 20260920) | land-water anchor :zero_at_first_year | lws observed | climate MAGICC-SLR 600 members, vv_pulse_wide_20261009 | forcing spliced | tap true | pair seed 2026 | record conditioning: common draw set with the FaIR arm, dropped 2 of 2000 | pulse 0.01 GtCH4 at 2030 | cm rel 1995-2014 | julia 1.12.6"
2035,te,0.0007915113022991527,0.0008016329997126354,3.3077957998810206e-6,0.0005797144683146183,0.0010634107571838134,"scope_slr_pulse_vv.jl | SLR-RFF-BRICK 39cedc0 | Ladrillo L27 (v1.2) | draws parameters_subsample_brick_mengel_L27.csv, 500/chain | paleo assignment :single (seed 20260920) | land-water anchor :zero_at_first_year | lws observed | climate MAGICC-SLR 600 members, vv_pulse_wide_20261009 | forcing spliced | tap true | pair seed 2026 | record conditioning: common draw set with the FaIR arm, dropped 2 of 2000 | pulse 0.01 GtCH4 at 2030 | cm rel 1995-2014 | julia 1.12.6"
2036,te,0.0008816998905847306,0.0008914228047415812,3.859419777604064e-6,0.0006366098899765137,0.001194321599911907,"scope_slr_pulse_vv.jl | SLR-RFF-BRICK 39cedc0 | Ladrillo L27 (v1.2) | draws parameters_subsample_brick_mengel_L27.csv, 500/chain | paleo assignment :single (seed 20260920) | land-water anchor :zero_at_first_year | lws observed | climate MAGICC-SLR 600 members, vv_pulse_wide_20261009 | forcing spliced | tap true | pair seed 2026 | record conditioning: common draw set with the FaIR arm, dropped 2 of 2000 | pulse 0.01 GtCH4 at 2030 | cm rel 1995-2014 | julia 1.12.6"
2037,te,0.0009559922658595177,0.0009663020487848169,4.364044987499535e-6,0.0006764492021402724,0.0013063031208266017,"scope_slr_pulse_vv.jl | SLR-RFF-BRICK 39cedc0 | Ladrillo L27 (v1.2) | draws parameters_subsample_brick_mengel_L27.csv, 500/chain | paleo assignment :single (seed 20260920) | land-water anchor :zero_at_first_year | lws observed | climate MAGICC-SLR 600 members, vv_pulse_wide_20261009 | forcing spliced | tap true | pair seed 2026 | record conditioning: common draw set with the FaIR arm, dropped 2 of 2000 | pulse 0.01 GtCH4 at 2030 | cm rel 1995-2014 | julia 1.12.6"
2038,te,0.0010171038197746007,0.0010293741615544953,4.821894402927532e-6,0.0007050175873928755,0.001401674751285009,"scope_slr_pulse_vv.jl | SLR-RFF-BRICK 39cedc0 | Ladrillo L27 (v1.2) | draws parameters_subsample_brick_mengel_L27.csv, 500/chain | paleo assignment :single (seed 20260920) | land-water anchor :zero_at_first_year | lws observed | climate MAGICC-SLR 600 members, vv_pulse_wide_20261009 | forcing spliced | tap true | pair seed 2026 | record conditioning: common draw set with the FaIR arm, dropped 2 of 2000 | pulse 0.01 GtCH4 at 2030 | cm rel 1995-2014 | julia 1.12.6"
2039,te,0.0010677100610640977,0.0010826349670912663,5.234785212032521e-6,0.0007252266594828693,0.001483038042394913,"scope_slr_pulse_vv.jl | SLR-RFF-BRICK 39cedc0 | Ladrillo L27 (v1.2) | draws parameters_subsample_brick_mengel_L27.csv, 500/chain | paleo assignment :single (seed 20260920) | land-water anchor :zero_at_first_year | lws observed | climate MAGICC-SLR 600 members, vv_pulse_wide_20261009 | forcing spliced | tap true | pair seed 2026 | record conditioning: common draw set with the FaIR arm, dropped 2 of 2000 | pulse 0.01 GtCH4 at 2030 | cm rel 1995-2014 | julia 1.12.6"
2040,te,0.001111200303292037,0.0011275543288672234,5.606873955171399e-6,0.0007405457344971556,0.0015564307916537067,"scope_slr_pulse_vv.jl | SLR-RFF-BRICK 39cedc0 | Ladrillo L27 (v1.2) | draws parameters_subsample_brick_mengel_L27.csv, 500/chain | paleo assignment :single (seed 20260920) | land-water anchor :zero_at_first_year | lws observed | climate MAGICC-SLR 600 members, vv_pulse_wide_20261009 | forcing spliced | tap true | pair seed 2026 | record conditioning: common draw set with the FaIR arm, dropped 2 of 2000 | pulse 0.01 GtCH4 at 2030 | cm rel 1995-2014 | julia 1.12.6"
2041,te,0.0011477086256141966,0.001165372550313137,5.940210164856691e-6,0.0007580128392496554,0.0016185502137218144,"scope_slr_pulse_vv.jl | SLR-RFF-BRICK 39cedc0 | Ladrillo L27 (v1.2) | draws parameters_subsample_brick_mengel_L27.csv, 500/chain | paleo assignment :single (seed 20260920) | land-water anchor :zero_at_first_year | lws observed | climate MAGICC-SLR 600 members, vv_pulse_wide_20261009 | forcing spliced | tap true | pair seed 2026 | record conditioning: common draw set with the FaIR arm, dropped 2 of 2000 | pulse 0.01 GtCH4 at 2030 | cm rel 1995-2014 | julia 1.12.6"
2042,te,0.0011779019617823572,0.0011971193204692225,6.2384663781030546e-6,0.0007691329559189608,0.0016675453058465621,"scope_slr_pulse_vv.jl | SLR-RFF-BRICK 39cedc0 | Ladrillo L27 (v1.2) | draws parameters_subsample_brick_mengel_L27.csv, 500/chain | paleo assignment :single (seed 20260920) | land-water anchor :zero_at_first_year | lws observed | climate MAGICC-SLR 600 members, vv_pulse_wide_20261009 | forcing spliced | tap true | pair seed 2026 | record conditioning: common draw set with the FaIR arm, dropped 2 of 2000 | pulse 0.01 GtCH4 at 2030 | cm rel 1995-2014 | julia 1.12.6"
2043,te,0.0012032558904730983,0.0012236313732991075,6.50630629568917e-6,0.0007803523289047654,0.0017144938823459022,"scope_slr_pulse_vv.jl | SLR-RFF-BRICK 39cedc0 | Ladrillo L27 (v1.2) | draws parameters_subsample_brick_mengel_L27.csv, 500/chain | paleo assignment :single (seed 20260920) | land-water anchor :zero_at_first_year | lws observed | climate MAGICC-SLR 600 members, vv_pulse_wide_20261009 | forcing spliced | tap true | pair seed 2026 | record conditioning: common draw set with the FaIR arm, dropped 2 of 2000 | pulse 0.01 GtCH4 at 2030 | cm rel 1995-2014 | julia 1.12.6"
2044,te,0.0012260045704675093,0.0012456038505670884,6.7472754945355645e-6,0.0007906381025469145,0.001757056852259886,"scope_slr_pulse_vv.jl | SLR-RFF-BRICK 39cedc0 | Ladrillo L27 (v1.2) | draws parameters_subsample_brick_mengel_L27.csv, 500/chain | paleo assignment :single (seed 20260920) | land-water anchor :zero_at_first_year | lws observed | climate MAGICC-SLR 600 members, vv_pulse_wide_20261009 | forcing spliced | tap true | pair seed 2026 | record conditioning: common draw set with the FaIR arm, dropped 2 of 2000 | pulse 0.01 GtCH4 at 2030 | cm rel 1995-2014 | julia 1.12.6"
2045,te,0.0012448660467971884,0.0012636828253373283,6.963582313318949e-6,0.0007947584360611604,0.0017914660408750115,"scope_slr_pulse_vv.jl | SLR-RFF-BRICK 39cedc0 | Ladrillo L27 (v1.2) | draws parameters_subsample_brick_mengel_L27.csv, 500/chain | paleo assignment :single (seed 20260920) | land-water anchor :zero_at_first_year | lws observed | climate MAGICC-SLR 600 members, vv_pulse_wide_20261009 | forcing spliced | tap true | pair seed 2026 | record conditioning: common draw set with the FaIR arm, dropped 2 of 2000 | pulse 0.01 GtCH4 at 2030 | cm rel 1995-2014 | julia 1.12.6"
2046,te,0.0012581871061740912,0.0012783718999108665,7.1584840219703395e-6,0.0007994309091135854,0.0018233160492003185,"scope_slr_pulse_vv.jl | SLR-RFF-BRICK 39cedc0 | Ladrillo L27 (v1.2) | draws parameters_subsample_brick_mengel_L27.csv, 500/chain | paleo assignment :single (seed 20260920) | land-water anchor :zero_at_first_year | lws observed | climate MAGICC-SLR 600 members, vv_pulse_wide_20261009 | forcing spliced | tap true | pair seed 2026 | record conditioning: common draw set with the FaIR arm, dropped 2 of 2000 | pulse 0.01 GtCH4 at 2030 | cm rel 1995-2014 | julia 1.12.6"
2047,te,0.0012682707802924575,0.0012900784256676596,7.334822372089924e-6,0.0007981119717133555,0.0018487779016465918,"scope_slr_pulse_vv.jl | SLR-RFF-BRICK 39cedc0 | Ladrillo L27 (v1.2) | draws parameters_subsample_brick_mengel_L27.csv, 500/chain | paleo assignment :single (seed 20260920) | land-water anchor :zero_at_first_year | lws observed | climate MAGICC-SLR 600 members, vv_pulse_wide_20261009 | forcing spliced | tap true | pair seed 2026 | record conditioning: common draw set with the FaIR arm, dropped 2 of 2000 | pulse 0.01 GtCH4 at 2030 | cm rel 1995-2014 | julia 1.12.6"
2048,te,0.0012766159659456378,0.0012992018565412763,7.494342818670891e-6,0.0007912309932475825,0.0018653796879248394,"scope_slr_pulse_vv.jl | SLR-RFF-BRICK 39cedc0 | Ladrillo L27 (v1.2) | draws parameters_subsample_brick_mengel_L27.csv, 500/chain | paleo assignment :single (seed 20260920) | land-water anchor :zero_at_first_year | lws observed | climate MAGICC-SLR 600 members, vv_pulse_wide_20261009 | forcing spliced | tap true | pair seed 2026 | record conditioning: common draw set with the FaIR arm, dropped 2 of 2000 | pulse 0.01 GtCH4 at 2030 | cm rel 1995-2014 | julia 1.12.6"
2049,te,0.0012803107506442757,0.0013060627932726019,7.638888243528599e-6,0.0007892282603257694,0.0018817224840860902,"scope_slr_pulse_vv.jl | SLR-RFF-BRICK 39cedc0 | Ladrillo L27 (v1.2) | draws parameters_subsample_brick_mengel_L27.csv, 500/chain | paleo assignment :single (seed 20260920) | land-water anchor :zero_at_first_year | lws observed | climate MAGICC-SLR 600 members, vv_pulse_wide_20261009 | forcing spliced | tap true | pair seed 2026 | record conditioning: common draw set with the FaIR arm, dropped 2 of 2000 | pulse 0.01 GtCH4 at 2030 | cm rel 1995-2014 | julia 1.12.6"
2050,te,0.0012853215951720287,0.0013109774856161795,7.768380337172077e-6,0.0007825068312521833,0.0019022865451193028,"scope_slr_pulse_vv.jl | SLR-RFF-BRICK 39cedc0 | Ladrillo L27 (v1.2) | draws parameters_subsample_brick_mengel_L27.csv, 500/chain | paleo assignment :single (seed 20260920) | land-water anchor :zero_at_first_year | lws observed | climate MAGICC-SLR 600 members, vv_pulse_wide_20261009 | forcing spliced | tap true | pair seed 2026 | record conditioning: common draw set with the FaIR arm, dropped 2 of 2000 | pulse 0.01 GtCH4 at 2030 | cm rel 1995-2014 | julia 1.12.6"
2051,te,0.001285962460956469,0.0013141815897392902,7.885382609840027e-6,0.0007773812032451755,0.0019176284997053372,"scope_slr_pulse_vv.jl | SLR-RFF-BRICK 39cedc0 | Ladrillo L27 (v1.2) | draws parameters_subsample_brick_mengel_L27.csv, 500/chain | paleo assignment :single (seed 20260920) | land-water anchor :zero_at_first_year | lws observed | climate MAGICC-SLR 600 members, vv_pulse_wide_20261009 | forcing spliced | tap true | pair seed 2026 | record conditioning: common draw set with the FaIR arm, dropped 2 of 2000 | pulse 0.01 GtCH4 at 2030 | cm rel 1995-2014 | julia 1.12.6"
2052,te,0.0012862558421629089,0.0013158867486478707,7.991839257493964e-6,0.0007754673060519578,0.0019293507961416262,"scope_slr_pulse_vv.jl | SLR-RFF-BRICK 39cedc0 | Ladrillo L27 (v1.2) | draws parameters_subsample_brick_mengel_L27.csv, 500/chain | paleo assignment :single (seed 20260920) | land-water anchor :zero_at_first_year | lws observed | climate MAGICC-SLR 600 members, vv_pulse_wide_20261009 | forcing spliced | tap true | pair seed 2026 | record conditioning: common draw set with the FaIR arm, dropped 2 of 2000 | pulse 0.01 GtCH4 at 2030 | cm rel 1995-2014 | julia 1.12.6"
2053,te,0.0012865332881641933,0.0013162781305689083,8.088505810886386e-6,0.0007732832990678062,0.0019394754007987733,"scope_slr_pulse_vv.jl | SLR-RFF-BRICK 39cedc0 | Ladrillo L27 (v1.2) | draws parameters_subsample_brick_mengel_L27.csv, 500/chain | paleo assignment :single (seed 20260920) | land-water anchor :zero_at_first_year | lws observed | climate MAGICC-SLR 600 members, vv_pulse_wide_20261009 | forcing spliced | tap true | pair seed 2026 | record conditioning: common draw set with the FaIR arm, dropped 2 of 2000 | pulse 0.01 GtCH4 at 2030 | cm rel 1995-2014 | julia 1.12.6"
2054,te,0.001285351800811796,0.0013155157893540877,8.176253596773722e-6,0.0007710200667851996,0.0019509052211594373,"scope_slr_pulse_vv.jl | SLR-RFF-BRICK 39cedc0 | Ladrillo L27 (v1.2) | draws parameters_subsample_brick_mengel_L27.csv, 500/chain | paleo assignment :single (seed 20260920) | land-water anchor :zero_at_first_year | lws observed | climate MAGICC-SLR 600 members, vv_pulse_wide_20261009 | forcing spliced | tap true | pair seed 2026 | record conditioning: common draw set with the FaIR arm, dropped 2 of 2000 | pulse 0.01 GtCH4 at 2030 | cm rel 1995-2014 | julia 1.12.6"
2055,te,0.0012826997100008342,0.001313758266666304,8.255789132753163e-6,0.0007668161270268037,0.0019618068478581383,"scope_slr_pulse_vv.jl | SLR-RFF-BRICK 39cedc0 | Ladrillo L27 (v1.2) | draws parameters_subsample_brick_mengel_L27.csv, 500/chain | paleo assignment :single (seed 20260920) | land-water anchor :zero_at_first_year | lws observed | climate MAGICC-SLR 600 members, vv_pulse_wide_20261009 | forcing spliced | tap true | pair seed 2026 | record conditioning: common draw set with the FaIR arm, dropped 2 of 2000 | pulse 0.01 GtCH4 at 2030 | cm rel 1995-2014 | julia 1.12.6"
2056,te,0.0012798341701030225,0.0013111386923156459,8.327948946333445e-6,0.0007610521597607889,0.0019571634697218327,"scope_slr_pulse_vv.jl | SLR-RFF-BRICK 39cedc0 | Ladrillo L27 (v1.2) | draws parameters_subsample_brick_mengel_L27.csv, 500/chain | paleo assignment :single (seed 20260920) | land-water anchor :zero_at_first_year | lws observed | climate MAGICC-SLR 600 members, vv_pulse_wide_20261009 | forcing spliced | tap true | pair seed 2026 | record conditioning: common draw set with the FaIR arm, dropped 2 of 2000 | pulse 0.01 GtCH4 at 2030 | cm rel 1995-2014 | julia 1.12.6"
2057,te,0.0012789650362998728,0.0013077650123630331,8.393407025838832e-6,0.0007576573360177807,0.0019643515922443734,"scope_slr_pulse_vv.jl | SLR-RFF-BRICK 39cedc0 | Ladrillo L27 (v1.2) | draws parameters_subsample_brick_mengel_L27.csv, 500/chain | paleo assignment :single (seed 20260920) | land-water anchor :zero_at_first_year | lws observed | climate MAGICC-SLR 600 members, vv_pulse_wide_20261009 | forcing spliced | tap true | pair seed 2026 | record conditioning: common draw set with the FaIR arm, dropped 2 of 2000 | pulse 0.01 GtCH4 at 2030 | cm rel 1995-2014 | julia 1.12.6"
2058,te,0.0012726865747847427,0.0013037438317517077,8.452484889335711e-6,0.0007534082805106036,0.0019636368635912215,"scope_slr_pulse_vv.jl | SLR-RFF-BRICK 39cedc0 | Ladrillo L27 (v1.2) | draws parameters_subsample_brick_mengel_L27.csv, 500/chain | paleo assignment :single (seed 20260920) | land-water anchor :zero_at_first_year | lws observed | climate MAGICC-SLR 600 members, vv_pulse_wide_20261009 | forcing spliced | tap true | pair seed 2026 | record conditioning: common draw set with the FaIR arm, dropped 2 of 2000 | pulse 0.01 GtCH4 at 2030 | cm rel 1995-2014 | julia 1.12.6"
2059,te,0.0012663978558808964,0.0012991617999162438,8.505942606386998e-6,0.0007445739916947859,0.0019733724672318146,"scope_slr_pulse_vv.jl | SLR-RFF-BRICK 39cedc0 | Ladrillo L27 (v1.2) | draws parameters_subsample_brick_mengel_L27.csv, 500/chain | paleo assignment :single (seed 20260920) | land-water anchor :zero_at_first_year | lws observed | climate MAGICC-SLR 600 members, vv_pulse_wide_20261009 | forcing spliced | tap true | pair seed 2026 | record conditioning: common draw set with the FaIR arm, dropped 2 of 2000 | pulse 0.01 GtCH4 at 2030 | cm rel 1995-2014 | julia 1.12.6"
2060,te,0.0012595358296358938,0.001294090452928025,8.554513111476632e-6,0.0007416649688875676,0.0019714950207015748,"scope_slr_pulse_vv.jl | SLR-RFF-BRICK 39cedc0 | Ladrillo L27 (v1.2) | draws parameters_subsample_brick_mengel_L27.csv, 500/chain | paleo assignment :single (seed 20260920) | land-water anchor :zero_at_first_year | lws observed | climate MAGICC-SLR 600 members, vv_pulse_wide_20261009 | forcing spliced | tap true | pair seed 2026 | record conditioning: common draw set with the FaIR arm, dropped 2 of 2000 | pulse 0.01 GtCH4 at 2030 | cm rel 1995-2014 | julia 1.12.6"
2061,te,0.0012537461167729802,0.0012885811866622065,8.598975574169633e-6,0.0007344936641700884,0.0019680525012784494,"scope_slr_pulse_vv.jl | SLR-RFF-BRICK 39cedc0 | Ladrillo L27 (v1.2) | draws parameters_subsample_brick_mengel_L27.csv, 500/chain | paleo assignment :single (seed 20260920) | land-water anchor :zero_at_first_year | lws observed | climate MAGICC-SLR 600 members, vv_pulse_wide_20261009 | forcing spliced | tap true | pair seed 2026 | record conditioning: common draw set with the FaIR arm, dropped 2 of 2000 | pulse 0.01 GtCH4 at 2030 | cm rel 1995-2014 | julia 1.12.6"
2062,te,0.0012475164569325514,0.001283051892328551,8.63548350595881e-6,0.0007299201928424815,0.00197216672157543,"scope_slr_pulse_vv.jl | SLR-RFF-BRICK 39cedc0 | Ladrillo L27 (v1.2) | draws parameters_subsample_brick_mengel_L27.csv, 500/chain | paleo assignment :single (seed 20260920) | land-water anchor :zero_at_first_year | lws observed | climate MAGICC-SLR 600 members, vv_pulse_wide_20261009 | forcing spliced | tap true | pair seed 2026 | record conditioning: common draw set with the FaIR arm, dropped 2 of 2000 | pulse 0.01 GtCH4 at 2030 | cm rel 1995-2014 | julia 1.12.6"
2063,te,0.00124294867222563,0.0012770871258903117,8.671656779393716e-6,0.0007226911034838857,0.001966602969886465,"scope_slr_pulse_vv.jl | SLR-RFF-BRICK 39cedc0 | Ladrillo L27 (v1.2) | draws parameters_subsample_brick_mengel_L27.csv, 500/chain | paleo assignment :single (seed 20260920) | land-water anchor :zero_at_first_year | lws observed | climate MAGICC-SLR 600 members, vv_pulse_wide_20261009 | forcing spliced | tap true | pair seed 2026 | record conditioning: common draw set with the FaIR arm, dropped 2 of 2000 | pulse 0.01 GtCH4 at 2030 | cm rel 1995-2014 | julia 1.12.6"
2064,te,0.0012364707066536695,0.0012706273332987873,8.704919469078973e-6,0.0007139985527609305,0.001964717373861546,"scope_slr_pulse_vv.jl | SLR-RFF-BRICK 39cedc0 | Ladrillo L27 (v1.2) | draws parameters_subsample_brick_mengel_L27.csv, 500/chain | paleo assignment :single (seed 20260920) | land-water anchor :zero_at_first_year | lws observed | climate MAGICC-SLR 600 members, vv_pulse_wide_20261009 | forcing spliced | tap true | pair seed 2026 | record conditioning: common draw set with the FaIR arm, dropped 2 of 2000 | pulse 0.01 GtCH4 at 2030 | cm rel 1995-2014 | julia 1.12.6"
2065,te,0.0012286216346915069,0.0012640064495729295,8.735329408018705e-6,0.0007065943353921523,0.0019638864139841948,"scope_slr_pulse_vv.jl | SLR-RFF-BRICK 39cedc0 | Ladrillo L27 (v1.2) | draws parameters_subsample_brick_mengel_L27.csv, 500/chain | paleo assignment :single (seed 20260920) | land-water anchor :zero_at_first_year | lws observed | climate MAGICC-SLR 600 members, vv_pulse_wide_20261009 | forcing spliced | tap true | pair seed 2026 | record conditioning: common draw set with the FaIR arm, dropped 2 of 2000 | pulse 0.01 GtCH4 at 2030 | cm rel 1995-2014 | julia 1.12.6"
2066,te,0.001222455901538133,0.0012572582735946932,8.76310037176352e-6,0.0007026192604373094,0.0019580046976972014,"scope_slr_pulse_vv.jl | SLR-RFF-BRICK 39cedc0 | Ladrillo L27 (v1.2) | draws parameters_subsample_brick_mengel_L27.csv, 500/chain | paleo assignment :single (seed 20260920) | land-water anchor :zero_at_first_year | lws observed | climate MAGICC-SLR 600 members, vv_pulse_wide_20261009 | forcing spliced | tap true | pair seed 2026 | record conditioning: common draw set with the FaIR arm, dropped 2 of 2000 | pulse 0.01 GtCH4 at 2030 | cm rel 1995-2014 | julia 1.12.6"
2067,te,0.001213387843423952,0.001250406480735727,8.788508772881571e-6,0.0006960293755657876,0.0019517142037088315,"scope_slr_pulse_vv.jl | SLR-RFF-BRICK 39cedc0 | Ladrillo L27 (v1.2) | draws parameters_subsample_brick_mengel_L27.csv, 500/chain | paleo assignment :single (seed 20260920) | land-water anchor :zero_at_first_year | lws observed | climate MAGICC-SLR 600 members, vv_pulse_wide_20261009 | forcing spliced | tap true | pair seed 2026 | record conditioning: common draw set with the FaIR arm, dropped 2 of 2000 | pulse 0.01 GtCH4 at 2030 | cm rel 1995-2014 | julia 1.12.6"
2068,te,0.0012063794581589349,0.0012434726163922751,8.811816900465788e-6,0.000688662550525887,0.001943930311709785,"scope_slr_pulse_vv.jl | SLR-RFF-BRICK 39cedc0 | Ladrillo L27 (v1.2) | draws parameters_subsample_brick_mengel_L27.csv, 500/chain | paleo assignment :single (seed 20260920) | land-water anchor :zero_at_first_year | lws observed | climate MAGICC-SLR 600 members, vv_pulse_wide_20261009 | forcing spliced | tap true | pair seed 2026 | record conditioning: common draw set with the FaIR arm, dropped 2 of 2000 | pulse 0.01 GtCH4 at 2030 | cm rel 1995-2014 | julia 1.12.6"
2069,te,0.0011971229641245529,0.0012364767647754273,8.833236229963727e-6,0.0006823510481692718,0.001938700545705796,"scope_slr_pulse_vv.jl | SLR-RFF-BRICK 39cedc0 | Ladrillo L27 (v1.2) | draws parameters_subsample_brick_mengel_L27.csv, 500/chain | paleo assignment :single (seed 20260920) | land-water anchor :zero_at_first_year | lws observed | climate MAGICC-SLR 600 members, vv_pulse_wide_20261009 | forcing spliced | tap true | pair seed 2026 | record conditioning: common draw set with the FaIR arm, dropped 2 of 2000 | pulse 0.01 GtCH4 at 2030 | cm rel 1995-2014 | julia 1.12.6"
2070,te,0.0011900507168647323,0.0012294394073282683,8.852911724332503e-6,0.0006753240605233302,0.0019373228968923683,"scope_slr_pulse_vv.jl | SLR-RFF-BRICK 39cedc0 | Ladrillo L27 (v1.2) | draws parameters_subsample_brick_mengel_L27.csv, 500/chain | paleo assignment :single (seed 20260920) | land-water anchor :zero_at_first_year | lws observed | climate MAGICC-SLR 600 members, vv_pulse_wide_20261009 | forcing spliced | tap true | pair seed 2026 | record conditioning: common draw set with the FaIR arm, dropped 2 of 2000 | pulse 0.01 GtCH4 at 2030 | cm rel 1995-2014 | julia 1.12.6"
2071,te,0.0011832624711454187,0.0012223806107647273,8.870949984567182e-6,0.0006659785561148102,0.0019367926795019303,"scope_slr_pulse_vv.jl | SLR-RFF-BRICK 39cedc0 | Ladrillo L27 (v1.2) | draws parameters_subsample_brick_mengel_L27.csv, 500/chain | paleo assignment :single (seed 20260920) | land-water anchor :zero_at_first_year | lws observed | climate MAGICC-SLR 600 members, vv_pulse_wide_20261009 | forcing spliced | tap true | pair seed 2026 | record conditioning: common draw set with the FaIR arm, dropped 2 of 2000 | pulse 0.01 GtCH4 at 2030 | cm rel 1995-2014 | julia 1.12.6"
2072,te,0.0011755260504227039,0.001215323002119383,8.887461163378965e-6,0.0006584559565320447,0.0019315011916599006,"scope_slr_pulse_vv.jl | SLR-RFF-BRICK 39cedc0 | Ladrillo L27 (v1.2) | draws parameters_subsample_brick_mengel_L27.csv, 500/chain | paleo assignment :single (seed 20260920) | land-water anchor :zero_at_first_year | lws observed | climate MAGICC-SLR 600 members, vv_pulse_wide_20261009 | forcing spliced | tap true | pair seed 2026 | record conditioning: common draw set with the FaIR arm, dropped 2 of 2000 | pulse 0.01 GtCH4 at 2030 | cm rel 1995-2014 | julia 1.12.6"
2073,te,0.0011659377177855035,0.0012082920453447652,8.90231891135723e-6,0.0006519969389115588,0.001922499972649216,"scope_slr_pulse_vv.jl | SLR-RFF-BRICK 39cedc0 | Ladrillo L27 (v1.2) | draws parameters_subsample_brick_mengel_L27.csv, 500/chain | paleo assignment :single (seed 20260920) | land-water anchor :zero_at_first_year | lws observed | climate MAGICC-SLR 600 members, vv_pulse_wide_20261009 | forcing spliced | tap true | pair seed 2026 | record conditioning: common draw set with the FaIR arm, dropped 2 of 2000 | pulse 0.01 GtCH4 at 2030 | cm rel 1995-2014 | julia 1.12.6"
2074,te,0.0011610185490420477,0.0012012969050511056,8.915637811213187e-6,0.0006447767152796934,0.001909688573748889,"scope_slr_pulse_vv.jl | SLR-RFF-BRICK 39cedc0 | Ladrillo L27 (v1.2) | draws parameters_subsample_brick_mengel_L27.csv, 500/chain | paleo assignment :single (seed 20260920) | land-water anchor :zero_at_first_year | lws observed | climate MAGICC-SLR 600 members, vv_pulse_wide_20261009 | forcing spliced | tap true | pair seed 2026 | record conditioning: common draw set with the FaIR arm, dropped 2 of 2000 | pulse 0.01 GtCH4 at 2030 | cm rel 1995-2014 | julia 1.12.6"
2075,te,0.001152798658292653,0.0011943501830181545,8.927640611771481e-6,0.0006383820343446978,0.0019040684589421981,"scope_slr_pulse_vv.jl | SLR-RFF-BRICK 39cedc0 | Ladrillo L27 (v1.2) | draws parameters_subsample_brick_mengel_L27.csv, 500/chain | paleo assignment :single (seed 20260920) | land-water anchor :zero_at_first_year | lws observed | climate MAGICC-SLR 600 members, vv_pulse_wide_20261009 | forcing spliced | tap true | pair seed 2026 | record conditioning: common draw set with the FaIR arm, dropped 2 of 2000 | pulse 0.01 GtCH4 at 2030 | cm rel 1995-2014 | julia 1.12.6"
2076,te,0.0011472217401058415,0.0011874693689304897,8.938226688803113e-6,0.0006307672168927248,0.001898308314681074,"scope_slr_pulse_vv.jl | SLR-RFF-BRICK 39cedc0 | Ladrillo L27 (v1.2) | draws parameters_subsample_brick_mengel_L27.csv, 500/chain | paleo assignment :single (seed 20260920) | land-water anchor :zero_at_first_year | lws observed | climate MAGICC-SLR 600 members, vv_pulse_wide_20261009 | forcing spliced | tap true | pair seed 2026 | record conditioning: common draw set with the FaIR arm, dropped 2 of 2000 | pulse 0.01 GtCH4 at 2030 | cm rel 1995-2014 | julia 1.12.6"
2077,te,0.0011391724197222786,0.001180666527068412,8.947470761202546e-6,0.0006209515984154202,0.0018946136286356109,"scope_slr_pulse_vv.jl | SLR-RFF-BRICK 39cedc0 | Ladrillo L27 (v1.2) | draws parameters_subsample_brick_mengel_L27.csv, 500/chain | paleo assignment :single (seed 20260920) | land-water anchor :zero_at_first_year | lws observed | climate MAGICC-SLR 600 members, vv_pulse_wide_20261009 | forcing spliced | tap true | pair seed 2026 | record conditioning: common draw set with the FaIR arm, dropped 2 of 2000 | pulse 0.01 GtCH4 at 2030 | cm rel 1995-2014 | julia 1.12.6"
2078,te,0.0011317243101922614,0.0011739504916266593,8.955652247568294e-6,0.0006153118248867883,0.0018906610690823554,"scope_slr_pulse_vv.jl | SLR-RFF-BRICK 39cedc0 | Ladrillo L27 (v1.2) | draws parameters_subsample_brick_mengel_L27.csv, 500/chain | paleo assignment :single (seed 20260920) | land-water anchor :zero_at_first_year | lws observed | climate MAGICC-SLR 600 members, vv_pulse_wide_20261009 | forcing spliced | tap true | pair seed 2026 | record conditioning: common draw set with the FaIR arm, dropped 2 of 2000 | pulse 0.01 GtCH4 at 2030 | cm rel 1995-2014 | julia 1.12.6"
2079,te,0.0011242528237014326,0.0011673286992877302,8.962919432657793e-6,0.0006091724512376828,0.0018836695065260751,"scope_slr_pulse_vv.jl | SLR-RFF-BRICK 39cedc0 | Ladrillo L27 (v1.2) | draws parameters_subsample_brick_mengel_L27.csv, 500/chain | paleo assignment :single (seed 20260920) | land-water anchor :zero_at_first_year | lws observed | climate MAGICC-SLR 600 members, vv_pulse_wide_20261009 | forcing spliced | tap true | pair seed 2026 | record conditioning: common draw set with the FaIR arm, dropped 2 of 2000 | pulse 0.01 GtCH4 at 2030 | cm rel 1995-2014 | julia 1.12.6"
2080,te,0.0011186016254098874,0.001160803749714272,8.969417660249296e-6,0.0006025833722403284,0.0018792580267014357,"scope_slr_pulse_vv.jl | SLR-RFF-BRICK 39cedc0 | Ladrillo L27 (v1.2) | draws parameters_subsample_brick_mengel_L27.csv, 500/chain | paleo assignment :single (seed 20260920) | land-water anchor :zero_at_first_year | lws observed | climate MAGICC-SLR 600 members, vv_pulse_wide_20261009 | forcing spliced | tap true | pair seed 2026 | record conditioning: common draw set with the FaIR arm, dropped 2 of 2000 | pulse 0.01 GtCH4 at 2030 | cm rel 1995-2014 | julia 1.12.6"
2081,te,0.0011119616329891002,0.001154376254428954,8.975270696759936e-6,0.0005967833453991656,0.0018733668238724017,"scope_slr_pulse_vv.jl | SLR-RFF-BRICK 39cedc0 | Ladrillo L27 (v1.2) | draws parameters_subsample_brick_mengel_L27.csv, 500/chain | paleo assignment :single (seed 20260920) | land-water anchor :zero_at_first_year | lws observed | climate MAGICC-SLR 600 members, vv_pulse_wide_20261009 | forcing spliced | tap true | pair seed 2026 | record conditioning: common draw set with the FaIR arm, dropped 2 of 2000 | pulse 0.01 GtCH4 at 2030 | cm rel 1995-2014 | julia 1.12.6"
2082,te,0.0011043271180843917,0.0011480447219717447,8.980507222165165e-6,0.0005928806906873252,0.001866757530780738,"scope_slr_pulse_vv.jl | SLR-RFF-BRICK 39cedc0 | Ladrillo L27 (v1.2) | draws parameters_subsample_brick_mengel_L27.csv, 500/chain | paleo assignment :single (seed 20260920) | land-water anchor :zero_at_first_year | lws observed | climate MAGICC-SLR 600 members, vv_pulse_wide_20261009 | forcing spliced | tap true | pair seed 2026 | record conditioning: common draw set with the FaIR arm, dropped 2 of 2000 | pulse 0.01 GtCH4 at 2030 | cm rel 1995-2014 | julia 1.12.6"
2083,te,0.001098407154339398,0.001141817217850665,8.98502305109249e-6,0.0005894852214874291,0.0018605059198103285,"scope_slr_pulse_vv.jl | SLR-RFF-BRICK 39cedc0 | Ladrillo L27 (v1.2) | draws parameters_subsample_brick_mengel_L27.csv, 500/chain | paleo assignment :single (seed 20260920) | land-water anchor :zero_at_first_year | lws observed | climate MAGICC-SLR 600 members, vv_pulse_wide_20261009 | forcing spliced | tap true | pair seed 2026 | record conditioning: common draw set with the FaIR arm, dropped 2 of 2000 | pulse 0.01 GtCH4 at 2030 | cm rel 1995-2014 | julia 1.12.6"
2084,te,0.0010891414778742003,0.0011356989087644004,8.988896566868416e-6,0.0005812496361377484,0.0018582749668063058,"scope_slr_pulse_vv.jl | SLR-RFF-BRICK 39cedc0 | Ladrillo L27 (v1.2) | draws parameters_subsample_brick_mengel_L27.csv, 500/chain | paleo assignment :single (seed 20260920) | land-water anchor :zero_at_first_year | lws observed | climate MAGICC-SLR 600 members, vv_pulse_wide_20261009 | forcing spliced | tap true | pair seed 2026 | record conditioning: common draw set with the FaIR arm, dropped 2 of 2000 | pulse 0.01 GtCH4 at 2030 | cm rel 1995-2014 | julia 1.12.6"
2085,te,0.0010832437942767115,0.0011296832256798984,8.992007102797483e-6,0.0005766564653297834,0.0018546942577652103,"scope_slr_pulse_vv.jl | SLR-RFF-BRICK 39cedc0 | Ladrillo L27 (v1.2) | draws parameters_subsample_brick_mengel_L27.csv, 500/chain | paleo assignment :single (seed 20260920) | land-water anchor :zero_at_first_year | lws observed | climate MAGICC-SLR 600 members, vv_pulse_wide_20261009 | forcing spliced | tap true | pair seed 2026 | record conditioning: common draw set with the FaIR arm, dropped 2 of 2000 | pulse 0.01 GtCH4 at 2030 | cm rel 1995-2014 | julia 1.12.6"
2086,te,0.001075777775032094,0.0011237737230550232,8.994527538974343e-6,0.0005719184869620975,0.0018503484514470253,"scope_slr_pulse_vv.jl | SLR-RFF-BRICK 39cedc0 | Ladrillo L27 (v1.2) | draws parameters_subsample_brick_mengel_L27.csv, 500/chain | paleo assignment :single (seed 20260920) | land-water anchor :zero_at_first_year | lws observed | climate MAGICC-SLR 600 members, vv_pulse_wide_20261009 | forcing spliced | tap true | pair seed 2026 | record conditioning: common draw set with the FaIR arm, dropped 2 of 2000 | pulse 0.01 GtCH4 at 2030 | cm rel 1995-2014 | julia 1.12.6"
2087,te,0.0010687438499212831,0.001117975769012025,8.99662626854902e-6,0.0005677718286889899,0.0018467547491413324,"scope_slr_pulse_vv.jl | SLR-RFF-BRICK 39cedc0 | Ladrillo L27 (v1.2) | draws parameters_subsample_brick_mengel_L27.csv, 500/chain | paleo assignment :single (seed 20260920) | land-water anchor :zero_at_first_year | lws observed | climate MAGICC-SLR 600 members, vv_pulse_wide_20261009 | forcing spliced | tap true | pair seed 2026 | record conditioning: common draw set with the FaIR arm, dropped 2 of 2000 | pulse 0.01 GtCH4 at 2030 | cm rel 1995-2014 | julia 1.12.6"
2088,te,0.001061484573728677,0.0011122857824644302,8.99817508389636e-6,0.000564196248210802,0.0018381347396468676,"scope_slr_pulse_vv.jl | SLR-RFF-BRICK 39cedc0 | Ladrillo L27 (v1.2) | draws parameters_subsample_brick_mengel_L27.csv, 500/chain | paleo assignment :single (seed 20260920) | land-water anchor :zero_at_first_year | lws observed | climate MAGICC-SLR 600 members, vv_pulse_wide_20261009 | forcing spliced | tap true | pair seed 2026 | record conditioning: common draw set with the FaIR arm, dropped 2 of 2000 | pulse 0.01 GtCH4 at 2030 | cm rel 1995-2014 | julia 1.12.6"
2089,te,0.001055736718409861,0.0011067121305009826,8.999148234292789e-6,0.0005593409408317208,0.0018371495263664879,"scope_slr_pulse_vv.jl | SLR-RFF-BRICK 39cedc0 | Ladrillo L27 (v1.2) | draws parameters_subsample_brick_mengel_L27.csv, 500/chain | paleo assignment :single (seed 20260920) | land-water anchor :zero_at_first_year | lws observed | climate MAGICC-SLR 600 members, vv_pulse_wide_20261009 | forcing spliced | tap true | pair seed 2026 | record conditioning: common draw set with the FaIR arm, dropped 2 of 2000 | pulse 0.01 GtCH4 at 2030 | cm rel 1995-2014 | julia 1.12.6"
2090,te,0.0010516235062665302,0.001101253788842223,8.999679926373762e-6,0.0005553657235032539,0.001835070001803096,"scope_slr_pulse_vv.jl | SLR-RFF-BRICK 39cedc0 | Ladrillo L27 (v1.2) | draws parameters_subsample_brick_mengel_L27.csv, 500/chain | paleo assignment :single (seed 20260920) | land-water anchor :zero_at_first_year | lws observed | climate MAGICC-SLR 600 members, vv_pulse_wide_20261009 | forcing spliced | tap true | pair seed 2026 | record conditioning: common draw set with the FaIR arm, dropped 2 of 2000 | pulse 0.01 GtCH4 at 2030 | cm rel 1995-2014 | julia 1.12.6"
2091,te,0.0010464354527792707,0.0010959106808449933,8.99982672126863e-6,0.0005506199981654802,0.0018318199073204865,"scope_slr_pulse_vv.jl | SLR-RFF-BRICK 39cedc0 | Ladrillo L27 (v1.2) | draws parameters_subsample_brick_mengel_L27.csv, 500/chain | paleo assignment :single (seed 20260920) | land-water anchor :zero_at_first_year | lws observed | climate MAGICC-SLR 600 members, vv_pulse_wide_20261009 | forcing spliced | tap true | pair seed 2026 | record conditioning: common draw set with the FaIR arm, dropped 2 of 2000 | pulse 0.01 GtCH4 at 2030 | cm rel 1995-2014 | julia 1.12.6"
2092,te,0.0010401371731374454,0.0010906800327707355,8.999723420568381e-6,0.0005460220324398968,0.0018262553036345608,"scope_slr_pulse_vv.jl | SLR-RFF-BRICK 39cedc0 | Ladrillo L27 (v1.2) | draws parameters_subsample_brick_mengel_L27.csv, 500/chain | paleo assignment :single (seed 20260920) | land-water anchor :zero_at_first_year | lws observed | climate MAGICC-SLR 600 members, vv_pulse_wide_20261009 | forcing spliced | tap true | pair seed 2026 | record conditioning: common draw set with the FaIR arm, dropped 2 of 2000 | pulse 0.01 GtCH4 at 2030 | cm rel 1995-2014 | julia 1.12.6"
2093,te,0.0010341913082649867,0.0010855555642264498,8.999353166648095e-6,0.0005406884946014933,0.0018191377143054407,"scope_slr_pulse_vv.jl | SLR-RFF-BRICK 39cedc0 | Ladrillo L27 (v1.2) | draws parameters_subsample_brick_mengel_L27.csv, 500/chain | paleo assignment :single (seed 20260920) | land-water anchor :zero_at_first_year | lws observed | climate MAGICC-SLR 600 members, vv_pulse_wide_20261009 | forcing spliced | tap true | pair seed 2026 | record conditioning: common draw set with the FaIR arm, dropped 2 of 2000 | pulse 0.01 GtCH4 at 2030 | cm rel 1995-2014 | julia 1.12.6"
2094,te,0.001029248733771304,0.001080531124727171,8.998720686137315e-6,0.0005361329688609473,0.0018119679740086873,"scope_slr_pulse_vv.jl | SLR-RFF-BRICK 39cedc0 | Ladrillo L27 (v1.2) | draws parameters_subsample_brick_mengel_L27.csv, 500/chain | paleo assignment :single (seed 20260920) | land-water anchor :zero_at_first_year | lws observed | climate MAGICC-SLR 600 members, vv_pulse_wide_20261009 | forcing spliced | tap true | pair seed 2026 | record conditioning: common draw set with the FaIR arm, dropped 2 of 2000 | pulse 0.01 GtCH4 at 2030 | cm rel 1995-2014 | julia 1.12.6"
2095,te,0.0010245433537052762,0.0010756046405070586,8.997894339649698e-6,0.000532071856951255,0.001810141624527084,"scope_slr_pulse_vv.jl | SLR-RFF-BRICK 39cedc0 | Ladrillo L27 (v1.2) | draws parameters_subsample_brick_mengel_L27.csv, 500/chain | paleo assignment :single (seed 20260920) | land-water anchor :zero_at_first_year | lws observed | climate MAGICC-SLR 600 members, vv_pulse_wide_20261009 | forcing spliced | tap true | pair seed 2026 | record conditioning: common draw set with the FaIR arm, dropped 2 of 2000 | pulse 0.01 GtCH4 at 2030 | cm rel 1995-2014 | julia 1.12.6"
2096,te,0.0010189998538328027,0.0010707748724675691,8.99690662103678e-6,0.0005285020294786947,0.0018055703851121761,"scope_slr_pulse_vv.jl | SLR-RFF-BRICK 39cedc0 | Ladrillo L27 (v1.2) | draws parameters_subsample_brick_mengel_L27.csv, 500/chain | paleo assignment :single (seed 20260920) | land-water anchor :zero_at_first_year | lws observed | climate MAGICC-SLR 600 members, vv_pulse_wide_20261009 | forcing spliced | tap true | pair seed 2026 | record conditioning: common draw set with the FaIR arm, dropped 2 of 2000 | pulse 0.01 GtCH4 at 2030 | cm rel 1995-2014 | julia 1.12.6"
2097,te,0.0010134650922850597,0.001066043145196875,8.995739448565199e-6,0.0005253472972355233,0.0018005898425411,"scope_slr_pulse_vv.jl | SLR-RFF-BRICK 39cedc0 | Ladrillo L27 (v1.2) | draws parameters_subsample_brick_mengel_L27.csv, 500/chain | paleo assignment :single (seed 20260920) | land-water anchor :zero_at_first_year | lws observed | climate MAGICC-SLR 600 members, vv_pulse_wide_20261009 | forcing spliced | tap true | pair seed 2026 | record conditioning: common draw set with the FaIR arm, dropped 2 of 2000 | pulse 0.01 GtCH4 at 2030 | cm rel 1995-2014 | julia 1.12.6"
2098,te,0.0010083278690551367,0.0010614114255995443,8.994370620909595e-6,0.0005215442152255,0.0017959869199158257,"scope_slr_pulse_vv.jl | SLR-RFF-BRICK 39cedc0 | Ladrillo L27 (v1.2) | draws parameters_subsample_brick_mengel_L27.csv, 500/chain | paleo assignment :single (seed 20260920) | land-water anchor :zero_at_first_year | lws observed | climate MAGICC-SLR 600 members, vv_pulse_wide_20261009 | forcing spliced | tap true | pair seed 2026 | record conditioning: common draw set with the FaIR arm, dropped 2 of 2000 | pulse 0.01 GtCH4 at 2030 | cm rel 1995-2014 | julia 1.12.6"
2099,te,0.0010031596229875817,0.001056879570292613,8.992842105658559e-6,0.0005171721544388497,0.0017919785249889126,"scope_slr_pulse_vv.jl | SLR-RFF-BRICK 39cedc0 | Ladrillo L27 (v1.2) | draws parameters_subsample_brick_mengel_L27.csv, 500/chain | paleo assignment :single (seed 20260920) | land-water anchor :zero_at_first_year | lws observed | climate MAGICC-SLR 600 members, vv_pulse_wide_20261009 | forcing spliced | tap true | pair seed 2026 | record conditioning: common draw set with the FaIR arm, dropped 2 of 2000 | pulse 0.01 GtCH4 at 2030 | cm rel 1995-2014 | julia 1.12.6"
2100,te,0.0009984491512735616,0.001052451180185674,8.9910484064971e-6,0.0005131251573939011,0.00179009919222004,"scope_slr_pulse_vv.jl | SLR-RFF-BRICK 39cedc0 | Ladrillo L27 (v1.2) | draws parameters_subsample_brick_mengel_L27.csv, 500/chain | paleo assignment :single (seed 20260920) | land-water anchor :zero_at_first_year | lws observed | climate MAGICC-SLR 600 members, vv_pulse_wide_20261009 | forcing spliced | tap true | pair seed 2026 | record conditioning: common draw set with the FaIR arm, dropped 2 of 2000 | pulse 0.01 GtCH4 at 2030 | cm rel 1995-2014 | julia 1.12.6"
2101,te,0.0009935892828654147,0.0010481248838952928,8.9890354252706e-6,0.0005080435249277925,0.001784777853967689,"scope_slr_pulse_vv.jl | SLR-RFF-BRICK 39cedc0 | Ladrillo L27 (v1.2) | draws parameters_subsample_brick_mengel_L27.csv, 500/chain | paleo assignment :single (seed 20260920) | land-water anchor :zero_at_first_year | lws observed | climate MAGICC-SLR 600 members, vv_pulse_wide_20261009 | forcing spliced | tap true | pair seed 2026 | record conditioning: common draw set with the FaIR arm, dropped 2 of 2000 | pulse 0.01 GtCH4 at 2030 | cm rel 1995-2014 | julia 1.12.6"
2102,te,0.0009883122653118193,0.0010438903022504228,8.986783422220759e-6,0.000506738417103314,0.001781144531958745,"scope_slr_pulse_vv.jl | SLR-RFF-BRICK 39cedc0 | Ladrillo L27 (v1.2) | draws parameters_subsample_brick_mengel_L27.csv, 500/chain | paleo assignment :single (seed 20260920) | land-water anchor :zero_at_first_year | lws observed | climate MAGICC-SLR 600 members, vv_pulse_wide_20261009 | forcing spliced | tap true | pair seed 2026 | record conditioning: common draw set with the FaIR arm, dropped 2 of 2000 | pulse 0.01 GtCH4 at 2030 | cm rel 1995-2014 | julia 1.12.6"
2103,te,0.0009840380726355846,0.0010397145594814292,8.983982661107074e-6,0.0005038787266888001,0.0017766715145624444,"scope_slr_pulse_vv.jl | SLR-RFF-BRICK 39cedc0 | Ladrillo L27 (v1.2) | draws parameters_subsample_brick_mengel_L27.csv, 500/chain | paleo assignment :single (seed 20260920) | land-water anchor :zero_at_first_year | lws observed | climate MAGICC-SLR 600 members, vv_pulse_wide_20261009 | forcing spliced | tap true | pair seed 2026 | record conditioning: common draw set with the FaIR arm, dropped 2 of 2000 | pulse 0.01 GtCH4 at 2030 | cm rel 1995-2014 | julia 1.12.6"
2104,te,0.0009807783143465088,0.0010360963249611077,8.990452615968094e-6,0.0005002588026023602,0.0017716633711348346,"scope_slr_pulse_vv.jl | SLR-RFF-BRICK 39cedc0 | Ladrillo L27 (v1.2) | draws parameters_subsample_brick_mengel_L27.csv, 500/chain | paleo assignment :single (seed 20260920) | land-water anchor :zero_at_first_year | lws observed | climate MAGICC-SLR 600 members, vv_pulse_wide_20261009 | forcing spliced | tap true | pair seed 2026 | record conditioning: common draw set with the FaIR arm, dropped 2 of 2000 | pulse 0.01 GtCH4 at 2030 | cm rel 1995-2014 | julia 1.12.6"
2105,te,0.0009768682729092149,0.0010323379442801627,8.994804792308068e-6,0.0004958908431373033,0.0017691367712931337,"scope_slr_pulse_vv.jl | SLR-RFF-BRICK 39cedc0 | Ladrillo L27 (v1.2) | draws parameters_subsample_brick_mengel_L27.csv, 500/chain | paleo assignment :single (seed 20260920) | land-water anchor :zero_at_first_year | lws observed | climate MAGICC-SLR 600 members, vv_pulse_wide_20261009 | forcing spliced | tap true | pair seed 2026 | record conditioning: common draw set with the FaIR arm, dropped 2 of 2000 | pulse 0.01 GtCH4 at 2030 | cm rel 1995-2014 | julia 1.12.6"
2106,te,0.0009722638285127871,0.00102829257807954,8.985921252699924e-6,0.0004903849333667942,0.0017668942897392625,"scope_slr_pulse_vv.jl | SLR-RFF-BRICK 39cedc0 | Ladrillo L27 (v1.2) | draws parameters_subsample_brick_mengel_L27.csv, 500/chain | paleo assignment :single (seed 20260920) | land-water anchor :zero_at_first_year | lws observed | climate MAGICC-SLR 600 members, vv_pulse_wide_20261009 | forcing spliced | tap true | pair seed 2026 | record conditioning: common draw set with the FaIR arm, dropped 2 of 2000 | pulse 0.01 GtCH4 at 2030 | cm rel 1995-2014 | julia 1.12.6"
2107,te,0.0009684661731244049,0.0010243837407006397,8.978922512652248e-6,0.00048699653679351584,0.0017649875613019006,"scope_slr_pulse_vv.jl | SLR-RFF-BRICK 39cedc0 | Ladrillo L27 (v1.2) | draws parameters_subsample_brick_mengel_L27.csv, 500/chain | paleo assignment :single (seed 20260920) | land-water anchor :zero_at_first_year | lws observed | climate MAGICC-SLR 600 members, vv_pulse_wide_20261009 | forcing spliced | tap true | pair seed 2026 | record conditioning: common draw set with the FaIR arm, dropped 2 of 2000 | pulse 0.01 GtCH4 at 2030 | cm rel 1995-2014 | julia 1.12.6"
2108,te,0.0009640172658791357,0.0010205778579818112,8.972584253665528e-6,0.0004837881431170033,0.0017608072866991617,"scope_slr_pulse_vv.jl | SLR-RFF-BRICK 39cedc0 | Ladrillo L27 (v1.2) | draws parameters_subsample_brick_mengel_L27.csv, 500/chain | paleo assignment :single (seed 20260920) | land-water anchor :zero_at_first_year | lws observed | climate MAGICC-SLR 600 members, vv_pulse_wide_20261009 | forcing spliced | tap true | pair seed 2026 | record conditioning: common draw set with the FaIR arm, dropped 2 of 2000 | pulse 0.01 GtCH4 at 2030 | cm rel 1995-2014 | julia 1.12.6"
2109,te,0.0009599761215319802,0.0010168608567388284,8.966508243529404e-6,0.00048014290848890083,0.0017572840727854806,"scope_slr_pulse_vv.jl | SLR-RFF-BRICK 39cedc0 | Ladrillo L27 (v1.2) | draws parameters_subsample_brick_mengel_L27.csv, 500/chain | paleo assignment :single (seed 20260920) | land-water anchor :zero_at_first_year | lws observed | climate MAGICC-SLR 600 members, vv_pulse_wide_20261009 | forcing spliced | tap true | pair seed 2026 | record conditioning: common draw set with the FaIR arm, dropped 2 of 2000 | pulse 0.01 GtCH4 at 2030 | cm rel 1995-2014 | julia 1.12.6"
2110,te,0.0009559532547855909,0.0010132282040071976,8.960538421522313e-6,0.00047668280745751803,0.0017538369244141086,"scope_slr_pulse_vv.jl | SLR-RFF-BRICK 39cedc0 | Ladrillo L27 (v1.2) | draws parameters_subsample_brick_mengel_L27.csv, 500/chain | paleo assignment :single (seed 20260920) | land-water anchor :zero_at_first_year | lws observed | climate MAGICC-SLR 600 members, vv_pulse_wide_20261009 | forcing spliced | tap true | pair seed 2026 | record conditioning: common draw set with the FaIR arm, dropped 2 of 2000 | pulse 0.01 GtCH4 at 2030 | cm rel 1995-2014 | julia 1.12.6"
2111,te,0.0009515337201353447,0.0010096802882286243,8.95461632658513e-6,0.0004743923234183711,0.0017529749608733876,"scope_slr_pulse_vv.jl | SLR-RFF-BRICK 39cedc0 | Ladrillo L27 (v1.2) | draws parameters_subsample_brick_mengel_L27.csv, 500/chain | paleo assignment :single (seed 20260920) | land-water anchor :zero_at_first_year | lws observed | climate MAGICC-SLR 600 members, vv_pulse_wide_20261009 | forcing spliced | tap true | pair seed 2026 | record conditioning: common draw set with the FaIR arm, dropped 2 of 2000 | pulse 0.01 GtCH4 at 2030 | cm rel 1995-2014 | julia 1.12.6"
2112,te,0.0009469620817306179,0.0010062115207356557,8.94877392092152e-6,0.0004726407075602346,0.0017510982856707713,"scope_slr_pulse_vv.jl | SLR-RFF-BRICK 39cedc0 | Ladrillo L27 (v1.2) | draws parameters_subsample_brick_mengel_L27.csv, 500/chain | paleo assignment :single (seed 20260920) | land-water anchor :zero_at_first_year | lws observed | climate MAGICC-SLR 600 members, vv_pulse_wide_20261009 | forcing spliced | tap true | pair seed 2026 | record conditioning: common draw set with the FaIR arm, dropped 2 of 2000 | pulse 0.01 GtCH4 at 2030 | cm rel 1995-2014 | julia 1.12.6"
2113,te,0.0009430680302493499,0.0010028152338832114,8.94302277303516e-6,0.0004709326714263718,0.001746850741593952,"scope_slr_pulse_vv.jl | SLR-RFF-BRICK 39cedc0 | Ladrillo L27 (v1.2) | draws parameters_subsample_brick_mengel_L27.csv, 500/chain | paleo assignment :single (seed 20260920) | land-water anchor :zero_at_first_year | lws observed | climate MAGICC-SLR 600 members, vv_pulse_wide_20261009 | forcing spliced | tap true | pair seed 2026 | record conditioning: common draw set with the FaIR arm, dropped 2 of 2000 | pulse 0.01 GtCH4 at 2030 | cm rel 1995-2014 | julia 1.12.6"
2114,te,0.000939173668228932,0.0009994849793843272,8.937325316813148e-6,0.0004692658744450462,0.0017435091264138324,"scope_slr_pulse_vv.jl | SLR-RFF-BRICK 39cedc0 | Ladrillo L27 (v1.2) | draws parameters_subsample_brick_mengel_L27.csv, 500/chain | paleo assignment :single (seed 20260920) | land-water anchor :zero_at_first_year | lws observed | climate MAGICC-SLR 600 members, vv_pulse_wide_20261009 | forcing spliced | tap true | pair seed 2026 | record conditioning: common draw set with the FaIR arm, dropped 2 of 2000 | pulse 0.01 GtCH4 at 2030 | cm rel 1995-2014 | julia 1.12.6"
2115,te,0.0009356472118042802,0.0009962188974420368,8.931695605641421e-6,0.00046763848782331867,0.0017425600335851485,"scope_slr_pulse_vv.jl | SLR-RFF-BRICK 39cedc0 | Ladrillo L27 (v1.2) | draws parameters_subsample_brick_mengel_L27.csv, 500/chain | paleo assignment :single (seed 20260920) | land-water anchor :zero_at_first_year | lws observed | climate MAGICC-SLR 600 members, vv_pulse_wide_20261009 | forcing spliced | tap true | pair seed 2026 | record conditioning: common draw set with the FaIR arm, dropped 2 of 2000 | pulse 0.01 GtCH4 at 2030 | cm rel 1995-2014 | julia 1.12.6"
2116,te,0.0009321537308686345,0.0009930160632456776,8.92614399697168e-6,0.0004642841505720696,0.0017414662957431647,"scope_slr_pulse_vv.jl | SLR-RFF-BRICK 39cedc0 | Ladrillo L27 (v1.2) | draws parameters_subsample_brick_mengel_L27.csv, 500/chain | paleo assignment :single (seed 20260920) | land-water anchor :zero_at_first_year | lws observed | climate MAGICC-SLR 600 members, vv_pulse_wide_20261009 | forcing spliced | tap true | pair seed 2026 | record conditioning: common draw set with the FaIR arm, dropped 2 of 2000 | pulse 0.01 GtCH4 at 2030 | cm rel 1995-2014 | julia 1.12.6"
2117,te,0.0009285814831248018,0.0009898749972371125,8.920675862711838e-6,0.00046256408310565436,0.0017403746417045329,"scope_slr_pulse_vv.jl | SLR-RFF-BRICK 39cedc0 | Ladrillo L27 (v1.2) | draws parameters_subsample_brick_mengel_L27.csv, 500/chain | paleo assignment :single (seed 20260920) | land-water anchor :zero_at_first_year | lws observed | climate MAGICC-SLR 600 members, vv_pulse_wide_20261009 | forcing spliced | tap true | pair seed 2026 | record conditioning: common draw set with the FaIR arm, dropped 2 of 2000 | pulse 0.01 GtCH4 at 2030 | cm rel 1995-2014 | julia 1.12.6"
2118,te,0.0009252383933802122,0.0009867952384616768,8.915187347582697e-6,0.0004613277632237179,0.001738557813307828,"scope_slr_pulse_vv.jl | SLR-RFF-BRICK 39cedc0 | Ladrillo L27 (v1.2) | draws parameters_subsample_brick_mengel_L27.csv, 500/chain | paleo assignment :single (seed 20260920) | land-water anchor :zero_at_first_year | lws observed | climate MAGICC-SLR 600 members, vv_pulse_wide_20261009 | forcing spliced | tap true | pair seed 2026 | record conditioning: common draw set with the FaIR arm, dropped 2 of 2000 | pulse 0.01 GtCH4 at 2030 | cm rel 1995-2014 | julia 1.12.6"
2119,te,0.0009219377020510677,0.0009837774337343077,8.909686150659459e-6,0.00045904458792502825,0.0017353655474993343,"scope_slr_pulse_vv.jl | SLR-RFF-BRICK 39cedc0 | Ladrillo L27 (v1.2) | draws parameters_subsample_brick_mengel_L27.csv, 500/chain | paleo assignment :single (seed 20260920) | land-water anchor :zero_at_first_year | lws observed | climate MAGICC-SLR 600 members, vv_pulse_wide_20261009 | forcing spliced | tap true | pair seed 2026 | record conditioning: common draw set with the FaIR arm, dropped 2 of 2000 | pulse 0.01 GtCH4 at 2030 | cm rel 1995-2014 | julia 1.12.6"
2120,te,0.000918952695478481,0.0009808196974897703,8.904243744727623e-6,0.0004566700544767599,0.0017296177792717406,"scope_slr_pulse_vv.jl | SLR-RFF-BRICK 39cedc0 | Ladrillo L27 (v1.2) | draws parameters_subsample_brick_mengel_L27.csv, 500/chain | paleo assignment :single (seed 20260920) | land-water anchor :zero_at_first_year | lws observed | climate MAGICC-SLR 600 members, vv_pulse_wide_20261009 | forcing spliced | tap true | pair seed 2026 | record conditioning: common draw set with the FaIR arm, dropped 2 of 2000 | pulse 0.01 GtCH4 at 2030 | cm rel 1995-2014 | julia 1.12.6"
2121,te,0.0009155201911781319,0.0009779216205277055,8.89890048167656e-6,0.00045519705102030627,0.001724236242879051,"scope_slr_pulse_vv.jl | SLR-RFF-BRICK 39cedc0 | Ladrillo L27 (v1.2) | draws parameters_subsample_brick_mengel_L27.csv, 500/chain | paleo assignment :single (seed 20260920) | land-water anchor :zero_at_first_year | lws observed | climate MAGICC-SLR 600 members, vv_pulse_wide_20261009 | forcing spliced | tap true | pair seed 2026 | record conditioning: common draw set with the FaIR arm, dropped 2 of 2000 | pulse 0.01 GtCH4 at 2030 | cm rel 1995-2014 | julia 1.12.6"
2122,te,0.0009122300688400031,0.0009750847071623007,8.893741504794092e-6,0.0004531307903561377,0.0017214379538803113,"scope_slr_pulse_vv.jl | SLR-RFF-BRICK 39cedc0 | Ladrillo L27 (v1.2) | draws parameters_subsample_brick_mengel_L27.csv, 500/chain | paleo assignment :single (seed 20260920) | land-water anchor :zero_at_first_year | lws observed | climate MAGICC-SLR 600 members, vv_pulse_wide_20261009 | forcing spliced | tap true | pair seed 2026 | record conditioning: common draw set with the FaIR arm, dropped 2 of 2000 | pulse 0.01 GtCH4 at 2030 | cm rel 1995-2014 | julia 1.12.6"
2123,te,0.0009086058361074123,0.0009722975113021479,8.888286147412397e-6,0.000451232060580864,0.0017149036549547244,"scope_slr_pulse_vv.jl | SLR-RFF-BRICK 39cedc0 | Ladrillo L27 (v1.2) | draws parameters_subsample_brick_mengel_L27.csv, 500/chain | paleo assignment :single (seed 20260920) | land-water anchor :zero_at_first_year | lws observed | climate MAGICC-SLR 600 members, vv_pulse_wide_20261009 | forcing spliced | tap true | pair seed 2026 | record conditioning: common draw set with the FaIR arm, dropped 2 of 2000 | pulse 0.01 GtCH4 at 2030 | cm rel 1995-2014 | julia 1.12.6"
2124,te,0.000906269576121943,0.0009695607753266234,8.882619454573535e-6,0.0004491741884065981,0.0017114448948563066,"scope_slr_pulse_vv.jl | SLR-RFF-BRICK 39cedc0 | Ladrillo L27 (v1.2) | draws parameters_subsample_brick_mengel_L27.csv, 500/chain | paleo assignment :single (seed 20260920) | land-water anchor :zero_at_first_year | lws observed | climate MAGICC-SLR 600 members, vv_pulse_wide_20261009 | forcing spliced | tap true | pair seed 2026 | record conditioning: common draw set with the FaIR arm, dropped 2 of 2000 | pulse 0.01 GtCH4 at 2030 | cm rel 1995-2014 | julia 1.12.6"
2125,te,0.0009032618876325671,0.0009668740047927052,8.876827196927617e-6,0.0004471575993659549,0.0017062750105310434,"scope_slr_pulse_vv.jl | SLR-RFF-BRICK 39cedc0 | Ladrillo L27 (v1.2) | draws parameters_subsample_brick_mengel_L27.csv, 500/chain | paleo assignment :single (seed 20260920) | land-water anchor :zero_at_first_year | lws observed | climate MAGICC-SLR 600 members, vv_pulse_wide_20261009 | forcing spliced | tap true | pair seed 2026 | record conditioning: common draw set with the FaIR arm, dropped 2 of 2000 | pulse 0.01 GtCH4 at 2030 | cm rel 1995-2014 | julia 1.12.6"
2126,te,0.0009000388828184214,0.0009642341500692484,8.87099143305345e-6,0.0004451793978215157,0.0017036332464462223,"scope_slr_pulse_vv.jl | SLR-RFF-BRICK 39cedc0 | Ladrillo L27 (v1.2) | draws parameters_subsample_brick_mengel_L27.csv, 500/chain | paleo assignment :single (seed 20260920) | land-water anchor :zero_at_first_year | lws observed | climate MAGICC-SLR 600 members, vv_pulse_wide_20261009 | forcing spliced | tap true | pair seed 2026 | record conditioning: common draw set with the FaIR arm, dropped 2 of 2000 | pulse 0.01 GtCH4 at 2030 | cm rel 1995-2014 | julia 1.12.6"
2127,te,0.0008967081869517557,0.0009616409650319011,8.865147751105203e-6,0.00044323910504857623,0.0017028630715278925,"scope_slr_pulse_vv.jl | SLR-RFF-BRICK 39cedc0 | Ladrillo L27 (v1.2) | draws parameters_subsample_brick_mengel_L27.csv, 500/chain | paleo assignment :single (seed 20260920) | land-water anchor :zero_at_first_year | lws observed | climate MAGICC-SLR 600 members, vv_pulse_wide_20261009 | forcing spliced | tap true | pair seed 2026 | record conditioning: common draw set with the FaIR arm, dropped 2 of 2000 | pulse 0.01 GtCH4 at 2030 | cm rel 1995-2014 | julia 1.12.6"
2128,te,0.0008939071738129911,0.0009590930117738857,8.859313641617878e-6,0.0004413365942239622,0.0017021016866014085,"scope_slr_pulse_vv.jl | SLR-RFF-BRICK 39cedc0 | Ladrillo L27 (v1.2) | draws parameters_subsample_brick_mengel_L27.csv, 500/chain | paleo assignment :single (seed 20260920) | land-water anchor :zero_at_first_year | lws observed | climate MAGICC-SLR 600 members, vv_pulse_wide_20261009 | forcing spliced | tap true | pair seed 2026 | record conditioning: common draw set with the FaIR arm, dropped 2 of 2000 | pulse 0.01 GtCH4 at 2030 | cm rel 1995-2014 | julia 1.12.6"
2129,te,0.0008916363368722813,0.0009565882896459722,8.853510731532671e-6,0.0004394947430665042,0.0017013497058252713,"scope_slr_pulse_vv.jl | SLR-RFF-BRICK 39cedc0 | Ladrillo L27 (v1.2) | draws parameters_subsample_brick_mengel_L27.csv, 500/chain | paleo assignment :single (seed 20260920) | land-water anchor :zero_at_first_year | lws observed | climate MAGICC-SLR 600 members, vv_pulse_wide_20261009 | forcing spliced | tap true | pair seed 2026 | record conditioning: common draw set with the FaIR arm, dropped 2 of 2000 | pulse 0.01 GtCH4 at 2030 | cm rel 1995-2014 | julia 1.12.6"
2130,te,0.0008887084993105532,0.0009541259974195151,8.84774462882317e-6,0.00043797905061460085,0.0017006086457794101,"scope_slr_pulse_vv.jl | SLR-RFF-BRICK 39cedc0 | Ladrillo L27 (v1.2) | draws parameters_subsample_brick_mengel_L27.csv, 500/chain | paleo assignment :single (seed 20260920) | land-water anchor :zero_at_first_year | lws observed | climate MAGICC-SLR 600 members, vv_pulse_wide_20261009 | forcing spliced | tap true | pair seed 2026 | record conditioning: common draw set with the FaIR arm, dropped 2 of 2000 | pulse 0.01 GtCH4 at 2030 | cm rel 1995-2014 | julia 1.12.6"
2131,te,0.0008863253511854907,0.000951709176900919,8.842044150535937e-6,0.0004369083304732513,0.0016998812618631111,"scope_slr_pulse_vv.jl | SLR-RFF-BRICK 39cedc0 | Ladrillo L27 (v1.2) | draws parameters_subsample_brick_mengel_L27.csv, 500/chain | paleo assignment :single (seed 20260920) | land-water anchor :zero_at_first_year | lws observed | climate MAGICC-SLR 600 members, vv_pulse_wide_20261009 | forcing spliced | tap true | pair seed 2026 | record conditioning: common draw set with the FaIR arm, dropped 2 of 2000 | pulse 0.01 GtCH4 at 2030 | cm rel 1995-2014 | julia 1.12.6"
2132,te,0.0008838744860639736,0.0009493369230795864,8.83642637581018e-6,0.0004358598162630401,0.0016991698413377765,"scope_slr_pulse_vv.jl | SLR-RFF-BRICK 39cedc0 | Ladrillo L27 (v1.2) | draws parameters_subsample_brick_mengel_L27.csv, 500/chain | paleo assignment :single (seed 20260920) | land-water anchor :zero_at_first_year | lws observed | climate MAGICC-SLR 600 members, vv_pulse_wide_20261009 | forcing spliced | tap true | pair seed 2026 | record conditioning: common draw set with the FaIR arm, dropped 2 of 2000 | pulse 0.01 GtCH4 at 2030 | cm rel 1995-2014 | julia 1.12.6"
2133,te,0.0008817023018234948,0.0009470060086548092,8.830897946776503e-6,0.00043458231406434683,0.0016979512858897644,"scope_slr_pulse_vv.jl | SLR-RFF-BRICK 39cedc0 | Ladrillo L27 (v1.2) | draws parameters_subsample_brick_mengel_L27.csv, 500/chain | paleo assignment :single (seed 20260920) | land-water anchor :zero_at_first_year | lws observed | climate MAGICC-SLR 600 members, vv_pulse_wide_20261009 | forcing spliced | tap true | pair seed 2026 | record conditioning: common draw set with the FaIR arm, dropped 2 of 2000 | pulse 0.01 GtCH4 at 2030 | cm rel 1995-2014 | julia 1.12.6"
2134,te,0.0008794547797510432,0.0009447149992779993,8.825450365874828e-6,0.0004318368968285746,0.0016957273236602787,"scope_slr_pulse_vv.jl | SLR-RFF-BRICK 39cedc0 | Ladrillo L27 (v1.2) | draws parameters_subsample_brick_mengel_L27.csv, 500/chain | paleo assignment :single (seed 20260920) | land-water anchor :zero_at_first_year | lws observed | climate MAGICC-SLR 600 members, vv_pulse_wide_20261009 | forcing spliced | tap true | pair seed 2026 | record conditioning: common draw set with the FaIR arm, dropped 2 of 2000 | pulse 0.01 GtCH4 at 2030 | cm rel 1995-2014 | julia 1.12.6"
2135,te,0.000877244844302183,0.0009424604348372344,8.820080471909903e-6,0.0004291909583551856,0.0016909962485128099,"scope_slr_pulse_vv.jl | SLR-RFF-BRICK 39cedc0 | Ladrillo L27 (v1.2) | draws parameters_subsample_brick_mengel_L27.csv, 500/chain | paleo assignment :single (seed 20260920) | land-water anchor :zero_at_first_year | lws observed | climate MAGICC-SLR 600 members, vv_pulse_wide_20261009 | forcing spliced | tap true | pair seed 2026 | record conditioning: common draw set with the FaIR arm, dropped 2 of 2000 | pulse 0.01 GtCH4 at 2030 | cm rel 1995-2014 | julia 1.12.6"
2136,te,0.0008748076800593196,0.0009402400153122057,8.814783831711896e-6,0.0004274555940317448,0.00168991552279305,"scope_slr_pulse_vv.jl | SLR-RFF-BRICK 39cedc0 | Ladrillo L27 (v1.2) | draws parameters_subsample_brick_mengel_L27.csv, 500/chain | paleo assignment :single (seed 20260920) | land-water anchor :zero_at_first_year | lws observed | climate MAGICC-SLR 600 members, vv_pulse_wide_20261009 | forcing spliced | tap true | pair seed 2026 | record conditioning: common draw set with the FaIR arm, dropped 2 of 2000 | pulse 0.01 GtCH4 at 2030 | cm rel 1995-2014 | julia 1.12.6"
2137,te,0.0008726849160414218,0.0009380537829330782,8.809556562307873e-6,0.0004258636457289633,0.001688875549438861,"scope_slr_pulse_vv.jl | SLR-RFF-BRICK 39cedc0 | Ladrillo L27 (v1.2) | draws parameters_subsample_brick_mengel_L27.csv, 500/chain | paleo assignment :single (seed 20260920) | land-water anchor :zero_at_first_year | lws observed | climate MAGICC-SLR 600 members, vv_pulse_wide_20261009 | forcing spliced | tap true | pair seed 2026 | record conditioning: common draw set with the FaIR arm, dropped 2 of 2000 | pulse 0.01 GtCH4 at 2030 | cm rel 1995-2014 | julia 1.12.6"
2138,te,0.000870441149482204,0.0009359021429830262,8.804399364282312e-6,0.0004243002233567772,0.0016877175489174328,"scope_slr_pulse_vv.jl | SLR-RFF-BRICK 39cedc0 | Ladrillo L27 (v1.2) | draws parameters_subsample_brick_mengel_L27.csv, 500/chain | paleo assignment :single (seed 20260920) | land-water anchor :zero_at_first_year | lws observed | climate MAGICC-SLR 600 members, vv_pulse_wide_20261009 | forcing spliced | tap true | pair seed 2026 | record conditioning: common draw set with the FaIR arm, dropped 2 of 2000 | pulse 0.01 GtCH4 at 2030 | cm rel 1995-2014 | julia 1.12.6"
2139,te,0.0008684906256810621,0.0009337858978780974,8.799305364298755e-6,0.00042276502706339874,0.0016865768383070188,"scope_slr_pulse_vv.jl | SLR-RFF-BRICK 39cedc0 | Ladrillo L27 (v1.2) | draws parameters_subsample_brick_mengel_L27.csv, 500/chain | paleo assignment :single (seed 20260920) | land-water anchor :zero_at_first_year | lws observed | climate MAGICC-SLR 600 members, vv_pulse_wide_20261009 | forcing spliced | tap true | pair seed 2026 | record conditioning: common draw set with the FaIR arm, dropped 2 of 2000 | pulse 0.01 GtCH4 at 2030 | cm rel 1995-2014 | julia 1.12.6"
2140,te,0.0008663025372577238,0.0009317090636735091,8.794250008581189e-6,0.0004212580410019484,0.0016852691414342756,"scope_slr_pulse_vv.jl | SLR-RFF-BRICK 39cedc0 | Ladrillo L27 (v1.2) | draws parameters_subsample_brick_mengel_L27.csv, 500/chain | paleo assignment :single (seed 20260920) | land-water anchor :zero_at_first_year | lws observed | climate MAGICC-SLR 600 members, vv_pulse_wide_20261009 | forcing spliced | tap true | pair seed 2026 | record conditioning: common draw set with the FaIR arm, dropped 2 of 2000 | pulse 0.01 GtCH4 at 2030 | cm rel 1995-2014 | julia 1.12.6"
2141,te,0.0008635589562313584,0.0009296504404340613,8.789781326656823e-6,0.0004197799197511287,0.0016838123564927086,"scope_slr_pulse_vv.jl | SLR-RFF-BRICK 39cedc0 | Ladrillo L27 (v1.2) | draws parameters_subsample_brick_mengel_L27.csv, 500/chain | paleo assignment :single (seed 20260920) | land-water anchor :zero_at_first_year | lws observed | climate MAGICC-SLR 600 members, vv_pulse_wide_20261009 | forcing spliced | tap true | pair seed 2026 | record conditioning: common draw set with the FaIR arm, dropped 2 of 2000 | pulse 0.01 GtCH4 at 2030 | cm rel 1995-2014 | julia 1.12.6"
2142,te,0.0008611133757607803,0.0009280744245761537,8.776831168250066e-6,0.0004184361082421262,0.0016835861388464933,"scope_slr_pulse_vv.jl | SLR-RFF-BRICK 39cedc0 | Ladrillo L27 (v1.2) | draws parameters_subsample_brick_mengel_L27.csv, 500/chain | paleo assignment :single (seed 20260920) | land-water anchor :zero_at_first_year | lws observed | climate MAGICC-SLR 600 members, vv_pulse_wide_20261009 | forcing spliced | tap true | pair seed 2026 | record conditioning: common draw set with the FaIR arm, dropped 2 of 2000 | pulse 0.01 GtCH4 at 2030 | cm rel 1995-2014 | julia 1.12.6"
2143,te,0.0008602377895670088,0.0009263005350848135,8.770567767512461e-6,0.0004169470976387757,0.0016818864296205046,"scope_slr_pulse_vv.jl | SLR-RFF-BRICK 39cedc0 | Ladrillo L27 (v1.2) | draws parameters_subsample_brick_mengel_L27.csv, 500/chain | paleo assignment :single (seed 20260920) | land-water anchor :zero_at_first_year | lws observed | climate MAGICC-SLR 600 members, vv_pulse_wide_20261009 | forcing spliced | tap true | pair seed 2026 | record conditioning: common draw set with the FaIR arm, dropped 2 of 2000 | pulse 0.01 GtCH4 at 2030 | cm rel 1995-2014 | julia 1.12.6"
2144,te,0.0008572078300108643,0.0009242287665553136,8.76649077048577e-6,0.00041561140817965027,0.0016790409998069572,"scope_slr_pulse_vv.jl | SLR-RFF-BRICK 39cedc0 | Ladrillo L27 (v1.2) | draws parameters_subsample_brick_mengel_L27.csv, 500/chain | paleo assignment :single (seed 20260920) | land-water anchor :zero_at_first_year | lws observed | climate MAGICC-SLR 600 members, vv_pulse_wide_20261009 | forcing spliced | tap true | pair seed 2026 | record conditioning: common draw set with the FaIR arm, dropped 2 of 2000 | pulse 0.01 GtCH4 at 2030 | cm rel 1995-2014 | julia 1.12.6"
2145,te,0.0008550806162315183,0.0009222506228491406,8.762356673486783e-6,0.00041521241723057044,0.001679270002964017,"scope_slr_pulse_vv.jl | SLR-RFF-BRICK 39cedc0 | Ladrillo L27 (v1.2) | draws parameters_subsample_brick_mengel_L27.csv, 500/chain | paleo assignment :single (seed 20260920) | land-water anchor :zero_at_first_year | lws observed | climate MAGICC-SLR 600 members, vv_pulse_wide_20261009 | forcing spliced | tap true | pair seed 2026 | record conditioning: common draw set with the FaIR arm, dropped 2 of 2000 | pulse 0.01 GtCH4 at 2030 | cm rel 1995-2014 | julia 1.12.6"
2146,te,0.0008533580864433787,0.0009203297828809972,8.758083069902155e-6,0.00041354477855186643,0.0016793488471073203,"scope_slr_pulse_vv.jl | SLR-RFF-BRICK 39cedc0 | Ladrillo L27 (v1.2) | draws parameters_subsample_brick_mengel_L27.csv, 500/chain | paleo assignment :single (seed 20260920) | land-water anchor :zero_at_first_year | lws observed | climate MAGICC-SLR 600 members, vv_pulse_wide_20261009 | forcing spliced | tap true | pair seed 2026 | record conditioning: common draw set with the FaIR arm, dropped 2 of 2000 | pulse 0.01 GtCH4 at 2030 | cm rel 1995-2014 | julia 1.12.6"
2147,te,0.0008519531500290611,0.0009184505407776307,8.753735966952617e-6,0.0004116598235288649,0.0016770550475040833,"scope_slr_pulse_vv.jl | SLR-RFF-BRICK 39cedc0 | Ladrillo L27 (v1.2) | draws parameters_subsample_brick_mengel_L27.csv, 500/chain | paleo assignment :single (seed 20260920) | land-water anchor :zero_at_first_year | lws observed | climate MAGICC-SLR 600 members, vv_pulse_wide_20261009 | forcing spliced | tap true | pair seed 2026 | record conditioning: common draw set with the FaIR arm, dropped 2 of 2000 | pulse 0.01 GtCH4 at 2030 | cm rel 1995-2014 | julia 1.12.6"
2148,te,0.0008502796884126695,0.0009166061189262557,8.749360141695656e-6,0.00040976434830124474,0.0016735264633059182,"scope_slr_pulse_vv.jl | SLR-RFF-BRICK 39cedc0 | Ladrillo L27 (v1.2) | draws parameters_subsample_brick_mengel_L27.csv, 500/chain | paleo assignment :single (seed 20260920) | land-water anchor :zero_at_first_year | lws observed | climate MAGICC-SLR 600 members, vv_pulse_wide_20261009 | forcing spliced | tap true | pair seed 2026 | record conditioning: common draw set with the FaIR arm, dropped 2 of 2000 | pulse 0.01 GtCH4 at 2030 | cm rel 1995-2014 | julia 1.12.6"
2149,te,0.0008481479328672492,0.0009147912147687288,8.744933720958341e-6,0.0004076971804018115,0.0016703241251626356,"scope_slr_pulse_vv.jl | SLR-RFF-BRICK 39cedc0 | Ladrillo L27 (v1.2) | draws parameters_subsample_brick_mengel_L27.csv, 500/chain | paleo assignment :single (seed 20260920) | land-water anchor :zero_at_first_year | lws observed | climate MAGICC-SLR 600 members, vv_pulse_wide_20261009 | forcing spliced | tap true | pair seed 2026 | record conditioning: common draw set with the FaIR arm, dropped 2 of 2000 | pulse 0.01 GtCH4 at 2030 | cm rel 1995-2014 | julia 1.12.6"
2150,te,0.0008462795481065655,0.0009130050930723632,8.740494038928906e-6,0.0004063769360599601,0.0016671504617246304,"scope_slr_pulse_vv.jl | SLR-RFF-BRICK 39cedc0 | Ladrillo L27 (v1.2) | draws parameters_subsample_brick_mengel_L27.csv, 500/chain | paleo assignment :single (seed 20260920) | land-water anchor :zero_at_first_year | lws observed | climate MAGICC-SLR 600 members, vv_pulse_wide_20261009 | forcing spliced | tap true | pair seed 2026 | record conditioning: common draw set with the FaIR arm, dropped 2 of 2000 | pulse 0.01 GtCH4 at 2030 | cm rel 1995-2014 | julia 1.12.6"
2151,te,0.0008445900367615167,0.0009112470620188256,8.736061983304339e-6,0.0004051261087065327,0.0016639184686177077,"scope_slr_pulse_vv.jl | SLR-RFF-BRICK 39cedc0 | Ladrillo L27 (v1.2) | draws parameters_subsample_brick_mengel_L27.csv, 500/chain | paleo assignment :single (seed 20260920) | land-water anchor :zero_at_first_year | lws observed | climate MAGICC-SLR 600 members, vv_pulse_wide_20261009 | forcing spliced | tap true | pair seed 2026 | record conditioning: common draw set with the FaIR arm, dropped 2 of 2000 | pulse 0.01 GtCH4 at 2030 | cm rel 1995-2014 | julia 1.12.6"
2152,te,0.0008430940845887136,0.0009095179755614249,8.73163687409183e-6,0.00040416057035175257,0.0016607326849886295,"scope_slr_pulse_vv.jl | SLR-RFF-BRICK 39cedc0 | Ladrillo L27 (v1.2) | draws parameters_subsample_brick_mengel_L27.csv, 500/chain | paleo assignment :single (seed 20260920) | land-water anchor :zero_at_first_year | lws observed | climate MAGICC-SLR 600 members, vv_pulse_wide_20261009 | forcing spliced | tap true | pair seed 2026 | record conditioning: common draw set with the FaIR arm, dropped 2 of 2000 | pulse 0.01 GtCH4 at 2030 | cm rel 1995-2014 | julia 1.12.6"
2153,te,0.0008416013987009308,0.0009078189231176196,8.727212775411242e-6,0.0004034437878641661,0.0016589448698312015,"scope_slr_pulse_vv.jl | SLR-RFF-BRICK 39cedc0 | Ladrillo L27 (v1.2) | draws parameters_subsample_brick_mengel_L27.csv, 500/chain | paleo assignment :single (seed 20260920) | land-water anchor :zero_at_first_year | lws observed | climate MAGICC-SLR 600 members, vv_pulse_wide_20261009 | forcing spliced | tap true | pair seed 2026 | record conditioning: common draw set with the FaIR arm, dropped 2 of 2000 | pulse 0.01 GtCH4 at 2030 | cm rel 1995-2014 | julia 1.12.6"
2154,te,0.0008398955012545173,0.0009061496808303036,8.722808508736512e-6,0.0004027494884876859,0.0016583298114138494,"scope_slr_pulse_vv.jl | SLR-RFF-BRICK 39cedc0 | Ladrillo L27 (v1.2) | draws parameters_subsample_brick_mengel_L27.csv, 500/chain | paleo assignment :single (seed 20260920) | land-water anchor :zero_at_first_year | lws observed | climate MAGICC-SLR 600 members, vv_pulse_wide_20261009 | forcing spliced | tap true | pair seed 2026 | record conditioning: common draw set with the FaIR arm, dropped 2 of 2000 | pulse 0.01 GtCH4 at 2030 | cm rel 1995-2014 | julia 1.12.6"
2155,te,0.000838487950236555,0.0009045071708976897,8.718452327478645e-6,0.0004017298285644344,0.0016577331770740496,"scope_slr_pulse_vv.jl | SLR-RFF-BRICK 39cedc0 | Ladrillo L27 (v1.2) | draws parameters_subsample_brick_mengel_L27.csv, 500/chain | paleo assignment :single (seed 20260920) | land-water anchor :zero_at_first_year | lws observed | climate MAGICC-SLR 600 members, vv_pulse_wide_20261009 | forcing spliced | tap true | pair seed 2026 | record conditioning: common draw set with the FaIR arm, dropped 2 of 2000 | pulse 0.01 GtCH4 at 2030 | cm rel 1995-2014 | julia 1.12.6"
2156,te,0.0008368532574287713,0.0009028884588870147,8.714153861425125e-6,0.0004006213493942923,0.001657153287065327,"scope_slr_pulse_vv.jl | SLR-RFF-BRICK 39cedc0 | Ladrillo L27 (v1.2) | draws parameters_subsample_brick_mengel_L27.csv, 500/chain | paleo assignment :single (seed 20260920) | land-water anchor :zero_at_first_year | lws observed | climate MAGICC-SLR 600 members, vv_pulse_wide_20261009 | forcing spliced | tap true | pair seed 2026 | record conditioning: common draw set with the FaIR arm, dropped 2 of 2000 | pulse 0.01 GtCH4 at 2030 | cm rel 1995-2014 | julia 1.12.6"
2157,te,0.0008355727180919814,0.0009012918875819155,8.709911770023898e-6,0.000399598833970316,0.0016557717612123212,"scope_slr_pulse_vv.jl | SLR-RFF-BRICK 39cedc0 | Ladrillo L27 (v1.2) | draws parameters_subsample_brick_mengel_L27.csv, 500/chain | paleo assignment :single (seed 20260920) | land-water anchor :zero_at_first_year | lws observed | climate MAGICC-SLR 600 members, vv_pulse_wide_20261009 | forcing spliced | tap true | pair seed 2026 | record conditioning: common draw set with the FaIR arm, dropped 2 of 2000 | pulse 0.01 GtCH4 at 2030 | cm rel 1995-2014 | julia 1.12.6"
2158,te,0.0008340381536307007,0.0008997158541018947,8.705722574593916e-6,0.00039835715046852014,0.001655594577599828,"scope_slr_pulse_vv.jl | SLR-RFF-BRICK 39cedc0 | Ladrillo L27 (v1.2) | draws parameters_subsample_brick_mengel_L27.csv, 500/chain | paleo assignment :single (seed 20260920) | land-water anchor :zero_at_first_year | lws observed | climate MAGICC-SLR 600 members, vv_pulse_wide_20261009 | forcing spliced | tap true | pair seed 2026 | record conditioning: common draw set with the FaIR arm, dropped 2 of 2000 | pulse 0.01 GtCH4 at 2030 | cm rel 1995-2014 | julia 1.12.6"
2159,te,0.0008322944715892788,0.0008981595266654669,8.701577961246121e-6,0.0003973950028498763,0.00165541866935186,"scope_slr_pulse_vv.jl | SLR-RFF-BRICK 39cedc0 | Ladrillo L27 (v1.2) | draws parameters_subsample_brick_mengel_L27.csv, 500/chain | paleo assignment :single (seed 20260920) | land-water anchor :zero_at_first_year | lws observed | climate MAGICC-SLR 600 members, vv_pulse_wide_20261009 | forcing spliced | tap true | pair seed 2026 | record conditioning: common draw set with the FaIR arm, dropped 2 of 2000 | pulse 0.01 GtCH4 at 2030 | cm rel 1995-2014 | julia 1.12.6"
2160,te,0.0008301250513245151,0.0008966233559491315,8.697469691808847e-6,0.000395972205871864,0.0016550785521058486,"scope_slr_pulse_vv.jl | SLR-RFF-BRICK 39cedc0 | Ladrillo L27 (v1.2) | draws parameters_subsample_brick_mengel_L27.csv, 500/chain | paleo assignment :single (seed 20260920) | land-water anchor :zero_at_first_year | lws observed | climate MAGICC-SLR 600 members, vv_pulse_wide_20261009 | forcing spliced | tap true | pair seed 2026 | record conditioning: common draw set with the FaIR arm, dropped 2 of 2000 | pulse 0.01 GtCH4 at 2030 | cm rel 1995-2014 | julia 1.12.6"
2161,te,0.0008283310288081935,0.0008951071479213011,8.69340481733826e-6,0.0003944430964928358,0.0016503744153848025,"scope_slr_pulse_vv.jl | SLR-RFF-BRICK 39cedc0 | Ladrillo L27 (v1.2) | draws parameters_subsample_brick_mengel_L27.csv, 500/chain | paleo assignment :single (seed 20260920) | land-water anchor :zero_at_first_year | lws observed | climate MAGICC-SLR 600 members, vv_pulse_wide_20261009 | forcing spliced | tap true | pair seed 2026 | record conditioning: common draw set with the FaIR arm, dropped 2 of 2000 | pulse 0.01 GtCH4 at 2030 | cm rel 1995-2014 | julia 1.12.6"
2162,te,0.0008271786330933395,0.0008936109330684519,8.6893788447431e-6,0.00039338806180744257,0.0016486613131338139,"scope_slr_pulse_vv.jl | SLR-RFF-BRICK 39cedc0 | Ladrillo L27 (v1.2) | draws parameters_subsample_brick_mengel_L27.csv, 500/chain | paleo assignment :single (seed 20260920) | land-water anchor :zero_at_first_year | lws observed | climate MAGICC-SLR 600 members, vv_pulse_wide_20261009 | forcing spliced | tap true | pair seed 2026 | record conditioning: common draw set with the FaIR arm, dropped 2 of 2000 | pulse 0.01 GtCH4 at 2030 | cm rel 1995-2014 | julia 1.12.6"
2163,te,0.0008263175849521076,0.0008921354601401441,8.68534329848933e-6,0.0003924305207620549,0.001648739190523329,"scope_slr_pulse_vv.jl | SLR-RFF-BRICK 39cedc0 | Ladrillo L27 (v1.2) | draws parameters_subsample_brick_mengel_L27.csv, 500/chain | paleo assignment :single (seed 20260920) | land-water anchor :zero_at_first_year | lws observed | climate MAGICC-SLR 600 members, vv_pulse_wide_20261009 | forcing spliced | tap true | pair seed 2026 | record conditioning: common draw set with the FaIR arm, dropped 2 of 2000 | pulse 0.01 GtCH4 at 2030 | cm rel 1995-2014 | julia 1.12.6"
2164,te,0.0008257477334936425,0.0008906824724752965,8.68134591794521e-6,0.0003914268853201008,0.0016488305924962532,"scope_slr_pulse_vv.jl | SLR-RFF-BRICK 39cedc0 | Ladrillo L27 (v1.2) | draws parameters_subsample_brick_mengel_L27.csv, 500/chain | paleo assignment :single (seed 20260920) | land-water anchor :zero_at_first_year | lws observed | climate MAGICC-SLR 600 members, vv_pulse_wide_20261009 | forcing spliced | tap true | pair seed 2026 | record conditioning: common draw set with the FaIR arm, dropped 2 of 2000 | pulse 0.01 GtCH4 at 2030 | cm rel 1995-2014 | julia 1.12.6"
2165,te,0.0008240889866346635,0.000889247267593645,8.677386341251418e-6,0.0003891918019791163,0.0016473332819824545,"scope_slr_pulse_vv.jl | SLR-RFF-BRICK 39cedc0 | Ladrillo L27 (v1.2) | draws parameters_subsample_brick_mengel_L27.csv, 500/chain | paleo assignment :single (seed 20260920) | land-water anchor :zero_at_first_year | lws observed | climate MAGICC-SLR 600 members, vv_pulse_wide_20261009 | forcing spliced | tap true | pair seed 2026 | record conditioning: common draw set with the FaIR arm, dropped 2 of 2000 | pulse 0.01 GtCH4 at 2030 | cm rel 1995-2014 | julia 1.12.6"
2166,te,0.0008221558766319248,0.0008878235861222581,8.673226664694221e-6,0.00038834138650809533,0.0016469468252097383,"scope_slr_pulse_vv.jl | SLR-RFF-BRICK 39cedc0 | Ladrillo L27 (v1.2) | draws parameters_subsample_brick_mengel_L27.csv, 500/chain | paleo assignment :single (seed 20260920) | land-water anchor :zero_at_first_year | lws observed | climate MAGICC-SLR 600 members, vv_pulse_wide_20261009 | forcing spliced | tap true | pair seed 2026 | record conditioning: common draw set with the FaIR arm, dropped 2 of 2000 | pulse 0.01 GtCH4 at 2030 | cm rel 1995-2014 | julia 1.12.6"
2167,te,0.0008201807390317839,0.0008864100603508035,8.66882750950656e-6,0.0003881268481620737,0.0016459939382926336,"scope_slr_pulse_vv.jl | SLR-RFF-BRICK 39cedc0 | Ladrillo L27 (v1.2) | draws parameters_subsample_brick_mengel_L27.csv, 500/chain | paleo assignment :single (seed 20260920) | land-water anchor :zero_at_first_year | lws observed | climate MAGICC-SLR 600 members, vv_pulse_wide_20261009 | forcing spliced | tap true | pair seed 2026 | record conditioning: common draw set with the FaIR arm, dropped 2 of 2000 | pulse 0.01 GtCH4 at 2030 | cm rel 1995-2014 | julia 1.12.6"
2168,te,0.0008198163097237199,0.0008850052115385645,8.664237951229735e-6,0.00038789748166934146,0.0016432809861456116,"scope_slr_pulse_vv.jl | SLR-RFF-BRICK 39cedc0 | Ladrillo L27 (v1.2) | draws parameters_subsample_brick_mengel_L27.csv, 500/chain | paleo assignment :single (seed 20260920) | land-water anchor :zero_at_first_year | lws observed | climate MAGICC-SLR 600 members, vv_pulse_wide_20261009 | forcing spliced | tap true | pair seed 2026 | record conditioning: common draw set with the FaIR arm, dropped 2 of 2000 | pulse 0.01 GtCH4 at 2030 | cm rel 1995-2014 | julia 1.12.6"
2169,te,0.0008180626230718246,0.0008836117809626111,8.659534768373152e-6,0.00038721756229591624,0.0016414611313081188,"scope_slr_pulse_vv.jl | SLR-RFF-BRICK 39cedc0 | Ladrillo L27 (v1.2) | draws parameters_subsample_brick_mengel_L27.csv, 500/chain | paleo assignment :single (seed 20260920) | land-water anchor :zero_at_first_year | lws observed | climate MAGICC-SLR 600 members, vv_pulse_wide_20261009 | forcing spliced | tap true | pair seed 2026 | record conditioning: common draw set with the FaIR arm, dropped 2 of 2000 | pulse 0.01 GtCH4 at 2030 | cm rel 1995-2014 | julia 1.12.6"
2170,te,0.000816919385682624,0.0008822308334848936,8.654749702088179e-6,0.0003868112643552024,0.0016409157019158015,"scope_slr_pulse_vv.jl | SLR-RFF-BRICK 39cedc0 | Ladrillo L27 (v1.2) | draws parameters_subsample_brick_mengel_L27.csv, 500/chain | paleo assignment :single (seed 20260920) | land-water anchor :zero_at_first_year | lws observed | climate MAGICC-SLR 600 members, vv_pulse_wide_20261009 | forcing spliced | tap true | pair seed 2026 | record conditioning: common draw set with the FaIR arm, dropped 2 of 2000 | pulse 0.01 GtCH4 at 2030 | cm rel 1995-2014 | julia 1.12.6"
2171,te,0.0008152717585367952,0.0008808641864928587,8.64992060658272e-6,0.0003859313374938722,0.0016397734398644558,"scope_slr_pulse_vv.jl | SLR-RFF-BRICK 39cedc0 | Ladrillo L27 (v1.2) | draws parameters_subsample_brick_mengel_L27.csv, 500/chain | paleo assignment :single (seed 20260920) | land-water anchor :zero_at_first_year | lws observed | climate MAGICC-SLR 600 members, vv_pulse_wide_20261009 | forcing spliced | tap true | pair seed 2026 | record conditioning: common draw set with the FaIR arm, dropped 2 of 2000 | pulse 0.01 GtCH4 at 2030 | cm rel 1995-2014 | julia 1.12.6"
2172,te,0.0008140612315443718,0.000879513403127457,8.645076824561723e-6,0.00038506483093154743,0.0016384691392424598,"scope_slr_pulse_vv.jl | SLR-RFF-BRICK 39cedc0 | Ladrillo L27 (v1.2) | draws parameters_subsample_brick_mengel_L27.csv, 500/chain | paleo assignment :single (seed 20260920) | land-water anchor :zero_at_first_year | lws observed | climate MAGICC-SLR 600 members, vv_pulse_wide_20261009 | forcing spliced | tap true | pair seed 2026 | record conditioning: common draw set with the FaIR arm, dropped 2 of 2000 | pulse 0.01 GtCH4 at 2030 | cm rel 1995-2014 | julia 1.12.6"
2173,te,0.0008128043749557889,0.000878180857074916,8.640274645663076e-6,0.00038421329223048417,0.0016373689113638788,"scope_slr_pulse_vv.jl | SLR-RFF-BRICK 39cedc0 | Ladrillo L27 (v1.2) | draws parameters_subsample_brick_mengel_L27.csv, 500/chain | paleo assignment :single (seed 20260920) | land-water anchor :zero_at_first_year | lws observed | climate MAGICC-SLR 600 members, vv_pulse_wide_20261009 | forcing spliced | tap true | pair seed 2026 | record conditioning: common draw set with the FaIR arm, dropped 2 of 2000 | pulse 0.01 GtCH4 at 2030 | cm rel 1995-2014 | julia 1.12.6"
2174,te,0.0008115683124252371,0.000876862914005622,8.63527719668981e-6,0.00038362723899307836,0.001635491311226289,"scope_slr_pulse_vv.jl | SLR-RFF-BRICK 39cedc0 | Ladrillo L27 (v1.2) | draws parameters_subsample_brick_mengel_L27.csv, 500/chain | paleo assignment :single (seed 20260920) | land-water anchor :zero_at_first_year | lws observed | climate MAGICC-SLR 600 members, vv_pulse_wide_20261009 | forcing spliced | tap true | pair seed 2026 | record conditioning: common draw set with the FaIR arm, dropped 2 of 2000 | pulse 0.01 GtCH4 at 2030 | cm rel 1995-2014 | julia 1.12.6"
2175,te,0.0008101136820819477,0.000875555775089727,8.629926565090514e-6,0.00038386764034559206,0.0016336368311119281,"scope_slr_pulse_vv.jl | SLR-RFF-BRICK 39cedc0 | Ladrillo L27 (v1.2) | draws parameters_subsample_brick_mengel_L27.csv, 500/chain | paleo assignment :single (seed 20260920) | land-water anchor :zero_at_first_year | lws observed | climate MAGICC-SLR 600 members, vv_pulse_wide_20261009 | forcing spliced | tap true | pair seed 2026 | record conditioning: common draw set with the FaIR arm, dropped 2 of 2000 | pulse 0.01 GtCH4 at 2030 | cm rel 1995-2014 | julia 1.12.6"
2176,te,0.0008087056313748064,0.000874260662788243,8.62438589290876e-6,0.0003836471514233608,0.0016318041746234962,"scope_slr_pulse_vv.jl | SLR-RFF-BRICK 39cedc0 | Ladrillo L27 (v1.2) | draws parameters_subsample_brick_mengel_L27.csv, 500/chain | paleo assignment :single (seed 20260920) | land-water anchor :zero_at_first_year | lws observed | climate MAGICC-SLR 600 members, vv_pulse_wide_20261009 | forcing spliced | tap true | pair seed 2026 | record conditioning: common draw set with the FaIR arm, dropped 2 of 2000 | pulse 0.01 GtCH4 at 2030 | cm rel 1995-2014 | julia 1.12.6"
2177,te,0.0008074626655059092,0.0008729772826744105,8.618749690428868e-6,0.00038354706587995224,0.001629939930436918,"scope_slr_pulse_vv.jl | SLR-RFF-BRICK 39cedc0 | Ladrillo L27 (v1.2) | draws parameters_subsample_brick_mengel_L27.csv, 500/chain | paleo assignment :single (seed 20260920) | land-water anchor :zero_at_first_year | lws observed | climate MAGICC-SLR 600 members, vv_pulse_wide_20261009 | forcing spliced | tap true | pair seed 2026 | record conditioning: common draw set with the FaIR arm, dropped 2 of 2000 | pulse 0.01 GtCH4 at 2030 | cm rel 1995-2014 | julia 1.12.6"
2178,te,0.0008060439896464544,0.0008717047860203216,8.613068190685112e-6,0.00038328980155473153,0.0016277725198190034,"scope_slr_pulse_vv.jl | SLR-RFF-BRICK 39cedc0 | Ladrillo L27 (v1.2) | draws parameters_subsample_brick_mengel_L27.csv, 500/chain | paleo assignment :single (seed 20260920) | land-water anchor :zero_at_first_year | lws observed | climate MAGICC-SLR 600 members, vv_pulse_wide_20261009 | forcing spliced | tap true | pair seed 2026 | record conditioning: common draw set with the FaIR arm, dropped 2 of 2000 | pulse 0.01 GtCH4 at 2030 | cm rel 1995-2014 | julia 1.12.6"
2179,te,0.0008044728141776147,0.0008704432212411116,8.607369564819684e-6,0.000382198317990401,0.001625624807433112,"scope_slr_pulse_vv.jl | SLR-RFF-BRICK 39cedc0 | Ladrillo L27 (v1.2) | draws parameters_subsample_brick_mengel_L27.csv, 500/chain | paleo assignment :single (seed 20260920) | land-water anchor :zero_at_first_year | lws observed | climate MAGICC-SLR 600 members, vv_pulse_wide_20261009 | forcing spliced | tap true | pair seed 2026 | record conditioning: common draw set with the FaIR arm, dropped 2 of 2000 | pulse 0.01 GtCH4 at 2030 | cm rel 1995-2014 | julia 1.12.6"
2180,te,0.0008029321569367198,0.0008691943462722796,8.601664126544438e-6,0.0003811235048551964,0.0016234966455805017,"scope_slr_pulse_vv.jl | SLR-RFF-BRICK 39cedc0 | Ladrillo L27 (v1.2) | draws parameters_subsample_brick_mengel_L27.csv, 500/chain | paleo assignment :single (seed 20260920) | land-water anchor :zero_at_first_year | lws observed | climate MAGICC-SLR 600 members, vv_pulse_wide_20261009 | forcing spliced | tap true | pair seed 2026 | record conditioning: common draw set with the FaIR arm, dropped 2 of 2000 | pulse 0.01 GtCH4 at 2030 | cm rel 1995-2014 | julia 1.12.6"
2181,te,0.0008017742994113064,0.0008679583041680097,8.595965365832513e-6,0.00038006579655398555,0.001621387831937326,"scope_slr_pulse_vv.jl | SLR-RFF-BRICK 39cedc0 | Ladrillo L27 (v1.2) | draws parameters_subsample_brick_mengel_L27.csv, 500/chain | paleo assignment :single (seed 20260920) | land-water anchor :zero_at_first_year | lws observed | climate MAGICC-SLR 600 members, vv_pulse_wide_20261009 | forcing spliced | tap true | pair seed 2026 | record conditioning: common draw set with the FaIR arm, dropped 2 of 2000 | pulse 0.01 GtCH4 at 2030 | cm rel 1995-2014 | julia 1.12.6"
2182,te,0.0008008729986332952,0.0008667350141437182,8.59028554795418e-6,0.0003790247173881767,0.0016192984350531954,"scope_slr_pulse_vv.jl | SLR-RFF-BRICK 39cedc0 | Ladrillo L27 (v1.2) | draws parameters_subsample_brick_mengel_L27.csv, 500/chain | paleo assignment :single (seed 20260920) | land-water anchor :zero_at_first_year | lws observed | climate MAGICC-SLR 600 members, vv_pulse_wide_20261009 | forcing spliced | tap true | pair seed 2026 | record conditioning: common draw set with the FaIR arm, dropped 2 of 2000 | pulse 0.01 GtCH4 at 2030 | cm rel 1995-2014 | julia 1.12.6"
2183,te,0.0007996642381655761,0.0008655248342844776,8.584631732509394e-6,0.00037799919469811983,0.0016172284953967161,"scope_slr_pulse_vv.jl | SLR-RFF-BRICK 39cedc0 | Ladrillo L27 (v1.2) | draws parameters_subsample_brick_mengel_L27.csv, 500/chain | paleo assignment :single (seed 20260920) | land-water anchor :zero_at_first_year | lws observed | climate MAGICC-SLR 600 members, vv_pulse_wide_20261009 | forcing spliced | tap true | pair seed 2026 | record conditioning: common draw set with the FaIR arm, dropped 2 of 2000 | pulse 0.01 GtCH4 at 2030 | cm rel 1995-2014 | julia 1.12.6"
2184,te,0.0007985476539502656,0.0008643283085227004,8.579011949448188e-6,0.00037721972413304886,0.0016151784684417692,"scope_slr_pulse_vv.jl | SLR-RFF-BRICK 39cedc0 | Ladrillo L27 (v1.2) | draws parameters_subsample_brick_mengel_L27.csv, 500/chain | paleo assignment :single (seed 20260920) | land-water anchor :zero_at_first_year | lws observed | climate MAGICC-SLR 600 members, vv_pulse_wide_20261009 | forcing spliced | tap true | pair seed 2026 | record conditioning: common draw set with the FaIR arm, dropped 2 of 2000 | pulse 0.01 GtCH4 at 2030 | cm rel 1995-2014 | julia 1.12.6"
2185,te,0.0007975251818912454,0.0008631461889258169,8.573434951061773e-6,0.0003770936070857545,0.0016132509189436205,"scope_slr_pulse_vv.jl | SLR-RFF-BRICK 39cedc0 | Ladrillo L27 (v1.2) | draws parameters_subsample_brick_mengel_L27.csv, 500/chain | paleo assignment :single (seed 20260920) | land-water anchor :zero_at_first_year | lws observed | climate MAGICC-SLR 600 members, vv_pulse_wide_20261009 | forcing spliced | tap true | pair seed 2026 | record conditioning: common draw set with the FaIR arm, dropped 2 of 2000 | pulse 0.01 GtCH4 at 2030 | cm rel 1995-2014 | julia 1.12.6"
2186,te,0.0007965156318405775,0.0008619795554383878,8.56791445656042e-6,0.00037700864332244064,0.0016115897122478625,"scope_slr_pulse_vv.jl | SLR-RFF-BRICK 39cedc0 | Ladrillo L27 (v1.2) | draws parameters_subsample_brick_mengel_L27.csv, 500/chain | paleo assignment :single (seed 20260920) | land-water anchor :zero_at_first_year | lws observed | climate MAGICC-SLR 600 members, vv_pulse_wide_20261009 | forcing spliced | tap true | pair seed 2026 | record conditioning: common draw set with the FaIR arm, dropped 2 of 2000 | pulse 0.01 GtCH4 at 2030 | cm rel 1995-2014 | julia 1.12.6"
2187,te,0.0007954210553720031,0.0008608286166039497,8.562445842526936e-6,0.000376323080643104,0.0016092911248875908,"scope_slr_pulse_vv.jl | SLR-RFF-BRICK 39cedc0 | Ladrillo L27 (v1.2) | draws parameters_subsample_brick_mengel_L27.csv, 500/chain | paleo assignment :single (seed 20260920) | land-water anchor :zero_at_first_year | lws observed | climate MAGICC-SLR 600 members, vv_pulse_wide_20261009 | forcing spliced | tap true | pair seed 2026 | record conditioning: common draw set with the FaIR arm, dropped 2 of 2000 | pulse 0.01 GtCH4 at 2030 | cm rel 1995-2014 | julia 1.12.6"
2188,te,0.0007940995886492885,0.0008596885926845054,8.556772582724931e-6,0.0003754741340895152,0.0016057617049160197,"scope_slr_pulse_vv.jl | SLR-RFF-BRICK 39cedc0 | Ladrillo L27 (v1.2) | draws parameters_subsample_brick_mengel_L27.csv, 500/chain | paleo assignment :single (seed 20260920) | land-water anchor :zero_at_first_year | lws observed | climate MAGICC-SLR 600 members, vv_pulse_wide_20261009 | forcing spliced | tap true | pair seed 2026 | record conditioning: common draw set with the FaIR arm, dropped 2 of 2000 | pulse 0.01 GtCH4 at 2030 | cm rel 1995-2014 | julia 1.12.6"
2189,te,0.0007927635805344835,0.000858561150636956,8.551015104419878e-6,0.00037463551685625875,0.0016026882789748947,"scope_slr_pulse_vv.jl | SLR-RFF-BRICK 39cedc0 | Ladrillo L27 (v1.2) | draws parameters_subsample_brick_mengel_L27.csv, 500/chain | paleo assignment :single (seed 20260920) | land-water anchor :zero_at_first_year | lws observed | climate MAGICC-SLR 600 members, vv_pulse_wide_20261009 | forcing spliced | tap true | pair seed 2026 | record conditioning: common draw set with the FaIR arm, dropped 2 of 2000 | pulse 0.01 GtCH4 at 2030 | cm rel 1995-2014 | julia 1.12.6"
2190,te,0.00079172840367292,0.0008574444188492186,8.545249620762327e-6,0.0003738067702476755,0.001600203137373412,"scope_slr_pulse_vv.jl | SLR-RFF-BRICK 39cedc0 | Ladrillo L27 (v1.2) | draws parameters_subsample_brick_mengel_L27.csv, 500/chain | paleo assignment :single (seed 20260920) | land-water anchor :zero_at_first_year | lws observed | climate MAGICC-SLR 600 members, vv_pulse_wide_20261009 | forcing spliced | tap true | pair seed 2026 | record conditioning: common draw set with the FaIR arm, dropped 2 of 2000 | pulse 0.01 GtCH4 at 2030 | cm rel 1995-2014 | julia 1.12.6"
2191,te,0.0007908095699722395,0.0008563367508801524,8.539506316821898e-6,0.00037298787385946496,0.0015977403869630528,"scope_slr_pulse_vv.jl | SLR-RFF-BRICK 39cedc0 | Ladrillo L27 (v1.2) | draws parameters_subsample_brick_mengel_L27.csv, 500/chain | paleo assignment :single (seed 20260920) | land-water anchor :zero_at_first_year | lws observed | climate MAGICC-SLR 600 members, vv_pulse_wide_20261009 | forcing spliced | tap true | pair seed 2026 | record conditioning: common draw set with the FaIR arm, dropped 2 of 2000 | pulse 0.01 GtCH4 at 2030 | cm rel 1995-2014 | julia 1.12.6"
2192,te,0.0007898289653258672,0.0008552384513547327,8.533793573339377e-6,0.0003721794106647636,0.0015952995819667128,"scope_slr_pulse_vv.jl | SLR-RFF-BRICK 39cedc0 | Ladrillo L27 (v1.2) | draws parameters_subsample_brick_mengel_L27.csv, 500/chain | paleo assignment :single (seed 20260920) | land-water anchor :zero_at_first_year | lws observed | climate MAGICC-SLR 600 members, vv_pulse_wide_20261009 | forcing spliced | tap true | pair seed 2026 | record conditioning: common draw set with the FaIR arm, dropped 2 of 2000 | pulse 0.01 GtCH4 at 2030 | cm rel 1995-2014 | julia 1.12.6"
2193,te,0.0007887095340439743,0.0008541503800338607,8.528113192451957e-6,0.0003713932591592695,0.0015928807797546787,"scope_slr_pulse_vv.jl | SLR-RFF-BRICK 39cedc0 | Ladrillo L27 (v1.2) | draws parameters_subsample_brick_mengel_L27.csv, 500/chain | paleo assignment :single (seed 20260920) | land-water anchor :zero_at_first_year | lws observed | climate MAGICC-SLR 600 members, vv_pulse_wide_20261009 | forcing spliced | tap true | pair seed 2026 | record conditioning: common draw set with the FaIR arm, dropped 2 of 2000 | pulse 0.01 GtCH4 at 2030 | cm rel 1995-2014 | julia 1.12.6"
2194,te,0.0007875314311966974,0.0008530732337224362,8.522467312262585e-6,0.00037065914749678797,0.0015905493519625213,"scope_slr_pulse_vv.jl | SLR-RFF-BRICK 39cedc0 | Ladrillo L27 (v1.2) | draws parameters_subsample_brick_mengel_L27.csv, 500/chain | paleo assignment :single (seed 20260920) | land-water anchor :zero_at_first_year | lws observed | climate MAGICC-SLR 600 members, vv_pulse_wide_20261009 | forcing spliced | tap true | pair seed 2026 | record conditioning: common draw set with the FaIR arm, dropped 2 of 2000 | pulse 0.01 GtCH4 at 2030 | cm rel 1995-2014 | julia 1.12.6"
2195,te,0.0007862930282236391,0.0008520076481022945,8.516860321073775e-6,0.0003699346905772671,0.0015886512173985058,"scope_slr_pulse_vv.jl | SLR-RFF-BRICK 39cedc0 | Ladrillo L27 (v1.2) | draws parameters_subsample_brick_mengel_L27.csv, 500/chain | paleo assignment :single (seed 20260920) | land-water anchor :zero_at_first_year | lws observed | climate MAGICC-SLR 600 members, vv_pulse_wide_20261009 | forcing spliced | tap true | pair seed 2026 | record conditioning: common draw set with the FaIR arm, dropped 2 of 2000 | pulse 0.01 GtCH4 at 2030 | cm rel 1995-2014 | julia 1.12.6"
2196,te,0.0007851846730666523,0.0008509552486392043,8.511301065371645e-6,0.00036921997459966606,0.0015867595542363934,"scope_slr_pulse_vv.jl | SLR-RFF-BRICK 39cedc0 | Ladrillo L27 (v1.2) | draws parameters_subsample_brick_mengel_L27.csv, 500/chain | paleo assignment :single (seed 20260920) | land-water anchor :zero_at_first_year | lws observed | climate MAGICC-SLR 600 members, vv_pulse_wide_20261009 | forcing spliced | tap true | pair seed 2026 | record conditioning: common draw set with the FaIR arm, dropped 2 of 2000 | pulse 0.01 GtCH4 at 2030 | cm rel 1995-2014 | julia 1.12.6"
2197,te,0.0007841183602330659,0.0008499141346788727,8.505767007425572e-6,0.00036868453410843216,0.0015848759443240813,"scope_slr_pulse_vv.jl | SLR-RFF-BRICK 39cedc0 | Ladrillo L27 (v1.2) | draws parameters_subsample_brick_mengel_L27.csv, 500/chain | paleo assignment :single (seed 20260920) | land-water anchor :zero_at_first_year | lws observed | climate MAGICC-SLR 600 members, vv_pulse_wide_20261009 | forcing spliced | tap true | pair seed 2026 | record conditioning: common draw set with the FaIR arm, dropped 2 of 2000 | pulse 0.01 GtCH4 at 2030 | cm rel 1995-2014 | julia 1.12.6"
2198,te,0.0007834983264309869,0.0008488848970073757,8.500284700686737e-6,0.00036831013186819914,0.0015830004530140928,"scope_slr_pulse_vv.jl | SLR-RFF-BRICK 39cedc0 | Ladrillo L27 (v1.2) | draws parameters_subsample_brick_mengel_L27.csv, 500/chain | paleo assignment :single (seed 20260920) | land-water anchor :zero_at_first_year | lws observed | climate MAGICC-SLR 600 members, vv_pulse_wide_20261009 | forcing spliced | tap true | pair seed 2026 | record conditioning: common draw set with the FaIR arm, dropped 2 of 2000 | pulse 0.01 GtCH4 at 2030 | cm rel 1995-2014 | julia 1.12.6"
2199,te,0.0007830551854546286,0.0008478665213462333,8.494868693118861e-6,0.0003679840960140624,0.001581131668334733,"scope_slr_pulse_vv.jl | SLR-RFF-BRICK 39cedc0 | Ladrillo L27 (v1.2) | draws parameters_subsample_brick_mengel_L27.csv, 500/chain | paleo assignment :single (seed 20260920) | land-water anchor :zero_at_first_year | lws observed | climate MAGICC-SLR 600 members, vv_pulse_wide_20261009 | forcing spliced | tap true | pair seed 2026 | record conditioning: common draw set with the FaIR arm, dropped 2 of 2000 | pulse 0.01 GtCH4 at 2030 | cm rel 1995-2014 | julia 1.12.6"
2200,te,0.0007820427783507,0.0008468567938188876,8.489520779681282e-6,0.00036766249004287487,0.0015799028229551472,"scope_slr_pulse_vv.jl | SLR-RFF-BRICK 39cedc0 | Ladrillo L27 (v1.2) | draws parameters_subsample_brick_mengel_L27.csv, 500/chain | paleo assignment :single (seed 20260920) | land-water anchor :zero_at_first_year | lws observed | climate MAGICC-SLR 600 members, vv_pulse_wide_20261009 | forcing spliced | tap true | pair seed 2026 | record conditioning: common draw set with the FaIR arm, dropped 2 of 2000 | pulse 0.01 GtCH4 at 2030 | cm rel 1995-2014 | julia 1.12.6"
2201,te,0.000781181061828562,0.0008458554623692515,8.484251536375032e-6,0.00036734479582243294,0.001579679684911638,"scope_slr_pulse_vv.jl | SLR-RFF-BRICK 39cedc0 | Ladrillo L27 (v1.2) | draws parameters_subsample_brick_mengel_L27.csv, 500/chain | paleo assignment :single (seed 20260920) | land-water anchor :zero_at_first_year | lws observed | climate MAGICC-SLR 600 members, vv_pulse_wide_20261009 | forcing spliced | tap true | pair seed 2026 | record conditioning: common draw set with the FaIR arm, dropped 2 of 2000 | pulse 0.01 GtCH4 at 2030 | cm rel 1995-2014 | julia 1.12.6"
2202,te,0.0007802940287078286,0.0008448621076815228,8.479044533800228e-6,0.0003670308944656142,0.0015794622016592533,"scope_slr_pulse_vv.jl | SLR-RFF-BRICK 39cedc0 | Ladrillo L27 (v1.2) | draws parameters_subsample_brick_mengel_L27.csv, 500/chain | paleo assignment :single (seed 20260920) | land-water anchor :zero_at_first_year | lws observed | climate MAGICC-SLR 600 members, vv_pulse_wide_20261009 | forcing spliced | tap true | pair seed 2026 | record conditioning: common draw set with the FaIR arm, dropped 2 of 2000 | pulse 0.01 GtCH4 at 2030 | cm rel 1995-2014 | julia 1.12.6"
2203,te,0.0007791019433156521,0.0008438778315406578,8.473882837031954e-6,0.0003667210400806198,0.001579250335590387,"scope_slr_pulse_vv.jl | SLR-RFF-BRICK 39cedc0 | Ladrillo L27 (v1.2) | draws parameters_subsample_brick_mengel_L27.csv, 500/chain | paleo assignment :single (seed 20260920) | land-water anchor :zero_at_first_year | lws observed | climate MAGICC-SLR 600 members, vv_pulse_wide_20261009 | forcing spliced | tap true | pair seed 2026 | record conditioning: common draw set with the FaIR arm, dropped 2 of 2000 | pulse 0.01 GtCH4 at 2030 | cm rel 1995-2014 | julia 1.12.6"
2204,te,0.0007782356831462778,0.0008429025434009634,8.46875484001161e-6,0.00036641525552223443,0.0015790439063636083,"scope_slr_pulse_vv.jl | SLR-RFF-BRICK 39cedc0 | Ladrillo L27 (v1.2) | draws parameters_subsample_brick_mengel_L27.csv, 500/chain | paleo assignment :single (seed 20260920) | land-water anchor :zero_at_first_year | lws observed | climate MAGICC-SLR 600 members, vv_pulse_wide_20261009 | forcing spliced | tap true | pair seed 2026 | record conditioning: common draw set with the FaIR arm, dropped 2 of 2000 | pulse 0.01 GtCH4 at 2030 | cm rel 1995-2014 | julia 1.12.6"
2205,te,0.0007771315011559921,0.0008419363492038788,8.463654814730444e-6,0.00036611356849896025,0.0015788059808134135,"scope_slr_pulse_vv.jl | SLR-RFF-BRICK 39cedc0 | Ladrillo L27 (v1.2) | draws parameters_subsample_brick_mengel_L27.csv, 500/chain | paleo assignment :single (seed 20260920) | land-water anchor :zero_at_first_year | lws observed | climate MAGICC-SLR 600 members, vv_pulse_wide_20261009 | forcing spliced | tap true | pair seed 2026 | record conditioning: common draw set with the FaIR arm, dropped 2 of 2000 | pulse 0.01 GtCH4 at 2030 | cm rel 1995-2014 | julia 1.12.6"
2206,te,0.000775908532652636,0.0008409796289390687,8.458581622276455e-6,0.0003658160697501245,0.001577479273220916,"scope_slr_pulse_vv.jl | SLR-RFF-BRICK 39cedc0 | Ladrillo L27 (v1.2) | draws parameters_subsample_brick_mengel_L27.csv, 500/chain | paleo assignment :single (seed 20260920) | land-water anchor :zero_at_first_year | lws observed | climate MAGICC-SLR 600 members, vv_pulse_wide_20261009 | forcing spliced | tap true | pair seed 2026 | record conditioning: common draw set with the FaIR arm, dropped 2 of 2000 | pulse 0.01 GtCH4 at 2030 | cm rel 1995-2014 | julia 1.12.6"
2207,te,0.000774812830190541,0.0008400326971538485,8.453539208438674e-6,0.0003655000505590422,0.0015759576253071114,"scope_slr_pulse_vv.jl | SLR-RFF-BRICK 39cedc0 | Ladrillo L27 (v1.2) | draws parameters_subsample_brick_mengel_L27.csv, 500/chain | paleo assignment :single (seed 20260920) | land-water anchor :zero_at_first_year | lws observed | climate MAGICC-SLR 600 members, vv_pulse_wide_20261009 | forcing spliced | tap true | pair seed 2026 | record conditioning: common draw set with the FaIR arm, dropped 2 of 2000 | pulse 0.01 GtCH4 at 2030 | cm rel 1995-2014 | julia 1.12.6"
2208,te,0.000773893899310707,0.0008390965715368186,8.448534314093129e-6,0.00036494967331606175,0.0015743417014238755,"scope_slr_pulse_vv.jl | SLR-RFF-BRICK 39cedc0 | Ladrillo L27 (v1.2) | draws parameters_subsample_brick_mengel_L27.csv, 500/chain | paleo assignment :single (seed 20260920) | land-water anchor :zero_at_first_year | lws observed | climate MAGICC-SLR 600 members, vv_pulse_wide_20261009 | forcing spliced | tap true | pair seed 2026 | record conditioning: common draw set with the FaIR arm, dropped 2 of 2000 | pulse 0.01 GtCH4 at 2030 | cm rel 1995-2014 | julia 1.12.6"
2209,te,0.0007730471563469621,0.0008381718970439483,8.443577230821867e-6,0.00036434968439067464,0.0015725650784752078,"scope_slr_pulse_vv.jl | SLR-RFF-BRICK 39cedc0 | Ladrillo L27 (v1.2) | draws parameters_subsample_brick_mengel_L27.csv, 500/chain | paleo assignment :single (seed 20260920) | land-water anchor :zero_at_first_year | lws observed | climate MAGICC-SLR 600 members, vv_pulse_wide_20261009 | forcing spliced | tap true | pair seed 2026 | record conditioning: common draw set with the FaIR arm, dropped 2 of 2000 | pulse 0.01 GtCH4 at 2030 | cm rel 1995-2014 | julia 1.12.6"
2210,te,0.0007724333353493762,0.0008372585600511655,8.438685925093908e-6,0.0003637066945332279,0.0015712570386114066,"scope_slr_pulse_vv.jl | SLR-RFF-BRICK 39cedc0 | Ladrillo L27 (v1.2) | draws parameters_subsample_brick_mengel_L27.csv, 500/chain | paleo assignment :single (seed 20260920) | land-water anchor :zero_at_first_year | lws observed | climate MAGICC-SLR 600 members, vv_pulse_wide_20261009 | forcing spliced | tap true | pair seed 2026 | record conditioning: common draw set with the FaIR arm, dropped 2 of 2000 | pulse 0.01 GtCH4 at 2030 | cm rel 1995-2014 | julia 1.12.6"
2211,te,0.0007718155712019836,0.0008363518180645593,8.433634020666369e-6,0.0003631864534261453,0.0015698488860330425,"scope_slr_pulse_vv.jl | SLR-RFF-BRICK 39cedc0 | Ladrillo L27 (v1.2) | draws parameters_subsample_brick_mengel_L27.csv, 500/chain | paleo assignment :single (seed 20260920) | land-water anchor :zero_at_first_year | lws observed | climate MAGICC-SLR 600 members, vv_pulse_wide_20261009 | forcing spliced | tap true | pair seed 2026 | record conditioning: common draw set with the FaIR arm, dropped 2 of 2000 | pulse 0.01 GtCH4 at 2030 | cm rel 1995-2014 | julia 1.12.6"
2212,te,0.0007709397588371303,0.0008354519476419147,8.428526793435754e-6,0.00036269730105882304,0.001568363762457636,"scope_slr_pulse_vv.jl | SLR-RFF-BRICK 39cedc0 | Ladrillo L27 (v1.2) | draws parameters_subsample_brick_mengel_L27.csv, 500/chain | paleo assignment :single (seed 20260920) | land-water anchor :zero_at_first_year | lws observed | climate MAGICC-SLR 600 members, vv_pulse_wide_20261009 | forcing spliced | tap true | pair seed 2026 | record conditioning: common draw set with the FaIR arm, dropped 2 of 2000 | pulse 0.01 GtCH4 at 2030 | cm rel 1995-2014 | julia 1.12.6"
2213,te,0.0007698793638972745,0.0008345587119994917,8.423405053253895e-6,0.00036246757325386625,0.0015674134037283237,"scope_slr_pulse_vv.jl | SLR-RFF-BRICK 39cedc0 | Ladrillo L27 (v1.2) | draws parameters_subsample_brick_mengel_L27.csv, 500/chain | paleo assignment :single (seed 20260920) | land-water anchor :zero_at_first_year | lws observed | climate MAGICC-SLR 600 members, vv_pulse_wide_20261009 | forcing spliced | tap true | pair seed 2026 | record conditioning: common draw set with the FaIR arm, dropped 2 of 2000 | pulse 0.01 GtCH4 at 2030 | cm rel 1995-2014 | julia 1.12.6"
2214,te,0.0007690400681532594,0.0008336720552522141,8.418287544512968e-6,0.00036219706042004416,0.0015656437848054591,"scope_slr_pulse_vv.jl | SLR-RFF-BRICK 39cedc0 | Ladrillo L27 (v1.2) | draws parameters_subsample_brick_mengel_L27.csv, 500/chain | paleo assignment :single (seed 20260920) | land-water anchor :zero_at_first_year | lws observed | climate MAGICC-SLR 600 members, vv_pulse_wide_20261009 | forcing spliced | tap true | pair seed 2026 | record conditioning: common draw set with the FaIR arm, dropped 2 of 2000 | pulse 0.01 GtCH4 at 2030 | cm rel 1995-2014 | julia 1.12.6"
2215,te,0.0007682076528610082,0.0008327916353201392,8.413172909055028e-6,0.0003619672311378608,0.0015649475045858452,"scope_slr_pulse_vv.jl | SLR-RFF-BRICK 39cedc0 | Ladrillo L27 (v1.2) | draws parameters_subsample_brick_mengel_L27.csv, 500/chain | paleo assignment :single (seed 20260920) | land-water anchor :zero_at_first_year | lws observed | climate MAGICC-SLR 600 members, vv_pulse_wide_20261009 | forcing spliced | tap true | pair seed 2026 | record conditioning: common draw set with the FaIR arm, dropped 2 of 2000 | pulse 0.01 GtCH4 at 2030 | cm rel 1995-2014 | julia 1.12.6"
2216,te,0.0007671208542774366,0.0008319174834306592,8.408058009111308e-6,0.0003618000911053798,0.0015639155750243104,"scope_slr_pulse_vv.jl | SLR-RFF-BRICK 39cedc0 | Ladrillo L27 (v1.2) | draws parameters_subsample_brick_mengel_L27.csv, 500/chain | paleo assignment :single (seed 20260920) | land-water anchor :zero_at_first_year | lws observed | climate MAGICC-SLR 600 members, vv_pulse_wide_20261009 | forcing spliced | tap true | pair seed 2026 | record conditioning: common draw set with the FaIR arm, dropped 2 of 2000 | pulse 0.01 GtCH4 at 2030 | cm rel 1995-2014 | julia 1.12.6"
2217,te,0.0007661619302830047,0.0008310506828690929,8.402948808471752e-6,0.0003616350601019391,0.0015626117369212265,"scope_slr_pulse_vv.jl | SLR-RFF-BRICK 39cedc0 | Ladrillo L27 (v1.2) | draws parameters_subsample_brick_mengel_L27.csv, 500/chain | paleo assignment :single (seed 20260920) | land-water anchor :zero_at_first_year | lws observed | climate MAGICC-SLR 600 members, vv_pulse_wide_20261009 | forcing spliced | tap true | pair seed 2026 | record conditioning: common draw set with the FaIR arm, dropped 2 of 2000 | pulse 0.01 GtCH4 at 2030 | cm rel 1995-2014 | julia 1.12.6"
2218,te,0.0007652657909460459,0.0008301921234545428,8.397852279961216e-6,0.00036137315587012606,0.0015613231681086857,"scope_slr_pulse_vv.jl | SLR-RFF-BRICK 39cedc0 | Ladrillo L27 (v1.2) | draws parameters_subsample_brick_mengel_L27.csv, 500/chain | paleo assignment :single (seed 20260920) | land-water anchor :zero_at_first_year | lws observed | climate MAGICC-SLR 600 members, vv_pulse_wide_20261009 | forcing spliced | tap true | pair seed 2026 | record conditioning: common draw set with the FaIR arm, dropped 2 of 2000 | pulse 0.01 GtCH4 at 2030 | cm rel 1995-2014 | julia 1.12.6"
2219,te,0.0007643328146826889,0.0008293430033557615,8.392780970157327e-6,0.0003612047023558773,0.0015610765790579958,"scope_slr_pulse_vv.jl | SLR-RFF-BRICK 39cedc0 | Ladrillo L27 (v1.2) | draws parameters_subsample_brick_mengel_L27.csv, 500/chain | paleo assignment :single (seed 20260920) | land-water anchor :zero_at_first_year | lws observed | climate MAGICC-SLR 600 members, vv_pulse_wide_20261009 | forcing spliced | tap true | pair seed 2026 | record conditioning: common draw set with the FaIR arm, dropped 2 of 2000 | pulse 0.01 GtCH4 at 2030 | cm rel 1995-2014 | julia 1.12.6"
2220,te,0.0007635006814510348,0.0008285046211058284,8.387747427330137e-6,0.0003609613798824185,0.0015623305888173176,"scope_slr_pulse_vv.jl | SLR-RFF-BRICK 39cedc0 | Ladrillo L27 (v1.2) | draws parameters_subsample_brick_mengel_L27.csv, 500/chain | paleo assignment :single (seed 20260920) | land-water anchor :zero_at_first_year | lws observed | climate MAGICC-SLR 600 members, vv_pulse_wide_20261009 | forcing spliced | tap true | pair seed 2026 | record conditioning: common draw set with the FaIR arm, dropped 2 of 2000 | pulse 0.01 GtCH4 at 2030 | cm rel 1995-2014 | julia 1.12.6"
2221,te,0.0007624906490093508,0.0008276762564987379,8.382757947037385e-6,0.00036072259065669245,0.0015621946262005077,"scope_slr_pulse_vv.jl | SLR-RFF-BRICK 39cedc0 | Ladrillo L27 (v1.2) | draws parameters_subsample_brick_mengel_L27.csv, 500/chain | paleo assignment :single (seed 20260920) | land-water anchor :zero_at_first_year | lws observed | climate MAGICC-SLR 600 members, vv_pulse_wide_20261009 | forcing spliced | tap true | pair seed 2026 | record conditioning: common draw set with the FaIR arm, dropped 2 of 2000 | pulse 0.01 GtCH4 at 2030 | cm rel 1995-2014 | julia 1.12.6"
2222,te,0.0007618166044842667,0.0008268581305450746,8.377823276898034e-6,0.0003604882154267131,0.0015613893900603413,"scope_slr_pulse_vv.jl | SLR-RFF-BRICK 39cedc0 | Ladrillo L27 (v1.2) | draws parameters_subsample_brick_mengel_L27.csv, 500/chain | paleo assignment :single (seed 20260920) | land-water anchor :zero_at_first_year | lws observed | climate MAGICC-SLR 600 members, vv_pulse_wide_20261009 | forcing spliced | tap true | pair seed 2026 | record conditioning: common draw set with the FaIR arm, dropped 2 of 2000 | pulse 0.01 GtCH4 at 2030 | cm rel 1995-2014 | julia 1.12.6"
2223,te,0.0007613837147069091,0.0008260484826805957,8.372958298970246e-6,0.00035998112443138555,0.0015600126249445622,"scope_slr_pulse_vv.jl | SLR-RFF-BRICK 39cedc0 | Ladrillo L27 (v1.2) | draws parameters_subsample_brick_mengel_L27.csv, 500/chain | paleo assignment :single (seed 20260920) | land-water anchor :zero_at_first_year | lws observed | climate MAGICC-SLR 600 members, vv_pulse_wide_20261009 | forcing spliced | tap true | pair seed 2026 | record conditioning: common draw set with the FaIR arm, dropped 2 of 2000 | pulse 0.01 GtCH4 at 2030 | cm rel 1995-2014 | julia 1.12.6"
2224,te,0.0007606122627272782,0.0008252445606867923,8.368161560661207e-6,0.00035945199754294777,0.0015573631031372771,"scope_slr_pulse_vv.jl | SLR-RFF-BRICK 39cedc0 | Ladrillo L27 (v1.2) | draws parameters_subsample_brick_mengel_L27.csv, 500/chain | paleo assignment :single (seed 20260920) | land-water anchor :zero_at_first_year | lws observed | climate MAGICC-SLR 600 members, vv_pulse_wide_20261009 | forcing spliced | tap true | pair seed 2026 | record conditioning: common draw set with the FaIR arm, dropped 2 of 2000 | pulse 0.01 GtCH4 at 2030 | cm rel 1995-2014 | julia 1.12.6"
2225,te,0.0007601636081986385,0.0008244449980456249,8.363435988251738e-6,0.00035892624627233973,0.0015548859529040725,"scope_slr_pulse_vv.jl | SLR-RFF-BRICK 39cedc0 | Ladrillo L27 (v1.2) | draws parameters_subsample_brick_mengel_L27.csv, 500/chain | paleo assignment :single (seed 20260920) | land-water anchor :zero_at_first_year | lws observed | climate MAGICC-SLR 600 members, vv_pulse_wide_20261009 | forcing spliced | tap true | pair seed 2026 | record conditioning: common draw set with the FaIR arm, dropped 2 of 2000 | pulse 0.01 GtCH4 at 2030 | cm rel 1995-2014 | julia 1.12.6"
2226,te,0.0007598802086157264,0.0008236498097435929,8.35876651992568e-6,0.00035840385168341984,0.0015528294020398898,"scope_slr_pulse_vv.jl | SLR-RFF-BRICK 39cedc0 | Ladrillo L27 (v1.2) | draws parameters_subsample_brick_mengel_L27.csv, 500/chain | paleo assignment :single (seed 20260920) | land-water anchor :zero_at_first_year | lws observed | climate MAGICC-SLR 600 members, vv_pulse_wide_20261009 | forcing spliced | tap true | pair seed 2026 | record conditioning: common draw set with the FaIR arm, dropped 2 of 2000 | pulse 0.01 GtCH4 at 2030 | cm rel 1995-2014 | julia 1.12.6"
2227,te,0.000759469164545834,0.0008228600633474693,8.354129635908138e-6,0.0003578850278898926,0.001550780389698402,"scope_slr_pulse_vv.jl | SLR-RFF-BRICK 39cedc0 | Ladrillo L27 (v1.2) | draws parameters_subsample_brick_mengel_L27.csv, 500/chain | paleo assignment :single (seed 20260920) | land-water anchor :zero_at_first_year | lws observed | climate MAGICC-SLR 600 members, vv_pulse_wide_20261009 | forcing spliced | tap true | pair seed 2026 | record conditioning: common draw set with the FaIR arm, dropped 2 of 2000 | pulse 0.01 GtCH4 at 2030 | cm rel 1995-2014 | julia 1.12.6"
2228,te,0.0007587432139217754,0.0008220766816679891,8.34951411057898e-6,0.00035737037227239203,0.0015490237484335966,"scope_slr_pulse_vv.jl | SLR-RFF-BRICK 39cedc0 | Ladrillo L27 (v1.2) | draws parameters_subsample_brick_mengel_L27.csv, 500/chain | paleo assignment :single (seed 20260920) | land-water anchor :zero_at_first_year | lws observed | climate MAGICC-SLR 600 members, vv_pulse_wide_20261009 | forcing spliced | tap true | pair seed 2026 | record conditioning: common draw set with the FaIR arm, dropped 2 of 2000 | pulse 0.01 GtCH4 at 2030 | cm rel 1995-2014 | julia 1.12.6"
2229,te,0.0007580272547862421,0.0008213004071256838,8.344920987330153e-6,0.0003568602093327655,0.0015480329563480652,"scope_slr_pulse_vv.jl | SLR-RFF-BRICK 39cedc0 | Ladrillo L27 (v1.2) | draws parameters_subsample_brick_mengel_L27.csv, 500/chain | paleo assignment :single (seed 20260920) | land-water anchor :zero_at_first_year | lws observed | climate MAGICC-SLR 600 members, vv_pulse_wide_20261009 | forcing spliced | tap true | pair seed 2026 | record conditioning: common draw set with the FaIR arm, dropped 2 of 2000 | pulse 0.01 GtCH4 at 2030 | cm rel 1995-2014 | julia 1.12.6"
2230,te,0.0007571706191171756,0.0008205330907307938,8.340353512356856e-6,0.00035635555420672206,0.0015470353489341433,"scope_slr_pulse_vv.jl | SLR-RFF-BRICK 39cedc0 | Ladrillo L27 (v1.2) | draws parameters_subsample_brick_mengel_L27.csv, 500/chain | paleo assignment :single (seed 20260920) | land-water anchor :zero_at_first_year | lws observed | climate MAGICC-SLR 600 members, vv_pulse_wide_20261009 | forcing spliced | tap true | pair seed 2026 | record conditioning: common draw set with the FaIR arm, dropped 2 of 2000 | pulse 0.01 GtCH4 at 2030 | cm rel 1995-2014 | julia 1.12.6"
2231,te,0.0007563006095026026,0.0008197748343887172,8.335822955112377e-6,0.0003558569014716184,0.001545932368998491,"scope_slr_pulse_vv.jl | SLR-RFF-BRICK 39cedc0 | Ladrillo L27 (v1.2) | draws parameters_subsample_brick_mengel_L27.csv, 500/chain | paleo assignment :single (seed 20260920) | land-water anchor :zero_at_first_year | lws observed | climate MAGICC-SLR 600 members, vv_pulse_wide_20261009 | forcing spliced | tap true | pair seed 2026 | record conditioning: common draw set with the FaIR arm, dropped 2 of 2000 | pulse 0.01 GtCH4 at 2030 | cm rel 1995-2014 | julia 1.12.6"
2232,te,0.0007555170423607649,0.0008190247577156347,8.331340605088423e-6,0.0003553636292746631,0.0015446644105338674,"scope_slr_pulse_vv.jl | SLR-RFF-BRICK 39cedc0 | Ladrillo L27 (v1.2) | draws parameters_subsample_brick_mengel_L27.csv, 500/chain | paleo assignment :single (seed 20260920) | land-water anchor :zero_at_first_year | lws observed | climate MAGICC-SLR 600 members, vv_pulse_wide_20261009 | forcing spliced | tap true | pair seed 2026 | record conditioning: common draw set with the FaIR arm, dropped 2 of 2000 | pulse 0.01 GtCH4 at 2030 | cm rel 1995-2014 | julia 1.12.6"
2233,te,0.0007545550605385642,0.0008182823482486229,8.32690881208143e-6,0.00035482708515832684,0.001543004935209068,"scope_slr_pulse_vv.jl | SLR-RFF-BRICK 39cedc0 | Ladrillo L27 (v1.2) | draws parameters_subsample_brick_mengel_L27.csv, 500/chain | paleo assignment :single (seed 20260920) | land-water anchor :zero_at_first_year | lws observed | climate MAGICC-SLR 600 members, vv_pulse_wide_20261009 | forcing spliced | tap true | pair seed 2026 | record conditioning: common draw set with the FaIR arm, dropped 2 of 2000 | pulse 0.01 GtCH4 at 2030 | cm rel 1995-2014 | julia 1.12.6"
2234,te,0.0007533718044214766,0.0008175469410667202,8.32252640029277e-6,0.000354275046526098,0.001541360398304902,"scope_slr_pulse_vv.jl | SLR-RFF-BRICK 39cedc0 | Ladrillo L27 (v1.2) | draws parameters_subsample_brick_mengel_L27.csv, 500/chain | paleo assignment :single (seed 20260920) | land-water anchor :zero_at_first_year | lws observed | climate MAGICC-SLR 600 members, vv_pulse_wide_20261009 | forcing spliced | tap true | pair seed 2026 | record conditioning: common draw set with the FaIR arm, dropped 2 of 2000 | pulse 0.01 GtCH4 at 2030 | cm rel 1995-2014 | julia 1.12.6"
2235,te,0.0007527454330507055,0.000816817128476734,8.318190639710182e-6,0.00035380048090800643,0.0015397298758742291,"scope_slr_pulse_vv.jl | SLR-RFF-BRICK 39cedc0 | Ladrillo L27 (v1.2) | draws parameters_subsample_brick_mengel_L27.csv, 500/chain | paleo assignment :single (seed 20260920) | land-water anchor :zero_at_first_year | lws observed | climate MAGICC-SLR 600 members, vv_pulse_wide_20261009 | forcing spliced | tap true | pair seed 2026 | record conditioning: common draw set with the FaIR arm, dropped 2 of 2000 | pulse 0.01 GtCH4 at 2030 | cm rel 1995-2014 | julia 1.12.6"
2236,te,0.0007521745084950737,0.0008160919296927186,8.31389650261763e-6,0.00035333040453338076,0.001538112644811207,"scope_slr_pulse_vv.jl | SLR-RFF-BRICK 39cedc0 | Ladrillo L27 (v1.2) | draws parameters_subsample_brick_mengel_L27.csv, 500/chain | paleo assignment :single (seed 20260920) | land-water anchor :zero_at_first_year | lws observed | climate MAGICC-SLR 600 members, vv_pulse_wide_20261009 | forcing spliced | tap true | pair seed 2026 | record conditioning: common draw set with the FaIR arm, dropped 2 of 2000 | pulse 0.01 GtCH4 at 2030 | cm rel 1995-2014 | julia 1.12.6"
2237,te,0.0007515356276854845,0.0008153711716696393,8.309635131724995e-6,0.00035294469319104845,0.0015369539452912307,"scope_slr_pulse_vv.jl | SLR-RFF-BRICK 39cedc0 | Ladrillo L27 (v1.2) | draws parameters_subsample_brick_mengel_L27.csv, 500/chain | paleo assignment :single (seed 20260920) | land-water anchor :zero_at_first_year | lws observed | climate MAGICC-SLR 600 members, vv_pulse_wide_20261009 | forcing spliced | tap true | pair seed 2026 | record conditioning: common draw set with the FaIR arm, dropped 2 of 2000 | pulse 0.01 GtCH4 at 2030 | cm rel 1995-2014 | julia 1.12.6"
2238,te,0.0007506280213398497,0.0008146553686697776,8.30539554046777e-6,0.000352216019532392,0.0015360231531079903,"scope_slr_pulse_vv.jl | SLR-RFF-BRICK 39cedc0 | Ladrillo L27 (v1.2) | draws parameters_subsample_brick_mengel_L27.csv, 500/chain | paleo assignment :single (seed 20260920) | land-water anchor :zero_at_first_year | lws observed | climate MAGICC-SLR 600 members, vv_pulse_wide_20261009 | forcing spliced | tap true | pair seed 2026 | record conditioning: common draw set with the FaIR arm, dropped 2 of 2000 | pulse 0.01 GtCH4 at 2030 | cm rel 1995-2014 | julia 1.12.6"
2239,te,0.0007495126706871247,0.0008139448653134064,8.301177052808394e-6,0.0003516903593471454,0.0015357881326821142,"scope_slr_pulse_vv.jl | SLR-RFF-BRICK 39cedc0 | Ladrillo L27 (v1.2) | draws parameters_subsample_brick_mengel_L27.csv, 500/chain | paleo assignment :single (seed 20260920) | land-water anchor :zero_at_first_year | lws observed | climate MAGICC-SLR 600 members, vv_pulse_wide_20261009 | forcing spliced | tap true | pair seed 2026 | record conditioning: common draw set with the FaIR arm, dropped 2 of 2000 | pulse 0.01 GtCH4 at 2030 | cm rel 1995-2014 | julia 1.12.6"
2240,te,0.0007489018365482991,0.000813240768751181,8.296983668908118e-6,0.00035112905910033025,0.0015352581423115907,"scope_slr_pulse_vv.jl | SLR-RFF-BRICK 39cedc0 | Ladrillo L27 (v1.2) | draws parameters_subsample_brick_mengel_L27.csv, 500/chain | paleo assignment :single (seed 20260920) | land-water anchor :zero_at_first_year | lws observed | climate MAGICC-SLR 600 members, vv_pulse_wide_20261009 | forcing spliced | tap true | pair seed 2026 | record conditioning: common draw set with the FaIR arm, dropped 2 of 2000 | pulse 0.01 GtCH4 at 2030 | cm rel 1995-2014 | julia 1.12.6"
2241,te,0.0007482709589936576,0.0008125445404641588,8.29282347186144e-6,0.0003505738671170988,0.0015348862261145512,"scope_slr_pulse_vv.jl | SLR-RFF-BRICK 39cedc0 | Ladrillo L27 (v1.2) | draws parameters_subsample_brick_mengel_L27.csv, 500/chain | paleo assignment :single (seed 20260920) | land-water anchor :zero_at_first_year | lws observed | climate MAGICC-SLR 600 members, vv_pulse_wide_20261009 | forcing spliced | tap true | pair seed 2026 | record conditioning: common draw set with the FaIR arm, dropped 2 of 2000 | pulse 0.01 GtCH4 at 2030 | cm rel 1995-2014 | julia 1.12.6"
2242,te,0.0007475156415672757,0.0008118571398965369,8.288704045090877e-6,0.0003500501333517647,0.0015344645591756744,"scope_slr_pulse_vv.jl | SLR-RFF-BRICK 39cedc0 | Ladrillo L27 (v1.2) | draws parameters_subsample_brick_mengel_L27.csv, 500/chain | paleo assignment :single (seed 20260920) | land-water anchor :zero_at_first_year | lws observed | climate MAGICC-SLR 600 members, vv_pulse_wide_20261009 | forcing spliced | tap true | pair seed 2026 | record conditioning: common draw set with the FaIR arm, dropped 2 of 2000 | pulse 0.01 GtCH4 at 2030 | cm rel 1995-2014 | julia 1.12.6"
2243,te,0.0007466845396493227,0.0008111775127249591,8.28464507285308e-6,0.0003496847080365129,0.001534047227824331,"scope_slr_pulse_vv.jl | SLR-RFF-BRICK 39cedc0 | Ladrillo L27 (v1.2) | draws parameters_subsample_brick_mengel_L27.csv, 500/chain | paleo assignment :single (seed 20260920) | land-water anchor :zero_at_first_year | lws observed | climate MAGICC-SLR 600 members, vv_pulse_wide_20261009 | forcing spliced | tap true | pair seed 2026 | record conditioning: common draw set with the FaIR arm, dropped 2 of 2000 | pulse 0.01 GtCH4 at 2030 | cm rel 1995-2014 | julia 1.12.6"
2244,te,0.0007458608638302167,0.0008105038154410208,8.280645866961113e-6,0.0003493515329619612,0.0015336335166544757,"scope_slr_pulse_vv.jl | SLR-RFF-BRICK 39cedc0 | Ladrillo L27 (v1.2) | draws parameters_subsample_brick_mengel_L27.csv, 500/chain | paleo assignment :single (seed 20260920) | land-water anchor :zero_at_first_year | lws observed | climate MAGICC-SLR 600 members, vv_pulse_wide_20261009 | forcing spliced | tap true | pair seed 2026 | record conditioning: common draw set with the FaIR arm, dropped 2 of 2000 | pulse 0.01 GtCH4 at 2030 | cm rel 1995-2014 | julia 1.12.6"
2245,te,0.0007452174067701378,0.0008098346840858321,8.276694428941535e-6,0.0003488484413008308,0.0015332220003902108,"scope_slr_pulse_vv.jl | SLR-RFF-BRICK 39cedc0 | Ladrillo L27 (v1.2) | draws parameters_subsample_brick_mengel_L27.csv, 500/chain | paleo assignment :single (seed 20260920) | land-water anchor :zero_at_first_year | lws observed | climate MAGICC-SLR 600 members, vv_pulse_wide_20261009 | forcing spliced | tap true | pair seed 2026 | record conditioning: common draw set with the FaIR arm, dropped 2 of 2000 | pulse 0.01 GtCH4 at 2030 | cm rel 1995-2014 | julia 1.12.6"
2246,te,0.0007448095171227465,0.000809168987385519,8.272781942289362e-6,0.00034834929606315513,0.0015328115042763102,"scope_slr_pulse_vv.jl | SLR-RFF-BRICK 39cedc0 | Ladrillo L27 (v1.2) | draws parameters_subsample_brick_mengel_L27.csv, 500/chain | paleo assignment :single (seed 20260920) | land-water anchor :zero_at_first_year | lws observed | climate MAGICC-SLR 600 members, vv_pulse_wide_20261009 | forcing spliced | tap true | pair seed 2026 | record conditioning: common draw set with the FaIR arm, dropped 2 of 2000 | pulse 0.01 GtCH4 at 2030 | cm rel 1995-2014 | julia 1.12.6"
2247,te,0.0007440400392368929,0.0008085069273886645,8.268900256212747e-6,0.000347854153084981,0.0015324022588487196,"scope_slr_pulse_vv.jl | SLR-RFF-BRICK 39cedc0 | Ladrillo L27 (v1.2) | draws parameters_subsample_brick_mengel_L27.csv, 500/chain | paleo assignment :single (seed 20260920) | land-water anchor :zero_at_first_year | lws observed | climate MAGICC-SLR 600 members, vv_pulse_wide_20261009 | forcing spliced | tap true | pair seed 2026 | record conditioning: common draw set with the FaIR arm, dropped 2 of 2000 | pulse 0.01 GtCH4 at 2030 | cm rel 1995-2014 | julia 1.12.6"
2248,te,0.0007435365989998388,0.0008078489042472742,8.265044544089857e-6,0.00034736335311649216,0.0015305082177690108,"scope_slr_pulse_vv.jl | SLR-RFF-BRICK 39cedc0 | Ladrillo L27 (v1.2) | draws parameters_subsample_brick_mengel_L27.csv, 500/chain | paleo assignment :single (seed 20260920) | land-water anchor :zero_at_first_year | lws observed | climate MAGICC-SLR 600 members, vv_pulse_wide_20261009 | forcing spliced | tap true | pair seed 2026 | record conditioning: common draw set with the FaIR arm, dropped 2 of 2000 | pulse 0.01 GtCH4 at 2030 | cm rel 1995-2014 | julia 1.12.6"
2249,te,0.0007428071742339171,0.0008071950085362027,8.261211591268013e-6,0.0003468769244600267,0.0015280359987578146,"scope_slr_pulse_vv.jl | SLR-RFF-BRICK 39cedc0 | Ladrillo L27 (v1.2) | draws parameters_subsample_brick_mengel_L27.csv, 500/chain | paleo assignment :single (seed 20260920) | land-water anchor :zero_at_first_year | lws observed | climate MAGICC-SLR 600 members, vv_pulse_wide_20261009 | forcing spliced | tap true | pair seed 2026 | record conditioning: common draw set with the FaIR arm, dropped 2 of 2000 | pulse 0.01 GtCH4 at 2030 | cm rel 1995-2014 | julia 1.12.6"
2250,te,0.0007422137686710073,0.0008065454000880927,8.257406142792563e-6,0.0003463951011235977,0.0015255748575356157,"scope_slr_pulse_vv.jl | SLR-RFF-BRICK 39cedc0 | Ladrillo L27 (v1.2) | draws parameters_subsample_brick_mengel_L27.csv, 500/chain | paleo assignment :single (seed 20260920) | land-water anchor :zero_at_first_year | lws observed | climate MAGICC-SLR 600 members, vv_pulse_wide_20261009 | forcing spliced | tap true | pair seed 2026 | record conditioning: common draw set with the FaIR arm, dropped 2 of 2000 | pulse 0.01 GtCH4 at 2030 | cm rel 1995-2014 | julia 1.12.6"
2251,te,0.00074149580964189,0.000805901559647634,8.253637359386098e-6,0.00034591814440272374,0.0015233921351018853,"scope_slr_pulse_vv.jl | SLR-RFF-BRICK 39cedc0 | Ladrillo L27 (v1.2) | draws parameters_subsample_brick_mengel_L27.csv, 500/chain | paleo assignment :single (seed 20260920) | land-water anchor :zero_at_first_year | lws observed | climate MAGICC-SLR 600 members, vv_pulse_wide_20261009 | forcing spliced | tap true | pair seed 2026 | record conditioning: common draw set with the FaIR arm, dropped 2 of 2000 | pulse 0.01 GtCH4 at 2030 | cm rel 1995-2014 | julia 1.12.6"
2252,te,0.0007407343600007721,0.0008052637083566939,8.249900419688371e-6,0.0003454465519851624,0.0015224412225478532,"scope_slr_pulse_vv.jl | SLR-RFF-BRICK 39cedc0 | Ladrillo L27 (v1.2) | draws parameters_subsample_brick_mengel_L27.csv, 500/chain | paleo assignment :single (seed 20260920) | land-water anchor :zero_at_first_year | lws observed | climate MAGICC-SLR 600 members, vv_pulse_wide_20261009 | forcing spliced | tap true | pair seed 2026 | record conditioning: common draw set with the FaIR arm, dropped 2 of 2000 | pulse 0.01 GtCH4 at 2030 | cm rel 1995-2014 | julia 1.12.6"
2253,te,0.0007400839667042192,0.0008046328564283549,8.246197247488828e-6,0.0003449810509795981,0.0015216522076766372,"scope_slr_pulse_vv.jl | SLR-RFF-BRICK 39cedc0 | Ladrillo L27 (v1.2) | draws parameters_subsample_brick_mengel_L27.csv, 500/chain | paleo assignment :single (seed 20260920) | land-water anchor :zero_at_first_year | lws observed | climate MAGICC-SLR 600 members, vv_pulse_wide_20261009 | forcing spliced | tap true | pair seed 2026 | record conditioning: common draw set with the FaIR arm, dropped 2 of 2000 | pulse 0.01 GtCH4 at 2030 | cm rel 1995-2014 | julia 1.12.6"
2254,te,0.000739669770492668,0.0008040096521852807,8.242533848035773e-6,0.00034456380044591836,0.0015212403945092483,"scope_slr_pulse_vv.jl | SLR-RFF-BRICK 39cedc0 | Ladrillo L27 (v1.2) | draws parameters_subsample_brick_mengel_L27.csv, 500/chain | paleo assignment :single (seed 20260920) | land-water anchor :zero_at_first_year | lws observed | climate MAGICC-SLR 600 members, vv_pulse_wide_20261009 | forcing spliced | tap true | pair seed 2026 | record conditioning: common draw set with the FaIR arm, dropped 2 of 2000 | pulse 0.01 GtCH4 at 2030 | cm rel 1995-2014 | julia 1.12.6"
2255,te,0.0007393561652335734,0.0008033932113251082,8.238915987634426e-6,0.0003443495228149018,0.0015208367774604877,"scope_slr_pulse_vv.jl | SLR-RFF-BRICK 39cedc0 | Ladrillo L27 (v1.2) | draws parameters_subsample_brick_mengel_L27.csv, 500/chain | paleo assignment :single (seed 20260920) | land-water anchor :zero_at_first_year | lws observed | climate MAGICC-SLR 600 members, vv_pulse_wide_20261009 | forcing spliced | tap true | pair seed 2026 | record conditioning: common draw set with the FaIR arm, dropped 2 of 2000 | pulse 0.01 GtCH4 at 2030 | cm rel 1995-2014 | julia 1.12.6"
2256,te,0.0007388583443130869,0.0008027828278425593,8.235346371889976e-6,0.00034433021019228963,0.0015203310883073584,"scope_slr_pulse_vv.jl | SLR-RFF-BRICK 39cedc0 | Ladrillo L27 (v1.2) | draws parameters_subsample_brick_mengel_L27.csv, 500/chain | paleo assignment :single (seed 20260920) | land-water anchor :zero_at_first_year | lws observed | climate MAGICC-SLR 600 members, vv_pulse_wide_20261009 | forcing spliced | tap true | pair seed 2026 | record conditioning: common draw set with the FaIR arm, dropped 2 of 2000 | pulse 0.01 GtCH4 at 2030 | cm rel 1995-2014 | julia 1.12.6"
2257,te,0.0007382335987387023,0.0008021774031535846,8.231822044813223e-6,0.0003443088197446542,0.001518325798350872,"scope_slr_pulse_vv.jl | SLR-RFF-BRICK 39cedc0 | Ladrillo L27 (v1.2) | draws parameters_subsample_brick_mengel_L27.csv, 500/chain | paleo assignment :single (seed 20260920) | land-water anchor :zero_at_first_year | lws observed | climate MAGICC-SLR 600 members, vv_pulse_wide_20261009 | forcing spliced | tap true | pair seed 2026 | record conditioning: common draw set with the FaIR arm, dropped 2 of 2000 | pulse 0.01 GtCH4 at 2030 | cm rel 1995-2014 | julia 1.12.6"
2258,te,0.0007378075064217171,0.0008015759079979291,8.228339500191997e-6,0.0003439818757899005,0.0015163310697722913,"scope_slr_pulse_vv.jl | SLR-RFF-BRICK 39cedc0 | Ladrillo L27 (v1.2) | draws parameters_subsample_brick_mengel_L27.csv, 500/chain | paleo assignment :single (seed 20260920) | land-water anchor :zero_at_first_year | lws observed | climate MAGICC-SLR 600 members, vv_pulse_wide_20261009 | forcing spliced | tap true | pair seed 2026 | record conditioning: common draw set with the FaIR arm, dropped 2 of 2000 | pulse 0.01 GtCH4 at 2030 | cm rel 1995-2014 | julia 1.12.6"
2259,te,0.0007373853532612884,0.000800977941097641,8.22490027058538e-6,0.0003436563317270824,0.0015154161573455829,"scope_slr_pulse_vv.jl | SLR-RFF-BRICK 39cedc0 | Ladrillo L27 (v1.2) | draws parameters_subsample_brick_mengel_L27.csv, 500/chain | paleo assignment :single (seed 20260920) | land-water anchor :zero_at_first_year | lws observed | climate MAGICC-SLR 600 members, vv_pulse_wide_20261009 | forcing spliced | tap true | pair seed 2026 | record conditioning: common draw set with the FaIR arm, dropped 2 of 2000 | pulse 0.01 GtCH4 at 2030 | cm rel 1995-2014 | julia 1.12.6"
2260,te,0.0007369668881693769,0.0008003835389316251,8.221476833813336e-6,0.00034338799920643483,0.0015146421121301037,"scope_slr_pulse_vv.jl | SLR-RFF-BRICK 39cedc0 | Ladrillo L27 (v1.2) | draws parameters_subsample_brick_mengel_L27.csv, 500/chain | paleo assignment :single (seed 20260920) | land-water anchor :zero_at_first_year | lws observed | climate MAGICC-SLR 600 members, vv_pulse_wide_20261009 | forcing spliced | tap true | pair seed 2026 | record conditioning: common draw set with the FaIR arm, dropped 2 of 2000 | pulse 0.01 GtCH4 at 2030 | cm rel 1995-2014 | julia 1.12.6"
2261,te,0.000736545171889702,0.0007997923105753631,8.218071704813285e-6,0.00034338446979234046,0.0015138749980074795,"scope_slr_pulse_vv.jl | SLR-RFF-BRICK 39cedc0 | Ladrillo L27 (v1.2) | draws parameters_subsample_brick_mengel_L27.csv, 500/chain | paleo assignment :single (seed 20260920) | land-water anchor :zero_at_first_year | lws observed | climate MAGICC-SLR 600 members, vv_pulse_wide_20261009 | forcing spliced | tap true | pair seed 2026 | record conditioning: common draw set with the FaIR arm, dropped 2 of 2000 | pulse 0.01 GtCH4 at 2030 | cm rel 1995-2014 | julia 1.12.6"
2262,te,0.0007361169514759069,0.0007992045435956939,8.214699877551814e-6,0.00034341831060515917,0.0015127677026157463,"scope_slr_pulse_vv.jl | SLR-RFF-BRICK 39cedc0 | Ladrillo L27 (v1.2) | draws parameters_subsample_brick_mengel_L27.csv, 500/chain | paleo assignment :single (seed 20260920) | land-water anchor :zero_at_first_year | lws observed | climate MAGICC-SLR 600 members, vv_pulse_wide_20261009 | forcing spliced | tap true | pair seed 2026 | record conditioning: common draw set with the FaIR arm, dropped 2 of 2000 | pulse 0.01 GtCH4 at 2030 | cm rel 1995-2014 | julia 1.12.6"
2263,te,0.0007355655959848661,0.0007986212076467253,8.211359741065057e-6,0.00034321903213339053,0.0015114813375291187,"scope_slr_pulse_vv.jl | SLR-RFF-BRICK 39cedc0 | Ladrillo L27 (v1.2) | draws parameters_subsample_brick_mengel_L27.csv, 500/chain | paleo assignment :single (seed 20260920) | land-water anchor :zero_at_first_year | lws observed | climate MAGICC-SLR 600 members, vv_pulse_wide_20261009 | forcing spliced | tap true | pair seed 2026 | record conditioning: common draw set with the FaIR arm, dropped 2 of 2000 | pulse 0.01 GtCH4 at 2030 | cm rel 1995-2014 | julia 1.12.6"
2264,te,0.0007349548251873728,0.000798043418633331,8.20805330505202e-6,0.00034288938520656844,0.0015102050100466611,"scope_slr_pulse_vv.jl | SLR-RFF-BRICK 39cedc0 | Ladrillo L27 (v1.2) | draws parameters_subsample_brick_mengel_L27.csv, 500/chain | paleo assignment :single (seed 20260920) | land-water anchor :zero_at_first_year | lws observed | climate MAGICC-SLR 600 members, vv_pulse_wide_20261009 | forcing spliced | tap true | pair seed 2026 | record conditioning: common draw set with the FaIR arm, dropped 2 of 2000 | pulse 0.01 GtCH4 at 2030 | cm rel 1995-2014 | julia 1.12.6"
2265,te,0.0007343495940190792,0.000797450426698849,8.205138217046746e-6,0.00034269001439497516,0.0015092409095700532,"scope_slr_pulse_vv.jl | SLR-RFF-BRICK 39cedc0 | Ladrillo L27 (v1.2) | draws parameters_subsample_brick_mengel_L27.csv, 500/chain | paleo assignment :single (seed 20260920) | land-water anchor :zero_at_first_year | lws observed | climate MAGICC-SLR 600 members, vv_pulse_wide_20261009 | forcing spliced | tap true | pair seed 2026 | record conditioning: common draw set with the FaIR arm, dropped 2 of 2000 | pulse 0.01 GtCH4 at 2030 | cm rel 1995-2014 | julia 1.12.6"
2266,te,0.0007337503315696381,0.0007968893902540807,8.2018760084979e-6,0.00034263101059615056,0.0015085697169233468,"scope_slr_pulse_vv.jl | SLR-RFF-BRICK 39cedc0 | Ladrillo L27 (v1.2) | draws parameters_subsample_brick_mengel_L27.csv, 500/chain | paleo assignment :single (seed 20260920) | land-water anchor :zero_at_first_year | lws observed | climate MAGICC-SLR 600 members, vv_pulse_wide_20261009 | forcing spliced | tap true | pair seed 2026 | record conditioning: common draw set with the FaIR arm, dropped 2 of 2000 | pulse 0.01 GtCH4 at 2030 | cm rel 1995-2014 | julia 1.12.6"
2267,te,0.0007336461010503115,0.0007963353918903049,8.198663658783538e-6,0.0003425747789552958,0.0015079083837555626,"scope_slr_pulse_vv.jl | SLR-RFF-BRICK 39cedc0 | Ladrillo L27 (v1.2) | draws parameters_subsample_brick_mengel_L27.csv, 500/chain | paleo assignment :single (seed 20260920) | land-water anchor :zero_at_first_year | lws observed | climate MAGICC-SLR 600 members, vv_pulse_wide_20261009 | forcing spliced | tap true | pair seed 2026 | record conditioning: common draw set with the FaIR arm, dropped 2 of 2000 | pulse 0.01 GtCH4 at 2030 | cm rel 1995-2014 | julia 1.12.6"
2268,te,0.0007330586129228323,0.0007957859104326708,8.195512351338481e-6,0.00034235227849546137,0.0015079728299156156,"scope_slr_pulse_vv.jl | SLR-RFF-BRICK 39cedc0 | Ladrillo L27 (v1.2) | draws parameters_subsample_brick_mengel_L27.csv, 500/chain | paleo assignment :single (seed 20260920) | land-water anchor :zero_at_first_year | lws observed | climate MAGICC-SLR 600 members, vv_pulse_wide_20261009 | forcing spliced | tap true | pair seed 2026 | record conditioning: common draw set with the FaIR arm, dropped 2 of 2000 | pulse 0.01 GtCH4 at 2030 | cm rel 1995-2014 | julia 1.12.6"
2269,te,0.000732476209453381,0.0007952386982074321,8.19241264744726e-6,0.0003420243664496781,0.0015080400296334057,"scope_slr_pulse_vv.jl | SLR-RFF-BRICK 39cedc0 | Ladrillo L27 (v1.2) | draws parameters_subsample_brick_mengel_L27.csv, 500/chain | paleo assignment :single (seed 20260920) | land-water anchor :zero_at_first_year | lws observed | climate MAGICC-SLR 600 members, vv_pulse_wide_20261009 | forcing spliced | tap true | pair seed 2026 | record conditioning: common draw set with the FaIR arm, dropped 2 of 2000 | pulse 0.01 GtCH4 at 2030 | cm rel 1995-2014 | julia 1.12.6"
2270,te,0.0007315822202578204,0.0007946930764145869,8.189352546873509e-6,0.00034169753569592844,0.00150810826699228,"scope_slr_pulse_vv.jl | SLR-RFF-BRICK 39cedc0 | Ladrillo L27 (v1.2) | draws parameters_subsample_brick_mengel_L27.csv, 500/chain | paleo assignment :single (seed 20260920) | land-water anchor :zero_at_first_year | lws observed | climate MAGICC-SLR 600 members, vv_pulse_wide_20261009 | forcing spliced | tap true | pair seed 2026 | record conditioning: common draw set with the FaIR arm, dropped 2 of 2000 | pulse 0.01 GtCH4 at 2030 | cm rel 1995-2014 | julia 1.12.6"
2271,te,0.0007309402215938121,0.0007941496066447135,8.186323583131724e-6,0.00034137167016492495,0.0015081764874736333,"scope_slr_pulse_vv.jl | SLR-RFF-BRICK 39cedc0 | Ladrillo L27 (v1.2) | draws parameters_subsample_brick_mengel_L27.csv, 500/chain | paleo assignment :single (seed 20260920) | land-water anchor :zero_at_first_year | lws observed | climate MAGICC-SLR 600 members, vv_pulse_wide_20261009 | forcing spliced | tap true | pair seed 2026 | record conditioning: common draw set with the FaIR arm, dropped 2 of 2000 | pulse 0.01 GtCH4 at 2030 | cm rel 1995-2014 | julia 1.12.6"
2272,te,0.0007303530291693505,0.0007936085580480555,8.18332232435357e-6,0.00034112803550439,0.0015082445734272193,"scope_slr_pulse_vv.jl | SLR-RFF-BRICK 39cedc0 | Ladrillo L27 (v1.2) | draws parameters_subsample_brick_mengel_L27.csv, 500/chain | paleo assignment :single (seed 20260920) | land-water anchor :zero_at_first_year | lws observed | climate MAGICC-SLR 600 members, vv_pulse_wide_20261009 | forcing spliced | tap true | pair seed 2026 | record conditioning: common draw set with the FaIR arm, dropped 2 of 2000 | pulse 0.01 GtCH4 at 2030 | cm rel 1995-2014 | julia 1.12.6"
2273,te,0.0007297699408788105,0.0007930701966732824,8.180350031565259e-6,0.0003409720832596719,0.0015095692963999594,"scope_slr_pulse_vv.jl | SLR-RFF-BRICK 39cedc0 | Ladrillo L27 (v1.2) | draws parameters_subsample_brick_mengel_L27.csv, 500/chain | paleo assignment :single (seed 20260920) | land-water anchor :zero_at_first_year | lws observed | climate MAGICC-SLR 600 members, vv_pulse_wide_20261009 | forcing spliced | tap true | pair seed 2026 | record conditioning: common draw set with the FaIR arm, dropped 2 of 2000 | pulse 0.01 GtCH4 at 2030 | cm rel 1995-2014 | julia 1.12.6"
2274,te,0.0007291919169567507,0.0007925362504357025,8.17740465726565e-6,0.00034082419248253614,0.0015096697591417295,"scope_slr_pulse_vv.jl | SLR-RFF-BRICK 39cedc0 | Ladrillo L27 (v1.2) | draws parameters_subsample_brick_mengel_L27.csv, 500/chain | paleo assignment :single (seed 20260920) | land-water anchor :zero_at_first_year | lws observed | climate MAGICC-SLR 600 members, vv_pulse_wide_20261009 | forcing spliced | tap true | pair seed 2026 | record conditioning: common draw set with the FaIR arm, dropped 2 of 2000 | pulse 0.01 GtCH4 at 2030 | cm rel 1995-2014 | julia 1.12.6"
2275,te,0.0007285262939227266,0.0007920081937469192,8.17449046066618e-6,0.00034070792138365393,0.001508118346578868,"scope_slr_pulse_vv.jl | SLR-RFF-BRICK 39cedc0 | Ladrillo L27 (v1.2) | draws parameters_subsample_brick_mengel_L27.csv, 500/chain | paleo assignment :single (seed 20260920) | land-water anchor :zero_at_first_year | lws observed | climate MAGICC-SLR 600 members, vv_pulse_wide_20261009 | forcing spliced | tap true | pair seed 2026 | record conditioning: common draw set with the FaIR arm, dropped 2 of 2000 | pulse 0.01 GtCH4 at 2030 | cm rel 1995-2014 | julia 1.12.6"
2276,te,0.000727680946226883,0.0007914864117172751,8.171614058897755e-6,0.00034059504316950043,0.0015077831798386396,"scope_slr_pulse_vv.jl | SLR-RFF-BRICK 39cedc0 | Ladrillo L27 (v1.2) | draws parameters_subsample_brick_mengel_L27.csv, 500/chain | paleo assignment :single (seed 20260920) | land-water anchor :zero_at_first_year | lws observed | climate MAGICC-SLR 600 members, vv_pulse_wide_20261009 | forcing spliced | tap true | pair seed 2026 | record conditioning: common draw set with the FaIR arm, dropped 2 of 2000 | pulse 0.01 GtCH4 at 2030 | cm rel 1995-2014 | julia 1.12.6"
2277,te,0.0007268420499499939,0.0007909701356301026,8.16877736683269e-6,0.0003404964158878698,0.0015060622485741247,"scope_slr_pulse_vv.jl | SLR-RFF-BRICK 39cedc0 | Ladrillo L27 (v1.2) | draws parameters_subsample_brick_mengel_L27.csv, 500/chain | paleo assignment :single (seed 20260920) | land-water anchor :zero_at_first_year | lws observed | climate MAGICC-SLR 600 members, vv_pulse_wide_20261009 | forcing spliced | tap true | pair seed 2026 | record conditioning: common draw set with the FaIR arm, dropped 2 of 2000 | pulse 0.01 GtCH4 at 2030 | cm rel 1995-2014 | julia 1.12.6"
2278,te,0.0007260084640634545,0.0007904582523245864,8.165978063624662e-6,0.0003404423629552511,0.0015040240149062352,"scope_slr_pulse_vv.jl | SLR-RFF-BRICK 39cedc0 | Ladrillo L27 (v1.2) | draws parameters_subsample_brick_mengel_L27.csv, 500/chain | paleo assignment :single (seed 20260920) | land-water anchor :zero_at_first_year | lws observed | climate MAGICC-SLR 600 members, vv_pulse_wide_20261009 | forcing spliced | tap true | pair seed 2026 | record conditioning: common draw set with the FaIR arm, dropped 2 of 2000 | pulse 0.01 GtCH4 at 2030 | cm rel 1995-2014 | julia 1.12.6"
2279,te,0.0007253798981317061,0.0007899496902764082,8.163216350298684e-6,0.00034060998867815325,0.0015019965354937871,"scope_slr_pulse_vv.jl | SLR-RFF-BRICK 39cedc0 | Ladrillo L27 (v1.2) | draws parameters_subsample_brick_mengel_L27.csv, 500/chain | paleo assignment :single (seed 20260920) | land-water anchor :zero_at_first_year | lws observed | climate MAGICC-SLR 600 members, vv_pulse_wide_20261009 | forcing spliced | tap true | pair seed 2026 | record conditioning: common draw set with the FaIR arm, dropped 2 of 2000 | pulse 0.01 GtCH4 at 2030 | cm rel 1995-2014 | julia 1.12.6"
2280,te,0.0007249314982580302,0.0007894432253392178,8.160489604931887e-6,0.0003404326195434848,0.001499534361330034,"scope_slr_pulse_vv.jl | SLR-RFF-BRICK 39cedc0 | Ladrillo L27 (v1.2) | draws parameters_subsample_brick_mengel_L27.csv, 500/chain | paleo assignment :single (seed 20260920) | land-water anchor :zero_at_first_year | lws observed | climate MAGICC-SLR 600 members, vv_pulse_wide_20261009 | forcing spliced | tap true | pair seed 2026 | record conditioning: common draw set with the FaIR arm, dropped 2 of 2000 | pulse 0.01 GtCH4 at 2030 | cm rel 1995-2014 | julia 1.12.6"
2281,te,0.0007243331108774953,0.0007889383033703948,8.157795013813166e-6,0.0003400816457849842,0.0014972061315440038,"scope_slr_pulse_vv.jl | SLR-RFF-BRICK 39cedc0 | Ladrillo L27 (v1.2) | draws parameters_subsample_brick_mengel_L27.csv, 500/chain | paleo assignment :single (seed 20260920) | land-water anchor :zero_at_first_year | lws observed | climate MAGICC-SLR 600 members, vv_pulse_wide_20261009 | forcing spliced | tap true | pair seed 2026 | record conditioning: common draw set with the FaIR arm, dropped 2 of 2000 | pulse 0.01 GtCH4 at 2030 | cm rel 1995-2014 | julia 1.12.6"
2282,te,0.0007237192966336181,0.0007884358421182019,8.155124840355398e-6,0.00033969203035244533,0.0014960050148488332,"scope_slr_pulse_vv.jl | SLR-RFF-BRICK 39cedc0 | Ladrillo L27 (v1.2) | draws parameters_subsample_brick_mengel_L27.csv, 500/chain | paleo assignment :single (seed 20260920) | land-water anchor :zero_at_first_year | lws observed | climate MAGICC-SLR 600 members, vv_pulse_wide_20261009 | forcing spliced | tap true | pair seed 2026 | record conditioning: common draw set with the FaIR arm, dropped 2 of 2000 | pulse 0.01 GtCH4 at 2030 | cm rel 1995-2014 | julia 1.12.6"
2283,te,0.0007231050948988127,0.0007879369344512254,8.15247247851384e-6,0.00033935787341619065,0.0014948332591039558,"scope_slr_pulse_vv.jl | SLR-RFF-BRICK 39cedc0 | Ladrillo L27 (v1.2) | draws parameters_subsample_brick_mengel_L27.csv, 500/chain | paleo assignment :single (seed 20260920) | land-water anchor :zero_at_first_year | lws observed | climate MAGICC-SLR 600 members, vv_pulse_wide_20261009 | forcing spliced | tap true | pair seed 2026 | record conditioning: common draw set with the FaIR arm, dropped 2 of 2000 | pulse 0.01 GtCH4 at 2030 | cm rel 1995-2014 | julia 1.12.6"
2284,te,0.0007224907206087039,0.0007874422311863519,8.149840766216484e-6,0.0003392132053699371,0.001492995506334438,"scope_slr_pulse_vv.jl | SLR-RFF-BRICK 39cedc0 | Ladrillo L27 (v1.2) | draws parameters_subsample_brick_mengel_L27.csv, 500/chain | paleo assignment :single (seed 20260920) | land-water anchor :zero_at_first_year | lws observed | climate MAGICC-SLR 600 members, vv_pulse_wide_20261009 | forcing spliced | tap true | pair seed 2026 | record conditioning: common draw set with the FaIR arm, dropped 2 of 2000 | pulse 0.01 GtCH4 at 2030 | cm rel 1995-2014 | julia 1.12.6"
2285,te,0.0007217807479165117,0.0007869531871462763,8.147234723713627e-6,0.00033907090263856076,0.00148978385477676,"scope_slr_pulse_vv.jl | SLR-RFF-BRICK 39cedc0 | Ladrillo L27 (v1.2) | draws parameters_subsample_brick_mengel_L27.csv, 500/chain | paleo assignment :single (seed 20260920) | land-water anchor :zero_at_first_year | lws observed | climate MAGICC-SLR 600 members, vv_pulse_wide_20261009 | forcing spliced | tap true | pair seed 2026 | record conditioning: common draw set with the FaIR arm, dropped 2 of 2000 | pulse 0.01 GtCH4 at 2030 | cm rel 1995-2014 | julia 1.12.6"
2286,te,0.0007208958467224136,0.0007864709561304612,8.144662068123725e-6,0.00033893141416605486,0.0014897773842925228,"scope_slr_pulse_vv.jl | SLR-RFF-BRICK 39cedc0 | Ladrillo L27 (v1.2) | draws parameters_subsample_brick_mengel_L27.csv, 500/chain | paleo assignment :single (seed 20260920) | land-water anchor :zero_at_first_year | lws observed | climate MAGICC-SLR 600 members, vv_pulse_wide_20261009 | forcing spliced | tap true | pair seed 2026 | record conditioning: common draw set with the FaIR arm, dropped 2 of 2000 | pulse 0.01 GtCH4 at 2030 | cm rel 1995-2014 | julia 1.12.6"
2287,te,0.0007200936812807868,0.0007859947523220178,8.142146364152886e-6,0.00033879457065939534,0.0014896667404904916,"scope_slr_pulse_vv.jl | SLR-RFF-BRICK 39cedc0 | Ladrillo L27 (v1.2) | draws parameters_subsample_brick_mengel_L27.csv, 500/chain | paleo assignment :single (seed 20260920) | land-water anchor :zero_at_first_year | lws observed | climate MAGICC-SLR 600 members, vv_pulse_wide_20261009 | forcing spliced | tap true | pair seed 2026 | record conditioning: common draw set with the FaIR arm, dropped 2 of 2000 | pulse 0.01 GtCH4 at 2030 | cm rel 1995-2014 | julia 1.12.6"
2288,te,0.0007193400482670143,0.0007855221826132751,8.139626712805908e-6,0.00033865975072622234,0.0014893810029924736,"scope_slr_pulse_vv.jl | SLR-RFF-BRICK 39cedc0 | Ladrillo L27 (v1.2) | draws parameters_subsample_brick_mengel_L27.csv, 500/chain | paleo assignment :single (seed 20260920) | land-water anchor :zero_at_first_year | lws observed | climate MAGICC-SLR 600 members, vv_pulse_wide_20261009 | forcing spliced | tap true | pair seed 2026 | record conditioning: common draw set with the FaIR arm, dropped 2 of 2000 | pulse 0.01 GtCH4 at 2030 | cm rel 1995-2014 | julia 1.12.6"
2289,te,0.0007186535428154173,0.0007850511034970111,8.137072864350226e-6,0.0003385159599831766,0.0014875911442700836,"scope_slr_pulse_vv.jl | SLR-RFF-BRICK 39cedc0 | Ladrillo L27 (v1.2) | draws parameters_subsample_brick_mengel_L27.csv, 500/chain | paleo assignment :single (seed 20260920) | land-water anchor :zero_at_first_year | lws observed | climate MAGICC-SLR 600 members, vv_pulse_wide_20261009 | forcing spliced | tap true | pair seed 2026 | record conditioning: common draw set with the FaIR arm, dropped 2 of 2000 | pulse 0.01 GtCH4 at 2030 | cm rel 1995-2014 | julia 1.12.6"
2290,te,0.0007179036951150408,0.0007845801120207667,8.13451062449109e-6,0.00033817456779985374,0.0014858084640493978,"scope_slr_pulse_vv.jl | SLR-RFF-BRICK 39cedc0 | Ladrillo L27 (v1.2) | draws parameters_subsample_brick_mengel_L27.csv, 500/chain | paleo assignment :single (seed 20260920) | land-water anchor :zero_at_first_year | lws observed | climate MAGICC-SLR 600 members, vv_pulse_wide_20261009 | forcing spliced | tap true | pair seed 2026 | record conditioning: common draw set with the FaIR arm, dropped 2 of 2000 | pulse 0.01 GtCH4 at 2030 | cm rel 1995-2014 | julia 1.12.6"
2291,te,0.0007171217186403567,0.0007841100301760187,8.131946717393516e-6,0.0003379079550056119,0.0014839819119380584,"scope_slr_pulse_vv.jl | SLR-RFF-BRICK 39cedc0 | Ladrillo L27 (v1.2) | draws parameters_subsample_brick_mengel_L27.csv, 500/chain | paleo assignment :single (seed 20260920) | land-water anchor :zero_at_first_year | lws observed | climate MAGICC-SLR 600 members, vv_pulse_wide_20261009 | forcing spliced | tap true | pair seed 2026 | record conditioning: common draw set with the FaIR arm, dropped 2 of 2000 | pulse 0.01 GtCH4 at 2030 | cm rel 1995-2014 | julia 1.12.6"
2292,te,0.0007163435167143462,0.0007836412511855783,8.129360090807742e-6,0.0003376584961458207,0.0014830909008210814,"scope_slr_pulse_vv.jl | SLR-RFF-BRICK 39cedc0 | Ladrillo L27 (v1.2) | draws parameters_subsample_brick_mengel_L27.csv, 500/chain | paleo assignment :single (seed 20260920) | land-water anchor :zero_at_first_year | lws observed | climate MAGICC-SLR 600 members, vv_pulse_wide_20261009 | forcing spliced | tap true | pair seed 2026 | record conditioning: common draw set with the FaIR arm, dropped 2 of 2000 | pulse 0.01 GtCH4 at 2030 | cm rel 1995-2014 | julia 1.12.6"
2293,te,0.0007155691825850852,0.0007831761097530337,8.126872437108449e-6,0.0003374554331127655,0.0014829672109179617,"scope_slr_pulse_vv.jl | SLR-RFF-BRICK 39cedc0 | Ladrillo L27 (v1.2) | draws parameters_subsample_brick_mengel_L27.csv, 500/chain | paleo assignment :single (seed 20260920) | land-water anchor :zero_at_first_year | lws observed | climate MAGICC-SLR 600 members, vv_pulse_wide_20261009 | forcing spliced | tap true | pair seed 2026 | record conditioning: common draw set with the FaIR arm, dropped 2 of 2000 | pulse 0.01 GtCH4 at 2030 | cm rel 1995-2014 | julia 1.12.6"
2294,te,0.0007147991292981715,0.0007827149611556198,8.124455902596972e-6,0.0003376150973760872,0.001482845812656563,"scope_slr_pulse_vv.jl | SLR-RFF-BRICK 39cedc0 | Ladrillo L27 (v1.2) | draws parameters_subsample_brick_mengel_L27.csv, 500/chain | paleo assignment :single (seed 20260920) | land-water anchor :zero_at_first_year | lws observed | climate MAGICC-SLR 600 members, vv_pulse_wide_20261009 | forcing spliced | tap true | pair seed 2026 | record conditioning: common draw set with the FaIR arm, dropped 2 of 2000 | pulse 0.01 GtCH4 at 2030 | cm rel 1995-2014 | julia 1.12.6"
2295,te,0.0007141934284824458,0.0007822600770236973,8.12210080117237e-6,0.00033777550907192476,0.0014827286812185028,"scope_slr_pulse_vv.jl | SLR-RFF-BRICK 39cedc0 | Ladrillo L27 (v1.2) | draws parameters_subsample_brick_mengel_L27.csv, 500/chain | paleo assignment :single (seed 20260920) | land-water anchor :zero_at_first_year | lws observed | climate MAGICC-SLR 600 members, vv_pulse_wide_20261009 | forcing spliced | tap true | pair seed 2026 | record conditioning: common draw set with the FaIR arm, dropped 2 of 2000 | pulse 0.01 GtCH4 at 2030 | cm rel 1995-2014 | julia 1.12.6"
2296,te,0.000713611342817444,0.0007818122807812253,8.119797629557192e-6,0.0003378627408297419,0.001482617336971969,"scope_slr_pulse_vv.jl | SLR-RFF-BRICK 39cedc0 | Ladrillo L27 (v1.2) | draws parameters_subsample_brick_mengel_L27.csv, 500/chain | paleo assignment :single (seed 20260920) | land-water anchor :zero_at_first_year | lws observed | climate MAGICC-SLR 600 members, vv_pulse_wide_20261009 | forcing spliced | tap true | pair seed 2026 | record conditioning: common draw set with the FaIR arm, dropped 2 of 2000 | pulse 0.01 GtCH4 at 2030 | cm rel 1995-2014 | julia 1.12.6"
2297,te,0.0007130342373500298,0.0007813691392529411,8.117440951375073e-6,0.0003377416636517694,0.0014825123200239427,"scope_slr_pulse_vv.jl | SLR-RFF-BRICK 39cedc0 | Ladrillo L27 (v1.2) | draws parameters_subsample_brick_mengel_L27.csv, 500/chain | paleo assignment :single (seed 20260920) | land-water anchor :zero_at_first_year | lws observed | climate MAGICC-SLR 600 members, vv_pulse_wide_20261009 | forcing spliced | tap true | pair seed 2026 | record conditioning: common draw set with the FaIR arm, dropped 2 of 2000 | pulse 0.01 GtCH4 at 2030 | cm rel 1995-2014 | julia 1.12.6"
2298,te,0.0007124619443104052,0.0007809296697259116,8.115061991222418e-6,0.0003376228171088514,0.0014824258177007716,"scope_slr_pulse_vv.jl | SLR-RFF-BRICK 39cedc0 | Ladrillo L27 (v1.2) | draws parameters_subsample_brick_mengel_L27.csv, 500/chain | paleo assignment :single (seed 20260920) | land-water anchor :zero_at_first_year | lws observed | climate MAGICC-SLR 600 members, vv_pulse_wide_20261009 | forcing spliced | tap true | pair seed 2026 | record conditioning: common draw set with the FaIR arm, dropped 2 of 2000 | pulse 0.01 GtCH4 at 2030 | cm rel 1995-2014 | julia 1.12.6"
2299,te,0.000712233877813162,0.0007805311272631496,8.112331118649414e-6,0.0003375052628511455,0.0014826451305474104,"scope_slr_pulse_vv.jl | SLR-RFF-BRICK 39cedc0 | Ladrillo L27 (v1.2) | draws parameters_subsample_brick_mengel_L27.csv, 500/chain | paleo assignment :single (seed 20260920) | land-water anchor :zero_at_first_year | lws observed | climate MAGICC-SLR 600 members, vv_pulse_wide_20261009 | forcing spliced | tap true | pair seed 2026 | record conditioning: common draw set with the FaIR arm, dropped 2 of 2000 | pulse 0.01 GtCH4 at 2030 | cm rel 1995-2014 | julia 1.12.6"
2300,te,0.0007118838727464549,0.0007800929670975278,8.109975207585702e-6,0.00033738853847378183,0.0014826130632570765,"scope_slr_pulse_vv.jl | SLR-RFF-BRICK 39cedc0 | Ladrillo L27 (v1.2) | draws parameters_subsample_brick_mengel_L27.csv, 500/chain | paleo assignment :single (seed 20260920) | land-water anchor :zero_at_first_year | lws observed | climate MAGICC-SLR 600 members, vv_pulse_wide_20261009 | forcing spliced | tap true | pair seed 2026 | record conditioning: common draw set with the FaIR arm, dropped 2 of 2000 | pulse 0.01 GtCH4 at 2030 | cm rel 1995-2014 | julia 1.12.6"
2025,lws,0.0,0.0,0.0,0.0,0.0,"scope_slr_pulse_vv.jl | SLR-RFF-BRICK 39cedc0 | Ladrillo L27 (v1.2) | draws parameters_subsample_brick_mengel_L27.csv, 500/chain | paleo assignment :single (seed 20260920) | land-water anchor :zero_at_first_year | lws observed | climate MAGICC-SLR 600 members, vv_pulse_wide_20261009 | forcing spliced | tap true | pair seed 2026 | record conditioning: common draw set with the FaIR arm, dropped 2 of 2000 | pulse 0.01 GtCH4 at 2030 | cm rel 1995-2014 | julia 1.12.6"
2026,lws,0.0,0.0,0.0,0.0,0.0,"scope_slr_pulse_vv.jl | SLR-RFF-BRICK 39cedc0 | Ladrillo L27 (v1.2) | draws parameters_subsample_brick_mengel_L27.csv, 500/chain | paleo assignment :single (seed 20260920) | land-water anchor :zero_at_first_year | lws observed | climate MAGICC-SLR 600 members, vv_pulse_wide_20261009 | forcing spliced | tap true | pair seed 2026 | record conditioning: common draw set with the FaIR arm, dropped 2 of 2000 | pulse 0.01 GtCH4 at 2030 | cm rel 1995-2014 | julia 1.12.6"
2027,lws,0.0,0.0,0.0,0.0,0.0,"scope_slr_pulse_vv.jl | SLR-RFF-BRICK 39cedc0 | Ladrillo L27 (v1.2) | draws parameters_subsample_brick_mengel_L27.csv, 500/chain | paleo assignment :single (seed 20260920) | land-water anchor :zero_at_first_year | lws observed | climate MAGICC-SLR 600 members, vv_pulse_wide_20261009 | forcing spliced | tap true | pair seed 2026 | record conditioning: common draw set with the FaIR arm, dropped 2 of 2000 | pulse 0.01 GtCH4 at 2030 | cm rel 1995-2014 | julia 1.12.6"
2028,lws,0.0,0.0,0.0,0.0,0.0,"scope_slr_pulse_vv.jl | SLR-RFF-BRICK 39cedc0 | Ladrillo L27 (v1.2) | draws parameters_subsample_brick_mengel_L27.csv, 500/chain | paleo assignment :single (seed 20260920) | land-water anchor :zero_at_first_year | lws observed | climate MAGICC-SLR 600 members, vv_pulse_wide_20261009 | forcing spliced | tap true | pair seed 2026 | record conditioning: common draw set with the FaIR arm, dropped 2 of 2000 | pulse 0.01 GtCH4 at 2030 | cm rel 1995-2014 | julia 1.12.6"
2029,lws,0.0,0.0,0.0,0.0,0.0,"scope_slr_pulse_vv.jl | SLR-RFF-BRICK 39cedc0 | Ladrillo L27 (v1.2) | draws parameters_subsample_brick_mengel_L27.csv, 500/chain | paleo assignment :single (seed 20260920) | land-water anchor :zero_at_first_year | lws observed | climate MAGICC-SLR 600 members, vv_pulse_wide_20261009 | forcing spliced | tap true | pair seed 2026 | record conditioning: common draw set with the FaIR arm, dropped 2 of 2000 | pulse 0.01 GtCH4 at 2030 | cm rel 1995-2014 | julia 1.12.6"
2030,lws,0.0,0.0,0.0,0.0,0.0,"scope_slr_pulse_vv.jl | SLR-RFF-BRICK 39cedc0 | Ladrillo L27 (v1.2) | draws parameters_subsample_brick_mengel_L27.csv, 500/chain | paleo assignment :single (seed 20260920) | land-water anchor :zero_at_first_year | lws observed | climate MAGICC-SLR 600 members, vv_pulse_wide_20261009 | forcing spliced | tap true | pair seed 2026 | record conditioning: common draw set with the FaIR arm, dropped 2 of 2000 | pulse 0.01 GtCH4 at 2030 | cm rel 1995-2014 | julia 1.12.6"
2031,lws,0.0,0.0,0.0,0.0,0.0,"scope_slr_pulse_vv.jl | SLR-RFF-BRICK 39cedc0 | Ladrillo L27 (v1.2) | draws parameters_subsample_brick_mengel_L27.csv, 500/chain | paleo assignment :single (seed 20260920) | land-water anchor :zero_at_first_year | lws observed | climate MAGICC-SLR 600 members, vv_pulse_wide_20261009 | forcing spliced | tap true | pair seed 2026 | record conditioning: common draw set with the FaIR arm, dropped 2 of 2000 | pulse 0.01 GtCH4 at 2030 | cm rel 1995-2014 | julia 1.12.6"
2032,lws,0.0,0.0,0.0,0.0,0.0,"scope_slr_pulse_vv.jl | SLR-RFF-BRICK 39cedc0 | Ladrillo L27 (v1.2) | draws parameters_subsample_brick_mengel_L27.csv, 500/chain | paleo assignment :single (seed 20260920) | land-water anchor :zero_at_first_year | lws observed | climate MAGICC-SLR 600 members, vv_pulse_wide_20261009 | forcing spliced | tap true | pair seed 2026 | record conditioning: common draw set with the FaIR arm, dropped 2 of 2000 | pulse 0.01 GtCH4 at 2030 | cm rel 1995-2014 | julia 1.12.6"
2033,lws,0.0,0.0,0.0,0.0,0.0,"scope_slr_pulse_vv.jl | SLR-RFF-BRICK 39cedc0 | Ladrillo L27 (v1.2) | draws parameters_subsample_brick_mengel_L27.csv, 500/chain | paleo assignment :single (seed 20260920) | land-water anchor :zero_at_first_year | lws observed | climate MAGICC-SLR 600 members, vv_pulse_wide_20261009 | forcing spliced | tap true | pair seed 2026 | record conditioning: common draw set with the FaIR arm, dropped 2 of 2000 | pulse 0.01 GtCH4 at 2030 | cm rel 1995-2014 | julia 1.12.6"
2034,lws,0.0,0.0,0.0,0.0,0.0,"scope_slr_pulse_vv.jl | SLR-RFF-BRICK 39cedc0 | Ladrillo L27 (v1.2) | draws parameters_subsample_brick_mengel_L27.csv, 500/chain | paleo assignment :single (seed 20260920) | land-water anchor :zero_at_first_year | lws observed | climate MAGICC-SLR 600 members, vv_pulse_wide_20261009 | forcing spliced | tap true | pair seed 2026 | record conditioning: common draw set with the FaIR arm, dropped 2 of 2000 | pulse 0.01 GtCH4 at 2030 | cm rel 1995-2014 | julia 1.12.6"
2035,lws,0.0,0.0,0.0,0.0,0.0,"scope_slr_pulse_vv.jl | SLR-RFF-BRICK 39cedc0 | Ladrillo L27 (v1.2) | draws parameters_subsample_brick_mengel_L27.csv, 500/chain | paleo assignment :single (seed 20260920) | land-water anchor :zero_at_first_year | lws observed | climate MAGICC-SLR 600 members, vv_pulse_wide_20261009 | forcing spliced | tap true | pair seed 2026 | record conditioning: common draw set with the FaIR arm, dropped 2 of 2000 | pulse 0.01 GtCH4 at 2030 | cm rel 1995-2014 | julia 1.12.6"
2036,lws,0.0,0.0,0.0,0.0,0.0,"scope_slr_pulse_vv.jl | SLR-RFF-BRICK 39cedc0 | Ladrillo L27 (v1.2) | draws parameters_subsample_brick_mengel_L27.csv, 500/chain | paleo assignment :single (seed 20260920) | land-water anchor :zero_at_first_year | lws observed | climate MAGICC-SLR 600 members, vv_pulse_wide_20261009 | forcing spliced | tap true | pair seed 2026 | record conditioning: common draw set with the FaIR arm, dropped 2 of 2000 | pulse 0.01 GtCH4 at 2030 | cm rel 1995-2014 | julia 1.12.6"
2037,lws,0.0,0.0,0.0,0.0,0.0,"scope_slr_pulse_vv.jl | SLR-RFF-BRICK 39cedc0 | Ladrillo L27 (v1.2) | draws parameters_subsample_brick_mengel_L27.csv, 500/chain | paleo assignment :single (seed 20260920) | land-water anchor :zero_at_first_year | lws observed | climate MAGICC-SLR 600 members, vv_pulse_wide_20261009 | forcing spliced | tap true | pair seed 2026 | record conditioning: common draw set with the FaIR arm, dropped 2 of 2000 | pulse 0.01 GtCH4 at 2030 | cm rel 1995-2014 | julia 1.12.6"
2038,lws,0.0,0.0,0.0,0.0,0.0,"scope_slr_pulse_vv.jl | SLR-RFF-BRICK 39cedc0 | Ladrillo L27 (v1.2) | draws parameters_subsample_brick_mengel_L27.csv, 500/chain | paleo assignment :single (seed 20260920) | land-water anchor :zero_at_first_year | lws observed | climate MAGICC-SLR 600 members, vv_pulse_wide_20261009 | forcing spliced | tap true | pair seed 2026 | record conditioning: common draw set with the FaIR arm, dropped 2 of 2000 | pulse 0.01 GtCH4 at 2030 | cm rel 1995-2014 | julia 1.12.6"
2039,lws,0.0,0.0,0.0,0.0,0.0,"scope_slr_pulse_vv.jl | SLR-RFF-BRICK 39cedc0 | Ladrillo L27 (v1.2) | draws parameters_subsample_brick_mengel_L27.csv, 500/chain | paleo assignment :single (seed 20260920) | land-water anchor :zero_at_first_year | lws observed | climate MAGICC-SLR 600 members, vv_pulse_wide_20261009 | forcing spliced | tap true | pair seed 2026 | record conditioning: common draw set with the FaIR arm, dropped 2 of 2000 | pulse 0.01 GtCH4 at 2030 | cm rel 1995-2014 | julia 1.12.6"
2040,lws,0.0,0.0,0.0,0.0,0.0,"scope_slr_pulse_vv.jl | SLR-RFF-BRICK 39cedc0 | Ladrillo L27 (v1.2) | draws parameters_subsample_brick_mengel_L27.csv, 500/chain | paleo assignment :single (seed 20260920) | land-water anchor :zero_at_first_year | lws observed | climate MAGICC-SLR 600 members, vv_pulse_wide_20261009 | forcing spliced | tap true | pair seed 2026 | record conditioning: common draw set with the FaIR arm, dropped 2 of 2000 | pulse 0.01 GtCH4 at 2030 | cm rel 1995-2014 | julia 1.12.6"
2041,lws,0.0,0.0,0.0,0.0,0.0,"scope_slr_pulse_vv.jl | SLR-RFF-BRICK 39cedc0 | Ladrillo L27 (v1.2) | draws parameters_subsample_brick_mengel_L27.csv, 500/chain | paleo assignment :single (seed 20260920) | land-water anchor :zero_at_first_year | lws observed | climate MAGICC-SLR 600 members, vv_pulse_wide_20261009 | forcing spliced | tap true | pair seed 2026 | record conditioning: common draw set with the FaIR arm, dropped 2 of 2000 | pulse 0.01 GtCH4 at 2030 | cm rel 1995-2014 | julia 1.12.6"
2042,lws,0.0,0.0,0.0,0.0,0.0,"scope_slr_pulse_vv.jl | SLR-RFF-BRICK 39cedc0 | Ladrillo L27 (v1.2) | draws parameters_subsample_brick_mengel_L27.csv, 500/chain | paleo assignment :single (seed 20260920) | land-water anchor :zero_at_first_year | lws observed | climate MAGICC-SLR 600 members, vv_pulse_wide_20261009 | forcing spliced | tap true | pair seed 2026 | record conditioning: common draw set with the FaIR arm, dropped 2 of 2000 | pulse 0.01 GtCH4 at 2030 | cm rel 1995-2014 | julia 1.12.6"
2043,lws,0.0,0.0,0.0,0.0,0.0,"scope_slr_pulse_vv.jl | SLR-RFF-BRICK 39cedc0 | Ladrillo L27 (v1.2) | draws parameters_subsample_brick_mengel_L27.csv, 500/chain | paleo assignment :single (seed 20260920) | land-water anchor :zero_at_first_year | lws observed | climate MAGICC-SLR 600 members, vv_pulse_wide_20261009 | forcing spliced | tap true | pair seed 2026 | record conditioning: common draw set with the FaIR arm, dropped 2 of 2000 | pulse 0.01 GtCH4 at 2030 | cm rel 1995-2014 | julia 1.12.6"
2044,lws,0.0,0.0,0.0,0.0,0.0,"scope_slr_pulse_vv.jl | SLR-RFF-BRICK 39cedc0 | Ladrillo L27 (v1.2) | draws parameters_subsample_brick_mengel_L27.csv, 500/chain | paleo assignment :single (seed 20260920) | land-water anchor :zero_at_first_year | lws observed | climate MAGICC-SLR 600 members, vv_pulse_wide_20261009 | forcing spliced | tap true | pair seed 2026 | record conditioning: common draw set with the FaIR arm, dropped 2 of 2000 | pulse 0.01 GtCH4 at 2030 | cm rel 1995-2014 | julia 1.12.6"
2045,lws,0.0,0.0,0.0,0.0,0.0,"scope_slr_pulse_vv.jl | SLR-RFF-BRICK 39cedc0 | Ladrillo L27 (v1.2) | draws parameters_subsample_brick_mengel_L27.csv, 500/chain | paleo assignment :single (seed 20260920) | land-water anchor :zero_at_first_year | lws observed | climate MAGICC-SLR 600 members, vv_pulse_wide_20261009 | forcing spliced | tap true | pair seed 2026 | record conditioning: common draw set with the FaIR arm, dropped 2 of 2000 | pulse 0.01 GtCH4 at 2030 | cm rel 1995-2014 | julia 1.12.6"
2046,lws,0.0,0.0,0.0,0.0,0.0,"scope_slr_pulse_vv.jl | SLR-RFF-BRICK 39cedc0 | Ladrillo L27 (v1.2) | draws parameters_subsample_brick_mengel_L27.csv, 500/chain | paleo assignment :single (seed 20260920) | land-water anchor :zero_at_first_year | lws observed | climate MAGICC-SLR 600 members, vv_pulse_wide_20261009 | forcing spliced | tap true | pair seed 2026 | record conditioning: common draw set with the FaIR arm, dropped 2 of 2000 | pulse 0.01 GtCH4 at 2030 | cm rel 1995-2014 | julia 1.12.6"
2047,lws,0.0,0.0,0.0,0.0,0.0,"scope_slr_pulse_vv.jl | SLR-RFF-BRICK 39cedc0 | Ladrillo L27 (v1.2) | draws parameters_subsample_brick_mengel_L27.csv, 500/chain | paleo assignment :single (seed 20260920) | land-water anchor :zero_at_first_year | lws observed | climate MAGICC-SLR 600 members, vv_pulse_wide_20261009 | forcing spliced | tap true | pair seed 2026 | record conditioning: common draw set with the FaIR arm, dropped 2 of 2000 | pulse 0.01 GtCH4 at 2030 | cm rel 1995-2014 | julia 1.12.6"
2048,lws,0.0,0.0,0.0,0.0,0.0,"scope_slr_pulse_vv.jl | SLR-RFF-BRICK 39cedc0 | Ladrillo L27 (v1.2) | draws parameters_subsample_brick_mengel_L27.csv, 500/chain | paleo assignment :single (seed 20260920) | land-water anchor :zero_at_first_year | lws observed | climate MAGICC-SLR 600 members, vv_pulse_wide_20261009 | forcing spliced | tap true | pair seed 2026 | record conditioning: common draw set with the FaIR arm, dropped 2 of 2000 | pulse 0.01 GtCH4 at 2030 | cm rel 1995-2014 | julia 1.12.6"
2049,lws,0.0,0.0,0.0,0.0,0.0,"scope_slr_pulse_vv.jl | SLR-RFF-BRICK 39cedc0 | Ladrillo L27 (v1.2) | draws parameters_subsample_brick_mengel_L27.csv, 500/chain | paleo assignment :single (seed 20260920) | land-water anchor :zero_at_first_year | lws observed | climate MAGICC-SLR 600 members, vv_pulse_wide_20261009 | forcing spliced | tap true | pair seed 2026 | record conditioning: common draw set with the FaIR arm, dropped 2 of 2000 | pulse 0.01 GtCH4 at 2030 | cm rel 1995-2014 | julia 1.12.6"
2050,lws,0.0,0.0,0.0,0.0,0.0,"scope_slr_pulse_vv.jl | SLR-RFF-BRICK 39cedc0 | Ladrillo L27 (v1.2) | draws parameters_subsample_brick_mengel_L27.csv, 500/chain | paleo assignment :single (seed 20260920) | land-water anchor :zero_at_first_year | lws observed | climate MAGICC-SLR 600 members, vv_pulse_wide_20261009 | forcing spliced | tap true | pair seed 2026 | record conditioning: common draw set with the FaIR arm, dropped 2 of 2000 | pulse 0.01 GtCH4 at 2030 | cm rel 1995-2014 | julia 1.12.6"
2051,lws,0.0,0.0,0.0,0.0,0.0,"scope_slr_pulse_vv.jl | SLR-RFF-BRICK 39cedc0 | Ladrillo L27 (v1.2) | draws parameters_subsample_brick_mengel_L27.csv, 500/chain | paleo assignment :single (seed 20260920) | land-water anchor :zero_at_first_year | lws observed | climate MAGICC-SLR 600 members, vv_pulse_wide_20261009 | forcing spliced | tap true | pair seed 2026 | record conditioning: common draw set with the FaIR arm, dropped 2 of 2000 | pulse 0.01 GtCH4 at 2030 | cm rel 1995-2014 | julia 1.12.6"
2052,lws,0.0,0.0,0.0,0.0,0.0,"scope_slr_pulse_vv.jl | SLR-RFF-BRICK 39cedc0 | Ladrillo L27 (v1.2) | draws parameters_subsample_brick_mengel_L27.csv, 500/chain | paleo assignment :single (seed 20260920) | land-water anchor :zero_at_first_year | lws observed | climate MAGICC-SLR 600 members, vv_pulse_wide_20261009 | forcing spliced | tap true | pair seed 2026 | record conditioning: common draw set with the FaIR arm, dropped 2 of 2000 | pulse 0.01 GtCH4 at 2030 | cm rel 1995-2014 | julia 1.12.6"
2053,lws,0.0,0.0,0.0,0.0,0.0,"scope_slr_pulse_vv.jl | SLR-RFF-BRICK 39cedc0 | Ladrillo L27 (v1.2) | draws parameters_subsample_brick_mengel_L27.csv, 500/chain | paleo assignment :single (seed 20260920) | land-water anchor :zero_at_first_year | lws observed | climate MAGICC-SLR 600 members, vv_pulse_wide_20261009 | forcing spliced | tap true | pair seed 2026 | record conditioning: common draw set with the FaIR arm, dropped 2 of 2000 | pulse 0.01 GtCH4 at 2030 | cm rel 1995-2014 | julia 1.12.6"
2054,lws,0.0,0.0,0.0,0.0,0.0,"scope_slr_pulse_vv.jl | SLR-RFF-BRICK 39cedc0 | Ladrillo L27 (v1.2) | draws parameters_subsample_brick_mengel_L27.csv, 500/chain | paleo assignment :single (seed 20260920) | land-water anchor :zero_at_first_year | lws observed | climate MAGICC-SLR 600 members, vv_pulse_wide_20261009 | forcing spliced | tap true | pair seed 2026 | record conditioning: common draw set with the FaIR arm, dropped 2 of 2000 | pulse 0.01 GtCH4 at 2030 | cm rel 1995-2014 | julia 1.12.6"
2055,lws,0.0,0.0,0.0,0.0,0.0,"scope_slr_pulse_vv.jl | SLR-RFF-BRICK 39cedc0 | Ladrillo L27 (v1.2) | draws parameters_subsample_brick_mengel_L27.csv, 500/chain | paleo assignment :single (seed 20260920) | land-water anchor :zero_at_first_year | lws observed | climate MAGICC-SLR 600 members, vv_pulse_wide_20261009 | forcing spliced | tap true | pair seed 2026 | record conditioning: common draw set with the FaIR arm, dropped 2 of 2000 | pulse 0.01 GtCH4 at 2030 | cm rel 1995-2014 | julia 1.12.6"
2056,lws,0.0,0.0,0.0,0.0,0.0,"scope_slr_pulse_vv.jl | SLR-RFF-BRICK 39cedc0 | Ladrillo L27 (v1.2) | draws parameters_subsample_brick_mengel_L27.csv, 500/chain | paleo assignment :single (seed 20260920) | land-water anchor :zero_at_first_year | lws observed | climate MAGICC-SLR 600 members, vv_pulse_wide_20261009 | forcing spliced | tap true | pair seed 2026 | record conditioning: common draw set with the FaIR arm, dropped 2 of 2000 | pulse 0.01 GtCH4 at 2030 | cm rel 1995-2014 | julia 1.12.6"
2057,lws,0.0,0.0,0.0,0.0,0.0,"scope_slr_pulse_vv.jl | SLR-RFF-BRICK 39cedc0 | Ladrillo L27 (v1.2) | draws parameters_subsample_brick_mengel_L27.csv, 500/chain | paleo assignment :single (seed 20260920) | land-water anchor :zero_at_first_year | lws observed | climate MAGICC-SLR 600 members, vv_pulse_wide_20261009 | forcing spliced | tap true | pair seed 2026 | record conditioning: common draw set with the FaIR arm, dropped 2 of 2000 | pulse 0.01 GtCH4 at 2030 | cm rel 1995-2014 | julia 1.12.6"
2058,lws,0.0,0.0,0.0,0.0,0.0,"scope_slr_pulse_vv.jl | SLR-RFF-BRICK 39cedc0 | Ladrillo L27 (v1.2) | draws parameters_subsample_brick_mengel_L27.csv, 500/chain | paleo assignment :single (seed 20260920) | land-water anchor :zero_at_first_year | lws observed | climate MAGICC-SLR 600 members, vv_pulse_wide_20261009 | forcing spliced | tap true | pair seed 2026 | record conditioning: common draw set with the FaIR arm, dropped 2 of 2000 | pulse 0.01 GtCH4 at 2030 | cm rel 1995-2014 | julia 1.12.6"
2059,lws,0.0,0.0,0.0,0.0,0.0,"scope_slr_pulse_vv.jl | SLR-RFF-BRICK 39cedc0 | Ladrillo L27 (v1.2) | draws parameters_subsample_brick_mengel_L27.csv, 500/chain | paleo assignment :single (seed 20260920) | land-water anchor :zero_at_first_year | lws observed | climate MAGICC-SLR 600 members, vv_pulse_wide_20261009 | forcing spliced | tap true | pair seed 2026 | record conditioning: common draw set with the FaIR arm, dropped 2 of 2000 | pulse 0.01 GtCH4 at 2030 | cm rel 1995-2014 | julia 1.12.6"
2060,lws,0.0,0.0,0.0,0.0,0.0,"scope_slr_pulse_vv.jl | SLR-RFF-BRICK 39cedc0 | Ladrillo L27 (v1.2) | draws parameters_subsample_brick_mengel_L27.csv, 500/chain | paleo assignment :single (seed 20260920) | land-water anchor :zero_at_first_year | lws observed | climate MAGICC-SLR 600 members, vv_pulse_wide_20261009 | forcing spliced | tap true | pair seed 2026 | record conditioning: common draw set with the FaIR arm, dropped 2 of 2000 | pulse 0.01 GtCH4 at 2030 | cm rel 1995-2014 | julia 1.12.6"
2061,lws,0.0,0.0,0.0,0.0,0.0,"scope_slr_pulse_vv.jl | SLR-RFF-BRICK 39cedc0 | Ladrillo L27 (v1.2) | draws parameters_subsample_brick_mengel_L27.csv, 500/chain | paleo assignment :single (seed 20260920) | land-water anchor :zero_at_first_year | lws observed | climate MAGICC-SLR 600 members, vv_pulse_wide_20261009 | forcing spliced | tap true | pair seed 2026 | record conditioning: common draw set with the FaIR arm, dropped 2 of 2000 | pulse 0.01 GtCH4 at 2030 | cm rel 1995-2014 | julia 1.12.6"
2062,lws,0.0,0.0,0.0,0.0,0.0,"scope_slr_pulse_vv.jl | SLR-RFF-BRICK 39cedc0 | Ladrillo L27 (v1.2) | draws parameters_subsample_brick_mengel_L27.csv, 500/chain | paleo assignment :single (seed 20260920) | land-water anchor :zero_at_first_year | lws observed | climate MAGICC-SLR 600 members, vv_pulse_wide_20261009 | forcing spliced | tap true | pair seed 2026 | record conditioning: common draw set with the FaIR arm, dropped 2 of 2000 | pulse 0.01 GtCH4 at 2030 | cm rel 1995-2014 | julia 1.12.6"
2063,lws,0.0,0.0,0.0,0.0,0.0,"scope_slr_pulse_vv.jl | SLR-RFF-BRICK 39cedc0 | Ladrillo L27 (v1.2) | draws parameters_subsample_brick_mengel_L27.csv, 500/chain | paleo assignment :single (seed 20260920) | land-water anchor :zero_at_first_year | lws observed | climate MAGICC-SLR 600 members, vv_pulse_wide_20261009 | forcing spliced | tap true | pair seed 2026 | record conditioning: common draw set with the FaIR arm, dropped 2 of 2000 | pulse 0.01 GtCH4 at 2030 | cm rel 1995-2014 | julia 1.12.6"
2064,lws,0.0,0.0,0.0,0.0,0.0,"scope_slr_pulse_vv.jl | SLR-RFF-BRICK 39cedc0 | Ladrillo L27 (v1.2) | draws parameters_subsample_brick_mengel_L27.csv, 500/chain | paleo assignment :single (seed 20260920) | land-water anchor :zero_at_first_year | lws observed | climate MAGICC-SLR 600 members, vv_pulse_wide_20261009 | forcing spliced | tap true | pair seed 2026 | record conditioning: common draw set with the FaIR arm, dropped 2 of 2000 | pulse 0.01 GtCH4 at 2030 | cm rel 1995-2014 | julia 1.12.6"
2065,lws,0.0,0.0,0.0,0.0,0.0,"scope_slr_pulse_vv.jl | SLR-RFF-BRICK 39cedc0 | Ladrillo L27 (v1.2) | draws parameters_subsample_brick_mengel_L27.csv, 500/chain | paleo assignment :single (seed 20260920) | land-water anchor :zero_at_first_year | lws observed | climate MAGICC-SLR 600 members, vv_pulse_wide_20261009 | forcing spliced | tap true | pair seed 2026 | record conditioning: common draw set with the FaIR arm, dropped 2 of 2000 | pulse 0.01 GtCH4 at 2030 | cm rel 1995-2014 | julia 1.12.6"
2066,lws,0.0,0.0,0.0,0.0,0.0,"scope_slr_pulse_vv.jl | SLR-RFF-BRICK 39cedc0 | Ladrillo L27 (v1.2) | draws parameters_subsample_brick_mengel_L27.csv, 500/chain | paleo assignment :single (seed 20260920) | land-water anchor :zero_at_first_year | lws observed | climate MAGICC-SLR 600 members, vv_pulse_wide_20261009 | forcing spliced | tap true | pair seed 2026 | record conditioning: common draw set with the FaIR arm, dropped 2 of 2000 | pulse 0.01 GtCH4 at 2030 | cm rel 1995-2014 | julia 1.12.6"
2067,lws,0.0,0.0,0.0,0.0,0.0,"scope_slr_pulse_vv.jl | SLR-RFF-BRICK 39cedc0 | Ladrillo L27 (v1.2) | draws parameters_subsample_brick_mengel_L27.csv, 500/chain | paleo assignment :single (seed 20260920) | land-water anchor :zero_at_first_year | lws observed | climate MAGICC-SLR 600 members, vv_pulse_wide_20261009 | forcing spliced | tap true | pair seed 2026 | record conditioning: common draw set with the FaIR arm, dropped 2 of 2000 | pulse 0.01 GtCH4 at 2030 | cm rel 1995-2014 | julia 1.12.6"
2068,lws,0.0,0.0,0.0,0.0,0.0,"scope_slr_pulse_vv.jl | SLR-RFF-BRICK 39cedc0 | Ladrillo L27 (v1.2) | draws parameters_subsample_brick_mengel_L27.csv, 500/chain | paleo assignment :single (seed 20260920) | land-water anchor :zero_at_first_year | lws observed | climate MAGICC-SLR 600 members, vv_pulse_wide_20261009 | forcing spliced | tap true | pair seed 2026 | record conditioning: common draw set with the FaIR arm, dropped 2 of 2000 | pulse 0.01 GtCH4 at 2030 | cm rel 1995-2014 | julia 1.12.6"
2069,lws,0.0,0.0,0.0,0.0,0.0,"scope_slr_pulse_vv.jl | SLR-RFF-BRICK 39cedc0 | Ladrillo L27 (v1.2) | draws parameters_subsample_brick_mengel_L27.csv, 500/chain | paleo assignment :single (seed 20260920) | land-water anchor :zero_at_first_year | lws observed | climate MAGICC-SLR 600 members, vv_pulse_wide_20261009 | forcing spliced | tap true | pair seed 2026 | record conditioning: common draw set with the FaIR arm, dropped 2 of 2000 | pulse 0.01 GtCH4 at 2030 | cm rel 1995-2014 | julia 1.12.6"
2070,lws,0.0,0.0,0.0,0.0,0.0,"scope_slr_pulse_vv.jl | SLR-RFF-BRICK 39cedc0 | Ladrillo L27 (v1.2) | draws parameters_subsample_brick_mengel_L27.csv, 500/chain | paleo assignment :single (seed 20260920) | land-water anchor :zero_at_first_year | lws observed | climate MAGICC-SLR 600 members, vv_pulse_wide_20261009 | forcing spliced | tap true | pair seed 2026 | record conditioning: common draw set with the FaIR arm, dropped 2 of 2000 | pulse 0.01 GtCH4 at 2030 | cm rel 1995-2014 | julia 1.12.6"
2071,lws,0.0,0.0,0.0,0.0,0.0,"scope_slr_pulse_vv.jl | SLR-RFF-BRICK 39cedc0 | Ladrillo L27 (v1.2) | draws parameters_subsample_brick_mengel_L27.csv, 500/chain | paleo assignment :single (seed 20260920) | land-water anchor :zero_at_first_year | lws observed | climate MAGICC-SLR 600 members, vv_pulse_wide_20261009 | forcing spliced | tap true | pair seed 2026 | record conditioning: common draw set with the FaIR arm, dropped 2 of 2000 | pulse 0.01 GtCH4 at 2030 | cm rel 1995-2014 | julia 1.12.6"
2072,lws,0.0,0.0,0.0,0.0,0.0,"scope_slr_pulse_vv.jl | SLR-RFF-BRICK 39cedc0 | Ladrillo L27 (v1.2) | draws parameters_subsample_brick_mengel_L27.csv, 500/chain | paleo assignment :single (seed 20260920) | land-water anchor :zero_at_first_year | lws observed | climate MAGICC-SLR 600 members, vv_pulse_wide_20261009 | forcing spliced | tap true | pair seed 2026 | record conditioning: common draw set with the FaIR arm, dropped 2 of 2000 | pulse 0.01 GtCH4 at 2030 | cm rel 1995-2014 | julia 1.12.6"
2073,lws,0.0,0.0,0.0,0.0,0.0,"scope_slr_pulse_vv.jl | SLR-RFF-BRICK 39cedc0 | Ladrillo L27 (v1.2) | draws parameters_subsample_brick_mengel_L27.csv, 500/chain | paleo assignment :single (seed 20260920) | land-water anchor :zero_at_first_year | lws observed | climate MAGICC-SLR 600 members, vv_pulse_wide_20261009 | forcing spliced | tap true | pair seed 2026 | record conditioning: common draw set with the FaIR arm, dropped 2 of 2000 | pulse 0.01 GtCH4 at 2030 | cm rel 1995-2014 | julia 1.12.6"
2074,lws,0.0,0.0,0.0,0.0,0.0,"scope_slr_pulse_vv.jl | SLR-RFF-BRICK 39cedc0 | Ladrillo L27 (v1.2) | draws parameters_subsample_brick_mengel_L27.csv, 500/chain | paleo assignment :single (seed 20260920) | land-water anchor :zero_at_first_year | lws observed | climate MAGICC-SLR 600 members, vv_pulse_wide_20261009 | forcing spliced | tap true | pair seed 2026 | record conditioning: common draw set with the FaIR arm, dropped 2 of 2000 | pulse 0.01 GtCH4 at 2030 | cm rel 1995-2014 | julia 1.12.6"
2075,lws,0.0,0.0,0.0,0.0,0.0,"scope_slr_pulse_vv.jl | SLR-RFF-BRICK 39cedc0 | Ladrillo L27 (v1.2) | draws parameters_subsample_brick_mengel_L27.csv, 500/chain | paleo assignment :single (seed 20260920) | land-water anchor :zero_at_first_year | lws observed | climate MAGICC-SLR 600 members, vv_pulse_wide_20261009 | forcing spliced | tap true | pair seed 2026 | record conditioning: common draw set with the FaIR arm, dropped 2 of 2000 | pulse 0.01 GtCH4 at 2030 | cm rel 1995-2014 | julia 1.12.6"
2076,lws,0.0,0.0,0.0,0.0,0.0,"scope_slr_pulse_vv.jl | SLR-RFF-BRICK 39cedc0 | Ladrillo L27 (v1.2) | draws parameters_subsample_brick_mengel_L27.csv, 500/chain | paleo assignment :single (seed 20260920) | land-water anchor :zero_at_first_year | lws observed | climate MAGICC-SLR 600 members, vv_pulse_wide_20261009 | forcing spliced | tap true | pair seed 2026 | record conditioning: common draw set with the FaIR arm, dropped 2 of 2000 | pulse 0.01 GtCH4 at 2030 | cm rel 1995-2014 | julia 1.12.6"
2077,lws,0.0,0.0,0.0,0.0,0.0,"scope_slr_pulse_vv.jl | SLR-RFF-BRICK 39cedc0 | Ladrillo L27 (v1.2) | draws parameters_subsample_brick_mengel_L27.csv, 500/chain | paleo assignment :single (seed 20260920) | land-water anchor :zero_at_first_year | lws observed | climate MAGICC-SLR 600 members, vv_pulse_wide_20261009 | forcing spliced | tap true | pair seed 2026 | record conditioning: common draw set with the FaIR arm, dropped 2 of 2000 | pulse 0.01 GtCH4 at 2030 | cm rel 1995-2014 | julia 1.12.6"
2078,lws,0.0,0.0,0.0,0.0,0.0,"scope_slr_pulse_vv.jl | SLR-RFF-BRICK 39cedc0 | Ladrillo L27 (v1.2) | draws parameters_subsample_brick_mengel_L27.csv, 500/chain | paleo assignment :single (seed 20260920) | land-water anchor :zero_at_first_year | lws observed | climate MAGICC-SLR 600 members, vv_pulse_wide_20261009 | forcing spliced | tap true | pair seed 2026 | record conditioning: common draw set with the FaIR arm, dropped 2 of 2000 | pulse 0.01 GtCH4 at 2030 | cm rel 1995-2014 | julia 1.12.6"
2079,lws,0.0,0.0,0.0,0.0,0.0,"scope_slr_pulse_vv.jl | SLR-RFF-BRICK 39cedc0 | Ladrillo L27 (v1.2) | draws parameters_subsample_brick_mengel_L27.csv, 500/chain | paleo assignment :single (seed 20260920) | land-water anchor :zero_at_first_year | lws observed | climate MAGICC-SLR 600 members, vv_pulse_wide_20261009 | forcing spliced | tap true | pair seed 2026 | record conditioning: common draw set with the FaIR arm, dropped 2 of 2000 | pulse 0.01 GtCH4 at 2030 | cm rel 1995-2014 | julia 1.12.6"
2080,lws,0.0,0.0,0.0,0.0,0.0,"scope_slr_pulse_vv.jl | SLR-RFF-BRICK 39cedc0 | Ladrillo L27 (v1.2) | draws parameters_subsample_brick_mengel_L27.csv, 500/chain | paleo assignment :single (seed 20260920) | land-water anchor :zero_at_first_year | lws observed | climate MAGICC-SLR 600 members, vv_pulse_wide_20261009 | forcing spliced | tap true | pair seed 2026 | record conditioning: common draw set with the FaIR arm, dropped 2 of 2000 | pulse 0.01 GtCH4 at 2030 | cm rel 1995-2014 | julia 1.12.6"
2081,lws,0.0,0.0,0.0,0.0,0.0,"scope_slr_pulse_vv.jl | SLR-RFF-BRICK 39cedc0 | Ladrillo L27 (v1.2) | draws parameters_subsample_brick_mengel_L27.csv, 500/chain | paleo assignment :single (seed 20260920) | land-water anchor :zero_at_first_year | lws observed | climate MAGICC-SLR 600 members, vv_pulse_wide_20261009 | forcing spliced | tap true | pair seed 2026 | record conditioning: common draw set with the FaIR arm, dropped 2 of 2000 | pulse 0.01 GtCH4 at 2030 | cm rel 1995-2014 | julia 1.12.6"
2082,lws,0.0,0.0,0.0,0.0,0.0,"scope_slr_pulse_vv.jl | SLR-RFF-BRICK 39cedc0 | Ladrillo L27 (v1.2) | draws parameters_subsample_brick_mengel_L27.csv, 500/chain | paleo assignment :single (seed 20260920) | land-water anchor :zero_at_first_year | lws observed | climate MAGICC-SLR 600 members, vv_pulse_wide_20261009 | forcing spliced | tap true | pair seed 2026 | record conditioning: common draw set with the FaIR arm, dropped 2 of 2000 | pulse 0.01 GtCH4 at 2030 | cm rel 1995-2014 | julia 1.12.6"
2083,lws,0.0,0.0,0.0,0.0,0.0,"scope_slr_pulse_vv.jl | SLR-RFF-BRICK 39cedc0 | Ladrillo L27 (v1.2) | draws parameters_subsample_brick_mengel_L27.csv, 500/chain | paleo assignment :single (seed 20260920) | land-water anchor :zero_at_first_year | lws observed | climate MAGICC-SLR 600 members, vv_pulse_wide_20261009 | forcing spliced | tap true | pair seed 2026 | record conditioning: common draw set with the FaIR arm, dropped 2 of 2000 | pulse 0.01 GtCH4 at 2030 | cm rel 1995-2014 | julia 1.12.6"
2084,lws,0.0,0.0,0.0,0.0,0.0,"scope_slr_pulse_vv.jl | SLR-RFF-BRICK 39cedc0 | Ladrillo L27 (v1.2) | draws parameters_subsample_brick_mengel_L27.csv, 500/chain | paleo assignment :single (seed 20260920) | land-water anchor :zero_at_first_year | lws observed | climate MAGICC-SLR 600 members, vv_pulse_wide_20261009 | forcing spliced | tap true | pair seed 2026 | record conditioning: common draw set with the FaIR arm, dropped 2 of 2000 | pulse 0.01 GtCH4 at 2030 | cm rel 1995-2014 | julia 1.12.6"
2085,lws,0.0,0.0,0.0,0.0,0.0,"scope_slr_pulse_vv.jl | SLR-RFF-BRICK 39cedc0 | Ladrillo L27 (v1.2) | draws parameters_subsample_brick_mengel_L27.csv, 500/chain | paleo assignment :single (seed 20260920) | land-water anchor :zero_at_first_year | lws observed | climate MAGICC-SLR 600 members, vv_pulse_wide_20261009 | forcing spliced | tap true | pair seed 2026 | record conditioning: common draw set with the FaIR arm, dropped 2 of 2000 | pulse 0.01 GtCH4 at 2030 | cm rel 1995-2014 | julia 1.12.6"
2086,lws,0.0,0.0,0.0,0.0,0.0,"scope_slr_pulse_vv.jl | SLR-RFF-BRICK 39cedc0 | Ladrillo L27 (v1.2) | draws parameters_subsample_brick_mengel_L27.csv, 500/chain | paleo assignment :single (seed 20260920) | land-water anchor :zero_at_first_year | lws observed | climate MAGICC-SLR 600 members, vv_pulse_wide_20261009 | forcing spliced | tap true | pair seed 2026 | record conditioning: common draw set with the FaIR arm, dropped 2 of 2000 | pulse 0.01 GtCH4 at 2030 | cm rel 1995-2014 | julia 1.12.6"
2087,lws,0.0,0.0,0.0,0.0,0.0,"scope_slr_pulse_vv.jl | SLR-RFF-BRICK 39cedc0 | Ladrillo L27 (v1.2) | draws parameters_subsample_brick_mengel_L27.csv, 500/chain | paleo assignment :single (seed 20260920) | land-water anchor :zero_at_first_year | lws observed | climate MAGICC-SLR 600 members, vv_pulse_wide_20261009 | forcing spliced | tap true | pair seed 2026 | record conditioning: common draw set with the FaIR arm, dropped 2 of 2000 | pulse 0.01 GtCH4 at 2030 | cm rel 1995-2014 | julia 1.12.6"
2088,lws,0.0,0.0,0.0,0.0,0.0,"scope_slr_pulse_vv.jl | SLR-RFF-BRICK 39cedc0 | Ladrillo L27 (v1.2) | draws parameters_subsample_brick_mengel_L27.csv, 500/chain | paleo assignment :single (seed 20260920) | land-water anchor :zero_at_first_year | lws observed | climate MAGICC-SLR 600 members, vv_pulse_wide_20261009 | forcing spliced | tap true | pair seed 2026 | record conditioning: common draw set with the FaIR arm, dropped 2 of 2000 | pulse 0.01 GtCH4 at 2030 | cm rel 1995-2014 | julia 1.12.6"
2089,lws,0.0,0.0,0.0,0.0,0.0,"scope_slr_pulse_vv.jl | SLR-RFF-BRICK 39cedc0 | Ladrillo L27 (v1.2) | draws parameters_subsample_brick_mengel_L27.csv, 500/chain | paleo assignment :single (seed 20260920) | land-water anchor :zero_at_first_year | lws observed | climate MAGICC-SLR 600 members, vv_pulse_wide_20261009 | forcing spliced | tap true | pair seed 2026 | record conditioning: common draw set with the FaIR arm, dropped 2 of 2000 | pulse 0.01 GtCH4 at 2030 | cm rel 1995-2014 | julia 1.12.6"
2090,lws,0.0,0.0,0.0,0.0,0.0,"scope_slr_pulse_vv.jl | SLR-RFF-BRICK 39cedc0 | Ladrillo L27 (v1.2) | draws parameters_subsample_brick_mengel_L27.csv, 500/chain | paleo assignment :single (seed 20260920) | land-water anchor :zero_at_first_year | lws observed | climate MAGICC-SLR 600 members, vv_pulse_wide_20261009 | forcing spliced | tap true | pair seed 2026 | record conditioning: common draw set with the FaIR arm, dropped 2 of 2000 | pulse 0.01 GtCH4 at 2030 | cm rel 1995-2014 | julia 1.12.6"
2091,lws,0.0,0.0,0.0,0.0,0.0,"scope_slr_pulse_vv.jl | SLR-RFF-BRICK 39cedc0 | Ladrillo L27 (v1.2) | draws parameters_subsample_brick_mengel_L27.csv, 500/chain | paleo assignment :single (seed 20260920) | land-water anchor :zero_at_first_year | lws observed | climate MAGICC-SLR 600 members, vv_pulse_wide_20261009 | forcing spliced | tap true | pair seed 2026 | record conditioning: common draw set with the FaIR arm, dropped 2 of 2000 | pulse 0.01 GtCH4 at 2030 | cm rel 1995-2014 | julia 1.12.6"
2092,lws,0.0,0.0,0.0,0.0,0.0,"scope_slr_pulse_vv.jl | SLR-RFF-BRICK 39cedc0 | Ladrillo L27 (v1.2) | draws parameters_subsample_brick_mengel_L27.csv, 500/chain | paleo assignment :single (seed 20260920) | land-water anchor :zero_at_first_year | lws observed | climate MAGICC-SLR 600 members, vv_pulse_wide_20261009 | forcing spliced | tap true | pair seed 2026 | record conditioning: common draw set with the FaIR arm, dropped 2 of 2000 | pulse 0.01 GtCH4 at 2030 | cm rel 1995-2014 | julia 1.12.6"
2093,lws,0.0,0.0,0.0,0.0,0.0,"scope_slr_pulse_vv.jl | SLR-RFF-BRICK 39cedc0 | Ladrillo L27 (v1.2) | draws parameters_subsample_brick_mengel_L27.csv, 500/chain | paleo assignment :single (seed 20260920) | land-water anchor :zero_at_first_year | lws observed | climate MAGICC-SLR 600 members, vv_pulse_wide_20261009 | forcing spliced | tap true | pair seed 2026 | record conditioning: common draw set with the FaIR arm, dropped 2 of 2000 | pulse 0.01 GtCH4 at 2030 | cm rel 1995-2014 | julia 1.12.6"
2094,lws,0.0,0.0,0.0,0.0,0.0,"scope_slr_pulse_vv.jl | SLR-RFF-BRICK 39cedc0 | Ladrillo L27 (v1.2) | draws parameters_subsample_brick_mengel_L27.csv, 500/chain | paleo assignment :single (seed 20260920) | land-water anchor :zero_at_first_year | lws observed | climate MAGICC-SLR 600 members, vv_pulse_wide_20261009 | forcing spliced | tap true | pair seed 2026 | record conditioning: common draw set with the FaIR arm, dropped 2 of 2000 | pulse 0.01 GtCH4 at 2030 | cm rel 1995-2014 | julia 1.12.6"
2095,lws,0.0,0.0,0.0,0.0,0.0,"scope_slr_pulse_vv.jl | SLR-RFF-BRICK 39cedc0 | Ladrillo L27 (v1.2) | draws parameters_subsample_brick_mengel_L27.csv, 500/chain | paleo assignment :single (seed 20260920) | land-water anchor :zero_at_first_year | lws observed | climate MAGICC-SLR 600 members, vv_pulse_wide_20261009 | forcing spliced | tap true | pair seed 2026 | record conditioning: common draw set with the FaIR arm, dropped 2 of 2000 | pulse 0.01 GtCH4 at 2030 | cm rel 1995-2014 | julia 1.12.6"
2096,lws,0.0,0.0,0.0,0.0,0.0,"scope_slr_pulse_vv.jl | SLR-RFF-BRICK 39cedc0 | Ladrillo L27 (v1.2) | draws parameters_subsample_brick_mengel_L27.csv, 500/chain | paleo assignment :single (seed 20260920) | land-water anchor :zero_at_first_year | lws observed | climate MAGICC-SLR 600 members, vv_pulse_wide_20261009 | forcing spliced | tap true | pair seed 2026 | record conditioning: common draw set with the FaIR arm, dropped 2 of 2000 | pulse 0.01 GtCH4 at 2030 | cm rel 1995-2014 | julia 1.12.6"
2097,lws,0.0,0.0,0.0,0.0,0.0,"scope_slr_pulse_vv.jl | SLR-RFF-BRICK 39cedc0 | Ladrillo L27 (v1.2) | draws parameters_subsample_brick_mengel_L27.csv, 500/chain | paleo assignment :single (seed 20260920) | land-water anchor :zero_at_first_year | lws observed | climate MAGICC-SLR 600 members, vv_pulse_wide_20261009 | forcing spliced | tap true | pair seed 2026 | record conditioning: common draw set with the FaIR arm, dropped 2 of 2000 | pulse 0.01 GtCH4 at 2030 | cm rel 1995-2014 | julia 1.12.6"
2098,lws,0.0,0.0,0.0,0.0,0.0,"scope_slr_pulse_vv.jl | SLR-RFF-BRICK 39cedc0 | Ladrillo L27 (v1.2) | draws parameters_subsample_brick_mengel_L27.csv, 500/chain | paleo assignment :single (seed 20260920) | land-water anchor :zero_at_first_year | lws observed | climate MAGICC-SLR 600 members, vv_pulse_wide_20261009 | forcing spliced | tap true | pair seed 2026 | record conditioning: common draw set with the FaIR arm, dropped 2 of 2000 | pulse 0.01 GtCH4 at 2030 | cm rel 1995-2014 | julia 1.12.6"
2099,lws,0.0,0.0,0.0,0.0,0.0,"scope_slr_pulse_vv.jl | SLR-RFF-BRICK 39cedc0 | Ladrillo L27 (v1.2) | draws parameters_subsample_brick_mengel_L27.csv, 500/chain | paleo assignment :single (seed 20260920) | land-water anchor :zero_at_first_year | lws observed | climate MAGICC-SLR 600 members, vv_pulse_wide_20261009 | forcing spliced | tap true | pair seed 2026 | record conditioning: common draw set with the FaIR arm, dropped 2 of 2000 | pulse 0.01 GtCH4 at 2030 | cm rel 1995-2014 | julia 1.12.6"
2100,lws,0.0,0.0,0.0,0.0,0.0,"scope_slr_pulse_vv.jl | SLR-RFF-BRICK 39cedc0 | Ladrillo L27 (v1.2) | draws parameters_subsample_brick_mengel_L27.csv, 500/chain | paleo assignment :single (seed 20260920) | land-water anchor :zero_at_first_year | lws observed | climate MAGICC-SLR 600 members, vv_pulse_wide_20261009 | forcing spliced | tap true | pair seed 2026 | record conditioning: common draw set with the FaIR arm, dropped 2 of 2000 | pulse 0.01 GtCH4 at 2030 | cm rel 1995-2014 | julia 1.12.6"
2101,lws,0.0,0.0,0.0,0.0,0.0,"scope_slr_pulse_vv.jl | SLR-RFF-BRICK 39cedc0 | Ladrillo L27 (v1.2) | draws parameters_subsample_brick_mengel_L27.csv, 500/chain | paleo assignment :single (seed 20260920) | land-water anchor :zero_at_first_year | lws observed | climate MAGICC-SLR 600 members, vv_pulse_wide_20261009 | forcing spliced | tap true | pair seed 2026 | record conditioning: common draw set with the FaIR arm, dropped 2 of 2000 | pulse 0.01 GtCH4 at 2030 | cm rel 1995-2014 | julia 1.12.6"
2102,lws,0.0,0.0,0.0,0.0,0.0,"scope_slr_pulse_vv.jl | SLR-RFF-BRICK 39cedc0 | Ladrillo L27 (v1.2) | draws parameters_subsample_brick_mengel_L27.csv, 500/chain | paleo assignment :single (seed 20260920) | land-water anchor :zero_at_first_year | lws observed | climate MAGICC-SLR 600 members, vv_pulse_wide_20261009 | forcing spliced | tap true | pair seed 2026 | record conditioning: common draw set with the FaIR arm, dropped 2 of 2000 | pulse 0.01 GtCH4 at 2030 | cm rel 1995-2014 | julia 1.12.6"
2103,lws,0.0,0.0,0.0,0.0,0.0,"scope_slr_pulse_vv.jl | SLR-RFF-BRICK 39cedc0 | Ladrillo L27 (v1.2) | draws parameters_subsample_brick_mengel_L27.csv, 500/chain | paleo assignment :single (seed 20260920) | land-water anchor :zero_at_first_year | lws observed | climate MAGICC-SLR 600 members, vv_pulse_wide_20261009 | forcing spliced | tap true | pair seed 2026 | record conditioning: common draw set with the FaIR arm, dropped 2 of 2000 | pulse 0.01 GtCH4 at 2030 | cm rel 1995-2014 | julia 1.12.6"
2104,lws,0.0,0.0,0.0,0.0,0.0,"scope_slr_pulse_vv.jl | SLR-RFF-BRICK 39cedc0 | Ladrillo L27 (v1.2) | draws parameters_subsample_brick_mengel_L27.csv, 500/chain | paleo assignment :single (seed 20260920) | land-water anchor :zero_at_first_year | lws observed | climate MAGICC-SLR 600 members, vv_pulse_wide_20261009 | forcing spliced | tap true | pair seed 2026 | record conditioning: common draw set with the FaIR arm, dropped 2 of 2000 | pulse 0.01 GtCH4 at 2030 | cm rel 1995-2014 | julia 1.12.6"
2105,lws,0.0,0.0,0.0,0.0,0.0,"scope_slr_pulse_vv.jl | SLR-RFF-BRICK 39cedc0 | Ladrillo L27 (v1.2) | draws parameters_subsample_brick_mengel_L27.csv, 500/chain | paleo assignment :single (seed 20260920) | land-water anchor :zero_at_first_year | lws observed | climate MAGICC-SLR 600 members, vv_pulse_wide_20261009 | forcing spliced | tap true | pair seed 2026 | record conditioning: common draw set with the FaIR arm, dropped 2 of 2000 | pulse 0.01 GtCH4 at 2030 | cm rel 1995-2014 | julia 1.12.6"
2106,lws,0.0,0.0,0.0,0.0,0.0,"scope_slr_pulse_vv.jl | SLR-RFF-BRICK 39cedc0 | Ladrillo L27 (v1.2) | draws parameters_subsample_brick_mengel_L27.csv, 500/chain | paleo assignment :single (seed 20260920) | land-water anchor :zero_at_first_year | lws observed | climate MAGICC-SLR 600 members, vv_pulse_wide_20261009 | forcing spliced | tap true | pair seed 2026 | record conditioning: common draw set with the FaIR arm, dropped 2 of 2000 | pulse 0.01 GtCH4 at 2030 | cm rel 1995-2014 | julia 1.12.6"
2107,lws,0.0,0.0,0.0,0.0,0.0,"scope_slr_pulse_vv.jl | SLR-RFF-BRICK 39cedc0 | Ladrillo L27 (v1.2) | draws parameters_subsample_brick_mengel_L27.csv, 500/chain | paleo assignment :single (seed 20260920) | land-water anchor :zero_at_first_year | lws observed | climate MAGICC-SLR 600 members, vv_pulse_wide_20261009 | forcing spliced | tap true | pair seed 2026 | record conditioning: common draw set with the FaIR arm, dropped 2 of 2000 | pulse 0.01 GtCH4 at 2030 | cm rel 1995-2014 | julia 1.12.6"
2108,lws,0.0,0.0,0.0,0.0,0.0,"scope_slr_pulse_vv.jl | SLR-RFF-BRICK 39cedc0 | Ladrillo L27 (v1.2) | draws parameters_subsample_brick_mengel_L27.csv, 500/chain | paleo assignment :single (seed 20260920) | land-water anchor :zero_at_first_year | lws observed | climate MAGICC-SLR 600 members, vv_pulse_wide_20261009 | forcing spliced | tap true | pair seed 2026 | record conditioning: common draw set with the FaIR arm, dropped 2 of 2000 | pulse 0.01 GtCH4 at 2030 | cm rel 1995-2014 | julia 1.12.6"
2109,lws,0.0,0.0,0.0,0.0,0.0,"scope_slr_pulse_vv.jl | SLR-RFF-BRICK 39cedc0 | Ladrillo L27 (v1.2) | draws parameters_subsample_brick_mengel_L27.csv, 500/chain | paleo assignment :single (seed 20260920) | land-water anchor :zero_at_first_year | lws observed | climate MAGICC-SLR 600 members, vv_pulse_wide_20261009 | forcing spliced | tap true | pair seed 2026 | record conditioning: common draw set with the FaIR arm, dropped 2 of 2000 | pulse 0.01 GtCH4 at 2030 | cm rel 1995-2014 | julia 1.12.6"
2110,lws,0.0,0.0,0.0,0.0,0.0,"scope_slr_pulse_vv.jl | SLR-RFF-BRICK 39cedc0 | Ladrillo L27 (v1.2) | draws parameters_subsample_brick_mengel_L27.csv, 500/chain | paleo assignment :single (seed 20260920) | land-water anchor :zero_at_first_year | lws observed | climate MAGICC-SLR 600 members, vv_pulse_wide_20261009 | forcing spliced | tap true | pair seed 2026 | record conditioning: common draw set with the FaIR arm, dropped 2 of 2000 | pulse 0.01 GtCH4 at 2030 | cm rel 1995-2014 | julia 1.12.6"
2111,lws,0.0,0.0,0.0,0.0,0.0,"scope_slr_pulse_vv.jl | SLR-RFF-BRICK 39cedc0 | Ladrillo L27 (v1.2) | draws parameters_subsample_brick_mengel_L27.csv, 500/chain | paleo assignment :single (seed 20260920) | land-water anchor :zero_at_first_year | lws observed | climate MAGICC-SLR 600 members, vv_pulse_wide_20261009 | forcing spliced | tap true | pair seed 2026 | record conditioning: common draw set with the FaIR arm, dropped 2 of 2000 | pulse 0.01 GtCH4 at 2030 | cm rel 1995-2014 | julia 1.12.6"
2112,lws,0.0,0.0,0.0,0.0,0.0,"scope_slr_pulse_vv.jl | SLR-RFF-BRICK 39cedc0 | Ladrillo L27 (v1.2) | draws parameters_subsample_brick_mengel_L27.csv, 500/chain | paleo assignment :single (seed 20260920) | land-water anchor :zero_at_first_year | lws observed | climate MAGICC-SLR 600 members, vv_pulse_wide_20261009 | forcing spliced | tap true | pair seed 2026 | record conditioning: common draw set with the FaIR arm, dropped 2 of 2000 | pulse 0.01 GtCH4 at 2030 | cm rel 1995-2014 | julia 1.12.6"
2113,lws,0.0,0.0,0.0,0.0,0.0,"scope_slr_pulse_vv.jl | SLR-RFF-BRICK 39cedc0 | Ladrillo L27 (v1.2) | draws parameters_subsample_brick_mengel_L27.csv, 500/chain | paleo assignment :single (seed 20260920) | land-water anchor :zero_at_first_year | lws observed | climate MAGICC-SLR 600 members, vv_pulse_wide_20261009 | forcing spliced | tap true | pair seed 2026 | record conditioning: common draw set with the FaIR arm, dropped 2 of 2000 | pulse 0.01 GtCH4 at 2030 | cm rel 1995-2014 | julia 1.12.6"
2114,lws,0.0,0.0,0.0,0.0,0.0,"scope_slr_pulse_vv.jl | SLR-RFF-BRICK 39cedc0 | Ladrillo L27 (v1.2) | draws parameters_subsample_brick_mengel_L27.csv, 500/chain | paleo assignment :single (seed 20260920) | land-water anchor :zero_at_first_year | lws observed | climate MAGICC-SLR 600 members, vv_pulse_wide_20261009 | forcing spliced | tap true | pair seed 2026 | record conditioning: common draw set with the FaIR arm, dropped 2 of 2000 | pulse 0.01 GtCH4 at 2030 | cm rel 1995-2014 | julia 1.12.6"
2115,lws,0.0,0.0,0.0,0.0,0.0,"scope_slr_pulse_vv.jl | SLR-RFF-BRICK 39cedc0 | Ladrillo L27 (v1.2) | draws parameters_subsample_brick_mengel_L27.csv, 500/chain | paleo assignment :single (seed 20260920) | land-water anchor :zero_at_first_year | lws observed | climate MAGICC-SLR 600 members, vv_pulse_wide_20261009 | forcing spliced | tap true | pair seed 2026 | record conditioning: common draw set with the FaIR arm, dropped 2 of 2000 | pulse 0.01 GtCH4 at 2030 | cm rel 1995-2014 | julia 1.12.6"
2116,lws,0.0,0.0,0.0,0.0,0.0,"scope_slr_pulse_vv.jl | SLR-RFF-BRICK 39cedc0 | Ladrillo L27 (v1.2) | draws parameters_subsample_brick_mengel_L27.csv, 500/chain | paleo assignment :single (seed 20260920) | land-water anchor :zero_at_first_year | lws observed | climate MAGICC-SLR 600 members, vv_pulse_wide_20261009 | forcing spliced | tap true | pair seed 2026 | record conditioning: common draw set with the FaIR arm, dropped 2 of 2000 | pulse 0.01 GtCH4 at 2030 | cm rel 1995-2014 | julia 1.12.6"
2117,lws,0.0,0.0,0.0,0.0,0.0,"scope_slr_pulse_vv.jl | SLR-RFF-BRICK 39cedc0 | Ladrillo L27 (v1.2) | draws parameters_subsample_brick_mengel_L27.csv, 500/chain | paleo assignment :single (seed 20260920) | land-water anchor :zero_at_first_year | lws observed | climate MAGICC-SLR 600 members, vv_pulse_wide_20261009 | forcing spliced | tap true | pair seed 2026 | record conditioning: common draw set with the FaIR arm, dropped 2 of 2000 | pulse 0.01 GtCH4 at 2030 | cm rel 1995-2014 | julia 1.12.6"
2118,lws,0.0,0.0,0.0,0.0,0.0,"scope_slr_pulse_vv.jl | SLR-RFF-BRICK 39cedc0 | Ladrillo L27 (v1.2) | draws parameters_subsample_brick_mengel_L27.csv, 500/chain | paleo assignment :single (seed 20260920) | land-water anchor :zero_at_first_year | lws observed | climate MAGICC-SLR 600 members, vv_pulse_wide_20261009 | forcing spliced | tap true | pair seed 2026 | record conditioning: common draw set with the FaIR arm, dropped 2 of 2000 | pulse 0.01 GtCH4 at 2030 | cm rel 1995-2014 | julia 1.12.6"
2119,lws,0.0,0.0,0.0,0.0,0.0,"scope_slr_pulse_vv.jl | SLR-RFF-BRICK 39cedc0 | Ladrillo L27 (v1.2) | draws parameters_subsample_brick_mengel_L27.csv, 500/chain | paleo assignment :single (seed 20260920) | land-water anchor :zero_at_first_year | lws observed | climate MAGICC-SLR 600 members, vv_pulse_wide_20261009 | forcing spliced | tap true | pair seed 2026 | record conditioning: common draw set with the FaIR arm, dropped 2 of 2000 | pulse 0.01 GtCH4 at 2030 | cm rel 1995-2014 | julia 1.12.6"
2120,lws,0.0,0.0,0.0,0.0,0.0,"scope_slr_pulse_vv.jl | SLR-RFF-BRICK 39cedc0 | Ladrillo L27 (v1.2) | draws parameters_subsample_brick_mengel_L27.csv, 500/chain | paleo assignment :single (seed 20260920) | land-water anchor :zero_at_first_year | lws observed | climate MAGICC-SLR 600 members, vv_pulse_wide_20261009 | forcing spliced | tap true | pair seed 2026 | record conditioning: common draw set with the FaIR arm, dropped 2 of 2000 | pulse 0.01 GtCH4 at 2030 | cm rel 1995-2014 | julia 1.12.6"
2121,lws,0.0,0.0,0.0,0.0,0.0,"scope_slr_pulse_vv.jl | SLR-RFF-BRICK 39cedc0 | Ladrillo L27 (v1.2) | draws parameters_subsample_brick_mengel_L27.csv, 500/chain | paleo assignment :single (seed 20260920) | land-water anchor :zero_at_first_year | lws observed | climate MAGICC-SLR 600 members, vv_pulse_wide_20261009 | forcing spliced | tap true | pair seed 2026 | record conditioning: common draw set with the FaIR arm, dropped 2 of 2000 | pulse 0.01 GtCH4 at 2030 | cm rel 1995-2014 | julia 1.12.6"
2122,lws,0.0,0.0,0.0,0.0,0.0,"scope_slr_pulse_vv.jl | SLR-RFF-BRICK 39cedc0 | Ladrillo L27 (v1.2) | draws parameters_subsample_brick_mengel_L27.csv, 500/chain | paleo assignment :single (seed 20260920) | land-water anchor :zero_at_first_year | lws observed | climate MAGICC-SLR 600 members, vv_pulse_wide_20261009 | forcing spliced | tap true | pair seed 2026 | record conditioning: common draw set with the FaIR arm, dropped 2 of 2000 | pulse 0.01 GtCH4 at 2030 | cm rel 1995-2014 | julia 1.12.6"
2123,lws,0.0,0.0,0.0,0.0,0.0,"scope_slr_pulse_vv.jl | SLR-RFF-BRICK 39cedc0 | Ladrillo L27 (v1.2) | draws parameters_subsample_brick_mengel_L27.csv, 500/chain | paleo assignment :single (seed 20260920) | land-water anchor :zero_at_first_year | lws observed | climate MAGICC-SLR 600 members, vv_pulse_wide_20261009 | forcing spliced | tap true | pair seed 2026 | record conditioning: common draw set with the FaIR arm, dropped 2 of 2000 | pulse 0.01 GtCH4 at 2030 | cm rel 1995-2014 | julia 1.12.6"
2124,lws,0.0,0.0,0.0,0.0,0.0,"scope_slr_pulse_vv.jl | SLR-RFF-BRICK 39cedc0 | Ladrillo L27 (v1.2) | draws parameters_subsample_brick_mengel_L27.csv, 500/chain | paleo assignment :single (seed 20260920) | land-water anchor :zero_at_first_year | lws observed | climate MAGICC-SLR 600 members, vv_pulse_wide_20261009 | forcing spliced | tap true | pair seed 2026 | record conditioning: common draw set with the FaIR arm, dropped 2 of 2000 | pulse 0.01 GtCH4 at 2030 | cm rel 1995-2014 | julia 1.12.6"
2125,lws,0.0,0.0,0.0,0.0,0.0,"scope_slr_pulse_vv.jl | SLR-RFF-BRICK 39cedc0 | Ladrillo L27 (v1.2) | draws parameters_subsample_brick_mengel_L27.csv, 500/chain | paleo assignment :single (seed 20260920) | land-water anchor :zero_at_first_year | lws observed | climate MAGICC-SLR 600 members, vv_pulse_wide_20261009 | forcing spliced | tap true | pair seed 2026 | record conditioning: common draw set with the FaIR arm, dropped 2 of 2000 | pulse 0.01 GtCH4 at 2030 | cm rel 1995-2014 | julia 1.12.6"
2126,lws,0.0,0.0,0.0,0.0,0.0,"scope_slr_pulse_vv.jl | SLR-RFF-BRICK 39cedc0 | Ladrillo L27 (v1.2) | draws parameters_subsample_brick_mengel_L27.csv, 500/chain | paleo assignment :single (seed 20260920) | land-water anchor :zero_at_first_year | lws observed | climate MAGICC-SLR 600 members, vv_pulse_wide_20261009 | forcing spliced | tap true | pair seed 2026 | record conditioning: common draw set with the FaIR arm, dropped 2 of 2000 | pulse 0.01 GtCH4 at 2030 | cm rel 1995-2014 | julia 1.12.6"
2127,lws,0.0,0.0,0.0,0.0,0.0,"scope_slr_pulse_vv.jl | SLR-RFF-BRICK 39cedc0 | Ladrillo L27 (v1.2) | draws parameters_subsample_brick_mengel_L27.csv, 500/chain | paleo assignment :single (seed 20260920) | land-water anchor :zero_at_first_year | lws observed | climate MAGICC-SLR 600 members, vv_pulse_wide_20261009 | forcing spliced | tap true | pair seed 2026 | record conditioning: common draw set with the FaIR arm, dropped 2 of 2000 | pulse 0.01 GtCH4 at 2030 | cm rel 1995-2014 | julia 1.12.6"
2128,lws,0.0,0.0,0.0,0.0,0.0,"scope_slr_pulse_vv.jl | SLR-RFF-BRICK 39cedc0 | Ladrillo L27 (v1.2) | draws parameters_subsample_brick_mengel_L27.csv, 500/chain | paleo assignment :single (seed 20260920) | land-water anchor :zero_at_first_year | lws observed | climate MAGICC-SLR 600 members, vv_pulse_wide_20261009 | forcing spliced | tap true | pair seed 2026 | record conditioning: common draw set with the FaIR arm, dropped 2 of 2000 | pulse 0.01 GtCH4 at 2030 | cm rel 1995-2014 | julia 1.12.6"
2129,lws,0.0,0.0,0.0,0.0,0.0,"scope_slr_pulse_vv.jl | SLR-RFF-BRICK 39cedc0 | Ladrillo L27 (v1.2) | draws parameters_subsample_brick_mengel_L27.csv, 500/chain | paleo assignment :single (seed 20260920) | land-water anchor :zero_at_first_year | lws observed | climate MAGICC-SLR 600 members, vv_pulse_wide_20261009 | forcing spliced | tap true | pair seed 2026 | record conditioning: common draw set with the FaIR arm, dropped 2 of 2000 | pulse 0.01 GtCH4 at 2030 | cm rel 1995-2014 | julia 1.12.6"
2130,lws,0.0,0.0,0.0,0.0,0.0,"scope_slr_pulse_vv.jl | SLR-RFF-BRICK 39cedc0 | Ladrillo L27 (v1.2) | draws parameters_subsample_brick_mengel_L27.csv, 500/chain | paleo assignment :single (seed 20260920) | land-water anchor :zero_at_first_year | lws observed | climate MAGICC-SLR 600 members, vv_pulse_wide_20261009 | forcing spliced | tap true | pair seed 2026 | record conditioning: common draw set with the FaIR arm, dropped 2 of 2000 | pulse 0.01 GtCH4 at 2030 | cm rel 1995-2014 | julia 1.12.6"
2131,lws,0.0,0.0,0.0,0.0,0.0,"scope_slr_pulse_vv.jl | SLR-RFF-BRICK 39cedc0 | Ladrillo L27 (v1.2) | draws parameters_subsample_brick_mengel_L27.csv, 500/chain | paleo assignment :single (seed 20260920) | land-water anchor :zero_at_first_year | lws observed | climate MAGICC-SLR 600 members, vv_pulse_wide_20261009 | forcing spliced | tap true | pair seed 2026 | record conditioning: common draw set with the FaIR arm, dropped 2 of 2000 | pulse 0.01 GtCH4 at 2030 | cm rel 1995-2014 | julia 1.12.6"
2132,lws,0.0,0.0,0.0,0.0,0.0,"scope_slr_pulse_vv.jl | SLR-RFF-BRICK 39cedc0 | Ladrillo L27 (v1.2) | draws parameters_subsample_brick_mengel_L27.csv, 500/chain | paleo assignment :single (seed 20260920) | land-water anchor :zero_at_first_year | lws observed | climate MAGICC-SLR 600 members, vv_pulse_wide_20261009 | forcing spliced | tap true | pair seed 2026 | record conditioning: common draw set with the FaIR arm, dropped 2 of 2000 | pulse 0.01 GtCH4 at 2030 | cm rel 1995-2014 | julia 1.12.6"
2133,lws,0.0,0.0,0.0,0.0,0.0,"scope_slr_pulse_vv.jl | SLR-RFF-BRICK 39cedc0 | Ladrillo L27 (v1.2) | draws parameters_subsample_brick_mengel_L27.csv, 500/chain | paleo assignment :single (seed 20260920) | land-water anchor :zero_at_first_year | lws observed | climate MAGICC-SLR 600 members, vv_pulse_wide_20261009 | forcing spliced | tap true | pair seed 2026 | record conditioning: common draw set with the FaIR arm, dropped 2 of 2000 | pulse 0.01 GtCH4 at 2030 | cm rel 1995-2014 | julia 1.12.6"
2134,lws,0.0,0.0,0.0,0.0,0.0,"scope_slr_pulse_vv.jl | SLR-RFF-BRICK 39cedc0 | Ladrillo L27 (v1.2) | draws parameters_subsample_brick_mengel_L27.csv, 500/chain | paleo assignment :single (seed 20260920) | land-water anchor :zero_at_first_year | lws observed | climate MAGICC-SLR 600 members, vv_pulse_wide_20261009 | forcing spliced | tap true | pair seed 2026 | record conditioning: common draw set with the FaIR arm, dropped 2 of 2000 | pulse 0.01 GtCH4 at 2030 | cm rel 1995-2014 | julia 1.12.6"
2135,lws,0.0,0.0,0.0,0.0,0.0,"scope_slr_pulse_vv.jl | SLR-RFF-BRICK 39cedc0 | Ladrillo L27 (v1.2) | draws parameters_subsample_brick_mengel_L27.csv, 500/chain | paleo assignment :single (seed 20260920) | land-water anchor :zero_at_first_year | lws observed | climate MAGICC-SLR 600 members, vv_pulse_wide_20261009 | forcing spliced | tap true | pair seed 2026 | record conditioning: common draw set with the FaIR arm, dropped 2 of 2000 | pulse 0.01 GtCH4 at 2030 | cm rel 1995-2014 | julia 1.12.6"
2136,lws,0.0,0.0,0.0,0.0,0.0,"scope_slr_pulse_vv.jl | SLR-RFF-BRICK 39cedc0 | Ladrillo L27 (v1.2) | draws parameters_subsample_brick_mengel_L27.csv, 500/chain | paleo assignment :single (seed 20260920) | land-water anchor :zero_at_first_year | lws observed | climate MAGICC-SLR 600 members, vv_pulse_wide_20261009 | forcing spliced | tap true | pair seed 2026 | record conditioning: common draw set with the FaIR arm, dropped 2 of 2000 | pulse 0.01 GtCH4 at 2030 | cm rel 1995-2014 | julia 1.12.6"
2137,lws,0.0,0.0,0.0,0.0,0.0,"scope_slr_pulse_vv.jl | SLR-RFF-BRICK 39cedc0 | Ladrillo L27 (v1.2) | draws parameters_subsample_brick_mengel_L27.csv, 500/chain | paleo assignment :single (seed 20260920) | land-water anchor :zero_at_first_year | lws observed | climate MAGICC-SLR 600 members, vv_pulse_wide_20261009 | forcing spliced | tap true | pair seed 2026 | record conditioning: common draw set with the FaIR arm, dropped 2 of 2000 | pulse 0.01 GtCH4 at 2030 | cm rel 1995-2014 | julia 1.12.6"
2138,lws,0.0,0.0,0.0,0.0,0.0,"scope_slr_pulse_vv.jl | SLR-RFF-BRICK 39cedc0 | Ladrillo L27 (v1.2) | draws parameters_subsample_brick_mengel_L27.csv, 500/chain | paleo assignment :single (seed 20260920) | land-water anchor :zero_at_first_year | lws observed | climate MAGICC-SLR 600 members, vv_pulse_wide_20261009 | forcing spliced | tap true | pair seed 2026 | record conditioning: common draw set with the FaIR arm, dropped 2 of 2000 | pulse 0.01 GtCH4 at 2030 | cm rel 1995-2014 | julia 1.12.6"
2139,lws,0.0,0.0,0.0,0.0,0.0,"scope_slr_pulse_vv.jl | SLR-RFF-BRICK 39cedc0 | Ladrillo L27 (v1.2) | draws parameters_subsample_brick_mengel_L27.csv, 500/chain | paleo assignment :single (seed 20260920) | land-water anchor :zero_at_first_year | lws observed | climate MAGICC-SLR 600 members, vv_pulse_wide_20261009 | forcing spliced | tap true | pair seed 2026 | record conditioning: common draw set with the FaIR arm, dropped 2 of 2000 | pulse 0.01 GtCH4 at 2030 | cm rel 1995-2014 | julia 1.12.6"
2140,lws,0.0,0.0,0.0,0.0,0.0,"scope_slr_pulse_vv.jl | SLR-RFF-BRICK 39cedc0 | Ladrillo L27 (v1.2) | draws parameters_subsample_brick_mengel_L27.csv, 500/chain | paleo assignment :single (seed 20260920) | land-water anchor :zero_at_first_year | lws observed | climate MAGICC-SLR 600 members, vv_pulse_wide_20261009 | forcing spliced | tap true | pair seed 2026 | record conditioning: common draw set with the FaIR arm, dropped 2 of 2000 | pulse 0.01 GtCH4 at 2030 | cm rel 1995-2014 | julia 1.12.6"
2141,lws,0.0,0.0,0.0,0.0,0.0,"scope_slr_pulse_vv.jl | SLR-RFF-BRICK 39cedc0 | Ladrillo L27 (v1.2) | draws parameters_subsample_brick_mengel_L27.csv, 500/chain | paleo assignment :single (seed 20260920) | land-water anchor :zero_at_first_year | lws observed | climate MAGICC-SLR 600 members, vv_pulse_wide_20261009 | forcing spliced | tap true | pair seed 2026 | record conditioning: common draw set with the FaIR arm, dropped 2 of 2000 | pulse 0.01 GtCH4 at 2030 | cm rel 1995-2014 | julia 1.12.6"
2142,lws,0.0,0.0,0.0,0.0,0.0,"scope_slr_pulse_vv.jl | SLR-RFF-BRICK 39cedc0 | Ladrillo L27 (v1.2) | draws parameters_subsample_brick_mengel_L27.csv, 500/chain | paleo assignment :single (seed 20260920) | land-water anchor :zero_at_first_year | lws observed | climate MAGICC-SLR 600 members, vv_pulse_wide_20261009 | forcing spliced | tap true | pair seed 2026 | record conditioning: common draw set with the FaIR arm, dropped 2 of 2000 | pulse 0.01 GtCH4 at 2030 | cm rel 1995-2014 | julia 1.12.6"
2143,lws,0.0,0.0,0.0,0.0,0.0,"scope_slr_pulse_vv.jl | SLR-RFF-BRICK 39cedc0 | Ladrillo L27 (v1.2) | draws parameters_subsample_brick_mengel_L27.csv, 500/chain | paleo assignment :single (seed 20260920) | land-water anchor :zero_at_first_year | lws observed | climate MAGICC-SLR 600 members, vv_pulse_wide_20261009 | forcing spliced | tap true | pair seed 2026 | record conditioning: common draw set with the FaIR arm, dropped 2 of 2000 | pulse 0.01 GtCH4 at 2030 | cm rel 1995-2014 | julia 1.12.6"
2144,lws,0.0,0.0,0.0,0.0,0.0,"scope_slr_pulse_vv.jl | SLR-RFF-BRICK 39cedc0 | Ladrillo L27 (v1.2) | draws parameters_subsample_brick_mengel_L27.csv, 500/chain | paleo assignment :single (seed 20260920) | land-water anchor :zero_at_first_year | lws observed | climate MAGICC-SLR 600 members, vv_pulse_wide_20261009 | forcing spliced | tap true | pair seed 2026 | record conditioning: common draw set with the FaIR arm, dropped 2 of 2000 | pulse 0.01 GtCH4 at 2030 | cm rel 1995-2014 | julia 1.12.6"
2145,lws,0.0,0.0,0.0,0.0,0.0,"scope_slr_pulse_vv.jl | SLR-RFF-BRICK 39cedc0 | Ladrillo L27 (v1.2) | draws parameters_subsample_brick_mengel_L27.csv, 500/chain | paleo assignment :single (seed 20260920) | land-water anchor :zero_at_first_year | lws observed | climate MAGICC-SLR 600 members, vv_pulse_wide_20261009 | forcing spliced | tap true | pair seed 2026 | record conditioning: common draw set with the FaIR arm, dropped 2 of 2000 | pulse 0.01 GtCH4 at 2030 | cm rel 1995-2014 | julia 1.12.6"
2146,lws,0.0,0.0,0.0,0.0,0.0,"scope_slr_pulse_vv.jl | SLR-RFF-BRICK 39cedc0 | Ladrillo L27 (v1.2) | draws parameters_subsample_brick_mengel_L27.csv, 500/chain | paleo assignment :single (seed 20260920) | land-water anchor :zero_at_first_year | lws observed | climate MAGICC-SLR 600 members, vv_pulse_wide_20261009 | forcing spliced | tap true | pair seed 2026 | record conditioning: common draw set with the FaIR arm, dropped 2 of 2000 | pulse 0.01 GtCH4 at 2030 | cm rel 1995-2014 | julia 1.12.6"
2147,lws,0.0,0.0,0.0,0.0,0.0,"scope_slr_pulse_vv.jl | SLR-RFF-BRICK 39cedc0 | Ladrillo L27 (v1.2) | draws parameters_subsample_brick_mengel_L27.csv, 500/chain | paleo assignment :single (seed 20260920) | land-water anchor :zero_at_first_year | lws observed | climate MAGICC-SLR 600 members, vv_pulse_wide_20261009 | forcing spliced | tap true | pair seed 2026 | record conditioning: common draw set with the FaIR arm, dropped 2 of 2000 | pulse 0.01 GtCH4 at 2030 | cm rel 1995-2014 | julia 1.12.6"
2148,lws,0.0,0.0,0.0,0.0,0.0,"scope_slr_pulse_vv.jl | SLR-RFF-BRICK 39cedc0 | Ladrillo L27 (v1.2) | draws parameters_subsample_brick_mengel_L27.csv, 500/chain | paleo assignment :single (seed 20260920) | land-water anchor :zero_at_first_year | lws observed | climate MAGICC-SLR 600 members, vv_pulse_wide_20261009 | forcing spliced | tap true | pair seed 2026 | record conditioning: common draw set with the FaIR arm, dropped 2 of 2000 | pulse 0.01 GtCH4 at 2030 | cm rel 1995-2014 | julia 1.12.6"
2149,lws,0.0,0.0,0.0,0.0,0.0,"scope_slr_pulse_vv.jl | SLR-RFF-BRICK 39cedc0 | Ladrillo L27 (v1.2) | draws parameters_subsample_brick_mengel_L27.csv, 500/chain | paleo assignment :single (seed 20260920) | land-water anchor :zero_at_first_year | lws observed | climate MAGICC-SLR 600 members, vv_pulse_wide_20261009 | forcing spliced | tap true | pair seed 2026 | record conditioning: common draw set with the FaIR arm, dropped 2 of 2000 | pulse 0.01 GtCH4 at 2030 | cm rel 1995-2014 | julia 1.12.6"
2150,lws,0.0,0.0,0.0,0.0,0.0,"scope_slr_pulse_vv.jl | SLR-RFF-BRICK 39cedc0 | Ladrillo L27 (v1.2) | draws parameters_subsample_brick_mengel_L27.csv, 500/chain | paleo assignment :single (seed 20260920) | land-water anchor :zero_at_first_year | lws observed | climate MAGICC-SLR 600 members, vv_pulse_wide_20261009 | forcing spliced | tap true | pair seed 2026 | record conditioning: common draw set with the FaIR arm, dropped 2 of 2000 | pulse 0.01 GtCH4 at 2030 | cm rel 1995-2014 | julia 1.12.6"
2151,lws,0.0,0.0,0.0,0.0,0.0,"scope_slr_pulse_vv.jl | SLR-RFF-BRICK 39cedc0 | Ladrillo L27 (v1.2) | draws parameters_subsample_brick_mengel_L27.csv, 500/chain | paleo assignment :single (seed 20260920) | land-water anchor :zero_at_first_year | lws observed | climate MAGICC-SLR 600 members, vv_pulse_wide_20261009 | forcing spliced | tap true | pair seed 2026 | record conditioning: common draw set with the FaIR arm, dropped 2 of 2000 | pulse 0.01 GtCH4 at 2030 | cm rel 1995-2014 | julia 1.12.6"
2152,lws,0.0,0.0,0.0,0.0,0.0,"scope_slr_pulse_vv.jl | SLR-RFF-BRICK 39cedc0 | Ladrillo L27 (v1.2) | draws parameters_subsample_brick_mengel_L27.csv, 500/chain | paleo assignment :single (seed 20260920) | land-water anchor :zero_at_first_year | lws observed | climate MAGICC-SLR 600 members, vv_pulse_wide_20261009 | forcing spliced | tap true | pair seed 2026 | record conditioning: common draw set with the FaIR arm, dropped 2 of 2000 | pulse 0.01 GtCH4 at 2030 | cm rel 1995-2014 | julia 1.12.6"
2153,lws,0.0,0.0,0.0,0.0,0.0,"scope_slr_pulse_vv.jl | SLR-RFF-BRICK 39cedc0 | Ladrillo L27 (v1.2) | draws parameters_subsample_brick_mengel_L27.csv, 500/chain | paleo assignment :single (seed 20260920) | land-water anchor :zero_at_first_year | lws observed | climate MAGICC-SLR 600 members, vv_pulse_wide_20261009 | forcing spliced | tap true | pair seed 2026 | record conditioning: common draw set with the FaIR arm, dropped 2 of 2000 | pulse 0.01 GtCH4 at 2030 | cm rel 1995-2014 | julia 1.12.6"
2154,lws,0.0,0.0,0.0,0.0,0.0,"scope_slr_pulse_vv.jl | SLR-RFF-BRICK 39cedc0 | Ladrillo L27 (v1.2) | draws parameters_subsample_brick_mengel_L27.csv, 500/chain | paleo assignment :single (seed 20260920) | land-water anchor :zero_at_first_year | lws observed | climate MAGICC-SLR 600 members, vv_pulse_wide_20261009 | forcing spliced | tap true | pair seed 2026 | record conditioning: common draw set with the FaIR arm, dropped 2 of 2000 | pulse 0.01 GtCH4 at 2030 | cm rel 1995-2014 | julia 1.12.6"
2155,lws,0.0,0.0,0.0,0.0,0.0,"scope_slr_pulse_vv.jl | SLR-RFF-BRICK 39cedc0 | Ladrillo L27 (v1.2) | draws parameters_subsample_brick_mengel_L27.csv, 500/chain | paleo assignment :single (seed 20260920) | land-water anchor :zero_at_first_year | lws observed | climate MAGICC-SLR 600 members, vv_pulse_wide_20261009 | forcing spliced | tap true | pair seed 2026 | record conditioning: common draw set with the FaIR arm, dropped 2 of 2000 | pulse 0.01 GtCH4 at 2030 | cm rel 1995-2014 | julia 1.12.6"
2156,lws,0.0,0.0,0.0,0.0,0.0,"scope_slr_pulse_vv.jl | SLR-RFF-BRICK 39cedc0 | Ladrillo L27 (v1.2) | draws parameters_subsample_brick_mengel_L27.csv, 500/chain | paleo assignment :single (seed 20260920) | land-water anchor :zero_at_first_year | lws observed | climate MAGICC-SLR 600 members, vv_pulse_wide_20261009 | forcing spliced | tap true | pair seed 2026 | record conditioning: common draw set with the FaIR arm, dropped 2 of 2000 | pulse 0.01 GtCH4 at 2030 | cm rel 1995-2014 | julia 1.12.6"
2157,lws,0.0,0.0,0.0,0.0,0.0,"scope_slr_pulse_vv.jl | SLR-RFF-BRICK 39cedc0 | Ladrillo L27 (v1.2) | draws parameters_subsample_brick_mengel_L27.csv, 500/chain | paleo assignment :single (seed 20260920) | land-water anchor :zero_at_first_year | lws observed | climate MAGICC-SLR 600 members, vv_pulse_wide_20261009 | forcing spliced | tap true | pair seed 2026 | record conditioning: common draw set with the FaIR arm, dropped 2 of 2000 | pulse 0.01 GtCH4 at 2030 | cm rel 1995-2014 | julia 1.12.6"
2158,lws,0.0,0.0,0.0,0.0,0.0,"scope_slr_pulse_vv.jl | SLR-RFF-BRICK 39cedc0 | Ladrillo L27 (v1.2) | draws parameters_subsample_brick_mengel_L27.csv, 500/chain | paleo assignment :single (seed 20260920) | land-water anchor :zero_at_first_year | lws observed | climate MAGICC-SLR 600 members, vv_pulse_wide_20261009 | forcing spliced | tap true | pair seed 2026 | record conditioning: common draw set with the FaIR arm, dropped 2 of 2000 | pulse 0.01 GtCH4 at 2030 | cm rel 1995-2014 | julia 1.12.6"
2159,lws,0.0,0.0,0.0,0.0,0.0,"scope_slr_pulse_vv.jl | SLR-RFF-BRICK 39cedc0 | Ladrillo L27 (v1.2) | draws parameters_subsample_brick_mengel_L27.csv, 500/chain | paleo assignment :single (seed 20260920) | land-water anchor :zero_at_first_year | lws observed | climate MAGICC-SLR 600 members, vv_pulse_wide_20261009 | forcing spliced | tap true | pair seed 2026 | record conditioning: common draw set with the FaIR arm, dropped 2 of 2000 | pulse 0.01 GtCH4 at 2030 | cm rel 1995-2014 | julia 1.12.6"
2160,lws,0.0,0.0,0.0,0.0,0.0,"scope_slr_pulse_vv.jl | SLR-RFF-BRICK 39cedc0 | Ladrillo L27 (v1.2) | draws parameters_subsample_brick_mengel_L27.csv, 500/chain | paleo assignment :single (seed 20260920) | land-water anchor :zero_at_first_year | lws observed | climate MAGICC-SLR 600 members, vv_pulse_wide_20261009 | forcing spliced | tap true | pair seed 2026 | record conditioning: common draw set with the FaIR arm, dropped 2 of 2000 | pulse 0.01 GtCH4 at 2030 | cm rel 1995-2014 | julia 1.12.6"
2161,lws,0.0,0.0,0.0,0.0,0.0,"scope_slr_pulse_vv.jl | SLR-RFF-BRICK 39cedc0 | Ladrillo L27 (v1.2) | draws parameters_subsample_brick_mengel_L27.csv, 500/chain | paleo assignment :single (seed 20260920) | land-water anchor :zero_at_first_year | lws observed | climate MAGICC-SLR 600 members, vv_pulse_wide_20261009 | forcing spliced | tap true | pair seed 2026 | record conditioning: common draw set with the FaIR arm, dropped 2 of 2000 | pulse 0.01 GtCH4 at 2030 | cm rel 1995-2014 | julia 1.12.6"
2162,lws,0.0,0.0,0.0,0.0,0.0,"scope_slr_pulse_vv.jl | SLR-RFF-BRICK 39cedc0 | Ladrillo L27 (v1.2) | draws parameters_subsample_brick_mengel_L27.csv, 500/chain | paleo assignment :single (seed 20260920) | land-water anchor :zero_at_first_year | lws observed | climate MAGICC-SLR 600 members, vv_pulse_wide_20261009 | forcing spliced | tap true | pair seed 2026 | record conditioning: common draw set with the FaIR arm, dropped 2 of 2000 | pulse 0.01 GtCH4 at 2030 | cm rel 1995-2014 | julia 1.12.6"
2163,lws,0.0,0.0,0.0,0.0,0.0,"scope_slr_pulse_vv.jl | SLR-RFF-BRICK 39cedc0 | Ladrillo L27 (v1.2) | draws parameters_subsample_brick_mengel_L27.csv, 500/chain | paleo assignment :single (seed 20260920) | land-water anchor :zero_at_first_year | lws observed | climate MAGICC-SLR 600 members, vv_pulse_wide_20261009 | forcing spliced | tap true | pair seed 2026 | record conditioning: common draw set with the FaIR arm, dropped 2 of 2000 | pulse 0.01 GtCH4 at 2030 | cm rel 1995-2014 | julia 1.12.6"
2164,lws,0.0,0.0,0.0,0.0,0.0,"scope_slr_pulse_vv.jl | SLR-RFF-BRICK 39cedc0 | Ladrillo L27 (v1.2) | draws parameters_subsample_brick_mengel_L27.csv, 500/chain | paleo assignment :single (seed 20260920) | land-water anchor :zero_at_first_year | lws observed | climate MAGICC-SLR 600 members, vv_pulse_wide_20261009 | forcing spliced | tap true | pair seed 2026 | record conditioning: common draw set with the FaIR arm, dropped 2 of 2000 | pulse 0.01 GtCH4 at 2030 | cm rel 1995-2014 | julia 1.12.6"
2165,lws,0.0,0.0,0.0,0.0,0.0,"scope_slr_pulse_vv.jl | SLR-RFF-BRICK 39cedc0 | Ladrillo L27 (v1.2) | draws parameters_subsample_brick_mengel_L27.csv, 500/chain | paleo assignment :single (seed 20260920) | land-water anchor :zero_at_first_year | lws observed | climate MAGICC-SLR 600 members, vv_pulse_wide_20261009 | forcing spliced | tap true | pair seed 2026 | record conditioning: common draw set with the FaIR arm, dropped 2 of 2000 | pulse 0.01 GtCH4 at 2030 | cm rel 1995-2014 | julia 1.12.6"
2166,lws,0.0,0.0,0.0,0.0,0.0,"scope_slr_pulse_vv.jl | SLR-RFF-BRICK 39cedc0 | Ladrillo L27 (v1.2) | draws parameters_subsample_brick_mengel_L27.csv, 500/chain | paleo assignment :single (seed 20260920) | land-water anchor :zero_at_first_year | lws observed | climate MAGICC-SLR 600 members, vv_pulse_wide_20261009 | forcing spliced | tap true | pair seed 2026 | record conditioning: common draw set with the FaIR arm, dropped 2 of 2000 | pulse 0.01 GtCH4 at 2030 | cm rel 1995-2014 | julia 1.12.6"
2167,lws,0.0,0.0,0.0,0.0,0.0,"scope_slr_pulse_vv.jl | SLR-RFF-BRICK 39cedc0 | Ladrillo L27 (v1.2) | draws parameters_subsample_brick_mengel_L27.csv, 500/chain | paleo assignment :single (seed 20260920) | land-water anchor :zero_at_first_year | lws observed | climate MAGICC-SLR 600 members, vv_pulse_wide_20261009 | forcing spliced | tap true | pair seed 2026 | record conditioning: common draw set with the FaIR arm, dropped 2 of 2000 | pulse 0.01 GtCH4 at 2030 | cm rel 1995-2014 | julia 1.12.6"
2168,lws,0.0,0.0,0.0,0.0,0.0,"scope_slr_pulse_vv.jl | SLR-RFF-BRICK 39cedc0 | Ladrillo L27 (v1.2) | draws parameters_subsample_brick_mengel_L27.csv, 500/chain | paleo assignment :single (seed 20260920) | land-water anchor :zero_at_first_year | lws observed | climate MAGICC-SLR 600 members, vv_pulse_wide_20261009 | forcing spliced | tap true | pair seed 2026 | record conditioning: common draw set with the FaIR arm, dropped 2 of 2000 | pulse 0.01 GtCH4 at 2030 | cm rel 1995-2014 | julia 1.12.6"
2169,lws,0.0,0.0,0.0,0.0,0.0,"scope_slr_pulse_vv.jl | SLR-RFF-BRICK 39cedc0 | Ladrillo L27 (v1.2) | draws parameters_subsample_brick_mengel_L27.csv, 500/chain | paleo assignment :single (seed 20260920) | land-water anchor :zero_at_first_year | lws observed | climate MAGICC-SLR 600 members, vv_pulse_wide_20261009 | forcing spliced | tap true | pair seed 2026 | record conditioning: common draw set with the FaIR arm, dropped 2 of 2000 | pulse 0.01 GtCH4 at 2030 | cm rel 1995-2014 | julia 1.12.6"
2170,lws,0.0,0.0,0.0,0.0,0.0,"scope_slr_pulse_vv.jl | SLR-RFF-BRICK 39cedc0 | Ladrillo L27 (v1.2) | draws parameters_subsample_brick_mengel_L27.csv, 500/chain | paleo assignment :single (seed 20260920) | land-water anchor :zero_at_first_year | lws observed | climate MAGICC-SLR 600 members, vv_pulse_wide_20261009 | forcing spliced | tap true | pair seed 2026 | record conditioning: common draw set with the FaIR arm, dropped 2 of 2000 | pulse 0.01 GtCH4 at 2030 | cm rel 1995-2014 | julia 1.12.6"
2171,lws,0.0,0.0,0.0,0.0,0.0,"scope_slr_pulse_vv.jl | SLR-RFF-BRICK 39cedc0 | Ladrillo L27 (v1.2) | draws parameters_subsample_brick_mengel_L27.csv, 500/chain | paleo assignment :single (seed 20260920) | land-water anchor :zero_at_first_year | lws observed | climate MAGICC-SLR 600 members, vv_pulse_wide_20261009 | forcing spliced | tap true | pair seed 2026 | record conditioning: common draw set with the FaIR arm, dropped 2 of 2000 | pulse 0.01 GtCH4 at 2030 | cm rel 1995-2014 | julia 1.12.6"
2172,lws,0.0,0.0,0.0,0.0,0.0,"scope_slr_pulse_vv.jl | SLR-RFF-BRICK 39cedc0 | Ladrillo L27 (v1.2) | draws parameters_subsample_brick_mengel_L27.csv, 500/chain | paleo assignment :single (seed 20260920) | land-water anchor :zero_at_first_year | lws observed | climate MAGICC-SLR 600 members, vv_pulse_wide_20261009 | forcing spliced | tap true | pair seed 2026 | record conditioning: common draw set with the FaIR arm, dropped 2 of 2000 | pulse 0.01 GtCH4 at 2030 | cm rel 1995-2014 | julia 1.12.6"
2173,lws,0.0,0.0,0.0,0.0,0.0,"scope_slr_pulse_vv.jl | SLR-RFF-BRICK 39cedc0 | Ladrillo L27 (v1.2) | draws parameters_subsample_brick_mengel_L27.csv, 500/chain | paleo assignment :single (seed 20260920) | land-water anchor :zero_at_first_year | lws observed | climate MAGICC-SLR 600 members, vv_pulse_wide_20261009 | forcing spliced | tap true | pair seed 2026 | record conditioning: common draw set with the FaIR arm, dropped 2 of 2000 | pulse 0.01 GtCH4 at 2030 | cm rel 1995-2014 | julia 1.12.6"
2174,lws,0.0,0.0,0.0,0.0,0.0,"scope_slr_pulse_vv.jl | SLR-RFF-BRICK 39cedc0 | Ladrillo L27 (v1.2) | draws parameters_subsample_brick_mengel_L27.csv, 500/chain | paleo assignment :single (seed 20260920) | land-water anchor :zero_at_first_year | lws observed | climate MAGICC-SLR 600 members, vv_pulse_wide_20261009 | forcing spliced | tap true | pair seed 2026 | record conditioning: common draw set with the FaIR arm, dropped 2 of 2000 | pulse 0.01 GtCH4 at 2030 | cm rel 1995-2014 | julia 1.12.6"
2175,lws,0.0,0.0,0.0,0.0,0.0,"scope_slr_pulse_vv.jl | SLR-RFF-BRICK 39cedc0 | Ladrillo L27 (v1.2) | draws parameters_subsample_brick_mengel_L27.csv, 500/chain | paleo assignment :single (seed 20260920) | land-water anchor :zero_at_first_year | lws observed | climate MAGICC-SLR 600 members, vv_pulse_wide_20261009 | forcing spliced | tap true | pair seed 2026 | record conditioning: common draw set with the FaIR arm, dropped 2 of 2000 | pulse 0.01 GtCH4 at 2030 | cm rel 1995-2014 | julia 1.12.6"
2176,lws,0.0,0.0,0.0,0.0,0.0,"scope_slr_pulse_vv.jl | SLR-RFF-BRICK 39cedc0 | Ladrillo L27 (v1.2) | draws parameters_subsample_brick_mengel_L27.csv, 500/chain | paleo assignment :single (seed 20260920) | land-water anchor :zero_at_first_year | lws observed | climate MAGICC-SLR 600 members, vv_pulse_wide_20261009 | forcing spliced | tap true | pair seed 2026 | record conditioning: common draw set with the FaIR arm, dropped 2 of 2000 | pulse 0.01 GtCH4 at 2030 | cm rel 1995-2014 | julia 1.12.6"
2177,lws,0.0,0.0,0.0,0.0,0.0,"scope_slr_pulse_vv.jl | SLR-RFF-BRICK 39cedc0 | Ladrillo L27 (v1.2) | draws parameters_subsample_brick_mengel_L27.csv, 500/chain | paleo assignment :single (seed 20260920) | land-water anchor :zero_at_first_year | lws observed | climate MAGICC-SLR 600 members, vv_pulse_wide_20261009 | forcing spliced | tap true | pair seed 2026 | record conditioning: common draw set with the FaIR arm, dropped 2 of 2000 | pulse 0.01 GtCH4 at 2030 | cm rel 1995-2014 | julia 1.12.6"
2178,lws,0.0,0.0,0.0,0.0,0.0,"scope_slr_pulse_vv.jl | SLR-RFF-BRICK 39cedc0 | Ladrillo L27 (v1.2) | draws parameters_subsample_brick_mengel_L27.csv, 500/chain | paleo assignment :single (seed 20260920) | land-water anchor :zero_at_first_year | lws observed | climate MAGICC-SLR 600 members, vv_pulse_wide_20261009 | forcing spliced | tap true | pair seed 2026 | record conditioning: common draw set with the FaIR arm, dropped 2 of 2000 | pulse 0.01 GtCH4 at 2030 | cm rel 1995-2014 | julia 1.12.6"
2179,lws,0.0,0.0,0.0,0.0,0.0,"scope_slr_pulse_vv.jl | SLR-RFF-BRICK 39cedc0 | Ladrillo L27 (v1.2) | draws parameters_subsample_brick_mengel_L27.csv, 500/chain | paleo assignment :single (seed 20260920) | land-water anchor :zero_at_first_year | lws observed | climate MAGICC-SLR 600 members, vv_pulse_wide_20261009 | forcing spliced | tap true | pair seed 2026 | record conditioning: common draw set with the FaIR arm, dropped 2 of 2000 | pulse 0.01 GtCH4 at 2030 | cm rel 1995-2014 | julia 1.12.6"
2180,lws,0.0,0.0,0.0,0.0,0.0,"scope_slr_pulse_vv.jl | SLR-RFF-BRICK 39cedc0 | Ladrillo L27 (v1.2) | draws parameters_subsample_brick_mengel_L27.csv, 500/chain | paleo assignment :single (seed 20260920) | land-water anchor :zero_at_first_year | lws observed | climate MAGICC-SLR 600 members, vv_pulse_wide_20261009 | forcing spliced | tap true | pair seed 2026 | record conditioning: common draw set with the FaIR arm, dropped 2 of 2000 | pulse 0.01 GtCH4 at 2030 | cm rel 1995-2014 | julia 1.12.6"
2181,lws,0.0,0.0,0.0,0.0,0.0,"scope_slr_pulse_vv.jl | SLR-RFF-BRICK 39cedc0 | Ladrillo L27 (v1.2) | draws parameters_subsample_brick_mengel_L27.csv, 500/chain | paleo assignment :single (seed 20260920) | land-water anchor :zero_at_first_year | lws observed | climate MAGICC-SLR 600 members, vv_pulse_wide_20261009 | forcing spliced | tap true | pair seed 2026 | record conditioning: common draw set with the FaIR arm, dropped 2 of 2000 | pulse 0.01 GtCH4 at 2030 | cm rel 1995-2014 | julia 1.12.6"
2182,lws,0.0,0.0,0.0,0.0,0.0,"scope_slr_pulse_vv.jl | SLR-RFF-BRICK 39cedc0 | Ladrillo L27 (v1.2) | draws parameters_subsample_brick_mengel_L27.csv, 500/chain | paleo assignment :single (seed 20260920) | land-water anchor :zero_at_first_year | lws observed | climate MAGICC-SLR 600 members, vv_pulse_wide_20261009 | forcing spliced | tap true | pair seed 2026 | record conditioning: common draw set with the FaIR arm, dropped 2 of 2000 | pulse 0.01 GtCH4 at 2030 | cm rel 1995-2014 | julia 1.12.6"
2183,lws,0.0,0.0,0.0,0.0,0.0,"scope_slr_pulse_vv.jl | SLR-RFF-BRICK 39cedc0 | Ladrillo L27 (v1.2) | draws parameters_subsample_brick_mengel_L27.csv, 500/chain | paleo assignment :single (seed 20260920) | land-water anchor :zero_at_first_year | lws observed | climate MAGICC-SLR 600 members, vv_pulse_wide_20261009 | forcing spliced | tap true | pair seed 2026 | record conditioning: common draw set with the FaIR arm, dropped 2 of 2000 | pulse 0.01 GtCH4 at 2030 | cm rel 1995-2014 | julia 1.12.6"
2184,lws,0.0,0.0,0.0,0.0,0.0,"scope_slr_pulse_vv.jl | SLR-RFF-BRICK 39cedc0 | Ladrillo L27 (v1.2) | draws parameters_subsample_brick_mengel_L27.csv, 500/chain | paleo assignment :single (seed 20260920) | land-water anchor :zero_at_first_year | lws observed | climate MAGICC-SLR 600 members, vv_pulse_wide_20261009 | forcing spliced | tap true | pair seed 2026 | record conditioning: common draw set with the FaIR arm, dropped 2 of 2000 | pulse 0.01 GtCH4 at 2030 | cm rel 1995-2014 | julia 1.12.6"
2185,lws,0.0,0.0,0.0,0.0,0.0,"scope_slr_pulse_vv.jl | SLR-RFF-BRICK 39cedc0 | Ladrillo L27 (v1.2) | draws parameters_subsample_brick_mengel_L27.csv, 500/chain | paleo assignment :single (seed 20260920) | land-water anchor :zero_at_first_year | lws observed | climate MAGICC-SLR 600 members, vv_pulse_wide_20261009 | forcing spliced | tap true | pair seed 2026 | record conditioning: common draw set with the FaIR arm, dropped 2 of 2000 | pulse 0.01 GtCH4 at 2030 | cm rel 1995-2014 | julia 1.12.6"
2186,lws,0.0,0.0,0.0,0.0,0.0,"scope_slr_pulse_vv.jl | SLR-RFF-BRICK 39cedc0 | Ladrillo L27 (v1.2) | draws parameters_subsample_brick_mengel_L27.csv, 500/chain | paleo assignment :single (seed 20260920) | land-water anchor :zero_at_first_year | lws observed | climate MAGICC-SLR 600 members, vv_pulse_wide_20261009 | forcing spliced | tap true | pair seed 2026 | record conditioning: common draw set with the FaIR arm, dropped 2 of 2000 | pulse 0.01 GtCH4 at 2030 | cm rel 1995-2014 | julia 1.12.6"
2187,lws,0.0,0.0,0.0,0.0,0.0,"scope_slr_pulse_vv.jl | SLR-RFF-BRICK 39cedc0 | Ladrillo L27 (v1.2) | draws parameters_subsample_brick_mengel_L27.csv, 500/chain | paleo assignment :single (seed 20260920) | land-water anchor :zero_at_first_year | lws observed | climate MAGICC-SLR 600 members, vv_pulse_wide_20261009 | forcing spliced | tap true | pair seed 2026 | record conditioning: common draw set with the FaIR arm, dropped 2 of 2000 | pulse 0.01 GtCH4 at 2030 | cm rel 1995-2014 | julia 1.12.6"
2188,lws,0.0,0.0,0.0,0.0,0.0,"scope_slr_pulse_vv.jl | SLR-RFF-BRICK 39cedc0 | Ladrillo L27 (v1.2) | draws parameters_subsample_brick_mengel_L27.csv, 500/chain | paleo assignment :single (seed 20260920) | land-water anchor :zero_at_first_year | lws observed | climate MAGICC-SLR 600 members, vv_pulse_wide_20261009 | forcing spliced | tap true | pair seed 2026 | record conditioning: common draw set with the FaIR arm, dropped 2 of 2000 | pulse 0.01 GtCH4 at 2030 | cm rel 1995-2014 | julia 1.12.6"
2189,lws,0.0,0.0,0.0,0.0,0.0,"scope_slr_pulse_vv.jl | SLR-RFF-BRICK 39cedc0 | Ladrillo L27 (v1.2) | draws parameters_subsample_brick_mengel_L27.csv, 500/chain | paleo assignment :single (seed 20260920) | land-water anchor :zero_at_first_year | lws observed | climate MAGICC-SLR 600 members, vv_pulse_wide_20261009 | forcing spliced | tap true | pair seed 2026 | record conditioning: common draw set with the FaIR arm, dropped 2 of 2000 | pulse 0.01 GtCH4 at 2030 | cm rel 1995-2014 | julia 1.12.6"
2190,lws,0.0,0.0,0.0,0.0,0.0,"scope_slr_pulse_vv.jl | SLR-RFF-BRICK 39cedc0 | Ladrillo L27 (v1.2) | draws parameters_subsample_brick_mengel_L27.csv, 500/chain | paleo assignment :single (seed 20260920) | land-water anchor :zero_at_first_year | lws observed | climate MAGICC-SLR 600 members, vv_pulse_wide_20261009 | forcing spliced | tap true | pair seed 2026 | record conditioning: common draw set with the FaIR arm, dropped 2 of 2000 | pulse 0.01 GtCH4 at 2030 | cm rel 1995-2014 | julia 1.12.6"
2191,lws,0.0,0.0,0.0,0.0,0.0,"scope_slr_pulse_vv.jl | SLR-RFF-BRICK 39cedc0 | Ladrillo L27 (v1.2) | draws parameters_subsample_brick_mengel_L27.csv, 500/chain | paleo assignment :single (seed 20260920) | land-water anchor :zero_at_first_year | lws observed | climate MAGICC-SLR 600 members, vv_pulse_wide_20261009 | forcing spliced | tap true | pair seed 2026 | record conditioning: common draw set with the FaIR arm, dropped 2 of 2000 | pulse 0.01 GtCH4 at 2030 | cm rel 1995-2014 | julia 1.12.6"
2192,lws,0.0,0.0,0.0,0.0,0.0,"scope_slr_pulse_vv.jl | SLR-RFF-BRICK 39cedc0 | Ladrillo L27 (v1.2) | draws parameters_subsample_brick_mengel_L27.csv, 500/chain | paleo assignment :single (seed 20260920) | land-water anchor :zero_at_first_year | lws observed | climate MAGICC-SLR 600 members, vv_pulse_wide_20261009 | forcing spliced | tap true | pair seed 2026 | record conditioning: common draw set with the FaIR arm, dropped 2 of 2000 | pulse 0.01 GtCH4 at 2030 | cm rel 1995-2014 | julia 1.12.6"
2193,lws,0.0,0.0,0.0,0.0,0.0,"scope_slr_pulse_vv.jl | SLR-RFF-BRICK 39cedc0 | Ladrillo L27 (v1.2) | draws parameters_subsample_brick_mengel_L27.csv, 500/chain | paleo assignment :single (seed 20260920) | land-water anchor :zero_at_first_year | lws observed | climate MAGICC-SLR 600 members, vv_pulse_wide_20261009 | forcing spliced | tap true | pair seed 2026 | record conditioning: common draw set with the FaIR arm, dropped 2 of 2000 | pulse 0.01 GtCH4 at 2030 | cm rel 1995-2014 | julia 1.12.6"
2194,lws,0.0,0.0,0.0,0.0,0.0,"scope_slr_pulse_vv.jl | SLR-RFF-BRICK 39cedc0 | Ladrillo L27 (v1.2) | draws parameters_subsample_brick_mengel_L27.csv, 500/chain | paleo assignment :single (seed 20260920) | land-water anchor :zero_at_first_year | lws observed | climate MAGICC-SLR 600 members, vv_pulse_wide_20261009 | forcing spliced | tap true | pair seed 2026 | record conditioning: common draw set with the FaIR arm, dropped 2 of 2000 | pulse 0.01 GtCH4 at 2030 | cm rel 1995-2014 | julia 1.12.6"
2195,lws,0.0,0.0,0.0,0.0,0.0,"scope_slr_pulse_vv.jl | SLR-RFF-BRICK 39cedc0 | Ladrillo L27 (v1.2) | draws parameters_subsample_brick_mengel_L27.csv, 500/chain | paleo assignment :single (seed 20260920) | land-water anchor :zero_at_first_year | lws observed | climate MAGICC-SLR 600 members, vv_pulse_wide_20261009 | forcing spliced | tap true | pair seed 2026 | record conditioning: common draw set with the FaIR arm, dropped 2 of 2000 | pulse 0.01 GtCH4 at 2030 | cm rel 1995-2014 | julia 1.12.6"
2196,lws,0.0,0.0,0.0,0.0,0.0,"scope_slr_pulse_vv.jl | SLR-RFF-BRICK 39cedc0 | Ladrillo L27 (v1.2) | draws parameters_subsample_brick_mengel_L27.csv, 500/chain | paleo assignment :single (seed 20260920) | land-water anchor :zero_at_first_year | lws observed | climate MAGICC-SLR 600 members, vv_pulse_wide_20261009 | forcing spliced | tap true | pair seed 2026 | record conditioning: common draw set with the FaIR arm, dropped 2 of 2000 | pulse 0.01 GtCH4 at 2030 | cm rel 1995-2014 | julia 1.12.6"
2197,lws,0.0,0.0,0.0,0.0,0.0,"scope_slr_pulse_vv.jl | SLR-RFF-BRICK 39cedc0 | Ladrillo L27 (v1.2) | draws parameters_subsample_brick_mengel_L27.csv, 500/chain | paleo assignment :single (seed 20260920) | land-water anchor :zero_at_first_year | lws observed | climate MAGICC-SLR 600 members, vv_pulse_wide_20261009 | forcing spliced | tap true | pair seed 2026 | record conditioning: common draw set with the FaIR arm, dropped 2 of 2000 | pulse 0.01 GtCH4 at 2030 | cm rel 1995-2014 | julia 1.12.6"
2198,lws,0.0,0.0,0.0,0.0,0.0,"scope_slr_pulse_vv.jl | SLR-RFF-BRICK 39cedc0 | Ladrillo L27 (v1.2) | draws parameters_subsample_brick_mengel_L27.csv, 500/chain | paleo assignment :single (seed 20260920) | land-water anchor :zero_at_first_year | lws observed | climate MAGICC-SLR 600 members, vv_pulse_wide_20261009 | forcing spliced | tap true | pair seed 2026 | record conditioning: common draw set with the FaIR arm, dropped 2 of 2000 | pulse 0.01 GtCH4 at 2030 | cm rel 1995-2014 | julia 1.12.6"
2199,lws,0.0,0.0,0.0,0.0,0.0,"scope_slr_pulse_vv.jl | SLR-RFF-BRICK 39cedc0 | Ladrillo L27 (v1.2) | draws parameters_subsample_brick_mengel_L27.csv, 500/chain | paleo assignment :single (seed 20260920) | land-water anchor :zero_at_first_year | lws observed | climate MAGICC-SLR 600 members, vv_pulse_wide_20261009 | forcing spliced | tap true | pair seed 2026 | record conditioning: common draw set with the FaIR arm, dropped 2 of 2000 | pulse 0.01 GtCH4 at 2030 | cm rel 1995-2014 | julia 1.12.6"
2200,lws,0.0,0.0,0.0,0.0,0.0,"scope_slr_pulse_vv.jl | SLR-RFF-BRICK 39cedc0 | Ladrillo L27 (v1.2) | draws parameters_subsample_brick_mengel_L27.csv, 500/chain | paleo assignment :single (seed 20260920) | land-water anchor :zero_at_first_year | lws observed | climate MAGICC-SLR 600 members, vv_pulse_wide_20261009 | forcing spliced | tap true | pair seed 2026 | record conditioning: common draw set with the FaIR arm, dropped 2 of 2000 | pulse 0.01 GtCH4 at 2030 | cm rel 1995-2014 | julia 1.12.6"
2201,lws,0.0,0.0,0.0,0.0,0.0,"scope_slr_pulse_vv.jl | SLR-RFF-BRICK 39cedc0 | Ladrillo L27 (v1.2) | draws parameters_subsample_brick_mengel_L27.csv, 500/chain | paleo assignment :single (seed 20260920) | land-water anchor :zero_at_first_year | lws observed | climate MAGICC-SLR 600 members, vv_pulse_wide_20261009 | forcing spliced | tap true | pair seed 2026 | record conditioning: common draw set with the FaIR arm, dropped 2 of 2000 | pulse 0.01 GtCH4 at 2030 | cm rel 1995-2014 | julia 1.12.6"
2202,lws,0.0,0.0,0.0,0.0,0.0,"scope_slr_pulse_vv.jl | SLR-RFF-BRICK 39cedc0 | Ladrillo L27 (v1.2) | draws parameters_subsample_brick_mengel_L27.csv, 500/chain | paleo assignment :single (seed 20260920) | land-water anchor :zero_at_first_year | lws observed | climate MAGICC-SLR 600 members, vv_pulse_wide_20261009 | forcing spliced | tap true | pair seed 2026 | record conditioning: common draw set with the FaIR arm, dropped 2 of 2000 | pulse 0.01 GtCH4 at 2030 | cm rel 1995-2014 | julia 1.12.6"
2203,lws,0.0,0.0,0.0,0.0,0.0,"scope_slr_pulse_vv.jl | SLR-RFF-BRICK 39cedc0 | Ladrillo L27 (v1.2) | draws parameters_subsample_brick_mengel_L27.csv, 500/chain | paleo assignment :single (seed 20260920) | land-water anchor :zero_at_first_year | lws observed | climate MAGICC-SLR 600 members, vv_pulse_wide_20261009 | forcing spliced | tap true | pair seed 2026 | record conditioning: common draw set with the FaIR arm, dropped 2 of 2000 | pulse 0.01 GtCH4 at 2030 | cm rel 1995-2014 | julia 1.12.6"
2204,lws,0.0,0.0,0.0,0.0,0.0,"scope_slr_pulse_vv.jl | SLR-RFF-BRICK 39cedc0 | Ladrillo L27 (v1.2) | draws parameters_subsample_brick_mengel_L27.csv, 500/chain | paleo assignment :single (seed 20260920) | land-water anchor :zero_at_first_year | lws observed | climate MAGICC-SLR 600 members, vv_pulse_wide_20261009 | forcing spliced | tap true | pair seed 2026 | record conditioning: common draw set with the FaIR arm, dropped 2 of 2000 | pulse 0.01 GtCH4 at 2030 | cm rel 1995-2014 | julia 1.12.6"
2205,lws,0.0,0.0,0.0,0.0,0.0,"scope_slr_pulse_vv.jl | SLR-RFF-BRICK 39cedc0 | Ladrillo L27 (v1.2) | draws parameters_subsample_brick_mengel_L27.csv, 500/chain | paleo assignment :single (seed 20260920) | land-water anchor :zero_at_first_year | lws observed | climate MAGICC-SLR 600 members, vv_pulse_wide_20261009 | forcing spliced | tap true | pair seed 2026 | record conditioning: common draw set with the FaIR arm, dropped 2 of 2000 | pulse 0.01 GtCH4 at 2030 | cm rel 1995-2014 | julia 1.12.6"
2206,lws,0.0,0.0,0.0,0.0,0.0,"scope_slr_pulse_vv.jl | SLR-RFF-BRICK 39cedc0 | Ladrillo L27 (v1.2) | draws parameters_subsample_brick_mengel_L27.csv, 500/chain | paleo assignment :single (seed 20260920) | land-water anchor :zero_at_first_year | lws observed | climate MAGICC-SLR 600 members, vv_pulse_wide_20261009 | forcing spliced | tap true | pair seed 2026 | record conditioning: common draw set with the FaIR arm, dropped 2 of 2000 | pulse 0.01 GtCH4 at 2030 | cm rel 1995-2014 | julia 1.12.6"
2207,lws,0.0,0.0,0.0,0.0,0.0,"scope_slr_pulse_vv.jl | SLR-RFF-BRICK 39cedc0 | Ladrillo L27 (v1.2) | draws parameters_subsample_brick_mengel_L27.csv, 500/chain | paleo assignment :single (seed 20260920) | land-water anchor :zero_at_first_year | lws observed | climate MAGICC-SLR 600 members, vv_pulse_wide_20261009 | forcing spliced | tap true | pair seed 2026 | record conditioning: common draw set with the FaIR arm, dropped 2 of 2000 | pulse 0.01 GtCH4 at 2030 | cm rel 1995-2014 | julia 1.12.6"
2208,lws,0.0,0.0,0.0,0.0,0.0,"scope_slr_pulse_vv.jl | SLR-RFF-BRICK 39cedc0 | Ladrillo L27 (v1.2) | draws parameters_subsample_brick_mengel_L27.csv, 500/chain | paleo assignment :single (seed 20260920) | land-water anchor :zero_at_first_year | lws observed | climate MAGICC-SLR 600 members, vv_pulse_wide_20261009 | forcing spliced | tap true | pair seed 2026 | record conditioning: common draw set with the FaIR arm, dropped 2 of 2000 | pulse 0.01 GtCH4 at 2030 | cm rel 1995-2014 | julia 1.12.6"
2209,lws,0.0,0.0,0.0,0.0,0.0,"scope_slr_pulse_vv.jl | SLR-RFF-BRICK 39cedc0 | Ladrillo L27 (v1.2) | draws parameters_subsample_brick_mengel_L27.csv, 500/chain | paleo assignment :single (seed 20260920) | land-water anchor :zero_at_first_year | lws observed | climate MAGICC-SLR 600 members, vv_pulse_wide_20261009 | forcing spliced | tap true | pair seed 2026 | record conditioning: common draw set with the FaIR arm, dropped 2 of 2000 | pulse 0.01 GtCH4 at 2030 | cm rel 1995-2014 | julia 1.12.6"
2210,lws,0.0,0.0,0.0,0.0,0.0,"scope_slr_pulse_vv.jl | SLR-RFF-BRICK 39cedc0 | Ladrillo L27 (v1.2) | draws parameters_subsample_brick_mengel_L27.csv, 500/chain | paleo assignment :single (seed 20260920) | land-water anchor :zero_at_first_year | lws observed | climate MAGICC-SLR 600 members, vv_pulse_wide_20261009 | forcing spliced | tap true | pair seed 2026 | record conditioning: common draw set with the FaIR arm, dropped 2 of 2000 | pulse 0.01 GtCH4 at 2030 | cm rel 1995-2014 | julia 1.12.6"
2211,lws,0.0,0.0,0.0,0.0,0.0,"scope_slr_pulse_vv.jl | SLR-RFF-BRICK 39cedc0 | Ladrillo L27 (v1.2) | draws parameters_subsample_brick_mengel_L27.csv, 500/chain | paleo assignment :single (seed 20260920) | land-water anchor :zero_at_first_year | lws observed | climate MAGICC-SLR 600 members, vv_pulse_wide_20261009 | forcing spliced | tap true | pair seed 2026 | record conditioning: common draw set with the FaIR arm, dropped 2 of 2000 | pulse 0.01 GtCH4 at 2030 | cm rel 1995-2014 | julia 1.12.6"
2212,lws,0.0,0.0,0.0,0.0,0.0,"scope_slr_pulse_vv.jl | SLR-RFF-BRICK 39cedc0 | Ladrillo L27 (v1.2) | draws parameters_subsample_brick_mengel_L27.csv, 500/chain | paleo assignment :single (seed 20260920) | land-water anchor :zero_at_first_year | lws observed | climate MAGICC-SLR 600 members, vv_pulse_wide_20261009 | forcing spliced | tap true | pair seed 2026 | record conditioning: common draw set with the FaIR arm, dropped 2 of 2000 | pulse 0.01 GtCH4 at 2030 | cm rel 1995-2014 | julia 1.12.6"
2213,lws,0.0,0.0,0.0,0.0,0.0,"scope_slr_pulse_vv.jl | SLR-RFF-BRICK 39cedc0 | Ladrillo L27 (v1.2) | draws parameters_subsample_brick_mengel_L27.csv, 500/chain | paleo assignment :single (seed 20260920) | land-water anchor :zero_at_first_year | lws observed | climate MAGICC-SLR 600 members, vv_pulse_wide_20261009 | forcing spliced | tap true | pair seed 2026 | record conditioning: common draw set with the FaIR arm, dropped 2 of 2000 | pulse 0.01 GtCH4 at 2030 | cm rel 1995-2014 | julia 1.12.6"
2214,lws,0.0,0.0,0.0,0.0,0.0,"scope_slr_pulse_vv.jl | SLR-RFF-BRICK 39cedc0 | Ladrillo L27 (v1.2) | draws parameters_subsample_brick_mengel_L27.csv, 500/chain | paleo assignment :single (seed 20260920) | land-water anchor :zero_at_first_year | lws observed | climate MAGICC-SLR 600 members, vv_pulse_wide_20261009 | forcing spliced | tap true | pair seed 2026 | record conditioning: common draw set with the FaIR arm, dropped 2 of 2000 | pulse 0.01 GtCH4 at 2030 | cm rel 1995-2014 | julia 1.12.6"
2215,lws,0.0,0.0,0.0,0.0,0.0,"scope_slr_pulse_vv.jl | SLR-RFF-BRICK 39cedc0 | Ladrillo L27 (v1.2) | draws parameters_subsample_brick_mengel_L27.csv, 500/chain | paleo assignment :single (seed 20260920) | land-water anchor :zero_at_first_year | lws observed | climate MAGICC-SLR 600 members, vv_pulse_wide_20261009 | forcing spliced | tap true | pair seed 2026 | record conditioning: common draw set with the FaIR arm, dropped 2 of 2000 | pulse 0.01 GtCH4 at 2030 | cm rel 1995-2014 | julia 1.12.6"
2216,lws,0.0,0.0,0.0,0.0,0.0,"scope_slr_pulse_vv.jl | SLR-RFF-BRICK 39cedc0 | Ladrillo L27 (v1.2) | draws parameters_subsample_brick_mengel_L27.csv, 500/chain | paleo assignment :single (seed 20260920) | land-water anchor :zero_at_first_year | lws observed | climate MAGICC-SLR 600 members, vv_pulse_wide_20261009 | forcing spliced | tap true | pair seed 2026 | record conditioning: common draw set with the FaIR arm, dropped 2 of 2000 | pulse 0.01 GtCH4 at 2030 | cm rel 1995-2014 | julia 1.12.6"
2217,lws,0.0,0.0,0.0,0.0,0.0,"scope_slr_pulse_vv.jl | SLR-RFF-BRICK 39cedc0 | Ladrillo L27 (v1.2) | draws parameters_subsample_brick_mengel_L27.csv, 500/chain | paleo assignment :single (seed 20260920) | land-water anchor :zero_at_first_year | lws observed | climate MAGICC-SLR 600 members, vv_pulse_wide_20261009 | forcing spliced | tap true | pair seed 2026 | record conditioning: common draw set with the FaIR arm, dropped 2 of 2000 | pulse 0.01 GtCH4 at 2030 | cm rel 1995-2014 | julia 1.12.6"
2218,lws,0.0,0.0,0.0,0.0,0.0,"scope_slr_pulse_vv.jl | SLR-RFF-BRICK 39cedc0 | Ladrillo L27 (v1.2) | draws parameters_subsample_brick_mengel_L27.csv, 500/chain | paleo assignment :single (seed 20260920) | land-water anchor :zero_at_first_year | lws observed | climate MAGICC-SLR 600 members, vv_pulse_wide_20261009 | forcing spliced | tap true | pair seed 2026 | record conditioning: common draw set with the FaIR arm, dropped 2 of 2000 | pulse 0.01 GtCH4 at 2030 | cm rel 1995-2014 | julia 1.12.6"
2219,lws,0.0,0.0,0.0,0.0,0.0,"scope_slr_pulse_vv.jl | SLR-RFF-BRICK 39cedc0 | Ladrillo L27 (v1.2) | draws parameters_subsample_brick_mengel_L27.csv, 500/chain | paleo assignment :single (seed 20260920) | land-water anchor :zero_at_first_year | lws observed | climate MAGICC-SLR 600 members, vv_pulse_wide_20261009 | forcing spliced | tap true | pair seed 2026 | record conditioning: common draw set with the FaIR arm, dropped 2 of 2000 | pulse 0.01 GtCH4 at 2030 | cm rel 1995-2014 | julia 1.12.6"
2220,lws,0.0,0.0,0.0,0.0,0.0,"scope_slr_pulse_vv.jl | SLR-RFF-BRICK 39cedc0 | Ladrillo L27 (v1.2) | draws parameters_subsample_brick_mengel_L27.csv, 500/chain | paleo assignment :single (seed 20260920) | land-water anchor :zero_at_first_year | lws observed | climate MAGICC-SLR 600 members, vv_pulse_wide_20261009 | forcing spliced | tap true | pair seed 2026 | record conditioning: common draw set with the FaIR arm, dropped 2 of 2000 | pulse 0.01 GtCH4 at 2030 | cm rel 1995-2014 | julia 1.12.6"
2221,lws,0.0,0.0,0.0,0.0,0.0,"scope_slr_pulse_vv.jl | SLR-RFF-BRICK 39cedc0 | Ladrillo L27 (v1.2) | draws parameters_subsample_brick_mengel_L27.csv, 500/chain | paleo assignment :single (seed 20260920) | land-water anchor :zero_at_first_year | lws observed | climate MAGICC-SLR 600 members, vv_pulse_wide_20261009 | forcing spliced | tap true | pair seed 2026 | record conditioning: common draw set with the FaIR arm, dropped 2 of 2000 | pulse 0.01 GtCH4 at 2030 | cm rel 1995-2014 | julia 1.12.6"
2222,lws,0.0,0.0,0.0,0.0,0.0,"scope_slr_pulse_vv.jl | SLR-RFF-BRICK 39cedc0 | Ladrillo L27 (v1.2) | draws parameters_subsample_brick_mengel_L27.csv, 500/chain | paleo assignment :single (seed 20260920) | land-water anchor :zero_at_first_year | lws observed | climate MAGICC-SLR 600 members, vv_pulse_wide_20261009 | forcing spliced | tap true | pair seed 2026 | record conditioning: common draw set with the FaIR arm, dropped 2 of 2000 | pulse 0.01 GtCH4 at 2030 | cm rel 1995-2014 | julia 1.12.6"
2223,lws,0.0,0.0,0.0,0.0,0.0,"scope_slr_pulse_vv.jl | SLR-RFF-BRICK 39cedc0 | Ladrillo L27 (v1.2) | draws parameters_subsample_brick_mengel_L27.csv, 500/chain | paleo assignment :single (seed 20260920) | land-water anchor :zero_at_first_year | lws observed | climate MAGICC-SLR 600 members, vv_pulse_wide_20261009 | forcing spliced | tap true | pair seed 2026 | record conditioning: common draw set with the FaIR arm, dropped 2 of 2000 | pulse 0.01 GtCH4 at 2030 | cm rel 1995-2014 | julia 1.12.6"
2224,lws,0.0,0.0,0.0,0.0,0.0,"scope_slr_pulse_vv.jl | SLR-RFF-BRICK 39cedc0 | Ladrillo L27 (v1.2) | draws parameters_subsample_brick_mengel_L27.csv, 500/chain | paleo assignment :single (seed 20260920) | land-water anchor :zero_at_first_year | lws observed | climate MAGICC-SLR 600 members, vv_pulse_wide_20261009 | forcing spliced | tap true | pair seed 2026 | record conditioning: common draw set with the FaIR arm, dropped 2 of 2000 | pulse 0.01 GtCH4 at 2030 | cm rel 1995-2014 | julia 1.12.6"
2225,lws,0.0,0.0,0.0,0.0,0.0,"scope_slr_pulse_vv.jl | SLR-RFF-BRICK 39cedc0 | Ladrillo L27 (v1.2) | draws parameters_subsample_brick_mengel_L27.csv, 500/chain | paleo assignment :single (seed 20260920) | land-water anchor :zero_at_first_year | lws observed | climate MAGICC-SLR 600 members, vv_pulse_wide_20261009 | forcing spliced | tap true | pair seed 2026 | record conditioning: common draw set with the FaIR arm, dropped 2 of 2000 | pulse 0.01 GtCH4 at 2030 | cm rel 1995-2014 | julia 1.12.6"
2226,lws,0.0,0.0,0.0,0.0,0.0,"scope_slr_pulse_vv.jl | SLR-RFF-BRICK 39cedc0 | Ladrillo L27 (v1.2) | draws parameters_subsample_brick_mengel_L27.csv, 500/chain | paleo assignment :single (seed 20260920) | land-water anchor :zero_at_first_year | lws observed | climate MAGICC-SLR 600 members, vv_pulse_wide_20261009 | forcing spliced | tap true | pair seed 2026 | record conditioning: common draw set with the FaIR arm, dropped 2 of 2000 | pulse 0.01 GtCH4 at 2030 | cm rel 1995-2014 | julia 1.12.6"
2227,lws,0.0,0.0,0.0,0.0,0.0,"scope_slr_pulse_vv.jl | SLR-RFF-BRICK 39cedc0 | Ladrillo L27 (v1.2) | draws parameters_subsample_brick_mengel_L27.csv, 500/chain | paleo assignment :single (seed 20260920) | land-water anchor :zero_at_first_year | lws observed | climate MAGICC-SLR 600 members, vv_pulse_wide_20261009 | forcing spliced | tap true | pair seed 2026 | record conditioning: common draw set with the FaIR arm, dropped 2 of 2000 | pulse 0.01 GtCH4 at 2030 | cm rel 1995-2014 | julia 1.12.6"
2228,lws,0.0,0.0,0.0,0.0,0.0,"scope_slr_pulse_vv.jl | SLR-RFF-BRICK 39cedc0 | Ladrillo L27 (v1.2) | draws parameters_subsample_brick_mengel_L27.csv, 500/chain | paleo assignment :single (seed 20260920) | land-water anchor :zero_at_first_year | lws observed | climate MAGICC-SLR 600 members, vv_pulse_wide_20261009 | forcing spliced | tap true | pair seed 2026 | record conditioning: common draw set with the FaIR arm, dropped 2 of 2000 | pulse 0.01 GtCH4 at 2030 | cm rel 1995-2014 | julia 1.12.6"
2229,lws,0.0,0.0,0.0,0.0,0.0,"scope_slr_pulse_vv.jl | SLR-RFF-BRICK 39cedc0 | Ladrillo L27 (v1.2) | draws parameters_subsample_brick_mengel_L27.csv, 500/chain | paleo assignment :single (seed 20260920) | land-water anchor :zero_at_first_year | lws observed | climate MAGICC-SLR 600 members, vv_pulse_wide_20261009 | forcing spliced | tap true | pair seed 2026 | record conditioning: common draw set with the FaIR arm, dropped 2 of 2000 | pulse 0.01 GtCH4 at 2030 | cm rel 1995-2014 | julia 1.12.6"
2230,lws,0.0,0.0,0.0,0.0,0.0,"scope_slr_pulse_vv.jl | SLR-RFF-BRICK 39cedc0 | Ladrillo L27 (v1.2) | draws parameters_subsample_brick_mengel_L27.csv, 500/chain | paleo assignment :single (seed 20260920) | land-water anchor :zero_at_first_year | lws observed | climate MAGICC-SLR 600 members, vv_pulse_wide_20261009 | forcing spliced | tap true | pair seed 2026 | record conditioning: common draw set with the FaIR arm, dropped 2 of 2000 | pulse 0.01 GtCH4 at 2030 | cm rel 1995-2014 | julia 1.12.6"
2231,lws,0.0,0.0,0.0,0.0,0.0,"scope_slr_pulse_vv.jl | SLR-RFF-BRICK 39cedc0 | Ladrillo L27 (v1.2) | draws parameters_subsample_brick_mengel_L27.csv, 500/chain | paleo assignment :single (seed 20260920) | land-water anchor :zero_at_first_year | lws observed | climate MAGICC-SLR 600 members, vv_pulse_wide_20261009 | forcing spliced | tap true | pair seed 2026 | record conditioning: common draw set with the FaIR arm, dropped 2 of 2000 | pulse 0.01 GtCH4 at 2030 | cm rel 1995-2014 | julia 1.12.6"
2232,lws,0.0,0.0,0.0,0.0,0.0,"scope_slr_pulse_vv.jl | SLR-RFF-BRICK 39cedc0 | Ladrillo L27 (v1.2) | draws parameters_subsample_brick_mengel_L27.csv, 500/chain | paleo assignment :single (seed 20260920) | land-water anchor :zero_at_first_year | lws observed | climate MAGICC-SLR 600 members, vv_pulse_wide_20261009 | forcing spliced | tap true | pair seed 2026 | record conditioning: common draw set with the FaIR arm, dropped 2 of 2000 | pulse 0.01 GtCH4 at 2030 | cm rel 1995-2014 | julia 1.12.6"
2233,lws,0.0,0.0,0.0,0.0,0.0,"scope_slr_pulse_vv.jl | SLR-RFF-BRICK 39cedc0 | Ladrillo L27 (v1.2) | draws parameters_subsample_brick_mengel_L27.csv, 500/chain | paleo assignment :single (seed 20260920) | land-water anchor :zero_at_first_year | lws observed | climate MAGICC-SLR 600 members, vv_pulse_wide_20261009 | forcing spliced | tap true | pair seed 2026 | record conditioning: common draw set with the FaIR arm, dropped 2 of 2000 | pulse 0.01 GtCH4 at 2030 | cm rel 1995-2014 | julia 1.12.6"
2234,lws,0.0,0.0,0.0,0.0,0.0,"scope_slr_pulse_vv.jl | SLR-RFF-BRICK 39cedc0 | Ladrillo L27 (v1.2) | draws parameters_subsample_brick_mengel_L27.csv, 500/chain | paleo assignment :single (seed 20260920) | land-water anchor :zero_at_first_year | lws observed | climate MAGICC-SLR 600 members, vv_pulse_wide_20261009 | forcing spliced | tap true | pair seed 2026 | record conditioning: common draw set with the FaIR arm, dropped 2 of 2000 | pulse 0.01 GtCH4 at 2030 | cm rel 1995-2014 | julia 1.12.6"
2235,lws,0.0,0.0,0.0,0.0,0.0,"scope_slr_pulse_vv.jl | SLR-RFF-BRICK 39cedc0 | Ladrillo L27 (v1.2) | draws parameters_subsample_brick_mengel_L27.csv, 500/chain | paleo assignment :single (seed 20260920) | land-water anchor :zero_at_first_year | lws observed | climate MAGICC-SLR 600 members, vv_pulse_wide_20261009 | forcing spliced | tap true | pair seed 2026 | record conditioning: common draw set with the FaIR arm, dropped 2 of 2000 | pulse 0.01 GtCH4 at 2030 | cm rel 1995-2014 | julia 1.12.6"
2236,lws,0.0,0.0,0.0,0.0,0.0,"scope_slr_pulse_vv.jl | SLR-RFF-BRICK 39cedc0 | Ladrillo L27 (v1.2) | draws parameters_subsample_brick_mengel_L27.csv, 500/chain | paleo assignment :single (seed 20260920) | land-water anchor :zero_at_first_year | lws observed | climate MAGICC-SLR 600 members, vv_pulse_wide_20261009 | forcing spliced | tap true | pair seed 2026 | record conditioning: common draw set with the FaIR arm, dropped 2 of 2000 | pulse 0.01 GtCH4 at 2030 | cm rel 1995-2014 | julia 1.12.6"
2237,lws,0.0,0.0,0.0,0.0,0.0,"scope_slr_pulse_vv.jl | SLR-RFF-BRICK 39cedc0 | Ladrillo L27 (v1.2) | draws parameters_subsample_brick_mengel_L27.csv, 500/chain | paleo assignment :single (seed 20260920) | land-water anchor :zero_at_first_year | lws observed | climate MAGICC-SLR 600 members, vv_pulse_wide_20261009 | forcing spliced | tap true | pair seed 2026 | record conditioning: common draw set with the FaIR arm, dropped 2 of 2000 | pulse 0.01 GtCH4 at 2030 | cm rel 1995-2014 | julia 1.12.6"
2238,lws,0.0,0.0,0.0,0.0,0.0,"scope_slr_pulse_vv.jl | SLR-RFF-BRICK 39cedc0 | Ladrillo L27 (v1.2) | draws parameters_subsample_brick_mengel_L27.csv, 500/chain | paleo assignment :single (seed 20260920) | land-water anchor :zero_at_first_year | lws observed | climate MAGICC-SLR 600 members, vv_pulse_wide_20261009 | forcing spliced | tap true | pair seed 2026 | record conditioning: common draw set with the FaIR arm, dropped 2 of 2000 | pulse 0.01 GtCH4 at 2030 | cm rel 1995-2014 | julia 1.12.6"
2239,lws,0.0,0.0,0.0,0.0,0.0,"scope_slr_pulse_vv.jl | SLR-RFF-BRICK 39cedc0 | Ladrillo L27 (v1.2) | draws parameters_subsample_brick_mengel_L27.csv, 500/chain | paleo assignment :single (seed 20260920) | land-water anchor :zero_at_first_year | lws observed | climate MAGICC-SLR 600 members, vv_pulse_wide_20261009 | forcing spliced | tap true | pair seed 2026 | record conditioning: common draw set with the FaIR arm, dropped 2 of 2000 | pulse 0.01 GtCH4 at 2030 | cm rel 1995-2014 | julia 1.12.6"
2240,lws,0.0,0.0,0.0,0.0,0.0,"scope_slr_pulse_vv.jl | SLR-RFF-BRICK 39cedc0 | Ladrillo L27 (v1.2) | draws parameters_subsample_brick_mengel_L27.csv, 500/chain | paleo assignment :single (seed 20260920) | land-water anchor :zero_at_first_year | lws observed | climate MAGICC-SLR 600 members, vv_pulse_wide_20261009 | forcing spliced | tap true | pair seed 2026 | record conditioning: common draw set with the FaIR arm, dropped 2 of 2000 | pulse 0.01 GtCH4 at 2030 | cm rel 1995-2014 | julia 1.12.6"
2241,lws,0.0,0.0,0.0,0.0,0.0,"scope_slr_pulse_vv.jl | SLR-RFF-BRICK 39cedc0 | Ladrillo L27 (v1.2) | draws parameters_subsample_brick_mengel_L27.csv, 500/chain | paleo assignment :single (seed 20260920) | land-water anchor :zero_at_first_year | lws observed | climate MAGICC-SLR 600 members, vv_pulse_wide_20261009 | forcing spliced | tap true | pair seed 2026 | record conditioning: common draw set with the FaIR arm, dropped 2 of 2000 | pulse 0.01 GtCH4 at 2030 | cm rel 1995-2014 | julia 1.12.6"
2242,lws,0.0,0.0,0.0,0.0,0.0,"scope_slr_pulse_vv.jl | SLR-RFF-BRICK 39cedc0 | Ladrillo L27 (v1.2) | draws parameters_subsample_brick_mengel_L27.csv, 500/chain | paleo assignment :single (seed 20260920) | land-water anchor :zero_at_first_year | lws observed | climate MAGICC-SLR 600 members, vv_pulse_wide_20261009 | forcing spliced | tap true | pair seed 2026 | record conditioning: common draw set with the FaIR arm, dropped 2 of 2000 | pulse 0.01 GtCH4 at 2030 | cm rel 1995-2014 | julia 1.12.6"
2243,lws,0.0,0.0,0.0,0.0,0.0,"scope_slr_pulse_vv.jl | SLR-RFF-BRICK 39cedc0 | Ladrillo L27 (v1.2) | draws parameters_subsample_brick_mengel_L27.csv, 500/chain | paleo assignment :single (seed 20260920) | land-water anchor :zero_at_first_year | lws observed | climate MAGICC-SLR 600 members, vv_pulse_wide_20261009 | forcing spliced | tap true | pair seed 2026 | record conditioning: common draw set with the FaIR arm, dropped 2 of 2000 | pulse 0.01 GtCH4 at 2030 | cm rel 1995-2014 | julia 1.12.6"
2244,lws,0.0,0.0,0.0,0.0,0.0,"scope_slr_pulse_vv.jl | SLR-RFF-BRICK 39cedc0 | Ladrillo L27 (v1.2) | draws parameters_subsample_brick_mengel_L27.csv, 500/chain | paleo assignment :single (seed 20260920) | land-water anchor :zero_at_first_year | lws observed | climate MAGICC-SLR 600 members, vv_pulse_wide_20261009 | forcing spliced | tap true | pair seed 2026 | record conditioning: common draw set with the FaIR arm, dropped 2 of 2000 | pulse 0.01 GtCH4 at 2030 | cm rel 1995-2014 | julia 1.12.6"
2245,lws,0.0,0.0,0.0,0.0,0.0,"scope_slr_pulse_vv.jl | SLR-RFF-BRICK 39cedc0 | Ladrillo L27 (v1.2) | draws parameters_subsample_brick_mengel_L27.csv, 500/chain | paleo assignment :single (seed 20260920) | land-water anchor :zero_at_first_year | lws observed | climate MAGICC-SLR 600 members, vv_pulse_wide_20261009 | forcing spliced | tap true | pair seed 2026 | record conditioning: common draw set with the FaIR arm, dropped 2 of 2000 | pulse 0.01 GtCH4 at 2030 | cm rel 1995-2014 | julia 1.12.6"
2246,lws,0.0,0.0,0.0,0.0,0.0,"scope_slr_pulse_vv.jl | SLR-RFF-BRICK 39cedc0 | Ladrillo L27 (v1.2) | draws parameters_subsample_brick_mengel_L27.csv, 500/chain | paleo assignment :single (seed 20260920) | land-water anchor :zero_at_first_year | lws observed | climate MAGICC-SLR 600 members, vv_pulse_wide_20261009 | forcing spliced | tap true | pair seed 2026 | record conditioning: common draw set with the FaIR arm, dropped 2 of 2000 | pulse 0.01 GtCH4 at 2030 | cm rel 1995-2014 | julia 1.12.6"
2247,lws,0.0,0.0,0.0,0.0,0.0,"scope_slr_pulse_vv.jl | SLR-RFF-BRICK 39cedc0 | Ladrillo L27 (v1.2) | draws parameters_subsample_brick_mengel_L27.csv, 500/chain | paleo assignment :single (seed 20260920) | land-water anchor :zero_at_first_year | lws observed | climate MAGICC-SLR 600 members, vv_pulse_wide_20261009 | forcing spliced | tap true | pair seed 2026 | record conditioning: common draw set with the FaIR arm, dropped 2 of 2000 | pulse 0.01 GtCH4 at 2030 | cm rel 1995-2014 | julia 1.12.6"
2248,lws,0.0,0.0,0.0,0.0,0.0,"scope_slr_pulse_vv.jl | SLR-RFF-BRICK 39cedc0 | Ladrillo L27 (v1.2) | draws parameters_subsample_brick_mengel_L27.csv, 500/chain | paleo assignment :single (seed 20260920) | land-water anchor :zero_at_first_year | lws observed | climate MAGICC-SLR 600 members, vv_pulse_wide_20261009 | forcing spliced | tap true | pair seed 2026 | record conditioning: common draw set with the FaIR arm, dropped 2 of 2000 | pulse 0.01 GtCH4 at 2030 | cm rel 1995-2014 | julia 1.12.6"
2249,lws,0.0,0.0,0.0,0.0,0.0,"scope_slr_pulse_vv.jl | SLR-RFF-BRICK 39cedc0 | Ladrillo L27 (v1.2) | draws parameters_subsample_brick_mengel_L27.csv, 500/chain | paleo assignment :single (seed 20260920) | land-water anchor :zero_at_first_year | lws observed | climate MAGICC-SLR 600 members, vv_pulse_wide_20261009 | forcing spliced | tap true | pair seed 2026 | record conditioning: common draw set with the FaIR arm, dropped 2 of 2000 | pulse 0.01 GtCH4 at 2030 | cm rel 1995-2014 | julia 1.12.6"
2250,lws,0.0,0.0,0.0,0.0,0.0,"scope_slr_pulse_vv.jl | SLR-RFF-BRICK 39cedc0 | Ladrillo L27 (v1.2) | draws parameters_subsample_brick_mengel_L27.csv, 500/chain | paleo assignment :single (seed 20260920) | land-water anchor :zero_at_first_year | lws observed | climate MAGICC-SLR 600 members, vv_pulse_wide_20261009 | forcing spliced | tap true | pair seed 2026 | record conditioning: common draw set with the FaIR arm, dropped 2 of 2000 | pulse 0.01 GtCH4 at 2030 | cm rel 1995-2014 | julia 1.12.6"
2251,lws,0.0,0.0,0.0,0.0,0.0,"scope_slr_pulse_vv.jl | SLR-RFF-BRICK 39cedc0 | Ladrillo L27 (v1.2) | draws parameters_subsample_brick_mengel_L27.csv, 500/chain | paleo assignment :single (seed 20260920) | land-water anchor :zero_at_first_year | lws observed | climate MAGICC-SLR 600 members, vv_pulse_wide_20261009 | forcing spliced | tap true | pair seed 2026 | record conditioning: common draw set with the FaIR arm, dropped 2 of 2000 | pulse 0.01 GtCH4 at 2030 | cm rel 1995-2014 | julia 1.12.6"
2252,lws,0.0,0.0,0.0,0.0,0.0,"scope_slr_pulse_vv.jl | SLR-RFF-BRICK 39cedc0 | Ladrillo L27 (v1.2) | draws parameters_subsample_brick_mengel_L27.csv, 500/chain | paleo assignment :single (seed 20260920) | land-water anchor :zero_at_first_year | lws observed | climate MAGICC-SLR 600 members, vv_pulse_wide_20261009 | forcing spliced | tap true | pair seed 2026 | record conditioning: common draw set with the FaIR arm, dropped 2 of 2000 | pulse 0.01 GtCH4 at 2030 | cm rel 1995-2014 | julia 1.12.6"
2253,lws,0.0,0.0,0.0,0.0,0.0,"scope_slr_pulse_vv.jl | SLR-RFF-BRICK 39cedc0 | Ladrillo L27 (v1.2) | draws parameters_subsample_brick_mengel_L27.csv, 500/chain | paleo assignment :single (seed 20260920) | land-water anchor :zero_at_first_year | lws observed | climate MAGICC-SLR 600 members, vv_pulse_wide_20261009 | forcing spliced | tap true | pair seed 2026 | record conditioning: common draw set with the FaIR arm, dropped 2 of 2000 | pulse 0.01 GtCH4 at 2030 | cm rel 1995-2014 | julia 1.12.6"
2254,lws,0.0,0.0,0.0,0.0,0.0,"scope_slr_pulse_vv.jl | SLR-RFF-BRICK 39cedc0 | Ladrillo L27 (v1.2) | draws parameters_subsample_brick_mengel_L27.csv, 500/chain | paleo assignment :single (seed 20260920) | land-water anchor :zero_at_first_year | lws observed | climate MAGICC-SLR 600 members, vv_pulse_wide_20261009 | forcing spliced | tap true | pair seed 2026 | record conditioning: common draw set with the FaIR arm, dropped 2 of 2000 | pulse 0.01 GtCH4 at 2030 | cm rel 1995-2014 | julia 1.12.6"
2255,lws,0.0,0.0,0.0,0.0,0.0,"scope_slr_pulse_vv.jl | SLR-RFF-BRICK 39cedc0 | Ladrillo L27 (v1.2) | draws parameters_subsample_brick_mengel_L27.csv, 500/chain | paleo assignment :single (seed 20260920) | land-water anchor :zero_at_first_year | lws observed | climate MAGICC-SLR 600 members, vv_pulse_wide_20261009 | forcing spliced | tap true | pair seed 2026 | record conditioning: common draw set with the FaIR arm, dropped 2 of 2000 | pulse 0.01 GtCH4 at 2030 | cm rel 1995-2014 | julia 1.12.6"
2256,lws,0.0,0.0,0.0,0.0,0.0,"scope_slr_pulse_vv.jl | SLR-RFF-BRICK 39cedc0 | Ladrillo L27 (v1.2) | draws parameters_subsample_brick_mengel_L27.csv, 500/chain | paleo assignment :single (seed 20260920) | land-water anchor :zero_at_first_year | lws observed | climate MAGICC-SLR 600 members, vv_pulse_wide_20261009 | forcing spliced | tap true | pair seed 2026 | record conditioning: common draw set with the FaIR arm, dropped 2 of 2000 | pulse 0.01 GtCH4 at 2030 | cm rel 1995-2014 | julia 1.12.6"
2257,lws,0.0,0.0,0.0,0.0,0.0,"scope_slr_pulse_vv.jl | SLR-RFF-BRICK 39cedc0 | Ladrillo L27 (v1.2) | draws parameters_subsample_brick_mengel_L27.csv, 500/chain | paleo assignment :single (seed 20260920) | land-water anchor :zero_at_first_year | lws observed | climate MAGICC-SLR 600 members, vv_pulse_wide_20261009 | forcing spliced | tap true | pair seed 2026 | record conditioning: common draw set with the FaIR arm, dropped 2 of 2000 | pulse 0.01 GtCH4 at 2030 | cm rel 1995-2014 | julia 1.12.6"
2258,lws,0.0,0.0,0.0,0.0,0.0,"scope_slr_pulse_vv.jl | SLR-RFF-BRICK 39cedc0 | Ladrillo L27 (v1.2) | draws parameters_subsample_brick_mengel_L27.csv, 500/chain | paleo assignment :single (seed 20260920) | land-water anchor :zero_at_first_year | lws observed | climate MAGICC-SLR 600 members, vv_pulse_wide_20261009 | forcing spliced | tap true | pair seed 2026 | record conditioning: common draw set with the FaIR arm, dropped 2 of 2000 | pulse 0.01 GtCH4 at 2030 | cm rel 1995-2014 | julia 1.12.6"
2259,lws,0.0,0.0,0.0,0.0,0.0,"scope_slr_pulse_vv.jl | SLR-RFF-BRICK 39cedc0 | Ladrillo L27 (v1.2) | draws parameters_subsample_brick_mengel_L27.csv, 500/chain | paleo assignment :single (seed 20260920) | land-water anchor :zero_at_first_year | lws observed | climate MAGICC-SLR 600 members, vv_pulse_wide_20261009 | forcing spliced | tap true | pair seed 2026 | record conditioning: common draw set with the FaIR arm, dropped 2 of 2000 | pulse 0.01 GtCH4 at 2030 | cm rel 1995-2014 | julia 1.12.6"
2260,lws,0.0,0.0,0.0,0.0,0.0,"scope_slr_pulse_vv.jl | SLR-RFF-BRICK 39cedc0 | Ladrillo L27 (v1.2) | draws parameters_subsample_brick_mengel_L27.csv, 500/chain | paleo assignment :single (seed 20260920) | land-water anchor :zero_at_first_year | lws observed | climate MAGICC-SLR 600 members, vv_pulse_wide_20261009 | forcing spliced | tap true | pair seed 2026 | record conditioning: common draw set with the FaIR arm, dropped 2 of 2000 | pulse 0.01 GtCH4 at 2030 | cm rel 1995-2014 | julia 1.12.6"
2261,lws,0.0,0.0,0.0,0.0,0.0,"scope_slr_pulse_vv.jl | SLR-RFF-BRICK 39cedc0 | Ladrillo L27 (v1.2) | draws parameters_subsample_brick_mengel_L27.csv, 500/chain | paleo assignment :single (seed 20260920) | land-water anchor :zero_at_first_year | lws observed | climate MAGICC-SLR 600 members, vv_pulse_wide_20261009 | forcing spliced | tap true | pair seed 2026 | record conditioning: common draw set with the FaIR arm, dropped 2 of 2000 | pulse 0.01 GtCH4 at 2030 | cm rel 1995-2014 | julia 1.12.6"
2262,lws,0.0,0.0,0.0,0.0,0.0,"scope_slr_pulse_vv.jl | SLR-RFF-BRICK 39cedc0 | Ladrillo L27 (v1.2) | draws parameters_subsample_brick_mengel_L27.csv, 500/chain | paleo assignment :single (seed 20260920) | land-water anchor :zero_at_first_year | lws observed | climate MAGICC-SLR 600 members, vv_pulse_wide_20261009 | forcing spliced | tap true | pair seed 2026 | record conditioning: common draw set with the FaIR arm, dropped 2 of 2000 | pulse 0.01 GtCH4 at 2030 | cm rel 1995-2014 | julia 1.12.6"
2263,lws,0.0,0.0,0.0,0.0,0.0,"scope_slr_pulse_vv.jl | SLR-RFF-BRICK 39cedc0 | Ladrillo L27 (v1.2) | draws parameters_subsample_brick_mengel_L27.csv, 500/chain | paleo assignment :single (seed 20260920) | land-water anchor :zero_at_first_year | lws observed | climate MAGICC-SLR 600 members, vv_pulse_wide_20261009 | forcing spliced | tap true | pair seed 2026 | record conditioning: common draw set with the FaIR arm, dropped 2 of 2000 | pulse 0.01 GtCH4 at 2030 | cm rel 1995-2014 | julia 1.12.6"
2264,lws,0.0,0.0,0.0,0.0,0.0,"scope_slr_pulse_vv.jl | SLR-RFF-BRICK 39cedc0 | Ladrillo L27 (v1.2) | draws parameters_subsample_brick_mengel_L27.csv, 500/chain | paleo assignment :single (seed 20260920) | land-water anchor :zero_at_first_year | lws observed | climate MAGICC-SLR 600 members, vv_pulse_wide_20261009 | forcing spliced | tap true | pair seed 2026 | record conditioning: common draw set with the FaIR arm, dropped 2 of 2000 | pulse 0.01 GtCH4 at 2030 | cm rel 1995-2014 | julia 1.12.6"
2265,lws,0.0,0.0,0.0,0.0,0.0,"scope_slr_pulse_vv.jl | SLR-RFF-BRICK 39cedc0 | Ladrillo L27 (v1.2) | draws parameters_subsample_brick_mengel_L27.csv, 500/chain | paleo assignment :single (seed 20260920) | land-water anchor :zero_at_first_year | lws observed | climate MAGICC-SLR 600 members, vv_pulse_wide_20261009 | forcing spliced | tap true | pair seed 2026 | record conditioning: common draw set with the FaIR arm, dropped 2 of 2000 | pulse 0.01 GtCH4 at 2030 | cm rel 1995-2014 | julia 1.12.6"
2266,lws,0.0,0.0,0.0,0.0,0.0,"scope_slr_pulse_vv.jl | SLR-RFF-BRICK 39cedc0 | Ladrillo L27 (v1.2) | draws parameters_subsample_brick_mengel_L27.csv, 500/chain | paleo assignment :single (seed 20260920) | land-water anchor :zero_at_first_year | lws observed | climate MAGICC-SLR 600 members, vv_pulse_wide_20261009 | forcing spliced | tap true | pair seed 2026 | record conditioning: common draw set with the FaIR arm, dropped 2 of 2000 | pulse 0.01 GtCH4 at 2030 | cm rel 1995-2014 | julia 1.12.6"
2267,lws,0.0,0.0,0.0,0.0,0.0,"scope_slr_pulse_vv.jl | SLR-RFF-BRICK 39cedc0 | Ladrillo L27 (v1.2) | draws parameters_subsample_brick_mengel_L27.csv, 500/chain | paleo assignment :single (seed 20260920) | land-water anchor :zero_at_first_year | lws observed | climate MAGICC-SLR 600 members, vv_pulse_wide_20261009 | forcing spliced | tap true | pair seed 2026 | record conditioning: common draw set with the FaIR arm, dropped 2 of 2000 | pulse 0.01 GtCH4 at 2030 | cm rel 1995-2014 | julia 1.12.6"
2268,lws,0.0,0.0,0.0,0.0,0.0,"scope_slr_pulse_vv.jl | SLR-RFF-BRICK 39cedc0 | Ladrillo L27 (v1.2) | draws parameters_subsample_brick_mengel_L27.csv, 500/chain | paleo assignment :single (seed 20260920) | land-water anchor :zero_at_first_year | lws observed | climate MAGICC-SLR 600 members, vv_pulse_wide_20261009 | forcing spliced | tap true | pair seed 2026 | record conditioning: common draw set with the FaIR arm, dropped 2 of 2000 | pulse 0.01 GtCH4 at 2030 | cm rel 1995-2014 | julia 1.12.6"
2269,lws,0.0,0.0,0.0,0.0,0.0,"scope_slr_pulse_vv.jl | SLR-RFF-BRICK 39cedc0 | Ladrillo L27 (v1.2) | draws parameters_subsample_brick_mengel_L27.csv, 500/chain | paleo assignment :single (seed 20260920) | land-water anchor :zero_at_first_year | lws observed | climate MAGICC-SLR 600 members, vv_pulse_wide_20261009 | forcing spliced | tap true | pair seed 2026 | record conditioning: common draw set with the FaIR arm, dropped 2 of 2000 | pulse 0.01 GtCH4 at 2030 | cm rel 1995-2014 | julia 1.12.6"
2270,lws,0.0,0.0,0.0,0.0,0.0,"scope_slr_pulse_vv.jl | SLR-RFF-BRICK 39cedc0 | Ladrillo L27 (v1.2) | draws parameters_subsample_brick_mengel_L27.csv, 500/chain | paleo assignment :single (seed 20260920) | land-water anchor :zero_at_first_year | lws observed | climate MAGICC-SLR 600 members, vv_pulse_wide_20261009 | forcing spliced | tap true | pair seed 2026 | record conditioning: common draw set with the FaIR arm, dropped 2 of 2000 | pulse 0.01 GtCH4 at 2030 | cm rel 1995-2014 | julia 1.12.6"
2271,lws,0.0,0.0,0.0,0.0,0.0,"scope_slr_pulse_vv.jl | SLR-RFF-BRICK 39cedc0 | Ladrillo L27 (v1.2) | draws parameters_subsample_brick_mengel_L27.csv, 500/chain | paleo assignment :single (seed 20260920) | land-water anchor :zero_at_first_year | lws observed | climate MAGICC-SLR 600 members, vv_pulse_wide_20261009 | forcing spliced | tap true | pair seed 2026 | record conditioning: common draw set with the FaIR arm, dropped 2 of 2000 | pulse 0.01 GtCH4 at 2030 | cm rel 1995-2014 | julia 1.12.6"
2272,lws,0.0,0.0,0.0,0.0,0.0,"scope_slr_pulse_vv.jl | SLR-RFF-BRICK 39cedc0 | Ladrillo L27 (v1.2) | draws parameters_subsample_brick_mengel_L27.csv, 500/chain | paleo assignment :single (seed 20260920) | land-water anchor :zero_at_first_year | lws observed | climate MAGICC-SLR 600 members, vv_pulse_wide_20261009 | forcing spliced | tap true | pair seed 2026 | record conditioning: common draw set with the FaIR arm, dropped 2 of 2000 | pulse 0.01 GtCH4 at 2030 | cm rel 1995-2014 | julia 1.12.6"
2273,lws,0.0,0.0,0.0,0.0,0.0,"scope_slr_pulse_vv.jl | SLR-RFF-BRICK 39cedc0 | Ladrillo L27 (v1.2) | draws parameters_subsample_brick_mengel_L27.csv, 500/chain | paleo assignment :single (seed 20260920) | land-water anchor :zero_at_first_year | lws observed | climate MAGICC-SLR 600 members, vv_pulse_wide_20261009 | forcing spliced | tap true | pair seed 2026 | record conditioning: common draw set with the FaIR arm, dropped 2 of 2000 | pulse 0.01 GtCH4 at 2030 | cm rel 1995-2014 | julia 1.12.6"
2274,lws,0.0,0.0,0.0,0.0,0.0,"scope_slr_pulse_vv.jl | SLR-RFF-BRICK 39cedc0 | Ladrillo L27 (v1.2) | draws parameters_subsample_brick_mengel_L27.csv, 500/chain | paleo assignment :single (seed 20260920) | land-water anchor :zero_at_first_year | lws observed | climate MAGICC-SLR 600 members, vv_pulse_wide_20261009 | forcing spliced | tap true | pair seed 2026 | record conditioning: common draw set with the FaIR arm, dropped 2 of 2000 | pulse 0.01 GtCH4 at 2030 | cm rel 1995-2014 | julia 1.12.6"
2275,lws,0.0,0.0,0.0,0.0,0.0,"scope_slr_pulse_vv.jl | SLR-RFF-BRICK 39cedc0 | Ladrillo L27 (v1.2) | draws parameters_subsample_brick_mengel_L27.csv, 500/chain | paleo assignment :single (seed 20260920) | land-water anchor :zero_at_first_year | lws observed | climate MAGICC-SLR 600 members, vv_pulse_wide_20261009 | forcing spliced | tap true | pair seed 2026 | record conditioning: common draw set with the FaIR arm, dropped 2 of 2000 | pulse 0.01 GtCH4 at 2030 | cm rel 1995-2014 | julia 1.12.6"
2276,lws,0.0,0.0,0.0,0.0,0.0,"scope_slr_pulse_vv.jl | SLR-RFF-BRICK 39cedc0 | Ladrillo L27 (v1.2) | draws parameters_subsample_brick_mengel_L27.csv, 500/chain | paleo assignment :single (seed 20260920) | land-water anchor :zero_at_first_year | lws observed | climate MAGICC-SLR 600 members, vv_pulse_wide_20261009 | forcing spliced | tap true | pair seed 2026 | record conditioning: common draw set with the FaIR arm, dropped 2 of 2000 | pulse 0.01 GtCH4 at 2030 | cm rel 1995-2014 | julia 1.12.6"
2277,lws,0.0,0.0,0.0,0.0,0.0,"scope_slr_pulse_vv.jl | SLR-RFF-BRICK 39cedc0 | Ladrillo L27 (v1.2) | draws parameters_subsample_brick_mengel_L27.csv, 500/chain | paleo assignment :single (seed 20260920) | land-water anchor :zero_at_first_year | lws observed | climate MAGICC-SLR 600 members, vv_pulse_wide_20261009 | forcing spliced | tap true | pair seed 2026 | record conditioning: common draw set with the FaIR arm, dropped 2 of 2000 | pulse 0.01 GtCH4 at 2030 | cm rel 1995-2014 | julia 1.12.6"
2278,lws,0.0,0.0,0.0,0.0,0.0,"scope_slr_pulse_vv.jl | SLR-RFF-BRICK 39cedc0 | Ladrillo L27 (v1.2) | draws parameters_subsample_brick_mengel_L27.csv, 500/chain | paleo assignment :single (seed 20260920) | land-water anchor :zero_at_first_year | lws observed | climate MAGICC-SLR 600 members, vv_pulse_wide_20261009 | forcing spliced | tap true | pair seed 2026 | record conditioning: common draw set with the FaIR arm, dropped 2 of 2000 | pulse 0.01 GtCH4 at 2030 | cm rel 1995-2014 | julia 1.12.6"
2279,lws,0.0,0.0,0.0,0.0,0.0,"scope_slr_pulse_vv.jl | SLR-RFF-BRICK 39cedc0 | Ladrillo L27 (v1.2) | draws parameters_subsample_brick_mengel_L27.csv, 500/chain | paleo assignment :single (seed 20260920) | land-water anchor :zero_at_first_year | lws observed | climate MAGICC-SLR 600 members, vv_pulse_wide_20261009 | forcing spliced | tap true | pair seed 2026 | record conditioning: common draw set with the FaIR arm, dropped 2 of 2000 | pulse 0.01 GtCH4 at 2030 | cm rel 1995-2014 | julia 1.12.6"
2280,lws,0.0,0.0,0.0,0.0,0.0,"scope_slr_pulse_vv.jl | SLR-RFF-BRICK 39cedc0 | Ladrillo L27 (v1.2) | draws parameters_subsample_brick_mengel_L27.csv, 500/chain | paleo assignment :single (seed 20260920) | land-water anchor :zero_at_first_year | lws observed | climate MAGICC-SLR 600 members, vv_pulse_wide_20261009 | forcing spliced | tap true | pair seed 2026 | record conditioning: common draw set with the FaIR arm, dropped 2 of 2000 | pulse 0.01 GtCH4 at 2030 | cm rel 1995-2014 | julia 1.12.6"
2281,lws,0.0,0.0,0.0,0.0,0.0,"scope_slr_pulse_vv.jl | SLR-RFF-BRICK 39cedc0 | Ladrillo L27 (v1.2) | draws parameters_subsample_brick_mengel_L27.csv, 500/chain | paleo assignment :single (seed 20260920) | land-water anchor :zero_at_first_year | lws observed | climate MAGICC-SLR 600 members, vv_pulse_wide_20261009 | forcing spliced | tap true | pair seed 2026 | record conditioning: common draw set with the FaIR arm, dropped 2 of 2000 | pulse 0.01 GtCH4 at 2030 | cm rel 1995-2014 | julia 1.12.6"
2282,lws,0.0,0.0,0.0,0.0,0.0,"scope_slr_pulse_vv.jl | SLR-RFF-BRICK 39cedc0 | Ladrillo L27 (v1.2) | draws parameters_subsample_brick_mengel_L27.csv, 500/chain | paleo assignment :single (seed 20260920) | land-water anchor :zero_at_first_year | lws observed | climate MAGICC-SLR 600 members, vv_pulse_wide_20261009 | forcing spliced | tap true | pair seed 2026 | record conditioning: common draw set with the FaIR arm, dropped 2 of 2000 | pulse 0.01 GtCH4 at 2030 | cm rel 1995-2014 | julia 1.12.6"
2283,lws,0.0,0.0,0.0,0.0,0.0,"scope_slr_pulse_vv.jl | SLR-RFF-BRICK 39cedc0 | Ladrillo L27 (v1.2) | draws parameters_subsample_brick_mengel_L27.csv, 500/chain | paleo assignment :single (seed 20260920) | land-water anchor :zero_at_first_year | lws observed | climate MAGICC-SLR 600 members, vv_pulse_wide_20261009 | forcing spliced | tap true | pair seed 2026 | record conditioning: common draw set with the FaIR arm, dropped 2 of 2000 | pulse 0.01 GtCH4 at 2030 | cm rel 1995-2014 | julia 1.12.6"
2284,lws,0.0,0.0,0.0,0.0,0.0,"scope_slr_pulse_vv.jl | SLR-RFF-BRICK 39cedc0 | Ladrillo L27 (v1.2) | draws parameters_subsample_brick_mengel_L27.csv, 500/chain | paleo assignment :single (seed 20260920) | land-water anchor :zero_at_first_year | lws observed | climate MAGICC-SLR 600 members, vv_pulse_wide_20261009 | forcing spliced | tap true | pair seed 2026 | record conditioning: common draw set with the FaIR arm, dropped 2 of 2000 | pulse 0.01 GtCH4 at 2030 | cm rel 1995-2014 | julia 1.12.6"
2285,lws,0.0,0.0,0.0,0.0,0.0,"scope_slr_pulse_vv.jl | SLR-RFF-BRICK 39cedc0 | Ladrillo L27 (v1.2) | draws parameters_subsample_brick_mengel_L27.csv, 500/chain | paleo assignment :single (seed 20260920) | land-water anchor :zero_at_first_year | lws observed | climate MAGICC-SLR 600 members, vv_pulse_wide_20261009 | forcing spliced | tap true | pair seed 2026 | record conditioning: common draw set with the FaIR arm, dropped 2 of 2000 | pulse 0.01 GtCH4 at 2030 | cm rel 1995-2014 | julia 1.12.6"
2286,lws,0.0,0.0,0.0,0.0,0.0,"scope_slr_pulse_vv.jl | SLR-RFF-BRICK 39cedc0 | Ladrillo L27 (v1.2) | draws parameters_subsample_brick_mengel_L27.csv, 500/chain | paleo assignment :single (seed 20260920) | land-water anchor :zero_at_first_year | lws observed | climate MAGICC-SLR 600 members, vv_pulse_wide_20261009 | forcing spliced | tap true | pair seed 2026 | record conditioning: common draw set with the FaIR arm, dropped 2 of 2000 | pulse 0.01 GtCH4 at 2030 | cm rel 1995-2014 | julia 1.12.6"
2287,lws,0.0,0.0,0.0,0.0,0.0,"scope_slr_pulse_vv.jl | SLR-RFF-BRICK 39cedc0 | Ladrillo L27 (v1.2) | draws parameters_subsample_brick_mengel_L27.csv, 500/chain | paleo assignment :single (seed 20260920) | land-water anchor :zero_at_first_year | lws observed | climate MAGICC-SLR 600 members, vv_pulse_wide_20261009 | forcing spliced | tap true | pair seed 2026 | record conditioning: common draw set with the FaIR arm, dropped 2 of 2000 | pulse 0.01 GtCH4 at 2030 | cm rel 1995-2014 | julia 1.12.6"
2288,lws,0.0,0.0,0.0,0.0,0.0,"scope_slr_pulse_vv.jl | SLR-RFF-BRICK 39cedc0 | Ladrillo L27 (v1.2) | draws parameters_subsample_brick_mengel_L27.csv, 500/chain | paleo assignment :single (seed 20260920) | land-water anchor :zero_at_first_year | lws observed | climate MAGICC-SLR 600 members, vv_pulse_wide_20261009 | forcing spliced | tap true | pair seed 2026 | record conditioning: common draw set with the FaIR arm, dropped 2 of 2000 | pulse 0.01 GtCH4 at 2030 | cm rel 1995-2014 | julia 1.12.6"
2289,lws,0.0,0.0,0.0,0.0,0.0,"scope_slr_pulse_vv.jl | SLR-RFF-BRICK 39cedc0 | Ladrillo L27 (v1.2) | draws parameters_subsample_brick_mengel_L27.csv, 500/chain | paleo assignment :single (seed 20260920) | land-water anchor :zero_at_first_year | lws observed | climate MAGICC-SLR 600 members, vv_pulse_wide_20261009 | forcing spliced | tap true | pair seed 2026 | record conditioning: common draw set with the FaIR arm, dropped 2 of 2000 | pulse 0.01 GtCH4 at 2030 | cm rel 1995-2014 | julia 1.12.6"
2290,lws,0.0,0.0,0.0,0.0,0.0,"scope_slr_pulse_vv.jl | SLR-RFF-BRICK 39cedc0 | Ladrillo L27 (v1.2) | draws parameters_subsample_brick_mengel_L27.csv, 500/chain | paleo assignment :single (seed 20260920) | land-water anchor :zero_at_first_year | lws observed | climate MAGICC-SLR 600 members, vv_pulse_wide_20261009 | forcing spliced | tap true | pair seed 2026 | record conditioning: common draw set with the FaIR arm, dropped 2 of 2000 | pulse 0.01 GtCH4 at 2030 | cm rel 1995-2014 | julia 1.12.6"
2291,lws,0.0,0.0,0.0,0.0,0.0,"scope_slr_pulse_vv.jl | SLR-RFF-BRICK 39cedc0 | Ladrillo L27 (v1.2) | draws parameters_subsample_brick_mengel_L27.csv, 500/chain | paleo assignment :single (seed 20260920) | land-water anchor :zero_at_first_year | lws observed | climate MAGICC-SLR 600 members, vv_pulse_wide_20261009 | forcing spliced | tap true | pair seed 2026 | record conditioning: common draw set with the FaIR arm, dropped 2 of 2000 | pulse 0.01 GtCH4 at 2030 | cm rel 1995-2014 | julia 1.12.6"
2292,lws,0.0,0.0,0.0,0.0,0.0,"scope_slr_pulse_vv.jl | SLR-RFF-BRICK 39cedc0 | Ladrillo L27 (v1.2) | draws parameters_subsample_brick_mengel_L27.csv, 500/chain | paleo assignment :single (seed 20260920) | land-water anchor :zero_at_first_year | lws observed | climate MAGICC-SLR 600 members, vv_pulse_wide_20261009 | forcing spliced | tap true | pair seed 2026 | record conditioning: common draw set with the FaIR arm, dropped 2 of 2000 | pulse 0.01 GtCH4 at 2030 | cm rel 1995-2014 | julia 1.12.6"
2293,lws,0.0,0.0,0.0,0.0,0.0,"scope_slr_pulse_vv.jl | SLR-RFF-BRICK 39cedc0 | Ladrillo L27 (v1.2) | draws parameters_subsample_brick_mengel_L27.csv, 500/chain | paleo assignment :single (seed 20260920) | land-water anchor :zero_at_first_year | lws observed | climate MAGICC-SLR 600 members, vv_pulse_wide_20261009 | forcing spliced | tap true | pair seed 2026 | record conditioning: common draw set with the FaIR arm, dropped 2 of 2000 | pulse 0.01 GtCH4 at 2030 | cm rel 1995-2014 | julia 1.12.6"
2294,lws,0.0,0.0,0.0,0.0,0.0,"scope_slr_pulse_vv.jl | SLR-RFF-BRICK 39cedc0 | Ladrillo L27 (v1.2) | draws parameters_subsample_brick_mengel_L27.csv, 500/chain | paleo assignment :single (seed 20260920) | land-water anchor :zero_at_first_year | lws observed | climate MAGICC-SLR 600 members, vv_pulse_wide_20261009 | forcing spliced | tap true | pair seed 2026 | record conditioning: common draw set with the FaIR arm, dropped 2 of 2000 | pulse 0.01 GtCH4 at 2030 | cm rel 1995-2014 | julia 1.12.6"
2295,lws,0.0,0.0,0.0,0.0,0.0,"scope_slr_pulse_vv.jl | SLR-RFF-BRICK 39cedc0 | Ladrillo L27 (v1.2) | draws parameters_subsample_brick_mengel_L27.csv, 500/chain | paleo assignment :single (seed 20260920) | land-water anchor :zero_at_first_year | lws observed | climate MAGICC-SLR 600 members, vv_pulse_wide_20261009 | forcing spliced | tap true | pair seed 2026 | record conditioning: common draw set with the FaIR arm, dropped 2 of 2000 | pulse 0.01 GtCH4 at 2030 | cm rel 1995-2014 | julia 1.12.6"
2296,lws,0.0,0.0,0.0,0.0,0.0,"scope_slr_pulse_vv.jl | SLR-RFF-BRICK 39cedc0 | Ladrillo L27 (v1.2) | draws parameters_subsample_brick_mengel_L27.csv, 500/chain | paleo assignment :single (seed 20260920) | land-water anchor :zero_at_first_year | lws observed | climate MAGICC-SLR 600 members, vv_pulse_wide_20261009 | forcing spliced | tap true | pair seed 2026 | record conditioning: common draw set with the FaIR arm, dropped 2 of 2000 | pulse 0.01 GtCH4 at 2030 | cm rel 1995-2014 | julia 1.12.6"
2297,lws,0.0,0.0,0.0,0.0,0.0,"scope_slr_pulse_vv.jl | SLR-RFF-BRICK 39cedc0 | Ladrillo L27 (v1.2) | draws parameters_subsample_brick_mengel_L27.csv, 500/chain | paleo assignment :single (seed 20260920) | land-water anchor :zero_at_first_year | lws observed | climate MAGICC-SLR 600 members, vv_pulse_wide_20261009 | forcing spliced | tap true | pair seed 2026 | record conditioning: common draw set with the FaIR arm, dropped 2 of 2000 | pulse 0.01 GtCH4 at 2030 | cm rel 1995-2014 | julia 1.12.6"
2298,lws,0.0,0.0,0.0,0.0,0.0,"scope_slr_pulse_vv.jl | SLR-RFF-BRICK 39cedc0 | Ladrillo L27 (v1.2) | draws parameters_subsample_brick_mengel_L27.csv, 500/chain | paleo assignment :single (seed 20260920) | land-water anchor :zero_at_first_year | lws observed | climate MAGICC-SLR 600 members, vv_pulse_wide_20261009 | forcing spliced | tap true | pair seed 2026 | record conditioning: common draw set with the FaIR arm, dropped 2 of 2000 | pulse 0.01 GtCH4 at 2030 | cm rel 1995-2014 | julia 1.12.6"
2299,lws,0.0,0.0,0.0,0.0,0.0,"scope_slr_pulse_vv.jl | SLR-RFF-BRICK 39cedc0 | Ladrillo L27 (v1.2) | draws parameters_subsample_brick_mengel_L27.csv, 500/chain | paleo assignment :single (seed 20260920) | land-water anchor :zero_at_first_year | lws observed | climate MAGICC-SLR 600 members, vv_pulse_wide_20261009 | forcing spliced | tap true | pair seed 2026 | record conditioning: common draw set with the FaIR arm, dropped 2 of 2000 | pulse 0.01 GtCH4 at 2030 | cm rel 1995-2014 | julia 1.12.6"
2300,lws,0.0,0.0,0.0,0.0,0.0,"scope_slr_pulse_vv.jl | SLR-RFF-BRICK 39cedc0 | Ladrillo L27 (v1.2) | draws parameters_subsample_brick_mengel_L27.csv, 500/chain | paleo assignment :single (seed 20260920) | land-water anchor :zero_at_first_year | lws observed | climate MAGICC-SLR 600 members, vv_pulse_wide_20261009 | forcing spliced | tap true | pair seed 2026 | record conditioning: common draw set with the FaIR arm, dropped 2 of 2000 | pulse 0.01 GtCH4 at 2030 | cm rel 1995-2014 | julia 1.12.6"
2025,total,0.0,0.0,0.0,0.0,0.0,"scope_slr_pulse_vv.jl | SLR-RFF-BRICK 39cedc0 | Ladrillo L27 (v1.2) | draws parameters_subsample_brick_mengel_L27.csv, 500/chain | paleo assignment :single (seed 20260920) | land-water anchor :zero_at_first_year | lws observed | climate MAGICC-SLR 600 members, vv_pulse_wide_20261009 | forcing spliced | tap true | pair seed 2026 | record conditioning: common draw set with the FaIR arm, dropped 2 of 2000 | pulse 0.01 GtCH4 at 2030 | cm rel 1995-2014 | julia 1.12.6"
2026,total,-6.599631454662358e-7,-8.422991683146989e-7,1.382835276224905e-8,-2.0467585001071597e-6,-1.9491323666187565e-7,"scope_slr_pulse_vv.jl | SLR-RFF-BRICK 39cedc0 | Ladrillo L27 (v1.2) | draws parameters_subsample_brick_mengel_L27.csv, 500/chain | paleo assignment :single (seed 20260920) | land-water anchor :zero_at_first_year | lws observed | climate MAGICC-SLR 600 members, vv_pulse_wide_20261009 | forcing spliced | tap true | pair seed 2026 | record conditioning: common draw set with the FaIR arm, dropped 2 of 2000 | pulse 0.01 GtCH4 at 2030 | cm rel 1995-2014 | julia 1.12.6"
2027,total,-1.6024659004187924e-6,-1.942482927471086e-6,3.038431314313913e-8,-4.526398569382195e-6,-4.323204407796767e-7,"scope_slr_pulse_vv.jl | SLR-RFF-BRICK 39cedc0 | Ladrillo L27 (v1.2) | draws parameters_subsample_brick_mengel_L27.csv, 500/chain | paleo assignment :single (seed 20260920) | land-water anchor :zero_at_first_year | lws observed | climate MAGICC-SLR 600 members, vv_pulse_wide_20261009 | forcing spliced | tap true | pair seed 2026 | record conditioning: common draw set with the FaIR arm, dropped 2 of 2000 | pulse 0.01 GtCH4 at 2030 | cm rel 1995-2014 | julia 1.12.6"
2028,total,-2.8579202879797094e-6,-3.303945252494775e-6,4.9073335306906e-8,-7.346012532138957e-6,-7.197061352215428e-7,"scope_slr_pulse_vv.jl | SLR-RFF-BRICK 39cedc0 | Ladrillo L27 (v1.2) | draws parameters_subsample_brick_mengel_L27.csv, 500/chain | paleo assignment :single (seed 20260920) | land-water anchor :zero_at_first_year | lws observed | climate MAGICC-SLR 600 members, vv_pulse_wide_20261009 | forcing spliced | tap true | pair seed 2026 | record conditioning: common draw set with the FaIR arm, dropped 2 of 2000 | pulse 0.01 GtCH4 at 2030 | cm rel 1995-2014 | julia 1.12.6"
2029,total,-4.393280338632621e-6,-4.925297138629819e-6,6.949757471683248e-8,-1.0702702581433243e-5,-1.0662054691579216e-6,"scope_slr_pulse_vv.jl | SLR-RFF-BRICK 39cedc0 | Ladrillo L27 (v1.2) | draws parameters_subsample_brick_mengel_L27.csv, 500/chain | paleo assignment :single (seed 20260920) | land-water anchor :zero_at_first_year | lws observed | climate MAGICC-SLR 600 members, vv_pulse_wide_20261009 | forcing spliced | tap true | pair seed 2026 | record conditioning: common draw set with the FaIR arm, dropped 2 of 2000 | pulse 0.01 GtCH4 at 2030 | cm rel 1995-2014 | julia 1.12.6"
2030,total,-6.227570885641853e-6,-6.7969323625972535e-6,9.123643903660711e-8,-1.3990297901145255e-5,-1.466413734441119e-6,"scope_slr_pulse_vv.jl | SLR-RFF-BRICK 39cedc0 | Ladrillo L27 (v1.2) | draws parameters_subsample_brick_mengel_L27.csv, 500/chain | paleo assignment :single (seed 20260920) | land-water anchor :zero_at_first_year | lws observed | climate MAGICC-SLR 600 members, vv_pulse_wide_20261009 | forcing spliced | tap true | pair seed 2026 | record conditioning: common draw set with the FaIR arm, dropped 2 of 2000 | pulse 0.01 GtCH4 at 2030 | cm rel 1995-2014 | julia 1.12.6"
2031,total,0.00014403426630238414,0.00014545130503182554,5.055039893538575e-7,0.0001099182037400226,0.0001849667523911691,"scope_slr_pulse_vv.jl | SLR-RFF-BRICK 39cedc0 | Ladrillo L27 (v1.2) | draws parameters_subsample_brick_mengel_L27.csv, 500/chain | paleo assignment :single (seed 20260920) | land-water anchor :zero_at_first_year | lws observed | climate MAGICC-SLR 600 members, vv_pulse_wide_20261009 | forcing spliced | tap true | pair seed 2026 | record conditioning: common draw set with the FaIR arm, dropped 2 of 2000 | pulse 0.01 GtCH4 at 2030 | cm rel 1995-2014 | julia 1.12.6"
2032,total,0.0004145475922623376,0.00041828893322334035,1.416031122190307e-6,0.00031923150772339426,0.0005298297631570746,"scope_slr_pulse_vv.jl | SLR-RFF-BRICK 39cedc0 | Ladrillo L27 (v1.2) | draws parameters_subsample_brick_mengel_L27.csv, 500/chain | paleo assignment :single (seed 20260920) | land-water anchor :zero_at_first_year | lws observed | climate MAGICC-SLR 600 members, vv_pulse_wide_20261009 | forcing spliced | tap true | pair seed 2026 | record conditioning: common draw set with the FaIR arm, dropped 2 of 2000 | pulse 0.01 GtCH4 at 2030 | cm rel 1995-2014 | julia 1.12.6"
2033,total,0.0006676014996465085,0.0006725156518791103,2.314072332560498e-6,0.0005132544316778009,0.0008536186424977996,"scope_slr_pulse_vv.jl | SLR-RFF-BRICK 39cedc0 | Ladrillo L27 (v1.2) | draws parameters_subsample_brick_mengel_L27.csv, 500/chain | paleo assignment :single (seed 20260920) | land-water anchor :zero_at_first_year | lws observed | climate MAGICC-SLR 600 members, vv_pulse_wide_20261009 | forcing spliced | tap true | pair seed 2026 | record conditioning: common draw set with the FaIR arm, dropped 2 of 2000 | pulse 0.01 GtCH4 at 2030 | cm rel 1995-2014 | julia 1.12.6"
2034,total,0.0009006802756683641,0.00090704115634285,3.1962821182020643e-6,0.000688579094034658,0.0011571859751656531,"scope_slr_pulse_vv.jl | SLR-RFF-BRICK 39cedc0 | Ladrillo L27 (v1.2) | draws parameters_subsample_brick_mengel_L27.csv, 500/chain | paleo assignment :single (seed 20260920) | land-water anchor :zero_at_first_year | lws observed | climate MAGICC-SLR 600 members, vv_pulse_wide_20261009 | forcing spliced | tap true | pair seed 2026 | record conditioning: common draw set with the FaIR arm, dropped 2 of 2000 | pulse 0.01 GtCH4 at 2030 | cm rel 1995-2014 | julia 1.12.6"
2035,total,0.0011163558973592558,0.001122060021419792,4.058545088684087e-6,0.0008460112356429405,0.001434685849429229,"scope_slr_pulse_vv.jl | SLR-RFF-BRICK 39cedc0 | Ladrillo L27 (v1.2) | draws parameters_subsample_brick_mengel_L27.csv, 500/chain | paleo assignment :single (seed 20260920) | land-water anchor :zero_at_first_year | lws observed | climate MAGICC-SLR 600 members, vv_pulse_wide_20261009 | forcing spliced | tap true | pair seed 2026 | record conditioning: common draw set with the FaIR arm, dropped 2 of 2000 | pulse 0.01 GtCH4 at 2030 | cm rel 1995-2014 | julia 1.12.6"
2036,total,0.0013104562930017494,0.0015660868774436375,0.0002445245065973784,0.0009869259055198753,0.0017069468129934152,"scope_slr_pulse_vv.jl | SLR-RFF-BRICK 39cedc0 | Ladrillo L27 (v1.2) | draws parameters_subsample_brick_mengel_L27.csv, 500/chain | paleo assignment :single (seed 20260920) | land-water anchor :zero_at_first_year | lws observed | climate MAGICC-SLR 600 members, vv_pulse_wide_20261009 | forcing spliced | tap true | pair seed 2026 | record conditioning: common draw set with the FaIR arm, dropped 2 of 2000 | pulse 0.01 GtCH4 at 2030 | cm rel 1995-2014 | julia 1.12.6"
2037,total,0.001488352373533175,0.0017488044292706382,0.0002460570143055164,0.0011152762254919679,0.0019541695482642395,"scope_slr_pulse_vv.jl | SLR-RFF-BRICK 39cedc0 | Ladrillo L27 (v1.2) | draws parameters_subsample_brick_mengel_L27.csv, 500/chain | paleo assignment :single (seed 20260920) | land-water anchor :zero_at_first_year | lws observed | climate MAGICC-SLR 600 members, vv_pulse_wide_20261009 | forcing spliced | tap true | pair seed 2026 | record conditioning: common draw set with the FaIR arm, dropped 2 of 2000 | pulse 0.01 GtCH4 at 2030 | cm rel 1995-2014 | julia 1.12.6"
2038,total,0.0016533386637753722,0.001924577690161659,0.0002461626529634805,0.0012290418601688558,0.0021819249901097845,"scope_slr_pulse_vv.jl | SLR-RFF-BRICK 39cedc0 | Ladrillo L27 (v1.2) | draws parameters_subsample_brick_mengel_L27.csv, 500/chain | paleo assignment :single (seed 20260920) | land-water anchor :zero_at_first_year | lws observed | climate MAGICC-SLR 600 members, vv_pulse_wide_20261009 | forcing spliced | tap true | pair seed 2026 | record conditioning: common draw set with the FaIR arm, dropped 2 of 2000 | pulse 0.01 GtCH4 at 2030 | cm rel 1995-2014 | julia 1.12.6"
2039,total,0.001802774980509625,0.0020782759465039504,0.0002461022362439924,0.001335182091323084,0.0023936972086538327,"scope_slr_pulse_vv.jl | SLR-RFF-BRICK 39cedc0 | Ladrillo L27 (v1.2) | draws parameters_subsample_brick_mengel_L27.csv, 500/chain | paleo assignment :single (seed 20260920) | land-water anchor :zero_at_first_year | lws observed | climate MAGICC-SLR 600 members, vv_pulse_wide_20261009 | forcing spliced | tap true | pair seed 2026 | record conditioning: common draw set with the FaIR arm, dropped 2 of 2000 | pulse 0.01 GtCH4 at 2030 | cm rel 1995-2014 | julia 1.12.6"
2040,total,0.001941411340313337,0.002219536984129808,0.00024603982708725224,0.0014268049424433827,0.002600863503163353,"scope_slr_pulse_vv.jl | SLR-RFF-BRICK 39cedc0 | Ladrillo L27 (v1.2) | draws parameters_subsample_brick_mengel_L27.csv, 500/chain | paleo assignment :single (seed 20260920) | land-water anchor :zero_at_first_year | lws observed | climate MAGICC-SLR 600 members, vv_pulse_wide_20261009 | forcing spliced | tap true | pair seed 2026 | record conditioning: common draw set with the FaIR arm, dropped 2 of 2000 | pulse 0.01 GtCH4 at 2030 | cm rel 1995-2014 | julia 1.12.6"
2041,total,0.002070543981597339,0.0023492258747443333,0.00024597754976571275,0.0015114313990411076,0.0027913894964878942,"scope_slr_pulse_vv.jl | SLR-RFF-BRICK 39cedc0 | Ladrillo L27 (v1.2) | draws parameters_subsample_brick_mengel_L27.csv, 500/chain | paleo assignment :single (seed 20260920) | land-water anchor :zero_at_first_year | lws observed | climate MAGICC-SLR 600 members, vv_pulse_wide_20261009 | forcing spliced | tap true | pair seed 2026 | record conditioning: common draw set with the FaIR arm, dropped 2 of 2000 | pulse 0.01 GtCH4 at 2030 | cm rel 1995-2014 | julia 1.12.6"
2042,total,0.0021837454442348303,0.0024680928813873983,0.0002459152380768405,0.0015918393951539044,0.002964812685719309,"scope_slr_pulse_vv.jl | SLR-RFF-BRICK 39cedc0 | Ladrillo L27 (v1.2) | draws parameters_subsample_brick_mengel_L27.csv, 500/chain | paleo assignment :single (seed 20260920) | land-water anchor :zero_at_first_year | lws observed | climate MAGICC-SLR 600 members, vv_pulse_wide_20261009 | forcing spliced | tap true | pair seed 2026 | record conditioning: common draw set with the FaIR arm, dropped 2 of 2000 | pulse 0.01 GtCH4 at 2030 | cm rel 1995-2014 | julia 1.12.6"
2043,total,0.002287856483487616,0.002576974982925536,0.00024585270116184524,0.0016580452031758953,0.0031263271115919973,"scope_slr_pulse_vv.jl | SLR-RFF-BRICK 39cedc0 | Ladrillo L27 (v1.2) | draws parameters_subsample_brick_mengel_L27.csv, 500/chain | paleo assignment :single (seed 20260920) | land-water anchor :zero_at_first_year | lws observed | climate MAGICC-SLR 600 members, vv_pulse_wide_20261009 | forcing spliced | tap true | pair seed 2026 | record conditioning: common draw set with the FaIR arm, dropped 2 of 2000 | pulse 0.01 GtCH4 at 2030 | cm rel 1995-2014 | julia 1.12.6"
2044,total,0.002383980084260884,0.002676697731928726,0.00024578975063020616,0.001720972450079472,0.003274583067867453,"scope_slr_pulse_vv.jl | SLR-RFF-BRICK 39cedc0 | Ladrillo L27 (v1.2) | draws parameters_subsample_brick_mengel_L27.csv, 500/chain | paleo assignment :single (seed 20260920) | land-water anchor :zero_at_first_year | lws observed | climate MAGICC-SLR 600 members, vv_pulse_wide_20261009 | forcing spliced | tap true | pair seed 2026 | record conditioning: common draw set with the FaIR arm, dropped 2 of 2000 | pulse 0.01 GtCH4 at 2030 | cm rel 1995-2014 | julia 1.12.6"
2045,total,0.0024716021198845084,0.002768023528031393,0.00024572626846501474,0.0017835456078632462,0.0034140847448199453,"scope_slr_pulse_vv.jl | SLR-RFF-BRICK 39cedc0 | Ladrillo L27 (v1.2) | draws parameters_subsample_brick_mengel_L27.csv, 500/chain | paleo assignment :single (seed 20260920) | land-water anchor :zero_at_first_year | lws observed | climate MAGICC-SLR 600 members, vv_pulse_wide_20261009 | forcing spliced | tap true | pair seed 2026 | record conditioning: common draw set with the FaIR arm, dropped 2 of 2000 | pulse 0.01 GtCH4 at 2030 | cm rel 1995-2014 | julia 1.12.6"
2046,total,0.00255027802942287,0.0028516362043315563,0.00024566209729968253,0.0018364498806947792,0.003542477501000362,"scope_slr_pulse_vv.jl | SLR-RFF-BRICK 39cedc0 | Ladrillo L27 (v1.2) | draws parameters_subsample_brick_mengel_L27.csv, 500/chain | paleo assignment :single (seed 20260920) | land-water anchor :zero_at_first_year | lws observed | climate MAGICC-SLR 600 members, vv_pulse_wide_20261009 | forcing spliced | tap true | pair seed 2026 | record conditioning: common draw set with the FaIR arm, dropped 2 of 2000 | pulse 0.01 GtCH4 at 2030 | cm rel 1995-2014 | julia 1.12.6"
2047,total,0.002624302283861013,0.003153419863946552,0.0003331244482012386,0.001883733850216096,0.0036676273100201932,"scope_slr_pulse_vv.jl | SLR-RFF-BRICK 39cedc0 | Ladrillo L27 (v1.2) | draws parameters_subsample_brick_mengel_L27.csv, 500/chain | paleo assignment :single (seed 20260920) | land-water anchor :zero_at_first_year | lws observed | climate MAGICC-SLR 600 members, vv_pulse_wide_20261009 | forcing spliced | tap true | pair seed 2026 | record conditioning: common draw set with the FaIR arm, dropped 2 of 2000 | pulse 0.01 GtCH4 at 2030 | cm rel 1995-2014 | julia 1.12.6"
2048,total,0.0026918689356314474,0.0032246553596848517,0.00033386244752289947,0.0019286937318394592,0.0037845461399186315,"scope_slr_pulse_vv.jl | SLR-RFF-BRICK 39cedc0 | Ladrillo L27 (v1.2) | draws parameters_subsample_brick_mengel_L27.csv, 500/chain | paleo assignment :single (seed 20260920) | land-water anchor :zero_at_first_year | lws observed | climate MAGICC-SLR 600 members, vv_pulse_wide_20261009 | forcing spliced | tap true | pair seed 2026 | record conditioning: common draw set with the FaIR arm, dropped 2 of 2000 | pulse 0.01 GtCH4 at 2030 | cm rel 1995-2014 | julia 1.12.6"
2049,total,0.0027545253640148815,0.0032885923220767467,0.00033377056706386174,0.0019684542128162617,0.003880885737166472,"scope_slr_pulse_vv.jl | SLR-RFF-BRICK 39cedc0 | Ladrillo L27 (v1.2) | draws parameters_subsample_brick_mengel_L27.csv, 500/chain | paleo assignment :single (seed 20260920) | land-water anchor :zero_at_first_year | lws observed | climate MAGICC-SLR 600 members, vv_pulse_wide_20261009 | forcing spliced | tap true | pair seed 2026 | record conditioning: common draw set with the FaIR arm, dropped 2 of 2000 | pulse 0.01 GtCH4 at 2030 | cm rel 1995-2014 | julia 1.12.6"
2050,total,0.002808334746198682,0.0035525053269225707,0.00039177575065784255,0.001999039389533763,0.003978810881947403,"scope_slr_pulse_vv.jl | SLR-RFF-BRICK 39cedc0 | Ladrillo L27 (v1.2) | draws parameters_subsample_brick_mengel_L27.csv, 500/chain | paleo assignment :single (seed 20260920) | land-water anchor :zero_at_first_year | lws observed | climate MAGICC-SLR 600 members, vv_pulse_wide_20261009 | forcing spliced | tap true | pair seed 2026 | record conditioning: common draw set with the FaIR arm, dropped 2 of 2000 | pulse 0.01 GtCH4 at 2030 | cm rel 1995-2014 | julia 1.12.6"
2051,total,0.002860951889012142,0.0037791273105698756,0.00042862730459778043,0.0020329214113999684,0.00406169884734524,"scope_slr_pulse_vv.jl | SLR-RFF-BRICK 39cedc0 | Ladrillo L27 (v1.2) | draws parameters_subsample_brick_mengel_L27.csv, 500/chain | paleo assignment :single (seed 20260920) | land-water anchor :zero_at_first_year | lws observed | climate MAGICC-SLR 600 members, vv_pulse_wide_20261009 | forcing spliced | tap true | pair seed 2026 | record conditioning: common draw set with the FaIR arm, dropped 2 of 2000 | pulse 0.01 GtCH4 at 2030 | cm rel 1995-2014 | julia 1.12.6"
2052,total,0.0029066334054022036,0.0038281697837445703,0.0004290571626959933,0.002059654152777668,0.004134559863717156,"scope_slr_pulse_vv.jl | SLR-RFF-BRICK 39cedc0 | Ladrillo L27 (v1.2) | draws parameters_subsample_brick_mengel_L27.csv, 500/chain | paleo assignment :single (seed 20260920) | land-water anchor :zero_at_first_year | lws observed | climate MAGICC-SLR 600 members, vv_pulse_wide_20261009 | forcing spliced | tap true | pair seed 2026 | record conditioning: common draw set with the FaIR arm, dropped 2 of 2000 | pulse 0.01 GtCH4 at 2030 | cm rel 1995-2014 | julia 1.12.6"
2053,total,0.002949930863749728,0.0038711290072326677,0.00042890955080432977,0.002088926948403902,0.004211236997029743,"scope_slr_pulse_vv.jl | SLR-RFF-BRICK 39cedc0 | Ladrillo L27 (v1.2) | draws parameters_subsample_brick_mengel_L27.csv, 500/chain | paleo assignment :single (seed 20260920) | land-water anchor :zero_at_first_year | lws observed | climate MAGICC-SLR 600 members, vv_pulse_wide_20261009 | forcing spliced | tap true | pair seed 2026 | record conditioning: common draw set with the FaIR arm, dropped 2 of 2000 | pulse 0.01 GtCH4 at 2030 | cm rel 1995-2014 | julia 1.12.6"
2054,total,0.002988152577561465,0.003909754831829467,0.00042875616103946743,0.002112607534565392,0.004278118148576837,"scope_slr_pulse_vv.jl | SLR-RFF-BRICK 39cedc0 | Ladrillo L27 (v1.2) | draws parameters_subsample_brick_mengel_L27.csv, 500/chain | paleo assignment :single (seed 20260920) | land-water anchor :zero_at_first_year | lws observed | climate MAGICC-SLR 600 members, vv_pulse_wide_20261009 | forcing spliced | tap true | pair seed 2026 | record conditioning: common draw set with the FaIR arm, dropped 2 of 2000 | pulse 0.01 GtCH4 at 2030 | cm rel 1995-2014 | julia 1.12.6"
2055,total,0.0030220562631786407,0.003944318274349125,0.0004286016556724155,0.002131574125349189,0.004331079254891532,"scope_slr_pulse_vv.jl | SLR-RFF-BRICK 39cedc0 | Ladrillo L27 (v1.2) | draws parameters_subsample_brick_mengel_L27.csv, 500/chain | paleo assignment :single (seed 20260920) | land-water anchor :zero_at_first_year | lws observed | climate MAGICC-SLR 600 members, vv_pulse_wide_20261009 | forcing spliced | tap true | pair seed 2026 | record conditioning: common draw set with the FaIR arm, dropped 2 of 2000 | pulse 0.01 GtCH4 at 2030 | cm rel 1995-2014 | julia 1.12.6"
2056,total,0.0030525642637488914,0.004297035664589961,0.0005356454231044906,0.00214682171768672,0.004383866790797695,"scope_slr_pulse_vv.jl | SLR-RFF-BRICK 39cedc0 | Ladrillo L27 (v1.2) | draws parameters_subsample_brick_mengel_L27.csv, 500/chain | paleo assignment :single (seed 20260920) | land-water anchor :zero_at_first_year | lws observed | climate MAGICC-SLR 600 members, vv_pulse_wide_20261009 | forcing spliced | tap true | pair seed 2026 | record conditioning: common draw set with the FaIR arm, dropped 2 of 2000 | pulse 0.01 GtCH4 at 2030 | cm rel 1995-2014 | julia 1.12.6"
2057,total,0.003079482117392729,0.004801804579524421,0.0007168281899353446,0.0021633861478999707,0.004444831420324745,"scope_slr_pulse_vv.jl | SLR-RFF-BRICK 39cedc0 | Ladrillo L27 (v1.2) | draws parameters_subsample_brick_mengel_L27.csv, 500/chain | paleo assignment :single (seed 20260920) | land-water anchor :zero_at_first_year | lws observed | climate MAGICC-SLR 600 members, vv_pulse_wide_20261009 | forcing spliced | tap true | pair seed 2026 | record conditioning: common draw set with the FaIR arm, dropped 2 of 2000 | pulse 0.01 GtCH4 at 2030 | cm rel 1995-2014 | julia 1.12.6"
2058,total,0.003103023452096565,0.005130246279428543,0.0007790258747248419,0.0021772551218994353,0.004486060738133446,"scope_slr_pulse_vv.jl | SLR-RFF-BRICK 39cedc0 | Ladrillo L27 (v1.2) | draws parameters_subsample_brick_mengel_L27.csv, 500/chain | paleo assignment :single (seed 20260920) | land-water anchor :zero_at_first_year | lws observed | climate MAGICC-SLR 600 members, vv_pulse_wide_20261009 | forcing spliced | tap true | pair seed 2026 | record conditioning: common draw set with the FaIR arm, dropped 2 of 2000 | pulse 0.01 GtCH4 at 2030 | cm rel 1995-2014 | julia 1.12.6"
2059,total,0.0031221742580278544,0.005153016400831561,0.0007794699178006405,0.0021844916838892558,0.004521078349788254,"scope_slr_pulse_vv.jl | SLR-RFF-BRICK 39cedc0 | Ladrillo L27 (v1.2) | draws parameters_subsample_brick_mengel_L27.csv, 500/chain | paleo assignment :single (seed 20260920) | land-water anchor :zero_at_first_year | lws observed | climate MAGICC-SLR 600 members, vv_pulse_wide_20261009 | forcing spliced | tap true | pair seed 2026 | record conditioning: common draw set with the FaIR arm, dropped 2 of 2000 | pulse 0.01 GtCH4 at 2030 | cm rel 1995-2014 | julia 1.12.6"
2060,total,0.003138512474595956,0.00517111765193725,0.0007791829262352627,0.0021885252163084345,0.004547206424165038,"scope_slr_pulse_vv.jl | SLR-RFF-BRICK 39cedc0 | Ladrillo L27 (v1.2) | draws parameters_subsample_brick_mengel_L27.csv, 500/chain | paleo assignment :single (seed 20260920) | land-water anchor :zero_at_first_year | lws observed | climate MAGICC-SLR 600 members, vv_pulse_wide_20261009 | forcing spliced | tap true | pair seed 2026 | record conditioning: common draw set with the FaIR arm, dropped 2 of 2000 | pulse 0.01 GtCH4 at 2030 | cm rel 1995-2014 | julia 1.12.6"
2061,total,0.003152056287998306,0.005519709759011866,0.0008468556199276258,0.0021943684991164504,0.004585868375709267,"scope_slr_pulse_vv.jl | SLR-RFF-BRICK 39cedc0 | Ladrillo L27 (v1.2) | draws parameters_subsample_brick_mengel_L27.csv, 500/chain | paleo assignment :single (seed 20260920) | land-water anchor :zero_at_first_year | lws observed | climate MAGICC-SLR 600 members, vv_pulse_wide_20261009 | forcing spliced | tap true | pair seed 2026 | record conditioning: common draw set with the FaIR arm, dropped 2 of 2000 | pulse 0.01 GtCH4 at 2030 | cm rel 1995-2014 | julia 1.12.6"
2062,total,0.0031618090021794387,0.0055350806222607095,0.0008474992271730067,0.002199354927445896,0.004612312187978773,"scope_slr_pulse_vv.jl | SLR-RFF-BRICK 39cedc0 | Ladrillo L27 (v1.2) | draws parameters_subsample_brick_mengel_L27.csv, 500/chain | paleo assignment :single (seed 20260920) | land-water anchor :zero_at_first_year | lws observed | climate MAGICC-SLR 600 members, vv_pulse_wide_20261009 | forcing spliced | tap true | pair seed 2026 | record conditioning: common draw set with the FaIR arm, dropped 2 of 2000 | pulse 0.01 GtCH4 at 2030 | cm rel 1995-2014 | julia 1.12.6"
2063,total,0.0031724942744695284,0.005551365438915995,0.0008471896269792914,0.0022024519254154385,0.0046398412449633495,"scope_slr_pulse_vv.jl | SLR-RFF-BRICK 39cedc0 | Ladrillo L27 (v1.2) | draws parameters_subsample_brick_mengel_L27.csv, 500/chain | paleo assignment :single (seed 20260920) | land-water anchor :zero_at_first_year | lws observed | climate MAGICC-SLR 600 members, vv_pulse_wide_20261009 | forcing spliced | tap true | pair seed 2026 | record conditioning: common draw set with the FaIR arm, dropped 2 of 2000 | pulse 0.01 GtCH4 at 2030 | cm rel 1995-2014 | julia 1.12.6"
2064,total,0.0031830464570532513,0.005560052797083515,0.0008468607415195925,0.0022055945948487475,0.004657647223996619,"scope_slr_pulse_vv.jl | SLR-RFF-BRICK 39cedc0 | Ladrillo L27 (v1.2) | draws parameters_subsample_brick_mengel_L27.csv, 500/chain | paleo assignment :single (seed 20260920) | land-water anchor :zero_at_first_year | lws observed | climate MAGICC-SLR 600 members, vv_pulse_wide_20261009 | forcing spliced | tap true | pair seed 2026 | record conditioning: common draw set with the FaIR arm, dropped 2 of 2000 | pulse 0.01 GtCH4 at 2030 | cm rel 1995-2014 | julia 1.12.6"
2065,total,0.0031872387347249287,0.005566795506637941,0.0008465302673252986,0.002209963944702764,0.004680490712407347,"scope_slr_pulse_vv.jl | SLR-RFF-BRICK 39cedc0 | Ladrillo L27 (v1.2) | draws parameters_subsample_brick_mengel_L27.csv, 500/chain | paleo assignment :single (seed 20260920) | land-water anchor :zero_at_first_year | lws observed | climate MAGICC-SLR 600 members, vv_pulse_wide_20261009 | forcing spliced | tap true | pair seed 2026 | record conditioning: common draw set with the FaIR arm, dropped 2 of 2000 | pulse 0.01 GtCH4 at 2030 | cm rel 1995-2014 | julia 1.12.6"
2066,total,0.003189023061658247,0.005571815740168919,0.0008461984135764402,0.0022091506904875044,0.00469829692810535,"scope_slr_pulse_vv.jl | SLR-RFF-BRICK 39cedc0 | Ladrillo L27 (v1.2) | draws parameters_subsample_brick_mengel_L27.csv, 500/chain | paleo assignment :single (seed 20260920) | land-water anchor :zero_at_first_year | lws observed | climate MAGICC-SLR 600 members, vv_pulse_wide_20261009 | forcing spliced | tap true | pair seed 2026 | record conditioning: common draw set with the FaIR arm, dropped 2 of 2000 | pulse 0.01 GtCH4 at 2030 | cm rel 1995-2014 | julia 1.12.6"
2067,total,0.0031886948741757237,0.005575232503009255,0.0008458650684474482,0.0022112608522220968,0.004712206192251853,"scope_slr_pulse_vv.jl | SLR-RFF-BRICK 39cedc0 | Ladrillo L27 (v1.2) | draws parameters_subsample_brick_mengel_L27.csv, 500/chain | paleo assignment :single (seed 20260920) | land-water anchor :zero_at_first_year | lws observed | climate MAGICC-SLR 600 members, vv_pulse_wide_20261009 | forcing spliced | tap true | pair seed 2026 | record conditioning: common draw set with the FaIR arm, dropped 2 of 2000 | pulse 0.01 GtCH4 at 2030 | cm rel 1995-2014 | julia 1.12.6"
2068,total,0.00318897271673535,0.005577152173651591,0.0008455301252652364,0.0022101544774500324,0.004724849039899581,"scope_slr_pulse_vv.jl | SLR-RFF-BRICK 39cedc0 | Ladrillo L27 (v1.2) | draws parameters_subsample_brick_mengel_L27.csv, 500/chain | paleo assignment :single (seed 20260920) | land-water anchor :zero_at_first_year | lws observed | climate MAGICC-SLR 600 members, vv_pulse_wide_20261009 | forcing spliced | tap true | pair seed 2026 | record conditioning: common draw set with the FaIR arm, dropped 2 of 2000 | pulse 0.01 GtCH4 at 2030 | cm rel 1995-2014 | julia 1.12.6"
2069,total,0.003189479649364557,0.005577675822858311,0.0008451940063167727,0.0022088554322092337,0.0047300262067619045,"scope_slr_pulse_vv.jl | SLR-RFF-BRICK 39cedc0 | Ladrillo L27 (v1.2) | draws parameters_subsample_brick_mengel_L27.csv, 500/chain | paleo assignment :single (seed 20260920) | land-water anchor :zero_at_first_year | lws observed | climate MAGICC-SLR 600 members, vv_pulse_wide_20261009 | forcing spliced | tap true | pair seed 2026 | record conditioning: common draw set with the FaIR arm, dropped 2 of 2000 | pulse 0.01 GtCH4 at 2030 | cm rel 1995-2014 | julia 1.12.6"
2070,total,0.003186187334815571,0.005576922500666679,0.000844857499136659,0.0022072724946639254,0.004738740601478496,"scope_slr_pulse_vv.jl | SLR-RFF-BRICK 39cedc0 | Ladrillo L27 (v1.2) | draws parameters_subsample_brick_mengel_L27.csv, 500/chain | paleo assignment :single (seed 20260920) | land-water anchor :zero_at_first_year | lws observed | climate MAGICC-SLR 600 members, vv_pulse_wide_20261009 | forcing spliced | tap true | pair seed 2026 | record conditioning: common draw set with the FaIR arm, dropped 2 of 2000 | pulse 0.01 GtCH4 at 2030 | cm rel 1995-2014 | julia 1.12.6"
2071,total,0.0031826345540970635,0.005574978881639704,0.0008445197409791881,0.0022049685579354165,0.00475022903680582,"scope_slr_pulse_vv.jl | SLR-RFF-BRICK 39cedc0 | Ladrillo L27 (v1.2) | draws parameters_subsample_brick_mengel_L27.csv, 500/chain | paleo assignment :single (seed 20260920) | land-water anchor :zero_at_first_year | lws observed | climate MAGICC-SLR 600 members, vv_pulse_wide_20261009 | forcing spliced | tap true | pair seed 2026 | record conditioning: common draw set with the FaIR arm, dropped 2 of 2000 | pulse 0.01 GtCH4 at 2030 | cm rel 1995-2014 | julia 1.12.6"
2072,total,0.003181006094518324,0.0055719492845367835,0.0008441808978338784,0.0022007716031261283,0.004755025888852059,"scope_slr_pulse_vv.jl | SLR-RFF-BRICK 39cedc0 | Ladrillo L27 (v1.2) | draws parameters_subsample_brick_mengel_L27.csv, 500/chain | paleo assignment :single (seed 20260920) | land-water anchor :zero_at_first_year | lws observed | climate MAGICC-SLR 600 members, vv_pulse_wide_20261009 | forcing spliced | tap true | pair seed 2026 | record conditioning: common draw set with the FaIR arm, dropped 2 of 2000 | pulse 0.01 GtCH4 at 2030 | cm rel 1995-2014 | julia 1.12.6"
2073,total,0.0031779877483053554,0.0055679435577147916,0.0008438410284296441,0.0021935867101802843,0.004758577281151586,"scope_slr_pulse_vv.jl | SLR-RFF-BRICK 39cedc0 | Ladrillo L27 (v1.2) | draws parameters_subsample_brick_mengel_L27.csv, 500/chain | paleo assignment :single (seed 20260920) | land-water anchor :zero_at_first_year | lws observed | climate MAGICC-SLR 600 members, vv_pulse_wide_20261009 | forcing spliced | tap true | pair seed 2026 | record conditioning: common draw set with the FaIR arm, dropped 2 of 2000 | pulse 0.01 GtCH4 at 2030 | cm rel 1995-2014 | julia 1.12.6"
2074,total,0.003172232612463688,0.005563037063579164,0.0008435001491623294,0.0021868442639014773,0.004761523435854186,"scope_slr_pulse_vv.jl | SLR-RFF-BRICK 39cedc0 | Ladrillo L27 (v1.2) | draws parameters_subsample_brick_mengel_L27.csv, 500/chain | paleo assignment :single (seed 20260920) | land-water anchor :zero_at_first_year | lws observed | climate MAGICC-SLR 600 members, vv_pulse_wide_20261009 | forcing spliced | tap true | pair seed 2026 | record conditioning: common draw set with the FaIR arm, dropped 2 of 2000 | pulse 0.01 GtCH4 at 2030 | cm rel 1995-2014 | julia 1.12.6"
2075,total,0.0031667904834336014,0.005557300761469811,0.0008431583083351259,0.002182977387228746,0.0047610937304135344,"scope_slr_pulse_vv.jl | SLR-RFF-BRICK 39cedc0 | Ladrillo L27 (v1.2) | draws parameters_subsample_brick_mengel_L27.csv, 500/chain | paleo assignment :single (seed 20260920) | land-water anchor :zero_at_first_year | lws observed | climate MAGICC-SLR 600 members, vv_pulse_wide_20261009 | forcing spliced | tap true | pair seed 2026 | record conditioning: common draw set with the FaIR arm, dropped 2 of 2000 | pulse 0.01 GtCH4 at 2030 | cm rel 1995-2014 | julia 1.12.6"
2076,total,0.0031589665748690265,0.0055508437379435385,0.0008428154886522131,0.002180924564719433,0.004762573792536173,"scope_slr_pulse_vv.jl | SLR-RFF-BRICK 39cedc0 | Ladrillo L27 (v1.2) | draws parameters_subsample_brick_mengel_L27.csv, 500/chain | paleo assignment :single (seed 20260920) | land-water anchor :zero_at_first_year | lws observed | climate MAGICC-SLR 600 members, vv_pulse_wide_20261009 | forcing spliced | tap true | pair seed 2026 | record conditioning: common draw set with the FaIR arm, dropped 2 of 2000 | pulse 0.01 GtCH4 at 2030 | cm rel 1995-2014 | julia 1.12.6"
2077,total,0.0031497615444386895,0.005543722616244044,0.0008424716908804284,0.002173125592624103,0.004761223589547114,"scope_slr_pulse_vv.jl | SLR-RFF-BRICK 39cedc0 | Ladrillo L27 (v1.2) | draws parameters_subsample_brick_mengel_L27.csv, 500/chain | paleo assignment :single (seed 20260920) | land-water anchor :zero_at_first_year | lws observed | climate MAGICC-SLR 600 members, vv_pulse_wide_20261009 | forcing spliced | tap true | pair seed 2026 | record conditioning: common draw set with the FaIR arm, dropped 2 of 2000 | pulse 0.01 GtCH4 at 2030 | cm rel 1995-2014 | julia 1.12.6"
2078,total,0.003142268933807202,0.0055359843565864954,0.0008421268698203486,0.0021675375317602883,0.004763461139912906,"scope_slr_pulse_vv.jl | SLR-RFF-BRICK 39cedc0 | Ladrillo L27 (v1.2) | draws parameters_subsample_brick_mengel_L27.csv, 500/chain | paleo assignment :single (seed 20260920) | land-water anchor :zero_at_first_year | lws observed | climate MAGICC-SLR 600 members, vv_pulse_wide_20261009 | forcing spliced | tap true | pair seed 2026 | record conditioning: common draw set with the FaIR arm, dropped 2 of 2000 | pulse 0.01 GtCH4 at 2030 | cm rel 1995-2014 | julia 1.12.6"
2079,total,0.0031349271785288124,0.005527698341780305,0.0008417809025732283,0.002160784370787283,0.0047648504273521295,"scope_slr_pulse_vv.jl | SLR-RFF-BRICK 39cedc0 | Ladrillo L27 (v1.2) | draws parameters_subsample_brick_mengel_L27.csv, 500/chain | paleo assignment :single (seed 20260920) | land-water anchor :zero_at_first_year | lws observed | climate MAGICC-SLR 600 members, vv_pulse_wide_20261009 | forcing spliced | tap true | pair seed 2026 | record conditioning: common draw set with the FaIR arm, dropped 2 of 2000 | pulse 0.01 GtCH4 at 2030 | cm rel 1995-2014 | julia 1.12.6"
2080,total,0.0031250982197015276,0.005518900301021903,0.0008414337155697201,0.002151442631501865,0.004754359936040585,"scope_slr_pulse_vv.jl | SLR-RFF-BRICK 39cedc0 | Ladrillo L27 (v1.2) | draws parameters_subsample_brick_mengel_L27.csv, 500/chain | paleo assignment :single (seed 20260920) | land-water anchor :zero_at_first_year | lws observed | climate MAGICC-SLR 600 members, vv_pulse_wide_20261009 | forcing spliced | tap true | pair seed 2026 | record conditioning: common draw set with the FaIR arm, dropped 2 of 2000 | pulse 0.01 GtCH4 at 2030 | cm rel 1995-2014 | julia 1.12.6"
2081,total,0.003116683432679679,0.005509624637219794,0.0008410853173505333,0.0021432006600818456,0.004746000757210566,"scope_slr_pulse_vv.jl | SLR-RFF-BRICK 39cedc0 | Ladrillo L27 (v1.2) | draws parameters_subsample_brick_mengel_L27.csv, 500/chain | paleo assignment :single (seed 20260920) | land-water anchor :zero_at_first_year | lws observed | climate MAGICC-SLR 600 members, vv_pulse_wide_20261009 | forcing spliced | tap true | pair seed 2026 | record conditioning: common draw set with the FaIR arm, dropped 2 of 2000 | pulse 0.01 GtCH4 at 2030 | cm rel 1995-2014 | julia 1.12.6"
2082,total,0.0031096688086726942,0.005499910328160217,0.0008407358179611921,0.0021370334402853073,0.004726809267292607,"scope_slr_pulse_vv.jl | SLR-RFF-BRICK 39cedc0 | Ladrillo L27 (v1.2) | draws parameters_subsample_brick_mengel_L27.csv, 500/chain | paleo assignment :single (seed 20260920) | land-water anchor :zero_at_first_year | lws observed | climate MAGICC-SLR 600 members, vv_pulse_wide_20261009 | forcing spliced | tap true | pair seed 2026 | record conditioning: common draw set with the FaIR arm, dropped 2 of 2000 | pulse 0.01 GtCH4 at 2030 | cm rel 1995-2014 | julia 1.12.6"
2083,total,0.0030995199712684496,0.005489834225591419,0.000840385285416087,0.002127377299641253,0.004718675179706363,"scope_slr_pulse_vv.jl | SLR-RFF-BRICK 39cedc0 | Ladrillo L27 (v1.2) | draws parameters_subsample_brick_mengel_L27.csv, 500/chain | paleo assignment :single (seed 20260920) | land-water anchor :zero_at_first_year | lws observed | climate MAGICC-SLR 600 members, vv_pulse_wide_20261009 | forcing spliced | tap true | pair seed 2026 | record conditioning: common draw set with the FaIR arm, dropped 2 of 2000 | pulse 0.01 GtCH4 at 2030 | cm rel 1995-2014 | julia 1.12.6"
2084,total,0.003090668556470888,0.005479443743700807,0.0008400338500499613,0.0021147083600158824,0.004709595219282644,"scope_slr_pulse_vv.jl | SLR-RFF-BRICK 39cedc0 | Ladrillo L27 (v1.2) | draws parameters_subsample_brick_mengel_L27.csv, 500/chain | paleo assignment :single (seed 20260920) | land-water anchor :zero_at_first_year | lws observed | climate MAGICC-SLR 600 members, vv_pulse_wide_20261009 | forcing spliced | tap true | pair seed 2026 | record conditioning: common draw set with the FaIR arm, dropped 2 of 2000 | pulse 0.01 GtCH4 at 2030 | cm rel 1995-2014 | julia 1.12.6"
2085,total,0.003082682067432785,0.005468781613105072,0.0008396815611347681,0.0021064347598549913,0.004702513555746177,"scope_slr_pulse_vv.jl | SLR-RFF-BRICK 39cedc0 | Ladrillo L27 (v1.2) | draws parameters_subsample_brick_mengel_L27.csv, 500/chain | paleo assignment :single (seed 20260920) | land-water anchor :zero_at_first_year | lws observed | climate MAGICC-SLR 600 members, vv_pulse_wide_20261009 | forcing spliced | tap true | pair seed 2026 | record conditioning: common draw set with the FaIR arm, dropped 2 of 2000 | pulse 0.01 GtCH4 at 2030 | cm rel 1995-2014 | julia 1.12.6"
2086,total,0.003068823240148788,0.005457889289283514,0.0008393285282083881,0.0020972470102666564,0.0046932227675931405,"scope_slr_pulse_vv.jl | SLR-RFF-BRICK 39cedc0 | Ladrillo L27 (v1.2) | draws parameters_subsample_brick_mengel_L27.csv, 500/chain | paleo assignment :single (seed 20260920) | land-water anchor :zero_at_first_year | lws observed | climate MAGICC-SLR 600 members, vv_pulse_wide_20261009 | forcing spliced | tap true | pair seed 2026 | record conditioning: common draw set with the FaIR arm, dropped 2 of 2000 | pulse 0.01 GtCH4 at 2030 | cm rel 1995-2014 | julia 1.12.6"
2087,total,0.003056771774154754,0.0054467798772835,0.0008389748130919285,0.0020878129379102717,0.004678447339144753,"scope_slr_pulse_vv.jl | SLR-RFF-BRICK 39cedc0 | Ladrillo L27 (v1.2) | draws parameters_subsample_brick_mengel_L27.csv, 500/chain | paleo assignment :single (seed 20260920) | land-water anchor :zero_at_first_year | lws observed | climate MAGICC-SLR 600 members, vv_pulse_wide_20261009 | forcing spliced | tap true | pair seed 2026 | record conditioning: common draw set with the FaIR arm, dropped 2 of 2000 | pulse 0.01 GtCH4 at 2030 | cm rel 1995-2014 | julia 1.12.6"
2088,total,0.003045843427535999,0.005435486761792937,0.000838620369849883,0.002078378879921772,0.004664026336289594,"scope_slr_pulse_vv.jl | SLR-RFF-BRICK 39cedc0 | Ladrillo L27 (v1.2) | draws parameters_subsample_brick_mengel_L27.csv, 500/chain | paleo assignment :single (seed 20260920) | land-water anchor :zero_at_first_year | lws observed | climate MAGICC-SLR 600 members, vv_pulse_wide_20261009 | forcing spliced | tap true | pair seed 2026 | record conditioning: common draw set with the FaIR arm, dropped 2 of 2000 | pulse 0.01 GtCH4 at 2030 | cm rel 1995-2014 | julia 1.12.6"
2089,total,0.003032945850065971,0.005424035173194503,0.0008382651394004322,0.0020693082111680637,0.004658380520526249,"scope_slr_pulse_vv.jl | SLR-RFF-BRICK 39cedc0 | Ladrillo L27 (v1.2) | draws parameters_subsample_brick_mengel_L27.csv, 500/chain | paleo assignment :single (seed 20260920) | land-water anchor :zero_at_first_year | lws observed | climate MAGICC-SLR 600 members, vv_pulse_wide_20261009 | forcing spliced | tap true | pair seed 2026 | record conditioning: common draw set with the FaIR arm, dropped 2 of 2000 | pulse 0.01 GtCH4 at 2030 | cm rel 1995-2014 | julia 1.12.6"
2090,total,0.003019615004987486,0.005412453987550774,0.000837909177173603,0.002059950596137128,0.0046566797315826134,"scope_slr_pulse_vv.jl | SLR-RFF-BRICK 39cedc0 | Ladrillo L27 (v1.2) | draws parameters_subsample_brick_mengel_L27.csv, 500/chain | paleo assignment :single (seed 20260920) | land-water anchor :zero_at_first_year | lws observed | climate MAGICC-SLR 600 members, vv_pulse_wide_20261009 | forcing spliced | tap true | pair seed 2026 | record conditioning: common draw set with the FaIR arm, dropped 2 of 2000 | pulse 0.01 GtCH4 at 2030 | cm rel 1995-2014 | julia 1.12.6"
2091,total,0.003011900402327683,0.00540075481426861,0.000837552150204473,0.0020490778529612895,0.0046482114223131525,"scope_slr_pulse_vv.jl | SLR-RFF-BRICK 39cedc0 | Ladrillo L27 (v1.2) | draws parameters_subsample_brick_mengel_L27.csv, 500/chain | paleo assignment :single (seed 20260920) | land-water anchor :zero_at_first_year | lws observed | climate MAGICC-SLR 600 members, vv_pulse_wide_20261009 | forcing spliced | tap true | pair seed 2026 | record conditioning: common draw set with the FaIR arm, dropped 2 of 2000 | pulse 0.01 GtCH4 at 2030 | cm rel 1995-2014 | julia 1.12.6"
2092,total,0.002998863334674695,0.005388937305108992,0.0008371940057485807,0.0020345250173097185,0.004637414664134809,"scope_slr_pulse_vv.jl | SLR-RFF-BRICK 39cedc0 | Ladrillo L27 (v1.2) | draws parameters_subsample_brick_mengel_L27.csv, 500/chain | paleo assignment :single (seed 20260920) | land-water anchor :zero_at_first_year | lws observed | climate MAGICC-SLR 600 members, vv_pulse_wide_20261009 | forcing spliced | tap true | pair seed 2026 | record conditioning: common draw set with the FaIR arm, dropped 2 of 2000 | pulse 0.01 GtCH4 at 2030 | cm rel 1995-2014 | julia 1.12.6"
2093,total,0.0029872533162702553,0.005377001371355005,0.000836834686244953,0.0020207956022225914,0.004626149475168972,"scope_slr_pulse_vv.jl | SLR-RFF-BRICK 39cedc0 | Ladrillo L27 (v1.2) | draws parameters_subsample_brick_mengel_L27.csv, 500/chain | paleo assignment :single (seed 20260920) | land-water anchor :zero_at_first_year | lws observed | climate MAGICC-SLR 600 members, vv_pulse_wide_20261009 | forcing spliced | tap true | pair seed 2026 | record conditioning: common draw set with the FaIR arm, dropped 2 of 2000 | pulse 0.01 GtCH4 at 2030 | cm rel 1995-2014 | julia 1.12.6"
2094,total,0.0029761862558430607,0.005364998250297863,0.0008364743160351823,0.002008064859471048,0.004616480459865358,"scope_slr_pulse_vv.jl | SLR-RFF-BRICK 39cedc0 | Ladrillo L27 (v1.2) | draws parameters_subsample_brick_mengel_L27.csv, 500/chain | paleo assignment :single (seed 20260920) | land-water anchor :zero_at_first_year | lws observed | climate MAGICC-SLR 600 members, vv_pulse_wide_20261009 | forcing spliced | tap true | pair seed 2026 | record conditioning: common draw set with the FaIR arm, dropped 2 of 2000 | pulse 0.01 GtCH4 at 2030 | cm rel 1995-2014 | julia 1.12.6"
2095,total,0.0029669651108008566,0.005879754328987085,0.000987396577744254,0.001997706515383868,0.004611578698455785,"scope_slr_pulse_vv.jl | SLR-RFF-BRICK 39cedc0 | Ladrillo L27 (v1.2) | draws parameters_subsample_brick_mengel_L27.csv, 500/chain | paleo assignment :single (seed 20260920) | land-water anchor :zero_at_first_year | lws observed | climate MAGICC-SLR 600 members, vv_pulse_wide_20261009 | forcing spliced | tap true | pair seed 2026 | record conditioning: common draw set with the FaIR arm, dropped 2 of 2000 | pulse 0.01 GtCH4 at 2030 | cm rel 1995-2014 | julia 1.12.6"
2096,total,0.0029550620595060195,0.005871215231512744,0.0009889756482982007,0.0019867346305165513,0.0046079249729302765,"scope_slr_pulse_vv.jl | SLR-RFF-BRICK 39cedc0 | Ladrillo L27 (v1.2) | draws parameters_subsample_brick_mengel_L27.csv, 500/chain | paleo assignment :single (seed 20260920) | land-water anchor :zero_at_first_year | lws observed | climate MAGICC-SLR 600 members, vv_pulse_wide_20261009 | forcing spliced | tap true | pair seed 2026 | record conditioning: common draw set with the FaIR arm, dropped 2 of 2000 | pulse 0.01 GtCH4 at 2030 | cm rel 1995-2014 | julia 1.12.6"
2097,total,0.002943556720069296,0.005858948008767316,0.0009885669073100322,0.0019773193598616955,0.0045950204627168015,"scope_slr_pulse_vv.jl | SLR-RFF-BRICK 39cedc0 | Ladrillo L27 (v1.2) | draws parameters_subsample_brick_mengel_L27.csv, 500/chain | paleo assignment :single (seed 20260920) | land-water anchor :zero_at_first_year | lws observed | climate MAGICC-SLR 600 members, vv_pulse_wide_20261009 | forcing spliced | tap true | pair seed 2026 | record conditioning: common draw set with the FaIR arm, dropped 2 of 2000 | pulse 0.01 GtCH4 at 2030 | cm rel 1995-2014 | julia 1.12.6"
2098,total,0.0029320724684964716,0.00584666842718849,0.0009881433762877554,0.001968011165213568,0.004586352413048187,"scope_slr_pulse_vv.jl | SLR-RFF-BRICK 39cedc0 | Ladrillo L27 (v1.2) | draws parameters_subsample_brick_mengel_L27.csv, 500/chain | paleo assignment :single (seed 20260920) | land-water anchor :zero_at_first_year | lws observed | climate MAGICC-SLR 600 members, vv_pulse_wide_20261009 | forcing spliced | tap true | pair seed 2026 | record conditioning: common draw set with the FaIR arm, dropped 2 of 2000 | pulse 0.01 GtCH4 at 2030 | cm rel 1995-2014 | julia 1.12.6"
2099,total,0.002922804326189521,0.006072127586403685,0.0010155228089840894,0.0019583647253369916,0.004579125618582931,"scope_slr_pulse_vv.jl | SLR-RFF-BRICK 39cedc0 | Ladrillo L27 (v1.2) | draws parameters_subsample_brick_mengel_L27.csv, 500/chain | paleo assignment :single (seed 20260920) | land-water anchor :zero_at_first_year | lws observed | climate MAGICC-SLR 600 members, vv_pulse_wide_20261009 | forcing spliced | tap true | pair seed 2026 | record conditioning: common draw set with the FaIR arm, dropped 2 of 2000 | pulse 0.01 GtCH4 at 2030 | cm rel 1995-2014 | julia 1.12.6"
2100,total,0.0029111828233538972,0.006061479837751041,0.0010154747293525603,0.001946723773463077,0.004568768846176848,"scope_slr_pulse_vv.jl | SLR-RFF-BRICK 39cedc0 | Ladrillo L27 (v1.2) | draws parameters_subsample_brick_mengel_L27.csv, 500/chain | paleo assignment :single (seed 20260920) | land-water anchor :zero_at_first_year | lws observed | climate MAGICC-SLR 600 members, vv_pulse_wide_20261009 | forcing spliced | tap true | pair seed 2026 | record conditioning: common draw set with the FaIR arm, dropped 2 of 2000 | pulse 0.01 GtCH4 at 2030 | cm rel 1995-2014 | julia 1.12.6"
2101,total,0.0028981204216549372,0.0060491921823737265,0.0010150394157733326,0.0019393473759492963,0.004558246152635801,"scope_slr_pulse_vv.jl | SLR-RFF-BRICK 39cedc0 | Ladrillo L27 (v1.2) | draws parameters_subsample_brick_mengel_L27.csv, 500/chain | paleo assignment :single (seed 20260920) | land-water anchor :zero_at_first_year | lws observed | climate MAGICC-SLR 600 members, vv_pulse_wide_20261009 | forcing spliced | tap true | pair seed 2026 | record conditioning: common draw set with the FaIR arm, dropped 2 of 2000 | pulse 0.01 GtCH4 at 2030 | cm rel 1995-2014 | julia 1.12.6"
2102,total,0.002887636026173368,0.0060369056959408965,0.0010146002734938472,0.001931871643149563,0.00454756603428592,"scope_slr_pulse_vv.jl | SLR-RFF-BRICK 39cedc0 | Ladrillo L27 (v1.2) | draws parameters_subsample_brick_mengel_L27.csv, 500/chain | paleo assignment :single (seed 20260920) | land-water anchor :zero_at_first_year | lws observed | climate MAGICC-SLR 600 members, vv_pulse_wide_20261009 | forcing spliced | tap true | pair seed 2026 | record conditioning: common draw set with the FaIR arm, dropped 2 of 2000 | pulse 0.01 GtCH4 at 2030 | cm rel 1995-2014 | julia 1.12.6"
2103,total,0.0028760432088006382,0.006024619646950811,0.001014160104999623,0.0019225373442072426,0.004536748192135319,"scope_slr_pulse_vv.jl | SLR-RFF-BRICK 39cedc0 | Ladrillo L27 (v1.2) | draws parameters_subsample_brick_mengel_L27.csv, 500/chain | paleo assignment :single (seed 20260920) | land-water anchor :zero_at_first_year | lws observed | climate MAGICC-SLR 600 members, vv_pulse_wide_20261009 | forcing spliced | tap true | pair seed 2026 | record conditioning: common draw set with the FaIR arm, dropped 2 of 2000 | pulse 0.01 GtCH4 at 2030 | cm rel 1995-2014 | julia 1.12.6"
2104,total,0.002866134118391983,0.006012589276520641,0.0010137187070620667,0.0019123974900960405,0.004526086866273004,"scope_slr_pulse_vv.jl | SLR-RFF-BRICK 39cedc0 | Ladrillo L27 (v1.2) | draws parameters_subsample_brick_mengel_L27.csv, 500/chain | paleo assignment :single (seed 20260920) | land-water anchor :zero_at_first_year | lws observed | climate MAGICC-SLR 600 members, vv_pulse_wide_20261009 | forcing spliced | tap true | pair seed 2026 | record conditioning: common draw set with the FaIR arm, dropped 2 of 2000 | pulse 0.01 GtCH4 at 2030 | cm rel 1995-2014 | julia 1.12.6"
2105,total,0.0028558961536830907,0.006000803088515615,0.0010132762805753507,0.0019016187360609395,0.004515646570798282,"scope_slr_pulse_vv.jl | SLR-RFF-BRICK 39cedc0 | Ladrillo L27 (v1.2) | draws parameters_subsample_brick_mengel_L27.csv, 500/chain | paleo assignment :single (seed 20260920) | land-water anchor :zero_at_first_year | lws observed | climate MAGICC-SLR 600 members, vv_pulse_wide_20261009 | forcing spliced | tap true | pair seed 2026 | record conditioning: common draw set with the FaIR arm, dropped 2 of 2000 | pulse 0.01 GtCH4 at 2030 | cm rel 1995-2014 | julia 1.12.6"
2106,total,0.0028460202690610004,0.005988710975903129,0.001012833660832042,0.0018909277775673418,0.004505604589989076,"scope_slr_pulse_vv.jl | SLR-RFF-BRICK 39cedc0 | Ladrillo L27 (v1.2) | draws parameters_subsample_brick_mengel_L27.csv, 500/chain | paleo assignment :single (seed 20260920) | land-water anchor :zero_at_first_year | lws observed | climate MAGICC-SLR 600 members, vv_pulse_wide_20261009 | forcing spliced | tap true | pair seed 2026 | record conditioning: common draw set with the FaIR arm, dropped 2 of 2000 | pulse 0.01 GtCH4 at 2030 | cm rel 1995-2014 | julia 1.12.6"
2107,total,0.002834587200041483,0.005976706296707228,0.0010123906217411134,0.0018817799330388852,0.00449841746538695,"scope_slr_pulse_vv.jl | SLR-RFF-BRICK 39cedc0 | Ladrillo L27 (v1.2) | draws parameters_subsample_brick_mengel_L27.csv, 500/chain | paleo assignment :single (seed 20260920) | land-water anchor :zero_at_first_year | lws observed | climate MAGICC-SLR 600 members, vv_pulse_wide_20261009 | forcing spliced | tap true | pair seed 2026 | record conditioning: common draw set with the FaIR arm, dropped 2 of 2000 | pulse 0.01 GtCH4 at 2030 | cm rel 1995-2014 | julia 1.12.6"
2108,total,0.0028231105183778027,0.005964798020550323,0.0010119469660982577,0.001872456667780753,0.0044935211510441775,"scope_slr_pulse_vv.jl | SLR-RFF-BRICK 39cedc0 | Ladrillo L27 (v1.2) | draws parameters_subsample_brick_mengel_L27.csv, 500/chain | paleo assignment :single (seed 20260920) | land-water anchor :zero_at_first_year | lws observed | climate MAGICC-SLR 600 members, vv_pulse_wide_20261009 | forcing spliced | tap true | pair seed 2026 | record conditioning: common draw set with the FaIR arm, dropped 2 of 2000 | pulse 0.01 GtCH4 at 2030 | cm rel 1995-2014 | julia 1.12.6"
2109,total,0.0028109883056330887,0.005952975611075529,0.00101150266573857,0.001862757749695021,0.004488043548258957,"scope_slr_pulse_vv.jl | SLR-RFF-BRICK 39cedc0 | Ladrillo L27 (v1.2) | draws parameters_subsample_brick_mengel_L27.csv, 500/chain | paleo assignment :single (seed 20260920) | land-water anchor :zero_at_first_year | lws observed | climate MAGICC-SLR 600 members, vv_pulse_wide_20261009 | forcing spliced | tap true | pair seed 2026 | record conditioning: common draw set with the FaIR arm, dropped 2 of 2000 | pulse 0.01 GtCH4 at 2030 | cm rel 1995-2014 | julia 1.12.6"
2110,total,0.0027993792848128862,0.005941246589813093,0.0010110576314771651,0.0018507370928396937,0.004477514583036423,"scope_slr_pulse_vv.jl | SLR-RFF-BRICK 39cedc0 | Ladrillo L27 (v1.2) | draws parameters_subsample_brick_mengel_L27.csv, 500/chain | paleo assignment :single (seed 20260920) | land-water anchor :zero_at_first_year | lws observed | climate MAGICC-SLR 600 members, vv_pulse_wide_20261009 | forcing spliced | tap true | pair seed 2026 | record conditioning: common draw set with the FaIR arm, dropped 2 of 2000 | pulse 0.01 GtCH4 at 2030 | cm rel 1995-2014 | julia 1.12.6"
2111,total,0.002787058846056567,0.005929610659729699,0.0010106116877163012,0.001838867296270763,0.004466639007463869,"scope_slr_pulse_vv.jl | SLR-RFF-BRICK 39cedc0 | Ladrillo L27 (v1.2) | draws parameters_subsample_brick_mengel_L27.csv, 500/chain | paleo assignment :single (seed 20260920) | land-water anchor :zero_at_first_year | lws observed | climate MAGICC-SLR 600 members, vv_pulse_wide_20261009 | forcing spliced | tap true | pair seed 2026 | record conditioning: common draw set with the FaIR arm, dropped 2 of 2000 | pulse 0.01 GtCH4 at 2030 | cm rel 1995-2014 | julia 1.12.6"
2112,total,0.002776584021031425,0.005918051457704375,0.0010101645765743978,0.0018296960582709688,0.004448096906758534,"scope_slr_pulse_vv.jl | SLR-RFF-BRICK 39cedc0 | Ladrillo L27 (v1.2) | draws parameters_subsample_brick_mengel_L27.csv, 500/chain | paleo assignment :single (seed 20260920) | land-water anchor :zero_at_first_year | lws observed | climate MAGICC-SLR 600 members, vv_pulse_wide_20261009 | forcing spliced | tap true | pair seed 2026 | record conditioning: common draw set with the FaIR arm, dropped 2 of 2000 | pulse 0.01 GtCH4 at 2030 | cm rel 1995-2014 | julia 1.12.6"
2113,total,0.0027658319851155966,0.005906566975858285,0.001009716597519852,0.001823489706700343,0.004432520990204122,"scope_slr_pulse_vv.jl | SLR-RFF-BRICK 39cedc0 | Ladrillo L27 (v1.2) | draws parameters_subsample_brick_mengel_L27.csv, 500/chain | paleo assignment :single (seed 20260920) | land-water anchor :zero_at_first_year | lws observed | climate MAGICC-SLR 600 members, vv_pulse_wide_20261009 | forcing spliced | tap true | pair seed 2026 | record conditioning: common draw set with the FaIR arm, dropped 2 of 2000 | pulse 0.01 GtCH4 at 2030 | cm rel 1995-2014 | julia 1.12.6"
2114,total,0.0027543169745811724,0.005895170612580829,0.0010092676113490255,0.0018156549541611612,0.004420544795739542,"scope_slr_pulse_vv.jl | SLR-RFF-BRICK 39cedc0 | Ladrillo L27 (v1.2) | draws parameters_subsample_brick_mengel_L27.csv, 500/chain | paleo assignment :single (seed 20260920) | land-water anchor :zero_at_first_year | lws observed | climate MAGICC-SLR 600 members, vv_pulse_wide_20261009 | forcing spliced | tap true | pair seed 2026 | record conditioning: common draw set with the FaIR arm, dropped 2 of 2000 | pulse 0.01 GtCH4 at 2030 | cm rel 1995-2014 | julia 1.12.6"
2115,total,0.002743900569768698,0.005883890640943753,0.0010088179223972772,0.0018055868839276456,0.0044085890296329915,"scope_slr_pulse_vv.jl | SLR-RFF-BRICK 39cedc0 | Ladrillo L27 (v1.2) | draws parameters_subsample_brick_mengel_L27.csv, 500/chain | paleo assignment :single (seed 20260920) | land-water anchor :zero_at_first_year | lws observed | climate MAGICC-SLR 600 members, vv_pulse_wide_20261009 | forcing spliced | tap true | pair seed 2026 | record conditioning: common draw set with the FaIR arm, dropped 2 of 2000 | pulse 0.01 GtCH4 at 2030 | cm rel 1995-2014 | julia 1.12.6"
2116,total,0.0027335499457095125,0.005872725323137179,0.001008367629122624,0.0017945092347218861,0.004396666282772799,"scope_slr_pulse_vv.jl | SLR-RFF-BRICK 39cedc0 | Ladrillo L27 (v1.2) | draws parameters_subsample_brick_mengel_L27.csv, 500/chain | paleo assignment :single (seed 20260920) | land-water anchor :zero_at_first_year | lws observed | climate MAGICC-SLR 600 members, vv_pulse_wide_20261009 | forcing spliced | tap true | pair seed 2026 | record conditioning: common draw set with the FaIR arm, dropped 2 of 2000 | pulse 0.01 GtCH4 at 2030 | cm rel 1995-2014 | julia 1.12.6"
2117,total,0.002721663827834675,0.005861687584739398,0.0010079168303696007,0.0017841652452283085,0.00438582910573686,"scope_slr_pulse_vv.jl | SLR-RFF-BRICK 39cedc0 | Ladrillo L27 (v1.2) | draws parameters_subsample_brick_mengel_L27.csv, 500/chain | paleo assignment :single (seed 20260920) | land-water anchor :zero_at_first_year | lws observed | climate MAGICC-SLR 600 members, vv_pulse_wide_20261009 | forcing spliced | tap true | pair seed 2026 | record conditioning: common draw set with the FaIR arm, dropped 2 of 2000 | pulse 0.01 GtCH4 at 2030 | cm rel 1995-2014 | julia 1.12.6"
2118,total,0.0027121374430834067,0.005850780484016798,0.00100746555982755,0.001776358730162997,0.00437936755198649,"scope_slr_pulse_vv.jl | SLR-RFF-BRICK 39cedc0 | Ladrillo L27 (v1.2) | draws parameters_subsample_brick_mengel_L27.csv, 500/chain | paleo assignment :single (seed 20260920) | land-water anchor :zero_at_first_year | lws observed | climate MAGICC-SLR 600 members, vv_pulse_wide_20261009 | forcing spliced | tap true | pair seed 2026 | record conditioning: common draw set with the FaIR arm, dropped 2 of 2000 | pulse 0.01 GtCH4 at 2030 | cm rel 1995-2014 | julia 1.12.6"
2119,total,0.0027024347656663394,0.0058400052270214465,0.0010070138872930589,0.0017670070791993451,0.00437581802868081,"scope_slr_pulse_vv.jl | SLR-RFF-BRICK 39cedc0 | Ladrillo L27 (v1.2) | draws parameters_subsample_brick_mengel_L27.csv, 500/chain | paleo assignment :single (seed 20260920) | land-water anchor :zero_at_first_year | lws observed | climate MAGICC-SLR 600 members, vv_pulse_wide_20261009 | forcing spliced | tap true | pair seed 2026 | record conditioning: common draw set with the FaIR arm, dropped 2 of 2000 | pulse 0.01 GtCH4 at 2030 | cm rel 1995-2014 | julia 1.12.6"
2120,total,0.002691366395421113,0.005829357831711171,0.001006561667520339,0.0017607639858475464,0.004366986066644074,"scope_slr_pulse_vv.jl | SLR-RFF-BRICK 39cedc0 | Ladrillo L27 (v1.2) | draws parameters_subsample_brick_mengel_L27.csv, 500/chain | paleo assignment :single (seed 20260920) | land-water anchor :zero_at_first_year | lws observed | climate MAGICC-SLR 600 members, vv_pulse_wide_20261009 | forcing spliced | tap true | pair seed 2026 | record conditioning: common draw set with the FaIR arm, dropped 2 of 2000 | pulse 0.01 GtCH4 at 2030 | cm rel 1995-2014 | julia 1.12.6"
2121,total,0.002681067302923168,0.005818829962882289,0.0010061087299799315,0.0017545240428837872,0.004354172844315937,"scope_slr_pulse_vv.jl | SLR-RFF-BRICK 39cedc0 | Ladrillo L27 (v1.2) | draws parameters_subsample_brick_mengel_L27.csv, 500/chain | paleo assignment :single (seed 20260920) | land-water anchor :zero_at_first_year | lws observed | climate MAGICC-SLR 600 members, vv_pulse_wide_20261009 | forcing spliced | tap true | pair seed 2026 | record conditioning: common draw set with the FaIR arm, dropped 2 of 2000 | pulse 0.01 GtCH4 at 2030 | cm rel 1995-2014 | julia 1.12.6"
2122,total,0.002669226208475095,0.0058084158559647235,0.001005654863949623,0.00174585944475254,0.004346663444611919,"scope_slr_pulse_vv.jl | SLR-RFF-BRICK 39cedc0 | Ladrillo L27 (v1.2) | draws parameters_subsample_brick_mengel_L27.csv, 500/chain | paleo assignment :single (seed 20260920) | land-water anchor :zero_at_first_year | lws observed | climate MAGICC-SLR 600 members, vv_pulse_wide_20261009 | forcing spliced | tap true | pair seed 2026 | record conditioning: common draw set with the FaIR arm, dropped 2 of 2000 | pulse 0.01 GtCH4 at 2030 | cm rel 1995-2014 | julia 1.12.6"
2123,total,0.002660264029266557,0.0057981007369489026,0.0010051999150158008,0.0017395599282771458,0.0043400384231944145,"scope_slr_pulse_vv.jl | SLR-RFF-BRICK 39cedc0 | Ladrillo L27 (v1.2) | draws parameters_subsample_brick_mengel_L27.csv, 500/chain | paleo assignment :single (seed 20260920) | land-water anchor :zero_at_first_year | lws observed | climate MAGICC-SLR 600 members, vv_pulse_wide_20261009 | forcing spliced | tap true | pair seed 2026 | record conditioning: common draw set with the FaIR arm, dropped 2 of 2000 | pulse 0.01 GtCH4 at 2030 | cm rel 1995-2014 | julia 1.12.6"
2124,total,0.0026528308712840953,0.00578790145115119,0.0010047442804576618,0.0017288531939549045,0.0043268295759197875,"scope_slr_pulse_vv.jl | SLR-RFF-BRICK 39cedc0 | Ladrillo L27 (v1.2) | draws parameters_subsample_brick_mengel_L27.csv, 500/chain | paleo assignment :single (seed 20260920) | land-water anchor :zero_at_first_year | lws observed | climate MAGICC-SLR 600 members, vv_pulse_wide_20261009 | forcing spliced | tap true | pair seed 2026 | record conditioning: common draw set with the FaIR arm, dropped 2 of 2000 | pulse 0.01 GtCH4 at 2030 | cm rel 1995-2014 | julia 1.12.6"
2125,total,0.002641643535099547,0.005777822040794042,0.0010042879231661522,0.0017186891818141703,0.004318429702376392,"scope_slr_pulse_vv.jl | SLR-RFF-BRICK 39cedc0 | Ladrillo L27 (v1.2) | draws parameters_subsample_brick_mengel_L27.csv, 500/chain | paleo assignment :single (seed 20260920) | land-water anchor :zero_at_first_year | lws observed | climate MAGICC-SLR 600 members, vv_pulse_wide_20261009 | forcing spliced | tap true | pair seed 2026 | record conditioning: common draw set with the FaIR arm, dropped 2 of 2000 | pulse 0.01 GtCH4 at 2030 | cm rel 1995-2014 | julia 1.12.6"
2126,total,0.002632386941129994,0.005767871351378205,0.001003831165888329,0.0017098511379614932,0.004312438674504903,"scope_slr_pulse_vv.jl | SLR-RFF-BRICK 39cedc0 | Ladrillo L27 (v1.2) | draws parameters_subsample_brick_mengel_L27.csv, 500/chain | paleo assignment :single (seed 20260920) | land-water anchor :zero_at_first_year | lws observed | climate MAGICC-SLR 600 members, vv_pulse_wide_20261009 | forcing spliced | tap true | pair seed 2026 | record conditioning: common draw set with the FaIR arm, dropped 2 of 2000 | pulse 0.01 GtCH4 at 2030 | cm rel 1995-2014 | julia 1.12.6"
2127,total,0.0026225234531693786,0.005758061488667288,0.0010033741772152343,0.0017020230105252666,0.004310468289484959,"scope_slr_pulse_vv.jl | SLR-RFF-BRICK 39cedc0 | Ladrillo L27 (v1.2) | draws parameters_subsample_brick_mengel_L27.csv, 500/chain | paleo assignment :single (seed 20260920) | land-water anchor :zero_at_first_year | lws observed | climate MAGICC-SLR 600 members, vv_pulse_wide_20261009 | forcing spliced | tap true | pair seed 2026 | record conditioning: common draw set with the FaIR arm, dropped 2 of 2000 | pulse 0.01 GtCH4 at 2030 | cm rel 1995-2014 | julia 1.12.6"
2128,total,0.002612909366185079,0.005748387531407508,0.0010029169767474834,0.001694315993984219,0.004308585159922984,"scope_slr_pulse_vv.jl | SLR-RFF-BRICK 39cedc0 | Ladrillo L27 (v1.2) | draws parameters_subsample_brick_mengel_L27.csv, 500/chain | paleo assignment :single (seed 20260920) | land-water anchor :zero_at_first_year | lws observed | climate MAGICC-SLR 600 members, vv_pulse_wide_20261009 | forcing spliced | tap true | pair seed 2026 | record conditioning: common draw set with the FaIR arm, dropped 2 of 2000 | pulse 0.01 GtCH4 at 2030 | cm rel 1995-2014 | julia 1.12.6"
2129,total,0.002603772941625948,0.0057388488415025555,0.0010024595394097326,0.001686985271406627,0.004306573983447493,"scope_slr_pulse_vv.jl | SLR-RFF-BRICK 39cedc0 | Ladrillo L27 (v1.2) | draws parameters_subsample_brick_mengel_L27.csv, 500/chain | paleo assignment :single (seed 20260920) | land-water anchor :zero_at_first_year | lws observed | climate MAGICC-SLR 600 members, vv_pulse_wide_20261009 | forcing spliced | tap true | pair seed 2026 | record conditioning: common draw set with the FaIR arm, dropped 2 of 2000 | pulse 0.01 GtCH4 at 2030 | cm rel 1995-2014 | julia 1.12.6"
2130,total,0.0025943545558959613,0.005729441230053348,0.0010020017744033687,0.0016794484837248547,0.004299335061725883,"scope_slr_pulse_vv.jl | SLR-RFF-BRICK 39cedc0 | Ladrillo L27 (v1.2) | draws parameters_subsample_brick_mengel_L27.csv, 500/chain | paleo assignment :single (seed 20260920) | land-water anchor :zero_at_first_year | lws observed | climate MAGICC-SLR 600 members, vv_pulse_wide_20261009 | forcing spliced | tap true | pair seed 2026 | record conditioning: common draw set with the FaIR arm, dropped 2 of 2000 | pulse 0.01 GtCH4 at 2030 | cm rel 1995-2014 | julia 1.12.6"
2131,total,0.00258596967814384,0.005720155552077128,0.0010015434949299455,0.0016721793351571535,0.00428968862402783,"scope_slr_pulse_vv.jl | SLR-RFF-BRICK 39cedc0 | Ladrillo L27 (v1.2) | draws parameters_subsample_brick_mengel_L27.csv, 500/chain | paleo assignment :single (seed 20260920) | land-water anchor :zero_at_first_year | lws observed | climate MAGICC-SLR 600 members, vv_pulse_wide_20261009 | forcing spliced | tap true | pair seed 2026 | record conditioning: common draw set with the FaIR arm, dropped 2 of 2000 | pulse 0.01 GtCH4 at 2030 | cm rel 1995-2014 | julia 1.12.6"
2132,total,0.0025784230624452675,0.005710974814149384,0.0010010843401245953,0.0016650289817931707,0.00427973622619859,"scope_slr_pulse_vv.jl | SLR-RFF-BRICK 39cedc0 | Ladrillo L27 (v1.2) | draws parameters_subsample_brick_mengel_L27.csv, 500/chain | paleo assignment :single (seed 20260920) | land-water anchor :zero_at_first_year | lws observed | climate MAGICC-SLR 600 members, vv_pulse_wide_20261009 | forcing spliced | tap true | pair seed 2026 | record conditioning: common draw set with the FaIR arm, dropped 2 of 2000 | pulse 0.01 GtCH4 at 2030 | cm rel 1995-2014 | julia 1.12.6"
2133,total,0.002570870089606103,0.005701898267890517,0.0010006243354761311,0.0016579906630930453,0.0042698486200571,"scope_slr_pulse_vv.jl | SLR-RFF-BRICK 39cedc0 | Ladrillo L27 (v1.2) | draws parameters_subsample_brick_mengel_L27.csv, 500/chain | paleo assignment :single (seed 20260920) | land-water anchor :zero_at_first_year | lws observed | climate MAGICC-SLR 600 members, vv_pulse_wide_20261009 | forcing spliced | tap true | pair seed 2026 | record conditioning: common draw set with the FaIR arm, dropped 2 of 2000 | pulse 0.01 GtCH4 at 2030 | cm rel 1995-2014 | julia 1.12.6"
2134,total,0.0025624209924117736,0.005692929432668552,0.001000163579053476,0.001651420020437655,0.004263356720609575,"scope_slr_pulse_vv.jl | SLR-RFF-BRICK 39cedc0 | Ladrillo L27 (v1.2) | draws parameters_subsample_brick_mengel_L27.csv, 500/chain | paleo assignment :single (seed 20260920) | land-water anchor :zero_at_first_year | lws observed | climate MAGICC-SLR 600 members, vv_pulse_wide_20261009 | forcing spliced | tap true | pair seed 2026 | record conditioning: common draw set with the FaIR arm, dropped 2 of 2000 | pulse 0.01 GtCH4 at 2030 | cm rel 1995-2014 | julia 1.12.6"
2135,total,0.00255521614774068,0.00568408200680598,0.0009997022862398188,0.001645511683501866,0.004259303000951315,"scope_slr_pulse_vv.jl | SLR-RFF-BRICK 39cedc0 | Ladrillo L27 (v1.2) | draws parameters_subsample_brick_mengel_L27.csv, 500/chain | paleo assignment :single (seed 20260920) | land-water anchor :zero_at_first_year | lws observed | climate MAGICC-SLR 600 members, vv_pulse_wide_20261009 | forcing spliced | tap true | pair seed 2026 | record conditioning: common draw set with the FaIR arm, dropped 2 of 2000 | pulse 0.01 GtCH4 at 2030 | cm rel 1995-2014 | julia 1.12.6"
2136,total,0.0025479535434911327,0.005675368134906741,0.0009992406962442257,0.0016389887353390974,0.004256573476234845,"scope_slr_pulse_vv.jl | SLR-RFF-BRICK 39cedc0 | Ladrillo L27 (v1.2) | draws parameters_subsample_brick_mengel_L27.csv, 500/chain | paleo assignment :single (seed 20260920) | land-water anchor :zero_at_first_year | lws observed | climate MAGICC-SLR 600 members, vv_pulse_wide_20261009 | forcing spliced | tap true | pair seed 2026 | record conditioning: common draw set with the FaIR arm, dropped 2 of 2000 | pulse 0.01 GtCH4 at 2030 | cm rel 1995-2014 | julia 1.12.6"
2137,total,0.0025400639019039772,0.00566679318810404,0.0009987790073824406,0.0016319742407343795,0.0042566955973498445,"scope_slr_pulse_vv.jl | SLR-RFF-BRICK 39cedc0 | Ladrillo L27 (v1.2) | draws parameters_subsample_brick_mengel_L27.csv, 500/chain | paleo assignment :single (seed 20260920) | land-water anchor :zero_at_first_year | lws observed | climate MAGICC-SLR 600 members, vv_pulse_wide_20261009 | forcing spliced | tap true | pair seed 2026 | record conditioning: common draw set with the FaIR arm, dropped 2 of 2000 | pulse 0.01 GtCH4 at 2030 | cm rel 1995-2014 | julia 1.12.6"
2138,total,0.002531138133143429,0.0056583553102343654,0.0009983171996980809,0.001625851726846861,0.004258774078803639,"scope_slr_pulse_vv.jl | SLR-RFF-BRICK 39cedc0 | Ladrillo L27 (v1.2) | draws parameters_subsample_brick_mengel_L27.csv, 500/chain | paleo assignment :single (seed 20260920) | land-water anchor :zero_at_first_year | lws observed | climate MAGICC-SLR 600 members, vv_pulse_wide_20261009 | forcing spliced | tap true | pair seed 2026 | record conditioning: common draw set with the FaIR arm, dropped 2 of 2000 | pulse 0.01 GtCH4 at 2030 | cm rel 1995-2014 | julia 1.12.6"
2139,total,0.0025231684631563667,0.005650051828152756,0.000997855222359568,0.0016198811115334167,0.004258828670725734,"scope_slr_pulse_vv.jl | SLR-RFF-BRICK 39cedc0 | Ladrillo L27 (v1.2) | draws parameters_subsample_brick_mengel_L27.csv, 500/chain | paleo assignment :single (seed 20260920) | land-water anchor :zero_at_first_year | lws observed | climate MAGICC-SLR 600 members, vv_pulse_wide_20261009 | forcing spliced | tap true | pair seed 2026 | record conditioning: common draw set with the FaIR arm, dropped 2 of 2000 | pulse 0.01 GtCH4 at 2030 | cm rel 1995-2014 | julia 1.12.6"
2140,total,0.002515572152596235,0.00564188182022688,0.0009973930238486202,0.001614014327551061,0.004253073702795971,"scope_slr_pulse_vv.jl | SLR-RFF-BRICK 39cedc0 | Ladrillo L27 (v1.2) | draws parameters_subsample_brick_mengel_L27.csv, 500/chain | paleo assignment :single (seed 20260920) | land-water anchor :zero_at_first_year | lws observed | climate MAGICC-SLR 600 members, vv_pulse_wide_20261009 | forcing spliced | tap true | pair seed 2026 | record conditioning: common draw set with the FaIR arm, dropped 2 of 2000 | pulse 0.01 GtCH4 at 2030 | cm rel 1995-2014 | julia 1.12.6"
2141,total,0.0025070046676916036,0.005633813165260612,0.0009969305682145445,0.0016082476675716606,0.0042471473267681826,"scope_slr_pulse_vv.jl | SLR-RFF-BRICK 39cedc0 | Ladrillo L27 (v1.2) | draws parameters_subsample_brick_mengel_L27.csv, 500/chain | paleo assignment :single (seed 20260920) | land-water anchor :zero_at_first_year | lws observed | climate MAGICC-SLR 600 members, vv_pulse_wide_20261009 | forcing spliced | tap true | pair seed 2026 | record conditioning: common draw set with the FaIR arm, dropped 2 of 2000 | pulse 0.01 GtCH4 at 2030 | cm rel 1995-2014 | julia 1.12.6"
2142,total,0.002500227784040021,0.005626055890878429,0.0009964672773718386,0.001602577162591956,0.004240247935614147,"scope_slr_pulse_vv.jl | SLR-RFF-BRICK 39cedc0 | Ladrillo L27 (v1.2) | draws parameters_subsample_brick_mengel_L27.csv, 500/chain | paleo assignment :single (seed 20260920) | land-water anchor :zero_at_first_year | lws observed | climate MAGICC-SLR 600 members, vv_pulse_wide_20261009 | forcing spliced | tap true | pair seed 2026 | record conditioning: common draw set with the FaIR arm, dropped 2 of 2000 | pulse 0.01 GtCH4 at 2030 | cm rel 1995-2014 | julia 1.12.6"
2143,total,0.0024944221483949036,0.00595929019086759,0.0010521327544322826,0.0015971062848194606,0.004255436998143125,"scope_slr_pulse_vv.jl | SLR-RFF-BRICK 39cedc0 | Ladrillo L27 (v1.2) | draws parameters_subsample_brick_mengel_L27.csv, 500/chain | paleo assignment :single (seed 20260920) | land-water anchor :zero_at_first_year | lws observed | climate MAGICC-SLR 600 members, vv_pulse_wide_20261009 | forcing spliced | tap true | pair seed 2026 | record conditioning: common draw set with the FaIR arm, dropped 2 of 2000 | pulse 0.01 GtCH4 at 2030 | cm rel 1995-2014 | julia 1.12.6"
2144,total,0.0024888505549895967,0.005953671215498721,0.0010523841434713248,0.0015915037683711828,0.004249724753826456,"scope_slr_pulse_vv.jl | SLR-RFF-BRICK 39cedc0 | Ladrillo L27 (v1.2) | draws parameters_subsample_brick_mengel_L27.csv, 500/chain | paleo assignment :single (seed 20260920) | land-water anchor :zero_at_first_year | lws observed | climate MAGICC-SLR 600 members, vv_pulse_wide_20261009 | forcing spliced | tap true | pair seed 2026 | record conditioning: common draw set with the FaIR arm, dropped 2 of 2000 | pulse 0.01 GtCH4 at 2030 | cm rel 1995-2014 | julia 1.12.6"
2145,total,0.0024817691884848614,0.005945921739434101,0.0010519075814889533,0.0015843642757111809,0.0042434634984061855,"scope_slr_pulse_vv.jl | SLR-RFF-BRICK 39cedc0 | Ladrillo L27 (v1.2) | draws parameters_subsample_brick_mengel_L27.csv, 500/chain | paleo assignment :single (seed 20260920) | land-water anchor :zero_at_first_year | lws observed | climate MAGICC-SLR 600 members, vv_pulse_wide_20261009 | forcing spliced | tap true | pair seed 2026 | record conditioning: common draw set with the FaIR arm, dropped 2 of 2000 | pulse 0.01 GtCH4 at 2030 | cm rel 1995-2014 | julia 1.12.6"
2146,total,0.0024749242750345957,0.005938276087697891,0.0010514257179214505,0.0015800033501875532,0.0042366674724135574,"scope_slr_pulse_vv.jl | SLR-RFF-BRICK 39cedc0 | Ladrillo L27 (v1.2) | draws parameters_subsample_brick_mengel_L27.csv, 500/chain | paleo assignment :single (seed 20260920) | land-water anchor :zero_at_first_year | lws observed | climate MAGICC-SLR 600 members, vv_pulse_wide_20261009 | forcing spliced | tap true | pair seed 2026 | record conditioning: common draw set with the FaIR arm, dropped 2 of 2000 | pulse 0.01 GtCH4 at 2030 | cm rel 1995-2014 | julia 1.12.6"
2147,total,0.002467770887207621,0.0059307534391678995,0.0010509435490698368,0.0015758149815994216,0.004230223562100832,"scope_slr_pulse_vv.jl | SLR-RFF-BRICK 39cedc0 | Ladrillo L27 (v1.2) | draws parameters_subsample_brick_mengel_L27.csv, 500/chain | paleo assignment :single (seed 20260920) | land-water anchor :zero_at_first_year | lws observed | climate MAGICC-SLR 600 members, vv_pulse_wide_20261009 | forcing spliced | tap true | pair seed 2026 | record conditioning: common draw set with the FaIR arm, dropped 2 of 2000 | pulse 0.01 GtCH4 at 2030 | cm rel 1995-2014 | julia 1.12.6"
2148,total,0.0024601060848752354,0.0059233489992311225,0.0010504611272081565,0.0015706459326715106,0.004224129313750779,"scope_slr_pulse_vv.jl | SLR-RFF-BRICK 39cedc0 | Ladrillo L27 (v1.2) | draws parameters_subsample_brick_mengel_L27.csv, 500/chain | paleo assignment :single (seed 20260920) | land-water anchor :zero_at_first_year | lws observed | climate MAGICC-SLR 600 members, vv_pulse_wide_20261009 | forcing spliced | tap true | pair seed 2026 | record conditioning: common draw set with the FaIR arm, dropped 2 of 2000 | pulse 0.01 GtCH4 at 2030 | cm rel 1995-2014 | julia 1.12.6"
2149,total,0.002453394679648113,0.005916056715067101,0.0010499785093229684,0.0015654026989651015,0.004218382089635497,"scope_slr_pulse_vv.jl | SLR-RFF-BRICK 39cedc0 | Ladrillo L27 (v1.2) | draws parameters_subsample_brick_mengel_L27.csv, 500/chain | paleo assignment :single (seed 20260920) | land-water anchor :zero_at_first_year | lws observed | climate MAGICC-SLR 600 members, vv_pulse_wide_20261009 | forcing spliced | tap true | pair seed 2026 | record conditioning: common draw set with the FaIR arm, dropped 2 of 2000 | pulse 0.01 GtCH4 at 2030 | cm rel 1995-2014 | julia 1.12.6"
2150,total,0.002447133138268498,0.00590887916473196,0.0010494957094785318,0.0015604468460715282,0.004212979970131413,"scope_slr_pulse_vv.jl | SLR-RFF-BRICK 39cedc0 | Ladrillo L27 (v1.2) | draws parameters_subsample_brick_mengel_L27.csv, 500/chain | paleo assignment :single (seed 20260920) | land-water anchor :zero_at_first_year | lws observed | climate MAGICC-SLR 600 members, vv_pulse_wide_20261009 | forcing spliced | tap true | pair seed 2026 | record conditioning: common draw set with the FaIR arm, dropped 2 of 2000 | pulse 0.01 GtCH4 at 2030 | cm rel 1995-2014 | julia 1.12.6"
2151,total,0.002440316642307039,0.005901812881461264,0.0010490127075322377,0.0015555773306218158,0.00420791864087988,"scope_slr_pulse_vv.jl | SLR-RFF-BRICK 39cedc0 | Ladrillo L27 (v1.2) | draws parameters_subsample_brick_mengel_L27.csv, 500/chain | paleo assignment :single (seed 20260920) | land-water anchor :zero_at_first_year | lws observed | climate MAGICC-SLR 600 members, vv_pulse_wide_20261009 | forcing spliced | tap true | pair seed 2026 | record conditioning: common draw set with the FaIR arm, dropped 2 of 2000 | pulse 0.01 GtCH4 at 2030 | cm rel 1995-2014 | julia 1.12.6"
2152,total,0.0024339563650244145,0.005894856111414882,0.00104852946255604,0.0015507915641336466,0.004203195466349995,"scope_slr_pulse_vv.jl | SLR-RFF-BRICK 39cedc0 | Ladrillo L27 (v1.2) | draws parameters_subsample_brick_mengel_L27.csv, 500/chain | paleo assignment :single (seed 20260920) | land-water anchor :zero_at_first_year | lws observed | climate MAGICC-SLR 600 members, vv_pulse_wide_20261009 | forcing spliced | tap true | pair seed 2026 | record conditioning: common draw set with the FaIR arm, dropped 2 of 2000 | pulse 0.01 GtCH4 at 2030 | cm rel 1995-2014 | julia 1.12.6"
2153,total,0.00242743331075701,0.005888001098118132,0.001048045824373478,0.001546083415342281,0.0041985034463465345,"scope_slr_pulse_vv.jl | SLR-RFF-BRICK 39cedc0 | Ladrillo L27 (v1.2) | draws parameters_subsample_brick_mengel_L27.csv, 500/chain | paleo assignment :single (seed 20260920) | land-water anchor :zero_at_first_year | lws observed | climate MAGICC-SLR 600 members, vv_pulse_wide_20261009 | forcing spliced | tap true | pair seed 2026 | record conditioning: common draw set with the FaIR arm, dropped 2 of 2000 | pulse 0.01 GtCH4 at 2030 | cm rel 1995-2014 | julia 1.12.6"
2154,total,0.0024209641235657386,0.005881238166008924,0.001047561548430856,0.0015412394908253192,0.004194918737596254,"scope_slr_pulse_vv.jl | SLR-RFF-BRICK 39cedc0 | Ladrillo L27 (v1.2) | draws parameters_subsample_brick_mengel_L27.csv, 500/chain | paleo assignment :single (seed 20260920) | land-water anchor :zero_at_first_year | lws observed | climate MAGICC-SLR 600 members, vv_pulse_wide_20261009 | forcing spliced | tap true | pair seed 2026 | record conditioning: common draw set with the FaIR arm, dropped 2 of 2000 | pulse 0.01 GtCH4 at 2030 | cm rel 1995-2014 | julia 1.12.6"
2155,total,0.0024150323404938945,0.005874562951438589,0.00104707656936527,0.0015334988039313658,0.004190973760920257,"scope_slr_pulse_vv.jl | SLR-RFF-BRICK 39cedc0 | Ladrillo L27 (v1.2) | draws parameters_subsample_brick_mengel_L27.csv, 500/chain | paleo assignment :single (seed 20260920) | land-water anchor :zero_at_first_year | lws observed | climate MAGICC-SLR 600 members, vv_pulse_wide_20261009 | forcing spliced | tap true | pair seed 2026 | record conditioning: common draw set with the FaIR arm, dropped 2 of 2000 | pulse 0.01 GtCH4 at 2030 | cm rel 1995-2014 | julia 1.12.6"
2156,total,0.002409179561460917,0.005867979128536104,0.0010465909874669522,0.0015258623727419263,0.0041875440844393085,"scope_slr_pulse_vv.jl | SLR-RFF-BRICK 39cedc0 | Ladrillo L27 (v1.2) | draws parameters_subsample_brick_mengel_L27.csv, 500/chain | paleo assignment :single (seed 20260920) | land-water anchor :zero_at_first_year | lws observed | climate MAGICC-SLR 600 members, vv_pulse_wide_20261009 | forcing spliced | tap true | pair seed 2026 | record conditioning: common draw set with the FaIR arm, dropped 2 of 2000 | pulse 0.01 GtCH4 at 2030 | cm rel 1995-2014 | julia 1.12.6"
2157,total,0.0024047469558752255,0.005861489964364403,0.0010461049794225495,0.0015183325393003599,0.004184690276333924,"scope_slr_pulse_vv.jl | SLR-RFF-BRICK 39cedc0 | Ladrillo L27 (v1.2) | draws parameters_subsample_brick_mengel_L27.csv, 500/chain | paleo assignment :single (seed 20260920) | land-water anchor :zero_at_first_year | lws observed | climate MAGICC-SLR 600 members, vv_pulse_wide_20261009 | forcing spliced | tap true | pair seed 2026 | record conditioning: common draw set with the FaIR arm, dropped 2 of 2000 | pulse 0.01 GtCH4 at 2030 | cm rel 1995-2014 | julia 1.12.6"
2158,total,0.002400370221444348,0.00585509784431945,0.0010456187321781832,0.0015123530681819374,0.004181142001641547,"scope_slr_pulse_vv.jl | SLR-RFF-BRICK 39cedc0 | Ladrillo L27 (v1.2) | draws parameters_subsample_brick_mengel_L27.csv, 500/chain | paleo assignment :single (seed 20260920) | land-water anchor :zero_at_first_year | lws observed | climate MAGICC-SLR 600 members, vv_pulse_wide_20261009 | forcing spliced | tap true | pair seed 2026 | record conditioning: common draw set with the FaIR arm, dropped 2 of 2000 | pulse 0.01 GtCH4 at 2030 | cm rel 1995-2014 | julia 1.12.6"
2159,total,0.002394296337413948,0.005848808176746971,0.0010451324302874756,0.0015083881288894929,0.004178889516637696,"scope_slr_pulse_vv.jl | SLR-RFF-BRICK 39cedc0 | Ladrillo L27 (v1.2) | draws parameters_subsample_brick_mengel_L27.csv, 500/chain | paleo assignment :single (seed 20260920) | land-water anchor :zero_at_first_year | lws observed | climate MAGICC-SLR 600 members, vv_pulse_wide_20261009 | forcing spliced | tap true | pair seed 2026 | record conditioning: common draw set with the FaIR arm, dropped 2 of 2000 | pulse 0.01 GtCH4 at 2030 | cm rel 1995-2014 | julia 1.12.6"
2160,total,0.0023870384107027576,0.005842624819136132,0.0010446461663582496,0.0015047678612525317,0.004176786069716343,"scope_slr_pulse_vv.jl | SLR-RFF-BRICK 39cedc0 | Ladrillo L27 (v1.2) | draws parameters_subsample_brick_mengel_L27.csv, 500/chain | paleo assignment :single (seed 20260920) | land-water anchor :zero_at_first_year | lws observed | climate MAGICC-SLR 600 members, vv_pulse_wide_20261009 | forcing spliced | tap true | pair seed 2026 | record conditioning: common draw set with the FaIR arm, dropped 2 of 2000 | pulse 0.01 GtCH4 at 2030 | cm rel 1995-2014 | julia 1.12.6"
2161,total,0.0023812879392153263,0.005836545439673052,0.0010441599308933806,0.001501204554551805,0.0041749629928801825,"scope_slr_pulse_vv.jl | SLR-RFF-BRICK 39cedc0 | Ladrillo L27 (v1.2) | draws parameters_subsample_brick_mengel_L27.csv, 500/chain | paleo assignment :single (seed 20260920) | land-water anchor :zero_at_first_year | lws observed | climate MAGICC-SLR 600 members, vv_pulse_wide_20261009 | forcing spliced | tap true | pair seed 2026 | record conditioning: common draw set with the FaIR arm, dropped 2 of 2000 | pulse 0.01 GtCH4 at 2030 | cm rel 1995-2014 | julia 1.12.6"
2162,total,0.002375626056071667,0.005830566089229637,0.001043673647163071,0.0014976968973797967,0.0041720854397908624,"scope_slr_pulse_vv.jl | SLR-RFF-BRICK 39cedc0 | Ladrillo L27 (v1.2) | draws parameters_subsample_brick_mengel_L27.csv, 500/chain | paleo assignment :single (seed 20260920) | land-water anchor :zero_at_first_year | lws observed | climate MAGICC-SLR 600 members, vv_pulse_wide_20261009 | forcing spliced | tap true | pair seed 2026 | record conditioning: common draw set with the FaIR arm, dropped 2 of 2000 | pulse 0.01 GtCH4 at 2030 | cm rel 1995-2014 | julia 1.12.6"
2163,total,0.0023710045794160806,0.005824680374742893,0.0010431871220482492,0.0014920602629388215,0.004167972366632,"scope_slr_pulse_vv.jl | SLR-RFF-BRICK 39cedc0 | Ladrillo L27 (v1.2) | draws parameters_subsample_brick_mengel_L27.csv, 500/chain | paleo assignment :single (seed 20260920) | land-water anchor :zero_at_first_year | lws observed | climate MAGICC-SLR 600 members, vv_pulse_wide_20261009 | forcing spliced | tap true | pair seed 2026 | record conditioning: common draw set with the FaIR arm, dropped 2 of 2000 | pulse 0.01 GtCH4 at 2030 | cm rel 1995-2014 | julia 1.12.6"
2164,total,0.002367136303270456,0.005818881555461749,0.001042700079887283,0.0014860931433759105,0.0041655899363561835,"scope_slr_pulse_vv.jl | SLR-RFF-BRICK 39cedc0 | Ladrillo L27 (v1.2) | draws parameters_subsample_brick_mengel_L27.csv, 500/chain | paleo assignment :single (seed 20260920) | land-water anchor :zero_at_first_year | lws observed | climate MAGICC-SLR 600 members, vv_pulse_wide_20261009 | forcing spliced | tap true | pair seed 2026 | record conditioning: common draw set with the FaIR arm, dropped 2 of 2000 | pulse 0.01 GtCH4 at 2030 | cm rel 1995-2014 | julia 1.12.6"
2165,total,0.0023631444879441688,0.005813159843439684,0.0010422122519525012,0.0014819426900423594,0.00416376539850205,"scope_slr_pulse_vv.jl | SLR-RFF-BRICK 39cedc0 | Ladrillo L27 (v1.2) | draws parameters_subsample_brick_mengel_L27.csv, 500/chain | paleo assignment :single (seed 20260920) | land-water anchor :zero_at_first_year | lws observed | climate MAGICC-SLR 600 members, vv_pulse_wide_20261009 | forcing spliced | tap true | pair seed 2026 | record conditioning: common draw set with the FaIR arm, dropped 2 of 2000 | pulse 0.01 GtCH4 at 2030 | cm rel 1995-2014 | julia 1.12.6"
2166,total,0.002357097864546631,0.00580751862699103,0.001041723870533652,0.0014779374522298383,0.004167056767788324,"scope_slr_pulse_vv.jl | SLR-RFF-BRICK 39cedc0 | Ladrillo L27 (v1.2) | draws parameters_subsample_brick_mengel_L27.csv, 500/chain | paleo assignment :single (seed 20260920) | land-water anchor :zero_at_first_year | lws observed | climate MAGICC-SLR 600 members, vv_pulse_wide_20261009 | forcing spliced | tap true | pair seed 2026 | record conditioning: common draw set with the FaIR arm, dropped 2 of 2000 | pulse 0.01 GtCH4 at 2030 | cm rel 1995-2014 | julia 1.12.6"
2167,total,0.0023512108032974766,0.0058019625362025935,0.001041235050185374,0.0014739762592554941,0.004165567556144368,"scope_slr_pulse_vv.jl | SLR-RFF-BRICK 39cedc0 | Ladrillo L27 (v1.2) | draws parameters_subsample_brick_mengel_L27.csv, 500/chain | paleo assignment :single (seed 20260920) | land-water anchor :zero_at_first_year | lws observed | climate MAGICC-SLR 600 members, vv_pulse_wide_20261009 | forcing spliced | tap true | pair seed 2026 | record conditioning: common draw set with the FaIR arm, dropped 2 of 2000 | pulse 0.01 GtCH4 at 2030 | cm rel 1995-2014 | julia 1.12.6"
2168,total,0.0023461000351545636,0.005796497163243211,0.001040746106437773,0.001470532636240307,0.004166153282470474,"scope_slr_pulse_vv.jl | SLR-RFF-BRICK 39cedc0 | Ladrillo L27 (v1.2) | draws parameters_subsample_brick_mengel_L27.csv, 500/chain | paleo assignment :single (seed 20260920) | land-water anchor :zero_at_first_year | lws observed | climate MAGICC-SLR 600 members, vv_pulse_wide_20261009 | forcing spliced | tap true | pair seed 2026 | record conditioning: common draw set with the FaIR arm, dropped 2 of 2000 | pulse 0.01 GtCH4 at 2030 | cm rel 1995-2014 | julia 1.12.6"
2169,total,0.002341561967810435,0.0057911259524462445,0.0010402572382397714,0.001467210780806738,0.004165890189608489,"scope_slr_pulse_vv.jl | SLR-RFF-BRICK 39cedc0 | Ladrillo L27 (v1.2) | draws parameters_subsample_brick_mengel_L27.csv, 500/chain | paleo assignment :single (seed 20260920) | land-water anchor :zero_at_first_year | lws observed | climate MAGICC-SLR 600 members, vv_pulse_wide_20261009 | forcing spliced | tap true | pair seed 2026 | record conditioning: common draw set with the FaIR arm, dropped 2 of 2000 | pulse 0.01 GtCH4 at 2030 | cm rel 1995-2014 | julia 1.12.6"
2170,total,0.0023374311347907906,0.005785849175073943,0.0010397684861939327,0.0014639326835819589,0.004165986119357966,"scope_slr_pulse_vv.jl | SLR-RFF-BRICK 39cedc0 | Ladrillo L27 (v1.2) | draws parameters_subsample_brick_mengel_L27.csv, 500/chain | paleo assignment :single (seed 20260920) | land-water anchor :zero_at_first_year | lws observed | climate MAGICC-SLR 600 members, vv_pulse_wide_20261009 | forcing spliced | tap true | pair seed 2026 | record conditioning: common draw set with the FaIR arm, dropped 2 of 2000 | pulse 0.01 GtCH4 at 2030 | cm rel 1995-2014 | julia 1.12.6"
2171,total,0.0023327366393672833,0.005780664213639441,0.0010392798169085009,0.0014606974213641878,0.004165627534753468,"scope_slr_pulse_vv.jl | SLR-RFF-BRICK 39cedc0 | Ladrillo L27 (v1.2) | draws parameters_subsample_brick_mengel_L27.csv, 500/chain | paleo assignment :single (seed 20260920) | land-water anchor :zero_at_first_year | lws observed | climate MAGICC-SLR 600 members, vv_pulse_wide_20261009 | forcing spliced | tap true | pair seed 2026 | record conditioning: common draw set with the FaIR arm, dropped 2 of 2000 | pulse 0.01 GtCH4 at 2030 | cm rel 1995-2014 | julia 1.12.6"
2172,total,0.0023264532022437834,0.005775570075955974,0.001038791152241517,0.001455424896638391,0.004165360871529344,"scope_slr_pulse_vv.jl | SLR-RFF-BRICK 39cedc0 | Ladrillo L27 (v1.2) | draws parameters_subsample_brick_mengel_L27.csv, 500/chain | paleo assignment :single (seed 20260920) | land-water anchor :zero_at_first_year | lws observed | climate MAGICC-SLR 600 members, vv_pulse_wide_20261009 | forcing spliced | tap true | pair seed 2026 | record conditioning: common draw set with the FaIR arm, dropped 2 of 2000 | pulse 0.01 GtCH4 at 2030 | cm rel 1995-2014 | julia 1.12.6"
2173,total,0.002321028696655958,0.005770562867043354,0.001038302351107348,0.0014531276119200244,0.004166733290146851,"scope_slr_pulse_vv.jl | SLR-RFF-BRICK 39cedc0 | Ladrillo L27 (v1.2) | draws parameters_subsample_brick_mengel_L27.csv, 500/chain | paleo assignment :single (seed 20260920) | land-water anchor :zero_at_first_year | lws observed | climate MAGICC-SLR 600 members, vv_pulse_wide_20261009 | forcing spliced | tap true | pair seed 2026 | record conditioning: common draw set with the FaIR arm, dropped 2 of 2000 | pulse 0.01 GtCH4 at 2030 | cm rel 1995-2014 | julia 1.12.6"
2174,total,0.0023170331341475503,0.005765631892955308,0.001037813164460833,0.0014510514056645719,0.004171384458652482,"scope_slr_pulse_vv.jl | SLR-RFF-BRICK 39cedc0 | Ladrillo L27 (v1.2) | draws parameters_subsample_brick_mengel_L27.csv, 500/chain | paleo assignment :single (seed 20260920) | land-water anchor :zero_at_first_year | lws observed | climate MAGICC-SLR 600 members, vv_pulse_wide_20261009 | forcing spliced | tap true | pair seed 2026 | record conditioning: common draw set with the FaIR arm, dropped 2 of 2000 | pulse 0.01 GtCH4 at 2030 | cm rel 1995-2014 | julia 1.12.6"
2175,total,0.002313770822311767,0.005760774656504498,0.0010373234980578857,0.001449016421190663,0.004176275779391857,"scope_slr_pulse_vv.jl | SLR-RFF-BRICK 39cedc0 | Ladrillo L27 (v1.2) | draws parameters_subsample_brick_mengel_L27.csv, 500/chain | paleo assignment :single (seed 20260920) | land-water anchor :zero_at_first_year | lws observed | climate MAGICC-SLR 600 members, vv_pulse_wide_20261009 | forcing spliced | tap true | pair seed 2026 | record conditioning: common draw set with the FaIR arm, dropped 2 of 2000 | pulse 0.01 GtCH4 at 2030 | cm rel 1995-2014 | julia 1.12.6"
2176,total,0.0023105535251914944,0.005755991735353296,0.00103683334537304,0.0014465187256597289,0.004180714775560546,"scope_slr_pulse_vv.jl | SLR-RFF-BRICK 39cedc0 | Ladrillo L27 (v1.2) | draws parameters_subsample_brick_mengel_L27.csv, 500/chain | paleo assignment :single (seed 20260920) | land-water anchor :zero_at_first_year | lws observed | climate MAGICC-SLR 600 members, vv_pulse_wide_20261009 | forcing spliced | tap true | pair seed 2026 | record conditioning: common draw set with the FaIR arm, dropped 2 of 2000 | pulse 0.01 GtCH4 at 2030 | cm rel 1995-2014 | julia 1.12.6"
2177,total,0.002307381421928767,0.00575128493495088,0.001036342812651985,0.0014435058718881067,0.0041818329337033324,"scope_slr_pulse_vv.jl | SLR-RFF-BRICK 39cedc0 | Ladrillo L27 (v1.2) | draws parameters_subsample_brick_mengel_L27.csv, 500/chain | paleo assignment :single (seed 20260920) | land-water anchor :zero_at_first_year | lws observed | climate MAGICC-SLR 600 members, vv_pulse_wide_20261009 | forcing spliced | tap true | pair seed 2026 | record conditioning: common draw set with the FaIR arm, dropped 2 of 2000 | pulse 0.01 GtCH4 at 2030 | cm rel 1995-2014 | julia 1.12.6"
2178,total,0.0023035754196740754,0.005746656247636934,0.001035852122066604,0.0014403762674575658,0.00418912871633097,"scope_slr_pulse_vv.jl | SLR-RFF-BRICK 39cedc0 | Ladrillo L27 (v1.2) | draws parameters_subsample_brick_mengel_L27.csv, 500/chain | paleo assignment :single (seed 20260920) | land-water anchor :zero_at_first_year | lws observed | climate MAGICC-SLR 600 members, vv_pulse_wide_20261009 | forcing spliced | tap true | pair seed 2026 | record conditioning: common draw set with the FaIR arm, dropped 2 of 2000 | pulse 0.01 GtCH4 at 2030 | cm rel 1995-2014 | julia 1.12.6"
2179,total,0.0022999929043265865,0.005742108496790547,0.0010353614887635013,0.0014368501577429527,0.004196484809477851,"scope_slr_pulse_vv.jl | SLR-RFF-BRICK 39cedc0 | Ladrillo L27 (v1.2) | draws parameters_subsample_brick_mengel_L27.csv, 500/chain | paleo assignment :single (seed 20260920) | land-water anchor :zero_at_first_year | lws observed | climate MAGICC-SLR 600 members, vv_pulse_wide_20261009 | forcing spliced | tap true | pair seed 2026 | record conditioning: common draw set with the FaIR arm, dropped 2 of 2000 | pulse 0.01 GtCH4 at 2030 | cm rel 1995-2014 | julia 1.12.6"
2180,total,0.0022963266896312007,0.005737643028682528,0.0010348709841576965,0.0014346661859462983,0.0042019355941974364,"scope_slr_pulse_vv.jl | SLR-RFF-BRICK 39cedc0 | Ladrillo L27 (v1.2) | draws parameters_subsample_brick_mengel_L27.csv, 500/chain | paleo assignment :single (seed 20260920) | land-water anchor :zero_at_first_year | lws observed | climate MAGICC-SLR 600 members, vv_pulse_wide_20261009 | forcing spliced | tap true | pair seed 2026 | record conditioning: common draw set with the FaIR arm, dropped 2 of 2000 | pulse 0.01 GtCH4 at 2030 | cm rel 1995-2014 | julia 1.12.6"
2181,total,0.002292449730632029,0.00573325903458734,0.0010343806481466645,0.0014326359468974205,0.004207579118993009,"scope_slr_pulse_vv.jl | SLR-RFF-BRICK 39cedc0 | Ladrillo L27 (v1.2) | draws parameters_subsample_brick_mengel_L27.csv, 500/chain | paleo assignment :single (seed 20260920) | land-water anchor :zero_at_first_year | lws observed | climate MAGICC-SLR 600 members, vv_pulse_wide_20261009 | forcing spliced | tap true | pair seed 2026 | record conditioning: common draw set with the FaIR arm, dropped 2 of 2000 | pulse 0.01 GtCH4 at 2030 | cm rel 1995-2014 | julia 1.12.6"
2182,total,0.0022883150484602766,0.0057289558590789,0.0010338904720500494,0.0014302286362429585,0.004212713781539889,"scope_slr_pulse_vv.jl | SLR-RFF-BRICK 39cedc0 | Ladrillo L27 (v1.2) | draws parameters_subsample_brick_mengel_L27.csv, 500/chain | paleo assignment :single (seed 20260920) | land-water anchor :zero_at_first_year | lws observed | climate MAGICC-SLR 600 members, vv_pulse_wide_20261009 | forcing spliced | tap true | pair seed 2026 | record conditioning: common draw set with the FaIR arm, dropped 2 of 2000 | pulse 0.01 GtCH4 at 2030 | cm rel 1995-2014 | julia 1.12.6"
2183,total,0.0022851187004278017,0.00572473145890923,0.0010334004406199922,0.0014278000010335746,0.004217613788125618,"scope_slr_pulse_vv.jl | SLR-RFF-BRICK 39cedc0 | Ladrillo L27 (v1.2) | draws parameters_subsample_brick_mengel_L27.csv, 500/chain | paleo assignment :single (seed 20260920) | land-water anchor :zero_at_first_year | lws observed | climate MAGICC-SLR 600 members, vv_pulse_wide_20261009 | forcing spliced | tap true | pair seed 2026 | record conditioning: common draw set with the FaIR arm, dropped 2 of 2000 | pulse 0.01 GtCH4 at 2030 | cm rel 1995-2014 | julia 1.12.6"
2184,total,0.002281137298254521,0.0057205856620760375,0.0010329105137151502,0.0014250276809320893,0.004217712387752214,"scope_slr_pulse_vv.jl | SLR-RFF-BRICK 39cedc0 | Ladrillo L27 (v1.2) | draws parameters_subsample_brick_mengel_L27.csv, 500/chain | paleo assignment :single (seed 20260920) | land-water anchor :zero_at_first_year | lws observed | climate MAGICC-SLR 600 members, vv_pulse_wide_20261009 | forcing spliced | tap true | pair seed 2026 | record conditioning: common draw set with the FaIR arm, dropped 2 of 2000 | pulse 0.01 GtCH4 at 2030 | cm rel 1995-2014 | julia 1.12.6"
2185,total,0.0022773157038784575,0.0057165151646981814,0.001032420616854062,0.001421663169278986,0.004218619313948578,"scope_slr_pulse_vv.jl | SLR-RFF-BRICK 39cedc0 | Ladrillo L27 (v1.2) | draws parameters_subsample_brick_mengel_L27.csv, 500/chain | paleo assignment :single (seed 20260920) | land-water anchor :zero_at_first_year | lws observed | climate MAGICC-SLR 600 members, vv_pulse_wide_20261009 | forcing spliced | tap true | pair seed 2026 | record conditioning: common draw set with the FaIR arm, dropped 2 of 2000 | pulse 0.01 GtCH4 at 2030 | cm rel 1995-2014 | julia 1.12.6"
2186,total,0.0022731842598915364,0.005712518279990108,0.0010319306196607363,0.0014181173813383908,0.004228821823514294,"scope_slr_pulse_vv.jl | SLR-RFF-BRICK 39cedc0 | Ladrillo L27 (v1.2) | draws parameters_subsample_brick_mengel_L27.csv, 500/chain | paleo assignment :single (seed 20260920) | land-water anchor :zero_at_first_year | lws observed | climate MAGICC-SLR 600 members, vv_pulse_wide_20261009 | forcing spliced | tap true | pair seed 2026 | record conditioning: common draw set with the FaIR arm, dropped 2 of 2000 | pulse 0.01 GtCH4 at 2030 | cm rel 1995-2014 | julia 1.12.6"
2187,total,0.0022695715790490567,0.005708589732385434,0.001031440290311284,0.0014146720866364147,0.004236460587023316,"scope_slr_pulse_vv.jl | SLR-RFF-BRICK 39cedc0 | Ladrillo L27 (v1.2) | draws parameters_subsample_brick_mengel_L27.csv, 500/chain | paleo assignment :single (seed 20260920) | land-water anchor :zero_at_first_year | lws observed | climate MAGICC-SLR 600 members, vv_pulse_wide_20261009 | forcing spliced | tap true | pair seed 2026 | record conditioning: common draw set with the FaIR arm, dropped 2 of 2000 | pulse 0.01 GtCH4 at 2030 | cm rel 1995-2014 | julia 1.12.6"
2188,total,0.0022659338329731327,0.005704726191423599,0.0010309496612985584,0.0014112667829323299,0.004239716980336539,"scope_slr_pulse_vv.jl | SLR-RFF-BRICK 39cedc0 | Ladrillo L27 (v1.2) | draws parameters_subsample_brick_mengel_L27.csv, 500/chain | paleo assignment :single (seed 20260920) | land-water anchor :zero_at_first_year | lws observed | climate MAGICC-SLR 600 members, vv_pulse_wide_20261009 | forcing spliced | tap true | pair seed 2026 | record conditioning: common draw set with the FaIR arm, dropped 2 of 2000 | pulse 0.01 GtCH4 at 2030 | cm rel 1995-2014 | julia 1.12.6"
2189,total,0.0022619882756771403,0.005700928427454101,0.0010304587856726198,0.0014079028203923373,0.004243165919115198,"scope_slr_pulse_vv.jl | SLR-RFF-BRICK 39cedc0 | Ladrillo L27 (v1.2) | draws parameters_subsample_brick_mengel_L27.csv, 500/chain | paleo assignment :single (seed 20260920) | land-water anchor :zero_at_first_year | lws observed | climate MAGICC-SLR 600 members, vv_pulse_wide_20261009 | forcing spliced | tap true | pair seed 2026 | record conditioning: common draw set with the FaIR arm, dropped 2 of 2000 | pulse 0.01 GtCH4 at 2030 | cm rel 1995-2014 | julia 1.12.6"
2190,total,0.002258426080715026,0.005697193934275732,0.0010299676978495328,0.0014055136091158716,0.004246803095038842,"scope_slr_pulse_vv.jl | SLR-RFF-BRICK 39cedc0 | Ladrillo L27 (v1.2) | draws parameters_subsample_brick_mengel_L27.csv, 500/chain | paleo assignment :single (seed 20260920) | land-water anchor :zero_at_first_year | lws observed | climate MAGICC-SLR 600 members, vv_pulse_wide_20261009 | forcing spliced | tap true | pair seed 2026 | record conditioning: common draw set with the FaIR arm, dropped 2 of 2000 | pulse 0.01 GtCH4 at 2030 | cm rel 1995-2014 | julia 1.12.6"
2191,total,0.0022550488308468175,0.00569352505392913,0.0010294766403597874,0.001402987686137891,0.004250624881430552,"scope_slr_pulse_vv.jl | SLR-RFF-BRICK 39cedc0 | Ladrillo L27 (v1.2) | draws parameters_subsample_brick_mengel_L27.csv, 500/chain | paleo assignment :single (seed 20260920) | land-water anchor :zero_at_first_year | lws observed | climate MAGICC-SLR 600 members, vv_pulse_wide_20261009 | forcing spliced | tap true | pair seed 2026 | record conditioning: common draw set with the FaIR arm, dropped 2 of 2000 | pulse 0.01 GtCH4 at 2030 | cm rel 1995-2014 | julia 1.12.6"
2192,total,0.0022523462832708674,0.005689924638996163,0.001028985800913934,0.0013987994197044884,0.004254630208907882,"scope_slr_pulse_vv.jl | SLR-RFF-BRICK 39cedc0 | Ladrillo L27 (v1.2) | draws parameters_subsample_brick_mengel_L27.csv, 500/chain | paleo assignment :single (seed 20260920) | land-water anchor :zero_at_first_year | lws observed | climate MAGICC-SLR 600 members, vv_pulse_wide_20261009 | forcing spliced | tap true | pair seed 2026 | record conditioning: common draw set with the FaIR arm, dropped 2 of 2000 | pulse 0.01 GtCH4 at 2030 | cm rel 1995-2014 | julia 1.12.6"
2193,total,0.0022492521138559596,0.005686393169774753,0.0010284952293669952,0.0013949226265097536,0.004258818410946217,"scope_slr_pulse_vv.jl | SLR-RFF-BRICK 39cedc0 | Ladrillo L27 (v1.2) | draws parameters_subsample_brick_mengel_L27.csv, 500/chain | paleo assignment :single (seed 20260920) | land-water anchor :zero_at_first_year | lws observed | climate MAGICC-SLR 600 members, vv_pulse_wide_20261009 | forcing spliced | tap true | pair seed 2026 | record conditioning: common draw set with the FaIR arm, dropped 2 of 2000 | pulse 0.01 GtCH4 at 2030 | cm rel 1995-2014 | julia 1.12.6"
2194,total,0.0022461935769513275,0.005682928911625208,0.001028004885650949,0.0013917737004319974,0.0042639885818744,"scope_slr_pulse_vv.jl | SLR-RFF-BRICK 39cedc0 | Ladrillo L27 (v1.2) | draws parameters_subsample_brick_mengel_L27.csv, 500/chain | paleo assignment :single (seed 20260920) | land-water anchor :zero_at_first_year | lws observed | climate MAGICC-SLR 600 members, vv_pulse_wide_20261009 | forcing spliced | tap true | pair seed 2026 | record conditioning: common draw set with the FaIR arm, dropped 2 of 2000 | pulse 0.01 GtCH4 at 2030 | cm rel 1995-2014 | julia 1.12.6"
2195,total,0.0022431713571933187,0.005679531333099902,0.0010275147196025921,0.0013886949697322847,0.004266996546033396,"scope_slr_pulse_vv.jl | SLR-RFF-BRICK 39cedc0 | Ladrillo L27 (v1.2) | draws parameters_subsample_brick_mengel_L27.csv, 500/chain | paleo assignment :single (seed 20260920) | land-water anchor :zero_at_first_year | lws observed | climate MAGICC-SLR 600 members, vv_pulse_wide_20261009 | forcing spliced | tap true | pair seed 2026 | record conditioning: common draw set with the FaIR arm, dropped 2 of 2000 | pulse 0.01 GtCH4 at 2030 | cm rel 1995-2014 | julia 1.12.6"
2196,total,0.0022412832266667237,0.005676198832825209,0.0010270246327051676,0.0013856907474661285,0.0042687455194425185,"scope_slr_pulse_vv.jl | SLR-RFF-BRICK 39cedc0 | Ladrillo L27 (v1.2) | draws parameters_subsample_brick_mengel_L27.csv, 500/chain | paleo assignment :single (seed 20260920) | land-water anchor :zero_at_first_year | lws observed | climate MAGICC-SLR 600 members, vv_pulse_wide_20261009 | forcing spliced | tap true | pair seed 2026 | record conditioning: common draw set with the FaIR arm, dropped 2 of 2000 | pulse 0.01 GtCH4 at 2030 | cm rel 1995-2014 | julia 1.12.6"
2197,total,0.002238826889040979,0.005672925352681351,0.0010265344001485492,0.0013826657425767054,0.004274324043305455,"scope_slr_pulse_vv.jl | SLR-RFF-BRICK 39cedc0 | Ladrillo L27 (v1.2) | draws parameters_subsample_brick_mengel_L27.csv, 500/chain | paleo assignment :single (seed 20260920) | land-water anchor :zero_at_first_year | lws observed | climate MAGICC-SLR 600 members, vv_pulse_wide_20261009 | forcing spliced | tap true | pair seed 2026 | record conditioning: common draw set with the FaIR arm, dropped 2 of 2000 | pulse 0.01 GtCH4 at 2030 | cm rel 1995-2014 | julia 1.12.6"
2198,total,0.0022360083686834287,0.005669711193787106,0.0010260438308975952,0.0013797035990634754,0.004281880310935548,"scope_slr_pulse_vv.jl | SLR-RFF-BRICK 39cedc0 | Ladrillo L27 (v1.2) | draws parameters_subsample_brick_mengel_L27.csv, 500/chain | paleo assignment :single (seed 20260920) | land-water anchor :zero_at_first_year | lws observed | climate MAGICC-SLR 600 members, vv_pulse_wide_20261009 | forcing spliced | tap true | pair seed 2026 | record conditioning: common draw set with the FaIR arm, dropped 2 of 2000 | pulse 0.01 GtCH4 at 2030 | cm rel 1995-2014 | julia 1.12.6"
2199,total,0.00223314266813901,0.00566655286918703,0.001025552921077467,0.0013758704169674729,0.004287765537426934,"scope_slr_pulse_vv.jl | SLR-RFF-BRICK 39cedc0 | Ladrillo L27 (v1.2) | draws parameters_subsample_brick_mengel_L27.csv, 500/chain | paleo assignment :single (seed 20260920) | land-water anchor :zero_at_first_year | lws observed | climate MAGICC-SLR 600 members, vv_pulse_wide_20261009 | forcing spliced | tap true | pair seed 2026 | record conditioning: common draw set with the FaIR arm, dropped 2 of 2000 | pulse 0.01 GtCH4 at 2030 | cm rel 1995-2014 | julia 1.12.6"
2200,total,0.002232769951305613,0.0056634516060838054,0.0010250618795908683,0.0013726337287565116,0.0042931048636773985,"scope_slr_pulse_vv.jl | SLR-RFF-BRICK 39cedc0 | Ladrillo L27 (v1.2) | draws parameters_subsample_brick_mengel_L27.csv, 500/chain | paleo assignment :single (seed 20260920) | land-water anchor :zero_at_first_year | lws observed | climate MAGICC-SLR 600 members, vv_pulse_wide_20261009 | forcing spliced | tap true | pair seed 2026 | record conditioning: common draw set with the FaIR arm, dropped 2 of 2000 | pulse 0.01 GtCH4 at 2030 | cm rel 1995-2014 | julia 1.12.6"
2201,total,0.002230251164633046,0.005660408539720423,0.0010245709308715437,0.0013696052609248,0.004298833001078605,"scope_slr_pulse_vv.jl | SLR-RFF-BRICK 39cedc0 | Ladrillo L27 (v1.2) | draws parameters_subsample_brick_mengel_L27.csv, 500/chain | paleo assignment :single (seed 20260920) | land-water anchor :zero_at_first_year | lws observed | climate MAGICC-SLR 600 members, vv_pulse_wide_20261009 | forcing spliced | tap true | pair seed 2026 | record conditioning: common draw set with the FaIR arm, dropped 2 of 2000 | pulse 0.01 GtCH4 at 2030 | cm rel 1995-2014 | julia 1.12.6"
2202,total,0.002227627807144472,0.00565742347733364,0.001024080295426899,0.0013664524256071788,0.004304619354493866,"scope_slr_pulse_vv.jl | SLR-RFF-BRICK 39cedc0 | Ladrillo L27 (v1.2) | draws parameters_subsample_brick_mengel_L27.csv, 500/chain | paleo assignment :single (seed 20260920) | land-water anchor :zero_at_first_year | lws observed | climate MAGICC-SLR 600 members, vv_pulse_wide_20261009 | forcing spliced | tap true | pair seed 2026 | record conditioning: common draw set with the FaIR arm, dropped 2 of 2000 | pulse 0.01 GtCH4 at 2030 | cm rel 1995-2014 | julia 1.12.6"
2203,total,0.0022249996440564246,0.005654498066281573,0.0010235900161168657,0.0013635577665581876,0.004310572799715828,"scope_slr_pulse_vv.jl | SLR-RFF-BRICK 39cedc0 | Ladrillo L27 (v1.2) | draws parameters_subsample_brick_mengel_L27.csv, 500/chain | paleo assignment :single (seed 20260920) | land-water anchor :zero_at_first_year | lws observed | climate MAGICC-SLR 600 members, vv_pulse_wide_20261009 | forcing spliced | tap true | pair seed 2026 | record conditioning: common draw set with the FaIR arm, dropped 2 of 2000 | pulse 0.01 GtCH4 at 2030 | cm rel 1995-2014 | julia 1.12.6"
2204,total,0.0022220716573286836,0.005651630675719821,0.0010231000767793213,0.0013607091335146038,0.004316691355688817,"scope_slr_pulse_vv.jl | SLR-RFF-BRICK 39cedc0 | Ladrillo L27 (v1.2) | draws parameters_subsample_brick_mengel_L27.csv, 500/chain | paleo assignment :single (seed 20260920) | land-water anchor :zero_at_first_year | lws observed | climate MAGICC-SLR 600 members, vv_pulse_wide_20261009 | forcing spliced | tap true | pair seed 2026 | record conditioning: common draw set with the FaIR arm, dropped 2 of 2000 | pulse 0.01 GtCH4 at 2030 | cm rel 1995-2014 | julia 1.12.6"
2205,total,0.002219159560809203,0.005648821068619357,0.0010226105162333898,0.0013586230779296215,0.004322366029379054,"scope_slr_pulse_vv.jl | SLR-RFF-BRICK 39cedc0 | Ladrillo L27 (v1.2) | draws parameters_subsample_brick_mengel_L27.csv, 500/chain | paleo assignment :single (seed 20260920) | land-water anchor :zero_at_first_year | lws observed | climate MAGICC-SLR 600 members, vv_pulse_wide_20261009 | forcing spliced | tap true | pair seed 2026 | record conditioning: common draw set with the FaIR arm, dropped 2 of 2000 | pulse 0.01 GtCH4 at 2030 | cm rel 1995-2014 | julia 1.12.6"
2206,total,0.0022164998355549415,0.005646068524208531,0.0010221213145093382,0.0013563045694908737,0.004327143982430925,"scope_slr_pulse_vv.jl | SLR-RFF-BRICK 39cedc0 | Ladrillo L27 (v1.2) | draws parameters_subsample_brick_mengel_L27.csv, 500/chain | paleo assignment :single (seed 20260920) | land-water anchor :zero_at_first_year | lws observed | climate MAGICC-SLR 600 members, vv_pulse_wide_20261009 | forcing spliced | tap true | pair seed 2026 | record conditioning: common draw set with the FaIR arm, dropped 2 of 2000 | pulse 0.01 GtCH4 at 2030 | cm rel 1995-2014 | julia 1.12.6"
2207,total,0.0022141139123164066,0.005643372703157129,0.0010216324540708865,0.0013542230503105655,0.004333552335995704,"scope_slr_pulse_vv.jl | SLR-RFF-BRICK 39cedc0 | Ladrillo L27 (v1.2) | draws parameters_subsample_brick_mengel_L27.csv, 500/chain | paleo assignment :single (seed 20260920) | land-water anchor :zero_at_first_year | lws observed | climate MAGICC-SLR 600 members, vv_pulse_wide_20261009 | forcing spliced | tap true | pair seed 2026 | record conditioning: common draw set with the FaIR arm, dropped 2 of 2000 | pulse 0.01 GtCH4 at 2030 | cm rel 1995-2014 | julia 1.12.6"
2208,total,0.002211053500360549,0.005640732647344764,0.001021143847843036,0.0013522483862971058,0.00433723732691078,"scope_slr_pulse_vv.jl | SLR-RFF-BRICK 39cedc0 | Ladrillo L27 (v1.2) | draws parameters_subsample_brick_mengel_L27.csv, 500/chain | paleo assignment :single (seed 20260920) | land-water anchor :zero_at_first_year | lws observed | climate MAGICC-SLR 600 members, vv_pulse_wide_20261009 | forcing spliced | tap true | pair seed 2026 | record conditioning: common draw set with the FaIR arm, dropped 2 of 2000 | pulse 0.01 GtCH4 at 2030 | cm rel 1995-2014 | julia 1.12.6"
2209,total,0.002207930603546515,0.0056381463587860114,0.0010206553345813972,0.0013498646647860824,0.00434153654356919,"scope_slr_pulse_vv.jl | SLR-RFF-BRICK 39cedc0 | Ladrillo L27 (v1.2) | draws parameters_subsample_brick_mengel_L27.csv, 500/chain | paleo assignment :single (seed 20260920) | land-water anchor :zero_at_first_year | lws observed | climate MAGICC-SLR 600 members, vv_pulse_wide_20261009 | forcing spliced | tap true | pair seed 2026 | record conditioning: common draw set with the FaIR arm, dropped 2 of 2000 | pulse 0.01 GtCH4 at 2030 | cm rel 1995-2014 | julia 1.12.6"
2210,total,0.0022048717309246513,0.005635611676645902,0.0010201667853153803,0.001348061733820316,0.004346365268580141,"scope_slr_pulse_vv.jl | SLR-RFF-BRICK 39cedc0 | Ladrillo L27 (v1.2) | draws parameters_subsample_brick_mengel_L27.csv, 500/chain | paleo assignment :single (seed 20260920) | land-water anchor :zero_at_first_year | lws observed | climate MAGICC-SLR 600 members, vv_pulse_wide_20261009 | forcing spliced | tap true | pair seed 2026 | record conditioning: common draw set with the FaIR arm, dropped 2 of 2000 | pulse 0.01 GtCH4 at 2030 | cm rel 1995-2014 | julia 1.12.6"
2211,total,0.002201734491407592,0.0056331259016938855,0.0010196781629379392,0.0013463862665503256,0.004351212125553158,"scope_slr_pulse_vv.jl | SLR-RFF-BRICK 39cedc0 | Ladrillo L27 (v1.2) | draws parameters_subsample_brick_mengel_L27.csv, 500/chain | paleo assignment :single (seed 20260920) | land-water anchor :zero_at_first_year | lws observed | climate MAGICC-SLR 600 members, vv_pulse_wide_20261009 | forcing spliced | tap true | pair seed 2026 | record conditioning: common draw set with the FaIR arm, dropped 2 of 2000 | pulse 0.01 GtCH4 at 2030 | cm rel 1995-2014 | julia 1.12.6"
2212,total,0.002199567160147353,0.005630689324009234,0.0010191895668382625,0.0013447410252091176,0.004356075421361535,"scope_slr_pulse_vv.jl | SLR-RFF-BRICK 39cedc0 | Ladrillo L27 (v1.2) | draws parameters_subsample_brick_mengel_L27.csv, 500/chain | paleo assignment :single (seed 20260920) | land-water anchor :zero_at_first_year | lws observed | climate MAGICC-SLR 600 members, vv_pulse_wide_20261009 | forcing spliced | tap true | pair seed 2026 | record conditioning: common draw set with the FaIR arm, dropped 2 of 2000 | pulse 0.01 GtCH4 at 2030 | cm rel 1995-2014 | julia 1.12.6"
2213,total,0.0021973035757980597,0.005628301168005759,0.0010187011028062487,0.0013431257247958682,0.004360952947149595,"scope_slr_pulse_vv.jl | SLR-RFF-BRICK 39cedc0 | Ladrillo L27 (v1.2) | draws parameters_subsample_brick_mengel_L27.csv, 500/chain | paleo assignment :single (seed 20260920) | land-water anchor :zero_at_first_year | lws observed | climate MAGICC-SLR 600 members, vv_pulse_wide_20261009 | forcing spliced | tap true | pair seed 2026 | record conditioning: common draw set with the FaIR arm, dropped 2 of 2000 | pulse 0.01 GtCH4 at 2030 | cm rel 1995-2014 | julia 1.12.6"
2214,total,0.0021952204514832374,0.005625962303922221,0.00101821293069448,0.0013415418508714084,0.004365334146135065,"scope_slr_pulse_vv.jl | SLR-RFF-BRICK 39cedc0 | Ladrillo L27 (v1.2) | draws parameters_subsample_brick_mengel_L27.csv, 500/chain | paleo assignment :single (seed 20260920) | land-water anchor :zero_at_first_year | lws observed | climate MAGICC-SLR 600 members, vv_pulse_wide_20261009 | forcing spliced | tap true | pair seed 2026 | record conditioning: common draw set with the FaIR arm, dropped 2 of 2000 | pulse 0.01 GtCH4 at 2030 | cm rel 1995-2014 | julia 1.12.6"
2215,total,0.0021931758235922416,0.005623671854940972,0.001017725125940085,0.0013401823777741129,0.004369335473205635,"scope_slr_pulse_vv.jl | SLR-RFF-BRICK 39cedc0 | Ladrillo L27 (v1.2) | draws parameters_subsample_brick_mengel_L27.csv, 500/chain | paleo assignment :single (seed 20260920) | land-water anchor :zero_at_first_year | lws observed | climate MAGICC-SLR 600 members, vv_pulse_wide_20261009 | forcing spliced | tap true | pair seed 2026 | record conditioning: common draw set with the FaIR arm, dropped 2 of 2000 | pulse 0.01 GtCH4 at 2030 | cm rel 1995-2014 | julia 1.12.6"
2216,total,0.0021907327227523865,0.005621430156137526,0.0010172378234413885,0.0013388862707685689,0.004373321748892064,"scope_slr_pulse_vv.jl | SLR-RFF-BRICK 39cedc0 | Ladrillo L27 (v1.2) | draws parameters_subsample_brick_mengel_L27.csv, 500/chain | paleo assignment :single (seed 20260920) | land-water anchor :zero_at_first_year | lws observed | climate MAGICC-SLR 600 members, vv_pulse_wide_20261009 | forcing spliced | tap true | pair seed 2026 | record conditioning: common draw set with the FaIR arm, dropped 2 of 2000 | pulse 0.01 GtCH4 at 2030 | cm rel 1995-2014 | julia 1.12.6"
2217,total,0.002188251512734496,0.0056192375777256555,0.0010167510705461182,0.0013368104814006187,0.004383886849902294,"scope_slr_pulse_vv.jl | SLR-RFF-BRICK 39cedc0 | Ladrillo L27 (v1.2) | draws parameters_subsample_brick_mengel_L27.csv, 500/chain | paleo assignment :single (seed 20260920) | land-water anchor :zero_at_first_year | lws observed | climate MAGICC-SLR 600 members, vv_pulse_wide_20261009 | forcing spliced | tap true | pair seed 2026 | record conditioning: common draw set with the FaIR arm, dropped 2 of 2000 | pulse 0.01 GtCH4 at 2030 | cm rel 1995-2014 | julia 1.12.6"
2218,total,0.0021859288638097496,0.0056170927481748265,0.0010162647916639202,0.0013346897391940614,0.004397218056541873,"scope_slr_pulse_vv.jl | SLR-RFF-BRICK 39cedc0 | Ladrillo L27 (v1.2) | draws parameters_subsample_brick_mengel_L27.csv, 500/chain | paleo assignment :single (seed 20260920) | land-water anchor :zero_at_first_year | lws observed | climate MAGICC-SLR 600 members, vv_pulse_wide_20261009 | forcing spliced | tap true | pair seed 2026 | record conditioning: common draw set with the FaIR arm, dropped 2 of 2000 | pulse 0.01 GtCH4 at 2030 | cm rel 1995-2014 | julia 1.12.6"
2219,total,0.0021840829426054142,0.005614995649862982,0.001015778899500606,0.001333437595991427,0.004397553738044735,"scope_slr_pulse_vv.jl | SLR-RFF-BRICK 39cedc0 | Ladrillo L27 (v1.2) | draws parameters_subsample_brick_mengel_L27.csv, 500/chain | paleo assignment :single (seed 20260920) | land-water anchor :zero_at_first_year | lws observed | climate MAGICC-SLR 600 members, vv_pulse_wide_20261009 | forcing spliced | tap true | pair seed 2026 | record conditioning: common draw set with the FaIR arm, dropped 2 of 2000 | pulse 0.01 GtCH4 at 2030 | cm rel 1995-2014 | julia 1.12.6"
2220,total,0.0021822110672502504,0.005612945437199023,0.001015293234335068,0.0013320410845906849,0.004396855521338238,"scope_slr_pulse_vv.jl | SLR-RFF-BRICK 39cedc0 | Ladrillo L27 (v1.2) | draws parameters_subsample_brick_mengel_L27.csv, 500/chain | paleo assignment :single (seed 20260920) | land-water anchor :zero_at_first_year | lws observed | climate MAGICC-SLR 600 members, vv_pulse_wide_20261009 | forcing spliced | tap true | pair seed 2026 | record conditioning: common draw set with the FaIR arm, dropped 2 of 2000 | pulse 0.01 GtCH4 at 2030 | cm rel 1995-2014 | julia 1.12.6"
2221,total,0.0021799654755625397,0.0056109390087676295,0.0010148076054360918,0.0013297796276148688,0.00439615311972261,"scope_slr_pulse_vv.jl | SLR-RFF-BRICK 39cedc0 | Ladrillo L27 (v1.2) | draws parameters_subsample_brick_mengel_L27.csv, 500/chain | paleo assignment :single (seed 20260920) | land-water anchor :zero_at_first_year | lws observed | climate MAGICC-SLR 600 members, vv_pulse_wide_20261009 | forcing spliced | tap true | pair seed 2026 | record conditioning: common draw set with the FaIR arm, dropped 2 of 2000 | pulse 0.01 GtCH4 at 2030 | cm rel 1995-2014 | julia 1.12.6"
2222,total,0.002177933678581212,0.005608976017802788,0.0010143219339342137,0.0013275433965162621,0.0043970404446639555,"scope_slr_pulse_vv.jl | SLR-RFF-BRICK 39cedc0 | Ladrillo L27 (v1.2) | draws parameters_subsample_brick_mengel_L27.csv, 500/chain | paleo assignment :single (seed 20260920) | land-water anchor :zero_at_first_year | lws observed | climate MAGICC-SLR 600 members, vv_pulse_wide_20261009 | forcing spliced | tap true | pair seed 2026 | record conditioning: common draw set with the FaIR arm, dropped 2 of 2000 | pulse 0.01 GtCH4 at 2030 | cm rel 1995-2014 | julia 1.12.6"
2223,total,0.0021761450516919467,0.005607054925845061,0.0010138361216558668,0.0013253570909554924,0.0044009905294501534,"scope_slr_pulse_vv.jl | SLR-RFF-BRICK 39cedc0 | Ladrillo L27 (v1.2) | draws parameters_subsample_brick_mengel_L27.csv, 500/chain | paleo assignment :single (seed 20260920) | land-water anchor :zero_at_first_year | lws observed | climate MAGICC-SLR 600 members, vv_pulse_wide_20261009 | forcing spliced | tap true | pair seed 2026 | record conditioning: common draw set with the FaIR arm, dropped 2 of 2000 | pulse 0.01 GtCH4 at 2030 | cm rel 1995-2014 | julia 1.12.6"
2224,total,0.0021741923017941645,0.005605175070105471,0.00101335039635816,0.00132328592357851,0.004404938037029636,"scope_slr_pulse_vv.jl | SLR-RFF-BRICK 39cedc0 | Ladrillo L27 (v1.2) | draws parameters_subsample_brick_mengel_L27.csv, 500/chain | paleo assignment :single (seed 20260920) | land-water anchor :zero_at_first_year | lws observed | climate MAGICC-SLR 600 members, vv_pulse_wide_20261009 | forcing spliced | tap true | pair seed 2026 | record conditioning: common draw set with the FaIR arm, dropped 2 of 2000 | pulse 0.01 GtCH4 at 2030 | cm rel 1995-2014 | julia 1.12.6"
2225,total,0.002171957626686094,0.0056033374553298605,0.0010128650528092894,0.001321241216660951,0.004415299434396047,"scope_slr_pulse_vv.jl | SLR-RFF-BRICK 39cedc0 | Ladrillo L27 (v1.2) | draws parameters_subsample_brick_mengel_L27.csv, 500/chain | paleo assignment :single (seed 20260920) | land-water anchor :zero_at_first_year | lws observed | climate MAGICC-SLR 600 members, vv_pulse_wide_20261009 | forcing spliced | tap true | pair seed 2026 | record conditioning: common draw set with the FaIR arm, dropped 2 of 2000 | pulse 0.01 GtCH4 at 2030 | cm rel 1995-2014 | julia 1.12.6"
2226,total,0.0021692397253474383,0.005601542880826416,0.001012380248212601,0.0013193338165308432,0.004425722278676858,"scope_slr_pulse_vv.jl | SLR-RFF-BRICK 39cedc0 | Ladrillo L27 (v1.2) | draws parameters_subsample_brick_mengel_L27.csv, 500/chain | paleo assignment :single (seed 20260920) | land-water anchor :zero_at_first_year | lws observed | climate MAGICC-SLR 600 members, vv_pulse_wide_20261009 | forcing spliced | tap true | pair seed 2026 | record conditioning: common draw set with the FaIR arm, dropped 2 of 2000 | pulse 0.01 GtCH4 at 2030 | cm rel 1995-2014 | julia 1.12.6"
2227,total,0.0021667044873368013,0.005599792315855203,0.0010118960982171627,0.0013175641990784469,0.0044319165637404,"scope_slr_pulse_vv.jl | SLR-RFF-BRICK 39cedc0 | Ladrillo L27 (v1.2) | draws parameters_subsample_brick_mengel_L27.csv, 500/chain | paleo assignment :single (seed 20260920) | land-water anchor :zero_at_first_year | lws observed | climate MAGICC-SLR 600 members, vv_pulse_wide_20261009 | forcing spliced | tap true | pair seed 2026 | record conditioning: common draw set with the FaIR arm, dropped 2 of 2000 | pulse 0.01 GtCH4 at 2030 | cm rel 1995-2014 | julia 1.12.6"
2228,total,0.002164954053213819,0.005598085238067069,0.001011412560354947,0.0013154850202141688,0.0044345672503595755,"scope_slr_pulse_vv.jl | SLR-RFF-BRICK 39cedc0 | Ladrillo L27 (v1.2) | draws parameters_subsample_brick_mengel_L27.csv, 500/chain | paleo assignment :single (seed 20260920) | land-water anchor :zero_at_first_year | lws observed | climate MAGICC-SLR 600 members, vv_pulse_wide_20261009 | forcing spliced | tap true | pair seed 2026 | record conditioning: common draw set with the FaIR arm, dropped 2 of 2000 | pulse 0.01 GtCH4 at 2030 | cm rel 1995-2014 | julia 1.12.6"
2229,total,0.0021629742868753965,0.005596421140274145,0.0010109296063397204,0.001313437185183375,0.0044418792694017354,"scope_slr_pulse_vv.jl | SLR-RFF-BRICK 39cedc0 | Ladrillo L27 (v1.2) | draws parameters_subsample_brick_mengel_L27.csv, 500/chain | paleo assignment :single (seed 20260920) | land-water anchor :zero_at_first_year | lws observed | climate MAGICC-SLR 600 members, vv_pulse_wide_20261009 | forcing spliced | tap true | pair seed 2026 | record conditioning: common draw set with the FaIR arm, dropped 2 of 2000 | pulse 0.01 GtCH4 at 2030 | cm rel 1995-2014 | julia 1.12.6"
2230,total,0.0021618555513214233,0.005594799878320746,0.0010104471045744318,0.0013114194164543847,0.004453869995072067,"scope_slr_pulse_vv.jl | SLR-RFF-BRICK 39cedc0 | Ladrillo L27 (v1.2) | draws parameters_subsample_brick_mengel_L27.csv, 500/chain | paleo assignment :single (seed 20260920) | land-water anchor :zero_at_first_year | lws observed | climate MAGICC-SLR 600 members, vv_pulse_wide_20261009 | forcing spliced | tap true | pair seed 2026 | record conditioning: common draw set with the FaIR arm, dropped 2 of 2000 | pulse 0.01 GtCH4 at 2030 | cm rel 1995-2014 | julia 1.12.6"
2231,total,0.0021601427835094,0.005593219484805855,0.0010099648102754055,0.0013094292667886974,0.004461232601430253,"scope_slr_pulse_vv.jl | SLR-RFF-BRICK 39cedc0 | Ladrillo L27 (v1.2) | draws parameters_subsample_brick_mengel_L27.csv, 500/chain | paleo assignment :single (seed 20260920) | land-water anchor :zero_at_first_year | lws observed | climate MAGICC-SLR 600 members, vv_pulse_wide_20261009 | forcing spliced | tap true | pair seed 2026 | record conditioning: common draw set with the FaIR arm, dropped 2 of 2000 | pulse 0.01 GtCH4 at 2030 | cm rel 1995-2014 | julia 1.12.6"
2232,total,0.002158258072853414,0.005591678026004684,0.001009482620114109,0.0013074651311569597,0.0044641865873089135,"scope_slr_pulse_vv.jl | SLR-RFF-BRICK 39cedc0 | Ladrillo L27 (v1.2) | draws parameters_subsample_brick_mengel_L27.csv, 500/chain | paleo assignment :single (seed 20260920) | land-water anchor :zero_at_first_year | lws observed | climate MAGICC-SLR 600 members, vv_pulse_wide_20261009 | forcing spliced | tap true | pair seed 2026 | record conditioning: common draw set with the FaIR arm, dropped 2 of 2000 | pulse 0.01 GtCH4 at 2030 | cm rel 1995-2014 | julia 1.12.6"
2233,total,0.0021561145412078986,0.005590175611561132,0.001009000600411592,0.0013058159497958855,0.00446716297266931,"scope_slr_pulse_vv.jl | SLR-RFF-BRICK 39cedc0 | Ladrillo L27 (v1.2) | draws parameters_subsample_brick_mengel_L27.csv, 500/chain | paleo assignment :single (seed 20260920) | land-water anchor :zero_at_first_year | lws observed | climate MAGICC-SLR 600 members, vv_pulse_wide_20261009 | forcing spliced | tap true | pair seed 2026 | record conditioning: common draw set with the FaIR arm, dropped 2 of 2000 | pulse 0.01 GtCH4 at 2030 | cm rel 1995-2014 | julia 1.12.6"
2234,total,0.0021545225356476294,0.005588710513280454,0.0010085187677930391,0.001304617764036209,0.004470160240398962,"scope_slr_pulse_vv.jl | SLR-RFF-BRICK 39cedc0 | Ladrillo L27 (v1.2) | draws parameters_subsample_brick_mengel_L27.csv, 500/chain | paleo assignment :single (seed 20260920) | land-water anchor :zero_at_first_year | lws observed | climate MAGICC-SLR 600 members, vv_pulse_wide_20261009 | forcing spliced | tap true | pair seed 2026 | record conditioning: common draw set with the FaIR arm, dropped 2 of 2000 | pulse 0.01 GtCH4 at 2030 | cm rel 1995-2014 | julia 1.12.6"
2235,total,0.0021527641966656574,0.005587283022594984,0.001008037265587182,0.0013034392738006772,0.0044731749786336575,"scope_slr_pulse_vv.jl | SLR-RFF-BRICK 39cedc0 | Ladrillo L27 (v1.2) | draws parameters_subsample_brick_mengel_L27.csv, 500/chain | paleo assignment :single (seed 20260920) | land-water anchor :zero_at_first_year | lws observed | climate MAGICC-SLR 600 members, vv_pulse_wide_20261009 | forcing spliced | tap true | pair seed 2026 | record conditioning: common draw set with the FaIR arm, dropped 2 of 2000 | pulse 0.01 GtCH4 at 2030 | cm rel 1995-2014 | julia 1.12.6"
2236,total,0.0021509858541719495,0.005585892622417038,0.0010075562150833864,0.0013024081180049052,0.004478813432694996,"scope_slr_pulse_vv.jl | SLR-RFF-BRICK 39cedc0 | Ladrillo L27 (v1.2) | draws parameters_subsample_brick_mengel_L27.csv, 500/chain | paleo assignment :single (seed 20260920) | land-water anchor :zero_at_first_year | lws observed | climate MAGICC-SLR 600 members, vv_pulse_wide_20261009 | forcing spliced | tap true | pair seed 2026 | record conditioning: common draw set with the FaIR arm, dropped 2 of 2000 | pulse 0.01 GtCH4 at 2030 | cm rel 1995-2014 | julia 1.12.6"
2237,total,0.002149234740954853,0.005584539031439363,0.001007075772688802,0.0013006658700959407,0.004489588923821931,"scope_slr_pulse_vv.jl | SLR-RFF-BRICK 39cedc0 | Ladrillo L27 (v1.2) | draws parameters_subsample_brick_mengel_L27.csv, 500/chain | paleo assignment :single (seed 20260920) | land-water anchor :zero_at_first_year | lws observed | climate MAGICC-SLR 600 members, vv_pulse_wide_20261009 | forcing spliced | tap true | pair seed 2026 | record conditioning: common draw set with the FaIR arm, dropped 2 of 2000 | pulse 0.01 GtCH4 at 2030 | cm rel 1995-2014 | julia 1.12.6"
2238,total,0.0021478576653350956,0.005583222452735598,0.0010065959581370431,0.0013000044468554962,0.00450049884264131,"scope_slr_pulse_vv.jl | SLR-RFF-BRICK 39cedc0 | Ladrillo L27 (v1.2) | draws parameters_subsample_brick_mengel_L27.csv, 500/chain | paleo assignment :single (seed 20260920) | land-water anchor :zero_at_first_year | lws observed | climate MAGICC-SLR 600 members, vv_pulse_wide_20261009 | forcing spliced | tap true | pair seed 2026 | record conditioning: common draw set with the FaIR arm, dropped 2 of 2000 | pulse 0.01 GtCH4 at 2030 | cm rel 1995-2014 | julia 1.12.6"
2239,total,0.0021461676770400118,0.005581942300222378,0.0010061167302542967,0.0012991727728888236,0.0045103959662981105,"scope_slr_pulse_vv.jl | SLR-RFF-BRICK 39cedc0 | Ladrillo L27 (v1.2) | draws parameters_subsample_brick_mengel_L27.csv, 500/chain | paleo assignment :single (seed 20260920) | land-water anchor :zero_at_first_year | lws observed | climate MAGICC-SLR 600 members, vv_pulse_wide_20261009 | forcing spliced | tap true | pair seed 2026 | record conditioning: common draw set with the FaIR arm, dropped 2 of 2000 | pulse 0.01 GtCH4 at 2030 | cm rel 1995-2014 | julia 1.12.6"
2240,total,0.0021452052851600456,0.005580698494899056,0.0010056380132457902,0.0012980264938363462,0.004519924746506368,"scope_slr_pulse_vv.jl | SLR-RFF-BRICK 39cedc0 | Ladrillo L27 (v1.2) | draws parameters_subsample_brick_mengel_L27.csv, 500/chain | paleo assignment :single (seed 20260920) | land-water anchor :zero_at_first_year | lws observed | climate MAGICC-SLR 600 members, vv_pulse_wide_20261009 | forcing spliced | tap true | pair seed 2026 | record conditioning: common draw set with the FaIR arm, dropped 2 of 2000 | pulse 0.01 GtCH4 at 2030 | cm rel 1995-2014 | julia 1.12.6"
2241,total,0.0021441206821037895,0.005579490668215127,0.0010051596729892156,0.0012968287073746865,0.004529594072718616,"scope_slr_pulse_vv.jl | SLR-RFF-BRICK 39cedc0 | Ladrillo L27 (v1.2) | draws parameters_subsample_brick_mengel_L27.csv, 500/chain | paleo assignment :single (seed 20260920) | land-water anchor :zero_at_first_year | lws observed | climate MAGICC-SLR 600 members, vv_pulse_wide_20261009 | forcing spliced | tap true | pair seed 2026 | record conditioning: common draw set with the FaIR arm, dropped 2 of 2000 | pulse 0.01 GtCH4 at 2030 | cm rel 1995-2014 | julia 1.12.6"
2242,total,0.0021422696920438966,0.005578318259803328,0.0010046814801199526,0.0012953720357700151,0.004539404683404763,"scope_slr_pulse_vv.jl | SLR-RFF-BRICK 39cedc0 | Ladrillo L27 (v1.2) | draws parameters_subsample_brick_mengel_L27.csv, 500/chain | paleo assignment :single (seed 20260920) | land-water anchor :zero_at_first_year | lws observed | climate MAGICC-SLR 600 members, vv_pulse_wide_20261009 | forcing spliced | tap true | pair seed 2026 | record conditioning: common draw set with the FaIR arm, dropped 2 of 2000 | pulse 0.01 GtCH4 at 2030 | cm rel 1995-2014 | julia 1.12.6"
2243,total,0.0021404497857417937,0.005577179293365693,0.0010042032871801657,0.0012939587875905546,0.004549356262512556,"scope_slr_pulse_vv.jl | SLR-RFF-BRICK 39cedc0 | Ladrillo L27 (v1.2) | draws parameters_subsample_brick_mengel_L27.csv, 500/chain | paleo assignment :single (seed 20260920) | land-water anchor :zero_at_first_year | lws observed | climate MAGICC-SLR 600 members, vv_pulse_wide_20261009 | forcing spliced | tap true | pair seed 2026 | record conditioning: common draw set with the FaIR arm, dropped 2 of 2000 | pulse 0.01 GtCH4 at 2030 | cm rel 1995-2014 | julia 1.12.6"
2244,total,0.0021388282404473102,0.005576072293066025,0.0010037251865428044,0.0012925622576176465,0.004559446254319251,"scope_slr_pulse_vv.jl | SLR-RFF-BRICK 39cedc0 | Ladrillo L27 (v1.2) | draws parameters_subsample_brick_mengel_L27.csv, 500/chain | paleo assignment :single (seed 20260920) | land-water anchor :zero_at_first_year | lws observed | climate MAGICC-SLR 600 members, vv_pulse_wide_20261009 | forcing spliced | tap true | pair seed 2026 | record conditioning: common draw set with the FaIR arm, dropped 2 of 2000 | pulse 0.01 GtCH4 at 2030 | cm rel 1995-2014 | julia 1.12.6"
2245,total,0.0021366982743131757,0.005574996944327248,0.0010032473295524685,0.0012911819625472277,0.004569671424710006,"scope_slr_pulse_vv.jl | SLR-RFF-BRICK 39cedc0 | Ladrillo L27 (v1.2) | draws parameters_subsample_brick_mengel_L27.csv, 500/chain | paleo assignment :single (seed 20260920) | land-water anchor :zero_at_first_year | lws observed | climate MAGICC-SLR 600 members, vv_pulse_wide_20261009 | forcing spliced | tap true | pair seed 2026 | record conditioning: common draw set with the FaIR arm, dropped 2 of 2000 | pulse 0.01 GtCH4 at 2030 | cm rel 1995-2014 | julia 1.12.6"
2246,total,0.002134712278945017,0.005573952670676558,0.0010027699296510048,0.0012898179689116774,0.004580027871168112,"scope_slr_pulse_vv.jl | SLR-RFF-BRICK 39cedc0 | Ladrillo L27 (v1.2) | draws parameters_subsample_brick_mengel_L27.csv, 500/chain | paleo assignment :single (seed 20260920) | land-water anchor :zero_at_first_year | lws observed | climate MAGICC-SLR 600 members, vv_pulse_wide_20261009 | forcing spliced | tap true | pair seed 2026 | record conditioning: common draw set with the FaIR arm, dropped 2 of 2000 | pulse 0.01 GtCH4 at 2030 | cm rel 1995-2014 | julia 1.12.6"
2247,total,0.002133427836724877,0.005572939861360732,0.0010022931477724273,0.0012884710632505402,0.004590512407926894,"scope_slr_pulse_vv.jl | SLR-RFF-BRICK 39cedc0 | Ladrillo L27 (v1.2) | draws parameters_subsample_brick_mengel_L27.csv, 500/chain | paleo assignment :single (seed 20260920) | land-water anchor :zero_at_first_year | lws observed | climate MAGICC-SLR 600 members, vv_pulse_wide_20261009 | forcing spliced | tap true | pair seed 2026 | record conditioning: common draw set with the FaIR arm, dropped 2 of 2000 | pulse 0.01 GtCH4 at 2030 | cm rel 1995-2014 | julia 1.12.6"
2248,total,0.0021332800064328694,0.00557195829291496,0.0010018169900485548,0.001287141121770219,0.004595693713199011,"scope_slr_pulse_vv.jl | SLR-RFF-BRICK 39cedc0 | Ladrillo L27 (v1.2) | draws parameters_subsample_brick_mengel_L27.csv, 500/chain | paleo assignment :single (seed 20260920) | land-water anchor :zero_at_first_year | lws observed | climate MAGICC-SLR 600 members, vv_pulse_wide_20261009 | forcing spliced | tap true | pair seed 2026 | record conditioning: common draw set with the FaIR arm, dropped 2 of 2000 | pulse 0.01 GtCH4 at 2030 | cm rel 1995-2014 | julia 1.12.6"
2249,total,0.002131882867047352,0.005571007018673939,0.0010013414764088134,0.0012858279041253696,0.004603064691099232,"scope_slr_pulse_vv.jl | SLR-RFF-BRICK 39cedc0 | Ladrillo L27 (v1.2) | draws parameters_subsample_brick_mengel_L27.csv, 500/chain | paleo assignment :single (seed 20260920) | land-water anchor :zero_at_first_year | lws observed | climate MAGICC-SLR 600 members, vv_pulse_wide_20261009 | forcing spliced | tap true | pair seed 2026 | record conditioning: common draw set with the FaIR arm, dropped 2 of 2000 | pulse 0.01 GtCH4 at 2030 | cm rel 1995-2014 | julia 1.12.6"
2250,total,0.002130209590177401,0.005570085450018113,0.0010008665991224786,0.0012845312990222625,0.004615256499209862,"scope_slr_pulse_vv.jl | SLR-RFF-BRICK 39cedc0 | Ladrillo L27 (v1.2) | draws parameters_subsample_brick_mengel_L27.csv, 500/chain | paleo assignment :single (seed 20260920) | land-water anchor :zero_at_first_year | lws observed | climate MAGICC-SLR 600 members, vv_pulse_wide_20261009 | forcing spliced | tap true | pair seed 2026 | record conditioning: common draw set with the FaIR arm, dropped 2 of 2000 | pulse 0.01 GtCH4 at 2030 | cm rel 1995-2014 | julia 1.12.6"
2251,total,0.002129163721633631,0.005569194508918937,0.0010003923284101542,0.001283251159425447,0.004628670936639876,"scope_slr_pulse_vv.jl | SLR-RFF-BRICK 39cedc0 | Ladrillo L27 (v1.2) | draws parameters_subsample_brick_mengel_L27.csv, 500/chain | paleo assignment :single (seed 20260920) | land-water anchor :zero_at_first_year | lws observed | climate MAGICC-SLR 600 members, vv_pulse_wide_20261009 | forcing spliced | tap true | pair seed 2026 | record conditioning: common draw set with the FaIR arm, dropped 2 of 2000 | pulse 0.01 GtCH4 at 2030 | cm rel 1995-2014 | julia 1.12.6"
2252,total,0.002128135611428661,0.005568332797746695,0.0009999186102658667,0.00128198754501625,0.004642078902577394,"scope_slr_pulse_vv.jl | SLR-RFF-BRICK 39cedc0 | Ladrillo L27 (v1.2) | draws parameters_subsample_brick_mengel_L27.csv, 500/chain | paleo assignment :single (seed 20260920) | land-water anchor :zero_at_first_year | lws observed | climate MAGICC-SLR 600 members, vv_pulse_wide_20261009 | forcing spliced | tap true | pair seed 2026 | record conditioning: common draw set with the FaIR arm, dropped 2 of 2000 | pulse 0.01 GtCH4 at 2030 | cm rel 1995-2014 | julia 1.12.6"
2253,total,0.0021271256305510633,0.005567501033636466,0.0009994453254092792,0.0012807404879566775,0.004655482953552335,"scope_slr_pulse_vv.jl | SLR-RFF-BRICK 39cedc0 | Ladrillo L27 (v1.2) | draws parameters_subsample_brick_mengel_L27.csv, 500/chain | paleo assignment :single (seed 20260920) | land-water anchor :zero_at_first_year | lws observed | climate MAGICC-SLR 600 members, vv_pulse_wide_20261009 | forcing spliced | tap true | pair seed 2026 | record conditioning: common draw set with the FaIR arm, dropped 2 of 2000 | pulse 0.01 GtCH4 at 2030 | cm rel 1995-2014 | julia 1.12.6"
2254,total,0.0021259891906879602,0.005566698857259148,0.0009989723087879619,0.0012796225635128165,0.004668886883584376,"scope_slr_pulse_vv.jl | SLR-RFF-BRICK 39cedc0 | Ladrillo L27 (v1.2) | draws parameters_subsample_brick_mengel_L27.csv, 500/chain | paleo assignment :single (seed 20260920) | land-water anchor :zero_at_first_year | lws observed | climate MAGICC-SLR 600 members, vv_pulse_wide_20261009 | forcing spliced | tap true | pair seed 2026 | record conditioning: common draw set with the FaIR arm, dropped 2 of 2000 | pulse 0.01 GtCH4 at 2030 | cm rel 1995-2014 | julia 1.12.6"
2255,total,0.0021244327780607364,0.005565925049959704,0.0009984994210095906,0.0012785540262143513,0.004682293622644805,"scope_slr_pulse_vv.jl | SLR-RFF-BRICK 39cedc0 | Ladrillo L27 (v1.2) | draws parameters_subsample_brick_mengel_L27.csv, 500/chain | paleo assignment :single (seed 20260920) | land-water anchor :zero_at_first_year | lws observed | climate MAGICC-SLR 600 members, vv_pulse_wide_20261009 | forcing spliced | tap true | pair seed 2026 | record conditioning: common draw set with the FaIR arm, dropped 2 of 2000 | pulse 0.01 GtCH4 at 2030 | cm rel 1995-2014 | julia 1.12.6"
2256,total,0.0021231017947940245,0.00556517926211755,0.0009980267137099997,0.0012774556261362592,0.004695701647347049,"scope_slr_pulse_vv.jl | SLR-RFF-BRICK 39cedc0 | Ladrillo L27 (v1.2) | draws parameters_subsample_brick_mengel_L27.csv, 500/chain | paleo assignment :single (seed 20260920) | land-water anchor :zero_at_first_year | lws observed | climate MAGICC-SLR 600 members, vv_pulse_wide_20261009 | forcing spliced | tap true | pair seed 2026 | record conditioning: common draw set with the FaIR arm, dropped 2 of 2000 | pulse 0.01 GtCH4 at 2030 | cm rel 1995-2014 | julia 1.12.6"
2257,total,0.0021222967989302788,0.005564460613568534,0.000997554241809082,0.0012760035132345139,0.004707739941738964,"scope_slr_pulse_vv.jl | SLR-RFF-BRICK 39cedc0 | Ladrillo L27 (v1.2) | draws parameters_subsample_brick_mengel_L27.csv, 500/chain | paleo assignment :single (seed 20260920) | land-water anchor :zero_at_first_year | lws observed | climate MAGICC-SLR 600 members, vv_pulse_wide_20261009 | forcing spliced | tap true | pair seed 2026 | record conditioning: common draw set with the FaIR arm, dropped 2 of 2000 | pulse 0.01 GtCH4 at 2030 | cm rel 1995-2014 | julia 1.12.6"
2258,total,0.0021208054721171266,0.005563768472672183,0.0009970820949601437,0.0012747283034698852,0.0047094839974135974,"scope_slr_pulse_vv.jl | SLR-RFF-BRICK 39cedc0 | Ladrillo L27 (v1.2) | draws parameters_subsample_brick_mengel_L27.csv, 500/chain | paleo assignment :single (seed 20260920) | land-water anchor :zero_at_first_year | lws observed | climate MAGICC-SLR 600 members, vv_pulse_wide_20261009 | forcing spliced | tap true | pair seed 2026 | record conditioning: common draw set with the FaIR arm, dropped 2 of 2000 | pulse 0.01 GtCH4 at 2030 | cm rel 1995-2014 | julia 1.12.6"
2259,total,0.0021192559691769475,0.005563102130908868,0.0009966104250749455,0.001273566310138108,0.004723916097259461,"scope_slr_pulse_vv.jl | SLR-RFF-BRICK 39cedc0 | Ladrillo L27 (v1.2) | draws parameters_subsample_brick_mengel_L27.csv, 500/chain | paleo assignment :single (seed 20260920) | land-water anchor :zero_at_first_year | lws observed | climate MAGICC-SLR 600 members, vv_pulse_wide_20261009 | forcing spliced | tap true | pair seed 2026 | record conditioning: common draw set with the FaIR arm, dropped 2 of 2000 | pulse 0.01 GtCH4 at 2030 | cm rel 1995-2014 | julia 1.12.6"
2260,total,0.0021187009840986093,0.006194364208637693,0.001178640744451319,0.0012724171900487136,0.0047421733569763085,"scope_slr_pulse_vv.jl | SLR-RFF-BRICK 39cedc0 | Ladrillo L27 (v1.2) | draws parameters_subsample_brick_mengel_L27.csv, 500/chain | paleo assignment :single (seed 20260920) | land-water anchor :zero_at_first_year | lws observed | climate MAGICC-SLR 600 members, vv_pulse_wide_20261009 | forcing spliced | tap true | pair seed 2026 | record conditioning: common draw set with the FaIR arm, dropped 2 of 2000 | pulse 0.01 GtCH4 at 2030 | cm rel 1995-2014 | julia 1.12.6"
2261,total,0.0021173709883441916,0.0061981433748993205,0.001180598709940372,0.0012712810722263156,0.004759352439123177,"scope_slr_pulse_vv.jl | SLR-RFF-BRICK 39cedc0 | Ladrillo L27 (v1.2) | draws parameters_subsample_brick_mengel_L27.csv, 500/chain | paleo assignment :single (seed 20260920) | land-water anchor :zero_at_first_year | lws observed | climate MAGICC-SLR 600 members, vv_pulse_wide_20261009 | forcing spliced | tap true | pair seed 2026 | record conditioning: common draw set with the FaIR arm, dropped 2 of 2000 | pulse 0.01 GtCH4 at 2030 | cm rel 1995-2014 | julia 1.12.6"
2262,total,0.00211589247984989,0.006197326523023308,0.0011800807154454713,0.0012701585280396445,0.004774850612147929,"scope_slr_pulse_vv.jl | SLR-RFF-BRICK 39cedc0 | Ladrillo L27 (v1.2) | draws parameters_subsample_brick_mengel_L27.csv, 500/chain | paleo assignment :single (seed 20260920) | land-water anchor :zero_at_first_year | lws observed | climate MAGICC-SLR 600 members, vv_pulse_wide_20261009 | forcing spliced | tap true | pair seed 2026 | record conditioning: common draw set with the FaIR arm, dropped 2 of 2000 | pulse 0.01 GtCH4 at 2030 | cm rel 1995-2014 | julia 1.12.6"
2263,total,0.0021147170839412865,0.006196501285317745,0.0011795450473136566,0.0012690496078519686,0.004788807328492338,"scope_slr_pulse_vv.jl | SLR-RFF-BRICK 39cedc0 | Ladrillo L27 (v1.2) | draws parameters_subsample_brick_mengel_L27.csv, 500/chain | paleo assignment :single (seed 20260920) | land-water anchor :zero_at_first_year | lws observed | climate MAGICC-SLR 600 members, vv_pulse_wide_20261009 | forcing spliced | tap true | pair seed 2026 | record conditioning: common draw set with the FaIR arm, dropped 2 of 2000 | pulse 0.01 GtCH4 at 2030 | cm rel 1995-2014 | julia 1.12.6"
2264,total,0.002114711521500112,0.006195701974249794,0.0011790097570129085,0.0012679546090225812,0.004802704654073862,"scope_slr_pulse_vv.jl | SLR-RFF-BRICK 39cedc0 | Ladrillo L27 (v1.2) | draws parameters_subsample_brick_mengel_L27.csv, 500/chain | paleo assignment :single (seed 20260920) | land-water anchor :zero_at_first_year | lws observed | climate MAGICC-SLR 600 members, vv_pulse_wide_20261009 | forcing spliced | tap true | pair seed 2026 | record conditioning: common draw set with the FaIR arm, dropped 2 of 2000 | pulse 0.01 GtCH4 at 2030 | cm rel 1995-2014 | julia 1.12.6"
2265,total,0.002114217381688377,0.006194907030068368,0.0011784748205672716,0.0012668887090498515,0.004816033099191939,"scope_slr_pulse_vv.jl | SLR-RFF-BRICK 39cedc0 | Ladrillo L27 (v1.2) | draws parameters_subsample_brick_mengel_L27.csv, 500/chain | paleo assignment :single (seed 20260920) | land-water anchor :zero_at_first_year | lws observed | climate MAGICC-SLR 600 members, vv_pulse_wide_20261009 | forcing spliced | tap true | pair seed 2026 | record conditioning: common draw set with the FaIR arm, dropped 2 of 2000 | pulse 0.01 GtCH4 at 2030 | cm rel 1995-2014 | julia 1.12.6"
2266,total,0.002112381558816878,0.006194157440274884,0.0011779399341429523,0.001265866373260849,0.004829360913151957,"scope_slr_pulse_vv.jl | SLR-RFF-BRICK 39cedc0 | Ladrillo L27 (v1.2) | draws parameters_subsample_brick_mengel_L27.csv, 500/chain | paleo assignment :single (seed 20260920) | land-water anchor :zero_at_first_year | lws observed | climate MAGICC-SLR 600 members, vv_pulse_wide_20261009 | forcing spliced | tap true | pair seed 2026 | record conditioning: common draw set with the FaIR arm, dropped 2 of 2000 | pulse 0.01 GtCH4 at 2030 | cm rel 1995-2014 | julia 1.12.6"
2267,total,0.0021108557099296377,0.006193435173023878,0.0011774050137996245,0.0012650904399691854,0.004841660367327449,"scope_slr_pulse_vv.jl | SLR-RFF-BRICK 39cedc0 | Ladrillo L27 (v1.2) | draws parameters_subsample_brick_mengel_L27.csv, 500/chain | paleo assignment :single (seed 20260920) | land-water anchor :zero_at_first_year | lws observed | climate MAGICC-SLR 600 members, vv_pulse_wide_20261009 | forcing spliced | tap true | pair seed 2026 | record conditioning: common draw set with the FaIR arm, dropped 2 of 2000 | pulse 0.01 GtCH4 at 2030 | cm rel 1995-2014 | julia 1.12.6"
2268,total,0.002109779510590215,0.006192735865611326,0.0011768700625600943,0.0012644263943428768,0.004856071846552367,"scope_slr_pulse_vv.jl | SLR-RFF-BRICK 39cedc0 | Ladrillo L27 (v1.2) | draws parameters_subsample_brick_mengel_L27.csv, 500/chain | paleo assignment :single (seed 20260920) | land-water anchor :zero_at_first_year | lws observed | climate MAGICC-SLR 600 members, vv_pulse_wide_20261009 | forcing spliced | tap true | pair seed 2026 | record conditioning: common draw set with the FaIR arm, dropped 2 of 2000 | pulse 0.01 GtCH4 at 2030 | cm rel 1995-2014 | julia 1.12.6"
2269,total,0.0021087200067881895,0.00619205877357767,0.0011763354187098438,0.001263394720199784,0.004873854501931873,"scope_slr_pulse_vv.jl | SLR-RFF-BRICK 39cedc0 | Ladrillo L27 (v1.2) | draws parameters_subsample_brick_mengel_L27.csv, 500/chain | paleo assignment :single (seed 20260920) | land-water anchor :zero_at_first_year | lws observed | climate MAGICC-SLR 600 members, vv_pulse_wide_20261009 | forcing spliced | tap true | pair seed 2026 | record conditioning: common draw set with the FaIR arm, dropped 2 of 2000 | pulse 0.01 GtCH4 at 2030 | cm rel 1995-2014 | julia 1.12.6"
2270,total,0.002107279926406136,0.00619140340947673,0.0011758013064981582,0.0012622291210796278,0.004892060224344162,"scope_slr_pulse_vv.jl | SLR-RFF-BRICK 39cedc0 | Ladrillo L27 (v1.2) | draws parameters_subsample_brick_mengel_L27.csv, 500/chain | paleo assignment :single (seed 20260920) | land-water anchor :zero_at_first_year | lws observed | climate MAGICC-SLR 600 members, vv_pulse_wide_20261009 | forcing spliced | tap true | pair seed 2026 | record conditioning: common draw set with the FaIR arm, dropped 2 of 2000 | pulse 0.01 GtCH4 at 2030 | cm rel 1995-2014 | julia 1.12.6"
2271,total,0.0021066487901748587,0.006190770149603724,0.0011752679126570149,0.0012610804730393,0.004910170307553584,"scope_slr_pulse_vv.jl | SLR-RFF-BRICK 39cedc0 | Ladrillo L27 (v1.2) | draws parameters_subsample_brick_mengel_L27.csv, 500/chain | paleo assignment :single (seed 20260920) | land-water anchor :zero_at_first_year | lws observed | climate MAGICC-SLR 600 members, vv_pulse_wide_20261009 | forcing spliced | tap true | pair seed 2026 | record conditioning: common draw set with the FaIR arm, dropped 2 of 2000 | pulse 0.01 GtCH4 at 2030 | cm rel 1995-2014 | julia 1.12.6"
2272,total,0.0021058916216958323,0.006190158899107848,0.0011747352691374158,0.0012600477340086514,0.004927833026482631,"scope_slr_pulse_vv.jl | SLR-RFF-BRICK 39cedc0 | Ladrillo L27 (v1.2) | draws parameters_subsample_brick_mengel_L27.csv, 500/chain | paleo assignment :single (seed 20260920) | land-water anchor :zero_at_first_year | lws observed | climate MAGICC-SLR 600 members, vv_pulse_wide_20261009 | forcing spliced | tap true | pair seed 2026 | record conditioning: common draw set with the FaIR arm, dropped 2 of 2000 | pulse 0.01 GtCH4 at 2030 | cm rel 1995-2014 | julia 1.12.6"
2273,total,0.002105214551548329,0.006189568887200813,0.00117420336809211,0.0012591540036311244,0.004938305346959737,"scope_slr_pulse_vv.jl | SLR-RFF-BRICK 39cedc0 | Ladrillo L27 (v1.2) | draws parameters_subsample_brick_mengel_L27.csv, 500/chain | paleo assignment :single (seed 20260920) | land-water anchor :zero_at_first_year | lws observed | climate MAGICC-SLR 600 members, vv_pulse_wide_20261009 | forcing spliced | tap true | pair seed 2026 | record conditioning: common draw set with the FaIR arm, dropped 2 of 2000 | pulse 0.01 GtCH4 at 2030 | cm rel 1995-2014 | julia 1.12.6"
2274,total,0.002104331161092432,0.006189001630183007,0.0011736721101875034,0.0012582713078614916,0.004954847639587,"scope_slr_pulse_vv.jl | SLR-RFF-BRICK 39cedc0 | Ladrillo L27 (v1.2) | draws parameters_subsample_brick_mengel_L27.csv, 500/chain | paleo assignment :single (seed 20260920) | land-water anchor :zero_at_first_year | lws observed | climate MAGICC-SLR 600 members, vv_pulse_wide_20261009 | forcing spliced | tap true | pair seed 2026 | record conditioning: common draw set with the FaIR arm, dropped 2 of 2000 | pulse 0.01 GtCH4 at 2030 | cm rel 1995-2014 | julia 1.12.6"
2275,total,0.002103932305672629,0.006188457945484658,0.0011731412831735755,0.0012574102717465506,0.004971468333636152,"scope_slr_pulse_vv.jl | SLR-RFF-BRICK 39cedc0 | Ladrillo L27 (v1.2) | draws parameters_subsample_brick_mengel_L27.csv, 500/chain | paleo assignment :single (seed 20260920) | land-water anchor :zero_at_first_year | lws observed | climate MAGICC-SLR 600 members, vv_pulse_wide_20261009 | forcing spliced | tap true | pair seed 2026 | record conditioning: common draw set with the FaIR arm, dropped 2 of 2000 | pulse 0.01 GtCH4 at 2030 | cm rel 1995-2014 | julia 1.12.6"
2276,total,0.0021024046843649558,0.006187937396571275,0.0011726106778264323,0.0012565699344690984,0.004988197618808953,"scope_slr_pulse_vv.jl | SLR-RFF-BRICK 39cedc0 | Ladrillo L27 (v1.2) | draws parameters_subsample_brick_mengel_L27.csv, 500/chain | paleo assignment :single (seed 20260920) | land-water anchor :zero_at_first_year | lws observed | climate MAGICC-SLR 600 members, vv_pulse_wide_20261009 | forcing spliced | tap true | pair seed 2026 | record conditioning: common draw set with the FaIR arm, dropped 2 of 2000 | pulse 0.01 GtCH4 at 2030 | cm rel 1995-2014 | julia 1.12.6"
2277,total,0.0021014463720234744,0.006187439564346616,0.0011720802123256872,0.0012557389268778253,0.005005035629631038,"scope_slr_pulse_vv.jl | SLR-RFF-BRICK 39cedc0 | Ladrillo L27 (v1.2) | draws parameters_subsample_brick_mengel_L27.csv, 500/chain | paleo assignment :single (seed 20260920) | land-water anchor :zero_at_first_year | lws observed | climate MAGICC-SLR 600 members, vv_pulse_wide_20261009 | forcing spliced | tap true | pair seed 2026 | record conditioning: common draw set with the FaIR arm, dropped 2 of 2000 | pulse 0.01 GtCH4 at 2030 | cm rel 1995-2014 | julia 1.12.6"
2278,total,0.0021004492220697557,0.006186963370670836,0.0011715499916897432,0.001254916724440136,0.0050219779659215645,"scope_slr_pulse_vv.jl | SLR-RFF-BRICK 39cedc0 | Ladrillo L27 (v1.2) | draws parameters_subsample_brick_mengel_L27.csv, 500/chain | paleo assignment :single (seed 20260920) | land-water anchor :zero_at_first_year | lws observed | climate MAGICC-SLR 600 members, vv_pulse_wide_20261009 | forcing spliced | tap true | pair seed 2026 | record conditioning: common draw set with the FaIR arm, dropped 2 of 2000 | pulse 0.01 GtCH4 at 2030 | cm rel 1995-2014 | julia 1.12.6"
2279,total,0.0020995918934545443,0.006186507677496684,0.0011710201306889812,0.0012541030545037302,0.0050385858892269654,"scope_slr_pulse_vv.jl | SLR-RFF-BRICK 39cedc0 | Ladrillo L27 (v1.2) | draws parameters_subsample_brick_mengel_L27.csv, 500/chain | paleo assignment :single (seed 20260920) | land-water anchor :zero_at_first_year | lws observed | climate MAGICC-SLR 600 members, vv_pulse_wide_20261009 | forcing spliced | tap true | pair seed 2026 | record conditioning: common draw set with the FaIR arm, dropped 2 of 2000 | pulse 0.01 GtCH4 at 2030 | cm rel 1995-2014 | julia 1.12.6"
2280,total,0.0020986834350651407,0.006186071314020482,0.0011704907677836883,0.0012532975091005482,0.005044245593319373,"scope_slr_pulse_vv.jl | SLR-RFF-BRICK 39cedc0 | Ladrillo L27 (v1.2) | draws parameters_subsample_brick_mengel_L27.csv, 500/chain | paleo assignment :single (seed 20260920) | land-water anchor :zero_at_first_year | lws observed | climate MAGICC-SLR 600 members, vv_pulse_wide_20261009 | forcing spliced | tap true | pair seed 2026 | record conditioning: common draw set with the FaIR arm, dropped 2 of 2000 | pulse 0.01 GtCH4 at 2030 | cm rel 1995-2014 | julia 1.12.6"
2281,total,0.0020982840975989347,0.006185654070155092,0.0011699620834389446,0.001252500151039726,0.0050496439129148,"scope_slr_pulse_vv.jl | SLR-RFF-BRICK 39cedc0 | Ladrillo L27 (v1.2) | draws parameters_subsample_brick_mengel_L27.csv, 500/chain | paleo assignment :single (seed 20260920) | land-water anchor :zero_at_first_year | lws observed | climate MAGICC-SLR 600 members, vv_pulse_wide_20261009 | forcing spliced | tap true | pair seed 2026 | record conditioning: common draw set with the FaIR arm, dropped 2 of 2000 | pulse 0.01 GtCH4 at 2030 | cm rel 1995-2014 | julia 1.12.6"
2282,total,0.0020976089992643665,0.006185256284677433,0.0011694341144348295,0.001251711348122342,0.0050610885950987915,"scope_slr_pulse_vv.jl | SLR-RFF-BRICK 39cedc0 | Ladrillo L27 (v1.2) | draws parameters_subsample_brick_mengel_L27.csv, 500/chain | paleo assignment :single (seed 20260920) | land-water anchor :zero_at_first_year | lws observed | climate MAGICC-SLR 600 members, vv_pulse_wide_20261009 | forcing spliced | tap true | pair seed 2026 | record conditioning: common draw set with the FaIR arm, dropped 2 of 2000 | pulse 0.01 GtCH4 at 2030 | cm rel 1995-2014 | julia 1.12.6"
2283,total,0.002096790232371859,0.0061848781187166255,0.001168906802313084,0.0012509311839650648,0.005075195880382918,"scope_slr_pulse_vv.jl | SLR-RFF-BRICK 39cedc0 | Ladrillo L27 (v1.2) | draws parameters_subsample_brick_mengel_L27.csv, 500/chain | paleo assignment :single (seed 20260920) | land-water anchor :zero_at_first_year | lws observed | climate MAGICC-SLR 600 members, vv_pulse_wide_20261009 | forcing spliced | tap true | pair seed 2026 | record conditioning: common draw set with the FaIR arm, dropped 2 of 2000 | pulse 0.01 GtCH4 at 2030 | cm rel 1995-2014 | julia 1.12.6"
2284,total,0.002095822926307278,0.006184520339574634,0.0011683800881997113,0.0012501598600309196,0.0050890086962795044,"scope_slr_pulse_vv.jl | SLR-RFF-BRICK 39cedc0 | Ladrillo L27 (v1.2) | draws parameters_subsample_brick_mengel_L27.csv, 500/chain | paleo assignment :single (seed 20260920) | land-water anchor :zero_at_first_year | lws observed | climate MAGICC-SLR 600 members, vv_pulse_wide_20261009 | forcing spliced | tap true | pair seed 2026 | record conditioning: common draw set with the FaIR arm, dropped 2 of 2000 | pulse 0.01 GtCH4 at 2030 | cm rel 1995-2014 | julia 1.12.6"
2285,total,0.0020955405767040247,0.006184183900588652,0.0011678538280171444,0.0012493978674072536,0.005102273428792612,"scope_slr_pulse_vv.jl | SLR-RFF-BRICK 39cedc0 | Ladrillo L27 (v1.2) | draws parameters_subsample_brick_mengel_L27.csv, 500/chain | paleo assignment :single (seed 20260920) | land-water anchor :zero_at_first_year | lws observed | climate MAGICC-SLR 600 members, vv_pulse_wide_20261009 | forcing spliced | tap true | pair seed 2026 | record conditioning: common draw set with the FaIR arm, dropped 2 of 2000 | pulse 0.01 GtCH4 at 2030 | cm rel 1995-2014 | julia 1.12.6"
2286,total,0.002094611966626303,0.006183868730505149,0.001167327776932665,0.0012486453649401595,0.005115540852943921,"scope_slr_pulse_vv.jl | SLR-RFF-BRICK 39cedc0 | Ladrillo L27 (v1.2) | draws parameters_subsample_brick_mengel_L27.csv, 500/chain | paleo assignment :single (seed 20260920) | land-water anchor :zero_at_first_year | lws observed | climate MAGICC-SLR 600 members, vv_pulse_wide_20261009 | forcing spliced | tap true | pair seed 2026 | record conditioning: common draw set with the FaIR arm, dropped 2 of 2000 | pulse 0.01 GtCH4 at 2030 | cm rel 1995-2014 | julia 1.12.6"
2287,total,0.002093728731011879,0.006183574346596241,0.0011668017465458172,0.0012479016891845164,0.0051288157405736,"scope_slr_pulse_vv.jl | SLR-RFF-BRICK 39cedc0 | Ladrillo L27 (v1.2) | draws parameters_subsample_brick_mengel_L27.csv, 500/chain | paleo assignment :single (seed 20260920) | land-water anchor :zero_at_first_year | lws observed | climate MAGICC-SLR 600 members, vv_pulse_wide_20261009 | forcing spliced | tap true | pair seed 2026 | record conditioning: common draw set with the FaIR arm, dropped 2 of 2000 | pulse 0.01 GtCH4 at 2030 | cm rel 1995-2014 | julia 1.12.6"
2288,total,0.0020927962392676136,0.00618329914554014,0.001166275785274904,0.0012470709231777732,0.005142095021497539,"scope_slr_pulse_vv.jl | SLR-RFF-BRICK 39cedc0 | Ladrillo L27 (v1.2) | draws parameters_subsample_brick_mengel_L27.csv, 500/chain | paleo assignment :single (seed 20260920) | land-water anchor :zero_at_first_year | lws observed | climate MAGICC-SLR 600 members, vv_pulse_wide_20261009 | forcing spliced | tap true | pair seed 2026 | record conditioning: common draw set with the FaIR arm, dropped 2 of 2000 | pulse 0.01 GtCH4 at 2030 | cm rel 1995-2014 | julia 1.12.6"
2289,total,0.00209195278486618,0.006183041614286012,0.001165750039520539,0.001245938688459347,0.005150126318662273,"scope_slr_pulse_vv.jl | SLR-RFF-BRICK 39cedc0 | Ladrillo L27 (v1.2) | draws parameters_subsample_brick_mengel_L27.csv, 500/chain | paleo assignment :single (seed 20260920) | land-water anchor :zero_at_first_year | lws observed | climate MAGICC-SLR 600 members, vv_pulse_wide_20261009 | forcing spliced | tap true | pair seed 2026 | record conditioning: common draw set with the FaIR arm, dropped 2 of 2000 | pulse 0.01 GtCH4 at 2030 | cm rel 1995-2014 | julia 1.12.6"
2290,total,0.0020910509584268766,0.006182800715891539,0.001165224871739613,0.0012448176970558224,0.0051569097422458285,"scope_slr_pulse_vv.jl | SLR-RFF-BRICK 39cedc0 | Ladrillo L27 (v1.2) | draws parameters_subsample_brick_mengel_L27.csv, 500/chain | paleo assignment :single (seed 20260920) | land-water anchor :zero_at_first_year | lws observed | climate MAGICC-SLR 600 members, vv_pulse_wide_20261009 | forcing spliced | tap true | pair seed 2026 | record conditioning: common draw set with the FaIR arm, dropped 2 of 2000 | pulse 0.01 GtCH4 at 2030 | cm rel 1995-2014 | julia 1.12.6"
2291,total,0.0020904029519783762,0.006182576566679743,0.0011647003425406751,0.0012437091478645357,0.005169489223217737,"scope_slr_pulse_vv.jl | SLR-RFF-BRICK 39cedc0 | Ladrillo L27 (v1.2) | draws parameters_subsample_brick_mengel_L27.csv, 500/chain | paleo assignment :single (seed 20260920) | land-water anchor :zero_at_first_year | lws observed | climate MAGICC-SLR 600 members, vv_pulse_wide_20261009 | forcing spliced | tap true | pair seed 2026 | record conditioning: common draw set with the FaIR arm, dropped 2 of 2000 | pulse 0.01 GtCH4 at 2030 | cm rel 1995-2014 | julia 1.12.6"
2292,total,0.0020896082527741555,0.0061823687123099165,0.001164176511744964,0.0012426885402156528,0.005181751766173193,"scope_slr_pulse_vv.jl | SLR-RFF-BRICK 39cedc0 | Ladrillo L27 (v1.2) | draws parameters_subsample_brick_mengel_L27.csv, 500/chain | paleo assignment :single (seed 20260920) | land-water anchor :zero_at_first_year | lws observed | climate MAGICC-SLR 600 members, vv_pulse_wide_20261009 | forcing spliced | tap true | pair seed 2026 | record conditioning: common draw set with the FaIR arm, dropped 2 of 2000 | pulse 0.01 GtCH4 at 2030 | cm rel 1995-2014 | julia 1.12.6"
2293,total,0.002088565227552408,0.006182178762470043,0.001163653424512186,0.001241830652801923,0.005191993804675121,"scope_slr_pulse_vv.jl | SLR-RFF-BRICK 39cedc0 | Ladrillo L27 (v1.2) | draws parameters_subsample_brick_mengel_L27.csv, 500/chain | paleo assignment :single (seed 20260920) | land-water anchor :zero_at_first_year | lws observed | climate MAGICC-SLR 600 members, vv_pulse_wide_20261009 | forcing spliced | tap true | pair seed 2026 | record conditioning: common draw set with the FaIR arm, dropped 2 of 2000 | pulse 0.01 GtCH4 at 2030 | cm rel 1995-2014 | julia 1.12.6"
2294,total,0.0020882384950482447,0.006182005265291199,0.0011631310552658693,0.00124175232612842,0.005202323915054307,"scope_slr_pulse_vv.jl | SLR-RFF-BRICK 39cedc0 | Ladrillo L27 (v1.2) | draws parameters_subsample_brick_mengel_L27.csv, 500/chain | paleo assignment :single (seed 20260920) | land-water anchor :zero_at_first_year | lws observed | climate MAGICC-SLR 600 members, vv_pulse_wide_20261009 | forcing spliced | tap true | pair seed 2026 | record conditioning: common draw set with the FaIR arm, dropped 2 of 2000 | pulse 0.01 GtCH4 at 2030 | cm rel 1995-2014 | julia 1.12.6"
2295,total,0.0020878226957563584,0.006181850605565985,0.001162609255854935,0.0012416005568347543,0.005212748443943836,"scope_slr_pulse_vv.jl | SLR-RFF-BRICK 39cedc0 | Ladrillo L27 (v1.2) | draws parameters_subsample_brick_mengel_L27.csv, 500/chain | paleo assignment :single (seed 20260920) | land-water anchor :zero_at_first_year | lws observed | climate MAGICC-SLR 600 members, vv_pulse_wide_20261009 | forcing spliced | tap true | pair seed 2026 | record conditioning: common draw set with the FaIR arm, dropped 2 of 2000 | pulse 0.01 GtCH4 at 2030 | cm rel 1995-2014 | julia 1.12.6"
2296,total,0.002087169482990703,0.006181714899267267,0.0011620877614015041,0.0012407801766158855,0.005223275322433095,"scope_slr_pulse_vv.jl | SLR-RFF-BRICK 39cedc0 | Ladrillo L27 (v1.2) | draws parameters_subsample_brick_mengel_L27.csv, 500/chain | paleo assignment :single (seed 20260920) | land-water anchor :zero_at_first_year | lws observed | climate MAGICC-SLR 600 members, vv_pulse_wide_20261009 | forcing spliced | tap true | pair seed 2026 | record conditioning: common draw set with the FaIR arm, dropped 2 of 2000 | pulse 0.01 GtCH4 at 2030 | cm rel 1995-2014 | julia 1.12.6"
2297,total,0.0020865305556299063,0.00618159692226965,0.0011615664079514536,0.0012399699655105678,0.005233908765777072,"scope_slr_pulse_vv.jl | SLR-RFF-BRICK 39cedc0 | Ladrillo L27 (v1.2) | draws parameters_subsample_brick_mengel_L27.csv, 500/chain | paleo assignment :single (seed 20260920) | land-water anchor :zero_at_first_year | lws observed | climate MAGICC-SLR 600 members, vv_pulse_wide_20261009 | forcing spliced | tap true | pair seed 2026 | record conditioning: common draw set with the FaIR arm, dropped 2 of 2000 | pulse 0.01 GtCH4 at 2030 | cm rel 1995-2014 | julia 1.12.6"
2298,total,0.0020859059237068323,0.006181496321528916,0.0011610450913648314,0.001239201819632285,0.005244648838245778,"scope_slr_pulse_vv.jl | SLR-RFF-BRICK 39cedc0 | Ladrillo L27 (v1.2) | draws parameters_subsample_brick_mengel_L27.csv, 500/chain | paleo assignment :single (seed 20260920) | land-water anchor :zero_at_first_year | lws observed | climate MAGICC-SLR 600 members, vv_pulse_wide_20261009 | forcing spliced | tap true | pair seed 2026 | record conditioning: common draw set with the FaIR arm, dropped 2 of 2000 | pulse 0.01 GtCH4 at 2030 | cm rel 1995-2014 | julia 1.12.6"
2299,total,0.002086014226563293,0.0061814504709248284,0.0011605238736794353,0.0012384554575561423,0.005254034991708066,"scope_slr_pulse_vv.jl | SLR-RFF-BRICK 39cedc0 | Ladrillo L27 (v1.2) | draws parameters_subsample_brick_mengel_L27.csv, 500/chain | paleo assignment :single (seed 20260920) | land-water anchor :zero_at_first_year | lws observed | climate MAGICC-SLR 600 members, vv_pulse_wide_20261009 | forcing spliced | tap true | pair seed 2026 | record conditioning: common draw set with the FaIR arm, dropped 2 of 2000 | pulse 0.01 GtCH4 at 2030 | cm rel 1995-2014 | julia 1.12.6"
2300,total,0.0020866644156001257,0.006181389668482999,0.0011600031336476003,0.0012377185330990415,0.0052632998561620075,"scope_slr_pulse_vv.jl | SLR-RFF-BRICK 39cedc0 | Ladrillo L27 (v1.2) | draws parameters_subsample_brick_mengel_L27.csv, 500/chain | paleo assignment :single (seed 20260920) | land-water anchor :zero_at_first_year | lws observed | climate MAGICC-SLR 600 members, vv_pulse_wide_20261009 | forcing spliced | tap true | pair seed 2026 | record conditioning: common draw set with the FaIR arm, dropped 2 of 2000 | pulse 0.01 GtCH4 at 2030 | cm rel 1995-2014 | julia 1.12.6"
