year,component,med_diff_cm,mean_diff_cm,se_mean_cm,p05_diff_cm,p95_diff_cm
2025,glaciers,0.0,0.0,0.0,0.0,0.0
2026,glaciers,0.0,0.0,0.0,0.0,0.0
2027,glaciers,0.0,0.0,0.0,0.0,0.0
2028,glaciers,0.0,0.0,0.0,0.0,0.0
2029,glaciers,0.0,0.0,0.0,0.0,0.0
2030,glaciers,0.0,0.0,0.0,0.0,0.0
2031,glaciers,0.0,0.0,0.0,0.0,0.0
2032,glaciers,1.4191739226232514e-5,1.4255197235362616e-5,4.7887972698712875e-8,1.0841881911205498e-5,1.7906047018256822e-5
2033,glaciers,3.9333015796838566e-5,3.9507799303972856e-5,1.5284837112892169e-7,2.8238107725475638e-5,5.08154853257059e-5
2034,glaciers,6.948460665867628e-5,6.988181500081602e-5,2.929526863138828e-7,4.8135417147054935e-5,9.184338026217987e-5
2035,glaciers,0.0001023253743930308,0.00010294314471809484,4.5173318410095213e-7,7.021117757830542e-5,0.00013723604834736666
2036,glaciers,0.00013637901281615683,0.00013737566822354897,6.20000184417677e-7,9.34802663552281e-5,0.00018458955727878028
2037,glaciers,0.00017134043210553784,0.00017258388906779733,7.902507283365518e-7,0.00011689036943647313,0.00023399622869939573
2038,glaciers,0.00020643318417956635,0.00020810887160094182,9.598849313835255e-7,0.00014122703392089876,0.0002821472744266806
2039,glaciers,0.00024120948979167167,0.00024369232427685761,1.1275622392168857e-6,0.00016580178012342016,0.0003296784865470581
2040,glaciers,0.0002758675729781501,0.0002791737491995343,1.2928282995913783e-6,0.0001904216704653683,0.0003787092983827733
2041,glaciers,0.00031069610892098254,0.00031443546580362815,1.4556404881425997e-6,0.0002151608607338318,0.0004272827705320559
2042,glaciers,0.00034497891303342243,0.0003494142973491172,1.616412738278401e-6,0.0002398257967977768,0.00047686867013823074
2043,glaciers,0.0003787009538531727,0.0003840531217847862,1.7755615261292083e-6,0.00026473550356458374,0.0005256163937868318
2044,glaciers,0.0004129036528919272,0.0004183084039180256,1.9333480434775077e-6,0.00028736666928514954,0.0005708173738438127
2045,glaciers,0.00044636616423909814,0.0004521579202557178,2.0899441511469533e-6,0.0003110082466032171,0.0006166703747028546
2046,glaciers,0.00047921945981777014,0.0004855668411233607,2.245196697385188e-6,0.0003346387480001933,0.0006618076642314286
2047,glaciers,0.0005107162392934406,0.0005185169337872049,2.399306329388494e-6,0.000357359481268138,0.0007080196143374629
2048,glaciers,0.0005413048636948581,0.0005509892031003241,2.5524990115212688e-6,0.0003802186901229909,0.0007522014948477373
2049,glaciers,0.0005727110662245849,0.0005829903200724422,2.705134866242997e-6,0.00040222730669832175,0.0007962873741398813
2050,glaciers,0.0006033893208372554,0.0006144882057577139,2.855643099827028e-6,0.000425511936077827,0.0008397351311822731
2051,glaciers,0.0006330263344782594,0.0006454803339630504,3.0039451373511205e-6,0.000447259887889917,0.0008815499265969251
2052,glaciers,0.0006617965838953133,0.000675969488866856,3.1504236943371802e-6,0.0004684884273428391,0.000921801908927744
2053,glaciers,0.0006915818578736577,0.0007059605423612354,3.2952783347483345e-6,0.0004886183481749296,0.0009661433806407605
2054,glaciers,0.000720515565938662,0.0007354552134476781,3.438604061146469e-6,0.0005090330778611208,0.00100767314956558
2055,glaciers,0.0007492724903941372,0.0007644568622342209,3.5803487808687494e-6,0.0005304988464215121,0.0010473002849075374
2056,glaciers,0.0007769113075788425,0.0007929614471941058,3.720581231473569e-6,0.0005516386108457727,0.0010859944273475363
2057,glaciers,0.000803310161270776,0.0008209667631322893,3.859287084898907e-6,0.0005718877313763748,0.0011258312181674055
2058,glaciers,0.0008296202486959281,0.0008484762048189301,3.9963261367057895e-6,0.0005897156348038557,0.001163636145340785
2059,glaciers,0.0008560090954556898,0.0008754904351362089,4.131503512147266e-6,0.0006089824942197009,0.001199870468444697
2060,glaciers,0.0008808544938494478,0.0009020146395469073,4.264830075296038e-6,0.0006278083208055119,0.0012367470696734272
2061,glaciers,0.0009064009649306648,0.0009280551139671785,4.396314582258528e-6,0.0006464347139035987,0.0012756991341314361
2062,glaciers,0.0009308211134078093,0.0009536163221529872,4.5259435052847e-6,0.0006627038899917004,0.0013110932535405518
2063,glaciers,0.0009552065487872241,0.0009787010218574599,4.653635046397686e-6,0.0006786687181545404,0.0013467056631301765
2064,glaciers,0.00097977568603147,0.0010033083465271764,4.7794224123376315e-6,0.0006948108909893946,0.001381509280984794
2065,glaciers,0.001002590200696929,0.0010274399002944473,4.903271987476498e-6,0.0007111606614010223,0.0014197709023279438
2066,glaciers,0.001024057505802034,0.0010510999163111298,5.0251818780332514e-6,0.0007272753348095407,0.0014548386824378313
2067,glaciers,0.0010467857111802203,0.0010742883833118292,5.145266084443961e-6,0.000742737927894277,0.0014902049008616914
2068,glaciers,0.001068218273768018,0.0010970082303731025,5.263541167739878e-6,0.0007578688106033571,0.0015250182619172214
2069,glaciers,0.0010905819356148427,0.0011192602097847598,5.3797898343789235e-6,0.0007714078809359038,0.0015596004100008718
2070,glaciers,0.0011116622565250367,0.0011410461798672933,5.493788879476197e-6,0.0007835181799049184,0.001593310713435514
2071,glaciers,0.0011301400310310683,0.0011623709066374164,5.605673477844242e-6,0.0007976384575260287,0.0016234525528593833
2072,glaciers,0.0011501641551925346,0.001183242994850712,5.715591744505525e-6,0.0008113751769454058,0.0016552286154573712
2073,glaciers,0.0011700327491581675,0.001203667804631058,5.8235243430240745e-6,0.0008253606940680225,0.001686295948481753
2074,glaciers,0.0011881041143171345,0.0012236523300328522,5.92947920902803e-6,0.0008376407659622221,0.0017127145574770352
2075,glaciers,0.0012065946660859694,0.001243199516788192,6.033384109822117e-6,0.0008506662470121995,0.00173899579568566
2076,glaciers,0.0012231263582656027,0.001262296680093336,6.13516035490865e-6,0.0008628387053848829,0.0017680650586415323
2077,glaciers,0.001241417186355065,0.0012809410143765202,6.234929023625558e-6,0.0008752449745981217,0.0017974502916298536
2078,glaciers,0.0012598585492211711,0.001299136712107404,6.332483127741621e-6,0.0008877186215968003,0.00182762693431755
2079,glaciers,0.0012770872563345748,0.0013168861181607036,6.427784424981678e-6,0.0008991880759948502,0.0018561140991493197
2080,glaciers,0.0012935150361563785,0.0013341896477106303,6.5209700470285e-6,0.0009112466013833753,0.0018851098229349717
2081,glaciers,0.0013108689363674486,0.0013510447965986035,6.61186420576005e-6,0.0009232414403034461,0.0019103865087378047
2082,glaciers,0.0013273980904084937,0.0013674601083249662,6.7004815730870754e-6,0.0009339857299074161,0.0019338997000927448
2083,glaciers,0.0013445377883209986,0.0013834453477182729,6.786908710650715e-6,0.000947488888253023,0.0019571391070291712
2084,glaciers,0.001360498907200025,0.0013990097370647741,6.871207605063808e-6,0.0009565689370366392,0.0019796444184899007
2085,glaciers,0.0013760913197184976,0.0014141529600451453,6.953388769107251e-6,0.0009680108302915435,0.0020024791159461764
2086,glaciers,0.0013908467188059603,0.0014288793572950302,7.033540246242361e-6,0.0009755879350055174,0.002024587095513919
2087,glaciers,0.0014043982188907123,0.0014431846621085662,7.111495836931682e-6,0.0009853200739637024,0.0020454460437026255
2088,glaciers,0.0014191096629474487,0.0014570699950830549,7.18761246728036e-6,0.0009954316141564945,0.002067746307862528
2089,glaciers,0.001432573579992713,0.001470539293755789,7.2618726851210645e-6,0.0010047128798620797,0.0020871336835937447
2090,glaciers,0.001444870458071179,0.0014835916574796482,7.334310759386781e-6,0.0010135645784838943,0.0021062412829639496
2091,glaciers,0.0014579725293755175,0.0014962203815831058,7.404897328489269e-6,0.0010225976304861996,0.002121035206324784
2092,glaciers,0.0014692425502111917,0.0015084179452091533,7.473570339324207e-6,0.0010300932200151714,0.002138173003936572
2093,glaciers,0.0014809570978364661,0.0015201879762004138,7.540551515823274e-6,0.0010394652997075759,0.002152608166604608
2094,glaciers,0.0014921879685578787,0.0015315322274676237,7.60588162112463e-6,0.001046044664311907,0.002166997523604941
2095,glaciers,0.001503386042808863,0.0015424645361264817,7.669609129498512e-6,0.001054295329281807,0.002182604462903903
2096,glaciers,0.0015135743428631443,0.001553001903707396,7.731954346843616e-6,0.0010607816961307748,0.0021961630929432374
2097,glaciers,0.0015227629245622154,0.0015631468037747612,7.79296829908536e-6,0.0010686833708751565,0.002207895187474129
2098,glaciers,0.00153498225605464,0.0015728965880829361,7.852583818039872e-6,0.0010767005764007465,0.002219707365374468
2099,glaciers,0.001544308555772922,0.0015822469604656888,7.910751756251076e-6,0.0010824419038351963,0.0022357895768726267
2100,glaciers,0.0015536090295542593,0.0015911997546330214,7.967618776148897e-6,0.0010853997870998277,0.002248715460509132
2101,glaciers,0.0015611216431974384,0.0015997533673025037,8.023238456898696e-6,0.0010940105534965384,0.0022608100065877323
2102,glaciers,0.0015693882759606481,0.0016078991653813688,8.077554692042828e-6,0.001098167174999265,0.0022776057657506676
2103,glaciers,0.0015771848214969353,0.0016156370794884784,8.130473002825889e-6,0.0010971766017555673,0.002291379996472465
2104,glaciers,0.00158464718690432,0.0016229739084655873,8.18196236476127e-6,0.001100153013375582,0.002300078616166701
2105,glaciers,0.0015910194438042424,0.0016299191585572635,8.232210305646943e-6,0.0011006319726146075,0.0023110976264174355
2106,glaciers,0.0015976564792508086,0.0016364812791683585,8.281400447915947e-6,0.0011059549763205111,0.002322310958596496
2107,glaciers,0.0016039843130863929,0.0016426440629446874,8.329849942306404e-6,0.0011120086145564479,0.002331374206948489
2108,glaciers,0.0016094457989819233,0.0016484115014658994,8.377323637636552e-6,0.0011140406252970081,0.002342296265805643
2109,glaciers,0.0016140277878751164,0.001653788896089229,8.423699271375156e-6,0.0011136985104818642,0.0023519641536408286
2110,glaciers,0.001620188835383729,0.0016587832656366128,8.469186903296227e-6,0.0011132408846334485,0.0023585273016003324
2111,glaciers,0.0016247371585933479,0.0016633936810933232,8.513888326186742e-6,0.0011122318022312784,0.0023702717650445847
2112,glaciers,0.0016258734934382346,0.0016676065278855914,8.557826998733827e-6,0.0011079193199828197,0.0023802932303519596
2113,glaciers,0.0016309257834823399,0.0016714186171522317,8.600821615905078e-6,0.001110582296150131,0.0023887778388145264
2114,glaciers,0.0016363098064697823,0.0016748476355804849,8.643078618927134e-6,0.0011070533993053466,0.002393975404602422
2115,glaciers,0.0016388374867073452,0.0016779182196760187,8.68475496499946e-6,0.0011063617131164883,0.002404070101565203
2116,glaciers,0.0016402827297685718,0.0016806375649117537,8.726002162747873e-6,0.001105772346993472,0.0024089425198612346
2117,glaciers,0.0016431704685597737,0.0016830195396912257,8.766898244880666e-6,0.0011044361156760552,0.0024174043007080923
2118,glaciers,0.0016453570863674827,0.0016850579350997856,8.807287948137558e-6,0.0011045422187738298,0.002417667304730386
2119,glaciers,0.0016433887427851346,0.0016867550973478532,8.847444978955022e-6,0.001105961743259787,0.0024169982868457395
2120,glaciers,0.0016446684325028826,0.0016881146755990937,8.88736099677966e-6,0.0011066389631634087,0.0024218110332286714
2121,glaciers,0.0016457739095230295,0.0016891273799252654,8.927135230942085e-6,0.0011083586644557108,0.0024296883162673306
2122,glaciers,0.0016474886434449942,0.0016897858410078825,8.96679384906796e-6,0.001101650298074297,0.002435062375252528
2123,glaciers,0.0016496508607595217,0.0016900959252195583,9.006493972979723e-6,0.0010983795946802209,0.002439869061670485
2124,glaciers,0.001650483262482183,0.0016900600662833219,9.046173883890078e-6,0.0010914232118715895,0.0024428957728181546
2125,glaciers,0.0016506473412842837,0.0016896844596641758,9.085882341370095e-6,0.0010873096994373555,0.0024407953231159853
2126,glaciers,0.001649413800942412,0.001688983110319211,9.12559745027728e-6,0.0010839499822471231,0.0024364026976721573
2127,glaciers,0.0016484950685242694,0.0016879680838736179,9.16550213013208e-6,0.0010803539293176457,0.00243054924246664
2128,glaciers,0.0016474428706043653,0.0016866401659189618,9.205759983311043e-6,0.0010749850778434935,0.002431746369918919
2129,glaciers,0.0016456414278103182,0.0016850103739714903,9.246501813149525e-6,0.001066878517392489,0.0024366359942813885
2130,glaciers,0.0016453488669530003,0.0016830743982524004,9.287489607089484e-6,0.0010651544161135896,0.0024341840228100154
2131,glaciers,0.001644063329901968,0.0016808222110532673,9.328687956000834e-6,0.0010589557307733699,0.00243747027520147
2132,glaciers,0.0016420982201061918,0.00167824248997554,9.370251997999086e-6,0.0010538239358625747,0.002433520137131673
2133,glaciers,0.0016377067284434332,0.0016753386886817667,9.412074067237673e-6,0.0010415887395217815,0.002430352121298718
2134,glaciers,0.0016379679609705988,0.0016721233893744127,9.454350568443e-6,0.0010292779206763746,0.0024262227877544615
2135,glaciers,0.0016364119611385064,0.0016686054741574426,9.497032252238907e-6,0.001020686574893759,0.0024253492967163835
2136,glaciers,0.0016333826272632024,0.0016647997296823443,9.540236607253538e-6,0.0010130022427572883,0.002423177158200573
2137,glaciers,0.0016288873086480748,0.0016607205311637658,9.583958445980364e-6,0.001006562295139446,0.0024243870132435678
2138,glaciers,0.001625006227252257,0.0016563734996041086,9.628121293058459e-6,0.0009973465950047888,0.0024193005345438225
2139,glaciers,0.0016237017956033384,0.0016517596119886716,9.672780189779423e-6,0.0009941964950797022,0.002419132469837137
2140,glaciers,0.0016200109962163367,0.0016468809650923176,9.717957500081914e-6,0.000974125025076944,0.0024079796566121915
2141,glaciers,0.001617195470071664,0.001641735741137997,9.763678843563142e-6,0.0009634582087205245,0.0023979402391621106
2142,glaciers,0.0016121689124446448,0.0016363178743709224,9.810137343031168e-6,0.00095625525920493,0.002392343881011705
2143,glaciers,0.0016051714017137897,0.0016306451678301367,9.855638251435593e-6,0.000942522637189036,0.002388460534085546
2144,glaciers,0.0015992252857905953,0.0016247131397272988,9.901447233595307e-6,0.0009358293356847014,0.0023812470759949633
2145,glaciers,0.0015923255602441344,0.001618523383153705,9.947810331867875e-6,0.0009281399306583894,0.002382544439823597
2146,glaciers,0.0015871788590970937,0.0016120858377279656,9.994744986816487e-6,0.0009193470773045221,0.00238243141536536
2147,glaciers,0.001582659003975806,0.0016054156662025035,1.0042225041891419e-5,0.000908016953592572,0.0023768487578319504
2148,glaciers,0.0015765583989271192,0.0015985104581308213,1.0090177645012839e-5,0.0008935202890248739,0.0023735014084586225
2149,glaciers,0.0015692008085768094,0.0015913791337848497,1.0138681717366108e-5,0.0008844196738047927,0.0023656475795242214
2150,glaciers,0.0015638975957177337,0.0015840250209418257,1.0187673102345314e-5,0.0008723466831039418,0.002359760542469935
2151,glaciers,0.0015590307558959182,0.0015764520308321935,1.0237300398625083e-5,0.0008552281327190769,0.0023530714080518323
2152,glaciers,0.0015498241284745973,0.0015686793370702804,1.0285999455749274e-5,0.0008414602312138087,0.0023461252489729747
2153,glaciers,0.0015440801518966651,0.001560697402783859,1.0334101773091626e-5,0.0008224471362785479,0.0023387549995687704
2154,glaciers,0.0015354598454067059,0.0015525132488741881,1.038041263586513e-5,0.0008077746477667347,0.0023283953418482997
2155,glaciers,0.0015307476055159697,0.0015441097495122865,1.0426298197100042e-5,0.0007973029481144423,0.0023238385525518267
2156,glaciers,0.0015235988701043368,0.001535483781320231,1.0472574022449821e-5,0.0007862185402478516,0.0023181167812074575
2157,glaciers,0.0015155611379977785,0.0015266502084643268,1.0519234359882182e-5,0.000774708839537297,0.0023086731565319595
2158,glaciers,0.001509405195115221,0.0015176241479343906,1.0566267498598129e-5,0.0007590736968126066,0.0022987895699927204
2159,glaciers,0.0015004549398760503,0.0015084199918211105,1.0613692306059622e-5,0.0007506455037420423,0.0022910851379457143
2160,glaciers,0.0014941680173006233,0.0014990451828204678,1.0661501471169326e-5,0.0007403283560982743,0.002282580724401306
2161,glaciers,0.001486489657770207,0.001489517077330941,1.0708848120073815e-5,0.0007283605378137993,0.002272049486491134
2162,glaciers,0.0014776790820913988,0.0014798314247073084,1.0755784125418374e-5,0.0007098453024873664,0.0022626523037864387
2163,glaciers,0.001466664430266107,0.0014699802353516772,1.0802617418471405e-5,0.0006947334932702276,0.002258596747325825
2164,glaciers,0.001457575534651312,0.0014599794839446698,1.0847692538641923e-5,0.0006816249103851035,0.0022384878567711652
2165,glaciers,0.0014475072506225928,0.0014497913358806685,1.0892540282718397e-5,0.0006722929960545799,0.002234644050215273
2166,glaciers,0.001437731852947266,0.0014394278201911312,1.0937545033265684e-5,0.0006529178482626463,0.0022273825321077463
2167,glaciers,0.001426182115405794,0.0014289069739018886,1.0982789071594605e-5,0.0006406850859910663,0.0022236669601710442
2168,glaciers,0.001415140805034909,0.0014183117814323544,1.1023905558637156e-5,0.0006236786018222418,0.002214514763423736
2169,glaciers,0.001405119812281086,0.0014075808786340484,1.10654481982214e-5,0.000610072429415176,0.00221170398561501
2170,glaciers,0.0013964653668612215,0.0013967242292477647,1.110727207294584e-5,0.0005975181245421624,0.0022029572662688682
2171,glaciers,0.0013869239237251918,0.001385783385687299,1.1147155459438618e-5,0.0005844071515145544,0.0021970246149308533
2172,glaciers,0.0013768958443964863,0.0013747571070376382,1.1185092887835634e-5,0.0005660904471779915,0.002184619580234681
2173,glaciers,0.0013668089463045874,0.001363624593035853,1.1221913745064931e-5,0.0005431594073399993,0.0021707220439537876
2174,glaciers,0.0013558572626202192,0.0013523488438126048,1.1259561515350247e-5,0.0005251745428065391,0.002157845120329682
2175,glaciers,0.0013430560136491465,0.001341017511281276,1.1292526395654162e-5,0.0005069814050534305,0.0021468953316743367
2176,glaciers,0.001330734427430258,0.0013295436115406379,1.1326319490174823e-5,0.00048621287382211165,0.0021453194023715485
2177,glaciers,0.0013196244671629387,0.001317957419788705,1.1359721733231269e-5,0.00047515842369332266,0.0021303754495756166
2178,glaciers,0.0013076914036531662,0.0013062796184986015,1.1392745054630644e-5,0.0004517486457038089,0.0021162182039523355
2179,glaciers,0.0012993080370797827,0.0012945200556614864,1.142533762397624e-5,0.00043272157873097683,0.0020980341860969524
2180,glaciers,0.0012883493905775367,0.0012827072681800668,1.1456331323810781e-5,0.00041944849959740793,0.0020862798255961933
2181,glaciers,0.0012764551956383485,0.0012708420424034372,1.1486173395320163e-5,0.0004053658745604594,0.002074513015505275
2182,glaciers,0.0012631315208828653,0.0012589211692380804,1.15155490254258e-5,0.00039441871855654397,0.002062047167937209
2183,glaciers,0.0012517249449128798,0.0012469752366286676,1.15422458033112e-5,0.000378753571799173,0.0020513698899012668
2184,glaciers,0.001241327302448525,0.0012350068875178692,1.1566162721860606e-5,0.00036513641436766167,0.00203769755200085
2185,glaciers,0.0012309992415886484,0.0012229805076481987,1.1589506357898196e-5,0.00035366583088229935,0.0020259310290011707
2186,glaciers,0.0012207258885421624,0.0012109058227971587,1.1611529169419439e-5,0.0003425542637078394,0.002016472231257538
2187,glaciers,0.0012090639973862949,0.0011988047689774426,1.1630624288011604e-5,0.00033122031596448663,0.002008223845411905
2188,glaciers,0.0011978690622402866,0.0011866372871218633,1.1649267972880446e-5,0.00031316740298734656,0.0020009940608172625
2189,glaciers,0.0011839380539750977,0.001174483585379697,1.1663696244159834e-5,0.00029786421505200166,0.0019933205098869424
2190,glaciers,0.0011745106521523496,0.0011623176889366588,1.1675627057261729e-5,0.0002781822102674525,0.0019821549613610046
2191,glaciers,0.001163742013455149,0.0011501102597635917,1.1687097018723216e-5,0.0002482630317176771,0.001976777217673842
2192,glaciers,0.0011532696653908658,0.001137905118617546,1.1696600794364012e-5,0.00022861893311301176,0.001962601544563469
2193,glaciers,0.0011417408953793284,0.0011256818090025398,1.1705576799756225e-5,0.00020866318468453214,0.001952206344733298
2194,glaciers,0.0011244636204601477,0.0011134958904842431,1.171138498663063e-5,0.00019759874621616547,0.0019409913506621022
2195,glaciers,0.0011148202911339666,0.0011013101881245041,1.171597054419919e-5,0.00018490553779031417,0.001930059275179019
2196,glaciers,0.0011047487035416026,0.0010891218572963,1.1719504898083316e-5,0.00017044619737518473,0.0019190001944210165
2197,glaciers,0.0010905289820914987,0.001076932734317296,1.1721580453609611e-5,0.0001552808344948531,0.0019058557837315247
2198,glaciers,0.001080637925774397,0.0010647509026887097,1.1721605006603006e-5,0.00013920430578711062,0.001899959703230536
2199,glaciers,0.0010652079882742527,0.0010525619582843274,1.1720380393512689e-5,0.00012770556618679768,0.0018855369187679824
2200,glaciers,0.001050894112541556,0.001040385174220562,1.171753595981431e-5,0.00010263428482417681,0.0018770896187287887
2201,glaciers,0.0010348220414648779,0.0010282734660396553,1.171143472815198e-5,8.716431020729943e-5,0.0018684052285795616
2202,glaciers,0.0010204737216312765,0.0010162409010597547,1.170199841977297e-5,7.584098910164983e-5,0.0018575305647186013
2203,glaciers,0.001011308458501503,0.0010042145369215767,1.1692515689001697e-5,6.482091238595445e-5,0.0018499789850309866
2204,glaciers,0.0009992582356712632,0.0009922408960813254,1.1681122510202165e-5,5.533884139055092e-5,0.0018331324052656584
2205,glaciers,0.0009871035619308799,0.0009803335262370484,1.1667429421040932e-5,4.4161932655839575e-5,0.001819550757241828
2206,glaciers,0.0009757965093335486,0.0009684679978343755,1.1652545437115109e-5,3.611342312197508e-5,0.0018064415157816424
2207,glaciers,0.0009638036291796936,0.0009566554738979197,1.1636160832029423e-5,3.1494927108077775e-5,0.0017944956873414241
2208,glaciers,0.0009504349090807551,0.0009448713779381208,1.161926121653473e-5,2.4790663611895542e-5,0.001783081166439615
2209,glaciers,0.0009385490068591906,0.0009331183927410311,1.1601580738431163e-5,8.413908672544326e-6,0.0017725845680953256
2210,glaciers,0.0009268658617340719,0.0009214723086793075,1.1579934189815618e-5,4.002741993147663e-6,0.0017603204770122005
2211,glaciers,0.0009146292037431891,0.000909857111774862,1.1557357814744154e-5,0.0,0.0017478888871728768
2212,glaciers,0.0009021908015700575,0.0008982968255658399,1.1533130123842763e-5,0.0,0.0017327780834815343
2213,glaciers,0.0008873690111670385,0.0008867631191798626,1.1508753482057796e-5,0.0,0.0017191100674612157
2214,glaciers,0.0008769499052281304,0.0008753475796027725,1.1481075979179207e-5,0.0,0.001707814136742769
2215,glaciers,0.0008663053819475408,0.0008639662172086045,1.1453536147936755e-5,0.0,0.0016959692199147722
2216,glaciers,0.0008533288532071026,0.0008526395630777835,1.1425575585432533e-5,0.0,0.001686575172301019
2217,glaciers,0.0008397456720565799,0.0008414183890040654,1.1395409139735675e-5,0.0,0.0016751292679849426
2218,glaciers,0.0008268776629112295,0.000830289044744017,1.1363534392536207e-5,0.0,0.0016643772721064208
2219,glaciers,0.0008165252444225501,0.0008191967894643035,1.1331860353214317e-5,0.0,0.0016508745501383258
2220,glaciers,0.0008060301305423678,0.0008082556045056873,1.1296053935330508e-5,0.0,0.001639580669385765
2221,glaciers,0.0007952011652498925,0.000797340613680321,1.1260414142515858e-5,0.0,0.0016261535722513543
2222,glaciers,0.0007812900476498186,0.0007865594008572678,1.1221079668644445e-5,0.0,0.0016127694833571124
2223,glaciers,0.0007699924046331574,0.0007758178865931313,1.1181394268329534e-5,0.0,0.001599142391135899
2224,glaciers,0.0007570381173191976,0.0007651432201468235,1.1140911790895082e-5,0.0,0.0015896616616405622
2225,glaciers,0.0007431867212073229,0.0007545685152112505,1.1098815557794481e-5,0.0,0.001576128879138494
2226,glaciers,0.0007295610797228846,0.0007441587943654948,1.1053195316540636e-5,0.0,0.0015593382376874131
2227,glaciers,0.000716763179646307,0.0007338078443362974,1.1007915003992542e-5,0.0,0.00154738496966651
2228,glaciers,0.0007016203089307282,0.0007235437252301598,1.09620005271591e-5,0.0,0.0015306571499678512
2229,glaciers,0.0006875998656372673,0.0007134074238770367,1.0914092688863492e-5,0.0,0.0015214518387214326
2230,glaciers,0.000674901076639145,0.0007033367871217404,1.0866093846033445e-5,0.0,0.0015111320210838383
2231,glaciers,0.0006628638971797329,0.0006933789213965848,1.0816278444472433e-5,0.0,0.0015004171338013348
2232,glaciers,0.0006508581533424262,0.0006834987948157725,1.0765691709777436e-5,0.0,0.0014892940194787486
2233,glaciers,0.0006398074230329343,0.0006736845752811807,1.0714846316745264e-5,0.0,0.0014777473406475394
2234,glaciers,0.0006277947166655196,0.0006639466361381885,1.0663513705899851e-5,0.0,0.0014688966503566547
2235,glaciers,0.0006135111104370594,0.0006543160450594492,1.0610962819021132e-5,0.0,0.0014563956131283362
2236,glaciers,0.0006014326444656604,0.0006447727000852694,1.0557937561337722e-5,0.0,0.0014438991258121092
2237,glaciers,0.000591912243708137,0.000635303092942241,1.0504929098733678e-5,0.0,0.0014318231760242384
2238,glaciers,0.0005819989729651809,0.0006259603692025486,1.0450505504437012e-5,0.0,0.0014216627870212051
2239,glaciers,0.000572009375062521,0.000616739030362929,1.0394847551290619e-5,0.0,0.0014091186885661245
2240,glaciers,0.0005616745882974783,0.0006075937988761364,1.0339304077625683e-5,0.0,0.0013964514747367928
2241,glaciers,0.0005514587011479222,0.0005985619281537869,1.0282667609303515e-5,0.0,0.0013846233844372335
2242,glaciers,0.0005425362803688216,0.0005896058896893894,1.0225852832909915e-5,0.0,0.0013740570059269429
2243,glaciers,0.0005296197670343616,0.0005807936195233143,1.0166698345105856e-5,0.0,0.0013652659724051831
2244,glaciers,0.0005181195038836961,0.0005720562779643945,1.0107452640780223e-5,0.0,0.001353879206630637
2245,glaciers,0.0005109601166406463,0.0005633783388827389,1.0048747049517256e-5,0.0,0.001340322555188322
2246,glaciers,0.0004999374253653599,0.0005548571999772332,9.987931663548634e-6,0.0,0.0013330715316470787
2247,glaciers,0.0004903987969164803,0.0005463932592480774,9.92815765821126e-6,0.0,0.0013232638982774603
2248,glaciers,0.00047995393095767724,0.0005380264373570807,9.868285912502749e-6,0.0,0.0013094380914871805
2249,glaciers,0.00046873962147131465,0.0005297571243311481,9.808347699037886e-6,0.0,0.0013015154904238101
2250,glaciers,0.0004599038376476017,0.0005215724963829338,9.748705799339447e-6,0.0,0.0012914173296685759
2251,glaciers,0.00044915944536327856,0.0005135380320210406,9.687607614570448e-6,0.0,0.001281903572666465
2252,glaciers,0.0004382623167487054,0.0005055976622359903,9.626500407066582e-6,0.0,0.0012674902666521602
2253,glaciers,0.0004272787197976413,0.0004977508109976689,9.56530815118257e-6,0.0,0.0012571620723139886
2254,glaciers,0.00041763671679895253,0.0004900089413205304,9.503604685229038e-6,0.0,0.0012470116770845862
2255,glaciers,0.0004073285242487401,0.0004823840261018049,9.440945056489426e-6,0.0,0.001237075837507362
2256,glaciers,0.0003979487302370188,0.0004748326677397259,9.37856307913244e-6,0.0,0.0012295986784298663
2257,glaciers,0.0003876229580566104,0.00046737829256659325,9.315919188148186e-6,0.0,0.0012191816594349092
2258,glaciers,0.0003790064574662466,0.0004600213326123477,9.253065363203224e-6,0.0,0.001208589846924113
2259,glaciers,0.00037143420534491156,0.00045275060742789463,9.19043060461942e-6,0.0,0.0012000379247250946
2260,glaciers,0.00036319967668951847,0.00044561313701036375,9.126915380074344e-6,0.0,0.001192429544731155
2261,glaciers,0.0003525476257912885,0.00043857471367679144,9.063443954480943e-6,0.0,0.0011835187531243465
2262,glaciers,0.0003455181524056883,0.00043164666274022776,8.999752257214609e-6,0.0,0.001175060476250067
2263,glaciers,0.00033647349398790993,0.00042482121136596973,8.93595957725671e-6,0.0,0.0011653369061992434
2264,glaciers,0.0003266254892686504,0.0004180900651471511,8.872207471046183e-6,0.0,0.0011553822421234371
2265,glaciers,0.00031976358084051526,0.000411460234042055,8.80822048926369e-6,0.0,0.0011421878673770537
2266,glaciers,0.00031277370844229324,0.0004049476360278419,8.743489050273347e-6,0.0,0.001132742741159376
2267,glaciers,0.00030432097858934526,0.00039851278789752875,8.678930683602988e-6,0.0,0.0011241357503841698
2268,glaciers,0.0002971080629396994,0.00039214294032843355,8.614843263626915e-6,0.0,0.0011152820704850796
2269,glaciers,0.00028870214427278995,0.0003859258332202291,8.549331621491754e-6,0.0,0.0011055781789924169
2270,glaciers,0.0002820970695527336,0.000379802797371811,8.483913347965521e-6,0.0,0.0010952595588289427
2271,glaciers,0.00027596671407437157,0.00037376063580361494,8.41895108403246e-6,0.0,0.001086266806815317
2272,glaciers,0.0002686832695300012,0.0003678520875720217,8.353259339929573e-6,0.0,0.0010768806790174778
2273,glaciers,0.0002606296523204321,0.0003620173565627436,8.288157278055106e-6,0.0,0.0010674816736724324
2274,glaciers,0.0002543558075434049,0.0003562943728548973,8.222737755378671e-6,0.0,0.001058103980683711
2275,glaciers,0.0002496396133135903,0.000350680593168887,8.156914570700849e-6,0.0,0.0010487358983642281
2276,glaciers,0.0002424759493795392,0.00034514498484304037,8.091241106947373e-6,0.0,0.001039587022758681
2277,glaciers,0.0002361181876384677,0.00033968474235245163,8.025743174195894e-6,0.0,0.0010293888236034832
2278,glaciers,0.0002295583421982883,0.0003343066285889087,7.96033887073761e-6,0.0,0.0010196094345676697
2279,glaciers,0.00022283858607607954,0.00032900512735933776,7.895201458003518e-6,0.0,0.0010111745673121674
2280,glaciers,0.00021617562792108913,0.0003237765396247454,7.830469298988804e-6,0.0,0.0010015187152934146
2281,glaciers,0.00020915475818839013,0.00031864128101592113,7.765803322447096e-6,0.0,0.000990361623471614
2282,glaciers,0.00020280586089072017,0.0003135863779578081,7.701479896444567e-6,0.0,0.0009832457842573917
2283,glaciers,0.0001958749086341527,0.0003086269015353942,7.637128457776019e-6,0.0,0.0009740222832270717
2284,glaciers,0.0001897946728099953,0.0003036973105052603,7.574173861514396e-6,0.0,0.0009645603024296179
2285,glaciers,0.0001833698609505774,0.0002988988953389615,7.510202982523187e-6,0.0,0.0009556676786253604
2286,glaciers,0.0001775488303170647,0.0002942195965620549,7.445463594145245e-6,0.0,0.0009468451789174992
2287,glaciers,0.00017211492914093185,0.0002895804947886429,7.381569102509217e-6,0.0,0.000938325586877653
2288,glaciers,0.00016580964469525838,0.0002850146792299597,7.317787824296818e-6,0.0,0.0009302558253288849
2289,glaciers,0.00016004036295846902,0.00028051065366190285,7.2544022806807995e-6,0.0,0.0009228200974096268
2290,glaciers,0.00015560153457983006,0.00027607744893458987,7.191387401020242e-6,0.0,0.0009113465469621216
2291,glaciers,0.00015165527549321212,0.00027171527291442035,7.1287508269727855e-6,0.0,0.0009033560487711866
2292,glaciers,0.00014791048850781863,0.00026742844825922775,7.0664216584945125e-6,0.0,0.0008947330260035357
2293,glaciers,0.00014442283555204938,0.00026319504011000384,7.004829520345467e-6,0.0,0.0008867685312921478
2294,glaciers,0.00013958941456060359,0.00025907280681897405,6.942784452619655e-6,0.0,0.0008800229499655642
2295,glaciers,0.00013525613206688547,0.0002550021707530519,6.8814156594484125e-6,0.0,0.0008725488227653954
2296,glaciers,0.0001308689271191099,0.0002509892010752104,6.820467017965623e-6,0.0,0.0008657837659246325
2297,glaciers,0.00012692476056841429,0.00024703110996309976,6.759920848233213e-6,0.0,0.0008590760097760608
2298,glaciers,0.00012151917327507533,0.0002431316182495582,6.6996704361526035e-6,0.0,0.0008522169769324961
2299,glaciers,0.00011661338447055414,0.00023929072913920457,6.63976149431359e-6,0.0,0.0008454666689285517
2300,glaciers,0.00011190690506168721,0.0002355109588186348,6.580232554679254e-6,0.0,0.0008389727878419962
2025,gis,0.0,0.0,0.0,0.0,0.0
2026,gis,0.0,0.0,0.0,0.0,0.0
2027,gis,0.0,0.0,0.0,0.0,0.0
2028,gis,0.0,0.0,0.0,0.0,0.0
2029,gis,0.0,0.0,0.0,0.0,0.0
2030,gis,0.0,0.0,0.0,0.0,0.0
2031,gis,0.0,0.0,0.0,0.0,0.0
2032,gis,3.5459321701125646e-6,4.051243534730631e-6,5.926850596219574e-8,7.996129269827179e-7,9.18049531062337e-6
2033,gis,9.7572289359249e-6,1.1282829408632012e-5,1.6742544828709424e-7,2.183176057712899e-6,2.617593898079917e-5
2034,gis,1.7260327522805596e-5,2.005776510340951e-5,3.006990631646618e-7,3.839128606131226e-6,4.702001441980741e-5
2035,gis,2.5314607743354145e-5,2.9698547928269647e-5,4.482350851484998e-7,5.673250260684881e-6,7.004208876004725e-5
2036,gis,3.3921427933236714e-5,3.983833948817406e-5,6.041962756790586e-7,7.572228923891089e-6,9.43680062492902e-5
2037,gis,4.2780133613362636e-5,5.030550265154865e-5,7.653591875284887e-7,9.581314546203146e-6,0.00011955461387991305
2038,gis,5.1672081546882964e-5,6.097339496728971e-5,9.298714848057348e-7,1.161578121244844e-5,0.00014524105798496834
2039,gis,6.07796032614516e-5,7.17687422356228e-5,1.0966058452437913e-6,1.3658118493964366e-5,0.0001707672750317357
2040,gis,7.014636209667913e-5,8.264190245763637e-5,1.2648003113028983e-6,1.5744516734805813e-5,0.00019728008932240468
2041,gis,7.965737292003894e-5,9.3556930554195e-5,1.433956165060852e-6,1.7834013217310485e-5,0.00022382674994769755
2042,gis,8.886435560739869e-5,0.00010449441372211155,1.6038009403111258e-6,1.994033349994595e-5,0.00024956995750891053
2043,gis,9.794279138830575e-5,0.0001154401203150801,1.7742393439142433e-6,2.2004132453901093e-5,0.00027514323612809477
2044,gis,0.00010732353188380728,0.0001263844906080891,1.9452286732065115e-6,2.4109267369176735e-5,0.00030075316001632046
2045,gis,0.0001165940305636326,0.00013732463327769127,2.1167631620735303e-6,2.6080625410429548e-5,0.00032666753519539066
2046,gis,0.0001260277002312904,0.0001482559092461422,2.2888528083157024e-6,2.8108962797368523e-5,0.0003523928513038399
2047,gis,0.00013543166734741874,0.00015917593718692836,2.4615098437599087e-6,3.005150320589678e-5,0.00037771040902967457
2048,gis,0.00014446309011262315,0.00017007942691882327,2.6346660161622296e-6,3.1941394134094026e-5,0.0004024740878039168
2049,gis,0.00015337480214761,0.00018096602178045983,2.8082913930006157e-6,3.38151721646085e-5,0.0004277499476046387
2050,gis,0.00016236159456894939,0.00019182450992323298,2.982237447063355e-6,3.567249292846242e-5,0.00045299284098909704
2051,gis,0.0001713447359552589,0.00020264649256760393,3.15629521945656e-6,3.783946373570046e-5,0.00048094040980384273
2052,gis,0.00018015758502798462,0.0002134289811993373,3.330372856252034e-6,3.981630136706826e-5,0.0005071403056877698
2053,gis,0.00018912729728981503,0.00022417259150371295,3.504452176230786e-6,4.1729630568809746e-5,0.0005318526620268215
2054,gis,0.0001979349187219981,0.00023487798698962337,3.6785149805514982e-6,4.3632655293279754e-5,0.0005571231388312724
2055,gis,0.00020649131005079369,0.00024554960257723303,3.852658106213224e-6,4.552615750608169e-5,0.0005847806048198123
2056,gis,0.000215078719500994,0.0002561907942931985,4.026989941707794e-6,4.741106021111108e-5,0.0006114052762695721
2057,gis,0.00022393648393403964,0.0002668050983275716,4.201605116035691e-6,4.924002710904318e-5,0.0006366720648776081
2058,gis,0.000232651472842349,0.00027739245580984376,4.376470132254866e-6,5.1023543168327024e-5,0.0006619516646289014
2059,gis,0.00024104909979172362,0.00028795173153399744,4.551527185152538e-6,5.288140231929361e-5,0.0006872408474034585
2060,gis,0.0002494216030601848,0.00029848423611888975,4.726773786996535e-6,5.472718428656265e-5,0.0007125382322925588
2061,gis,0.0002576041761237491,0.0003089871056721538,4.902096746627393e-6,5.6571509707836753e-5,0.000737722511865435
2062,gis,0.00026612716896856625,0.0003194588146236743,5.077466840007963e-6,5.841269413497941e-5,0.0007617634963796859
2063,gis,0.00027429548530299996,0.00032989884727743226,5.2528197869977586e-6,6.02293436680057e-5,0.0007867469854128116
2064,gis,0.0002822680980063552,0.0003403065254084403,5.428068945119824e-6,6.209003416746128e-5,0.0008116558898807468
2065,gis,0.00029018351197507286,0.0003506849810503088,5.603294231769191e-6,6.388782222810363e-5,0.000836412886178195
2066,gis,0.0002980498539528753,0.00036103816492474297,5.7786662145902285e-6,6.562628735107268e-5,0.0008612198787627533
2067,gis,0.0003063408753778418,0.0003713738490755958,5.954345639887944e-6,6.739743882988591e-5,0.0008863856344554221
2068,gis,0.0003146096924755426,0.00038169727976464804,6.1304566819279135e-6,6.915872149626524e-5,0.0009141095995390812
2069,gis,0.0003222976358241425,0.0003920093066089869,6.3070413987676214e-6,7.091032748540727e-5,0.0009394770293846832
2070,gis,0.00033039623272834717,0.0004023061463951372,6.483974227850939e-6,7.265231588338139e-5,0.0009635030126498023
2071,gis,0.00033824038743190954,0.0004125832965278242,6.661067637580756e-6,7.438831463257856e-5,0.0009866156292437367
2072,gis,0.00034668181529973197,0.0004228389729876272,6.83830362281253e-6,7.601872389351172e-5,0.0010134228159763836
2073,gis,0.00035481447580032466,0.00043307337086027073,7.015605260454485e-6,7.76949104475122e-5,0.0010392394931146853
2074,gis,0.0003628405127020784,0.0004432892653649212,7.192964676423487e-6,7.953943542915454e-5,0.001066398135529667
2075,gis,0.000371351865080527,0.00045348736890979955,7.370397851191977e-6,8.124718452240387e-5,0.0010917028669155115
2076,gis,0.00037924161802038725,0.0004636595551778644,7.54771295083077e-6,8.293964639971563e-5,0.001117716041179051
2077,gis,0.0003873175367985482,0.00047380532690484146,7.724873121691991e-6,8.462362282024571e-5,0.0011431071149781147
2078,gis,0.00039533723139584254,0.00048392999326387677,7.901907745377552e-6,8.629937126247711e-5,0.001168095786217016
2079,gis,0.00040309848068353915,0.000494040116267147,8.079069170879458e-6,8.796718961257e-5,0.001192755672057011
2080,gis,0.00041141649851361706,0.0005041407104644958,8.256635577201168e-6,8.962732822581643e-5,0.0012173735171217002
2081,gis,0.00041896344349368064,0.0005142319060638112,8.4345696956976e-6,9.127995013180623e-5,0.001243664162031699
2082,gis,0.0004274548911276099,0.0005243138696062299,8.61266299393122e-6,9.292513055481066e-5,0.0012716652935118589
2083,gis,0.00043563756713105306,0.0005343895526312093,8.791110609845669e-6,9.463033123324749e-5,0.001301534973756624
2084,gis,0.00044391200875182335,0.0005444580314510894,8.969877405377716e-6,9.6509474847295e-5,0.0013277460426852625
2085,gis,0.0004517666577719126,0.0005545145754386027,9.148651161116558e-6,9.819874204897161e-5,0.0013538899407317118
2086,gis,0.000459535749763873,0.0005645573970922246,9.327469441362708e-6,9.983736009466782e-5,0.0013801324521045542
2087,gis,0.0004670373534132466,0.0005745848155133796,9.506412606720797e-6,0.00010145035795439128,0.0014063493492244559
2088,gis,0.000474910080106028,0.0005845997239573908,9.68555847939681e-6,0.00010305670529398014,0.0014325433475370626
2089,gis,0.0004826327404838793,0.0005946042478048863,9.864788203814485e-6,0.00010465989887631366,0.0014585537087663523
2090,gis,0.0004905921294984239,0.0006046028377004297,1.0044236327013905e-5,0.00010632103079721844,0.0014844794216095634
2091,gis,0.0004985049479877546,0.0006145979709963445,1.0223898969053053e-5,0.00010798143908363755,0.0015098470775720685
2092,gis,0.0005056699900141126,0.0006245909430181667,1.040393476411005e-5,0.00010960364061674,0.0015349018640931078
2093,gis,0.0005133734712892135,0.0006345866255941246,1.0584509314049198e-5,0.00011120200896996835,0.0015618058726207806
2094,gis,0.000521655987517633,0.0006445798133920544,1.0765602661708596e-5,0.00011269793516177629,0.0015886192324954251
2095,gis,0.0005295715829412018,0.0006545631446456035,1.0946668758802989e-5,0.0001142083975835817,0.0016156793121036017
2096,gis,0.0005368545561879046,0.0006645369063809526,1.1127777916877506e-5,0.00011578787233901267,0.0016426377061318218
2097,gis,0.0005443491104539788,0.0006744975478925941,1.1308737972940373e-5,0.0001173684380706419,0.0016695597184623876
2098,gis,0.000552049272783961,0.0006844443415773505,1.148952686278794e-5,0.00011894857009142612,0.0016964460778279287
2099,gis,0.0005592933197462457,0.0006943787860484108,1.1670306173005897e-5,0.00012052643227011828,0.0017232605165062862
2100,gis,0.0005667761129757309,0.0007043079199632096,1.185135977590793e-5,0.00012210234505261042,0.001753904116830185
2101,gis,0.0005746022135433293,0.0007142384539946529,1.203281572912822e-5,0.0001236767916390491,0.0017833168696013146
2102,gis,0.0005827631514243592,0.0007241732768641814,1.2214732700955042e-5,0.00012525026484855317,0.0018106326457933974
2103,gis,0.0005909400629722228,0.0007341096689903015,1.2397124070986337e-5,0.00012682278322628804,0.0018341295756485465
2104,gis,0.0005991667536342504,0.000744042888058738,1.2579652241670273e-5,0.0001283942105967384,0.0018636682834172191
2105,gis,0.0006065634070573367,0.0007539696556613685,1.2762216323181452e-5,0.0001299643634133929,0.0018952804960070677
2106,gis,0.0006139831353557668,0.0007638888328053816,1.2944861535019933e-5,0.00013153854541148036,0.0019193194230870954
2107,gis,0.0006212591701526549,0.000773787560388417,1.3127555582177784e-5,0.000133216007740522,0.0019464463524432314
2108,gis,0.0006292700072130231,0.0007836697389432601,1.3310342860094168e-5,0.00013502265257869794,0.0019774212449608086
2109,gis,0.0006368859973626684,0.0007935367415317049,1.3492968847151022e-5,0.00013682752828536593,0.0020085192935637153
2110,gis,0.0006440968687293491,0.0008033979092632042,1.367590566592685e-5,0.00013836906259001583,0.0020369536178543868
2111,gis,0.0006518943965083679,0.0008132553315261841,1.3859064715069696e-5,0.00013990443609390724,0.0020641340076288373
2112,gis,0.0006600813553969687,0.0008231100608232271,1.4042403133553919e-5,0.00014143781446485093,0.0020878875032703803
2113,gis,0.0006680170175243916,0.0008329585320710802,1.4225929383128994e-5,0.00014298128852008318,0.002111584656385723
2114,gis,0.0006756908155658436,0.0008428048615775712,1.4410050059246988e-5,0.00014474457574742416,0.002135250406083422
2115,gis,0.0006835936391613728,0.0008526501096280716,1.4594536018047974e-5,0.00014629124326148712,0.0021588775779735054
2116,gis,0.0006917663142758101,0.000862494726540227,1.477957670378139e-5,0.00014767863716791396,0.0021824624122590564
2117,gis,0.0006994555571626648,0.000872337306592021,1.4964736876392875e-5,0.0001490894160838252,0.0022060014430103077
2118,gis,0.0007070240852335985,0.0008821723496395891,1.5150039621356943e-5,0.00015060031446356703,0.002229493313330444
2119,gis,0.0007146367071442228,0.0008919980925271327,1.533545853476123e-5,0.00015211246601420925,0.002254688246940972
2120,gis,0.0007223616198981375,0.0009018219885247163,1.5521232970270993e-5,0.0001536376500377301,0.0022780657476051402
2121,gis,0.0007299327310583692,0.0009116454629954269,1.5707527105729785e-5,0.00015529611453679593,0.002299700823140682
2122,gis,0.0007374938153059674,0.0009214693159375234,1.5894011613715107e-5,0.00015668507673094467,0.002323029031008339
2123,gis,0.000744958144993646,0.0009313048875220868,1.6080988706274975e-5,0.0001581658497196159,0.002346329231110999
2124,gis,0.000752116060498409,0.0009411355257081126,1.6267928586219418e-5,0.0001596750638199751,0.002369595995865836
2125,gis,0.0007595738805488139,0.0009509600123615662,1.645483420504269e-5,0.00016120371800099065,0.0023999983090527977
2126,gis,0.0007673761547533076,0.0009607767954770345,1.6641679908930513e-5,0.00016275709857627163,0.0024302390517494388
2127,gis,0.000775139201492081,0.0009705823185974776,1.682850550756824e-5,0.0001643140126006415,0.0024512383555252977
2128,gis,0.0007826278566103184,0.0009803719655060226,1.7015305999679736e-5,0.0001661433588617811,0.0024743125394266477
2129,gis,0.0007904565404004416,0.0009901537892806882,1.7202185181063306e-5,0.00016773787079316094,0.002498178409471307
2130,gis,0.0007975640978763465,0.00099992616104951,1.738895347760332e-5,0.00016915142872608868,0.0025222276521752454
2131,gis,0.0008050143541105115,0.0010096877827744173,1.757565588696509e-5,0.000170563122021683,0.0025505320018570634
2132,gis,0.0008124564292444347,0.0010194499020841849,1.7762707316235957e-5,0.0001720747157651914,0.002578817735470195
2133,gis,0.0008202028055848132,0.0010292105688014903,1.7949855442548463e-5,0.00017359983740750096,0.002607054073275882
2134,gis,0.0008274921864170892,0.0010389722673295428,1.813734238062379e-5,0.00017498146545502635,0.0026349491919219754
2135,gis,0.0008351044069598856,0.0010487245691088313,1.832469742858302e-5,0.00017636171126156341,0.002657806590304901
2136,gis,0.0008427803979582649,0.0010584621864877485,1.8511900177214483e-5,0.0001777375529732339,0.0026815535383750695
2137,gis,0.0008504506133544254,0.001068179108337434,1.869869700354873e-5,0.0001791103556048057,0.0027105471387578457
2138,gis,0.0008581922315897828,0.0010778797873624733,1.8885127892828705e-5,0.00018056815560107964,0.0027370578657670563
2139,gis,0.0008657720030225136,0.0010875610815105521,1.9070969636575542e-5,0.00018204279959910252,0.0027545792313610202
2140,gis,0.00087274315574426,0.0010972278403547956,1.925659754210615e-5,0.00018338235787673796,0.0027794370993072795
2141,gis,0.0008794537034617633,0.0011068792013276027,1.944199617325095e-5,0.0001847153417333658,0.0028111719390366825
2142,gis,0.0008865448513528662,0.0011165235151922844,1.9627552950920776e-5,0.00018604485614304167,0.0028441095695841408
2143,gis,0.0008938608899278222,0.001126158132085333,1.9812890889301762e-5,0.0001873923325534932,0.002874790089282264
2144,gis,0.0009013858667472618,0.0011357867930770569,1.999807221376764e-5,0.00018875830416043016,0.0029007352838839036
2145,gis,0.0009080143116069195,0.0011454090248515475,2.0183162949791792e-5,0.00019012164298448653,0.0029261942272773562
2146,gis,0.0009155627322510185,0.0011550279908719618,2.036832713378365e-5,0.00019148240998134725,0.0029515155598236467
2147,gis,0.0009234112719802567,0.0011646383673622953,2.0553150808741998e-5,0.00019283927722213434,0.0029766444110679293
2148,gis,0.000930533686593904,0.0011742308488264666,2.0737363386209746e-5,0.00019419245139484786,0.003001692665449695
2149,gis,0.0009376390469828522,0.0011838101535228188,2.0921364788247188e-5,0.00019554759082662798,0.0030266862096794958
2150,gis,0.0009456002677765696,0.0011933701047506249,2.1104905723995556e-5,0.0001969187546269069,0.003051514090031126
2151,gis,0.0009527772725004269,0.0012029159384962691,2.128814061798675e-5,0.0001984215926409405,0.003076273160864673
2152,gis,0.0009598913721209357,0.001212446795976966,2.1471069506135963e-5,0.00019996034530400664,0.003101763776554023
2153,gis,0.0009664135170339705,0.0012219646448614618,2.1653729419736804e-5,0.0002014986891296644,0.0031259537924244185
2154,gis,0.0009745157453888709,0.0012314751520661176,2.1836269469818677e-5,0.00020303909713970114,0.0031508655654244318
2155,gis,0.00098126646776997,0.0012409829068121656,2.2018774424631253e-5,0.0002045811802231512,0.0031756020650730576
2156,gis,0.000989082178248779,0.0012504787399068161,2.220103017378334e-5,0.00020612319766577514,0.0032002968393474163
2157,gis,0.000996297997035711,0.0012599575588131025,2.2382809585149306e-5,0.00020767312868041898,0.00322495307782944
2158,gis,0.001003710904612376,0.001269418604218071,2.2564055015775657e-5,0.00020923996450594728,0.003249928687698578
2159,gis,0.001011417276375326,0.0012788629046276156,2.2745011316737166e-5,0.00021080619234226106,0.003274686496039791
2160,gis,0.001018495320392887,0.0012882840495179427,2.2925393653893135e-5,0.00021269680463120721,0.003299516992929518
2161,gis,0.001025219008088385,0.00129768240351172,2.31051762175551e-5,0.00021414269124164775,0.003324073845196728
2162,gis,0.001031879411472758,0.0013070589564317156,2.328460443361477e-5,0.00021558659029086158,0.003348564550340604
2163,gis,0.0010393214274539986,0.0013164167289293775,2.3463407490453664e-5,0.00021702864096972974,0.0033764135672154074
2164,gis,0.0010476442455775725,0.001325765984351065,2.364200554266682e-5,0.00021852449045844935,0.003405905332876102
2165,gis,0.0010557565191859908,0.001335102875159457,2.3820557686351596e-5,0.00022006261924278903,0.0034343714065609987
2166,gis,0.0010629087024760508,0.0013444197567653209,2.3998580520306278e-5,0.00022160067969956287,0.003455421653191237
2167,gis,0.0010698209581327944,0.001353730839116949,2.417674850389856e-5,0.0002231385092921201,0.003474781445729213
2168,gis,0.0010764012130515255,0.0013630280963362882,2.4354927479904873e-5,0.0002246757550494749,0.0035054079791763107
2169,gis,0.0010824239342621667,0.0013723075306323453,2.4533055317602553e-5,0.00022621211434259436,0.003535960722640396
2170,gis,0.0010884178082370966,0.0013815636544173638,2.4710674722624843e-5,0.0002277474924028411,0.0035664872216534245
2171,gis,0.0010953982910510973,0.0013907972542234629,2.4887709702750284e-5,0.0002292819083926645,0.003597065405647193
2172,gis,0.0011017857392658925,0.0014000078228224612,2.5064093057954798e-5,0.0002308154502506099,0.003623145786315618
2173,gis,0.0011090315878092838,0.001409190717766487,2.523962387514225e-5,0.00023234829700680137,0.0036469121973238925
2174,gis,0.0011166752744706798,0.001418360255150839,2.5414985518017855e-5,0.0002338807828072831,0.0036701449483755866
2175,gis,0.0011241953212337563,0.0014275108862099727,2.5589740915083147e-5,0.00023541309501773355,0.0036932493880124538
2176,gis,0.0011322918330947118,0.0014366451854582465,2.5764176184238117e-5,0.0002369452853434595,0.0037162264432886614
2177,gis,0.0011401989132853174,0.0014457627648479133,2.5938132284283548e-5,0.0002384772560892756,0.0037390709828155617
2178,gis,0.0011478700379097262,0.0014548767757745428,2.6112291823926162e-5,0.0002400087510423532,0.003761771872854424
2179,gis,0.0011554713365224956,0.0014639693259696216,2.628587971023359e-5,0.0002415394915145086,0.00378431796771661
2180,gis,0.0011625995434361158,0.0014730398478024487,2.6458801072767615e-5,0.00024306935721529754,0.003813866396900067
2181,gis,0.001169808982481868,0.0014820965374493262,2.663150213852597e-5,0.0002445983038112942,0.003844333616088491
2182,gis,0.0011774063343406027,0.0014911456983932201,2.680417480559253e-5,0.0002460238387902436,0.0038719695594934935
2183,gis,0.001184768925233115,0.0015001748224897735,2.6976316551629832e-5,0.00024735843882073283,0.0038965688234604556
2184,gis,0.0011918122191811875,0.0015091784599137199,2.7147711235706075e-5,0.0002486899833353817,0.0039182578764897615
2185,gis,0.001198460388573963,0.0015181694589490782,2.731880547252148e-5,0.00025001878359631746,0.003939654743518872
2186,gis,0.0012050027889731751,0.001527143102421256,2.7489618375561156e-5,0.0002513452439645292,0.003960976506860447
2187,gis,0.0012119138193433798,0.0015361061941490544,2.7660325667113478e-5,0.00025266993170180996,0.003982239787538687
2188,gis,0.0012184186449548662,0.0015450581865375011,2.7830728189518022e-5,0.000253993015131293,0.0040034447247261785
2189,gis,0.0012257138596094563,0.0015539947640686638,2.800069210108593e-5,0.00025531465405403964,0.0040245871568078675
2190,gis,0.0012338270320988443,0.0015629199172929606,2.8170481876956208e-5,0.0002566349995536399,0.004045665086333016
2191,gis,0.001240880963404578,0.0015718316027149282,2.834010060848598e-5,0.0002579538745539623,0.004066663508131184
2192,gis,0.0012474196161349482,0.0015807244488832523,2.8509337691463125e-5,0.00025928618589077246,0.004087569400863698
2193,gis,0.0012548401170597856,0.0015895960145750117,2.867793719726474e-5,0.0002606481518663273,0.004110667356139784
2194,gis,0.0012619411017489313,0.0015984435551363808,2.8845769189041168e-5,0.000262735815095283,0.004136311346570664
2195,gis,0.0012683743707331274,0.001607273613584871,2.9013201043840865e-5,0.00026419142551414865,0.004161915374966084
2196,gis,0.0012758384943634127,0.001616090336960535,2.9180293614681503e-5,0.00026556039030456446,0.004187502904104078
2197,gis,0.0012834166622788246,0.0016248922468602078,2.9346911658161685e-5,0.0002669284860168375,0.004213090280793351
2198,gis,0.0012911189634756681,0.001633681968318017,2.9513138361753017e-5,0.00026829604121925144,0.004238691848344088
2199,gis,0.0012990048173548985,0.0016424636178057098,2.9679183278192385e-5,0.00026966307796527644,0.004264310014101724
2200,gis,0.0013058722156955582,0.0016512376391449965,2.9845251442850197e-5,0.00027102927751432304,0.004289932154932784
2201,gis,0.001312610838866135,0.0016600054218846516,3.0011578254109714e-5,0.00027239433814774117,0.004315542970965324
2202,gis,0.0013191551078151065,0.0016687550959604298,3.0177606204974652e-5,0.0002737579819456215,0.004341127197599093
2203,gis,0.0013262388533163971,0.0016774791713867626,3.034312638417187e-5,0.0002751202346207293,0.004367903380321181
2204,gis,0.0013316536233265452,0.0016861839187180864,3.0508330255650847e-5,0.0002764811980560111,0.0043968491527348165
2205,gis,0.0013368507329580837,0.0016948655924285668,3.06730266846155e-5,0.0002778408610071281,0.004423424733395365
2206,gis,0.0013440434542211221,0.0017035231404911037,3.083711992309969e-5,0.000279199308641509,0.0044521612448356505
2207,gis,0.0013514883833387614,0.0017121638449994307,3.10007809526123e-5,0.00028055661102754925,0.004480184280071242
2208,gis,0.0013589728981688864,0.0017207851071078153,3.1163881631424325e-5,0.0002819129546605126,0.004499351047632061
2209,gis,0.0013656042994636408,0.001729395454560164,3.1326737191461756e-5,0.0002832686382925331,0.004526500311152758
2210,gis,0.001372790749698538,0.0017379997405849465,3.148956886603908e-5,0.00028462389075389893,0.004553366759520117
2211,gis,0.0013799787528245844,0.0017465923065895055,3.165206084546113e-5,0.00028597878502623075,0.00458015815072983
2212,gis,0.0013871674876764217,0.0017551705793182677,3.181414634222994e-5,0.00028733316933315933,0.0046068741576686285
2213,gis,0.0013934357386169438,0.0017637387444253872,3.197607060547075e-5,0.0002886869117579849,0.004633531912019606
2214,gis,0.0014001685290754295,0.0017722947997607914,3.213774060712259e-5,0.0002900397985694525,0.004659278398352384
2215,gis,0.001407593175528632,0.00178083803697967,3.229910607022027e-5,0.0002913934667381213,0.004683833807504101
2216,gis,0.0014145552781563708,0.0017893674792235181,3.2460146055401833e-5,0.00029241208457264634,0.00470835916134611
2217,gis,0.0014213004428942355,0.0017978763409565541,3.262061578699519e-5,0.00029328693071928313,0.004732851001717719
2218,gis,0.00142922807606638,0.0018063683589065213,3.278059181431981e-5,0.0002941556357782815,0.004757311981080647
2219,gis,0.0014353766401242751,0.0018148437186397697,3.294022224749726e-5,0.0002951721914001837,0.00478174892251637
2220,gis,0.0014416552410967398,0.0018233025035864702,3.3099473593309645e-5,0.00029659006849147573,0.004806172621417559
2221,gis,0.0014480093452284848,0.001831743622309899,3.3258244109097864e-5,0.00029801246472782594,0.004832996037591286
2222,gis,0.0014542502568382076,0.0018401704484365543,3.341658733074475e-5,0.00029943516675512427,0.004855287852348766
2223,gis,0.001460252086671332,0.0018485912652785378,3.3574828266681865e-5,0.00030085795514001035,0.0048792249562580985
2224,gis,0.0014669464886818417,0.0018570062164027696,3.3732871817952264e-5,0.00030228015741151637,0.004904320910780057
2225,gis,0.0014735380205799231,0.0018653983543898303,3.38901777632526e-5,0.0003037016879314791,0.004929966411110341
2226,gis,0.0014810759505934357,0.001873774621543486,3.404698715563414e-5,0.0003051233546713661,0.004955460819884293
2227,gis,0.0014886588208362639,0.0018821335573292667,3.420327145517374e-5,0.00030654543686559066,0.004980918743294893
2228,gis,0.0014954188039872918,0.0018904750017983015,3.435903680795742e-5,0.00030796772688468366,0.005006342810256469
2229,gis,0.0015018469150973601,0.0018988016436460758,3.4514445017027306e-5,0.000309390212631655,0.005031741416243917
2230,gis,0.001508232949465338,0.0019071137205196624,3.4669489392688114e-5,0.00031081280460476535,0.005057126677208145
2231,gis,0.0015139391451146622,0.0019154124959294627,3.48241422361955e-5,0.00031223553530246306,0.005082513144580857
2232,gis,0.0015194820650155094,0.0019237038279835428,3.497861856206249e-5,0.00031365759106449786,0.005107485633098108
2233,gis,0.0015250455215554126,0.0019319839052799432,3.513276976491911e-5,0.00031507963277555007,0.005123273922393778
2234,gis,0.0015324344871281426,0.0019402557343711103,3.528685347526913e-5,0.0003165010775241228,0.005146529618108531
2235,gis,0.0015394030385973423,0.0019485215911594711,3.5440900980640605e-5,0.0003179233500771872,0.005170833759177284
2236,gis,0.0015463495068868127,0.0019567747347989588,3.559464489283934e-5,0.0003193471640416945,0.005195121171373173
2237,gis,0.0015525065765409352,0.0019650050700531223,3.574788599167589e-5,0.00032077166876032237,0.005219380616429347
2238,gis,0.0015586481834972687,0.001973217014957797,3.5900579183968233e-5,0.0003221960746957464,0.005253466054745459
2239,gis,0.0015650872949635186,0.0019814109812579072,3.605280558982767e-5,0.0003236203870704557,0.005283243582568886
2240,gis,0.0015721008199243158,0.0019895889260822504,3.6204629908851467e-5,0.00032504464910765307,0.005307062363830894
2241,gis,0.0015790635006229792,0.0019977524455420496,3.635606236394481e-5,0.00032646890252951977,0.005330250368421829
2242,gis,0.0015860681506829621,0.0020059071559910004,3.650727534042903e-5,0.0003278242151250055,0.005353328056759565
2243,gis,0.0015924092981123295,0.002014054053459372,3.6658331248368504e-5,0.0003291707438801694,0.005376146088918787
2244,gis,0.0015985252424854934,0.0020221955383216486,3.6809262338152225e-5,0.00033051781636039834,0.0053986791736093664
2245,gis,0.0016053025870377269,0.002030323804467214,3.695974818033472e-5,0.00033195939299623944,0.005421087341280639
2246,gis,0.0016106150690919918,0.0020384359597548124,3.710969696198088e-5,0.0003334106491337252,0.0054444241851825835
2247,gis,0.0016162468267744146,0.002046534601383037,3.725936500379013e-5,0.00033486348937294963,0.0054673706578967085
2248,gis,0.001622452733052171,0.002054619401570138,3.740877234556813e-5,0.00033631347258200606,0.005489829821094006
2249,gis,0.0016291918728317256,0.0020626907338608795,3.7557901089873e-5,0.0003377575228125096,0.005510279293575948
2250,gis,0.0016348504145113907,0.0020707470493699595,3.770667064708438e-5,0.0003391988375467392,0.005532200148737942
2251,gis,0.0016388788478298721,0.002078789702308237,3.7855081933488195e-5,0.0003406390289972805,0.005556117302458574
2252,gis,0.0016445866238612439,0.002086818167902177,3.800310753068327e-5,0.0003420784107399655,0.0055800155858541705
2253,gis,0.0016510557783622204,0.002094837230170107,3.8150913835211305e-5,0.00034351746550864704,0.005603022110737044
2254,gis,0.0016567753973184551,0.00210284455200852,3.829841710759518e-5,0.0003449569519808904,0.0056255899247947385
2255,gis,0.0016628546487762463,0.002110845129198333,3.844575729475584e-5,0.0003463979431472808,0.005648148980694501
2256,gis,0.0016696393581483449,0.0021188409435698627,3.85930190846601e-5,0.000347831208182825,0.005670696778809869
2257,gis,0.0016767939317929859,0.002126830234487661,3.8740115430900175e-5,0.00034926503464038916,0.005693227931073962
2258,gis,0.001683972307375825,0.0021348072919669596,3.8886875567485105e-5,0.0003506993741497766,0.005717056959011657
2259,gis,0.0016904039354503908,0.002142770594687626,3.9033239890661606e-5,0.0003521341353573959,0.005746510617757749
2260,gis,0.0016968335420308733,0.002150721778723398,3.91793044339945e-5,0.00035356927458263243,0.005771913520836591
2261,gis,0.0017015870013015189,0.00215866014380293,3.9325073734229165e-5,0.0003550047314515581,0.0057961392921779264
2262,gis,0.001708114229614921,0.0021665840488764463,3.9470480696720364e-5,0.0003564405108935631,0.0058203399828517625
2263,gis,0.0017135250859112716,0.0021744945543999863,3.9615542953346175e-5,0.00035787669536269107,0.005844513100370462
2264,gis,0.0017195245997303488,0.0021823939292787867,3.9760328294451085e-5,0.00035931337637684635,0.005869961201979733
2265,gis,0.001726074520602694,0.0021902847842893555,3.990486468661585e-5,0.00036075070640961826,0.005898363721970056
2266,gis,0.0017333233444549734,0.0021981696334083516,4.004922801009315e-5,0.00036218885982375326,0.0059243965961155
2267,gis,0.0017391797839660939,0.002206054401978241,4.01935231860303e-5,0.00036362793097488577,0.0059407291448785315
2268,gis,0.0017451237799281927,0.0022139393585095613,4.033778979960226e-5,0.00036506796620816573,0.005961336732416811
2269,gis,0.001751223052570694,0.002221817993245203,4.048187008726229e-5,0.000366450438264998,0.005978451564019593
2270,gis,0.0017581754334639044,0.002229686682697013,4.0625739388315315e-5,0.00036781986076928064,0.005995506253417203
2271,gis,0.0017640683298125737,0.0022375451491308063,4.076938015210541e-5,0.0003693041843222389,0.006012495725124011
2272,gis,0.0017708847903641356,0.0022453908482651793,4.091270128979023e-5,0.00037078729022699264,0.006029238699440852
2273,gis,0.0017762926996400807,0.0022532228314967586,4.1055663492685936e-5,0.0003722492200175509,0.0060481125624189495
2274,gis,0.0017813224868046262,0.0022610423959338773,4.119831230590419e-5,0.0003736849096380723,0.006069656521066235
2275,gis,0.0017868442630408765,0.0022688519288313652,4.1340704091194975e-5,0.00037512168191256023,0.006091162122351434
2276,gis,0.0017940565498975047,0.0022766532979590776,4.148282100151961e-5,0.00037655969761907215,0.006112649675480241
2277,gis,0.0018013567065544578,0.0022844518904717023,4.162483884849804e-5,0.00037799904351043523,0.006134129282665412
2278,gis,0.0018076203972317018,0.0022922462201562864,4.1766720871524237e-5,0.000379439743722898,0.00615586886923758
2279,gis,0.0018143819060068012,0.002300033825990809,4.19084394316404e-5,0.00038088168269112543,0.006177562887668131
2280,gis,0.0018205897450052078,0.0023078140781267464,4.2049982424192036e-5,0.0003823248005652147,0.006199548739137839
2281,gis,0.001825857745973991,0.0023155848341767805,4.2191300424653365e-5,0.0003837690330188437,0.006219581559022202
2282,gis,0.0018315897287290994,0.0023233455933815836,4.2332334735802804e-5,0.00038521421431347846,0.006225410711420309
2283,gis,0.00183791909074138,0.0023310933585916835,4.247304733146933e-5,0.0003866603270186175,0.00624371333028506
2284,gis,0.0018436639775742947,0.0023388331752922566,4.261353357666874e-5,0.00038810743729023045,0.006269258747899186
2285,gis,0.0018503385945223272,0.0023465659580309025,4.2753844206793734e-5,0.0003895556545252532,0.006291834386473738
2286,gis,0.0018567677766867519,0.002354293098101717,4.289400632372519e-5,0.0003910051470779053,0.00630622375426526
2287,gis,0.0018627583981967177,0.002362018793826328,4.303413115777789e-5,0.0003924560594059656,0.006320596348360396
2288,gis,0.0018689711549058075,0.002369744106696395,4.317425290549742e-5,0.0003939083953019562,0.0063347960996821915
2289,gis,0.0018747588769389978,0.0023774663447998635,4.331432699586932e-5,0.00039536208387147553,0.006348891768896434
2290,gis,0.0018805163146229376,0.002385180077602289,4.34541938401404e-5,0.0003968168086876389,0.006364286553473872
2291,gis,0.0018868427787737119,0.0023928825661013384,4.3593769200967814e-5,0.0003982723565432167,0.006392055342745804
2292,gis,0.0018931654973464163,0.002400573767194672,4.3733054527095644e-5,0.00039972861245463065,0.0064198201980246936
2293,gis,0.001898978466694956,0.002408252091449519,4.3872013053902505e-5,0.00040118552250500983,0.0064475791144992895
2294,gis,0.001902680924860789,0.002415918003469189,4.401066171733509e-5,0.000402643108641243,0.0064753326079113535
2295,gis,0.0019055209384610805,0.0024235739440254776,4.414905312753984e-5,0.0004041014847366853,0.0065030851946289644
2296,gis,0.001911812613638375,0.002431223270882681,4.428727284649141e-5,0.0004055608501207786,0.006530845662164352
2297,gis,0.0019181038325690736,0.0024388689286383228,4.4425390996957206e-5,0.00040702136494541463,0.006558620313453644
2298,gis,0.0019243951767684564,0.002446512944134618,4.456348485289022e-5,0.0004084831464679084,0.006582046835814736
2299,gis,0.0019315413099612044,0.0024541559085529147,4.470158109493786e-5,0.00040994616800293926,0.006603415898051423
2300,gis,0.001935873774925767,0.00246179220208211,4.483949716071853e-5,0.0004114102544106047,0.00662471712811623
2025,ais,0.0,0.0,0.0,0.0,0.0
2026,ais,0.0,0.0,0.0,0.0,0.0
2027,ais,0.0,0.0,0.0,0.0,0.0
2028,ais,0.0,0.0,0.0,0.0,0.0
2029,ais,0.0,0.0,0.0,0.0,0.0
2030,ais,0.0,0.0,0.0,0.0,0.0
2031,ais,0.0,0.0,0.0,0.0,0.0
2032,ais,-1.9905482262494445e-7,2.0515254323583144e-7,8.68628103921715e-8,-5.202792946468193e-6,7.241969032789619e-6
2033,ais,-6.431089827341196e-7,6.471673337722361e-7,2.4562120365610867e-7,-1.4520972406173449e-5,2.053618843478322e-5
2034,ais,-1.557563478193913e-6,9.042593695165468e-7,4.408587209985871e-7,-2.595813248351675e-5,3.617019557033972e-5
2035,ais,-2.522775455204851e-6,1.2007495317218898e-6,6.586252192089085e-7,-3.8533597849221835e-5,5.395092326887506e-5
2036,ais,-3.644824775328459e-6,1.61766412033737e-6,8.905883223530572e-7,-5.1854723858157925e-5,7.303683169257447e-5
2037,ais,-4.749148291294247e-6,2.1982703969272156e-6,1.1327333388262578e-6,-6.560234933949971e-5,9.296785007995023e-5
2038,ais,-5.558011151318709e-6,2.9615799567737077e-6,1.382178033396187e-6,-7.955803471015876e-5,0.00011441199166075666
2039,ais,-6.397956581194464e-6,0.0002730336953126159,0.00026918811958349237,-9.380287942395427e-5,0.00013735080091781257
2040,ais,-7.118616629497865e-6,0.0002763045522149592,0.0002713320414590641,-0.00010810151131079859,0.00015978002562699875
2041,ais,-7.610497332111166e-6,0.0008944633844621149,0.0006738494073244497,-0.00012253099896886166,0.0001832105207710821
2042,ais,-7.996146295097262e-6,0.0015679919641507314,0.000951194576845804,-0.00013592489281955,0.00020933125549460469
2043,ais,-8.057250816539963e-6,0.0015733179209752788,0.0009538247404301854,-0.00015091786050691613,0.00023468902621448517
2044,ais,-7.737937324225896e-6,0.0015743537330016836,0.0009533015515090723,-0.00016372699133959667,0.0002617681685679107
2045,ais,-7.713457039759675e-6,0.0015755685836838485,0.0009527575372814515,-0.00017631319540190035,0.0002893480675621118
2046,ais,-7.29947387534402e-6,0.001585309020839978,0.0009522415497278309,-0.00018864801604012715,0.0003159271537511721
2047,ais,-6.76015170508748e-6,0.0015913829125248503,0.0009517040071607019,-0.0002023016830521307,0.0003446803242006746
2048,ais,-5.811027458779705e-6,0.0015934481948006538,0.0009511607759269091,-0.00021573221794135566,0.0003702293137930243
2049,ais,-4.655677826592708e-6,0.0018332601510149616,0.0009796461089954006,-0.00022786473238611826,0.0004076001153746844
2050,ais,-4.092031363756021e-6,0.0021565809702367316,0.0010299332891224716,-0.0002412359365050465,0.000436981524730151
2051,ais,-3.024276079566235e-6,0.0021614320827727527,0.0010301051290500238,-0.0002541699700725486,0.0004674819107453041
2052,ais,-2.1979234599012187e-6,0.0021641754852042704,0.001029571456319995,-0.00026750686910770316,0.0005018197541431401
2053,ais,-1.6030229303964916e-6,0.0021670867458493015,0.0010290330719669714,-0.0002806349496520255,0.0005315411083267605
2054,ais,2.16022500332258e-7,0.0021701803122283285,0.0010284950163412304,-0.0002933324979381702,0.0005597223560738216
2055,ais,1.0037638049631425e-6,0.002173464012843489,0.0010279573023908315,-0.00030422873368518566,0.0005892822440366261
2056,ais,2.88285788418996e-6,0.002908365960942058,0.0012606371484988896,-0.00031641866462983614,0.000623903713496254
2057,ais,4.8475326588359735e-6,0.002917257747712286,0.0012631786618795323,-0.0003295551262100238,0.0006588949334336289
2058,ais,7.496146103846968e-6,0.0031394232235524284,0.0012811020039454654,-0.00034297215555589844,0.0006947698735439322
2059,ais,9.25843295362938e-6,0.003441486335320037,0.0013143113857920802,-0.0003550188080805982,0.0007314934402690376
2060,ais,1.1403887134608937e-5,0.0034470458457128515,0.0013140359938874592,-0.00036739464999602234,0.0007685087977560733
2061,ais,1.4584781915516487e-5,0.004216681230942311,0.0015193095745603207,-0.00037905762044709856,0.000803808570815212
2062,ais,1.6886531739368493e-5,0.004679449189369036,0.0015836180590506244,-0.0003910906002030367,0.000839408356014637
2063,ais,1.8449744781934285e-5,0.0046857123842469275,0.001583469049110072,-0.0004021375716689812,0.000871425540461157
2064,ais,2.0598497890489398e-5,0.005070186976167556,0.0016271867353339182,-0.00041307959764758095,0.0009112878245135292
2065,ais,2.3369073259615902e-5,0.005540325279821526,0.0016910133973361188,-0.0004214536994995077,0.0009484273514797077
2066,ais,2.6496771011075282e-5,0.005547242814842641,0.0016909282021431648,-0.0004321539970679744,0.0009917735063289966
2067,ais,3.0288045272275355e-5,0.0065651148484987465,0.0018431742448979612,-0.0004404548506020678,0.001038510435384143
2068,ais,3.3667645870760765e-5,0.006577756308466696,0.0018448823282379368,-0.0004514227593049869,0.0010861955624774208
2069,ais,3.8239772798931426e-5,0.006995469008108518,0.001888997936015713,-0.0004621534566839891,0.0011348094211252047
2070,ais,4.1850879912264105e-5,0.007002355387090427,0.0018885864059227345,-0.00047282138634530124,0.001181254854153302
2071,ais,4.6136690218245846e-5,0.007734469502698847,0.0020215628726247617,-0.0004802921984492725,0.0012267519216390354
2072,ais,4.884986848274764e-5,0.007746102276126702,0.0020230357661580704,-0.00048754329655162907,0.001270911406118813
2073,ais,5.503134882545169e-5,0.00777219377474879,0.0020222236985377048,-0.0004943315663158421,0.0013196700422309247
2074,ais,5.983656939978488e-5,0.007777782962278579,0.002021324313121572,-0.0005033491052713668,0.0013670796385799376
2075,ais,6.547762803599255e-5,0.007783435818944131,0.0020204237905479525,-0.0005148915751546079,0.001415125568826525
2076,ais,7.0958085906625e-5,0.007789300045487014,0.0020195231312129126,-0.0005239668680338871,0.0014638216621609243
2077,ais,7.5811972466866e-5,0.00909012934127567,0.0022147696760604625,-0.0005305266891989292,0.0015268596093033428
2078,ais,8.081438513318773e-5,0.009102385226239343,0.00221569077350855,-0.0005381205192628969,0.0015756501367640383
2079,ais,8.587799819537167e-5,0.00910826526305825,0.0022146734664618122,-0.0005474302843319734,0.0016318699753401938
2080,ais,9.308425252285701e-5,0.00953695519724469,0.002252731586411357,-0.000556241734049756,0.0016898423331056728
2081,ais,9.843010426813237e-5,0.00954634527819827,0.002252277739102052,-0.0005648913308025528,0.001745617447194547
2082,ais,0.00010534495594249904,0.00955294843700175,0.0022512529727615124,-0.0005740148054624861,0.0017935842076724378
2083,ais,0.00011051382270999,0.009559781534932405,0.0022502239506431675,-0.000579240353324817,0.0018421251665088774
2084,ais,0.00011586067527069588,0.009911070264279644,0.0022746520896298095,-0.0005892361839038296,0.0019174339866996346
2085,ais,0.00012209019478603977,0.00992007172044269,0.002273885996096245,-0.0005981624634930682,0.0019712290073439216
2086,ais,0.0001315552046641244,0.009927411105576805,0.0022728389974857157,-0.0006057330662052607,0.002021349870597788
2087,ais,0.00013713086567967991,0.009934944807827644,0.0022717906411826856,-0.0006139331366065814,0.0020718685231290823
2088,ais,0.0001439640959448596,0.009942705258859253,0.0022707423674777688,-0.0006245147751953616,0.0021249477307396336
2089,ais,0.00015027769825248782,0.009950703191703256,0.0022696941210104712,-0.0006350579266938939,0.0021835998083101766
2090,ais,0.00015900304649751895,0.009958970703326192,0.002268645740211936,-0.000645311975865348,0.0022386844837033234
2091,ais,0.00016818100092574895,0.010307395788484674,0.0022921631769007344,-0.0006489836921884872,0.0023042514237090472
2092,ais,0.00017335422977104997,0.010318376124261253,0.002291434092049571,-0.0006584014444341868,0.002363947577951819
2093,ais,0.00018177124280782664,0.010327498392060626,0.002290385820845058,-0.0006678017574491158,0.002419241379007708
2094,ais,0.00018939371196502464,0.0103369002163963,0.0022893352246877875,-0.0006787353698327614,0.002484316115306484
2095,ais,0.00019781520636286132,0.010350768097385242,0.0022882792553591243,-0.0006877857640967377,0.002561462749646991
2096,ais,0.00020500314445826007,0.01036070112713132,0.0022872285938357966,-0.0006958836115636303,0.002641504926467597
2097,ais,0.00021190224570055705,0.01037083408420569,0.00228617804435636,-0.0007043694950511714,0.0027069717864421244
2098,ais,0.00022100847202199958,0.0103812050690068,0.0022851275501060884,-0.0007095935831041623,0.0027703122867542614
2099,ais,0.00023076215959694224,0.01039181796587899,0.0022840770863849467,-0.0007127685892060143,0.0028320721458591435
2100,ais,0.00023929639373321265,0.010408657527755561,0.002283019720240055,-0.0007162564960776052,0.002904184284549416
2101,ais,0.000248234321265528,0.010419882891574535,0.002281968869271688,-0.000721433686265982,0.002974402464363379
2102,ais,0.00025881694528884225,0.010431389149063705,0.0022809175915146198,-0.0007282101266588014,0.0030439795763843587
2103,ais,0.0002696566382525134,0.010443212691360986,0.0022798659359970345,-0.0007310759419377532,0.003114610775186221
2104,ais,0.00027958906626324165,0.010455352873476115,0.0022788139685520096,-0.000735804610298274,0.0032025423291983652
2105,ais,0.0002898970572431381,0.010467791357474396,0.0022777617989897113,-0.0007437062132977345,0.0032827222637578746
2106,ais,0.00030028788339286905,0.010480508573659487,0.002276709532414464,-0.0007494706542672703,0.0033609744147614852
2107,ais,0.0003095053686350546,0.010493470294302455,0.0022756572842979167,-0.0007538513135568082,0.003440075130528085
2108,ais,0.00032123714533449643,0.011023597199081156,0.0023314712052582755,-0.0007649529811601496,0.0035277864072895677
2109,ais,0.0003340127887270228,0.011040040783641899,0.002331099933189493,-0.0007738352587264074,0.003600855886063314
2110,ais,0.0003451092959050328,0.011053622954771022,0.002330032956569789,-0.0007818974416400337,0.003684949782211078
2111,ais,0.000356839665830222,0.011067499408246483,0.0023289613720045258,-0.0007897211663060233,0.0037666255755141255
2112,ais,0.00036759529847030237,0.011081730715743286,0.0023278891904359982,-0.0007975518735266363,0.0038516213378045434
2113,ais,0.0003785996207668063,0.011096293075213108,0.0023268165394645774,-0.000808108750001324,0.003933275124296287
2114,ais,0.0003878724673143097,0.011111168643841058,0.0023257435267818104,-0.0008130997154857767,0.004002067031291644
2115,ais,0.0003962641634664976,0.011126347943802689,0.0023246703494963408,-0.0008210846083475332,0.00408350183098669
2116,ais,0.0004088496938834396,0.01114180658427519,0.002323597315543683,-0.0008294682378426899,0.004164592023097313
2117,ais,0.00042549772763322835,0.011157554994490636,0.002322524404775521,-0.0008378388340830156,0.004242125993118151
2118,ais,0.0004374234699611179,0.01117357134349711,0.0023214515711999693,-0.0008461966500796337,0.004307760384409674
2119,ais,0.0004506332587013162,0.011189857102263983,0.002320378774829958,-0.0008545415663910205,0.0043737199914719565
2120,ais,0.0004630558494369552,0.011206430589674066,0.0023193059162833767,-0.0008628732765433966,0.004451169676664787
2121,ais,0.00047082395267850075,0.011223320553332037,0.002318232823357785,-0.000867222063337536,0.004546483987974524
2122,ais,0.00048607783220333545,0.011240569931641282,0.0023171592660678926,-0.0008749739352282405,0.004656182759513071
2123,ais,0.0004976619899519363,0.011258222130645047,0.0023160850575318797,-0.0008825783646937424,0.004757033267647869
2124,ais,0.0005131284550916604,0.011276214861726334,0.00231501047619816,-0.0008896045366398653,0.0048448318921437295
2125,ais,0.0005294062587140047,0.011294538391967097,0.002313935603806432,-0.0008975538998008403,0.0049532368782713825
2126,ais,0.0005412296725779697,0.011595626632783003,0.0023293627623546705,-0.0009011375391448695,0.005075325135701547
2127,ais,0.000553518488715099,0.011615589802096486,0.002328424728055053,-0.0009045348311587986,0.005199198874473864
2128,ais,0.0005699567693788765,0.011634546110858079,0.0023273367685247466,-0.0009079918701505818,0.0053111791845157795
2129,ais,0.0005883386108607169,0.011653779183908072,0.002326248869749729,-0.0009152099612514064,0.005407529249120201
2130,ais,0.0006009655158329963,0.011673294506813918,0.0023251614684371945,-0.0009200013912217031,0.005502720902250502
2131,ais,0.0006097681037964264,0.011693113911304507,0.0023240742300505253,-0.0009268789997527449,0.005599286297417194
2132,ais,0.0006246540560468361,0.011713320710285125,0.0023229867900851613,-0.0009341633442542019,0.005699026822128772
2133,ais,0.0006407030831709903,0.011733908550944562,0.002321898922280756,-0.0009404046709647673,0.005789805294284633
2134,ais,0.0006551707509352411,0.011754875397262023,0.0023208106820124027,-0.0009433543038241509,0.005879522175215611
2135,ais,0.0006713028875644511,0.011776164464757396,0.002319722424284447,-0.000945045687448598,0.0060003971120188735
2136,ais,0.0006836794284019732,0.01179772624495383,0.002318634485145139,-0.0009490138990411622,0.006101986381580815
2137,ais,0.0006972977646455547,0.01181953159380182,0.002317546958293747,-0.0009547549431596636,0.006210908362508859
2138,ais,0.000714256771541244,0.011841585115512008,0.002316459655445159,-0.0009596849886579051,0.0063835534534341315
2139,ais,0.0007278378133896979,0.011863886755148911,0.0023153726873041793,-0.000965465355998063,0.006515954553294988
2140,ais,0.00074343917638231,0.011886449145505728,0.0023142861127288415,-0.0009723559012527972,0.006628826575895628
2141,ais,0.0007577356315060513,0.011909286755264202,0.002313199689810915,-0.000978089763801293,0.006766897892906342
2142,ais,0.0007715617511543371,0.011932449370272945,0.0023121130276077245,-0.0009728668836697095,0.006865364201503608
2143,ais,0.0007836580242575053,0.01195595507782208,0.00231102623521587,-0.0009749988778160911,0.007003693045835035
2144,ais,0.0007963681798628386,0.011979799993169582,0.002309939234657932,-0.0009805697974144322,0.007111477518373019
2145,ais,0.0008171380251837945,0.012003976671166924,0.0023088521378801024,-0.0009801448224539655,0.007220133244732091
2146,ais,0.0008327865651196475,0.012028480241034185,0.0023077650055664087,-0.0009866468811448926,0.007364789902472062
2147,ais,0.0008494339546558649,0.012053288637770523,0.002306678048172137,-0.000987951245269869,0.007541832971774903
2148,ais,0.0008675428135020979,0.012078366014822471,0.002305591274285321,-0.000992054888167715,0.007720645704480938
2149,ais,0.0008871975522524167,0.012103707341052263,0.0023045046171144613,-0.000996137547390674,0.007899313535124713
2150,ais,0.0009053819848965361,0.01212930566237993,0.0023034183311530024,-0.0010001995655045447,0.008039979934810048
2151,ais,0.0009230206794512696,0.012155188713155664,0.00230233229364133,-0.0010042405316777801,0.00805081303066827
2152,ais,0.0009436261238882082,0.0121813569316107,0.002301246473754096,-0.001008259702864933,0.008067296846000698
2153,ais,0.0009661982099267163,0.012207841030764069,0.002300160783969142,-0.0010121504242935231,0.008200194769974429
2154,ais,0.0009880751192241632,0.012234693885884424,0.0022990747747712783,-0.0010158277550562644,0.008337860693075056
2155,ais,0.0010071200575367811,0.012261949452958127,0.0022979885052908755,-0.0010194662362170703,0.008477126996855574
2156,ais,0.0010276703555192057,0.012289546052250126,0.0022969020227451183,-0.0010230702416471615,0.008617866256830082
2157,ais,0.0010468405980361695,0.012317471984995375,0.002295815190086158,-0.0010266444313373313,0.008760072993089082
2158,ais,0.00107012787742633,0.012345683230325538,0.002294728621627096,-0.0010304371958145709,0.008902839813994477
2159,ais,0.00109131042096422,0.012374168670805336,0.0022936427987614205,-0.00103401184246259,0.009043566187066423
2160,ais,0.001110725599190232,0.01240288713081721,0.0022925575585641847,-0.0010378657412342563,0.009182383028045747
2161,ais,0.0011277930774298284,0.012431829892893253,0.0022914727407152436,-0.0010417029904132846,0.009250042380148923
2162,ais,0.0011444207509185844,0.012461027862580003,0.002290388651345181,-0.0010483916875301702,0.00934776330018749
2163,ais,0.0011577481838074277,0.012490520824313261,0.002289304826972758,-0.0010508406910908264,0.009482479441921748
2164,ais,0.0011792764442759562,0.012520381251397702,0.002288221018927434,-0.001052652369940432,0.009615652508273337
2165,ais,0.0012022332031449423,0.01255065447920784,0.0022871372374377217,-0.0010561907805922033,0.009764398058992183
2166,ais,0.0012227123371850723,0.012581280056950507,0.002286053651979453,-0.001059669156298426,0.009926412030449682
2167,ais,0.001241528773313405,0.012612258236025478,0.0022849705031295115,-0.001063119891767883,0.010092865244483561
2168,ais,0.0012616830439853288,0.012643531048368399,0.002283888018373653,-0.001066549545856077,0.010261065942694356
2169,ais,0.0012812277704767894,0.012675044549854126,0.002282806027587836,-0.0010697892917512775,0.010430572615189246
2170,ais,0.0013004277295962652,0.012706763510182042,0.0022817245662113696,-0.0010697836381289962,0.010601054393492855
2171,ais,0.0013170736111050019,0.012738727716083972,0.002280643914302966,-0.0010732818997439607,0.01076498773816148
2172,ais,0.0013365284483128903,0.012770938495437882,0.0022795640695888516,-0.0010766808793917448,0.010820687535441204
2173,ais,0.0013555463139809376,0.012803390785378593,0.002278484688515574,-0.0010799768044826407,0.011003448821811895
2174,ais,0.0013741600663337294,0.012836182902224809,0.002277405509599352,-0.0010824945221550308,0.011187833978742385
2175,ais,0.001389581355823566,0.012869304484908462,0.002276326505756925,-0.0010853168781537192,0.011374958977052072
2176,ais,0.0014103510331651137,0.012902788064810003,0.0022752478280922625,-0.0010897473065973884,0.011582105213332736
2177,ais,0.0014315884874278595,0.012936619121357662,0.002274169506293136,-0.0010929341313492102,0.011765456729828825
2178,ais,0.0014525347187550608,0.012970781297214594,0.0022730914108426564,-0.0010959694110574958,0.011966511198065176
2179,ais,0.0014761469305248909,0.013005220496949299,0.002272014204590755,-0.0011017528666958042,0.012164729725461853
2180,ais,0.0014955793650166527,0.013039900178588132,0.002270938215307406,-0.001102962210337921,0.012334885733618248
2181,ais,0.0015187276619883505,0.013074810914911207,0.002269862723074389,-0.0011066928952082834,0.012504852378954464
2182,ais,0.0015446894333415173,0.013109975632503637,0.0022687891535640263,-0.001111914859334462,0.012675471395496626
2183,ais,0.0015703292675013358,0.013145390716694905,0.002267715901167516,-0.0011117408439254462,0.012846885989749519
2184,ais,0.0015952764173405853,0.013181021369339138,0.0022666429516513074,-0.0011131600217574088,0.013018189973732315
2185,ais,0.0016148359874605944,0.013216925778143795,0.002265570643485344,-0.0011099225268104364,0.013206608376961523
2186,ais,0.0016341666933996635,0.013253104625371432,0.0022644988637688726,-0.0011089669606576535,0.013425911877173744
2187,ais,0.0016646061102747467,0.013289622370510568,0.0022634276133502735,-0.0011105419500502477,0.013584409131088642
2188,ais,0.0016973657106262863,0.013326476384438945,0.002262357048846674,-0.0011137179355181104,0.01374110576894906
2189,ais,0.001723601497076288,0.013363636121376019,0.002261287262587541,-0.0011107356479421072,0.01389857012059962
2190,ais,0.0017497248453395287,0.013401115013839799,0.0022602182651540173,-0.0011076153642399333,0.014074477655293538
2191,ais,0.001771125488332359,0.01343886835507891,0.0022591502144298473,-0.0011097058025669071,0.014253055640517678
2192,ais,0.0017959272862952957,0.013476835450088747,0.002258083437554358,-0.001113383792146294,0.01443235522515777
2193,ais,0.0018218855651142007,0.01351499012036251,0.002257017752726926,-0.0011170555151110762,0.014612293907867972
2194,ais,0.0018433334397656154,0.013553318635179725,0.0022559531580041542,-0.0011207195779810773,0.014792901817229157
2195,ais,0.00186261806924648,0.01359185299640802,0.0022548901833187936,-0.0011239861072439793,0.014973265574676016
2196,ais,0.001883080945333404,0.0136306223980394,0.0022538284966964633,-0.001124891666300698,0.015154350297663651
2197,ais,0.0019066549412940503,0.013669656565599752,0.0022527676660636857,-0.0011222314305214809,0.015336502046233134
2198,ais,0.001936682958856295,0.013709005167734047,0.002251707899415136,-0.0011262189456900274,0.015519955376362304
2199,ais,0.001961791864061979,0.013748707441154816,0.002250648830140593,-0.0011301891362457182,0.01567509012154602
2200,ais,0.0019846396497626984,0.013788712392642491,0.00224959104734564,-0.00113414009189583,0.0158252304257374
2201,ais,0.0020075928964331524,0.013828993129381448,0.0022485352273311885,-0.001138230538186491,0.015975751077766626
2202,ais,0.002030622892064571,0.013869451745274293,0.002247481015386385,-0.0011436705297114711,0.01612652701057015
2203,ais,0.00205407179487338,0.01391002339992497,0.002246428173351416,-0.0011491012931131193,0.016334674908064523
2204,ais,0.0020774431880710154,0.013950755791750813,0.002245376787602548,-0.0011544546677185962,0.016552955434364944
2205,ais,0.002101467380114741,0.013991633489035895,0.0022443266184764667,-0.0011565016801199591,0.016771138844217146
2206,ais,0.002130266620810062,0.014032615328998861,0.0022432777645623033,-0.0011581351326242384,0.016989832614582666
2207,ais,0.0021572632540411973,0.014073783747186278,0.0022422305834758492,-0.0011606877642094558,0.01717084188273361
2208,ais,0.0021878532619297175,0.014115129847713365,0.0022411851260208814,-0.0011642028905583857,0.017325976498622706
2209,ais,0.0022168939438955704,0.014156693337132204,0.0022401412689883726,-0.0011664069309553326,0.017470264549123725
2210,ais,0.002239474716418499,0.014198537439114627,0.002239099219374304,-0.0011655170588952047,0.017622027376222604
2211,ais,0.0022643272326376973,0.014240637031567412,0.002238058654478494,-0.0011645242315481141,0.017792561384003133
2212,ais,0.0022900951140343295,0.014282969726013691,0.002237019600591279,-0.001166086579604553,0.017951156953141374
2213,ais,0.0023161797098367742,0.014325539580974862,0.0022359820931699445,-0.0011673885700659524,0.018110284117823023
2214,ais,0.0023423556324217998,0.0143682878448182,0.0022349462394801764,-0.0011713163340779432,0.018269807926242262
2215,ais,0.002368615076179026,0.014411219604619045,0.0022339122054320405,-0.001170541774740741,0.018429646389330392
2216,ais,0.002389434559830761,0.01445431786106409,0.0022328802713698207,-0.0011706140489891937,0.01858968573244936
2217,ais,0.002415860676954651,0.01449753227199947,0.0022318503925976333,-0.0011702854488888194,0.01874927256124862
2218,ais,0.0024448191682431286,0.014540878337768666,0.00223082245255961,-0.0011650362188930785,0.0189090298084153
2219,ais,0.002473882489919532,0.014584387026341064,0.002229796592583504,-0.0011632871837775837,0.019151951081826716
2220,ais,0.0025030764033715514,0.014628068512656396,0.0022287724410122805,-0.0011640110403554615,0.019421922239610007
2221,ais,0.002532271694505539,0.014671963553351777,0.0022277496894333175,-0.0011644671119107385,0.019693269093293962
2222,ais,0.002558291304353588,0.014716134017627627,0.002226728416044011,-0.0011689547835189275,0.01988714139688312
2223,ais,0.0025859711788882578,0.014760640423827808,0.0022257091206219883,-0.0011733563521460157,0.02007360931242061
2224,ais,0.0026137710339213527,0.01480542814875523,0.002224691406847352,-0.0011771244256394199,0.0202609003677054
2225,ais,0.0026436788539001554,0.014850388351905221,0.0022236752200307888,-0.001177915483019376,0.020448711931608438
2226,ais,0.00267230694743148,0.014895470791351681,0.002222661134763985,-0.0011786745662831777,0.020636868460560717
2227,ais,0.0027041104779357283,0.014940632774525526,0.002221649333128424,-0.0011794164978851994,0.020825238825094055
2228,ais,0.0027362492264444427,0.014985891840221408,0.0022206397970770016,-0.0011800936883503254,0.021013850111211235
2229,ais,0.002769335578491905,0.01503125612148646,0.002219632617321094,-0.001181018798313005,0.021222062071097975
2230,ais,0.002802020824546503,0.015076755096453658,0.002218627551585381,-0.001184576314675212,0.021453059381727254
2231,ais,0.0028325175885299814,0.015122431129893647,0.0022176243354309335,-0.0011846909969335684,0.02168554725928686
2232,ais,0.0028641847365378226,0.015168335334593552,0.002216622940607179,-0.0011809781767013305,0.021919612305042333
2233,ais,0.002896142758814335,0.015214447121956088,0.0022156230213276804,-0.0011779585347525766,0.0221295726318516
2234,ais,0.002928543024353303,0.015260768546816739,0.002214624812019942,-0.0011814674925176405,0.02233035789240176
2235,ais,0.0029572576902552328,0.015307278152039097,0.0022136291086092535,-0.0011818522809946329,0.022531462693159192
2236,ais,0.00298965579884225,0.015353942615643011,0.002212635953509028,-0.0011822025265828982,0.02273271143180437
2237,ais,0.0030230586366144507,0.015400704793837108,0.0022116451898128633,-0.0011820792409082514,0.022970292806559194
2238,ais,0.0030553505637840317,0.01544753446636699,0.0022106566844863817,-0.001171356693241421,0.023250616254307483
2239,ais,0.0030848321601268935,0.015494428713393807,0.0022096704367513243,-0.0011572873821037886,0.023529983022680768
2240,ais,0.003113081901844339,0.015541423509441118,0.0022086865169116225,-0.0011496736938838125,0.02376749336611965
2241,ais,0.0031410176112558474,0.015588554266848015,0.002207704832777771,-0.0011455993681522612,0.023978996233338986
2242,ais,0.00316891379274864,0.015635902199150575,0.0022067252982332307,-0.0011434125125930447,0.024260156220346118
2243,ais,0.0031969867412300346,0.01568348674741285,0.0022057474998382295,-0.001144825944389538,0.024448228045866924
2244,ais,0.0032252175547569095,0.015731312434483214,0.002204771833621162,-0.0011462178117383815,0.024601528548373608
2245,ais,0.003254533070659704,0.01577932872897827,0.0022037985836448276,-0.0011475931887545696,0.024753250370378052
2246,ais,0.0032855943310039493,0.015827475730791594,0.0022028278504303356,-0.0011537876085625952,0.02490794339202295
2247,ais,0.003314749263566341,0.015875701756089492,0.002201859787616474,-0.001160676599467081,0.02506141166026338
2248,ais,0.0033440485449318658,0.01592400891805518,0.0022008944706843176,-0.0011675819171955482,0.02521382577226915
2249,ais,0.003374885544673134,0.015972392259650522,0.002199931920403145,-0.0011672107611545356,0.025365796932874208
2250,ais,0.0034043735423665566,0.01602082898238193,0.002198971910117791,-0.001165365806305374,0.02552751711671276
2251,ais,0.0034345742587191808,0.01606933079714046,0.0021980144573627747,-0.001163238784970133,0.025725637680602622
2252,ais,0.0034648470914646623,0.016117920771669354,0.0021970595938326466,-0.0011610929220935873,0.025923556638025494
2253,ais,0.0035005872771876057,0.016166638866996118,0.0021961072461401067,-0.001159420064389849,0.026121402802345976
2254,ais,0.0035382361900389014,0.016215498160901738,0.0021951571411638325,-0.0011608226134583787,0.026319370764970523
2255,ais,0.003579670693142134,0.016264561013902664,0.0021942093220309244,-0.001162205836396879,0.02651764679359871
2256,ais,0.00362213572763892,0.01631383342744825,0.0021932639962073106,-0.0011635732003824728,0.026716229353741024
2257,ais,0.003657144203529583,0.016363294462498443,0.0021923210906143057,-0.0011649254354622939,0.026915072049595774
2258,ais,0.003689440822455481,0.016412897300785354,0.0021913808565299283,-0.0011662596216652332,0.027154133973499483
2259,ais,0.00372222701576419,0.016462602301339273,0.002190443294806769,-0.001167393543501305,0.02735474872239649
2260,ais,0.0037602420732554265,0.016512383640107594,0.002189508337365558,-0.0011666418859952899,0.027539643795475393
2261,ais,0.003786969285428654,0.016562210952335867,0.0021885761478316937,-0.0011701042469880463,0.027724480185307234
2262,ais,0.003814365454701374,0.016612069419262628,0.002187646727993019,-0.0011716014351435431,0.027921814521918966
2263,ais,0.003846969648520826,0.016661985576413855,0.0021867200740206274,-0.0011731078142496187,0.02812332077610334
2264,ais,0.00387349000018844,0.01671199335818466,0.002185796155332992,-0.0011746929896276016,0.028324679500627767
2265,ais,0.0038990084704835226,0.016762143479820964,0.002184874834214779,-0.0011762453183436605,0.028526089386409107
2266,ais,0.0039308351558275945,0.016812481912674926,0.0021839559965266047,-0.001178519932020805,0.02872780051583559
2267,ais,0.003962350391489622,0.01686306627719669,0.0021830403130665144,-0.001178881160631562,0.028929961424896053
2268,ais,0.003990966427451781,0.01691390087253792,0.0021821274809578294,-0.0011801126504806803,0.02913264258296235
2269,ais,0.004019642642091981,0.016964885281211185,0.0021812176267519273,-0.001171417637118566,0.029334951507220777
2270,ais,0.004048354782668184,0.017015966750154026,0.0021803107910654367,-0.0011660153229541947,0.02954467085914129
2271,ais,0.0040754700311254055,0.017067087775379318,0.0021794069686278017,-0.001165033985390096,0.029834192850705647
2272,ais,0.004102835887337619,0.017118223696619667,0.0021785061435971374,-0.0011640383040997903,0.030122358224562596
2273,ais,0.0041275282378876454,0.017169367110451795,0.002177608302938194,-0.0011635936018663526,0.03040749560778122
2274,ais,0.004155370591419683,0.01722054019830136,0.0021767134384608295,-0.0011673534190933309,0.03069182557552777
2275,ais,0.004186642363890769,0.017271795124316074,0.0021758213988341516,-0.0011710529136095714,0.030975975327928024
2276,ais,0.0042192159029355025,0.01732318888582843,0.002174932054400471,-0.001174645321339085,0.031259434155830934
2277,ais,0.004251928107692038,0.017374781691829023,0.0021740454551260596,-0.0011782243720361407,0.03154322388396053
2278,ais,0.0042847552221871865,0.017426534345903286,0.0021731616706603023,-0.0011817918326741505,0.03182570382757888
2279,ais,0.004317668973754962,0.01747839660253816,0.002172280792241072,-0.0011788991260914372,0.03209407826390702
2280,ais,0.004349514253448206,0.017530340462837846,0.0021714029360262875,-0.0011819534340176574,0.032295408746682595
2281,ais,0.0043786319773602145,0.01758232663142056,0.002170528255003483,-0.0011852064997839307,0.032493978260683315
2282,ais,0.00441492070265781,0.017634339229400314,0.0021696567673102148,-0.0011884677254528242,0.03269278847773193
2283,ais,0.004450452306038244,0.017686374666517363,0.002168788430303753,-0.0011917361857186391,0.03289184554258213
2284,ais,0.004487849506539021,0.017738458903417166,0.0021679232202480195,-0.001195010800547891,0.03309114742336872
2285,ais,0.004524123749916953,0.017790620509243085,0.0021670610493416662,-0.001198178166459485,0.03329073088503093
2286,ais,0.004554760203888009,0.01784291218230459,0.00216620176466154,-0.001199576837645111,0.03354284932287043
2287,ais,0.004582233650864964,0.017895393312502065,0.0021653452535330743,-0.0012025858416137682,0.03384447891991442
2288,ais,0.0046154156664357515,0.017948068647029806,0.002164491602691276,-0.0012055896428464052,0.03414773127080366
2289,ais,0.004645867545931992,0.01800088640140914,0.0021636409264424745,-0.0012085149242821557,0.034445667697900716
2290,ais,0.004675277547363521,0.018053747730957952,0.0021627934523799704,-0.0012108425737238804,0.034680764054854755
2291,ais,0.004703172983070658,0.018106622426206316,0.0021619492210354185,-0.001213542891854047,0.03491606882153632
2292,ais,0.00473574514442987,0.018159496058042533,0.0021611082253903497,-0.0012175030028402033,0.03514819053199573
2293,ais,0.004771729963081839,0.018212349636066952,0.0021602704935344192,-0.0012208111276734712,0.0353744386734661
2294,ais,0.004802946527746599,0.01826518461891336,0.0021594359910683944,-0.0012244455390955976,0.035565884265864156
2295,ais,0.004833178619719547,0.018318044471843372,0.002158604653132587,-0.0012279372867368466,0.035807003114774714
2296,ais,0.004864555367490198,0.018371000024436944,0.0021577763364704263,-0.0012313873155221698,0.036070401096628756
2297,ais,0.0048997270365020995,0.018424107376857977,0.002156951002372185,-0.0012348139990351116,0.03631974226999261
2298,ais,0.004935029068207086,0.01847739221959296,0.0021561285992413638,-0.0012382265047548914,0.03658165644717996
2299,ais,0.004966042010309479,0.018530827111847763,0.0021553091656813734,-0.0012388084327383808,0.03684299527515974
2300,ais,0.004996576760078142,0.01858435040201981,0.002154492975302075,-0.0012418731612143573,0.03710047916688665
2025,te,0.0,0.0,0.0,0.0,0.0
2026,te,0.0,0.0,0.0,0.0,0.0
2027,te,0.0,0.0,0.0,0.0,0.0
2028,te,0.0,0.0,0.0,0.0,0.0
2029,te,0.0,0.0,0.0,0.0,0.0
2030,te,0.0,0.0,0.0,0.0,0.0
2031,te,0.00012933295771433428,0.00013071572330209335,5.981513055299564e-7,8.952497439531636e-5,0.00017628454846834176
2032,te,0.00032007508424281017,0.00032359394083066983,1.48597671740664e-6,0.0002220474738850786,0.0004377734390708321
2033,te,0.0004627345371865932,0.0004691476818824336,2.194182552867249e-6,0.0003172813878187464,0.0006370076491941213
2034,te,0.0005800922861911584,0.0005905299741724154,2.8323610124880775e-6,0.0003996327496698982,0.0008091850255202981
2035,te,0.0006814241060417725,0.0006944283173155788,3.4238752195863496e-6,0.0004606503291009756,0.0009619894842515908
2036,te,0.0007705325977276356,0.0007862052352860247,3.979781421880985e-6,0.0005151541445468811,0.001096145873011167
2037,te,0.0008500177321870694,0.0008686411467600993,4.508193276360807e-6,0.0005626083532292881,0.0012161121543316164
2038,te,0.0009240824519647362,0.0009435468542043053,5.0108401077156305e-6,0.0006045928358754838,0.0013302895498152887
2039,te,0.000994469100751516,0.0010124909007186331,5.490029418650273e-6,0.0006465223013625288,0.0014383074440403652
2040,te,0.0010588881830377872,0.001076431674856549,5.947373022040046e-6,0.0006831236894496052,0.0015471073606883488
2041,te,0.0011174857192952636,0.0011361230552655623,6.385064958463858e-6,0.0007149098397520204,0.0016430778470622796
2042,te,0.0011714622252556595,0.0011921078990833483,6.806675204262645e-6,0.0007422762944194972,0.0017368735773948705
2043,te,0.0012191182175449455,0.0012449029312229223,7.214557192357146e-6,0.0007692863067773725,0.001817641355996802
2044,te,0.0012689889989534464,0.0012948623539220626,7.6106117583640015e-6,0.0007909536176860409,0.0018902921744258893
2045,te,0.0013153915114054726,0.0013423504469223856,7.99499161443569e-6,0.0008138838808016136,0.001963932948137526
2046,te,0.0013590232506421884,0.0013876599444519278,8.367923668024197e-6,0.0008378869661712862,0.002037506338491113
2047,te,0.0014018865695408778,0.0014310274378425154,8.730271026996245e-6,0.0008608566898470782,0.002109740166632878
2048,te,0.0014380747157840545,0.001472613632287963,9.083780198585051e-6,0.0008786562147866217,0.002170803418356382
2049,te,0.001475309713054429,0.0015125477327943828,9.430284814492135e-6,0.0008955636766986297,0.0022462210306549045
2050,te,0.0015115432037684506,0.001551019267413201,9.770418361006263e-6,0.0009172711440173175,0.0022999586890917628
2051,te,0.0015475743890536187,0.0015881610552225887,1.0104035651879556e-5,0.0009345582843099942,0.002357319963084414
2052,te,0.001579090372823,0.0016240706068858981,1.0431969168142406e-5,0.0009493495139466735,0.0024157402883813184
2053,te,0.001609961978819463,0.0016588327411412378,1.0754978063545644e-5,0.0009607675405012727,0.0024836909444714726
2054,te,0.0016450192278143483,0.0016925294994901527,1.1073707425037317e-5,0.000976749343289951,0.0025390939958240817
2055,te,0.0016749802212498999,0.0017252470843965506,1.138794901614786e-5,0.000993237505087441,0.0025980492341293624
2056,te,0.0017074650970840821,0.0017570627113689579,1.1697240264719341e-5,0.0010067522418927722,0.0026535097582804923
2057,te,0.00173756476910647,0.0017880279837652272,1.2001493998945815e-5,0.0010165584599783895,0.002706646075284347
2058,te,0.0017677009375542951,0.0018181954077253757,1.230181331159528e-5,0.0010217908433686417,0.00275923366458235
2059,te,0.0017962286943276062,0.0018476060870721172,1.2598731313919809e-5,0.0010324159655461518,0.0028064597679762215
2060,te,0.0018232308605616865,0.0018762884074276485,1.2892777961052887e-5,0.0010434975098435385,0.002857035619075532
2061,te,0.0018480000261180685,0.0019042778535980753,1.3184080690069814e-5,0.0010541491269571602,0.00290353152010665
2062,te,0.001877610229053417,0.0019316093713926045,1.3472575349653222e-5,0.0010642232196333978,0.0029527740443982434
2063,te,0.0019030826790888966,0.0019583450590684144,1.3758822259900306e-5,0.0010685410521269478,0.0030013730315184618
2064,te,0.001925607433124199,0.001984557794950146,1.4042565415455741e-5,0.0010788675206493624,0.003053360879956468
2065,te,0.0019475591061617337,0.0020102217056099957,1.4320500979296257e-5,0.0010917640702416075,0.0031037610784881765
2066,te,0.001970051057261557,0.002035502908261769,1.459964755513628e-5,0.0011014222281496623,0.003147433567608715
2067,te,0.001994058830537604,0.0020603868828805924,1.4875969754327444e-5,0.00111124114893979,0.0031884580747923324
2068,te,0.002021248575515777,0.0020848557895525818,1.5149117858754562e-5,0.0011210818840150516,0.0032341695962244893
2069,te,0.0020448979672922363,0.002108902101061526,1.5419145023482128e-5,0.0011316792077257444,0.0032846124139216384
2070,te,0.0020667883381619845,0.0021325642726882413,1.568653780421794e-5,0.0011403063070908102,0.0033362269460008418
2071,te,0.002087629633995558,0.002155912017462306,1.595168262147958e-5,0.0011451636244991016,0.003383879250906396
2072,te,0.0021108629025423653,0.0021788850572795775,1.6213736004560563e-5,0.0011545459117944467,0.0034295878519190917
2073,te,0.002132228824298643,0.0022014829382960804,1.6471692884452594e-5,0.0011622778164892544,0.0034732358910550152
2074,te,0.002154456739643429,0.0022237387015069106,1.6727997265043638e-5,0.0011719800499755185,0.003508489114251212
2075,te,0.0021755099545579526,0.0022456915562722975,1.6982544847253087e-5,0.0011809723835495946,0.0035400081618858427
2076,te,0.0021975944711893902,0.0022674402700789196,1.723259835553859e-5,0.0011920152811845776,0.0035786799601192237
2077,te,0.0022173495111710295,0.0022889361546114505,1.74781462690632e-5,0.0011971208063765726,0.003621262745223852
2078,te,0.0022348246254546567,0.002310173077805791,1.7720234026826435e-5,0.001205332693362271,0.003661351000100943
2079,te,0.0022547164714952217,0.0023312137162151284,1.796151563345283e-5,0.0012105937361475583,0.0036971935799765985
2080,te,0.0022715577426790645,0.0023520195313623607,1.820013748138008e-5,0.0012211050709010518,0.0037407843272019288
2081,te,0.002290968840561014,0.00237256317599466,1.8437077044405933e-5,0.001228863731148344,0.003774430166500409
2082,te,0.0023102968810109203,0.0023928369032141968,1.867225817539667e-5,0.0012365062855237863,0.0038170643701861623
2083,te,0.002327913868263032,0.0024128647611809492,1.89060884551621e-5,0.0012374048472068911,0.0038600874967025687
2084,te,0.0023442823397825663,0.002432604361027947,1.9137056270322403e-5,0.0012384378797070106,0.00390145479139683
2085,te,0.0023647072699679583,0.0024520749006415542,1.936631195425791e-5,0.0012469843934124647,0.003943018615097849
2086,te,0.002385093537783156,0.002471296054546622,1.9592767527169508e-5,0.0012504711538460888,0.00398118642721883
2087,te,0.0024046510126023435,0.002490370617075628,1.981638410189642e-5,0.0012503700412592523,0.004021249469641219
2088,te,0.0024223568834234044,0.002509292936097662,2.0038850807515213e-5,0.001264134921244864,0.00406076588097779
2089,te,0.0024393231730890363,0.0025280117364960223,2.025988847699501e-5,0.0012694614589070952,0.004096580257798266
2090,te,0.002454391940652556,0.0025465413452397476,2.0479549042350082e-5,0.0012768582138811713,0.004128599024468826
2091,te,0.00247088673449003,0.002564888727127956,2.0697781345141547e-5,0.0012871901985503698,0.004162204616915764
2092,te,0.002489506965789978,0.002583046618877712,2.0915933528071945e-5,0.0012923162975636338,0.004190082919246407
2093,te,0.002508111868346319,0.002601012886230739,2.1132896281283156e-5,0.0012994310144218257,0.0042258517967169945
2094,te,0.002525361025558226,0.0026188265870616513,2.1348039369313205e-5,0.0013064494891158241,0.004258557731239954
2095,te,0.0025402400670309078,0.002636436522015281,2.156191694960622e-5,0.0013060823453878712,0.004290956966404736
2096,te,0.002555503628729028,0.0026537939829780984,2.1774478004020492e-5,0.0013079646759447173,0.0043254818363221755
2097,te,0.0025743401956681566,0.0026709404412809824,2.198720192669063e-5,0.0013115553312040618,0.004358913305209278
2098,te,0.0025926567189804572,0.0026878566498846597,2.219961119358102e-5,0.0013209456835890697,0.004395412060391735
2099,te,0.002608616543369635,0.0027047148802301743,2.2411861665066033e-5,0.0013287993539242925,0.004424665556814311
2100,te,0.0026259177000618195,0.0027214499193507465,2.262438689241595e-5,0.001330560942457293,0.004452406261309605
2101,te,0.0026392263738461708,0.0027379485601290343,2.2834558779529028e-5,0.001340634762862969,0.004483649556363112
2102,te,0.002656991217625304,0.0027542184167773567,2.304383800526551e-5,0.0013477940573117131,0.004514282571594385
2103,te,0.0026740501738240496,0.002770341201133663,2.325348835323581e-5,0.0013424737110081077,0.004546874545972379
2104,te,0.0026878936523910824,0.0027863285114395403,2.346226681604712e-5,0.0013478997631271917,0.004579148434725333
2105,te,0.0027034263068372866,0.0028021394815901436,2.36719901120301e-5,0.0013418125617824293,0.004608112529402319
2106,te,0.002718310830706727,0.0028178302790583735,2.387822581827818e-5,0.0013536931414869892,0.004636759842196447
2107,te,0.0027337137853695737,0.0028334812107447494,2.4076042992879948e-5,0.0013656483116797791,0.0046640882575788465
2108,te,0.002745738660790309,0.0028490443237112286,2.4269549431560396e-5,0.0013704935721508883,0.004692537857058631
2109,te,0.0027613814081455246,0.002864600862634624,2.4465817085488364e-5,0.001373830490504524,0.004725336991396034
2110,te,0.0027740499389654616,0.0028801051665883494,2.466037815197135e-5,0.0013766081128977702,0.004763911379427732
2111,te,0.0027904999475527603,0.002895426077923394,2.4847827982300338e-5,0.0013829469119531978,0.0048003487754110456
2112,te,0.0028025881676096986,0.0029106000404376807,2.503473071787592e-5,0.0013863406942977718,0.004830721947688232
2113,te,0.0028165856667357048,0.0029256295706665595,2.521874231411995e-5,0.0013866758352211405,0.004862258226326333
2114,te,0.0028321302671390214,0.0029406419615892665,2.5402571214724177e-5,0.0013898259145030069,0.004896588115124345
2115,te,0.002850268484655416,0.0029554897497914654,2.5583316205787874e-5,0.001393664905151315,0.004930625642112041
2116,te,0.0028655916428785844,0.0029701398167217476,2.575921401729869e-5,0.0013981082040897875,0.0049646212881714995
2117,te,0.0028765231544252146,0.0029846109042236143,2.5931324296918237e-5,0.0014063439732799666,0.004998431026582927
2118,te,0.0028885502332389734,0.002998845671471479,2.609930107780948e-5,0.0014102446374877784,0.005031811471733327
2119,te,0.002900341079834945,0.00301301254267858,2.6264849136460183e-5,0.001416762431781038,0.005065284480940946
2120,te,0.002915404415047007,0.0030270168533007777,2.642513356384516e-5,0.0014230494225071942,0.005075173566648593
2121,te,0.002929381089021632,0.0030408702288100935,2.6583561958787704e-5,0.0014286019309381005,0.005106209803218319
2122,te,0.002944201757864917,0.003054679166121456,2.6747264456617605e-5,0.0014322756696655502,0.005137177179814677
2123,te,0.002953905605798113,0.0030682290067079797,2.6903611545462978e-5,0.0014345608539729326,0.005167457356749238
2124,te,0.0029691019606215008,0.0030816267595579223,2.7056541339916253e-5,0.0014352829382886512,0.005197336916500461
2125,te,0.0029784639702032933,0.003094921400069119,2.721160875082201e-5,0.0014394750082995956,0.005218780993621763
2126,te,0.0029899530881927205,0.0031081005567253055,2.73673995778545e-5,0.0014448708492363238,0.005244052842750336
2127,te,0.0030040859199722547,0.003121270802286997,2.7518857412174588e-5,0.0014421294486614224,0.005262531902944189
2128,te,0.00301711440165775,0.003134432345673745,2.7667988995558413e-5,0.0014456882135410077,0.005290157533934802
2129,te,0.0030287820547574285,0.0031474823204560723,2.7818585422640588e-5,0.0014523793413534491,0.005317481269231194
2130,te,0.0030408095796587986,0.0031603373967770496,2.7965673456930173e-5,0.0014594798216333693,0.00534431734517149
2131,te,0.0030519852949222326,0.003173142026646653,2.811075463312681e-5,0.0014680199756229584,0.005363864646051653
2132,te,0.003064820007352864,0.003185804797606828,2.8252873319537285e-5,0.0014757016596727015,0.005386932928757204
2133,te,0.0030750528119050102,0.003198418132051743,2.839461708290281e-5,0.0014835580634223967,0.005413074939214723
2134,te,0.003085294679266326,0.0032109003599397096,2.8536361797291063e-5,0.0014916632251214422,0.005445055782492502
2135,te,0.003097407015077991,0.0032232138755065457,2.86756728548448e-5,0.0014993898033058173,0.005467676525420017
2136,te,0.003109883219464038,0.00323555471257585,2.8814406772878397e-5,0.001507425424575537,0.005499662248871928
2137,te,0.0031201741711583963,0.003247925626590518,2.8956250062690307e-5,0.0015133445827038906,0.005532421029009171
2138,te,0.003128355290190399,0.0032601673505801517,2.909551746769495e-5,0.0015187121203236841,0.005558965583481523
2139,te,0.003138863075532683,0.003272275429699177,2.9232777345400852e-5,0.0015240453619576044,0.0055854305737362605
2140,te,0.0031523543720908265,0.00328432567499882,2.936904365525563e-5,0.001528343029343482,0.0056116598306100935
2141,te,0.003160382816501439,0.003296353343202555,2.9505539761835714e-5,0.0015341887997120552,0.00563778660580354
2142,te,0.0031693085192685544,0.0033083318907258645,2.964355438845594e-5,0.001540080832921653,0.005665607184252507
2143,te,0.0031772462802379664,0.0033201906819587883,2.977747769966951e-5,0.0015462023334089636,0.005695215550530007
2144,te,0.003189597548168166,0.0033319437627066357,2.991211206131146e-5,0.001547227769403037,0.00572469024804576
2145,te,0.003199010963745863,0.00334364971365755,3.004994463084887e-5,0.0015540383317494745,0.005740613878902323
2146,te,0.0032115943106418854,0.0033552649864681044,3.0185391091981913e-5,0.0015597501807357971,0.005765848861047118
2147,te,0.0032223672554749783,0.0033666732190552546,3.031616545350454e-5,0.00156270083298109,0.005791637272599103
2148,te,0.0032253916831166407,0.0033779922995792653,3.0445792223340383e-5,0.0015675553499223229,0.005816820644109554
2149,te,0.0032264723857409194,0.003389271967877325,3.057336070631226e-5,0.0015744632993288654,0.005841429299990253
2150,te,0.003233239775639163,0.003400508501262909,3.070086169676937e-5,0.0015749971346967762,0.0058668740160499055
2151,te,0.0032438457001155996,0.003411632035710884,3.083070489541593e-5,0.0015785276201756738,0.005888994072088494
2152,te,0.003256180401965736,0.003422684738283162,3.096020489565154e-5,0.0015823637840331807,0.005908539150678748
2153,te,0.0032697812858515363,0.003433735732859054,3.109029228668777e-5,0.0015887861404882742,0.005935247541360766
2154,te,0.0032826177918945376,0.003444799079801368,3.12234935694803e-5,0.0015967386152761164,0.005959590348299315
2155,te,0.003292976201834108,0.0034556804342504,3.135462733298192e-5,0.0016007897738658627,0.005976821828832257
2156,te,0.003298284659390305,0.0034665282525227657,3.14834598751086e-5,0.001607535218269085,0.005986867915022031
2157,te,0.003307959645574954,0.00347732852032009,3.160968858856938e-5,0.0016145480018602497,0.0060131871603989135
2158,te,0.0033169552609724207,0.0034880446765526998,3.173502636233813e-5,0.0016215652387229441,0.006039414021843115
2159,te,0.0033207213102794952,0.0034987041163250135,3.1860235602079116e-5,0.0016276464050875461,0.006060757919744119
2160,te,0.003333943607040979,0.0035092668100317396,3.198607911291269e-5,0.0016353806041866648,0.006084263524400768
2161,te,0.0033430181528828484,0.003519715475030581,3.2112003170430566e-5,0.0016407980733442963,0.006103425749343927
2162,te,0.0033510540564698488,0.003530123795898423,3.223441017034826e-5,0.00164441725442801,0.006119675640439226
2163,te,0.003361352675074869,0.0035405461096516835,3.235819579623951e-5,0.0016428727310561443,0.006137658788120248
2164,te,0.0033678910047676425,0.0035509611670111064,3.248350047917706e-5,0.0016377955102978349,0.006155011168478807
2165,te,0.003375994477451627,0.0035613491035687054,3.260226784237241e-5,0.0016286360255683974,0.006178635693490974
2166,te,0.0033881067109469143,0.003571864419541192,3.272507444594296e-5,0.0016301103277225337,0.006199843387889103
2167,te,0.0033966465691541714,0.003582347527817402,3.284867208506909e-5,0.0016348445660197442,0.006217442652593518
2168,te,0.00340309001743222,0.0035927243698451444,3.296635031156036e-5,0.0016383358904086265,0.006245725320977158
2169,te,0.003411001389284962,0.003602983483380373,3.308224169806065e-5,0.0016382946456374725,0.006269231878068026
2170,te,0.0034217479787042038,0.0036132340875929527,3.319900996497959e-5,0.0016381634869439667,0.006272931940225134
2171,te,0.0034309414011417516,0.0036234358591347416,3.3315320942256876e-5,0.0016454150301150605,0.006297665928536489
2172,te,0.003439095813940085,0.0036333986248134353,3.342461581249252e-5,0.0016485448597709507,0.006310493486266466
2173,te,0.00344967011009345,0.003643353672443886,3.353334408254493e-5,0.0016516499994123635,0.006325826108352927
2174,te,0.0034588490430706997,0.003653226294616731,3.36450643905413e-5,0.0016547317130170215,0.006357771104806531
2175,te,0.0034671589938302105,0.003663054676056326,3.375908355830336e-5,0.0016577899904948624,0.006387418395900468
2176,te,0.0034769615268270826,0.003672876748782633,3.3868882515898536e-5,0.0016618825843622176,0.0064184458298903735
2177,te,0.003487274397524942,0.003682780893482005,3.397959894168275e-5,0.0016665989534351054,0.006418508459331207
2178,te,0.003498991340643798,0.0036925749891796016,3.40886081783474e-5,0.0016758727111199079,0.006425731394734057
2179,te,0.0035104036658584192,0.0037021739523145874,3.419419152229712e-5,0.001690607865774929,0.006441487979531857
2180,te,0.003519744601344854,0.0037117713128193594,3.4296272263294665e-5,0.0016954763805303585,0.0064603041194764895
2181,te,0.0035304193514384963,0.0037214835563489468,3.4399545525349585e-5,0.0016931551484892894,0.006457174990802625
2182,te,0.003535761985666852,0.0037309187811980305,3.449507869091085e-5,0.0016900065478573367,0.006465105416257441
2183,te,0.0035397045046146047,0.0037400554584385527,3.4587530610950725e-5,0.001693237841732298,0.006482407072867245
2184,te,0.0035474783139832766,0.0037493228158763385,3.468237738559644e-5,0.0016926423415824844,0.006514917818163468
2185,te,0.003556472394244281,0.003758589515143031,3.4772507540568646e-5,0.0016921460681547985,0.006514113148846334
2186,te,0.003562483114148307,0.0037678732606840136,3.486444165875428e-5,0.001692026049914297,0.006519699237711051
2187,te,0.0035667570350987887,0.0037772554491882016,3.495753703584259e-5,0.001694048382730351,0.006540687220564222
2188,te,0.0035726810035541234,0.003786540529720198,3.50469884549367e-5,0.001694601638895321,0.006549719213507642
2189,te,0.003578099382313127,0.003795826577223381,3.514090510710718e-5,0.0017026901090083867,0.006571142062215784
2190,te,0.003587559260648021,0.003805166295775189,3.523392499446547e-5,0.0017107060182334876,0.006593241026651242
2191,te,0.003596268145226844,0.0038144276712384117,3.532384794598884e-5,0.0017208087271303185,0.006615132193540063
2192,te,0.003604804804258066,0.0038236531249337276,3.54157431698069e-5,0.001725174400455387,0.006637588712379027
2193,te,0.0036122505672651073,0.003832895794872041,3.550568881129516e-5,0.0017320585124663169,0.006660050360954628
2194,te,0.0036193175453398396,0.003842116296966231,3.559264765038613e-5,0.0017299512384449044,0.00668252406615295
2195,te,0.0036279695833023595,0.003851437285177542,3.568434137316539e-5,0.001733056100168895,0.006704350526820946
2196,te,0.0036359578885232224,0.0038607057808438725,3.57753493865813e-5,0.0017327134902014763,0.006725092101967078
2197,te,0.0036454687811442454,0.0038699389949292664,3.5862695372265516e-5,0.0017343994021510765,0.00674494021579477
2198,te,0.003652143884554704,0.0038792778417186175,3.59527293316403e-5,0.001740396041382297,0.0067533629056384815
2199,te,0.003661198318674508,0.003888646466015146,3.605013122867142e-5,0.0017474795396010378,0.006781886654197677
2200,te,0.003666900388143546,0.003898021271245432,3.6145066951536004e-5,0.0017535474677631059,0.006811767358373544
2201,te,0.0036757028176133133,0.003907313879329348,3.623443105177376e-5,0.0017581445111630957,0.0068369121048192484
2202,te,0.003685000656670212,0.003916414990690237,3.632297178446867e-5,0.0017665194474609791,0.006861009615059288
2203,te,0.0036939683204444407,0.0039255838927932645,3.6414857630562875e-5,0.001772332013324096,0.006883779573825421
2204,te,0.003702900234284101,0.003934834779162027,3.650765343211479e-5,0.0017747100456109166,0.006906561886260931
2205,te,0.003710293959628075,0.0039440014460266695,3.659842115195184e-5,0.0017808030652773255,0.006929357763488042
2206,te,0.003716840229134988,0.0039533346296335495,3.6694907105968246e-5,0.0017740183549317834,0.00695174946424899
2207,te,0.003725914184659729,0.003962612628861476,3.678975431479609e-5,0.0017816585644720106,0.006974102282897831
2208,te,0.0037354291797768724,0.003971839096355093,3.688305810384358e-5,0.0017894637265621683,0.006996466186587468
2209,te,0.0037453855932199076,0.003981139752647271,3.697602031677173e-5,0.001797287581825735,0.007006440322294338
2210,te,0.003751385502777538,0.003990354972841268,3.7067121594045247e-5,0.001805262718855971,0.007013434563606324
2211,te,0.0037596906045322953,0.003999525022815911,3.715652780928834e-5,0.0018129501902024005,0.00703611571749434
2212,te,0.0037655079646299328,0.004008772055209617,3.724739091862715e-5,0.0018207752715207804,0.007060502916926481
2213,te,0.003776046221677376,0.004017982645470603,3.733754172418245e-5,0.0018285885707811644,0.007085365248304497
2214,te,0.003782359364869592,0.00402722184751414,3.7426949396533006e-5,0.0018363877799751904,0.007109203090621463
2215,te,0.0037918162737327066,0.00403648904880266,3.7516921608524885e-5,0.0018382709047346068,0.007127474826697266
2216,te,0.0037952041954270044,0.0040456792591770565,3.760563228592617e-5,0.0018434942673930977,0.007137239180553933
2217,te,0.00380010144923304,0.004054893098345256,3.7696874524442506e-5,0.0018430571381580663,0.007163502333610694
2218,te,0.0038058642606628723,0.0040641188569920375,3.7789233663001905e-5,0.0018444820356544158,0.007180769874329229
2219,te,0.0038140376883362137,0.004073287676006782,3.787871200999442e-5,0.0018475325262510723,0.007193063310136694
2220,te,0.0038225633587067875,0.004082333136911097,3.796501636671066e-5,0.0018466592506964474,0.007212522059272431
2221,te,0.003834034225501881,0.0040914912109163894,3.805776222606039e-5,0.0018517354685027242,0.007226425306932071
2222,te,0.0038455441651272793,0.004100804280109872,3.815106256972853e-5,0.0018570773846976253,0.007240823915287819
2223,te,0.0038562282771863465,0.004110189015882621,3.824709067513587e-5,0.0018625392900252892,0.007263003625336495
2224,te,0.0038631887666156217,0.0041194083192695454,3.8341680311233445e-5,0.001861431691810722,0.007282474224163594
2225,te,0.003871699085642888,0.004128647123480131,3.8436039317259466e-5,0.0018671682442553462,0.007305729018560924
2226,te,0.0038788698628202667,0.004137850443214143,3.8528160612621294e-5,0.001876156364117243,0.0073274546154543435
2227,te,0.0038863309947885227,0.004147089059017888,3.86200678768687e-5,0.0018816281557654689,0.0073491655428512105
2228,te,0.003890187897720665,0.004156358130266644,3.871284366471973e-5,0.0018805332776329565,0.007370880311936645
2229,te,0.0039009098797286867,0.004165626116951535,3.880688485149637e-5,0.0018849210724569687,0.007392610689996814
2230,te,0.0039145902340393945,0.004174846410574397,3.889774003964651e-5,0.001890588900201706,0.007414367281642597
2231,te,0.003922934691132696,0.004184101941321058,3.899002520504268e-5,0.001896306386902502,0.007436158275713466
2232,te,0.003930682289812637,0.004193384413078031,3.908345580807571e-5,0.0019012244427328185,0.007457982455174061
2233,te,0.003937404236555864,0.004202669276438446,3.917684605999855e-5,0.0019075340710543287,0.007481689133585688
2234,te,0.00394552670952919,0.004212018794823262,3.927415924336237e-5,0.0019141603168145948,0.007506843010533259
2235,te,0.003953218493546018,0.0042213588346420305,3.937163370817715e-5,0.0019207726276789573,0.007521708037702979
2236,te,0.003960869910613951,0.00423059916663879,3.947121361449655e-5,0.0019273626162471303,0.00753628721557078
2237,te,0.003969144866328378,0.004239939485270808,3.9567346857146374e-5,0.0019339766368913658,0.007550780355325059
2238,te,0.003978371545080961,0.00424922468946768,3.96612189855502e-5,0.0019404915330357043,0.007565196749938962
2239,te,0.003985528384685466,0.004258553270633859,3.9755681519146864e-5,0.001946909530283314,0.007578332766585305
2240,te,0.003993684774552975,0.00426790926298353,3.985060058430459e-5,0.0019513042795566093,0.007581412617716409
2241,te,0.004001457230476291,0.004277335240949898,3.9947893386739426e-5,0.0019574685524570866,0.007581344882743223
2242,te,0.004012262358592977,0.004286767673719697,4.0045469880728883e-5,0.0019636752527395275,0.007603004703322824
2243,te,0.004020245069799699,0.004296253890670251,4.0144644594949954e-5,0.0019699052676175554,0.0076258234810048005
2244,te,0.004027948330204367,0.004305732107982756,4.0241867516237445e-5,0.0019761344575174532,0.007644757328026231
2245,te,0.004035125212787705,0.004315184723114329,4.0340057520937154e-5,0.0019823626427942997,0.007660885432370889
2246,te,0.004044348492239891,0.004324700087094134,4.0442220027555776e-5,0.001988595504893631,0.00767484722624232
2247,te,0.004053068743022692,0.004334238777743166,4.054291439213628e-5,0.001994669483250533,0.007695737352472065
2248,te,0.004058821575053884,0.00434381945250823,4.064497338212398e-5,0.001994001555199887,0.007720425487954685
2249,te,0.004069643524619693,0.004353386728613165,4.07486641737894e-5,0.0019930796793353523,0.00773813528036058
2250,te,0.004077155374080377,0.0043629315338508876,4.085133084315772e-5,0.001994214540708406,0.007750938255120587
2251,te,0.004086135528751811,0.004372502271805511,4.0954498494545245e-5,0.001999503132408087,0.007773581198211588
2252,te,0.004095153862767376,0.004382074955167273,4.1057004620621956e-5,0.002004421456224392,0.00778808068294552
2253,te,0.004104150824666419,0.004391606699184911,4.1156680506332136e-5,0.002010273072164992,0.007814159921189655
2254,te,0.004114513318516089,0.004401195341085524,4.125703159626234e-5,0.0020159175528348785,0.007838523783022565
2255,te,0.004121944610417927,0.0044108811018459485,4.136124666539184e-5,0.0020197693159371257,0.007862737245079642
2256,te,0.0041326600088922305,0.0044205808815365715,4.1464042705974256e-5,0.002024526981601227,0.007887006829171383
2257,te,0.004143393050036082,0.004430225605132766,4.156397365198882e-5,0.002028524721620961,0.007911333146786603
2258,te,0.004154138935309248,0.004439848869726772,4.166414481245686e-5,0.002032502363072197,0.007935715519495545
2259,te,0.004166001355653037,0.004449527921632238,4.1766807276738756e-5,0.0020280410162492046,0.007960045782711945
2260,te,0.00417530574254954,0.004459237820045797,4.18710196385983e-5,0.002028937588185542,0.007974632772496902
2261,te,0.004183302540596401,0.004468947456548751,4.197453755948027e-5,0.0020331909326674947,0.007988260302190752
2262,te,0.004193626802472039,0.00447867188798768,4.207783968863185e-5,0.002038415522945236,0.008000754667533272
2263,te,0.00420443293552708,0.004488447639775391,4.218228009143945e-5,0.0020436531719898454,0.00801439221053144
2264,te,0.004211617597455586,0.00449826818429215,4.228756085796114e-5,0.0020489848186787895,0.008038745084128607
2265,te,0.0042154360483124265,0.004508096926452749,4.239310332630455e-5,0.0020533854501049833,0.008057676321625707
2266,te,0.004224560725941018,0.004517959220091189,4.249922090102769e-5,0.002055659874342197,0.00807760898763732
2267,te,0.004233113267734012,0.004527883075636504,4.26048746740727e-5,0.002059466923532938,0.00810535197348301
2268,te,0.004241764433654538,0.0045378075480608385,4.270945383565452e-5,0.002063720010693615,0.008119736800386334
2269,te,0.004250914599492006,0.004547701206874171,4.281503621933769e-5,0.0020681916693263244,0.008151000880939563
2270,te,0.00426147972796187,0.004557626251751912,4.291974856821678e-5,0.00207254685425049,0.00818217959384171
2271,te,0.004269505807247498,0.0045675271787069755,4.302526043572147e-5,0.0020769180290686863,0.008209568947365398
2272,te,0.00427377874081003,0.0045774378434837075,4.3131095256523045e-5,0.002081375791284046,0.008234594091349834
2273,te,0.004278559744420818,0.004587362726932762,4.32369319659615e-5,0.002084173101460429,0.00825951914012819
2274,te,0.004289940084099442,0.004597322315425757,4.3343615582213826e-5,0.00208956017603743,0.008284232616112063
2275,te,0.0042977882056867145,0.004607327206034691,4.345053673029769e-5,0.0020937553091886943,0.00829991428635637
2276,te,0.004304739575644589,0.004617412474297388,4.3559220153132135e-5,0.002098530340158078,0.008309136960738782
2277,te,0.0043127549418393585,0.004627503189719418,4.36680247178787e-5,0.002103599617817764,0.008324868018405594
2278,te,0.0043204685747149085,0.004637551633477078,4.377532163921888e-5,0.0021096684314731106,0.008337381930392237
2279,te,0.004330509511330405,0.0046476334860350394,4.388423485640716e-5,0.0021143755301650915,0.008353495471494908
2280,te,0.004342328449890687,0.004657679605326913,4.399146511508959e-5,0.0021192262807870677,0.008381259124206506
2281,te,0.004351194804812053,0.004667765652671782,4.40984923804654e-5,0.0021241519696147296,0.008409066845818814
2282,te,0.004358573819796874,0.004677814694080681,4.4204710423563793e-5,0.002129426645609733,0.008429693419290629
2283,te,0.004369689588308745,0.004687963790918648,4.431177580579585e-5,0.002135747586980585,0.00845300759542482
2284,te,0.0043762966425831,0.004698149481470402,4.4419445314803556e-5,0.002140861205856481,0.008474266229384141
2285,te,0.004386755291303501,0.004708340568179437,4.452619212626688e-5,0.0021443564710839523,0.008487117262456677
2286,te,0.004392217587543712,0.004718579872438928,4.46328828350432e-5,0.002148073664435657,0.008500807749403804
2287,te,0.004398284436973654,0.004728883388573734,4.4741190084427064e-5,0.0021518359493027718,0.008528609546186061
2288,te,0.004404933971915881,0.004739189499192709,4.4850230130391095e-5,0.0021555256788561294,0.008558009198847572
2289,te,0.004416994412675734,0.004749475072408219,4.495887999426678e-5,0.0021592379065459963,0.008565523121963991
2290,te,0.004429011493691348,0.004759751642652126,4.506733448103917e-5,0.0021628581713585503,0.008581874421489033
2291,te,0.004439547205219441,0.004770042860840213,4.517625257625418e-5,0.0021664819629659605,0.008604901652931573
2292,te,0.0044500763246198005,0.004780354224070577,4.5285596776801774e-5,0.002170107660197829,0.008628084726753115
2293,te,0.004459374530540572,0.004790684541605921,4.539510382722571e-5,0.0021737380357308212,0.008655688626928537
2294,te,0.00446505288192256,0.00480105647763074,4.550549257117784e-5,0.0021774241414403758,0.008682131086494849
2295,te,0.004475074401341317,0.004811472114662179,4.5616531633467844e-5,0.002181232090347684,0.008708484836220975
2296,te,0.004481829928298708,0.004821941418209386,4.5728622047560305e-5,0.002186696252823772,0.008736137735852623
2297,te,0.004487364239754044,0.004832437945541606,4.584086351142899e-5,0.002186794088271071,0.008748071305605974
2298,te,0.004496233554686313,0.004842940868027037,4.595273443275529e-5,0.0021862433563107687,0.00877380212813392
2299,te,0.0045051101581350395,0.004853464424384823,4.6066446754319454e-5,0.0021919649539738017,0.008799483057234169
2300,te,0.004514446555294427,0.004863972398946247,4.6180301182643876e-5,0.002197733754670495,0.00882516107381548
2025,lws,0.0,0.0,0.0,0.0,0.0
2026,lws,0.0,0.0,0.0,0.0,0.0
2027,lws,0.0,0.0,0.0,0.0,0.0
2028,lws,0.0,0.0,0.0,0.0,0.0
2029,lws,0.0,0.0,0.0,0.0,0.0
2030,lws,0.0,0.0,0.0,0.0,0.0
2031,lws,0.0,0.0,0.0,0.0,0.0
2032,lws,0.0,0.0,0.0,0.0,0.0
2033,lws,0.0,0.0,0.0,0.0,0.0
2034,lws,0.0,0.0,0.0,0.0,0.0
2035,lws,0.0,0.0,0.0,0.0,0.0
2036,lws,0.0,0.0,0.0,0.0,0.0
2037,lws,0.0,0.0,0.0,0.0,0.0
2038,lws,0.0,0.0,0.0,0.0,0.0
2039,lws,0.0,0.0,0.0,0.0,0.0
2040,lws,0.0,0.0,0.0,0.0,0.0
2041,lws,0.0,0.0,0.0,0.0,0.0
2042,lws,0.0,0.0,0.0,0.0,0.0
2043,lws,0.0,0.0,0.0,0.0,0.0
2044,lws,0.0,0.0,0.0,0.0,0.0
2045,lws,0.0,0.0,0.0,0.0,0.0
2046,lws,0.0,0.0,0.0,0.0,0.0
2047,lws,0.0,0.0,0.0,0.0,0.0
2048,lws,0.0,0.0,0.0,0.0,0.0
2049,lws,0.0,0.0,0.0,0.0,0.0
2050,lws,0.0,0.0,0.0,0.0,0.0
2051,lws,0.0,0.0,0.0,0.0,0.0
2052,lws,0.0,0.0,0.0,0.0,0.0
2053,lws,0.0,0.0,0.0,0.0,0.0
2054,lws,0.0,0.0,0.0,0.0,0.0
2055,lws,0.0,0.0,0.0,0.0,0.0
2056,lws,0.0,0.0,0.0,0.0,0.0
2057,lws,0.0,0.0,0.0,0.0,0.0
2058,lws,0.0,0.0,0.0,0.0,0.0
2059,lws,0.0,0.0,0.0,0.0,0.0
2060,lws,0.0,0.0,0.0,0.0,0.0
2061,lws,0.0,0.0,0.0,0.0,0.0
2062,lws,0.0,0.0,0.0,0.0,0.0
2063,lws,0.0,0.0,0.0,0.0,0.0
2064,lws,0.0,0.0,0.0,0.0,0.0
2065,lws,0.0,0.0,0.0,0.0,0.0
2066,lws,0.0,0.0,0.0,0.0,0.0
2067,lws,0.0,0.0,0.0,0.0,0.0
2068,lws,0.0,0.0,0.0,0.0,0.0
2069,lws,0.0,0.0,0.0,0.0,0.0
2070,lws,0.0,0.0,0.0,0.0,0.0
2071,lws,0.0,0.0,0.0,0.0,0.0
2072,lws,0.0,0.0,0.0,0.0,0.0
2073,lws,0.0,0.0,0.0,0.0,0.0
2074,lws,0.0,0.0,0.0,0.0,0.0
2075,lws,0.0,0.0,0.0,0.0,0.0
2076,lws,0.0,0.0,0.0,0.0,0.0
2077,lws,0.0,0.0,0.0,0.0,0.0
2078,lws,0.0,0.0,0.0,0.0,0.0
2079,lws,0.0,0.0,0.0,0.0,0.0
2080,lws,0.0,0.0,0.0,0.0,0.0
2081,lws,0.0,0.0,0.0,0.0,0.0
2082,lws,0.0,0.0,0.0,0.0,0.0
2083,lws,0.0,0.0,0.0,0.0,0.0
2084,lws,0.0,0.0,0.0,0.0,0.0
2085,lws,0.0,0.0,0.0,0.0,0.0
2086,lws,0.0,0.0,0.0,0.0,0.0
2087,lws,0.0,0.0,0.0,0.0,0.0
2088,lws,0.0,0.0,0.0,0.0,0.0
2089,lws,0.0,0.0,0.0,0.0,0.0
2090,lws,0.0,0.0,0.0,0.0,0.0
2091,lws,0.0,0.0,0.0,0.0,0.0
2092,lws,0.0,0.0,0.0,0.0,0.0
2093,lws,0.0,0.0,0.0,0.0,0.0
2094,lws,0.0,0.0,0.0,0.0,0.0
2095,lws,0.0,0.0,0.0,0.0,0.0
2096,lws,0.0,0.0,0.0,0.0,0.0
2097,lws,0.0,0.0,0.0,0.0,0.0
2098,lws,0.0,0.0,0.0,0.0,0.0
2099,lws,0.0,0.0,0.0,0.0,0.0
2100,lws,0.0,0.0,0.0,0.0,0.0
2101,lws,0.0,0.0,0.0,0.0,0.0
2102,lws,0.0,0.0,0.0,0.0,0.0
2103,lws,0.0,0.0,0.0,0.0,0.0
2104,lws,0.0,0.0,0.0,0.0,0.0
2105,lws,0.0,0.0,0.0,0.0,0.0
2106,lws,0.0,0.0,0.0,0.0,0.0
2107,lws,0.0,0.0,0.0,0.0,0.0
2108,lws,0.0,0.0,0.0,0.0,0.0
2109,lws,0.0,0.0,0.0,0.0,0.0
2110,lws,0.0,0.0,0.0,0.0,0.0
2111,lws,0.0,0.0,0.0,0.0,0.0
2112,lws,0.0,0.0,0.0,0.0,0.0
2113,lws,0.0,0.0,0.0,0.0,0.0
2114,lws,0.0,0.0,0.0,0.0,0.0
2115,lws,0.0,0.0,0.0,0.0,0.0
2116,lws,0.0,0.0,0.0,0.0,0.0
2117,lws,0.0,0.0,0.0,0.0,0.0
2118,lws,0.0,0.0,0.0,0.0,0.0
2119,lws,0.0,0.0,0.0,0.0,0.0
2120,lws,0.0,0.0,0.0,0.0,0.0
2121,lws,0.0,0.0,0.0,0.0,0.0
2122,lws,0.0,0.0,0.0,0.0,0.0
2123,lws,0.0,0.0,0.0,0.0,0.0
2124,lws,0.0,0.0,0.0,0.0,0.0
2125,lws,0.0,0.0,0.0,0.0,0.0
2126,lws,0.0,0.0,0.0,0.0,0.0
2127,lws,0.0,0.0,0.0,0.0,0.0
2128,lws,0.0,0.0,0.0,0.0,0.0
2129,lws,0.0,0.0,0.0,0.0,0.0
2130,lws,0.0,0.0,0.0,0.0,0.0
2131,lws,0.0,0.0,0.0,0.0,0.0
2132,lws,0.0,0.0,0.0,0.0,0.0
2133,lws,0.0,0.0,0.0,0.0,0.0
2134,lws,0.0,0.0,0.0,0.0,0.0
2135,lws,0.0,0.0,0.0,0.0,0.0
2136,lws,0.0,0.0,0.0,0.0,0.0
2137,lws,0.0,0.0,0.0,0.0,0.0
2138,lws,0.0,0.0,0.0,0.0,0.0
2139,lws,0.0,0.0,0.0,0.0,0.0
2140,lws,0.0,0.0,0.0,0.0,0.0
2141,lws,0.0,0.0,0.0,0.0,0.0
2142,lws,0.0,0.0,0.0,0.0,0.0
2143,lws,0.0,0.0,0.0,0.0,0.0
2144,lws,0.0,0.0,0.0,0.0,0.0
2145,lws,0.0,0.0,0.0,0.0,0.0
2146,lws,0.0,0.0,0.0,0.0,0.0
2147,lws,0.0,0.0,0.0,0.0,0.0
2148,lws,0.0,0.0,0.0,0.0,0.0
2149,lws,0.0,0.0,0.0,0.0,0.0
2150,lws,0.0,0.0,0.0,0.0,0.0
2151,lws,0.0,0.0,0.0,0.0,0.0
2152,lws,0.0,0.0,0.0,0.0,0.0
2153,lws,0.0,0.0,0.0,0.0,0.0
2154,lws,0.0,0.0,0.0,0.0,0.0
2155,lws,0.0,0.0,0.0,0.0,0.0
2156,lws,0.0,0.0,0.0,0.0,0.0
2157,lws,0.0,0.0,0.0,0.0,0.0
2158,lws,0.0,0.0,0.0,0.0,0.0
2159,lws,0.0,0.0,0.0,0.0,0.0
2160,lws,0.0,0.0,0.0,0.0,0.0
2161,lws,0.0,0.0,0.0,0.0,0.0
2162,lws,0.0,0.0,0.0,0.0,0.0
2163,lws,0.0,0.0,0.0,0.0,0.0
2164,lws,0.0,0.0,0.0,0.0,0.0
2165,lws,0.0,0.0,0.0,0.0,0.0
2166,lws,0.0,0.0,0.0,0.0,0.0
2167,lws,0.0,0.0,0.0,0.0,0.0
2168,lws,0.0,0.0,0.0,0.0,0.0
2169,lws,0.0,0.0,0.0,0.0,0.0
2170,lws,0.0,0.0,0.0,0.0,0.0
2171,lws,0.0,0.0,0.0,0.0,0.0
2172,lws,0.0,0.0,0.0,0.0,0.0
2173,lws,0.0,0.0,0.0,0.0,0.0
2174,lws,0.0,0.0,0.0,0.0,0.0
2175,lws,0.0,0.0,0.0,0.0,0.0
2176,lws,0.0,0.0,0.0,0.0,0.0
2177,lws,0.0,0.0,0.0,0.0,0.0
2178,lws,0.0,0.0,0.0,0.0,0.0
2179,lws,0.0,0.0,0.0,0.0,0.0
2180,lws,0.0,0.0,0.0,0.0,0.0
2181,lws,0.0,0.0,0.0,0.0,0.0
2182,lws,0.0,0.0,0.0,0.0,0.0
2183,lws,0.0,0.0,0.0,0.0,0.0
2184,lws,0.0,0.0,0.0,0.0,0.0
2185,lws,0.0,0.0,0.0,0.0,0.0
2186,lws,0.0,0.0,0.0,0.0,0.0
2187,lws,0.0,0.0,0.0,0.0,0.0
2188,lws,0.0,0.0,0.0,0.0,0.0
2189,lws,0.0,0.0,0.0,0.0,0.0
2190,lws,0.0,0.0,0.0,0.0,0.0
2191,lws,0.0,0.0,0.0,0.0,0.0
2192,lws,0.0,0.0,0.0,0.0,0.0
2193,lws,0.0,0.0,0.0,0.0,0.0
2194,lws,0.0,0.0,0.0,0.0,0.0
2195,lws,0.0,0.0,0.0,0.0,0.0
2196,lws,0.0,0.0,0.0,0.0,0.0
2197,lws,0.0,0.0,0.0,0.0,0.0
2198,lws,0.0,0.0,0.0,0.0,0.0
2199,lws,0.0,0.0,0.0,0.0,0.0
2200,lws,0.0,0.0,0.0,0.0,0.0
2201,lws,0.0,0.0,0.0,0.0,0.0
2202,lws,0.0,0.0,0.0,0.0,0.0
2203,lws,0.0,0.0,0.0,0.0,0.0
2204,lws,0.0,0.0,0.0,0.0,0.0
2205,lws,0.0,0.0,0.0,0.0,0.0
2206,lws,0.0,0.0,0.0,0.0,0.0
2207,lws,0.0,0.0,0.0,0.0,0.0
2208,lws,0.0,0.0,0.0,0.0,0.0
2209,lws,0.0,0.0,0.0,0.0,0.0
2210,lws,0.0,0.0,0.0,0.0,0.0
2211,lws,0.0,0.0,0.0,0.0,0.0
2212,lws,0.0,0.0,0.0,0.0,0.0
2213,lws,0.0,0.0,0.0,0.0,0.0
2214,lws,0.0,0.0,0.0,0.0,0.0
2215,lws,0.0,0.0,0.0,0.0,0.0
2216,lws,0.0,0.0,0.0,0.0,0.0
2217,lws,0.0,0.0,0.0,0.0,0.0
2218,lws,0.0,0.0,0.0,0.0,0.0
2219,lws,0.0,0.0,0.0,0.0,0.0
2220,lws,0.0,0.0,0.0,0.0,0.0
2221,lws,0.0,0.0,0.0,0.0,0.0
2222,lws,0.0,0.0,0.0,0.0,0.0
2223,lws,0.0,0.0,0.0,0.0,0.0
2224,lws,0.0,0.0,0.0,0.0,0.0
2225,lws,0.0,0.0,0.0,0.0,0.0
2226,lws,0.0,0.0,0.0,0.0,0.0
2227,lws,0.0,0.0,0.0,0.0,0.0
2228,lws,0.0,0.0,0.0,0.0,0.0
2229,lws,0.0,0.0,0.0,0.0,0.0
2230,lws,0.0,0.0,0.0,0.0,0.0
2231,lws,0.0,0.0,0.0,0.0,0.0
2232,lws,0.0,0.0,0.0,0.0,0.0
2233,lws,0.0,0.0,0.0,0.0,0.0
2234,lws,0.0,0.0,0.0,0.0,0.0
2235,lws,0.0,0.0,0.0,0.0,0.0
2236,lws,0.0,0.0,0.0,0.0,0.0
2237,lws,0.0,0.0,0.0,0.0,0.0
2238,lws,0.0,0.0,0.0,0.0,0.0
2239,lws,0.0,0.0,0.0,0.0,0.0
2240,lws,0.0,0.0,0.0,0.0,0.0
2241,lws,0.0,0.0,0.0,0.0,0.0
2242,lws,0.0,0.0,0.0,0.0,0.0
2243,lws,0.0,0.0,0.0,0.0,0.0
2244,lws,0.0,0.0,0.0,0.0,0.0
2245,lws,0.0,0.0,0.0,0.0,0.0
2246,lws,0.0,0.0,0.0,0.0,0.0
2247,lws,0.0,0.0,0.0,0.0,0.0
2248,lws,0.0,0.0,0.0,0.0,0.0
2249,lws,0.0,0.0,0.0,0.0,0.0
2250,lws,0.0,0.0,0.0,0.0,0.0
2251,lws,0.0,0.0,0.0,0.0,0.0
2252,lws,0.0,0.0,0.0,0.0,0.0
2253,lws,0.0,0.0,0.0,0.0,0.0
2254,lws,0.0,0.0,0.0,0.0,0.0
2255,lws,0.0,0.0,0.0,0.0,0.0
2256,lws,0.0,0.0,0.0,0.0,0.0
2257,lws,0.0,0.0,0.0,0.0,0.0
2258,lws,0.0,0.0,0.0,0.0,0.0
2259,lws,0.0,0.0,0.0,0.0,0.0
2260,lws,0.0,0.0,0.0,0.0,0.0
2261,lws,0.0,0.0,0.0,0.0,0.0
2262,lws,0.0,0.0,0.0,0.0,0.0
2263,lws,0.0,0.0,0.0,0.0,0.0
2264,lws,0.0,0.0,0.0,0.0,0.0
2265,lws,0.0,0.0,0.0,0.0,0.0
2266,lws,0.0,0.0,0.0,0.0,0.0
2267,lws,0.0,0.0,0.0,0.0,0.0
2268,lws,0.0,0.0,0.0,0.0,0.0
2269,lws,0.0,0.0,0.0,0.0,0.0
2270,lws,0.0,0.0,0.0,0.0,0.0
2271,lws,0.0,0.0,0.0,0.0,0.0
2272,lws,0.0,0.0,0.0,0.0,0.0
2273,lws,0.0,0.0,0.0,0.0,0.0
2274,lws,0.0,0.0,0.0,0.0,0.0
2275,lws,0.0,0.0,0.0,0.0,0.0
2276,lws,0.0,0.0,0.0,0.0,0.0
2277,lws,0.0,0.0,0.0,0.0,0.0
2278,lws,0.0,0.0,0.0,0.0,0.0
2279,lws,0.0,0.0,0.0,0.0,0.0
2280,lws,0.0,0.0,0.0,0.0,0.0
2281,lws,0.0,0.0,0.0,0.0,0.0
2282,lws,0.0,0.0,0.0,0.0,0.0
2283,lws,0.0,0.0,0.0,0.0,0.0
2284,lws,0.0,0.0,0.0,0.0,0.0
2285,lws,0.0,0.0,0.0,0.0,0.0
2286,lws,0.0,0.0,0.0,0.0,0.0
2287,lws,0.0,0.0,0.0,0.0,0.0
2288,lws,0.0,0.0,0.0,0.0,0.0
2289,lws,0.0,0.0,0.0,0.0,0.0
2290,lws,0.0,0.0,0.0,0.0,0.0
2291,lws,0.0,0.0,0.0,0.0,0.0
2292,lws,0.0,0.0,0.0,0.0,0.0
2293,lws,0.0,0.0,0.0,0.0,0.0
2294,lws,0.0,0.0,0.0,0.0,0.0
2295,lws,0.0,0.0,0.0,0.0,0.0
2296,lws,0.0,0.0,0.0,0.0,0.0
2297,lws,0.0,0.0,0.0,0.0,0.0
2298,lws,0.0,0.0,0.0,0.0,0.0
2299,lws,0.0,0.0,0.0,0.0,0.0
2300,lws,0.0,0.0,0.0,0.0,0.0
2025,total,0.0,0.0,0.0,0.0,0.0
2026,total,0.0,0.0,0.0,0.0,0.0
2027,total,0.0,0.0,0.0,0.0,0.0
2028,total,0.0,0.0,0.0,0.0,0.0
2029,total,0.0,0.0,0.0,0.0,0.0
2030,total,0.0,0.0,0.0,0.0,0.0
2031,total,0.00012933295771322406,0.00013071572330213232,5.981513055303412e-7,8.952497439658204e-5,0.0001762845484700293
2032,total,0.0003385230424264307,0.0003421055341440047,1.5224233550338675e-6,0.00023708820377832396,0.0004585553637680206
2033,total,0.00051544513020918,0.0005205854779288543,2.306259956131879e-6,0.0003629717920826003,0.0006947775740847817
2034,total,0.0006728866113645537,0.0006813738136461494,3.0384759593836457e-6,0.0004742383172612996,0.0009152805689547349
2035,total,0.000817227880578919,0.0008282707594936616,3.7375728422254247e-6,0.0005729550691298436,0.0011176391908321647
2036,total,0.0009518577471441247,0.000965036907118086,4.414367595747409e-6,0.0006644065151805379,0.0013103022688266462
2037,total,0.0010772200482200844,0.0010937288088763938,5.078827560928317e-6,0.0007524233879819598,0.0014938416871064673
2038,total,0.001197277369488603,0.0012155907007293393,5.733665036209708e-6,0.0008340955642885283,0.0016711078031729442
2039,total,0.0013114530772320165,0.0016009856625437387,0.000269280516898451,0.0009096584341717674,0.0018376352299775077
2040,total,0.0014201638896125246,0.0017145518787286963,0.00027145104798112924,0.0009787768261719342,0.0020017720812554704
2041,total,0.0015270809883816128,0.0024385788360855197,0.0006741094164444451,0.0010461426970938882,0.002166317206504065
2042,total,0.0016275193587604875,0.0032140085743053133,0.0009514024469613526,0.001108957034938207,0.0023219663285654942
2043,total,0.0017237514843326807,0.003317714094298097,0.0009540625092746611,0.0011698489083294737,0.0024773961263901967
2044,total,0.001816384677894689,0.0034139089814498604,0.0009535707894665993,0.0012286330914912825,0.002626860864043046
2045,total,0.0019065083095668456,0.0035074015841395907,0.0009530589709027678,0.0012876322767238159,0.0027700902312840724
2046,total,0.001996690874042528,0.0036067917156613776,0.0009525767039780204,0.001341164739671452,0.002923351735749158
2047,total,0.0020843204985840913,0.003700103221341477,0.0009520731127551769,0.0013895637216304378,0.0030714981513170867
2048,total,0.0021702290140801495,0.003787130457107718,0.000951563797379085,0.0014391941591362033,0.003206346695338879
2049,total,0.0022545563736313667,0.004109764225662233,0.0009801080634905333,0.0014918215015342184,0.0033524402856723867
2050,total,0.002334003362069126,0.004513912953330931,0.001030426014078736,0.0015405872583619917,0.0035053177256719084
2051,total,0.0024118753666524384,0.004597719964525969,0.00103063229576102,0.0015880358461267897,0.003638161232773029
2052,total,0.002489673982346119,0.00467764456215632,0.0010301334552106274,0.0016341989927300738,0.0037656784289254114
2053,total,0.00256494275490482,0.004756052620855544,0.0010296300705405713,0.001673719753147651,0.0038935735509937784
2054,total,0.00264134245394132,0.004833043012155751,0.0010291271485379323,0.0017117936570580027,0.0040288456601015096
2055,total,0.002712898665080843,0.004908717562051513,0.0010286246564285497,0.001751500845941223,0.00415426217387953
2056,total,0.002782891592520542,0.005714580913798338,0.0012611538237874641,0.0017974636684414235,0.004298316488031517
2057,total,0.0028515129895918534,0.00579305759293735,0.001263722699777952,0.0018426785771236353,0.004435943433484368
2058,total,0.002920945083378257,0.006083487291906594,0.0012816672395118706,0.001883521323219739,0.0045669589579938824
2059,total,0.0029844943356263087,0.0064525345890623625,0.0013148761187307813,0.0019129079212712341,0.004687641821379529
2060,total,0.0030469859308226432,0.006523833128806412,0.0013146276360058936,0.0019538671514705897,0.0048071667665679375
2061,total,0.003110390792237183,0.007358001304179699,0.0015202941304932774,0.001995037850879733,0.004925545066611646
2062,total,0.003175069109223827,0.007884133697538242,0.0015846014953171243,0.0020364389747863144,0.005084776601343321
2063,total,0.003245015496053938,0.007952657312450264,0.0015844892275375666,0.0020720191895447822,0.0052108688284207005
2064,total,0.0033049478004887334,0.008398359643053164,0.0016281067857721629,0.00210712099067738,0.005342858259665028
2065,total,0.003364977838375083,0.008928671866776221,0.0016919339784078468,0.0021388784658919135,0.005478833549721784
2066,total,0.003427335570833634,0.008994883804340279,0.0016918808545139526,0.0021712407416224267,0.005589808556318231
2067,total,0.0034893502627184603,0.010071163963766828,0.0018440959891901458,0.00219313814060893,0.005721610044614066
2068,total,0.0035496740894771506,0.010141317608157018,0.001845831689978561,0.0022232207969235416,0.005838604761690645
2069,total,0.0036070478757519453,0.010615640625563692,0.0018902127147557395,0.002253647939902237,0.005980489859503989
2070,total,0.0036622404182029555,0.010678271986041028,0.0018898361887074344,0.0022832776602751182,0.006095554472605613
2071,total,0.0037184961467158217,0.011465335723326565,0.002022815529500215,0.0023134696077899974,0.006224777573421746
2072,total,0.0037771072623264956,0.011531069301244734,0.0020243192849837724,0.002347309502081885,0.006344205235507516
2073,total,0.0038370399111329334,0.011610417888536242,0.002023542815050151,0.002366107538588125,0.0064770158872875065
2074,total,0.003888385132718497,0.01166846325918318,0.002022675127119708,0.00238941829443835,0.006612678050509756
2075,total,0.0039453522422086,0.011725814260914255,0.002021806640087039,0.002417674572746975,0.0067453908035261636
2076,total,0.004001764387171036,0.011782696550837048,0.0020209386160259337,0.0024388760856261624,0.006865699818579429
2077,total,0.004060773367882575,0.013133811837168432,0.0022158661603386433,0.002470018880807601,0.007017963183096398
2078,total,0.004117922293495724,0.013195625009416217,0.0022168118194480792,0.0024958102245097535,0.0071499426987287505
2079,total,0.00417355642867534,0.013250405213701168,0.002215821233984743,0.0025193740417606136,0.00727233046399931
2080,total,0.0042297007094767025,0.013727305086781971,0.0022537353573843294,0.002547367859728311,0.007408710916659089
2081,total,0.00428181404167205,0.013784185156855372,0.0022533045988540833,0.0025765179692555764,0.007532105390519205
2082,total,0.0043333922408841374,0.013837559318147244,0.0022523043932224734,0.0026035221948376374,0.007642561050305828
2083,total,0.004385944860487712,0.013890481196462894,0.0022513000024930886,0.0026279635005462152,0.007757473395466972
2084,total,0.004440729060981141,0.014287142393823483,0.002275705059184817,0.0026529402059178864,0.00794438729892306
2085,total,0.004492920073474238,0.014340814156568007,0.0022749625746979344,0.002680603919845481,0.008057578819019539
2086,total,0.004542310126105065,0.014392143914510757,0.0022739395884595324,0.002697582679354582,0.008191581888701904
2087,total,0.004582195506969811,0.014443084902525131,0.002272915146945414,0.0027159219093018548,0.00830789373618117
2088,total,0.004634624086335748,0.01449366791399722,0.0022718907173372546,0.0027345671321629796,0.008433597925525756
2089,total,0.004687833105698758,0.014543858469759904,0.0022708663629212667,0.002759252952873581,0.00857632854572756
2090,total,0.004732279517092763,0.014593706543746211,0.0022698419111748074,0.0027825275316914143,0.008719464446176061
2091,total,0.004783123742150508,0.014983102868191744,0.002293288455034439,0.0028015163805841683,0.008897084939645339
2092,total,0.004831123775961288,0.01503443163136652,0.0022925811864319603,0.0028229804252532633,0.009007446585869161
2093,total,0.004878261471031209,0.015083285880085773,0.0022915554475703326,0.0028422520633991865,0.009142639506686123
2094,total,0.004924675376361876,0.01513183884431742,0.002290527295097056,0.0028644279838189843,0.009252468034546268
2095,total,0.004975386185051889,0.015184232300172929,0.002289492647324241,0.0028902906926049354,0.00936431401298492
2096,total,0.0050175516953387955,0.015232033920197967,0.0022884645673461788,0.0029039583989785454,0.009470113546510816
2097,total,0.0050559217203769435,0.015279418877154017,0.0022874366625751557,0.0029208544330785458,0.009578443769047595
2098,total,0.005090807414397602,0.015326402648551847,0.0022864089469604503,0.002939684695276057,0.009687131798736459
2099,total,0.0051321082692510345,0.015373158592623375,0.0022853811020254787,0.002955442579392553,0.009797903717689849
2100,total,0.005179014886444122,0.015425615121702303,0.002284345150305737,0.00296663836920068,0.009905201866088474
2101,total,0.005222536418038715,0.01547182327300078,0.002283317043790497,0.0029858029813670584,0.010012962583580528
2102,total,0.0052646275405408005,0.015517680008086796,0.00228228868168819,0.0029931122859920833,0.010122901441867067
2103,total,0.0053067219894913364,0.015563300640973238,0.0022812599239903654,0.00301219676490021,0.010264589469425541
2104,total,0.005345715363787917,0.015608698181439997,0.0022802308080650834,0.0030335478063555858,0.010404259826567851
2105,total,0.005391229129955377,0.015653819653283423,0.0022792015766668026,0.003051351003914604,0.010494452688526223
2106,total,0.005437191726656465,0.015698708964691388,0.0022781720836541437,0.0030676179868347475,0.01060336802476769
2107,total,0.005482122109924603,0.015743383128380615,0.002277142343932097,0.00308551163714732,0.010762371981323326
2108,total,0.0055318151386529735,0.016304722763201787,0.0023326032305736894,0.0031089448531830045,0.010886058555544054
2109,total,0.005568925022970461,0.016351967283897244,0.0023322484916234645,0.0031274293075433945,0.01098648991690183
2110,total,0.005609452891306432,0.016395909296259305,0.002331200343205229,0.003140191205773135,0.01108551799915247
2111,total,0.005642716321361263,0.01643957449878958,0.002330147670836845,0.0031545596983136195,0.011206134643425968
2112,total,0.005686578193220271,0.01648304734488951,0.0023290944862340633,0.0031750344891726457,0.011346442479549523
2113,total,0.00572859283158067,0.016526299795103276,0.0023280408862754644,0.0031926384111322648,0.011460879704493719
2114,total,0.005763887622386221,0.016569463102588073,0.0023269867296411098,0.0032096121936561416,0.011583055547512797
2115,total,0.00580092743474836,0.01661240602289863,0.0023259318428925347,0.003209559870437317,0.011711783156312805
2116,total,0.005837221767826861,0.016655078692448786,0.0023248744626660177,0.0032199778332568482,0.011840972952529682
2117,total,0.005869187654433006,0.01669752274499739,0.00232381629828734,0.00323365991951583,0.011965900878793434
2118,total,0.005903165826936174,0.01673964729970806,0.0023227578480676204,0.003264436363665979,0.012100347928824817
2119,total,0.005938087242512324,0.016781622834817794,0.0023216989155541204,0.0032955560763685554,0.012223516141612835
2120,total,0.00597449698995689,0.016823384107098938,0.0023206396837718345,0.0033134584962422058,0.01233197555174712
2121,total,0.006010034101365136,0.01686496362506274,0.0023195800530750833,0.003331062646057248,0.01243959409533488
2122,total,0.006045948931351575,0.016906504254708094,0.002318519704887758,0.00335106047468301,0.01257173845209536
2123,total,0.006080478647071175,0.01694785195009462,0.0023174586778504525,0.003365560288743552,0.012659830179779872
2124,total,0.006114768223554279,0.016989037213275517,0.0023163971773770215,0.0033854961521917913,0.012759512959250683
2125,total,0.006147869262832728,0.017030104264061572,0.0023153355854638184,0.0034013611129942944,0.012865361763492443
2126,total,0.006186507239945627,0.017353487095304085,0.0023305697406201496,0.003416883174785568,0.013026924055992591
2127,total,0.006224859672059324,0.017395411006855058,0.0023296422646400194,0.003429837653321499,0.013137165177047902
2128,total,0.006263410722411322,0.017435990587957157,0.00232856548367356,0.0034413305165436727,0.013270827673535733
2129,total,0.0063018042885545356,0.01747642566761614,0.002327488344309132,0.0034529092439925077,0.013457797914175272
2130,total,0.006326997667940759,0.01751663246289297,0.0023264116696014177,0.003464293745283698,0.013565542204024438
2131,total,0.006354604570816491,0.017556765931778767,0.002325335288658586,0.003475489219487571,0.013657291320794228
2132,total,0.006392545388408166,0.017596817899951565,0.002324258293061704,0.0034864901246891124,0.013778330713577702
2133,total,0.006422819433375082,0.01763687594047927,0.002323180409785908,0.0034973698550302855,0.013883704818509557
2134,total,0.006459078189664069,0.01767687141390617,0.002322102477953348,0.0035080813674220226,0.013983697075182988
2135,total,0.006495904627158211,0.017716708383529508,0.002321025365139813,0.0035193141245855484,0.014079244554491764
2136,total,0.0065328333150560525,0.017756542873699176,0.0023199484830255385,0.003527228440881203,0.014200288667764481
2137,total,0.006564699026867515,0.017796356859893316,0.002318871457580732,0.003531532553020611,0.014318277809896071
2138,total,0.006601004262805077,0.017836005753058777,0.00231779474206964,0.003547981984666393,0.014483134503292657
2139,total,0.006640608552658023,0.0178754828783473,0.002316717497688777,0.0035621044022896343,0.014639316627501842
2140,total,0.00667536950309966,0.017914883625951786,0.0023156397814994263,0.0035726278332923298,0.014731335506276363
2141,total,0.00670579256717474,0.017954255040932277,0.0023145612724152433,0.003578802092249589,0.014842553956171393
2142,total,0.0067441884637986504,0.017993622650562327,0.0023134824895118568,0.0035840459706349744,0.015007425253527622
2143,total,0.006777190710408831,0.018032949059696414,0.0023124033812258918,0.003596108342873805,0.015172325681288608
2144,total,0.006808215265330375,0.018072243688680892,0.0023113239037112878,0.003603493912270039,0.015338578072649508
2145,total,0.006843126321754767,0.018111558792829937,0.0023102441632547933,0.0036107398213275133,0.015502663941646233
2146,total,0.006879664233096605,0.018150859056102,0.0023091642567514303,0.003624896058177285,0.0156289502476028
2147,total,0.006912354533213261,0.01819001589039123,0.002308084610810893,0.0036425007093157545,0.015808582674789306
2148,total,0.006943745030170589,0.018229099621358776,0.0023070048765814694,0.0036475499252318854,0.015982654582961685
2149,total,0.006975277606230179,0.018268168596237006,0.0023059251519988166,0.003657074676680594,0.016104741330185843
2150,total,0.007004926021622282,0.0183072092893352,0.00230484585842244,0.0036710982934181403,0.01621067032698633
2151,total,0.007040794897989144,0.01834618871819457,0.0023037670407631615,0.003689239335110983,0.0162521300303112
2152,total,0.007070137491751893,0.01838516780294144,0.0023026882880158098,0.003696520767302047,0.01637641324740286
2153,total,0.007103819827136704,0.01842423881126833,0.002301609123274777,0.003697959930886441,0.01652051071387603
2154,total,0.007138937395581024,0.018463481366626018,0.0023005293806633246,0.0036987347908301158,0.01669775712235406
2155,total,0.007169534085491591,0.01850272254353321,0.002299448590546632,0.0037127367396983858,0.01683650153990612
2156,total,0.007193268598882696,0.018542036825999628,0.002298366209606803,0.0037274733915175773,0.016968342834904598
2157,total,0.007223809464989017,0.018581408272593206,0.002297284468686558,0.003742091688934579,0.01709172361380808
2158,total,0.007256839754845146,0.018620770659030932,0.0022962042381327735,0.0037535877581269974,0.017214088768415077
2159,total,0.00729113618714905,0.018660155683579333,0.0022951242597734297,0.003752723276588199,0.0173390639528776
2160,total,0.007318970925709323,0.018699483173188477,0.002294044472573383,0.0037594235583597426,0.017462825452412283
2161,total,0.007348604470394093,0.01873874484876614,0.0022929658615136557,0.0037748353367447864,0.0176223421832347
2162,total,0.0073663937609182994,0.01877804203961731,0.0022918876217558623,0.0037870890933774603,0.01781209889991544
2163,total,0.007399568377437049,0.01881746389824508,0.002290809475331204,0.0037897502939088666,0.017973440300720255
2164,total,0.0074220532697069075,0.018857087886704555,0.002289731667250506,0.0037916541836466424,0.018102415644321464
2165,total,0.00744518079217471,0.018896897793816713,0.0022886526731701775,0.003793089743557232,0.018231171807728683
2166,total,0.007471999958767128,0.01893699205344766,0.0022875735486295908,0.0037947575723912053,0.018371312989441432
2167,total,0.007497225089323933,0.018977243576861966,0.002286495674823174,0.003796638295296617,0.018487095880880128
2168,total,0.007529145262651582,0.01901759529598224,0.002285418234674674,0.00379843544018712,0.01861767760776871
2169,total,0.007558967607096179,0.01905791644250134,0.0022843412226728967,0.003800162070524493,0.018748442167510853
2170,total,0.0075943145770906995,0.019098285481440422,0.0022832654587411085,0.003807358973856623,0.01887937825177487
2171,total,0.007615028567499849,0.019138744215129108,0.0022821909207252885,0.0038137362548582134,0.019010504486165293
2172,total,0.007642022854227548,0.019179102050111054,0.002281116991365131,0.0038225545095237124,0.01914185841525152
2173,total,0.0076665635390327225,0.01921955976862432,0.002280043458776657,0.003831932345930511,0.01930246814229831
2174,total,0.007695529156237058,0.019260118295805262,0.0022789702840304562,0.003837163484509176,0.01948341548708469
2175,total,0.007718922571797293,0.019300887558456152,0.0022778959700694565,0.003843929027280524,0.019664145909290193
2176,total,0.007751315176378171,0.019341853610591514,0.002276821827183406,0.003842148363763442,0.01984499522907299
2177,total,0.00778477398763755,0.01938312019947657,0.0022757484370286725,0.0038435383078891053,0.0200031505713838
2178,total,0.00781100703352422,0.019424512680667996,0.002274675934695633,0.003846043958891698,0.02018751248658077
2179,total,0.007839381936889822,0.019465883830896105,0.002273605409976872,0.003853803773475306,0.020359472253667833
2180,total,0.007877129303068386,0.019507418607390123,0.0022725347918024397,0.0038585104521089873,0.02049085065683442
2181,total,0.007903046537393266,0.019549233051112523,0.0022714777768687226,0.003863209983046545,0.020622070531103983
2182,total,0.007928189569369692,0.01959096128133293,0.0022704086886601305,0.003867706228112411,0.020749276948713195
2183,total,0.007965299543386095,0.019632596234252148,0.0022693396287779112,0.0038721452118480213,0.020885387608794298
2184,total,0.0079895249875932,0.019674529532646288,0.002268271041247278,0.0038698317143158077,0.021061390519108155
2185,total,0.008011512162624967,0.019716665259883314,0.0022672032492125974,0.003861452085078554,0.021205139132084126
2186,total,0.008048057715114965,0.01975902681127364,0.002266136148944339,0.003860247117377469,0.021331589518884184
2187,total,0.008084134022311673,0.01980178878282519,0.0022650694216967636,0.0038607354841133203,0.021480064728459067
2188,total,0.008124835802732377,0.019844712387818583,0.00226400295791154,0.003861818017541907,0.021655403677631566
2189,total,0.008158071667963895,0.019887941048047586,0.002262936784320183,0.003863774885485327,0.02183356757477668
2190,total,0.008190284097324252,0.01993151891584401,0.002261871870165725,0.0038731123307485403,0.022013407617002653
2191,total,0.008230443398559828,0.019975237888795662,0.0022608091861483675,0.0038900923680969864,0.022193538292799526
2192,total,0.008251182627176945,0.02001911814252307,0.002259747605716937,0.0039076330628248,0.02236980913340147
2193,total,0.008284349869853713,0.020063163738811497,0.0022586871083943526,0.00390332503248203,0.02253066047991865
2194,total,0.008313569825475042,0.020107374377766007,0.0022576283864502176,0.0039024606521337545,0.02267685966523345
2195,total,0.008347017369047194,0.02015187408329416,0.002256571400457226,0.0038963961036031945,0.022848634622350514
2196,total,0.0083823042494231,0.020196540373139484,0.002255515368915501,0.0038900801536257746,0.023023265444798824
2197,total,0.008410715079818942,0.020241420541706617,0.002254460705395039,0.0038931468733238717,0.023218383247217388
2198,total,0.008438195904702184,0.020286715880460163,0.002253406233852758,0.003904492558207551,0.023434961988395737
2199,total,0.00847250469229266,0.02033237948326021,0.002252352502426435,0.003915929931142159,0.023644171214604628
2200,total,0.008493120122864184,0.02037835647725403,0.0022513020947830817,0.003927439590825088,0.02383212856904038
2201,total,0.00852032205740727,0.02042458589663416,0.0022502529418514496,0.003910815097641773,0.024082878318904474
2202,total,0.008551330198258711,0.020470862732984714,0.0022492037168036823,0.0039028963821181152,0.024307001665226834
2203,total,0.008580417766225423,0.020517301001026424,0.002248155775928145,0.003907480058559543,0.024474555578737518
2204,total,0.008612906113086183,0.020564015385712658,0.0022471103089695705,0.003912272934039151,0.024641104410403607
2205,total,0.008651568230760631,0.020610834053728645,0.0022460673146618452,0.003917375474668461,0.024805853095679703
2206,total,0.008686948127319738,0.020657941096958714,0.002245026269221434,0.003923976737640089,0.024970952010178845
2207,total,0.008713896299653356,0.02070521569494438,0.0022439874808131265,0.003938440287657841,0.025153053524601884
2208,total,0.0087399932954213,0.020752625429114425,0.002242950743766907,0.003943101696994233,0.025326616598985652
2209,total,0.008774670175654364,0.02080034693708074,0.002241916082901551,0.003948087117773014,0.025511529204740667
2210,total,0.008812464613939142,0.020848364461220206,0.0022408839664972667,0.003963035991324659,0.025716850782890786
2211,total,0.008839539566693588,0.020896611472747146,0.0022398539025860536,0.003969952894962603,0.025919936006297918
2212,total,0.008867240954614886,0.020945209186107084,0.002238825161341452,0.003969983498394924,0.026117647203898288
2213,total,0.008895771304167965,0.020994024090050672,0.0022377980265492863,0.003985169263471278,0.026314154730945914
2214,total,0.008924822925735043,0.02104315207169593,0.0022367725770149273,0.003978814359500404,0.026511428260852198
2215,total,0.008957302429664082,0.02109251290761024,0.002235749248878261,0.003979660717888578,0.026709372694244848
2216,total,0.009001792049076585,0.02114200416254259,0.0022347281910743023,0.0039797132269200125,0.026933528963064644
2217,total,0.009036082545861746,0.02119172010030518,0.0022337091378569797,0.003984316684307032,0.027188012104338098
2218,total,0.009067949864515867,0.021241654598410334,0.0022326926021649872,0.003992997580935765,0.02741432452951926
2219,total,0.009092475767829455,0.021291715210452013,0.002231678250535585,0.0039821005671072385,0.027679667733372066
2220,total,0.009124800026370394,0.021341959757659772,0.0022306652157563452,0.003978248855246136,0.027945035431449123
2221,total,0.009166043955360692,0.021392539000259083,0.0022296540500049873,0.003981039472381554,0.02821099976809478
2222,total,0.009201136003639476,0.02144366814703143,0.0022286445631399506,0.003985100903757655,0.028421675722449892
2223,total,0.009238851075096477,0.021495238591581235,0.0022276365009735654,0.003989376439763248,0.02860569251783147
2224,total,0.00927349748987183,0.02154698590457499,0.002226630019710247,0.003993816068484079,0.028852527817477377
2225,total,0.009310779493489463,0.02159900234498565,0.0022256258442446557,0.004003605295628177,0.029013322835976393
2226,total,0.009343794830783736,0.021651254650474704,0.002224623900930481,0.004013568698358938,0.029272324866909116
2227,total,0.009383517874795189,0.021703663235208375,0.002223624375545629,0.004023244390772618,0.029487147714971223
2228,total,0.009423735581762571,0.021756268697516946,0.0022226273697076577,0.004028315036191543,0.029696910079070445
2229,total,0.009460905403102515,0.02180909130596119,0.0022216326403925626,0.0040310663606717865,0.02989173632054758
2230,total,0.009501886266079396,0.02186205201466967,0.0022206399650014736,0.004036699894183471,0.03009739224192174
2231,total,0.009542067380010621,0.02191532448854189,0.002219650736681813,0.004042873122641311,0.030328960011999584
2232,total,0.009581217556728916,0.02196892237047207,0.0022186638810689913,0.004049113658965098,0.030545939235261697
2233,total,0.009616219312761132,0.02202278487895527,0.002217678563913898,0.004044437931391087,0.030801583633478912
2234,total,0.0096571595224475,0.022076989712149327,0.002216695299674617,0.004033705145232602,0.031015373237619315
2235,total,0.009694547138280996,0.022131474622898523,0.0022157147105654243,0.004042313756752946,0.031218926690550573
2236,total,0.009736619666568913,0.02218608921716693,0.002214737759452086,0.004052109787185998,0.031423091992567716
2237,total,0.009778934515765059,0.02224095244210448,0.0022137631837622932,0.004061953227471804,0.031630605559303145
2238,total,0.009829042239815067,0.02229593653999443,0.0022127908228430173,0.004071846377449617,0.031848044457615285
2239,total,0.009874167062250194,0.022351131995648664,0.0022118209744960635,0.004070861952442328,0.032065896866697585
2240,total,0.009912246132401492,0.02240651549738253,0.0022108538086027074,0.004069948025508552,0.032284250626773314
2241,total,0.009950832117112896,0.02246220388149303,0.002209889183005663,0.004069403035893515,0.03250326610136369
2242,total,0.009990432769953372,0.02251818291855004,0.0022089265118041272,0.0040689580332326615,0.03272257694580389
2243,total,0.010037607925781344,0.02257458831106487,0.002207965576877908,0.004076053936803703,0.03287946197748113
2244,total,0.010078286386445257,0.02263129635875199,0.002207007330904177,0.004086971249034832,0.03306153626293166
2245,total,0.010121887099245441,0.022688215595443217,0.0022060516763030974,0.0040831269056283755,0.03326455682779681
2246,total,0.010154221057433688,0.022745468977618095,0.002205098254087616,0.004093249255950582,0.03340360099591066
2247,total,0.0101862056217783,0.02280286839446537,0.0022041482640303457,0.004105812316278446,0.03362916114962786
2248,total,0.010229201428614942,0.02286047420948992,0.002203201374541613,0.004108957672623603,0.03388514622037348
2249,total,0.010270580441385846,0.022918226846455014,0.0022022571609080195,0.004111340070193137,0.03409532434536117
2250,total,0.010304157800135272,0.022976080061984733,0.002201315549044456,0.004117942875505776,0.03430617291367923
2251,total,0.010339408974004982,0.02303416080327392,0.0022003766753214914,0.00412473752274849,0.03451751690101332
2252,total,0.010373661801111211,0.023092411556974043,0.0021994404428876324,0.004118228564988158,0.034727688617905976
2253,total,0.010409028116981744,0.023150833607348376,0.0021985066800744965,0.004120168599676788,0.03493596010878263
2254,total,0.010459429837993639,0.023209546995317125,0.0021975755510918976,0.004122456528527607,0.0351439621593812
2255,total,0.010512867970646766,0.02326867127104815,0.0021966471364298114,0.004125294766029697,0.03544206621240846
2256,total,0.010558300581834601,0.023328087920293145,0.002195721324467944,0.004128234762949034,0.03567396271058101
2257,total,0.01060720466875864,0.02338772859468594,0.002194798364436532,0.004131274673466123,0.035881273663576956
2258,total,0.010659088699384256,0.023447574795091356,0.002193878313605508,0.004134622030647961,0.03613011455891523
2259,total,0.010705371111086492,0.023507651425086238,0.0021929610147656646,0.004138119613385527,0.03637956224858669
2260,total,0.010750021977059987,0.023567956375887916,0.002192046613058005,0.004144485953789001,0.036629428387053055
2261,total,0.010799854136934073,0.023628393266364213,0.0021911352127043015,0.004154126934434998,0.03686947048121283
2262,total,0.010850020306975239,0.023688972018866664,0.002190226874911676,0.004163818378590633,0.03709060570155316
2263,total,0.010899004377534993,0.023749748981954824,0.002189321582520768,0.004173571854420288,0.03732260863378087
2264,total,0.010947762392845561,0.02381074553690331,0.0021884189975541067,0.004183401316853974,0.03759777840257925
2265,total,0.010985425890567058,0.023871985424604284,0.0021875217404849563,0.004193375745549587,0.03783143741252957
2266,total,0.011020635060930317,0.023933558402203188,0.0021866259282780237,0.004193356039320406,0.03805486149506407
2267,total,0.011050552868596242,0.023995516542709622,0.0021857326087981045,0.004187938603547536,0.03827831055029377
2268,total,0.01109218709783022,0.024057790719435743,0.0021848416349577265,0.004185700965442152,0.038502499866027044
2269,total,0.011137247834483333,0.02412033031455148,0.0021839533461006757,0.004193604400063578,0.038727276751336595
2270,total,0.011190761911819891,0.024183082481974694,0.0021830676654920186,0.004201918526985082,0.038951699995698155
2271,total,0.01123700172584563,0.02424592073902133,0.002182184957095027,0.004210355091245788,0.03921078834952424
2272,total,0.011283079024451581,0.02430890447594078,0.0021813051481069834,0.004218852163465669,0.03951469299174163
2273,total,0.011342009748219084,0.024371970025442523,0.002180428426151942,0.0042273910329981845,0.03981894459163016
2274,total,0.011401091020232457,0.024435199282514957,0.0021795547074252328,0.004232917960533201,0.04011386476072686
2275,total,0.011454170959126486,0.024498654852352118,0.0021786838364273617,0.004235725332701178,0.04035780353575546
2276,total,0.01149660481505066,0.024562399642926593,0.002177815791634938,0.004239089913866678,0.04060127950694436
2277,total,0.01153864446465036,0.024626421514371742,0.0021769506369697157,0.004242789460312224,0.040843011120182376
2278,total,0.011579921000986815,0.02469063882812462,0.002176088347158053,0.0042594286612711585,0.04108554586364334
2279,total,0.011625930303978294,0.02475506904192524,0.0021752291257099445,0.004264686443889332,0.04132874059475852
2280,total,0.011679185400538472,0.024819610685914355,0.0021743732439238124,0.004269637132618698,0.04157242748696603
2281,total,0.011718047479376992,0.024884318399285406,0.0021735205728444953,0.004274627041078816,0.041816395978764825
2282,total,0.01176390599502497,0.024949085894820856,0.0021726713925444164,0.004279978718345489,0.042060582805368084
2283,total,0.01180884204245558,0.0250140587175639,0.0021718253458024575,0.004285632165817788,0.042304205198860245
2284,total,0.011860355421703161,0.02507913887068517,0.002170982855416503,0.004295033563734308,0.042525878360061144
2285,total,0.011906367067666679,0.025144425930793714,0.0021701431940479425,0.00430868274377616,0.042721171976143064
2286,total,0.011956921154734346,0.025210004749407232,0.002169306416314379,0.004321777664361548,0.04291663103133487
2287,total,0.012001376820080623,0.02527587598969096,0.0021684727608111327,0.004336187672632264,0.04311243212541171
2288,total,0.012047577597854797,0.025342016932149634,0.0021676420760812403,0.004342645127186984,0.04330804025913152
2289,total,0.012093936402550298,0.025408338472279923,0.002166814554464657,0.004346000808554607,0.04350378973745704
2290,total,0.012140403196610805,0.025474756900146032,0.0021659904158217846,0.004349567464207382,0.04369943719192405
2291,total,0.012186967789318714,0.025541263126062346,0.002165169561788448,0.004358199322403777,0.043970445631333614
2292,total,0.012235842551945098,0.025607852497567748,0.0021643519964473505,0.00436856496891096,0.0442568818984398
2293,total,0.012297035035345516,0.025674481309231525,0.002163537864969894,0.0043790348461996585,0.04454274832533542
2294,total,0.012344324136961404,0.025741231906831332,0.0021627269977830747,0.004389611221608902,0.04482823947316773
2295,total,0.01238889451229852,0.025808092701284365,0.0021619195616292154,0.004387833824952735,0.045113792888349734
2296,total,0.012428613459434246,0.025875153914603488,0.0021611153716713763,0.004385562816420929,0.04539432228211808
2297,total,0.012475459462933713,0.025942445361001532,0.002160314343971687,0.004383565772693032,0.045624404285706535
2298,total,0.012517673459058187,0.026009977650003933,0.0021595163549683405,0.004389733170529553,0.045852969746971436
2299,total,0.012559979102775287,0.026077738173925412,0.0021587216858253737,0.004398634119812073,0.046081687103861665
2300,total,0.012604509683939114,0.02614562596186788,0.002157930459437394,0.00440784666686227,0.04631042431763603
