year,component,med_diff_cm,mean_diff_cm,se_mean_cm,p05_diff_cm,p95_diff_cm
2025,glaciers,0.0,0.0,0.0,0.0,0.0
2026,glaciers,0.0,0.0,0.0,0.0,0.0
2027,glaciers,0.0,0.0,0.0,0.0,0.0
2028,glaciers,0.0,0.0,0.0,0.0,0.0
2029,glaciers,0.0,0.0,0.0,0.0,0.0
2030,glaciers,0.0,0.0,0.0,0.0,0.0
2031,glaciers,0.0,0.0,0.0,0.0,0.0
2032,glaciers,0.0021072039659795205,0.0021354001618367046,1.3208555429101014e-5,0.0012214037687791944,0.0030755069822577807
2033,glaciers,0.00524813032779714,0.005347949533094786,2.7579676002285543e-5,0.0034440005837835796,0.007419291726566524
2034,glaciers,0.008878766199559296,0.009026806707645742,4.2888654286718595e-5,0.006214860625676533,0.012371584991317295
2035,glaciers,0.012651897178953764,0.012904282378462056,5.9065567209660775e-5,0.009106073341858267,0.017614935747852067
2036,glaciers,0.016531234040037646,0.0168462194713751,7.580832984803603e-5,0.012078675266139727,0.022925076672331166
2037,glaciers,0.020352866920080537,0.02077727143380038,9.280630396301599e-5,0.014844334608298858,0.02807320237458588
2038,glaciers,0.02416262446736428,0.02465406455189673,0.00010982567681813794,0.017591693077020843,0.0334801856784006
2039,glaciers,0.02791618260848261,0.028450285853759482,0.00012670376222125796,0.02035296277166125,0.03877209852281163
2040,glaciers,0.031581661359743496,0.032149460098627146,0.0001433313166720107,0.02285656271784986,0.04363646797843235
2041,glaciers,0.03511655424820326,0.03574172319809415,0.00015963881851128415,0.02543542456035086,0.048589939382604676
2042,glaciers,0.03860131892706886,0.03922096007746008,0.00017558036884354338,0.027852196473517155,0.05333156870549063
2043,glaciers,0.0419078643684383,0.042582865695809054,0.00019112383634138655,0.030174726738492554,0.057968834814473486
2044,glaciers,0.04513277612968647,0.04582478870907518,0.00020624680349317018,0.03236538427805929,0.06227895692988134
2045,glaciers,0.048238421923934904,0.04894540910647432,0.0002209338315619994,0.03446744312889072,0.06665377414452989
2046,glaciers,0.05119752849308301,0.05194453721927265,0.0002351748179187696,0.03653136766077281,0.0709724682388746
2047,glaciers,0.05395977019702647,0.05482259059104662,0.00024896253447829634,0.03845925289777632,0.07474823495481484
2048,glaciers,0.056681026614471275,0.05758111539929309,0.0002622954626007087,0.04028553290277903,0.0787920522736853
2049,glaciers,0.05921365894225783,0.06022247339181841,0.00027517621462161694,0.04207891613676611,0.0826768393164019
2050,glaciers,0.06166977112016836,0.06274922198019829,0.0002876084799940891,0.04381093175023491,0.08622517082012124
2051,glaciers,0.06404107893409705,0.0651644924479065,0.000299598650147557,0.04546258500971416,0.08952097132203324
2052,glaciers,0.06631273279254657,0.06747189032441364,0.000311155712934469,0.04699146730277572,0.09306251899819667
2053,glaciers,0.0683109824861754,0.06967460290500091,0.00032228792316131664,0.04859665111881748,0.09591944253758425
2054,glaciers,0.07016924556698312,0.07177625157675735,0.00033300538301360763,0.05002148467712915,0.09896077752238557
2055,glaciers,0.07206098744849676,0.07378012907089135,0.0003433169111843151,0.051523827479077064,0.10195826272906916
2056,glaciers,0.07392981576180091,0.07568958062214477,0.0003532314170599542,0.052839578654098406,0.1045083848111452
2057,glaciers,0.07572868366839591,0.07750780524658153,0.00036275728340894834,0.05392873390431316,0.10727041137556097
2058,glaciers,0.077475053423119,0.07923720973625448,0.0003718987285125218,0.05522000294345326,0.10957111965950522
2059,glaciers,0.07903968993593757,0.08088049383185365,0.0003806612313388351,0.05636863750420211,0.11198784368513169
2060,glaciers,0.0805408527799818,0.08244126090210793,0.00038905541199787323,0.05738817835595276,0.11412667497347385
2061,glaciers,0.08204774394422731,0.083923122617292,0.0003970929585913122,0.058370429899300816,0.11649635751922228
2062,glaciers,0.08337943762651667,0.08532964349202406,0.0004047860256668663,0.05930366547059238,0.11866096139349892
2063,glaciers,0.08476526947677732,0.08666460636560414,0.0004121497022753864,0.06014303356374766,0.12070397044409037
2064,glaciers,0.08598919701129093,0.08793122993738352,0.00041919647440905814,0.060949969300791905,0.12238748482144839
2065,glaciers,0.0871092636079096,0.08913226241899935,0.0004259361912356236,0.061846724965844584,0.1240872875285734
2066,glaciers,0.08818473072750566,0.09027076275954792,0.0004323802290733894,0.06255398377620147,0.12568740763925942
2067,glaciers,0.08919242561092977,0.09134947394310583,0.0004385387430516873,0.06321759729528523,0.12714673827480127
2068,glaciers,0.09007805010121261,0.09237107181146613,0.00044442118553150777,0.06395949977175,0.12847015279075702
2069,glaciers,0.09098001609773831,0.09333754413384818,0.0004500341549787206,0.06456827694928484,0.12991422991948579
2070,glaciers,0.09186764210494935,0.09425088729277806,0.000455384527205165,0.06504601642034916,0.13102618154406745
2071,glaciers,0.09265479310888303,0.09511282006098963,0.00046047797312615647,0.06555637343592044,0.13224942565436199
2072,glaciers,0.09341635577602547,0.09592582389252502,0.00046532399809681236,0.0661497816897286,0.13353928966490844
2073,glaciers,0.09403853700698317,0.0966922166163471,0.0004699329863317871,0.06659249637226003,0.13476873578069692
2074,glaciers,0.09470619217290199,0.09741432957817987,0.00047431526635719314,0.06715164894077857,0.13563971077099213
2075,glaciers,0.09534259180467775,0.09809500566928148,0.0004784837130333483,0.06757900886119002,0.13696225372705637
2076,glaciers,0.09597840378627609,0.09873583280233329,0.00048244572388247286,0.06795929580170154,0.13792186317466096
2077,glaciers,0.09655271763219186,0.099339232670222,0.0004862122368055551,0.0682667386233089,0.13835099010436352
2078,glaciers,0.09702023347416944,0.0999069738721515,0.0004897913525618455,0.06852688850523263,0.13899787363224353
2079,glaciers,0.09748234549794166,0.10044049952947624,0.0004931896970133706,0.06876679772841396,0.13964826023032023
2080,glaciers,0.0979713812190921,0.10094132783468782,0.000496414161254359,0.06901387545871604,0.14033101194068068
2081,glaciers,0.09844486753774806,0.10140990048903394,0.0004994667661474096,0.06927369652313091,0.14106330448923263
2082,glaciers,0.09896551192880665,0.1018466603488128,0.000502349048918437,0.0696094403315278,0.1417708875902689
2083,glaciers,0.09933253497211503,0.1022528770231126,0.0005050658446161988,0.06982661439601437,0.14256461984945695
2084,glaciers,0.09971526894772076,0.10263003277800749,0.000507623425991278,0.07012198393672375,0.14334990707263617
2085,glaciers,0.10014545333360925,0.1029809647082318,0.0005100346857280664,0.07037573378060777,0.14401102108394814
2086,glaciers,0.10043911979444253,0.10330812955616578,0.0005123115833615415,0.07045270635111364,0.14433788874083478
2087,glaciers,0.10065426719158754,0.10361256057259584,0.0005144600975261136,0.07072031619989642,0.14457146257223022
2088,glaciers,0.1009440364100529,0.10389555805763273,0.0005164874424809899,0.0709767223663846,0.14488485287198205
2089,glaciers,0.10122573522566203,0.10415818038225279,0.0005183996200839065,0.07116029850586295,0.14538020091961287
2090,glaciers,0.10150333835651004,0.10440107370109243,0.0005202005123469794,0.07133692026237314,0.14629021000588766
2091,glaciers,0.10163086375244657,0.10462489008796483,0.0005218937242407721,0.07144058353349471,0.14683397547435417
2092,glaciers,0.10179566081997482,0.10483021431765886,0.0005234824303746755,0.07139405023931049,0.14715972808885458
2093,glaciers,0.10202138487689005,0.1050167056980704,0.0005249652655003065,0.07139039083925125,0.14785168584619318
2094,glaciers,0.10220413184618504,0.10518561373834547,0.0005263474470560671,0.07140719371962234,0.14763718579548782
2095,glaciers,0.10239575375868082,0.10533793957623099,0.0005276338900531707,0.0715138231769199,0.1475188767496928
2096,glaciers,0.1025208498707757,0.10547422499788908,0.0005288276351771349,0.07153096433913815,0.14749448421010516
2097,glaciers,0.10265787511158653,0.10559608204420061,0.0005299360982938459,0.0715777102752515,0.14771939848732094
2098,glaciers,0.10278472745459499,0.10570579233670442,0.0005309695505921437,0.07165359173401838,0.14797538639255697
2099,glaciers,0.1029190047601043,0.10580366200414097,0.0005319306453656298,0.07177136397466607,0.1482971465966578
2100,glaciers,0.10309480527176973,0.1058897291498023,0.0005328203465824677,0.07170484248788211,0.14826407515976106
2101,glaciers,0.1031922471632356,0.10596436852837886,0.0005336407378457475,0.07173250559519788,0.14858040731998895
2102,glaciers,0.10334573036042993,0.10602740957210205,0.0005343917661429448,0.07178749071915808,0.14851784148570113
2103,glaciers,0.1033994676250849,0.1060786490128148,0.0005350740703958082,0.07176869023036127,0.1485877138466642
2104,glaciers,0.10337439476309296,0.10611802657377725,0.0005356885608993992,0.07177420507361312,0.14880230703708505
2105,glaciers,0.10333783056099399,0.10614734705721426,0.0005362433164678802,0.0717754052378588,0.1489730103886755
2106,glaciers,0.1032972188995922,0.10616705798439381,0.000536741619931434,0.07185966744617822,0.14914269254740403
2107,glaciers,0.10319896861007205,0.10617794812645999,0.0005371876574098977,0.07180785088761904,0.14932615643200212
2108,glaciers,0.10319852021582054,0.10618086435357,0.0005375858878611944,0.07177091463770893,0.1494398935586564
2109,glaciers,0.10315780135477581,0.10617695591316206,0.0005379420871288462,0.07168931882174584,0.14956994628762396
2110,glaciers,0.10316678370209598,0.10616650905254775,0.0005382587032030119,0.07164662118706024,0.1496490490444147
2111,glaciers,0.10317970794015974,0.10614980203154274,0.0005385378486502081,0.07166992240913501,0.1493699847362271
2112,glaciers,0.10307734616220987,0.10612689536801685,0.0005387806390136171,0.07164799710049037,0.1495768508684679
2113,glaciers,0.103022888832772,0.10609777323804058,0.000538987741035873,0.07166878664642837,0.14982073695873754
2114,glaciers,0.10306456704429845,0.10606229667382815,0.000539159190265698,0.07165905449358494,0.1499746957254044
2115,glaciers,0.10299209420772293,0.10602013296722489,0.0005392941666300152,0.07165466297751069,0.15009851200304486
2116,glaciers,0.1029083962247812,0.1059719178606287,0.0005393953931970204,0.07158722239226396,0.15017573904698772
2117,glaciers,0.10289261051757936,0.10591803640543909,0.0005394649830926816,0.07163623326650663,0.15013303222292843
2118,glaciers,0.10275098218036316,0.10585868121557183,0.0005395042933538228,0.07166830466417577,0.1500188569405031
2119,glaciers,0.10269474380112076,0.10579542275516189,0.000539519846575333,0.07171809825177133,0.14972514053020217
2120,glaciers,0.10267464229194001,0.10572921756690669,0.000539516385873567,0.07173263513817521,0.14961050090590328
2121,glaciers,0.10258998350529946,0.10566006971287598,0.0005394949891878608,0.07162160653063836,0.14967250369324106
2122,glaciers,0.10246505967845199,0.10558781193009557,0.0005394558347479193,0.07155323542139609,0.14938861285872207
2123,glaciers,0.10239833133674203,0.10551242890479799,0.0005393993750511514,0.07138114477110742,0.149128686888473
2124,glaciers,0.10240501272805602,0.10543341456311918,0.0005393241880664655,0.07121203959803593,0.14885154288004826
2125,glaciers,0.10232656400621476,0.10535009149205078,0.0005392279507410051,0.07113821134763167,0.14872557731360825
2126,glaciers,0.10229250434805248,0.10526247263582954,0.0005391106693622714,0.07096213308593065,0.14878343104045105
2127,glaciers,0.10229068221263926,0.1051717320695874,0.0005389767830762585,0.07088899741588026,0.14849548707219729
2128,glaciers,0.10224793888978478,0.10507797866204972,0.0005388273948834599,0.070845284929971,0.1481633973229661
2129,glaciers,0.1022115735722231,0.10498174556269742,0.000538664832627595,0.07080073040237878,0.1478344076256377
2130,glaciers,0.10206090071440688,0.10488367866546659,0.000538492000634623,0.07060513588404546,0.147678035217999
2131,glaciers,0.10199317708981948,0.10478462233725352,0.0005383125629078617,0.07052648604982635,0.14760521623684644
2132,glaciers,0.10184167074660433,0.10468443322000158,0.0005381268403733697,0.07044389818849862,0.14772363401806318
2133,glaciers,0.10178243653597185,0.104583085607636,0.0005379351811151344,0.07042614462995989,0.14746538407991014
2134,glaciers,0.10165395944925759,0.10448018847646516,0.0005377366370986751,0.07032613818607665,0.14733167363957503
2135,glaciers,0.10154723496965534,0.1043752147091849,0.0005375295227665485,0.0703095340498888,0.14723399949096674
2136,glaciers,0.10149945107247227,0.10426764648254329,0.0005373119921269342,0.07030379734777617,0.14712373615922286
2137,glaciers,0.1014749250731386,0.10415794308865063,0.0005370855289012629,0.07024939891281878,0.14694578550596038
2138,glaciers,0.10140854143912215,0.10404638215073257,0.0005368513695346695,0.07023412618914629,0.14678432317999518
2139,glaciers,0.10132642669412117,0.10393331033222114,0.0005366109090505654,0.07004643911619554,0.14676349138066166
2140,glaciers,0.10126878937030437,0.10382000104927011,0.00053636879069239,0.06997138592090835,0.14669652921879273
2141,glaciers,0.10125835783768711,0.1037060652471369,0.0005361245215016615,0.06989497787433896,0.14659628644980954
2142,glaciers,0.10114945282212862,0.10359230242488436,0.0005358809809354308,0.06979794461451246,0.1464408758192354
2143,glaciers,0.1010811906885527,0.10347874794280619,0.0005356389050480176,0.0697140279027754,0.14641490064857549
2144,glaciers,0.10105677501235721,0.10336531917169603,0.0005353983580298052,0.06960936046252159,0.1465368083796804
2145,glaciers,0.10091093805581242,0.10325196772606055,0.0005351594714540093,0.06947213135343713,0.14643663575836072
2146,glaciers,0.10080841271951613,0.10313830525831114,0.0005349211072381586,0.0693245206399001,0.14607218805682842
2147,glaciers,0.10067949471745052,0.10302404297890297,0.0005346823585530634,0.06924131177551401,0.1460063678420832
2148,glaciers,0.10060232012459558,0.1029094455259192,0.0005344440055255082,0.06907927171304751,0.146005623150004
2149,glaciers,0.100462544017212,0.1027947898644801,0.0005342070931643381,0.06895912145906369,0.145987510974175
2150,glaciers,0.10042449955206667,0.10268008586240336,0.0005339718512750832,0.06879833379706905,0.14562774014534535
2151,glaciers,0.100381449873721,0.10256540415774065,0.0005337386195889596,0.06862805332187866,0.1455077869306235
2152,glaciers,0.10026095050782047,0.10245116662031545,0.0005335088472845831,0.06849807024998836,0.1451552088840838
2153,glaciers,0.10007108061542702,0.10233743090596331,0.0005332830284745878,0.06840629418458236,0.1450539858924946
2154,glaciers,0.09990548745628303,0.10222416994844044,0.0005330612232942684,0.06831537445244659,0.1450104392804462
2155,glaciers,0.09976218143036153,0.10211135912163638,0.0005328435007187566,0.06807917317622546,0.14490238283857673
2156,glaciers,0.09977712527717042,0.1019988923068029,0.0005326295850165394,0.06797206785008313,0.14467858957668867
2157,glaciers,0.09969181920376435,0.10188652981384357,0.0005324187447162926,0.06782737337981953,0.14467125739132686
2158,glaciers,0.09958363664381054,0.1017737451317039,0.0005322093021111328,0.06778206778548146,0.14466142336544063
2159,glaciers,0.0994297955953316,0.10166005002971226,0.0005319995297207087,0.06776316145267884,0.14463592779099094
2160,glaciers,0.09936919602798522,0.10154573513881783,0.0005317900527037734,0.06763376613555154,0.14453147013357112
2161,glaciers,0.09927468083970936,0.10143099583653654,0.0005315814209668172,0.06755670149322776,0.14441259022197117
2162,glaciers,0.0990936011996304,0.10131620973308259,0.0005313748560748996,0.06752290886179164,0.14430879268376715
2163,glaciers,0.09908596197040787,0.10120286937116399,0.0005311750454276752,0.06735512126478813,0.14420097027125678
2164,glaciers,0.09893153996570447,0.10109027296137472,0.0005309805905227398,0.06727864262857501,0.14410157521949285
2165,glaciers,0.098727091732429,0.10097927565503363,0.0005307939892451074,0.06708511299681001,0.14411733554390105
2166,glaciers,0.09859981253749961,0.10086983836540184,0.0005306156388474768,0.06688693775414914,0.14403116938832736
2167,glaciers,0.09848849308074126,0.10076188057116883,0.0005304454310908124,0.06679055210425089,0.14376320695933825
2168,glaciers,0.09843477975570991,0.10065512477257536,0.0005302826537176083,0.06669908455951931,0.14342134550679048
2169,glaciers,0.09835408356121889,0.10054888087976491,0.000530125225339909,0.06661373132535298,0.1432538828393717
2170,glaciers,0.09822174636352266,0.10044185599689882,0.0005299690949950278,0.06652883400629381,0.1432447029883276
2171,glaciers,0.09819044418259892,0.10033314123192087,0.0005298109996696752,0.06645352848156295,0.1432737936471808
2172,glaciers,0.09806612268242532,0.10022424993864691,0.000529654615431271,0.0663408206048138,0.14330980026448187
2173,glaciers,0.09794378884129706,0.10011558492683775,0.0005295013948405281,0.06629328387196728,0.14321197275184688
2174,glaciers,0.09780167775070048,0.10000881933561565,0.0005293562959999266,0.06624631141368367,0.14311738263633292
2175,glaciers,0.09768627835072152,0.09990348236843395,0.0005292188059788254,0.06620074364336502,0.14302518745186232
2176,glaciers,0.09760500388222138,0.09980007399177152,0.000529090373130808,0.06615891993539459,0.14295344434460286
2177,glaciers,0.09752760319323173,0.09969918901811198,0.0005289730221165105,0.06604296453442542,0.14285205217991326
2178,glaciers,0.09747486449859188,0.09960060159846355,0.0005288665303751135,0.06597205976042808,0.14277473198160331
2179,glaciers,0.09736921280545552,0.09950374226703033,0.000528769337636639,0.06589211613820146,0.14270009707201242
2180,glaciers,0.0972587001241596,0.09940802628525876,0.000528679670180509,0.06575092339401856,0.1426145778462983
2181,glaciers,0.09718211348062589,0.09931255170569486,0.0005285946999919708,0.06569648886432776,0.1425378449583727
2182,glaciers,0.09708541298716966,0.09921713876168965,0.0005285134124681425,0.0655942986673665,0.14246789011511182
2183,glaciers,0.09697993717882447,0.09912216108118636,0.0005284364879997481,0.065417704122118,0.1423826531815843
2184,glaciers,0.09687390283757935,0.09902796356584323,0.0005283648458241097,0.06524645307197759,0.14225041583053757
2185,glaciers,0.09685419581203103,0.0989355714843313,0.0005283013269164408,0.0650795752697162,0.14221937539222385
2186,glaciers,0.09681116565402093,0.0988450222230977,0.000528246434674979,0.06491593302301801,0.14198166492892472
2187,glaciers,0.09670747458972251,0.09875663657522489,0.0005282011825491851,0.06477839069503313,0.14198306192654025
2188,glaciers,0.09667356747036848,0.09867080086620893,0.0005281667727327899,0.06467512697098962,0.14179926204307217
2189,glaciers,0.09660479095600039,0.09858733396611456,0.000528142955154793,0.06458515516289402,0.1417224624692176
2190,glaciers,0.09644644299986549,0.09850578365205422,0.0005281285512389464,0.06452976821324788,0.14154863777559948
2191,glaciers,0.0963319130772291,0.09842583681402296,0.0005281224941134097,0.06446232695385153,0.14117400496721452
2192,glaciers,0.09628671929215216,0.0983467087835823,0.0005281224745545326,0.06439759325847376,0.1409614229304237
2193,glaciers,0.09614434805696437,0.09826787932766862,0.0005281266872046781,0.06433979685583714,0.140955382932205
2194,glaciers,0.09602471562841153,0.0981900460826671,0.0005281364495208808,0.06427997906044433,0.14094961488836544
2195,glaciers,0.09597914927559792,0.09811328839198785,0.0005281520492882006,0.06422112825897815,0.1409067450638471
2196,glaciers,0.09586021582127469,0.09803786345813294,0.0005281740934371268,0.06413740207094687,0.14091900861742968
2197,glaciers,0.0958458991017217,0.09796488488545402,0.0005282055083015751,0.06410949476098082,0.14072932052280468
2198,glaciers,0.0958070950816019,0.09789368854389777,0.0005282450411270022,0.06401805462619263,0.1406493379767136
2199,glaciers,0.09579346095219066,0.097825005776737,0.0005282943598355758,0.06388179317267291,0.14065609289508438
2200,glaciers,0.09570953008644345,0.09775869204067013,0.0005283533781916018,0.06377119505645581,0.14065984276085217
2201,glaciers,0.09557498571057543,0.09769462288392013,0.0005284217292738807,0.06364634846676571,0.14066370464953762
2202,glaciers,0.0954179557161634,0.0976326391175692,0.0005284989560932917,0.0636325670666305,0.140599816461234
2203,glaciers,0.09534564254769151,0.09757183908752305,0.0005285826255756222,0.0635518374734481,0.14057865076552895
2204,glaciers,0.09530635500230211,0.09751115699780721,0.0005286695444168214,0.06347198697963163,0.1405939810436232
2205,glaciers,0.0952405229874973,0.09744976736853231,0.000528756982931561,0.0633927082272872,0.14061009329024007
2206,glaciers,0.0951534753230181,0.09738868695642193,0.0005288467822127829,0.0633144277412228,0.14062710411223237
2207,glaciers,0.09510802857705514,0.0973283219518686,0.0005289401062706683,0.06323304704210794,0.14064152988515843
2208,glaciers,0.0950518941357803,0.09727068557241114,0.0005290419823489563,0.06307573077658386,0.14047289593354134
2209,glaciers,0.09496219315180632,0.09721532227189153,0.0005291522017238806,0.06293327388272606,0.14034145953583615
2210,glaciers,0.09489812192126124,0.09716315532186731,0.000529273076270464,0.06277727993457027,0.14034473863660465
2211,glaciers,0.09484175233429681,0.09711384171981706,0.0005294042621404822,0.06269058301660194,0.14035152041295545
2212,glaciers,0.0948150153329923,0.09706676590309445,0.0005295442370017117,0.06263725852691514,0.14033289784114195
2213,glaciers,0.09481912591445862,0.09702156823890153,0.0005296918749016049,0.06262014769628399,0.14027608535188082
2214,glaciers,0.09477408993885561,0.0969776163356722,0.0005298453734431222,0.06253464864762251,0.14022178430358723
2215,glaciers,0.0947665214264326,0.09693461738923648,0.000530003610444653,0.062347499811752985,0.14020787435196505
2216,glaciers,0.09472618910293384,0.09689283754581479,0.0005301668976233794,0.062352226148490876,0.14021507477732947
2217,glaciers,0.09466456940181445,0.09685250268337461,0.0005303357196494058,0.06217321174222415,0.14022200355602904
2218,glaciers,0.09460170736139695,0.09681372342405842,0.0005305103391072105,0.06207181100246961,0.14022870994190254
2219,glaciers,0.09448559578862792,0.09677639517639673,0.0005306904919165718,0.062036544499536724,0.14023312952550135
2220,glaciers,0.09441233746775879,0.09674041790764991,0.0005308758892292704,0.06202410146935353,0.1402410946739087
2221,glaciers,0.094391220328502,0.09670559960022576,0.0005310659027652399,0.062020144817060884,0.14025346253602802
2222,glaciers,0.09439442462856995,0.09667192420755533,0.0005312603694458789,0.06201729291410931,0.1402660407863637
2223,glaciers,0.09432536954035875,0.09663929295480625,0.0005314589491535668,0.06201549553573562,0.1402454160750759
2224,glaciers,0.09433675804156749,0.09660769998608,0.0005316615071084303,0.06180111443244023,0.1402759938335393
2225,glaciers,0.09428658743140694,0.0965770652374174,0.0005318677504005113,0.061779387323954535,0.14030943373652888
2226,glaciers,0.09426981101050025,0.09654728801512527,0.0005320773221521404,0.06176809871437703,0.1403266177178688
2227,glaciers,0.09420425175784253,0.09651805271992445,0.0005322893657558502,0.061757815427621134,0.14031776426322526
2228,glaciers,0.0941431533057342,0.09648913800303174,0.0005325031102408803,0.06174827832752721,0.14020853953477203
2229,glaciers,0.09413028788930156,0.09646065244386133,0.0005327186286596732,0.06173957723401422,0.14013049187053336
2230,glaciers,0.09410386172253915,0.09643240297332029,0.0005329353998007742,0.0617062023638713,0.14015413567619442
2231,glaciers,0.09407619210531415,0.09640480448541126,0.000533154217950886,0.061450497361640904,0.14006480914041147
2232,glaciers,0.09408076148442746,0.09637771428989193,0.0005333748466088751,0.06119968343489885,0.13997887964566935
2233,glaciers,0.09404931701794794,0.09635133455887268,0.0005335976832300699,0.06115799531824413,0.139939079679843
2234,glaciers,0.09403871956599019,0.09632605907138164,0.0005338236873777082,0.06116482715681979,0.13989813788468464
2235,glaciers,0.09399447865250465,0.09630188288653894,0.0005340530470509998,0.0611730246092498,0.1397654861653635
2236,glaciers,0.09397633858689858,0.0962785512421608,0.000534285187372593,0.06111890999722016,0.13979600106401477
2237,glaciers,0.09394279357942814,0.09625598036533745,0.0005345198043533439,0.061015215465491934,0.13983030547209088
2238,glaciers,0.09391052133825273,0.09623380488321663,0.0005347559763894819,0.06091229473931561,0.13986820647803969
2239,glaciers,0.09390226722171491,0.09621112390595331,0.0005349914400380421,0.06084122564356172,0.13990576559931042
2240,glaciers,0.09389395518649835,0.09618727769084784,0.0005352241678455536,0.06080983611990662,0.13989374392470888
2241,glaciers,0.09387984638097358,0.09616315481576293,0.0005354556902384349,0.06077961765925535,0.13991939131032113
2242,glaciers,0.09384965025893344,0.09613904716038518,0.0005356868780848455,0.060749347126688495,0.13992083473648087
2243,glaciers,0.09382045419794949,0.09611489934634884,0.0005359177347022453,0.06071914247526333,0.13987418589960718
2244,glaciers,0.09378002902960247,0.09609120545768349,0.0005361493779858282,0.06068924583385033,0.13984895442839881
2245,glaciers,0.09375931350922606,0.0960688150277803,0.0005363839684307437,0.06062495025796082,0.1399173306177838
2246,glaciers,0.09374307628846168,0.09604762698922502,0.0005366217010556373,0.06052222476845781,0.13991553889649014
2247,glaciers,0.09373731868614321,0.09602749744693469,0.000536862350053293,0.06047035609201074,0.13997547418007308
2248,glaciers,0.09375310898148115,0.09600806788175092,0.0005371051415296207,0.060420583778993016,0.14002919388310994
2249,glaciers,0.09376005996554504,0.09598896777591147,0.000537349096516451,0.060354043005941625,0.14006903683068986
2250,glaciers,0.09377416667233085,0.09596878073706668,0.0005375908228498546,0.06028546827572754,0.1401401586941315
2251,glaciers,0.0937883376161679,0.09594703657661625,0.000537828521709823,0.06022953773769473,0.14019699127852725
2252,glaciers,0.09380842328107342,0.09592437966630721,0.000538063176219962,0.060144568953183784,0.14024535508775457
2253,glaciers,0.09375913352198495,0.09590143137645081,0.0005382962626202511,0.060139448169448426,0.14029240876090973
2254,glaciers,0.0937089136109499,0.0958788366723619,0.0005385294725410504,0.06014995454836525,0.14034001067319152
2255,glaciers,0.09369446443586327,0.09585733910486505,0.0005387648269967743,0.06012352608555718,0.14039134211944654
2256,glaciers,0.09368009046572823,0.09583682767232098,0.0005390025149183947,0.059983184242929255,0.14043205554284321
2257,glaciers,0.09365813778463838,0.09581703531310683,0.0005392420984053227,0.05997916598429631,0.14046936934340515
2258,glaciers,0.0936424572755481,0.0957979727305271,0.0005394835389828179,0.05997525876978668,0.14044382365222388
2259,glaciers,0.09364362719326458,0.09577951772537735,0.0005397266304327456,0.05987639070191904,0.14034710897574276
2260,glaciers,0.09363878641261003,0.09576157706828425,0.0005399710734818986,0.05968611366401033,0.14028807657374784
2261,glaciers,0.0936554726777672,0.09574376872653083,0.0005402159969680005,0.05956617051904373,0.14034408562609677
2262,glaciers,0.09366246509379117,0.09572581169284732,0.0005404605699075917,0.05949251949684715,0.14039961205227397
2263,glaciers,0.09366930919687988,0.09570758096227723,0.0005407043742457323,0.05937015780830741,0.1404064853544318
2264,glaciers,0.09367697934733421,0.09568920493755394,0.0005409475142070739,0.05929513318712036,0.14037346035239154
2265,glaciers,0.09364365265770758,0.09567078135500041,0.0005411902154721585,0.059269480212549824,0.14033797616460184
2266,glaciers,0.09361835381898409,0.09565221498974924,0.0005414323267949864,0.05928062498344548,0.1403010031997537
2267,glaciers,0.09359158140836321,0.0956338267798299,0.0005416744827843471,0.05922562728444411,0.14032592113550632
2268,glaciers,0.09359995432779655,0.09561566876549696,0.0005419169504255481,0.05917152364702396,0.14036699945745798
2269,glaciers,0.09357016049917277,0.09559762126242961,0.0005421595497375795,0.05914108629536976,0.1404078695934695
2270,glaciers,0.09354968536925501,0.09557958313618758,0.0005424020466165482,0.059112413790288976,0.14044832956835798
2271,glaciers,0.09356522754866958,0.09556147177803294,0.0005426442095531881,0.059105132368949674,0.1404328760946738
2272,glaciers,0.09354476841996195,0.09554320588629267,0.0005428858349666122,0.05914849154024902,0.14036043691791383
2273,glaciers,0.0935337502741902,0.09552460368149582,0.000543126488403001,0.059191639564525736,0.14039216554085865
2274,glaciers,0.09352265623945222,0.09550543327601224,0.0005433655781589603,0.05899693131354393,0.1404228873401923
2275,glaciers,0.09348052905788506,0.09548568023920212,0.0005436029597757557,0.05896661916667423,0.1404433727441928
2276,glaciers,0.09350149708505029,0.09546544141754688,0.0005438387775633048,0.058936567910468446,0.14035430060623885
2277,glaciers,0.09352064913351832,0.09544465184410236,0.0005440729146168563,0.05888607234696064,0.14026340831224893
2278,glaciers,0.09354575135303911,0.0954233905125333,0.000544305580728511,0.05885393835302386,0.140172106871222
2279,glaciers,0.0935708828366284,0.09540210828428547,0.0005445377469200141,0.05882643443104563,0.14008094848541608
2280,glaciers,0.0935570966092687,0.09538080496973629,0.0005447696443086141,0.05881430870276692,0.1400306879743679
2281,glaciers,0.09353593537767324,0.09535934000407778,0.0005450010713262002,0.0587836430224586,0.1400843308674016
2282,glaciers,0.09350829909310754,0.09533760203678952,0.0005452317821678974,0.05875280747595983,0.14013711893740516
2283,glaciers,0.09349397091203393,0.0953154919797327,0.0005454615434080238,0.058721741330590584,0.14017793301362022
2284,glaciers,0.09348320451241676,0.09529284329309454,0.0005456899289043642,0.058690320698784326,0.14009395037062314
2285,glaciers,0.09348966084687582,0.09526961134848835,0.0005459167933651071,0.05865856878690981,0.13999986074104137
2286,glaciers,0.09344301365816143,0.095245784666791,0.0005461420450445977,0.05859264431168931,0.1399018639161664
2287,glaciers,0.09341525467217693,0.09522149731353276,0.0005463659755398606,0.05855771807015762,0.13976604139487456
2288,glaciers,0.09342900432212886,0.09519666133882942,0.0005465884356907283,0.058538303019733284,0.13970997726330037
2289,glaciers,0.09340772152079779,0.09517140191730201,0.0005468096842176146,0.05848865771443812,0.13961963875580688
2290,glaciers,0.09339422092074834,0.09514563314960517,0.0005470296290908778,0.05845147319868147,0.13952840088154692
2291,glaciers,0.09336408710554878,0.09511949056844313,0.0005472485146851899,0.058414505360763334,0.1394365190523821
2292,glaciers,0.09335282248000532,0.09509302278878563,0.0005474665294188043,0.058379669307168224,0.13934409824382513
2293,glaciers,0.09333866443574301,0.09506615913804452,0.0005476835848371324,0.05834460186680701,0.13925097016017138
2294,glaciers,0.09332384355684553,0.0950388799801168,0.0005478996207487221,0.05830925562799711,0.13919741273617275
2295,glaciers,0.09325765091720051,0.0950111146357172,0.0005481144818560459,0.058273577721003014,0.1392011840404766
2296,glaciers,0.0931945561709675,0.09498248811536532,0.0005483273823356062,0.05823727621505386,0.1391913146844878
2297,glaciers,0.09315726457888829,0.09495269442340151,0.0005485375078966645,0.05820009199331783,0.13918022935302704
2298,glaciers,0.09312729569597522,0.09492114001295553,0.0005487434104724027,0.05815872173320642,0.13909264657138606
2299,glaciers,0.09311019360767148,0.09488802052413306,0.0005489451975179278,0.05811455557534533,0.1388562075152098
2300,glaciers,0.09306141310553251,0.09485365008364983,0.0005491435358640826,0.05807250752807924,0.13871870863067384
2025,gis,0.0,0.0,0.0,0.0,0.0
2026,gis,0.0,0.0,0.0,0.0,0.0
2027,gis,0.0,0.0,0.0,0.0,0.0
2028,gis,0.0,0.0,0.0,0.0,0.0
2029,gis,0.0,0.0,0.0,0.0,0.0
2030,gis,0.0,0.0,0.0,0.0,0.0
2031,gis,0.0,0.0,0.0,0.0,0.0
2032,gis,0.0005012649443969508,0.0005861537668808037,9.39763456986551e-6,0.00010430515593906621,0.0013820760851812606
2033,gis,0.001284904833331879,0.0014748022648612747,2.2838533848710135e-5,0.0002813294416759149,0.0034055316931214104
2034,gis,0.002176503467721247,0.0025007500670672033,3.8251793731883486e-5,0.0004856480444459521,0.005712083621571828
2035,gis,0.0031603084576392604,0.0035915923391926174,5.4695706388578325e-5,0.0006947378440091967,0.008276379931149158
2036,gis,0.004128808197334521,0.004711076730525709,7.166824026904055e-5,0.0009184019711039326,0.010831541756703977
2037,gis,0.005097602298009818,0.005838406748344483,8.8861035848546e-5,0.0011476561841172739,0.01339095636670784
2038,gis,0.006082165408738405,0.006961317414623957,0.00010608497954774959,0.0013868504398173442,0.015940716251545695
2039,gis,0.007052039804111843,0.008072200050926747,0.00012321854473030456,0.001593347521215982,0.01855439293182659
2040,gis,0.007970699009396398,0.009166007833061407,0.0001401773911916132,0.0018121459247488758,0.02107850280318235
2041,gis,0.00888688754216993,0.010238164579605736,0.00015686978983816578,0.00202307035873428,0.023538630650001835
2042,gis,0.009766507965291993,0.011286349206460277,0.00017325298682135698,0.002224449525054517,0.025985340320389124
2043,gis,0.010664756855049973,0.012308825888947838,0.00018929349066594846,0.0024203072959672056,0.028346220926263044
2044,gis,0.011533553032760935,0.01330437393079662,0.0002049671375280757,0.002604789283489062,0.030617846780289778
2045,gis,0.012325116295164307,0.014272344536217752,0.00022026100092261043,0.0027873406021550196,0.03268196055843386
2046,gis,0.013127023838954699,0.015212442273684523,0.00023516819500159588,0.002963490775553801,0.03494597806190657
2047,gis,0.013929601916951029,0.01612496504279641,0.00024969519703871924,0.0031328644088057804,0.037184355180719386
2048,gis,0.014669454172455687,0.017009801759566835,0.000263834648741624,0.0032955762696129653,0.039264757282428946
2049,gis,0.015423037475859047,0.017866790809215473,0.0002775759369502878,0.0034653504479020825,0.041480774714575105
2050,gis,0.01613466369221328,0.018696256936046218,0.0002909203814107596,0.003630242838901232,0.043548047836505774
2051,gis,0.016799919439014488,0.019498425223192187,0.0003038654746833358,0.003789198860428833,0.04554933345843891
2052,gis,0.01745158549883996,0.020273508654883976,0.0003164072841576894,0.003930192848118352,0.04748459019753514
2053,gis,0.018111609731441547,0.021022142436904586,0.0003285535082402025,0.004066530269861701,0.04935360354472617
2054,gis,0.018695747392394324,0.02174472688761173,0.0003403051473776725,0.00420032345907817,0.051123299867801286
2055,gis,0.01928923295935192,0.02244199624994718,0.0003516722810905823,0.004331909593551231,0.05278141814010873
2056,gis,0.019856396077999605,0.023114680727568348,0.00036266479717734216,0.004455086132955088,0.05439352115219175
2057,gis,0.02041386491615782,0.023763620354112815,0.0003732955152735552,0.0045605544081039895,0.056059031828668004
2058,gis,0.02094475434590848,0.024390039330853774,0.0003835883031604883,0.004651457468018982,0.057566731057931975
2059,gis,0.021434248837026715,0.024994900572642243,0.000393559744764002,0.004748417730398025,0.05903578564716572
2060,gis,0.021896225543027725,0.0255786690642847,0.0004032125241698152,0.004841249861131658,0.06048258062671507
2061,gis,0.022426939496522635,0.026141832921483175,0.00041255010104550505,0.004930147699222509,0.06182590312032055
2062,gis,0.022855069189242627,0.026684907114322344,0.0004215768447258593,0.005015281954574569,0.06312562007872558
2063,gis,0.023328850508219645,0.02720834034606368,0.000430295184355272,0.00509859577095817,0.06434811648718952
2064,gis,0.0237539844817114,0.02771280995941163,0.00043871422925326556,0.005189769598521465,0.0653951693353827
2065,gis,0.0241497349993125,0.028199123653876508,0.0004468470878459087,0.005304260765206514,0.06651558567580373
2066,gis,0.024557841179939643,0.028667916177799888,0.0004547022304947857,0.005402517316688283,0.06767220153748088
2067,gis,0.02490731428088644,0.029119892661940972,0.00046229036281754166,0.005474058545380522,0.06891252551033844
2068,gis,0.025252486285820552,0.029555679094519286,0.00046962052009653726,0.005543430526184778,0.07004272821896418
2069,gis,0.025624150187031347,0.02997604982957074,0.00047670633855662997,0.005610159227522615,0.07106971358975755
2070,gis,0.025932885301438446,0.030381698659555936,0.0004835595602267936,0.005674335887149162,0.07190879112542792
2071,gis,0.02622714928945946,0.03077333745941755,0.0004901927570420713,0.005736061197789688,0.07280894137645877
2072,gis,0.02657386619731028,0.031151420750898055,0.000496611510047986,0.005795413394893423,0.07383660655784219
2073,gis,0.026881147303914332,0.0315164042685419,0.0005028216722703274,0.0058622698800503414,0.07481350803562492
2074,gis,0.027142812529623583,0.03186870626772538,0.000508828393472151,0.00593120050668805,0.07568004491974811
2075,gis,0.02751821091071527,0.03220861161083914,0.000514633275701086,0.00599823089237006,0.07650916443799893
2076,gis,0.02775880814844811,0.03253666466033338,0.0005202456036279176,0.0060634411655380305,0.07710483339299579
2077,gis,0.027982482440114254,0.03285320224833565,0.000525668932860798,0.006127095176347019,0.0776890880371761
2078,gis,0.028279476640458157,0.0331586758902088,0.0005309103354312323,0.006187815442730837,0.07844181388651615
2079,gis,0.02853789674923668,0.03345356935680166,0.0005359780086092749,0.006235379133650021,0.07916413961564393
2080,gis,0.0287766496575248,0.03373832074120129,0.0005408790598242727,0.006271275589142533,0.07984899237506671
2081,gis,0.02905080127471038,0.03401352335861998,0.0005456253457103641,0.006313840914207169,0.08055988523442803
2082,gis,0.029261480290587727,0.03427972143918127,0.0005502274986186458,0.006365955652789523,0.08123470800938558
2083,gis,0.02946369880194588,0.03453728375443089,0.0005546913518822603,0.006405545590544271,0.08192759723796071
2084,gis,0.029676120894972513,0.03478652814115115,0.0005590214010282778,0.006443680499810256,0.08266397699736583
2085,gis,0.02986245029781287,0.03502755341143646,0.0005632159318703655,0.006480413502472082,0.08315108253623026
2086,gis,0.030018345866933416,0.03526052827353179,0.0005672753712911621,0.006516987893476767,0.08375365968061653
2087,gis,0.030236699259011957,0.03548580811767627,0.0005712058718619666,0.006552263433614591,0.08447422021961692
2088,gis,0.03043158391435874,0.03570368444219674,0.0005750118101705729,0.006586293863528603,0.0850300969343376
2089,gis,0.030659405635580228,0.03591446327441541,0.0005786981796048798,0.00661913918568402,0.08548874245996262
2090,gis,0.030833546722464078,0.03611848033688214,0.0005822710827710659,0.006655467329514941,0.08598365120923379
2091,gis,0.030997401165100413,0.03631604842807814,0.0005857360801351969,0.006698647632257249,0.0863645886316089
2092,gis,0.03113779016978846,0.036507468122600265,0.0005890985286863316,0.006740837939518407,0.08674002859468287
2093,gis,0.03125926913654098,0.03669311990580789,0.0005923663983929728,0.006782081636953485,0.08711790796408712
2094,gis,0.03139921444272886,0.03687318984653598,0.0005955419384680902,0.0068228386390956075,0.08743237272964331
2095,gis,0.031538806040742884,0.03704788808352833,0.0005986282104766508,0.0068631529092666455,0.0876677842043616
2096,gis,0.031676249476131346,0.037217454092651314,0.0006016293928370513,0.006890570711641786,0.08799646191165687
2097,gis,0.03184427100402232,0.037382016699447546,0.0006045463653963768,0.006907119458934297,0.08838215489928469
2098,gis,0.03199208745905402,0.03754164187472196,0.000607378249884887,0.0069385427920565235,0.08875564653058277
2099,gis,0.03211216730005795,0.03769657102592245,0.0006101296396126153,0.006976321726681611,0.08913063715163981
2100,gis,0.03219188994978417,0.03784704619435782,0.0006128052161471139,0.006991114841192747,0.08950598440628174
2101,gis,0.032367693021084776,0.03799326838448808,0.0006154085395543862,0.007004587277923413,0.08987354382632867
2102,gis,0.03252587287261299,0.03813546687846503,0.0006179441958671888,0.007017369193267342,0.09021640647052458
2103,gis,0.032682881513235174,0.03827385862661946,0.0006204163871393105,0.007030276203745522,0.09053316211664603
2104,gis,0.03281373271972754,0.038408635080182656,0.0006228287230656995,0.007042602552749244,0.0908412079779541
2105,gis,0.032921503801341956,0.03853984766035303,0.0006251805446703657,0.007054329114568603,0.09114053818111587
2106,gis,0.033012061823001204,0.03866764266081516,0.0006274742909989515,0.007075908755265203,0.09143148743262493
2107,gis,0.033076373155305205,0.038792131578955585,0.0006297113996760172,0.007099818177969119,0.09184991609329173
2108,gis,0.03314060345314118,0.038913418695758,0.0006318931675323333,0.007123123023276001,0.09232717992071479
2109,gis,0.03320693878161585,0.03903158506038449,0.0006340202786262317,0.007146431729374569,0.09253612832821552
2110,gis,0.03330801981582532,0.03914675910511307,0.0006360949622073124,0.007169551000467678,0.09288218508638477
2111,gis,0.033425526276786854,0.039259062310009085,0.0006381193230626816,0.007192915308915637,0.093219465167218
2112,gis,0.033547671842137916,0.039368619931320036,0.0006400956733399137,0.007217333947493465,0.09342993475966564
2113,gis,0.033628055458390094,0.03947555532496657,0.000642026352361847,0.007258301981112325,0.09349251942559975
2114,gis,0.033687337618548696,0.03957998952800898,0.0006439137047159381,0.007298898637757567,0.0935528218592196
2115,gis,0.03374481782723038,0.03968204836692747,0.0006457603046363027,0.007339135108339612,0.09378219788990003
2116,gis,0.033805609812675996,0.03978179766434518,0.0006475669122957423,0.007379020214548504,0.09412245533722438
2117,gis,0.03383805547425567,0.03987931565911116,0.0006493347358582746,0.0074185628859302355,0.09446183462372026
2118,gis,0.0338659754846482,0.03997468590665534,0.0006510651732250309,0.007457770582433021,0.09466402034504993
2119,gis,0.03389257287542691,0.04006792282045994,0.0006527575003188048,0.007496645380578038,0.09476680696079318
2120,gis,0.03394959346580961,0.040159070765127015,0.0006544119344988877,0.007535192594225749,0.0948555214631641
2121,gis,0.0340607120227876,0.04024821192215646,0.0006560300313876131,0.007573420108419882,0.09504798643101607
2122,gis,0.03417562564678178,0.04033543331493199,0.000657613532442288,0.007611335727264469,0.09510582373386978
2123,gis,0.0343075166253648,0.04042080735594515,0.0006591637999921813,0.007646473562439305,0.09529452968764394
2124,gis,0.034410437688414675,0.04050442378470591,0.0006606828134362649,0.00765723118467232,0.09562438944068052
2125,gis,0.034486192054350884,0.040586374432255,0.0006621726421928009,0.007667800273503112,0.09580074212623302
2126,gis,0.034573936806747696,0.04066671833690565,0.000663634347392158,0.007678192754259072,0.09588526128132102
2127,gis,0.03466113371217672,0.040745467780455014,0.0006650674905950276,0.007688406275399018,0.09596542120791972
2128,gis,0.0346769038166439,0.040822676576800235,0.0006664730059562788,0.007698452938456057,0.09604222332793011
2129,gis,0.03472620499214152,0.040898379243873864,0.0006678512493921719,0.007708332310873978,0.0961157924672218
2130,gis,0.034830771358151935,0.04097260563360412,0.0006692024214731037,0.007718054758818482,0.09618633294116385
2131,gis,0.03489264416578486,0.041045376612198876,0.0006705264916761399,0.0077276193646858005,0.09626989992922218
2132,gis,0.03494476613554731,0.041116746141933856,0.00067182454861379,0.007737038470030377,0.09637150253887228
2133,gis,0.0349768157029029,0.04118676167785536,0.0006730974775259093,0.007746312900249741,0.09653111693320501
2134,gis,0.03501068694631293,0.041255477411367196,0.0006743465153384414,0.007755444461272631,0.09679039932009913
2135,gis,0.035066120173610216,0.0413229498396563,0.0006755729439012212,0.007764446103371014,0.097035417615432
2136,gis,0.0350966778894346,0.04138923296545278,0.0006767780507646044,0.007770937169881975,0.09718260483636774
2137,gis,0.03512638295353199,0.041454347894889665,0.0006779619514936038,0.007776647767876455,0.09740971577560041
2138,gis,0.03515528142861157,0.04151832160301315,0.0006791250481641208,0.0077821828163582305,0.0976339950389793
2139,gis,0.035206971326573466,0.041581178512179615,0.0006802676211646227,0.007787547827153852,0.0978523135116216
2140,gis,0.035255850627224916,0.04164291632415188,0.0006813890702997149,0.007792748014452401,0.09805218834951557
2141,gis,0.03530590501807929,0.0417035780258944,0.000682490368200185,0.0077977934258299806,0.09810380416189977
2142,gis,0.03538007459007453,0.04176317186491114,0.0006835713073116551,0.007802684695672469,0.09825188157820186
2143,gis,0.035412591408912064,0.041821726724388116,0.0006846324460357767,0.007807427155506198,0.09846175187116835
2144,gis,0.0354299914529399,0.04187927345944998,0.0006856744106552613,0.007812030496596734,0.0985853857554808
2145,gis,0.03543028127288572,0.041935839160599474,0.0006866977349900418,0.007816495781778343,0.09870612559641943
2146,gis,0.03548110958866424,0.041991458220376233,0.0006877032104469472,0.007820832170626346,0.09882411117214661
2147,gis,0.03554702128472087,0.04204616031377406,0.0006886915402780298,0.007825036038635602,0.09893938844053982
2148,gis,0.03560949164924665,0.04209996374051896,0.0006896629583796099,0.007829116952211557,0.09905051003449734
2149,gis,0.03566163010235712,0.042152883990938916,0.0006906176521875928,0.007833075276910684,0.09915855178827201
2150,gis,0.03572124723625336,0.04220494174108569,0.0006915560371479274,0.00783692097345412,0.09926410110835611
2151,gis,0.03578328629543215,0.04225615580200728,0.0006924784416605343,0.007840649774375485,0.09936705648598382
2152,gis,0.03583753630547193,0.04230653720264472,0.0006933848751722832,0.007844271447146056,0.09946341077752936
2153,gis,0.03587800989328649,0.04235610399833979,0.0006942757234054131,0.0078477865264448,0.09955744393186357
2154,gis,0.0359177621729323,0.04240487448603485,0.0006951513248261592,0.007851199660020569,0.09964914060375024
2155,gis,0.035950894781411336,0.042452866756566496,0.0006960120662282555,0.007854506772884129,0.0997386088605134
2156,gis,0.036020360363364645,0.04250009922890512,0.0006968583093401406,0.00785772203156121,0.09982587376403891
2157,gis,0.03609229024630345,0.04254659208767927,0.0006976905650304656,0.007860841281770448,0.09991100508274893
2158,gis,0.036164446133657435,0.042592368905034525,0.000698509449544099,0.007863864636852291,0.09999407699467605
2159,gis,0.03621672773381768,0.042637452190083455,0.0006993156066820052,0.007866796962194833,0.10017881725490337
2160,gis,0.03625920732295285,0.042681850582523266,0.0007001090629352951,0.007871894296629378,0.1004029299040354
2161,gis,0.03629768513810916,0.04272557420728953,0.0007008899821173075,0.007879873628038325,0.10062368134090789
2162,gis,0.036333131153742926,0.04276862889597827,0.0007016583287993426,0.007887697481065992,0.10084140176759956
2163,gis,0.03639016906622494,0.042811003403834785,0.0007024134248042374,0.007895371792656647,0.10105579087923029
2164,gis,0.036429483395172824,0.04285272341067068,0.0007031560084787561,0.007903287844555074,0.1012670018906368
2165,gis,0.03646767288802977,0.04289378616321983,0.0007038857292163083,0.007911067214751988,0.10146137154059537
2166,gis,0.03648547171155592,0.04293420396702973,0.0007046028798137029,0.007916992482654983,0.10153102874989273
2167,gis,0.03651825959103405,0.042973989274500995,0.0007053077235317697,0.007917285374570149,0.10159586232232343
2168,gis,0.0365337491333495,0.04301315775611845,0.0007060006604175299,0.00792676465693809,0.1016593561021473
2169,gis,0.03657554573304189,0.04305172726739284,0.0007066822520307349,0.007936166077380236,0.10172155358081464
2170,gis,0.03659795276269584,0.04308972461067091,0.0007073534290107243,0.007945488087295338,0.10181520587809967
2171,gis,0.03662259450831762,0.043127169090486715,0.0007080148631060638,0.007952671993889382,0.10201706360009943
2172,gis,0.0366477498750406,0.043164049568161826,0.000708665878947085,0.007958955875686513,0.10210057349678614
2173,gis,0.03667250167498359,0.043200370517064664,0.0007093064400701391,0.007965568640035947,0.10221653317964652
2174,gis,0.03669686657405968,0.043236120302497044,0.0007099358448083105,0.007972133995095554,0.10225099986493456
2175,gis,0.036720833606773695,0.04327131424893409,0.0007105545433199309,0.007978565219266542,0.10232683015138465
2176,gis,0.03674442726349092,0.043305954652954566,0.0007111624506247706,0.007984866378150102,0.10239384951965745
2177,gis,0.03675670645062468,0.04334004324551705,0.0007117594390423663,0.007991033242622514,0.10245980402207255
2178,gis,0.0367668449432923,0.04337359043349083,0.0007123458181781184,0.007992522913848887,0.10257297569086887
2179,gis,0.03677858674091539,0.0434066097841349,0.0007129219875161821,0.007993328355544449,0.10260085927507044
2180,gis,0.03679382226104977,0.043439113472725666,0.0007134883647430268,0.007994059283888966,0.10267417021927014
2181,gis,0.03681803210393575,0.04347111683443903,0.0007140455206710474,0.007998245618665578,0.10274652728262444
2182,gis,0.03684184891841191,0.043502626856373156,0.000714593630598168,0.008006748471531822,0.10281798435170406
2183,gis,0.0368523089069317,0.043533647241788334,0.0007151326899679104,0.008015129361762519,0.10288852052670713
2184,gis,0.036875797528601595,0.0435641807003371,0.0007156626706163962,0.008023391641986954,0.10295811397999173
2185,gis,0.03689896376779522,0.04359422561513018,0.0007161832828263005,0.00803154186816979,0.10302672397956675
2186,gis,0.03692179383771865,0.043623788105323906,0.000716694662596602,0.008038666325402843,0.10309432104634193
2187,gis,0.03694430148857286,0.04365287148111916,0.0007171967766358698,0.008043860311595097,0.10315741452424639
2188,gis,0.03696648798960922,0.043681480185416975,0.000717689649343729,0.008048934745135128,0.10321482967716285
2189,gis,0.03698835634153852,0.043709620278570414,0.0007181734231258549,0.008053894262811667,0.10327131221602222
2190,gis,0.03700989932062804,0.043737301329731436,0.0007186484525068557,0.00805873584477812,0.10332687333381325
2191,gis,0.037031136081555616,0.0437645290802736,0.0007191149160494968,0.008063463877334698,0.1033816052080416
2192,gis,0.03705814666989937,0.043791315127058854,0.0007195732466108136,0.008074184714685906,0.10343554062035573
2193,gis,0.03709250196455294,0.04381766600195722,0.0007200237031458797,0.008086198458432392,0.10348869530553359
2194,gis,0.03711304003002347,0.0438435818564285,0.0007204661448037934,0.008098059403858215,0.1035410586388252
2195,gis,0.03712469662366935,0.043869067045298485,0.0007209006441454153,0.00810976790815321,0.10359259619052705
2196,gis,0.03712629782000043,0.043894125528849144,0.0007213272352577973,0.008118413583133588,0.1036433504018763
2197,gis,0.03714372437322311,0.04391875610627602,0.0007217456347280785,0.008122679360602625,0.10369320339274066
2198,gis,0.03716080570628222,0.043942966153914666,0.0007221561670882992,0.008124940153066973,0.10374225120582722
2199,gis,0.03717685822244299,0.04396675699389449,0.0007225586951891468,0.008127160246962362,0.1037904334458428
2200,gis,0.0371760018223366,0.04399013414803411,0.0007229533593628614,0.008129335760460599,0.10383773536366989
2201,gis,0.03718960774712343,0.04401310206263611,0.0007233403032591592,0.008131474777646197,0.10388423121335141
2202,gis,0.03718972457695813,0.0440356652984682,0.0007237196487897085,0.008133569172712463,0.1039298820843948
2203,gis,0.03718389477254114,0.044057830307679416,0.0007240917458835828,0.008135621715483765,0.10397474868293344
2204,gis,0.03717790326005499,0.04407960326641529,0.0007244569540301779,0.008137631188716021,0.10401892976260374
2205,gis,0.03717174240920329,0.04410098909247071,0.0007248155865961486,0.008139596389744597,0.1040624821776559
2206,gis,0.0371669710089062,0.044121988696509816,0.0007251674175081887,0.00814151831920018,0.10410535400715126
2207,gis,0.037167138663551924,0.044142604404637575,0.00072551243043987,0.00814339381646434,0.10414751614981288
2208,gis,0.03719206262831065,0.044162835952798005,0.0007258501938616358,0.008145229389722175,0.1041674970212636
2209,gis,0.03720397023503352,0.04418268900081457,0.0007261809325387034,0.008147021364459661,0.1042344337544776
2210,gis,0.03720264892428382,0.044202166782735336,0.0007265045168907679,0.008148774724827668,0.10427914753754486
2211,gis,0.037201084974336496,0.04422127276106616,0.000726821087588643,0.008150485424747167,0.10432299980901227
2212,gis,0.03719925626781695,0.044240010351732556,0.0007271308700994733,0.008152160618752902,0.10436603433218394
2213,gis,0.03719716219983127,0.04425838399334882,0.0007274340406769822,0.008153787886984176,0.10440830948909684
2214,gis,0.03721217879650851,0.044276397624710154,0.000727730787428132,0.008155374549363437,0.10444986681368727
2215,gis,0.03723360111411722,0.044294053364532494,0.0007280212493367571,0.008156919724155998,0.10449070287695593
2216,gis,0.03726227128706405,0.04431135544635691,0.0007283054618300459,0.008158424105615403,0.10461407089836337
2217,gis,0.03728923237624748,0.04432830732620498,0.0007285834440400538,0.0081598841449404,0.10475504608589147
2218,gis,0.03730558617145441,0.044344912978354384,0.0007288552660332446,0.0081613000953773,0.10489495620157108
2219,gis,0.03733676251354012,0.04436117583599541,0.0007291210189745643,0.008162679794549987,0.10501025954345433
2220,gis,0.03738750729769258,0.04437709930282235,0.0007293807996142067,0.008164011321269982,0.1049807307150896
2221,gis,0.037404496965054435,0.044392686371800404,0.0007296346943215587,0.008165306277039264,0.10494777943736543
2222,gis,0.03742790987963929,0.04440793943631941,0.0007298827659264329,0.0081665569716316,0.10504253976345355
2223,gis,0.03742771416770374,0.044422862283615534,0.000730125111599748,0.008167767061979525,0.1051492475534399
2224,gis,0.03743717760653631,0.04443745762425931,0.0007303618120809533,0.00816893676981234,0.10525466240022928
2225,gis,0.037448663921946235,0.044451729025569466,0.0007305929331215917,0.008170062123187272,0.10535712322327305
2226,gis,0.03746403760129802,0.04446567806167344,0.0007308185279210715,0.008171146960287423,0.10545478873972947
2227,gis,0.0374728043690542,0.04447930751749922,0.0007310387078325652,0.00817219111731493,0.10544635360811405
2228,gis,0.037475239237094726,0.04449261946115451,0.0007312535531384069,0.008173194081146917,0.10541983159763733
2229,gis,0.037466017087384174,0.04450561647130485,0.000731463098769343,0.008174156179263647,0.10548137402599965
2230,gis,0.037460632553765194,0.044518301433347146,0.000731667446894287,0.008175077255438978,0.10555074645842931
2231,gis,0.03746864290152807,0.04453067753384113,0.0007318665723934719,0.008175957623914876,0.10561855842782462
2232,gis,0.03747940232936564,0.044542747686729674,0.0007320605514726882,0.00817679748077893,0.10568371598900227
2233,gis,0.03747583271951349,0.0445545149243458,0.0007322494099672585,0.00817760099676601,0.1057475813077868
2234,gis,0.03747219272964841,0.04456598417200883,0.0007324331957105821,0.008178364869726451,0.10581012228724428
2235,gis,0.03746847305516887,0.04457715759053906,0.0007326119505740669,0.008179089466451295,0.10587137617144914
2236,gis,0.037464682612453615,0.04458803698728198,0.0007327857410048344,0.008179778218364575,0.10593136142321934
2237,gis,0.0374608123701492,0.044598624446633914,0.0007329546318326002,0.008180427303496884,0.10599011337975471
2238,gis,0.03745687008440601,0.04460892105683696,0.0007331186897602743,0.008181036294092614,0.1060476543526345
2239,gis,0.0374528560438403,0.04461892320119965,0.0007332779865337256,0.00818160769671561,0.1061040964386084
2240,gis,0.03744876995210866,0.04462863014634748,0.000733432588419152,0.008182168930686018,0.10615949588327565
2241,gis,0.03744675227879135,0.04463804927403002,0.000733582510883442,0.008182994102270413,0.10621374025001627
2242,gis,0.037458895477815446,0.04464718452588566,0.0007337277974414957,0.008183782636206338,0.10626685274768731
2243,gis,0.03746937812652007,0.04465603869356065,0.0007338684976372681,0.008184534412483124,0.10631883350838753
2244,gis,0.03747149625858981,0.04466461703698728,0.0007340046246630437,0.00818524622414607,0.10636964600329255
2245,gis,0.037472995218879035,0.04467292881973822,0.0007341362256700154,0.008188692013284538,0.10641924812270885
2246,gis,0.03747916756178249,0.04468097592369452,0.0007342633637739322,0.008194567034931488,0.10646764971889765
2247,gis,0.03749308724092515,0.044688760274529074,0.0007343860756060832,0.008200376890297179,0.10651491554856561
2248,gis,0.03750676900970973,0.04469628161185314,0.0007345044411111943,0.00820612137105492,0.10656106174876442
2249,gis,0.03751779679994627,0.04470353928618444,0.000734618470339571,0.008211800511404022,0.10660612322254345
2250,gis,0.0375112800799382,0.04471052475646679,0.0007347281798192024,0.0082146234898417,0.10667688107489856
2251,gis,0.037511699232517515,0.04471723702370437,0.0007348336038631439,0.008214129884041022,0.10680426212258619
2252,gis,0.03751250639836279,0.04472368306230491,0.0007349348084433422,0.008213612414684768,0.10693062632156634
2253,gis,0.03751325288625651,0.04472987101704339,0.0007350318475897233,0.008213071148595041,0.10705590680602839
2254,gis,0.037513943785372206,0.0447358088699895,0.0007351247738129544,0.008212506566556144,0.10718002471610699
2255,gis,0.03751456907425954,0.044741505702333796,0.0007352136753774126,0.008210848860001896,0.10727033843120902
2256,gis,0.0375151238355631,0.044746964053381334,0.0007352986202901361,0.008208845455324187,0.10725489931035169
2257,gis,0.03751562237104267,0.04475218387877534,0.0007353796269262054,0.008206824308913951,0.10723803332720382
2258,gis,0.03751605659942925,0.04475716761220276,0.0007354567419345497,0.008204785446226381,0.10722049538374633
2259,gis,0.03751642811233857,0.044761917031344814,0.0007355300040072717,0.008202728849879826,0.10720228150832954
2260,gis,0.037524000685840164,0.04476643399019902,0.0007355994614003488,0.008200663448669765,0.10718339472049808
2261,gis,0.037521862143696794,0.044770716793155516,0.0007356651279304854,0.008198576024271986,0.10716381363714775
2262,gis,0.037525832560092454,0.04477476570569685,0.0007357270195517937,0.00819647503197185,0.10718527622634696
2263,gis,0.03752838266044556,0.04477858140195275,0.0007357851710178616,0.008194360648925425,0.10725271985765336
2264,gis,0.037521943696017246,0.04478216846680483,0.0007358396447065331,0.008192228578325356,0.10731913016703397
2265,gis,0.037517461947889075,0.044785529824540836,0.0007358904864846518,0.008190083236447876,0.10738456140767293
2266,gis,0.037517427892952426,0.0447886673982552,0.0007359377342124098,0.008187920242463953,0.10744899425571662
2267,gis,0.037517347653537314,0.044791586725967565,0.0007359814534008358,0.008186486826926576,0.10751245504139194
2268,gis,0.03751720669007419,0.0447942914153361,0.0007360217020398782,0.008186099215712339,0.10757492192150939
2269,gis,0.03751548739039379,0.04479678184214117,0.0007360584847203033,0.008185690550468472,0.10763642764373581
2270,gis,0.03750932280741637,0.04479906022621738,0.0007360918653957654,0.00818526068745662,0.107697004096563
2271,gis,0.03750306354382005,0.044801127491923956,0.000736121870642319,0.00818480569567015,0.10775663408093993
2272,gis,0.03749673093755845,0.04480298574183604,0.0007361485245131988,0.008184325246434199,0.10781534828085525
2273,gis,0.03749036177680409,0.04480463422167858,0.0007361718348227107,0.00818382315991073,0.10787315354388481
2274,gis,0.03750137101614648,0.04480607276058101,0.000736191805325175,0.00818329910593274,0.10793005680841183
2275,gis,0.037493859098214344,0.04480730298382731,0.0007362084741195276,0.008182753026706457,0.10798523582476793
2276,gis,0.03749064453688611,0.044808328711281493,0.0007362219072421893,0.0081821850732533,0.10803687823844665
2277,gis,0.037493320339798686,0.04480915151376353,0.0007362321041127463,0.008181611526549837,0.10807099827291555
2278,gis,0.037495865077996626,0.04480977427333216,0.0007362391256348243,0.008181178135155953,0.10804071395098092
2279,gis,0.03749827847330245,0.04481020506749186,0.0007362430749760772,0.008180725688133883,0.10800972191793877
2280,gis,0.037500553981262286,0.04481044637483742,0.0007362439963859725,0.008180035288161136,0.1079779823070348
2281,gis,0.037504197705207076,0.044810498638690494,0.0007362419145478474,0.00817802349890595,0.1079455626697756
2282,gis,0.037510066721901936,0.044810362219845426,0.0007362368221896711,0.008175996381805106,0.10791244306924684
2283,gis,0.037515758655226605,0.04481003717825129,0.000736228735076315,0.00817395370233065,0.10787850445078441
2284,gis,0.037520751725361734,0.04480952411483109,0.0007362176763398101,0.008171895008328711,0.1078406989105838
2285,gis,0.03752345215572994,0.04480882426398085,0.000736203651143839,0.008171023584768733,0.10780225797234234
2286,gis,0.03752605423823496,0.04480793896812734,0.0007361867010712736,0.008171751495895663,0.10776318343018045
2287,gis,0.03752857143135557,0.04480687260401352,0.0007361668868963652,0.008172438501472534,0.1077234593818497
2288,gis,0.03753100401473475,0.04480562504639715,0.0007361441867940231,0.008173084866256453,0.1076831281245649
2289,gis,0.03753334388201246,0.04480420071592626,0.0007361186803790617,0.008173694227036066,0.10764217402614144
2290,gis,0.03753558543100333,0.04480259974866574,0.0007360903866161892,0.008173497136261254,0.1076357048379737
2291,gis,0.03753775000299164,0.0448008262828873,0.000736059357102066,0.008172647476989425,0.10764216048837907
2292,gis,0.03753982773564424,0.04479888228330675,0.0007360256323390881,0.00817178041922162,0.10764795866155194
2293,gis,0.03754181297144221,0.044796768868200186,0.0007359892201145389,0.008170895899501929,0.1076530835756628
2294,gis,0.03754370577810917,0.04479448681181063,0.0007359501355039729,0.008169993899667105,0.10765755552878617
2295,gis,0.03754627306409297,0.04479203689207019,0.0007359084130242633,0.00816907434286751,0.10766139666681143
2296,gis,0.037552857993583544,0.04478941497479018,0.0007358639564137093,0.008168136684867378,0.10766459441061026
2297,gis,0.03755927798030356,0.044786617626743346,0.0007358167369498261,0.008166933824722555,0.10766715405461368
2298,gis,0.03756552222795584,0.04478363706413893,0.0007357666290770527,0.008165415575835944,0.10766909878339631
2299,gis,0.037571603824693156,0.044780478339829156,0.0007357137018391107,0.008163882718759119,0.10767044360496561
2300,gis,0.03757752013844318,0.044777147141517,0.0007356580486949774,0.008162331340102469,0.10767114823214018
2025,ais,0.0,0.0,0.0,0.0,0.0
2026,ais,0.0,0.0,0.0,0.0,0.0
2027,ais,0.0,0.0,0.0,0.0,0.0
2028,ais,0.0,0.0,0.0,0.0,0.0
2029,ais,0.0,0.0,0.0,0.0,0.0
2030,ais,0.0,0.0,0.0,0.0,0.0
2031,ais,0.0,0.0,0.0,0.0,0.0
2032,ais,2.451920776413985e-5,0.0015902185482609802,0.0008620810020522791,-0.0007653145791164384,0.0011104981032089567
2033,ais,-4.711440211302431e-5,0.00330477413266948,0.001206789930457117,-0.0019256077586143894,0.00278023127592395
2034,ais,-0.00014049542049754393,0.00685677916427848,0.0019278152772747932,-0.0033236292317645466,0.004912918229509899
2035,ais,-0.0002327862729745167,0.011218224494650837,0.002494447900093968,-0.004780150631164548,0.007623677228477674
2036,ais,-0.00029822726475003947,0.019149222909097395,0.0034069199028676973,-0.0063580460247730786,0.011017492668395908
2037,ais,-0.0003256021558539768,0.026791986443351557,0.004483214134110088,-0.007854156504953358,0.01405676578083603
2038,ais,-0.00038369863956111416,0.03198040522683032,0.004934260027775427,-0.009304115671166513,0.018140607698910457
2039,ais,-0.0003715209045240808,0.041496039131630344,0.005617028379688416,-0.01078732193020182,0.024912522478365826
2040,ais,-0.00034291129587527003,0.049931279774836766,0.00608809428053259,-0.01211943552450745,0.0330615710482662
2041,ais,-0.00024351666150224105,0.06273880861294993,0.006981140269113389,-0.013418107634503018,0.11104683152081717
2042,ais,-2.1084765416956586e-5,0.0780014665599999,0.008049541656369525,-0.01477373767601986,0.6541962739651367
2043,ais,-2.575370824930978e-5,0.09209061644975554,0.008997761841766535,-0.0160188761059199,0.7980290822858715
2044,ais,9.252569209139416e-5,0.10554667130516074,0.009657231897741418,-0.0171999813394913,0.9643238086009993
2045,ais,0.0003030169203055433,0.12131286245700919,0.01039860056272987,-0.018303537152084548,1.125157751944696
2046,ais,0.0003847533342427045,0.13556142534392035,0.011175066264117088,-0.01944790100026017,1.2505353304197515
2047,ais,0.0007563651428010854,0.14815324572263638,0.011677139412416918,-0.020412218549887284,1.3124423684710984
2048,ais,0.0011188081336876987,0.16686567507513742,0.012246140444418739,-0.02156450590036052,1.5049462702453575
2049,ais,0.0013158672869328925,0.18828828170199466,0.01316733280469495,-0.022566971370207023,1.6521994163447886
2050,ais,0.0014701244536896585,0.2040672091209974,0.013823468860230259,-0.023465111985235265,1.6963138203777177
2051,ais,0.001728660751226796,0.2200171666652201,0.014602237993016267,-0.024420372747557262,1.8254218152333916
2052,ais,0.0019002124618472394,0.23553744586914235,0.015357086588463156,-0.025197161965526127,1.861660641417258
2053,ais,0.0020525457556763715,0.25456860501435663,0.016263717867539832,-0.025905913697979455,1.9064591922044631
2054,ais,0.0023240832488502505,0.27413728124977327,0.017351870607279694,-0.02682440189870905,1.984819044705083
2055,ais,0.0024889710946274235,0.2940419476909347,0.01864570640803339,-0.027593820337740715,2.088351812534161
2056,ais,0.0025892354473644463,0.309978628666205,0.019915522423688783,-0.0284061895140858,2.1904310437454946
2057,ais,0.0027896523860759803,0.3239297278597137,0.020917529907371297,-0.029142352547857908,2.2542640237010576
2058,ais,0.002942065213301648,0.3359788538458052,0.02154427214943675,-0.029906579974083303,2.292709581792003
2059,ais,0.003490154798035938,0.34879282544653656,0.021852291053688216,-0.030424742988955367,2.383358488775086
2060,ais,0.0037033504629579994,0.3657843373499054,0.022250068930752116,-0.031055106815660594,2.4751951880168868
2061,ais,0.004052531156267802,0.37976884346160866,0.022637270391009177,-0.03160632439756783,2.5272977080273487
2062,ais,0.0043071205252709355,0.3938605450089998,0.02315343633150132,-0.032117328534019815,2.6170555844900685
2063,ais,0.004426173114108201,0.40816173557648333,0.0238827120745353,-0.03260488407776929,2.6325678999436817
2064,ais,0.0045633031058534,0.42033665672746984,0.024679107097301277,-0.03306820793205045,2.7391649031727336
2065,ais,0.004698806999259286,0.4322860626920868,0.025595394702455216,-0.03368355300988113,2.8611136571650544
2066,ais,0.004893810091166628,0.4437278277423002,0.02661369151544606,-0.03413789412620549,2.8626821779070406
2067,ais,0.005095186331249835,0.4551372236643208,0.027515949908864582,-0.034646771234567164,2.8901648425412776
2068,ais,0.005159581891034382,0.4662585312079758,0.028567752241700807,-0.03510102373987467,2.9207040330823473
2069,ais,0.005324828630792755,0.4760252391392121,0.029410404955078434,-0.035495139392161534,2.9794999332948446
2070,ais,0.005434401701875924,0.4854749185189147,0.030074684570607243,-0.03584357300479568,2.982965171918926
2071,ais,0.005704616427204545,0.49603859931667965,0.030682911729270963,-0.03615364755899686,3.0387644729607493
2072,ais,0.0057889089741802735,0.5065883643899478,0.03143840909312425,-0.03659855041637683,3.051490150688027
2073,ais,0.00587748672742916,0.5174676978222346,0.032308223578906545,-0.037016547092960095,3.058342736112327
2074,ais,0.005978872012546432,0.5258429460945098,0.033072013139036974,-0.037365614102863876,3.064096647101425
2075,ais,0.006068644578843818,0.5341498059543847,0.03390801738538385,-0.03772007989904569,3.1436788851091366
2076,ais,0.0061382123533682,0.5417877372319745,0.03471869902307434,-0.03808217762837629,3.1598678195875087
2077,ais,0.006188508246701696,0.5484860114469887,0.035301864247709126,-0.038402477285383596,3.1676106430472264
2078,ais,0.0063500422770534914,0.554657997430043,0.03579392379459841,-0.038778860802108905,3.18480463410319
2079,ais,0.006401500114711078,0.5603127482126795,0.03625363846542142,-0.03908883482868386,3.1927713612914195
2080,ais,0.006449897744048583,0.5676785417908817,0.0368116364919107,-0.03938695403070347,3.2792448230685705
2081,ais,0.006496230766667166,0.5741185637396381,0.037398772928697546,-0.03966868197256389,3.2777461298224724
2082,ais,0.0065411123556624595,0.5784580836620024,0.03779464394576202,-0.039945542418569624,3.3325273461734373
2083,ais,0.006659006897757891,0.5824404962997723,0.038172444112331894,-0.040212336996894305,3.3309811095601405
2084,ais,0.0066886971188395705,0.5855668166528862,0.038431219948145814,-0.040469619960852854,3.342209666997746
2085,ais,0.006773031896900594,0.5885206467488999,0.038637433933092026,-0.04070699412742074,3.3406741773847473
2086,ais,0.006804318764547013,0.5939070113508488,0.03906415235143291,-0.04095197735543621,3.423131260494288
2087,ais,0.006900250203439873,0.596674162105155,0.03928136211856485,-0.04121739413375014,3.4520174418070457
2088,ais,0.006919246970316095,0.6022964980152747,0.03966726149520397,-0.04144883745397232,3.462844130355467
2089,ais,0.00693652219966312,0.6100851452154034,0.040260920381414635,-0.04170182990157367,3.4729440423225078
2090,ais,0.0069523408448071145,0.6176939214166693,0.0407194525679235,-0.04194857083834602,3.542062222738288
2091,ais,0.006966929348378725,0.6217387393561759,0.040977867850662486,-0.04218935136131752,3.5853729010582644
2092,ais,0.006980495311847745,0.6260452184669059,0.04111640580881451,-0.04242440180076634,3.6730408607402687
2093,ais,0.006993491984036648,0.6298546060144374,0.04128027283826718,-0.04265392730614659,3.69847336116161
2094,ais,0.007005847847568747,0.6327808633383208,0.04145646401799892,-0.04287705868241065,3.698181782642099
2095,ais,0.00704548629993873,0.6342502052635314,0.04156740943632716,-0.043093701874804546,3.6978807290302367
2096,ais,0.007084101450599789,0.6349138026615558,0.041633218553496235,-0.04330545706097366,3.697570733790158
2097,ais,0.007120820942296824,0.6380983953894339,0.04174529090699722,-0.0435125416719645,3.7166298338340815
2098,ais,0.007155087072080235,0.6411713028746971,0.041857813987625024,-0.04368071975957566,3.789935527982273
2099,ais,0.007214973084263221,0.6442145259772696,0.041945608212321746,-0.04383879926360912,3.844097176389512
2100,ais,0.007239271326198171,0.6504120578180806,0.04221732495260643,-0.043990434857243965,3.9309556076596857
2101,ais,0.0072618575068741364,0.6535359760100409,0.04235011841291482,-0.04413702608607628,3.9295845629833126
2102,ais,0.007283086412907203,0.6554572661315385,0.04239939800787667,-0.04427893167366692,3.928213465889039
2103,ais,0.007205611083138441,0.6569196232150498,0.04245936471270716,-0.044416429759307485,3.9391261126558597
2104,ais,0.007201625528735267,0.6589756424399366,0.04253170051358323,-0.04454978781329888,4.0014833438149955
2105,ais,0.007206520306684894,0.6612952170913197,0.04261421763407287,-0.0446790324321944,4.000196162821218
2106,ais,0.007237835381651347,0.6639020128115655,0.0427582288245176,-0.04480441091616438,4.102251491089661
2107,ais,0.007300258165210405,0.6685501642648148,0.042988261138060535,-0.04492605767196289,4.116071666046608
2108,ais,0.007366406806108561,0.6700624431970198,0.0430219839572628,-0.04504411981044343,4.138630313397566
2109,ais,0.007399965773730033,0.6711651000713457,0.04304311736338237,-0.04515872019606792,4.137504680020494
2110,ais,0.0074229117131450195,0.6733590275033499,0.0431599761108866,-0.045270037382243444,4.177601901294565
2111,ais,0.007501855110714217,0.6744148554521959,0.04321572108303604,-0.04537686414614992,4.184064070922595
2112,ais,0.00750342977096663,0.6759071456825584,0.043234892622723016,-0.045479061303536655,4.239094171964687
2113,ais,0.007620573520317198,0.6770804982245312,0.04324500381846707,-0.045578505123796687,4.236419124044141
2114,ais,0.007632539587338005,0.679504679067882,0.043283290740044604,-0.04567533043467242,4.254176688270263
2115,ais,0.00766086015251366,0.6809655502917473,0.043327414465562625,-0.04579462007589907,4.2768029619812555
2116,ais,0.007688444292652807,0.6837251548716172,0.04343567178347058,-0.04586582825559182,4.2861660624780935
2117,ais,0.007715284445469539,0.6872165608921144,0.04356434151790651,-0.04600863717127979,4.340278335641493
2118,ais,0.007740270864437182,0.6901035855384511,0.04368366461458336,-0.04610634666359359,4.407153399275235
2119,ais,0.00775951293314181,0.6917038269214845,0.04372004218749852,-0.04624204112595842,4.437221728142259
2120,ais,0.007840842212369914,0.694501012340457,0.04376545540169047,-0.046376081995828676,4.4333907738043585
2121,ais,0.007849732331393966,0.6959898053997573,0.043774711880129845,-0.04650910714291634,4.429565526796491
2122,ais,0.00785787467942356,0.6980103209360218,0.04380201972296053,-0.046631921087941786,4.425745806183451
2123,ais,0.007855340376072828,0.7003511140644171,0.04385483550250331,-0.0467467177924874,4.42193146139275
2124,ais,0.00794011090718394,0.7025039916691442,0.04391402662622091,-0.04686002569072811,4.521043592632035
2125,ais,0.007945308247691685,0.7042155807535074,0.043965413062548274,-0.04697174072629873,4.518479466636384
2126,ais,0.007950157291541693,0.7054696904784653,0.04402412548131729,-0.04708191433399609,4.515917748788044
2127,ais,0.007956143613696565,0.7078307678535807,0.04409593680308479,-0.04718921208524754,4.513358180179341
2128,ais,0.007969872240315201,0.7097995774600656,0.044204222054421476,-0.04729360121524182,4.535703190685233
2129,ais,0.0079831617193995,0.7114590293664849,0.044233323014857225,-0.04737633122870455,4.534688498907891
2130,ais,0.00799589140119128,0.7122038803794526,0.04426534414091511,-0.047436840872115416,4.535993804867237
2131,ais,0.008007887820815629,0.7126254989150864,0.04425790821259241,-0.0474957536188364,4.5340672809613105
2132,ais,0.007994739226135916,0.713860613563935,0.04426595404175283,-0.047636808922152385,4.5321390499445435
2133,ais,0.008029995944264012,0.7154089290618076,0.04429133843329412,-0.047735192254926284,4.534472395408507
2134,ais,0.008042419974352732,0.7167713407672518,0.04429465809092427,-0.04781382583539662,4.532513214955744
2135,ais,0.008043050057537915,0.7173078190716285,0.04428972823887338,-0.04793298724610373,4.5305539138130415
2136,ais,0.008124033772022532,0.7178659043453481,0.04429209885974413,-0.048032289037333586,4.528594594019147
2137,ais,0.008133575490038236,0.7176152780638104,0.04427456511297923,-0.048111715862332316,4.526991328400596
2138,ais,0.008176057597603315,0.71899940322218,0.044280615457962684,-0.04806963723926638,4.525987253483517
2139,ais,0.008220867956842959,0.7198735296251547,0.044274197286106265,-0.0481329626444027,4.524983878415641
2140,ais,0.00827660655231588,0.7204649270155087,0.04426288252505396,-0.04819471454919566,4.523981213499155
2141,ais,0.008283478569504066,0.7213359431516797,0.044271980287489764,-0.04825568349653975,4.522857365445904
2142,ais,0.008462071111225988,0.7223980999035658,0.04429919002544451,-0.048315919006581276,4.522911454817128
2143,ais,0.00843083397967792,0.7228474798762047,0.04429272591929644,-0.048375416961387585,4.521873937240194
2144,ais,0.008550594167644476,0.7234003950842143,0.044284518126722544,-0.04843421035491957,4.520837055940441
2145,ais,0.008554950899835934,0.7244836377774173,0.04429803611929806,-0.0484858810521438,4.519800818563194
2146,ais,0.008558899607563397,0.7261719303500154,0.04433683180806454,-0.04852508447798067,4.529901039520543
2147,ais,0.008607469505733434,0.7268659626269127,0.04435081296997343,-0.048563734073611274,4.539304060115849
2148,ais,0.008737755765764632,0.7282982619025022,0.04435772611380343,-0.04860186342924664,4.535449958491387
2149,ais,0.008785847586773032,0.7285050597054674,0.044344354936315174,-0.048639474436910766,4.531599204868443
2150,ais,0.008856961078884229,0.7282570132141136,0.04432657016810524,-0.04867662652062441,4.5277518540459525
2151,ais,0.009014680427332777,0.7280522592833311,0.04430846717448028,-0.04857580685072636,4.523907877965434
2152,ais,0.009145260205240202,0.7289340595032543,0.044309248925479716,-0.048649810136350856,4.520067333596742
2153,ais,0.00916944435034317,0.7286611841143229,0.044291823406698065,-0.048746024136034904,4.516939413323395
2154,ais,0.00922363230609946,0.7303541038937814,0.04429974223132365,-0.048814316706664716,4.5158594521743405
2155,ais,0.009227950779145289,0.7307100521677421,0.0442953478488116,-0.04891425122076076,4.5148601682077745
2156,ais,0.009236666952345374,0.7317974921784357,0.04432703098978678,-0.049064364198194155,4.614923532303378
2157,ais,0.009345709702589744,0.7323733245591968,0.04432668710612541,-0.049160415122156964,4.6129839070617695
2158,ais,0.009448617060342723,0.7341732624962499,0.044354992082111515,-0.04921728173830633,4.611045624019593
2159,ais,0.009459255236782482,0.7347071823985059,0.04435246999679231,-0.04927249666351161,4.609108635030641
2160,ais,0.009536046990804348,0.7357494325826901,0.044351681366886275,-0.04932728977466491,4.607172985158119
2161,ais,0.009515392538972378,0.7362012282237533,0.04434377090497217,-0.049381663502803236,4.6052386529280716
2162,ais,0.009750753584275351,0.7360375226126766,0.0443257114027362,-0.049434503390412,4.603305664755788
2163,ais,0.009787773161329394,0.7362507674756787,0.044310320397195686,-0.04948515006149734,4.601374067424121
2164,ais,0.010015420593918023,0.7368022076958646,0.04429774085528305,-0.04953777874498355,4.599443784037899
2165,ais,0.01006502779668006,0.7379322337772014,0.04431672072623592,-0.04962381383077419,4.643064763364799
2166,ais,0.010035840425725695,0.7387983604848635,0.04433012688090025,-0.04970884128181918,4.640694424880504
2167,ais,0.009971436969207659,0.7390520310676136,0.044323369009765606,-0.049664861800324256,4.638326515794164
2168,ais,0.009906804532739066,0.7388004846013114,0.044305764302374026,-0.04971649522532817,4.635961097440678
2169,ais,0.01001774632187713,0.738498205504844,0.04428841406147864,-0.049766069424605486,4.633598152208021
2170,ais,0.010138216184013338,0.7382599404481854,0.044270721763130544,-0.049838012978019736,4.631237884539733
2171,ais,0.010191767883988234,0.7380105156390917,0.04425300173426192,-0.04995091831546783,4.6288803485189645
2172,ais,0.010402454909863579,0.7377893570139181,0.0442350485634124,-0.04979761509408709,4.626525338506763
2173,ais,0.01047521113765626,0.7382789747741904,0.04422099130054629,-0.04985737125685219,4.624172840847098
2174,ais,0.010552169727057414,0.7387627974527613,0.0442088304209128,-0.04970282963851105,4.621822679090181
2175,ais,0.01069915534217003,0.738989760954264,0.04420017356578207,-0.049809872993480525,4.61947496288669
2176,ais,0.010604457362128894,0.7390501107632456,0.04418610194927355,-0.04991636972842284,4.617129547684956
2177,ais,0.01081187351628099,0.7391882493085856,0.04417492537292107,-0.050025339812175135,4.6147864615335905
2178,ais,0.01103635564410066,0.7392532794695432,0.04416008924912949,-0.04999093297533674,4.612445731587236
2179,ais,0.011330129361070362,0.7392167922583203,0.04414251782412269,-0.05008258784503394,4.610067426222338
2180,ais,0.011392537020061155,0.7394699787374894,0.044124011997553676,-0.050173480424435236,4.60763940056711
2181,ais,0.011509521463726191,0.7391861755336022,0.0441078223571693,-0.050263605626275104,4.605213685032521
2182,ais,0.012420726606116261,0.7390247391252371,0.04409050507458556,-0.0501025228012518,4.602790271221872
2183,ais,0.012573728379916993,0.7387768644869418,0.044072952382639655,-0.050153453346782756,4.600369183726577
2184,ais,0.01290215154840979,0.738586133228013,0.04405491542088754,-0.050037133361978146,4.597950338900235
2185,ais,0.013095110388483988,0.7387549142004407,0.04403889243177148,-0.05008558208305647,4.595533649371099
2186,ais,0.01321079864905439,0.7384917763461788,0.04402154216054673,-0.050133557917769744,4.59311910337501
2187,ais,0.013450320448849418,0.7383269214241392,0.044005318791812305,-0.05018105073135992,4.590706639842216
2188,ais,0.013686464008938248,0.7384280261407369,0.04398820503411851,-0.05022805111400406,4.588296255190287
2189,ais,0.013797278216964859,0.7392870543352824,0.04398469447512674,-0.05027460163531838,4.58588798794852
2190,ais,0.013818699656536815,0.7390031102715532,0.04396947852085698,-0.05035247717907154,4.583481904504148
2191,ais,0.014006232912127992,0.7397822866323248,0.04396591222438813,-0.05036637162243954,4.581078056327033
2192,ais,0.013929498514075433,0.7394937924475619,0.04394929600909095,-0.05041163359492784,4.578676484688093
2193,ais,0.014340196338441746,0.7392626443444861,0.043931946127020505,-0.05045652896281616,4.5762772555455165
2194,ais,0.014283032335310253,0.7396677930087796,0.04392558919573092,-0.050501004927344106,4.573880293148785
2195,ais,0.014355307562596842,0.7399737070850394,0.04391868856328271,-0.05054513999793062,4.571485634258958
2196,ais,0.01436833748795241,0.7397542263367757,0.04390128204550156,-0.05019895192447277,4.5690932045050765
2197,ais,0.014354822113948451,0.7394353968256678,0.04388453088683662,-0.05028316960907553,4.566702965889419
2198,ais,0.014399921154683692,0.7395737427084815,0.043866164025237804,-0.04954198801402727,4.564314968153496
2199,ais,0.014361613343794044,0.7392663025993264,0.04384947537918196,-0.04968478170215356,4.56192909696652
2200,ais,0.014399725616165426,0.7390767514914857,0.04383165826396855,-0.04982561826184546,4.559545467220086
2201,ais,0.014382585734618036,0.73881681777321,0.04381468732350925,-0.04996457608085855,4.557164050766016
2202,ais,0.014367605121867744,0.7385318188322472,0.04379771630329851,-0.050093515775706005,4.554784910158096
2203,ais,0.01433372699199964,0.738225835631308,0.0437813109509888,-0.05023681667980395,4.552408094688727
2204,ais,0.014341140024803689,0.7380528675763207,0.04376373804020913,-0.050348807765957376,4.550033650770833
2205,ais,0.01447250535222011,0.737858649869029,0.043746620267629446,-0.05038510544192478,4.5476616631076645
2206,ais,0.014428060556010536,0.7376325471585532,0.04372933462146463,-0.05043618793975399,4.54529201759533
2207,ais,0.014385906179803065,0.7383062582264317,0.043723480006299845,-0.05057183483753529,4.542924711684745
2208,ais,0.01435984856708572,0.7379721942281838,0.04370713744317928,-0.050705831334767866,4.540559609779532
2209,ais,0.014333964306284308,0.7377369266119304,0.04369064253034165,-0.05083827175987721,4.538196787226677
2210,ais,0.014329004983132165,0.7375224871470644,0.04367396874352608,-0.05096840040678145,4.535836141838629
2211,ais,0.014498330870844178,0.7372687860386016,0.04366108039319017,-0.05109322102491292,4.533477784699256
2212,ais,0.014558158620531003,0.7369922302307558,0.0436445533365549,-0.05121647623358192,4.531121701208606
2213,ais,0.014526932679897797,0.736649954385175,0.0436281826303966,-0.05126542188538852,4.52876793994828
2214,ais,0.014462526259534147,0.7363303923410927,0.04361165020450127,-0.05127227588826666,4.526416542709714
2215,ais,0.014453160494986683,0.7361054496399311,0.043596187821064274,-0.051261312348349096,4.524067512935192
2216,ais,0.014384494349767074,0.7358473009102092,0.04357949472970239,-0.05125028711237447,4.5217208259245245
2217,ais,0.014336510876672648,0.7355197186861596,0.04356355090254564,-0.051239198473261326,4.519376459120721
2218,ais,0.014319707319010888,0.7351946448446977,0.04354780051884715,-0.05122807826300328,4.517034422012796
2219,ais,0.01430308659143309,0.73489786330815,0.04353140847470385,-0.051216892174145115,4.514694802413203
2220,ais,0.014286656831147049,0.7346095867547418,0.043515365816062,-0.051311901223491406,4.512357499678165
2221,ais,0.014252108333584701,0.7343400734570595,0.043501077019542894,-0.05140911094365275,4.510022547895986
2222,ais,0.014271190818793134,0.734114722401206,0.04348591105804197,-0.05150553530561024,4.507689948084826
2223,ais,0.014217679385925663,0.733840029582683,0.043469187409101696,-0.051601173052124194,4.505359725971913
2224,ais,0.014165881539429215,0.7335598221773805,0.043453739745041305,-0.051655981333313505,4.503031878449353
2225,ais,0.014104783990160463,0.7332804179791262,0.04343951988803238,-0.051705735416833765,4.500706366756257
2226,ais,0.014026228286216913,0.7330075697249995,0.04342362888931847,-0.051788683226453046,4.49838321186413
2227,ais,0.01397295947578936,0.7327037433055203,0.043409257996381435,-0.05186918983807729,4.49606246550543
2228,ais,0.013903453593022697,0.7324163110561117,0.04339409642268487,-0.051946165063458505,4.49374411094709
2229,ais,0.013858711675617919,0.7321248236019635,0.043377878975472,-0.05202170007242657,4.491428092624335
2230,ais,0.013866655917433413,0.7318694131165646,0.04336223555222807,-0.05207818827893393,4.489114477827687
2231,ais,0.013964565821350305,0.7316089224243915,0.04334545774817616,-0.0521151193812186,4.486803202355515
2232,ais,0.014052657091278675,0.731358200951632,0.043330378878703064,-0.05204330920149896,4.4844942989890795
2233,ais,0.014033229136250824,0.7310251913728134,0.04331422342354901,-0.05216818007948709,4.482187738859923
2234,ais,0.014013951297942029,0.7307109317490936,0.043299083153841886,-0.05221974246433017,4.479883489782328
2235,ais,0.01399462547899688,0.7304258611028147,0.043284370151096305,-0.052258535842903825,4.49361651348781
2236,ais,0.013969191484819454,0.7301229365215633,0.043268023400986344,-0.052295708816650466,4.490561319205753
2237,ais,0.013944002578258896,0.7298252389716875,0.04325168320525885,-0.052330999374134275,4.487499167324782
2238,ais,0.013919042057109365,0.7295572166133083,0.043235098492470835,-0.05225415777443895,4.484438517984609
2239,ais,0.013894306967016767,0.7292425444355772,0.04321943356821247,-0.05238568790750406,4.481379841136112
2240,ais,0.013847684357010337,0.7289785043721949,0.04320315120193279,-0.05242542193882422,4.478323428836145
2241,ais,0.013890680079409634,0.7287320628233459,0.04318645355732734,-0.0524649626860723,4.475268868262116
2242,ais,0.01382349076822642,0.7283976826197338,0.04317044697500794,-0.05250396219805093,4.472216149146088
2243,ais,0.013729275591301437,0.7280723301609412,0.04315447970533366,-0.05253630059057934,4.469165344914082
2244,ais,0.01361886185241623,0.7278306275703672,0.04313892335070844,-0.05256828434754765,4.466116331787448
2245,ais,0.013557149965332194,0.7275646175697064,0.043126172067269784,-0.05260009882088592,4.463068778997111
2246,ais,0.01353078364340643,0.7272927096501318,0.0431101415928364,-0.05255287695153319,4.4600228977872165
2247,ais,0.013755269688109806,0.7270298475712328,0.04309362130546151,-0.05260409245383402,4.456978731442496
2248,ais,0.013680096388190677,0.7267190332383853,0.043077521446070896,-0.05265464979991528,4.453936483649853
2249,ais,0.013610531116182933,0.7263872147511609,0.043061600257909755,-0.052704612773688896,4.4508963159985955
2250,ais,0.013555630091137694,0.7260558359220993,0.043045688745598665,-0.05273938014827704,4.447858720969419
2251,ais,0.013500989669368302,0.7257463056740039,0.04302963023301806,-0.05277145602101489,4.4448238728083656
2252,ais,0.013446587825955092,0.72543741398595,0.04301359045709403,-0.052803387261653616,4.441791480379775
2253,ais,0.013392473313900588,0.7251293916911709,0.04299789055456357,-0.05283511492946498,4.438761465640005
2254,ais,0.013316123808583491,0.7248002111304234,0.042982016306184916,-0.05286667128217375,4.435733620815696
2255,ais,0.013287152481645137,0.7244882695122676,0.04296619324213437,-0.052898039654853554,4.4327077767818475
2256,ais,0.013268438678987415,0.7241599092922942,0.04295034060061223,-0.05292921694687078,4.429821389842219
2257,ais,0.013249898819307049,0.7238663405730256,0.042934994328769426,-0.05296016281774074,4.4280218030114895
2258,ais,0.013231526519907888,0.7235500960038628,0.04291906419603584,-0.05266870760602278,4.426223430027379
2259,ais,0.013209482899262603,0.7232230885268532,0.04290324164525944,-0.052717046518084704,4.424426276889345
2260,ais,0.013186330880959218,0.7228964682348297,0.042887430373785784,-0.05298832205718429,4.422630308762851
2261,ais,0.013163395659104182,0.7226044311337808,0.042872301627760734,-0.05308202468116101,4.420835512863102
2262,ais,0.013133998185749896,0.7223319027865128,0.04285725172029393,-0.05311203697169753,4.419041853583554
2263,ais,0.013099265757932521,0.7220760927791618,0.0428415010872741,-0.05314188940554576,4.417249361198303
2264,ais,0.013064793984329803,0.7217516751816128,0.042825728514890124,-0.053182284179894165,4.415458066453928
2265,ais,0.01303055940857245,0.7214564827132836,0.04281095619462242,-0.05327825360378941,4.413667909768856
2266,ais,0.013051625649240783,0.7211584247609326,0.04279499711079701,-0.05337288705957692,4.411878879412654
2267,ais,0.013029850207440852,0.7208699602810845,0.0427791923642574,-0.053466731568929934,4.410091037881787
2268,ais,0.013008250611211913,0.7205662040387745,0.04276380246586066,-0.053491514865768884,4.408304321330012
2269,ais,0.012986823838174288,0.7202437841823679,0.04274807793146822,-0.053512997953017984,4.4065187765679585
2270,ais,0.012965582567963985,0.7199217513129633,0.042732360633158356,-0.05353436094312658,4.404734343356529
2271,ais,0.01291660014751006,0.7196264027651564,0.04271707216663483,-0.053555563624107516,4.403422399481672
2272,ais,0.0128225842877141,0.7193053735430929,0.042701375845586205,-0.05357662336342659,4.4024517494593685
2273,ais,0.012786487786475398,0.7189896987702211,0.042685946819213734,-0.053597519726020226,4.401481519406468
2274,ais,0.012754633209300259,0.7186711906161714,0.04267031677498025,-0.053618274490222495,4.400511725001456
2275,ais,0.012704460459062261,0.7183530897815321,0.04265469223048771,-0.05365852680708425,4.399542343225116
2276,ais,0.012631273991409842,0.7180444554461767,0.04263893636481973,-0.053789247750528624,4.39857337314712
2277,ais,0.012649834004735183,0.7177542741757523,0.042623617262741054,-0.053893027463033906,4.397604810234427
2278,ais,0.012558578551725041,0.7174539279674915,0.042608404283312896,-0.05393285566773152,4.396636635737035
2279,ais,0.012467769376312887,0.7171689040263393,0.042592851554189265,-0.05397213786380748,4.395668898626053
2280,ais,0.012377401367152707,0.7168515030764879,0.042577221985402154,-0.05401098345020716,4.394701550257615
2281,ais,0.012337143470686485,0.7165343412963728,0.04256160157581348,-0.05404460643291187,4.393733156875382
2282,ais,0.012298863817755468,0.7162481035830769,0.04254606134215355,-0.05407567506658091,4.392733236680647
2283,ais,0.012260876856863057,0.7159576751379354,0.04253032694965924,-0.054108429174512286,4.391733695208941
2284,ais,0.012202530362776187,0.7156676979797084,0.04251461657475732,-0.054207545360172874,4.390734561273248
2285,ais,0.012136461560928957,0.7153941405734394,0.04249975399498542,-0.05430607509592025,4.389735814821207
2286,ais,0.012070922750535118,0.7151211030821464,0.042484927815129574,-0.05432720631283985,4.388737478773884
2287,ais,0.01201042801276575,0.7148324964899319,0.042469299330299075,-0.05432440820854194,4.38773951624141
2288,ais,0.01196222925251611,0.7145441748844447,0.042453689071995614,-0.054318845328387155,4.3867419419270846
2289,ais,0.011914337516572004,0.7142513637150433,0.04243851313283268,-0.05431319822919347,4.385744757902722
2290,ais,0.011874485108831045,0.7139744736681487,0.0424235959376477,-0.0543210431040503,4.384747948019391
2291,ais,0.01183849856352115,0.7136825298222964,0.04240846120041586,-0.05434955033440243,4.382497027444011
2292,ais,0.01180265977828121,0.7133908908870388,0.042393343365646305,-0.054377697768962285,4.379800741436662
2293,ais,0.01176698286863953,0.7130996578097186,0.042378244158163166,-0.05440543362054351,4.377106570035598
2294,ais,0.01173146509919576,0.7127879840873946,0.042362741344702595,-0.054432815028121515,4.374414496581274
2295,ais,0.01169610394718923,0.7125002189200862,0.042347466653725394,-0.0544597861504915,4.37172447588996
2296,ais,0.01166088721962133,0.7122338014283943,0.042332636624373594,-0.05448640974110202,4.368997710499412
2297,ais,0.01162580933717372,0.7119679859222042,0.04231784249435982,-0.054512640970036406,4.366250720860216
2298,ais,0.011567154105402544,0.711658068241519,0.04230237505147244,-0.054538544679924694,4.3635052634074585
2299,ais,0.011507397571863365,0.7113741210595106,0.042286872008999665,-0.05456411521680673,4.360761303597576
2300,ais,0.011447986260076704,0.7110907993455698,0.042271392649098474,-0.054589347797993786,4.358018963620376
2025,te,0.0,0.0,0.0,0.0,0.0
2026,te,0.0,0.0,0.0,0.0,0.0
2027,te,0.0,0.0,0.0,0.0,0.0
2028,te,0.0,0.0,0.0,0.0,0.0
2029,te,0.0,0.0,0.0,0.0,0.0
2030,te,0.0,0.0,0.0,0.0,0.0
2031,te,0.02756219219627365,0.02812733499999816,0.0001404824652285677,0.018688503491495933,0.03932732636329855
2032,te,0.04956318627388434,0.050405931881020834,0.0002584421435411992,0.033051137890256155,0.07132148981320324
2033,te,0.0676457323947457,0.06888931322554638,0.00036076307567316435,0.04466529590467265,0.09801506375172377
2034,te,0.08341713950836538,0.08459416837035033,0.00045121165151746945,0.054526606589285945,0.12115897961877531
2035,te,0.09681905001453295,0.09810543771395154,0.0005319551320779645,0.06335476190539971,0.14142273254206295
2036,te,0.10815617951171097,0.10980985719890017,0.0006043960189537782,0.07084334769901912,0.15829602360657494
2037,te,0.11788163702253751,0.12002475800950578,0.0006697089458836826,0.0771306402538812,0.174049851498947
2038,te,0.12676943427578946,0.12898937379618974,0.0007287913177181248,0.08222175648081657,0.1874234681928971
2039,te,0.1344707457098666,0.1368917282095056,0.0007823663176193303,0.08689576286883942,0.19986023556727184
2040,te,0.14125220869053656,0.14388360162163832,0.0008310381144606266,0.09126957119768897,0.21078870291252455
2041,te,0.14709160904043195,0.15008973758160116,0.0008753241208791676,0.09463179143527256,0.22094448232174296
2042,te,0.15218360819991128,0.15560112977553897,0.0009156179155355368,0.09839774332633522,0.23020804364937456
2043,te,0.1569031195070636,0.16049718527936785,0.0009522752885650332,0.10097015501410961,0.23928052448344514
2044,te,0.16074647625352867,0.1648469951645528,0.000985618718584538,0.10334864683315545,0.24645142843959578
2045,te,0.16475510237052937,0.1687107153506832,0.001015940483799,0.1052005046537952,0.25294170865327903
2046,te,0.16802694486559178,0.17214086370406756,0.0010435062773769784,0.10668910205025636,0.25818583183870236
2047,te,0.17090076566816048,0.17518309064867266,0.0010685561224150631,0.1080416322033861,0.2637215845954401
2048,te,0.17322679756306858,0.17787776314340134,0.0010913095284477618,0.10945394824277287,0.26759242117766063
2049,te,0.17543352748982954,0.1802606580077582,0.0011119671611979024,0.110781003435953,0.2710853271186398
2050,te,0.17740164798849412,0.18236348036244904,0.0011307122784588281,0.11182123007844483,0.27445831131319404
2051,te,0.17940486862614247,0.18421439578998247,0.0011477123220641644,0.11243870015522898,0.2772025981037506
2052,te,0.1807311817577264,0.18583633942087766,0.0011631110092777427,0.1130768825178802,0.28023222134052217
2053,te,0.18184862132878088,0.1872501412508837,0.0011770404296365718,0.11341110686269333,0.28267284456756475
2054,te,0.1829521241555474,0.18847467215460653,0.001189621820630022,0.11387692303699443,0.2850001313068608
2055,te,0.18392818344645434,0.18952700009463422,0.0012009661713086837,0.11417989402164128,0.2866955505955157
2056,te,0.18479292862304408,0.19042255796544094,0.0012111752784494775,0.11424046766592247,0.28811186322928484
2057,te,0.18553847079832408,0.19117504381075884,0.001220341158830881,0.11457491144011693,0.28904874219991533
2058,te,0.18616165186542233,0.19179697339304375,0.0012285486015175835,0.11478350116756647,0.29015219084869126
2059,te,0.18633040242595555,0.19229977125362954,0.001235875271820028,0.11460288694891996,0.29198804107933135
2060,te,0.18686271937525412,0.19269383427350462,0.0012423927592114536,0.11453149083439115,0.29376204626278396
2061,te,0.18727490745503506,0.19298863689479998,0.0012481665965751532,0.11461915067882344,0.2948131614375984
2062,te,0.18728120866867393,0.19319317324955176,0.0012532582866220518,0.11445070351302071,0.2953705652167604
2063,te,0.18743382723523183,0.19331553295706658,0.0012577241203865321,0.11437898050166874,0.2957204830773195
2064,te,0.18738100692396475,0.19336304312345085,0.0012616153607636828,0.11448912948939399,0.2957950266242698
2065,te,0.18702394531404654,0.19334235435586666,0.001264978957497948,0.11400292308693065,0.2963071769998241
2066,te,0.18725734181062847,0.19325951489880583,0.001267857751423747,0.11348939486759604,0.2968117039070683
2067,te,0.18700041014293145,0.19311913428845498,0.0012702874960335228,0.11306407823534408,0.29621890192614336
2068,te,0.1868028283234695,0.19292565291932032,0.0012723015959557134,0.11274592483016725,0.29650149510941526
2069,te,0.1864083165252417,0.19268323656982864,0.00127393094297335,0.11250380612766904,0.29655809395512733
2070,te,0.185991808962239,0.19239580716453178,0.0012752041696342808,0.11245947161517651,0.29687093675328935
2071,te,0.18559826275072933,0.19206700354481016,0.0012761480327226553,0.11195691074707695,0.29661101863729245
2072,te,0.18518283083100417,0.19169979641903612,0.001276785337326522,0.11105346600473917,0.2968839151748657
2073,te,0.18446543019199346,0.1912970346270208,0.001277137695325405,0.11072844579096541,0.29700649229708753
2074,te,0.1840457989023685,0.19086144091010054,0.0012772251009845778,0.1105328815804592,0.2972209037517805
2075,te,0.1834435532775549,0.19039559417225768,0.0012770663247481276,0.11031449095061956,0.29603484914038575
2076,te,0.18302823127250445,0.18990194000081428,0.001276678819557847,0.10992265910198254,0.2948827418242196
2077,te,0.18252887429328712,0.18938275362874976,0.0012760789464524877,0.10941819964052284,0.2941155828303959
2078,te,0.18205853307257325,0.18884020647841127,0.0012752821718695323,0.10920441488763588,0.2937398284763182
2079,te,0.18135302005984144,0.18827635190892889,0.0012743032065495677,0.10889879148634823,0.2925099028344998
2080,te,0.18083686809477495,0.18769310873389417,0.0012731559477009843,0.10799957829764929,0.29236011165363646
2081,te,0.18041396612916571,0.18709227615982466,0.0012718532711373412,0.10756141392360093,0.29211488741524605
2082,te,0.17966451621655466,0.18647551971622345,0.0012704073799391904,0.10706867269737974,0.2910487153531237
2083,te,0.1789050637593892,0.1858443506319664,0.0012688294927683966,0.10679661421850817,0.2897829354672865
2084,te,0.17830691790082742,0.18520015879388735,0.0012671294350999663,0.10642418146775467,0.28939017353389307
2085,te,0.17783143548239977,0.18454422612961474,0.001265316837321085,0.1059447249272452,0.28791021668733574
2086,te,0.17719203104863457,0.18387774186814607,0.001263399969775665,0.10546198412684288,0.28643193095810626
2087,te,0.17643839891316215,0.18320172265870588,0.0012613867177384234,0.10521634985399712,0.2855721701968468
2088,te,0.1753898423520619,0.18251716256562253,0.0012592844818985211,0.10451256559244877,0.2850331423840181
2089,te,0.17479984619976285,0.18182500431128165,0.0012571001725514323,0.10386528960682657,0.28458177735873735
2090,te,0.1741532243127608,0.18112614446129788,0.0012548405498376963,0.10332920365662907,0.2842168282265534
2091,te,0.1733357043059156,0.18042142431016805,0.0012525117435056938,0.10293446936347718,0.2838277370778526
2092,te,0.1725759369276636,0.17971164942646983,0.0012501198898077813,0.10252286118764777,0.2832910895705604
2093,te,0.17205462019930096,0.1789976107319069,0.0012476707277801547,0.10193322899189355,0.2824120962913906
2094,te,0.1712577482258233,0.17828002616388625,0.0012451700108994548,0.10126289067500212,0.28088522006219596
2095,te,0.17029953109849494,0.17755955436476362,0.0012426228020650362,0.1007969630273525,0.2799687214658153
2096,te,0.16980545430808647,0.17683680384467512,0.0012400341602176784,0.10045137599955503,0.2792393459632523
2097,te,0.16903322046072233,0.17611233018087633,0.0012374085240304245,0.10003356678707265,0.27763149735970905
2098,te,0.16820823793991568,0.17538663107521996,0.0012347500349212438,0.09977160891295993,0.27668551515599304
2099,te,0.16757499326965686,0.17466015737128207,0.0012320626132739918,0.09944591171292881,0.2753125577351348
2100,te,0.16669592564489477,0.17393333677831924,0.0012293497212974085,0.09907530502663099,0.27470570993424576
2101,te,0.16597918839888237,0.17320653934223557,0.001226614756049123,0.09878883744510966,0.27348500602274256
2102,te,0.16522840725102128,0.17248019320478364,0.0012238609482886904,0.09833302903035741,0.27224337415350364
2103,te,0.16428791120465558,0.17175463740716745,0.0012210915170812275,0.0977666913401423,0.27092751999668574
2104,te,0.1635383052862318,0.17103019124803934,0.0012183090631301668,0.09724834970257579,0.26932724800945773
2105,te,0.16263162019892174,0.1703071254735761,0.0012155162549859408,0.09615403611332081,0.26854882065950236
2106,te,0.16185074875055605,0.16958567664859867,0.0012127152957046932,0.0958489079208208,0.2673199219033545
2107,te,0.16124677096217965,0.16886604476776754,0.00120990817877371,0.09554838997865396,0.2660218503062779
2108,te,0.16042313652966378,0.1681484287691526,0.0012070969519868704,0.09507341569685246,0.26496839385761917
2109,te,0.1596057774074957,0.1674329843462135,0.001204283335522676,0.09471192401555406,0.2639375052169411
2110,te,0.15896591638179292,0.1667198596106947,0.0012014689415307056,0.09408256999271379,0.26311635797884597
2111,te,0.1582083008192141,0.1660091865172346,0.0011986552982193104,0.09327633795580761,0.2618923856854353
2112,te,0.15771475961878068,0.16530108334304486,0.0011958437588615535,0.09279278040279912,0.2608607715415715
2113,te,0.15708473308749493,0.16459565779187332,0.0011930355418847119,0.0921599939598475,0.2598037845881736
2114,te,0.1564118765074598,0.16389300333246887,0.0011902320291363377,0.09172181208230885,0.25882756075002233
2115,te,0.15569940505875923,0.16319320973057222,0.0011874342771980753,0.09112929927064509,0.25780939465099784
2116,te,0.1551115794817095,0.1624963471464684,0.0011846433929720592,0.09064603545067085,0.25679014076106216
2117,te,0.15452544558379167,0.16180248043923917,0.0011818603041254543,0.09016021395574524,0.255770467427163
2118,te,0.15399584207336403,0.16111166469218927,0.0011790858420556328,0.08950252840127755,0.25472126939480333
2119,te,0.15336173628849625,0.16042395422925926,0.001176320798063869,0.08916096380654831,0.25305380732701077
2120,te,0.15282487881006546,0.15973937548559605,0.001173565738709478,0.08866201463342262,0.2518906863991599
2121,te,0.15207339661326813,0.15905796544204695,0.0011708213610913364,0.08779672780249773,0.2512367443555879
2122,te,0.15146921911498,0.15837975398913712,0.0011680883354809306,0.087049099721966,0.2505808841861574
2123,te,0.1508652952839924,0.1577047676471935,0.0011653670998795498,0.08670043576018802,0.24957724046928945
2124,te,0.15023075680562137,0.15703303444561192,0.0011626582112090964,0.0863765141058983,0.24855777521483532
2125,te,0.14963785165322552,0.15636457060577313,0.001159962154895282,0.08606606646055939,0.24750888126320003
2126,te,0.14891236762595295,0.155699391614033,0.0011572794724301122,0.08568315809364746,0.24623017862553098
2127,te,0.1481192104955964,0.15503751041884578,0.0011546104753943096,0.08522025179609988,0.24546210114688677
2128,te,0.14743094732158468,0.15437893249959347,0.0011519554524872945,0.08438389779273958,0.24455439679977412
2129,te,0.14687312524202945,0.15372365494245538,0.0011493146386575013,0.08373197717851318,0.24406147754511218
2130,te,0.14624723230372716,0.15307168066408844,0.0011466883627244263,0.083335209874219,0.243358555095233
2131,te,0.14564139351211924,0.15242300959243194,0.0011440768610543393,0.08289547520375669,0.24223518343286637
2132,te,0.14501434896571297,0.1517776293464895,0.0011414800980696891,0.0825151698426109,0.24111812487246773
2133,te,0.14440562847377425,0.15113553838089103,0.0011388983280722507,0.08178674539949107,0.24020069051565116
2134,te,0.1440757136539048,0.15049672992580604,0.0011363317287331899,0.08130004795812534,0.23953432427070512
2135,te,0.14356624066666335,0.14986119540717552,0.0011337804993534393,0.08086633365826446,0.23830734187531294
2136,te,0.14302921960188186,0.1492289276787933,0.0011312445943233772,0.08024051413588724,0.23747764292056067
2137,te,0.14222520924414184,0.14859991486502788,0.0011287240763670013,0.07986821031172671,0.23663682887317367
2138,te,0.1417004518746694,0.14797414506254344,0.0011262192133195,0.07924726731286968,0.23575528016454203
2139,te,0.14112670303578767,0.14735159957422284,0.0011237298030788029,0.07842078987784377,0.2349178500448328
2140,te,0.14049842021968928,0.14673227109094802,0.0011212559418713164,0.07804329365315228,0.23423959565590677
2141,te,0.13987425500993833,0.14611612874362612,0.0011187974708496294,0.07742953764290386,0.23389394334724203
2142,te,0.1392091327176166,0.14550315965355565,0.0011163544297033115,0.07713809374294378,0.23310105866683287
2143,te,0.138600005827195,0.14489334117491856,0.001113926762259346,0.07686746795361783,0.2324580429718894
2144,te,0.1380288866673105,0.14428665361588594,0.0011115143075902535,0.07645034787012976,0.23213463496137923
2145,te,0.13750059838528994,0.14368308242680577,0.0011091170074930415,0.07594830974258421,0.2309749780893673
2146,te,0.13698521570711808,0.14308260554514068,0.0011067349035484514,0.0753042406327732,0.23000100420306543
2147,te,0.13627946766752164,0.14248519744877564,0.0011043677769970463,0.07495723056889814,0.22960387164996338
2148,te,0.13565054424252931,0.1418908378426923,0.0011020155026258585,0.07478517147693431,0.22884597013975438
2149,te,0.1351775208843664,0.1412995107699147,0.0010996780246840814,0.07441583703837758,0.227841299470678
2150,te,0.13461807644750046,0.1407111923795179,0.0010973551283495362,0.07425073591514098,0.2269785935130817
2151,te,0.1340777690923609,0.14012585662770913,0.0010950468086067312,0.07409351686679547,0.22656095351155897
2152,te,0.13341800303144247,0.13954347871910536,0.0010927527211001225,0.07340045992268913,0.22614319799128327
2153,te,0.1328646486149445,0.13896403934411575,0.0010904728651754565,0.07311699537875721,0.22569806342541351
2154,te,0.13243238707642746,0.13838751123014226,0.0010882069712194837,0.07295759778563297,0.22525077781091055
2155,te,0.13196974520657445,0.13781387376456342,0.0010859548159720537,0.07255583350063616,0.22480341726358757
2156,te,0.13145465856205085,0.13724309925513165,0.0010837162952508118,0.0721680022045708,0.2242060869391805
2157,te,0.13082071817865426,0.13667517128844253,0.0010814912446761155,0.07177762941952014,0.22330423663310126
2158,te,0.1302595361242478,0.13611005659670275,0.0010792794860040164,0.07138468192398051,0.22238453013735437
2159,te,0.12966588095210074,0.1355477428743332,0.001077080874177162,0.07079712162393292,0.22145626267903307
2160,te,0.12901265362219938,0.13498820600802783,0.0010748950923979892,0.07042470501924382,0.2205517987573243
2161,te,0.12846653893982385,0.1344314126595608,0.0010727220007929325,0.07000523632456153,0.2196685076957191
2162,te,0.12794102175365918,0.13387734662840434,0.0010705613779870742,0.06959016129839198,0.2187434588189385
2163,te,0.12731965403277812,0.13332597892428288,0.0010684130678071892,0.06911474747161836,0.21786039585681818
2164,te,0.1267179524222506,0.13277728498125274,0.0010662766476805486,0.06861385247619833,0.21751981571798423
2165,te,0.1262282304241591,0.13223123557970945,0.0010641522100713887,0.06837870686715397,0.21703124794623127
2166,te,0.1258155321353165,0.13168780379937461,0.0010620391321512926,0.0679825220033429,0.21582362729996765
2167,te,0.1254389281731525,0.13114697024573402,0.0010599373960873343,0.06735810739376778,0.21463438527306306
2168,te,0.12494461302772653,0.130608703759403,0.0010578468690333903,0.0669946471288675,0.21344251490802163
2169,te,0.12447394434301007,0.13007298652433544,0.0010557671173390363,0.06655697760776666,0.21255179528223292
2170,te,0.12391360901392545,0.12953979190855405,0.0010536980466388413,0.06618154818707174,0.21169183076794354
2171,te,0.1233290246463703,0.12900910374426927,0.0010516394553984677,0.06591073150056809,0.21117481724891665
2172,te,0.1229050419612685,0.12848089074188696,0.0010495908800696291,0.06562112078576235,0.21000180747279998
2173,te,0.12241446313635329,0.12795513683561507,0.0010475524877529075,0.06516032100920857,0.20923759718954443
2174,te,0.12191543689938555,0.12743180825126288,0.0010455236327708845,0.06486480794825758,0.20852401793528014
2175,te,0.12144180013559946,0.12691088406258821,0.0010435042806821076,0.06435094439137315,0.20791961110102067
2176,te,0.12101733629156097,0.12639233499531533,0.0010414939994320804,0.06385139058274217,0.207247296916225
2177,te,0.12053329873037999,0.12587613464929345,0.0010394926425864744,0.06336817978094418,0.20657214831490373
2178,te,0.12007731183559223,0.12536225832798173,0.0010375000610644827,0.06288892994908934,0.206048336370924
2179,te,0.11965303264635452,0.12485068056783785,0.0010355158683119476,0.062307090364007764,0.20552518247573415
2180,te,0.11927162099647326,0.12434138047116304,0.001033539759394307,0.06181215288016944,0.20499006832359523
2181,te,0.11881836026555082,0.12383433844380665,0.0010315718290317246,0.06145857356973341,0.20447794061778451
2182,te,0.11849172003630493,0.12332953712795375,0.0010296114627800271,0.061044185181482205,0.2039588841686644
2183,te,0.11797682442239577,0.1228269521177826,0.0010276587014456855,0.060739997306344586,0.20343804599320023
2184,te,0.11738025122316387,0.12232657695681762,0.0010257132515989092,0.06039386639495894,0.20291771390321853
2185,te,0.11684427476509551,0.12182837731153362,0.0010237750211455675,0.06001534907083497,0.20231335092482022
2186,te,0.1162456323395773,0.12133233591177361,0.0010218435787517502,0.059864611377166636,0.20162256562379352
2187,te,0.11573965519347418,0.12083843015741028,0.0010199186610952665,0.05952173517382642,0.20111420478179784
2188,te,0.11527994959365628,0.12034662876620744,0.0010180001509673545,0.059189390129028706,0.20020799201467374
2189,te,0.11481614647139704,0.11985691588474355,0.0010160876471271422,0.05877937135197478,0.19930438271596507
2190,te,0.11430425882904505,0.11936926612321547,0.001014180994854657,0.058311349114677835,0.19864497575044837
2191,te,0.11377474367782181,0.11888364415850274,0.0010122798308455823,0.05800938999391292,0.19818904425161546
2192,te,0.11322679066324515,0.1184000398195212,0.0010103840388907554,0.05772713216487731,0.19773272854922594
2193,te,0.11272997001762874,0.11791842864133484,0.0010084932764112015,0.057570103142352384,0.19727589329499326
2194,te,0.11218237015726729,0.11743879004550507,0.0010066074537569845,0.057146611120849226,0.19681841042105622
2195,te,0.11161528439760726,0.11696109447357786,0.001004726080046592,0.056749847400444246,0.1963556863948369
2196,te,0.11116893515668735,0.11648533043538663,0.0010028490798305906,0.056118206713028584,0.19587515488181742
2197,te,0.11079159015860629,0.11601146355977536,0.001000976034039913,0.05580537711074376,0.19532164823306478
2198,te,0.1103238919611016,0.11553947216547444,0.0009991068953121179,0.05549871706250427,0.19443314296116704
2199,te,0.10991584802650323,0.11506933727773018,0.0009972413440851866,0.05490970507396367,0.1936702072392872
2200,te,0.10937760865550938,0.11460103641539907,0.0009953791146353234,0.05447006685276326,0.1933314431253606
2201,te,0.10881861604345389,0.11413454097735794,0.0009935199313514033,0.05434451295830365,0.19299273693837476
2202,te,0.1083407528164182,0.11366983481296623,0.0009916635758740488,0.054129865633029045,0.19264917809649038
2203,te,0.1078833938303756,0.11320689620379512,0.0009898098869109543,0.053754416092727283,0.19230036074651408
2204,te,0.10758016734414877,0.11274570950279414,0.0009879586348802343,0.05338157227787521,0.191689298511044
2205,te,0.10704541938713596,0.11228626369628865,0.0009861097344712833,0.0530113296300208,0.19104622007151623
2206,te,0.1066410154063222,0.1118285388397588,0.0009842629731555486,0.05271203094860453,0.19037799732779986
2207,te,0.10622673668879035,0.11137252045994342,0.0009824181529064424,0.052490709224559715,0.18961952599296908
2208,te,0.10569813864547228,0.11091819063576686,0.000980575219187876,0.05224226659250051,0.18851230067573696
2209,te,0.10518803105936847,0.1104655326369477,0.0009787339805093964,0.05168604992361728,0.18741008805928483
2210,te,0.10470825009198403,0.11001453956085328,0.0009768943112161608,0.051433645762141954,0.1865112351279124
2211,te,0.10417492373399018,0.10956518185927847,0.0009750560326882838,0.05125350862009585,0.18604765700942436
2212,te,0.10373343035297466,0.1091174624600687,0.0009732192871872839,0.0509173749130678,0.18558370333133883
2213,te,0.10327831404523735,0.10867136759467459,0.0009713837419092498,0.05044535003846651,0.1851195481626982
2214,te,0.10290357434205699,0.10822688980859385,0.0009695493992899444,0.050179322566189156,0.18465501743448018
2215,te,0.10249911755897756,0.10778402625125914,0.0009677162973520696,0.049679928703186535,0.18419028521571723
2216,te,0.10207795481256277,0.10734276853406083,0.0009658842907490017,0.049120103536237705,0.1837251774373566
2217,te,0.10163472004369467,0.10690311191705357,0.0009640534177603898,0.048656294136821425,0.18326000964915554
2218,te,0.10117260081914292,0.10646504629270802,0.0009622234361092311,0.04831070010491532,0.18268450816220164
2219,te,0.10081448731838627,0.10602856962342656,0.0009603944040546156,0.04801360663615184,0.1820689283571623
2220,te,0.10045099493228182,0.10559367364900418,0.0009585662767913552,0.04772762413961491,0.18145566173935862
2221,te,0.10001675109267083,0.10516034570814622,0.000956738971244772,0.04727785034642658,0.18084453604865053
2222,te,0.09954074959992276,0.10472858770759319,0.0009549124266224926,0.04692818004211685,0.18026988324875642
2223,te,0.09906781013954191,0.104298389735288,0.0009530865189828308,0.04645409732570478,0.17979889350413705
2224,te,0.09863320230845485,0.10386973191077377,0.0009512610526683329,0.0459914016991938,0.17898983575436203
2225,te,0.0981815532492245,0.10344262637985167,0.0009494361500053737,0.04563945873904718,0.17842057717244103
2226,te,0.09773691534608009,0.10301704244349029,0.0009476115608806493,0.04536474785376354,0.1779616481228075
2227,te,0.09734097820978516,0.10259298824396072,0.0009457873963606959,0.045091360425054544,0.17724966178480822
2228,te,0.09698314570777544,0.10217045090596152,0.000943963313566774,0.04479333698475159,0.1765379152306329
2229,te,0.09664279494262829,0.10174942116608815,0.0009421394586983338,0.044373892079418026,0.1759518334268108
2230,te,0.09630445199128168,0.10132989444024668,0.0009403156133578769,0.043974216095785515,0.17536320500159108
2231,te,0.096039719542369,0.10091186720474164,0.0009384918367979704,0.043580543374826176,0.17477646850427067
2232,te,0.09559236932971427,0.10049532622561244,0.0009366680399694346,0.04345038273324239,0.17419208831883098
2233,te,0.09523428099279307,0.10008027182224344,0.0009348442098738574,0.04309898986262617,0.1738285301222099
2234,te,0.09485193401503711,0.09966669365092189,0.0009330201357844865,0.042954735270195554,0.17355020978000046
2235,te,0.094464744460387,0.09925458742609337,0.0009311959983168957,0.04274793153531231,0.1730530954959171
2236,te,0.09402437797521745,0.09884395361383251,0.000929371559151551,0.042334961513755286,0.17238825040432013
2237,te,0.09365186146767268,0.09843478145796289,0.0009275470305960601,0.04188232622338615,0.17171194884851154
2238,te,0.09329241716108427,0.09802707722464672,0.0009257222191255139,0.041522557123578975,0.17101369865034427
2239,te,0.09283401647625755,0.09762083558179802,0.0009238972395075138,0.04126534875217813,0.17045508821354236
2240,te,0.092352285242006,0.09721605656269787,0.0009220720648669625,0.040892320870492306,0.17001316191737245
2241,te,0.09202732912056177,0.0968127471098809,0.0009202467688968703,0.04052243753973808,0.1696334254946958
2242,te,0.09167854432438993,0.09641090202533369,0.0009184214607072026,0.0401553414708869,0.16932694178302973
2243,te,0.09129201763997585,0.0960105245381565,0.0009165960123838984,0.03979130340418107,0.16867825936620448
2244,te,0.09093524718626433,0.095611608453328,0.0009147704887615212,0.03943014469510769,0.1682361392941228
2245,te,0.09051406999038214,0.09521416316712607,0.0009129451012089406,0.0390740718204494,0.1677943699446837
2246,te,0.09006417208946704,0.09481818208651158,0.0009111198011807481,0.03872130963455811,0.1674087009078281
2247,te,0.08963477729833347,0.094423660285549,0.0009092943764769076,0.038401585193690725,0.16709070836486145
2248,te,0.08926137793479505,0.09403060956520846,0.0009074692352816488,0.038268854189490574,0.16677343168542041
2249,te,0.08894399762543692,0.0936390272416701,0.0009056443392979677,0.03802961777664047,0.16645068329229792
2250,te,0.08859541385203773,0.09324891768473346,0.0009038197613230488,0.037780565730085834,0.16610830509480703
2251,te,0.08816743979699027,0.09286028582363824,0.0009019954934843925,0.037397956707580726,0.16540831440033993
2252,te,0.0877855244620962,0.09247313765349,0.0009001718459163537,0.03701920200283286,0.16496663599879094
2253,te,0.08739682014347316,0.09208747302922211,0.0008983487144707086,0.03664539840971992,0.16463742850326724
2254,te,0.08704917739869966,0.09170329881334797,0.0008965263272944409,0.03627528331454242,0.16430813843703046
2255,te,0.08671367820747111,0.09132061022531261,0.0008947046663917195,0.035908856717302554,0.16397838375950147
2256,te,0.08638570014341873,0.09093941240174899,0.0008928839442767328,0.03555034952214835,0.1636486549608211
2257,te,0.08608871027267728,0.09055970748821932,0.0008910640211083786,0.03546491213031562,0.16331865257113928
2258,te,0.0857398114338892,0.09018149438220062,0.000889245096160176,0.03515126889171076,0.16298847857031026
2259,te,0.08535288919718909,0.08980478139334093,0.0008874272632366292,0.03488413127414756,0.1626530107100464
2260,te,0.0849468215284519,0.08942956827704263,0.0008856105620959427,0.03467777944862649,0.1622963359179643
2261,te,0.08463216275717489,0.08905585199199678,0.0008837951266536697,0.034472562400780005,0.16153445897126148
2262,te,0.08425421240041375,0.08868364595343016,0.0008819810753523764,0.03411578493648346,0.16103090729166317
2263,te,0.08385493360726048,0.08831294735238635,0.0008801685684370907,0.03372479635856986,0.1606521596504823
2264,te,0.08359908596024912,0.08794376301192705,0.0008783575020939624,0.03333739552631993,0.1602737349407562
2265,te,0.08325341776617456,0.08757609375501729,0.0008765481574278637,0.032958405669388506,0.15980126022542576
2266,te,0.08285529704241945,0.08720993795118719,0.000874740454407767,0.032603308308213674,0.15914837529545683
2267,te,0.0825400395474869,0.08684530438476248,0.0008729347926302019,0.03236442487906059,0.15849818112452044
2268,te,0.08210051372992,0.08648219846186168,0.0008711309215828399,0.03213013759925927,0.1578503699756098
2269,te,0.08175543276804653,0.08612060687122955,0.0008693290901257174,0.031899324183164324,0.15720504442772032
2270,te,0.08136531611331588,0.08576054654466492,0.0008675294445792226,0.031670151250312854,0.15673447354679446
2271,te,0.08095329585287381,0.08540200782579023,0.0008657318964282567,0.031443288061871535,0.15629446055207943
2272,te,0.08057892279666179,0.08504500900339307,0.0008639366844523807,0.031219493292012613,0.15578874498602496
2273,te,0.08026414691502026,0.08468953371080869,0.0008621438895547509,0.03099925237490646,0.15521343918502636
2274,te,0.07996445508962546,0.08433559299225235,0.0008603534824817981,0.03078124201094672,0.15463148244486344
2275,te,0.07958892086123193,0.08398318988398841,0.0008585656686218035,0.03056474312063964,0.15401390613690732
2276,te,0.07926249642470218,0.0836323248878235,0.0008567805381714602,0.03032380005591251,0.15326687441288758
2277,te,0.07889616688235312,0.083282990338989,0.0008549980525262381,0.030058815506121685,0.15285158086600806
2278,te,0.07855008259090335,0.08293519764371436,0.0008532183442396816,0.029796131481901675,0.15224092386867963
2279,te,0.07819042080182825,0.08258894816082608,0.0008514415583628938,0.02960778856064825,0.1517505948187974
2280,te,0.07784611555369825,0.08224422904852739,0.0008496677324014658,0.029434177214433158,0.15118141455703019
2281,te,0.07752457838872706,0.08190105486593233,0.0008478968804639739,0.029205416084973172,0.15060481350819205
2282,te,0.07716184077431221,0.0815594148757573,0.0008461291206111003,0.028983939598720324,0.15004237573055867
2283,te,0.07679736137898763,0.08121931015799029,0.0008443643910563072,0.028869410211033553,0.14948101747679451
2284,te,0.07648553239121991,0.08088073588595236,0.0008426029064802107,0.02867205591285058,0.1489210482009622
2285,te,0.07614568850135583,0.08054369095449761,0.0008408444470233371,0.02847322074725036,0.14836248679828157
2286,te,0.07575375405394347,0.08020816835790243,0.000839089180767817,0.028341698839546202,0.14780509862321128
2287,te,0.07544192598581301,0.07987416983011462,0.0008373371478341714,0.02823276539286055,0.14724923092025022
2288,te,0.07511663572530525,0.07954168836669519,0.0008355883064158479,0.028102228693732013,0.146694771090432
2289,te,0.07479140559836717,0.07921072000709363,0.0008338428107445687,0.02785183482243018,0.1461418128374959
2290,te,0.07448841806307716,0.07888126947205834,0.0008321005288987512,0.027585615612334226,0.1455902624577142
2291,te,0.07412516467458996,0.0785533199681583,0.000830361586681229,0.02732052392784241,0.14523064900821903
2292,te,0.07378037667718473,0.07822687536378599,0.0008286260333580879,0.027086131059176757,0.1449448262161128
2293,te,0.07353253253117575,0.077901932462778,0.0008268936984145283,0.026867110789950077,0.14465949210520723
2294,te,0.07325252362009982,0.07757848023282782,0.0008251647837422181,0.026624083622517322,0.14437457882892715
2295,te,0.07295694571376732,0.07725651816496129,0.0008234393343590142,0.026383329093846074,0.1440901636814495
2296,te,0.07272127314717425,0.0769360487155898,0.0008217171859097136,0.026144693528600084,0.14380638064257048
2297,te,0.07244554247193813,0.07661705075420189,0.0008199983908171712,0.025911583953160466,0.14352287501091002
2298,te,0.07222439059212116,0.07629953853586453,0.0008182831216825433,0.025681628107820355,0.14324000148785268
2299,te,0.07188482929728934,0.07598349386919045,0.0008165711839687058,0.02550228049541604,0.14295752990421054
2300,te,0.07155223540340216,0.07566891997401066,0.0008148627400018771,0.02533730998634294,0.14267069692217732
2025,lws,0.0,0.0,0.0,0.0,0.0
2026,lws,0.0,0.0,0.0,0.0,0.0
2027,lws,0.0,0.0,0.0,0.0,0.0
2028,lws,0.0,0.0,0.0,0.0,0.0
2029,lws,0.0,0.0,0.0,0.0,0.0
2030,lws,0.0,0.0,0.0,0.0,0.0
2031,lws,0.0,0.0,0.0,0.0,0.0
2032,lws,0.0,0.0,0.0,0.0,0.0
2033,lws,0.0,0.0,0.0,0.0,0.0
2034,lws,0.0,0.0,0.0,0.0,0.0
2035,lws,0.0,0.0,0.0,0.0,0.0
2036,lws,0.0,0.0,0.0,0.0,0.0
2037,lws,0.0,0.0,0.0,0.0,0.0
2038,lws,0.0,0.0,0.0,0.0,0.0
2039,lws,0.0,0.0,0.0,0.0,0.0
2040,lws,0.0,0.0,0.0,0.0,0.0
2041,lws,0.0,0.0,0.0,0.0,0.0
2042,lws,0.0,0.0,0.0,0.0,0.0
2043,lws,0.0,0.0,0.0,0.0,0.0
2044,lws,0.0,0.0,0.0,0.0,0.0
2045,lws,0.0,0.0,0.0,0.0,0.0
2046,lws,0.0,0.0,0.0,0.0,0.0
2047,lws,0.0,0.0,0.0,0.0,0.0
2048,lws,0.0,0.0,0.0,0.0,0.0
2049,lws,0.0,0.0,0.0,0.0,0.0
2050,lws,0.0,0.0,0.0,0.0,0.0
2051,lws,0.0,0.0,0.0,0.0,0.0
2052,lws,0.0,0.0,0.0,0.0,0.0
2053,lws,0.0,0.0,0.0,0.0,0.0
2054,lws,0.0,0.0,0.0,0.0,0.0
2055,lws,0.0,0.0,0.0,0.0,0.0
2056,lws,0.0,0.0,0.0,0.0,0.0
2057,lws,0.0,0.0,0.0,0.0,0.0
2058,lws,0.0,0.0,0.0,0.0,0.0
2059,lws,0.0,0.0,0.0,0.0,0.0
2060,lws,0.0,0.0,0.0,0.0,0.0
2061,lws,0.0,0.0,0.0,0.0,0.0
2062,lws,0.0,0.0,0.0,0.0,0.0
2063,lws,0.0,0.0,0.0,0.0,0.0
2064,lws,0.0,0.0,0.0,0.0,0.0
2065,lws,0.0,0.0,0.0,0.0,0.0
2066,lws,0.0,0.0,0.0,0.0,0.0
2067,lws,0.0,0.0,0.0,0.0,0.0
2068,lws,0.0,0.0,0.0,0.0,0.0
2069,lws,0.0,0.0,0.0,0.0,0.0
2070,lws,0.0,0.0,0.0,0.0,0.0
2071,lws,0.0,0.0,0.0,0.0,0.0
2072,lws,0.0,0.0,0.0,0.0,0.0
2073,lws,0.0,0.0,0.0,0.0,0.0
2074,lws,0.0,0.0,0.0,0.0,0.0
2075,lws,0.0,0.0,0.0,0.0,0.0
2076,lws,0.0,0.0,0.0,0.0,0.0
2077,lws,0.0,0.0,0.0,0.0,0.0
2078,lws,0.0,0.0,0.0,0.0,0.0
2079,lws,0.0,0.0,0.0,0.0,0.0
2080,lws,0.0,0.0,0.0,0.0,0.0
2081,lws,0.0,0.0,0.0,0.0,0.0
2082,lws,0.0,0.0,0.0,0.0,0.0
2083,lws,0.0,0.0,0.0,0.0,0.0
2084,lws,0.0,0.0,0.0,0.0,0.0
2085,lws,0.0,0.0,0.0,0.0,0.0
2086,lws,0.0,0.0,0.0,0.0,0.0
2087,lws,0.0,0.0,0.0,0.0,0.0
2088,lws,0.0,0.0,0.0,0.0,0.0
2089,lws,0.0,0.0,0.0,0.0,0.0
2090,lws,0.0,0.0,0.0,0.0,0.0
2091,lws,0.0,0.0,0.0,0.0,0.0
2092,lws,0.0,0.0,0.0,0.0,0.0
2093,lws,0.0,0.0,0.0,0.0,0.0
2094,lws,0.0,0.0,0.0,0.0,0.0
2095,lws,0.0,0.0,0.0,0.0,0.0
2096,lws,0.0,0.0,0.0,0.0,0.0
2097,lws,0.0,0.0,0.0,0.0,0.0
2098,lws,0.0,0.0,0.0,0.0,0.0
2099,lws,0.0,0.0,0.0,0.0,0.0
2100,lws,0.0,0.0,0.0,0.0,0.0
2101,lws,0.0,0.0,0.0,0.0,0.0
2102,lws,0.0,0.0,0.0,0.0,0.0
2103,lws,0.0,0.0,0.0,0.0,0.0
2104,lws,0.0,0.0,0.0,0.0,0.0
2105,lws,0.0,0.0,0.0,0.0,0.0
2106,lws,0.0,0.0,0.0,0.0,0.0
2107,lws,0.0,0.0,0.0,0.0,0.0
2108,lws,0.0,0.0,0.0,0.0,0.0
2109,lws,0.0,0.0,0.0,0.0,0.0
2110,lws,0.0,0.0,0.0,0.0,0.0
2111,lws,0.0,0.0,0.0,0.0,0.0
2112,lws,0.0,0.0,0.0,0.0,0.0
2113,lws,0.0,0.0,0.0,0.0,0.0
2114,lws,0.0,0.0,0.0,0.0,0.0
2115,lws,0.0,0.0,0.0,0.0,0.0
2116,lws,0.0,0.0,0.0,0.0,0.0
2117,lws,0.0,0.0,0.0,0.0,0.0
2118,lws,0.0,0.0,0.0,0.0,0.0
2119,lws,0.0,0.0,0.0,0.0,0.0
2120,lws,0.0,0.0,0.0,0.0,0.0
2121,lws,0.0,0.0,0.0,0.0,0.0
2122,lws,0.0,0.0,0.0,0.0,0.0
2123,lws,0.0,0.0,0.0,0.0,0.0
2124,lws,0.0,0.0,0.0,0.0,0.0
2125,lws,0.0,0.0,0.0,0.0,0.0
2126,lws,0.0,0.0,0.0,0.0,0.0
2127,lws,0.0,0.0,0.0,0.0,0.0
2128,lws,0.0,0.0,0.0,0.0,0.0
2129,lws,0.0,0.0,0.0,0.0,0.0
2130,lws,0.0,0.0,0.0,0.0,0.0
2131,lws,0.0,0.0,0.0,0.0,0.0
2132,lws,0.0,0.0,0.0,0.0,0.0
2133,lws,0.0,0.0,0.0,0.0,0.0
2134,lws,0.0,0.0,0.0,0.0,0.0
2135,lws,0.0,0.0,0.0,0.0,0.0
2136,lws,0.0,0.0,0.0,0.0,0.0
2137,lws,0.0,0.0,0.0,0.0,0.0
2138,lws,0.0,0.0,0.0,0.0,0.0
2139,lws,0.0,0.0,0.0,0.0,0.0
2140,lws,0.0,0.0,0.0,0.0,0.0
2141,lws,0.0,0.0,0.0,0.0,0.0
2142,lws,0.0,0.0,0.0,0.0,0.0
2143,lws,0.0,0.0,0.0,0.0,0.0
2144,lws,0.0,0.0,0.0,0.0,0.0
2145,lws,0.0,0.0,0.0,0.0,0.0
2146,lws,0.0,0.0,0.0,0.0,0.0
2147,lws,0.0,0.0,0.0,0.0,0.0
2148,lws,0.0,0.0,0.0,0.0,0.0
2149,lws,0.0,0.0,0.0,0.0,0.0
2150,lws,0.0,0.0,0.0,0.0,0.0
2151,lws,0.0,0.0,0.0,0.0,0.0
2152,lws,0.0,0.0,0.0,0.0,0.0
2153,lws,0.0,0.0,0.0,0.0,0.0
2154,lws,0.0,0.0,0.0,0.0,0.0
2155,lws,0.0,0.0,0.0,0.0,0.0
2156,lws,0.0,0.0,0.0,0.0,0.0
2157,lws,0.0,0.0,0.0,0.0,0.0
2158,lws,0.0,0.0,0.0,0.0,0.0
2159,lws,0.0,0.0,0.0,0.0,0.0
2160,lws,0.0,0.0,0.0,0.0,0.0
2161,lws,0.0,0.0,0.0,0.0,0.0
2162,lws,0.0,0.0,0.0,0.0,0.0
2163,lws,0.0,0.0,0.0,0.0,0.0
2164,lws,0.0,0.0,0.0,0.0,0.0
2165,lws,0.0,0.0,0.0,0.0,0.0
2166,lws,0.0,0.0,0.0,0.0,0.0
2167,lws,0.0,0.0,0.0,0.0,0.0
2168,lws,0.0,0.0,0.0,0.0,0.0
2169,lws,0.0,0.0,0.0,0.0,0.0
2170,lws,0.0,0.0,0.0,0.0,0.0
2171,lws,0.0,0.0,0.0,0.0,0.0
2172,lws,0.0,0.0,0.0,0.0,0.0
2173,lws,0.0,0.0,0.0,0.0,0.0
2174,lws,0.0,0.0,0.0,0.0,0.0
2175,lws,0.0,0.0,0.0,0.0,0.0
2176,lws,0.0,0.0,0.0,0.0,0.0
2177,lws,0.0,0.0,0.0,0.0,0.0
2178,lws,0.0,0.0,0.0,0.0,0.0
2179,lws,0.0,0.0,0.0,0.0,0.0
2180,lws,0.0,0.0,0.0,0.0,0.0
2181,lws,0.0,0.0,0.0,0.0,0.0
2182,lws,0.0,0.0,0.0,0.0,0.0
2183,lws,0.0,0.0,0.0,0.0,0.0
2184,lws,0.0,0.0,0.0,0.0,0.0
2185,lws,0.0,0.0,0.0,0.0,0.0
2186,lws,0.0,0.0,0.0,0.0,0.0
2187,lws,0.0,0.0,0.0,0.0,0.0
2188,lws,0.0,0.0,0.0,0.0,0.0
2189,lws,0.0,0.0,0.0,0.0,0.0
2190,lws,0.0,0.0,0.0,0.0,0.0
2191,lws,0.0,0.0,0.0,0.0,0.0
2192,lws,0.0,0.0,0.0,0.0,0.0
2193,lws,0.0,0.0,0.0,0.0,0.0
2194,lws,0.0,0.0,0.0,0.0,0.0
2195,lws,0.0,0.0,0.0,0.0,0.0
2196,lws,0.0,0.0,0.0,0.0,0.0
2197,lws,0.0,0.0,0.0,0.0,0.0
2198,lws,0.0,0.0,0.0,0.0,0.0
2199,lws,0.0,0.0,0.0,0.0,0.0
2200,lws,0.0,0.0,0.0,0.0,0.0
2201,lws,0.0,0.0,0.0,0.0,0.0
2202,lws,0.0,0.0,0.0,0.0,0.0
2203,lws,0.0,0.0,0.0,0.0,0.0
2204,lws,0.0,0.0,0.0,0.0,0.0
2205,lws,0.0,0.0,0.0,0.0,0.0
2206,lws,0.0,0.0,0.0,0.0,0.0
2207,lws,0.0,0.0,0.0,0.0,0.0
2208,lws,0.0,0.0,0.0,0.0,0.0
2209,lws,0.0,0.0,0.0,0.0,0.0
2210,lws,0.0,0.0,0.0,0.0,0.0
2211,lws,0.0,0.0,0.0,0.0,0.0
2212,lws,0.0,0.0,0.0,0.0,0.0
2213,lws,0.0,0.0,0.0,0.0,0.0
2214,lws,0.0,0.0,0.0,0.0,0.0
2215,lws,0.0,0.0,0.0,0.0,0.0
2216,lws,0.0,0.0,0.0,0.0,0.0
2217,lws,0.0,0.0,0.0,0.0,0.0
2218,lws,0.0,0.0,0.0,0.0,0.0
2219,lws,0.0,0.0,0.0,0.0,0.0
2220,lws,0.0,0.0,0.0,0.0,0.0
2221,lws,0.0,0.0,0.0,0.0,0.0
2222,lws,0.0,0.0,0.0,0.0,0.0
2223,lws,0.0,0.0,0.0,0.0,0.0
2224,lws,0.0,0.0,0.0,0.0,0.0
2225,lws,0.0,0.0,0.0,0.0,0.0
2226,lws,0.0,0.0,0.0,0.0,0.0
2227,lws,0.0,0.0,0.0,0.0,0.0
2228,lws,0.0,0.0,0.0,0.0,0.0
2229,lws,0.0,0.0,0.0,0.0,0.0
2230,lws,0.0,0.0,0.0,0.0,0.0
2231,lws,0.0,0.0,0.0,0.0,0.0
2232,lws,0.0,0.0,0.0,0.0,0.0
2233,lws,0.0,0.0,0.0,0.0,0.0
2234,lws,0.0,0.0,0.0,0.0,0.0
2235,lws,0.0,0.0,0.0,0.0,0.0
2236,lws,0.0,0.0,0.0,0.0,0.0
2237,lws,0.0,0.0,0.0,0.0,0.0
2238,lws,0.0,0.0,0.0,0.0,0.0
2239,lws,0.0,0.0,0.0,0.0,0.0
2240,lws,0.0,0.0,0.0,0.0,0.0
2241,lws,0.0,0.0,0.0,0.0,0.0
2242,lws,0.0,0.0,0.0,0.0,0.0
2243,lws,0.0,0.0,0.0,0.0,0.0
2244,lws,0.0,0.0,0.0,0.0,0.0
2245,lws,0.0,0.0,0.0,0.0,0.0
2246,lws,0.0,0.0,0.0,0.0,0.0
2247,lws,0.0,0.0,0.0,0.0,0.0
2248,lws,0.0,0.0,0.0,0.0,0.0
2249,lws,0.0,0.0,0.0,0.0,0.0
2250,lws,0.0,0.0,0.0,0.0,0.0
2251,lws,0.0,0.0,0.0,0.0,0.0
2252,lws,0.0,0.0,0.0,0.0,0.0
2253,lws,0.0,0.0,0.0,0.0,0.0
2254,lws,0.0,0.0,0.0,0.0,0.0
2255,lws,0.0,0.0,0.0,0.0,0.0
2256,lws,0.0,0.0,0.0,0.0,0.0
2257,lws,0.0,0.0,0.0,0.0,0.0
2258,lws,0.0,0.0,0.0,0.0,0.0
2259,lws,0.0,0.0,0.0,0.0,0.0
2260,lws,0.0,0.0,0.0,0.0,0.0
2261,lws,0.0,0.0,0.0,0.0,0.0
2262,lws,0.0,0.0,0.0,0.0,0.0
2263,lws,0.0,0.0,0.0,0.0,0.0
2264,lws,0.0,0.0,0.0,0.0,0.0
2265,lws,0.0,0.0,0.0,0.0,0.0
2266,lws,0.0,0.0,0.0,0.0,0.0
2267,lws,0.0,0.0,0.0,0.0,0.0
2268,lws,0.0,0.0,0.0,0.0,0.0
2269,lws,0.0,0.0,0.0,0.0,0.0
2270,lws,0.0,0.0,0.0,0.0,0.0
2271,lws,0.0,0.0,0.0,0.0,0.0
2272,lws,0.0,0.0,0.0,0.0,0.0
2273,lws,0.0,0.0,0.0,0.0,0.0
2274,lws,0.0,0.0,0.0,0.0,0.0
2275,lws,0.0,0.0,0.0,0.0,0.0
2276,lws,0.0,0.0,0.0,0.0,0.0
2277,lws,0.0,0.0,0.0,0.0,0.0
2278,lws,0.0,0.0,0.0,0.0,0.0
2279,lws,0.0,0.0,0.0,0.0,0.0
2280,lws,0.0,0.0,0.0,0.0,0.0
2281,lws,0.0,0.0,0.0,0.0,0.0
2282,lws,0.0,0.0,0.0,0.0,0.0
2283,lws,0.0,0.0,0.0,0.0,0.0
2284,lws,0.0,0.0,0.0,0.0,0.0
2285,lws,0.0,0.0,0.0,0.0,0.0
2286,lws,0.0,0.0,0.0,0.0,0.0
2287,lws,0.0,0.0,0.0,0.0,0.0
2288,lws,0.0,0.0,0.0,0.0,0.0
2289,lws,0.0,0.0,0.0,0.0,0.0
2290,lws,0.0,0.0,0.0,0.0,0.0
2291,lws,0.0,0.0,0.0,0.0,0.0
2292,lws,0.0,0.0,0.0,0.0,0.0
2293,lws,0.0,0.0,0.0,0.0,0.0
2294,lws,0.0,0.0,0.0,0.0,0.0
2295,lws,0.0,0.0,0.0,0.0,0.0
2296,lws,0.0,0.0,0.0,0.0,0.0
2297,lws,0.0,0.0,0.0,0.0,0.0
2298,lws,0.0,0.0,0.0,0.0,0.0
2299,lws,0.0,0.0,0.0,0.0,0.0
2300,lws,0.0,0.0,0.0,0.0,0.0
2025,total,0.0,0.0,0.0,0.0,0.0
2026,total,0.0,0.0,0.0,0.0,0.0
2027,total,0.0,0.0,0.0,0.0,0.0
2028,total,0.0,0.0,0.0,0.0,0.0
2029,total,0.0,0.0,0.0,0.0,0.0
2030,total,0.0,0.0,0.0,0.0,0.0
2031,total,0.02756219219627276,0.028127334999998154,0.00014048246522856744,0.01868850349149769,0.03932732636329855
2032,total,0.05255872948671225,0.0547177043579993,0.0009023853229260181,0.03573689604460988,0.07464193015060934
2033,total,0.07506695889805126,0.07901683915617187,0.0012671015012370992,0.0510144785935796,0.1066388281567243
2034,total,0.09488878301514703,0.10297850430934175,0.002006683482772806,0.06497494055267908,0.13678109579757025
2035,total,0.11305071907025166,0.12581953692625705,0.002595240146841096,0.07747054327875773,0.16395234799925448
2036,total,0.1297112507353697,0.1505163763098984,0.0035184054379449477,0.08868717570244433,0.18983789606086213
2037,total,0.14489588963590094,0.17343242263500222,0.004601014931331393,0.0988504108484424,0.21402019222626992
2038,total,0.1586796768111185,0.1925851609895408,0.005069610553278113,0.10781318843517358,0.23893088018657466
2039,total,0.17139584845751443,0.21491025324582222,0.005763064721215071,0.11607398099704831,0.2664630126376463
2040,total,0.18294915069380835,0.23513034932816368,0.006263544049370542,0.12338976339145295,0.3085522879770612
2041,total,0.19389629629364702,0.2588084339722509,0.00716507981182956,0.13034383716581077,0.37203340822477693
2042,total,0.20434409367670892,0.28410990561945926,0.008242370604809174,0.13736563074193145,0.8971719997012207
2043,total,0.21313094112616238,0.30747949331388025,0.00920868616804087,0.14344048303508244,1.034510825460716
2044,total,0.2217211812823976,0.32952282910958536,0.009888918451908191,0.14830357763385332,1.1920209119544098
2045,total,0.22982949269616615,0.35324133145038455,0.010651648602214053,0.15379112884507418,1.3985891655481661
2046,total,0.2373556523596454,0.3748592685409451,0.01144613880217275,0.1584393740451886,1.5019842498106328
2047,total,0.24426549613227966,0.39428389200515207,0.011970099577413166,0.16260651464161838,1.6061224797126523
2048,total,0.25067777550878034,0.41933435537739877,0.012562965311661168,0.16640696707851596,1.7468093916865546
2049,total,0.2569420373400604,0.44663820391078674,0.013499230191662616,0.1698729565154043,1.9281799162888544
2050,total,0.2625209564848596,0.4678761683996909,0.014170155588206012,0.17338024646083935,2.0263069220522394
2051,total,0.2675150413965568,0.4888944801263012,0.014957008820742667,0.17697600777798678,2.1083868691670076
2052,total,0.27208214211776394,0.5091191842693175,0.01572198394030313,0.1795969186164479,2.1817777659309447
2053,total,0.27661554400035016,0.5325154916071461,0.01664301882037072,0.1819673146788892,2.2410134402342456
2054,total,0.28128350094082855,0.556132931868749,0.017739870537180354,0.18466496771300314,2.3321242119727614
2055,total,0.2858759993602398,0.5797910731064075,0.019033123528059692,0.18688441453310817,2.4363499957032717
2056,total,0.2893442892174374,0.5992054479813589,0.020297087199022564,0.18894059047711453,2.556735322926188
2057,total,0.2928607107887178,0.6163761972711668,0.021297702503417,0.19103838276953786,2.5805399375016758
2058,total,0.2958753293527021,0.6314030763059572,0.02192716185586461,0.19304565987575373,2.6423192492195766
2059,total,0.2989243009177116,0.6469679911046622,0.02224833697798332,0.19476172719064097,2.6878633968757093
2060,total,0.3020225507258534,0.6664981015898027,0.022664828437926585,0.19636689442328645,2.7884395267809334
2061,total,0.3044327011934307,0.6828224358951839,0.023061251684993723,0.19783881129239855,2.885360685340901
2062,total,0.3069717237629028,0.6990682688648978,0.023582415902312866,0.1990411705300291,2.9814098181344937
2063,total,0.30906804962591394,0.7153502152452179,0.02431043611153487,0.20047943717587663,3.022564706864789
2064,total,0.31074796862194987,0.7293437397477155,0.02510673422021846,0.20139517705303528,3.0872496920793377
2065,total,0.3124848084932559,0.7429598031208293,0.026023457364042258,0.20221100366827685,3.1937837383510703
2066,total,0.3135344840505354,0.755926021578454,0.027040153585462832,0.20301992160376034,3.1998032767090177
2067,total,0.3150510717465469,0.7687257245578227,0.027944400570214373,0.20396320593018621,3.234325618077782
2068,total,0.31647525705581714,0.7811109350332817,0.02899397422340424,0.20464360929377853,3.267676499821426
2069,total,0.31752834955527476,0.7920220696724596,0.029834933923843576,0.20486983403889505,3.3224051010011304
2070,total,0.3188209225903993,0.8025033116357801,0.030498345832487422,0.20506709410070487,3.3596392028746376
2071,total,0.31979224955296104,0.8139917603818971,0.031108375924795116,0.2056988402390223,3.3880661938783914
2072,total,0.3206719104483575,0.825365405452407,0.031860696293508683,0.206194197355088,3.390039389313915
2073,total,0.3214799761509397,0.8369733533341444,0.03272855357304413,0.20624837996658751,3.4244597533123766
2074,total,0.3221149751528589,0.8459874228505155,0.033491959653351895,0.20643608687265758,3.4544756817739466
2075,total,0.32273314851815016,0.854849017406763,0.034326126943870924,0.2065859084838021,3.505773707942152
2076,total,0.32351245915222826,0.8629621746954554,0.03513191308303174,0.20669989570896466,3.5129399165138544
2077,total,0.3239576215220499,0.8700611999942962,0.03571295811396481,0.20617687033624837,3.51378380570665
2078,total,0.3243294325657615,0.8765638536708146,0.036203175084376926,0.20614269076739833,3.5224184613945293
2079,total,0.3245614298805286,0.8824831690078866,0.036663482738721005,0.20607257295105796,3.5790557937444025
2080,total,0.3246231285564143,0.8900512991006649,0.03722296258774994,0.2058106254764576,3.6389924273171985
2081,total,0.3249199445283786,0.8966342637471169,0.037810610892248325,0.20554718203833547,3.6390484065804176
2082,total,0.3251819995197387,0.90105998516622,0.03820783768847433,0.20516269750459912,3.6694191843778
2083,total,0.325137637124989,0.9050750077092823,0.03858522807117275,0.20469207290053326,3.6679877307526976
2084,total,0.3252985727024438,0.9081835363659325,0.03884321832639894,0.20382041976525134,3.7273709648702233
2085,total,0.3254132125287157,0.9110733909981827,0.03905154681810816,0.20321717053768273,3.7261420394510876
2086,total,0.32545873482159493,0.9163534110486926,0.03947754200145873,0.20305061122505527,3.8271942722107193
2087,total,0.3253324849045498,0.9189742534541329,0.03969506911670178,0.2028969639052649,3.830347721582351
2088,total,0.32522386132500714,0.924412903080727,0.04008143365541238,0.20247699203721084,3.86929855954829
2089,total,0.32488093850066946,0.9319827931833529,0.040674847612907274,0.20218688555629213,3.885820969396667
2090,total,0.32456461422732374,0.939339619915942,0.0411330074312867,0.20187858570184752,3.945484070813916
2091,total,0.3242568005148847,0.9431011021823872,0.04139170919414401,0.20164905760590432,3.968743086282994
2092,total,0.32371728025824353,0.9470945503336349,0.04152947063617778,0.20142365931594758,4.03265096496679
2093,total,0.3231605270172153,0.9505620423502226,0.04169274471066256,0.20128077551847542,4.037555379341101
2094,total,0.3227268637531431,0.9531196930870888,0.0418683672379366,0.20086298847774095,4.036486150965303
2095,total,0.32239938338049257,0.9541955872880542,0.041978949335133506,0.2001220475876785,4.035367482909565
2096,total,0.32194347582914773,0.9544422855967716,0.042043865536103654,0.19954176727535114,4.034202090109035
2097,total,0.32149555882694614,0.9571888243139584,0.042155560840559166,0.19896076951499567,4.069644710558927
2098,total,0.32097977055656557,0.9598053681613433,0.0422684752741346,0.19837304379108148,4.130031315493129
2099,total,0.32054249297991433,0.9623749163786152,0.0423577887970861,0.19778133106705376,4.186325173476393
2100,total,0.3202265291581625,0.9680821699405597,0.042630536671962,0.19739190573826307,4.293543092472059
2101,total,0.3196843054648397,0.9707001522651433,0.04276253135999188,0.1968286713118637,4.291750921848539
2102,total,0.31913016346790357,0.9721003357868895,0.042812520454392905,0.196169733117506,4.289934527158217
2103,total,0.3185921349318299,0.9730267682616515,0.04287310199368793,0.19534399133872532,4.361079990598995
2104,total,0.3180230736050653,0.9745324953419362,0.042946906471356024,0.194709566585475,4.446534763179678
2105,total,0.31719747695202827,0.9762895372824633,0.04303035986040521,0.19433319562255635,4.449880379993855
2106,total,0.3167004356878742,0.9783223901053729,0.043176204191083714,0.19382566245384003,4.453928302988332
2107,total,0.31607092697786143,0.982386288737998,0.043405859955975276,0.19345687889421084,4.454193318471965
2108,total,0.31523170062873973,0.9833051550155001,0.043439066429964604,0.19289280860112046,4.462888664267506
2109,total,0.3146673979517658,0.9838066253911059,0.04345998593196966,0.19231841731847757,4.461417348438548
2110,total,0.3140114898230131,0.9853921552717054,0.04357585630331914,0.19173821694325746,4.513076502273826
2111,total,0.313092167693366,0.9858329063109823,0.04363134418386438,0.19115309539921127,4.52457773960646
2112,total,0.31229557652257256,0.9867037443249399,0.04365205634761681,0.19056306511601556,4.556587577075103
2113,total,0.3117267144890654,0.987249484579412,0.04366491340408846,0.1899685272633004,4.553170486081082
2114,total,0.31103841645148833,0.989039968602188,0.04370606470204386,0.18936950512708178,4.575091010099512
2115,total,0.31034283863933965,0.9898609413564721,0.043751152284895935,0.18859008095669408,4.629359591933662
2116,total,0.3097729186444482,0.9919752175430594,0.04386155731910031,0.18748278257502413,4.6378239965814325
2117,total,0.30939835273360217,0.9948163933959037,0.043991472899500034,0.18706950868708674,4.63742718533749
2118,total,0.30882589290149554,0.9970486173528675,0.044110344194012496,0.1865971079215342,4.666916184822906
2119,total,0.30810400054209097,0.9979911267263656,0.04414571086511817,0.18569077564967743,4.7150014581195645
2120,total,0.3074548492813385,1.0001286761580868,0.04419251131351203,0.18570523261166338,4.7132483494616855
2121,total,0.30676355580108705,1.0009560524768366,0.04420079427493256,0.18509896839367138,4.711495467816507
2122,total,0.3062022616072504,1.0023133201701864,0.044229098690475296,0.1844952787806399,4.709742496136628
2123,total,0.3056569121580779,1.0039891179723537,0.04428211883952651,0.18389053641303194,4.707989262575995
2124,total,0.30494976270329843,1.005474864462581,0.04434258051294866,0.1833111658631939,4.790698667533171
2125,total,0.30436523721271413,1.0065166172835864,0.044395857802054906,0.18265567865981502,4.787143118514505
2126,total,0.3037242367284243,1.0070982730652336,0.04445525486507244,0.1820214804527147,4.861183671147755
2127,total,0.30305001262201614,1.0087854781224688,0.044527863256244526,0.1814046195361385,4.858893093505034
2128,total,0.30234028758323817,1.0100791651985095,0.04463711239266394,0.18096828552317312,4.884701130599105
2129,total,0.30163292246703577,1.011062809115512,0.04466587977050123,0.18072085176789907,4.881524471533166
2130,total,0.30101798429646465,1.0111318453426117,0.04469814918159491,0.18026620003375057,4.880104532211935
2131,total,0.3002826675459964,1.010878507456971,0.044690828829405886,0.17985639427567932,4.87591236838548
2132,total,0.2996576056898199,1.0114394222723602,0.044699349704463556,0.1788645219025767,4.872813040758187
2133,total,0.2990788630137722,1.01231431472819,0.04472396759360155,0.17797779932971808,4.8844264378600935
2134,total,0.29848507560629045,1.0130037365808902,0.044728124199473536,0.1770487601211677,4.8816181219902495
2135,total,0.2978162099936412,1.012867179027645,0.04472283589054915,0.17641005686370476,4.878811236961527
2136,total,0.2972163959626357,1.0127517114721376,0.04472474934393584,0.17580016110752406,4.876005724748046
2137,total,0.2967602813700836,1.0118274839123782,0.04470625901228934,0.1752402216986983,4.8732018182660415
2138,total,0.2963912297801379,1.0125382520384694,0.04471275646020137,0.17493149629729957,4.870399833956464
2139,total,0.29597270793736996,1.0127396180437782,0.04470605054121394,0.17462467651184568,4.867600190458326
2140,total,0.29535436243100577,1.0126601154798787,0.04469395176559732,0.1743171013191123,4.864803680813335
2141,total,0.29461566465508326,1.012861715168337,0.044703236000353266,0.17364415371285594,4.862010194469401
2142,total,0.2937667872471543,1.013256733846917,0.04473014522013715,0.172837039325071,4.875667483008201
2143,total,0.2929363334299282,1.0130412957183175,0.04472305563997763,0.1723235936402215,4.874021622624047
2144,total,0.2922729860129536,1.0129316413312461,0.044715074930140056,0.17212837869107317,4.872379374520959
2145,total,0.29154698917596633,1.0133545270908833,0.044728794091582987,0.1714394172407591,4.87074035467709
2146,total,0.2908274335198975,1.0143842993738434,0.04476842519472997,0.17106818192570258,4.879277461318384
2147,total,0.29037036162486274,1.0144213633683652,0.04478224719530864,0.17077888925498536,4.921346511646978
2148,total,0.28968951692721134,1.0151985090116324,0.04479045659423223,0.1704911475346588,4.917505746198411
2149,total,0.2891366792994603,1.014752244330801,0.044777096609019934,0.16985329111711459,4.913677159053832
2150,total,0.2887911046412981,1.0138532331971206,0.04475823772787892,0.16943306165470134,4.909860927077353
2151,total,0.28832702876509586,1.0129996758707882,0.044739048174756664,0.16907893999204687,4.9060569629147945
2152,total,0.28776297072479906,1.01323524204532,0.04473913136587979,0.1687132428232548,4.902265878608415
2153,total,0.2870370115159133,1.0123187583627418,0.04472063156099724,0.16844521240522425,4.898487789580369
2154,total,0.28670712075061644,1.0133706595583991,0.04472989790858559,0.16759812406259622,4.894722385613272
2155,total,0.28645502931032496,1.013088151810508,0.04472414643780635,0.16678030302892352,4.890969626502321
2156,total,0.2857610709148837,1.0135395829692757,0.0447560578293666,0.16626568461762367,4.918755928988663
2157,total,0.2851324482478219,1.0134816177491621,0.044755135013473724,0.16504002732711703,4.9162556396519905
2158,total,0.2847516087673263,1.0146494331296914,0.04478407323298768,0.16441092261592374,4.913757802263849
2159,total,0.2843276335423539,1.0145524274926345,0.044780718647615396,0.1640307728070205,4.9112621998187045
2160,total,0.2836787613982281,1.0149652243120593,0.04478035737398174,0.1636579754334857,4.908769026977192
2161,total,0.2831956981802861,1.01478921092714,0.04477235144099943,0.16328622313874205,4.906278137530259
2162,total,0.283028276289901,1.0139997078701415,0.04475317667682767,0.16291593108241179,4.903789804002265
2163,total,0.28251707564666617,1.0135906191749604,0.04473656830535371,0.16254754845841396,4.901304795807757
2164,total,0.28194927765702715,1.0135224890491625,0.04472293409582507,0.16218317234941465,4.898822450383968
2165,total,0.28154284967050813,1.014036531175164,0.0447409674816873,0.1618162706851404,4.9523022052255286
2166,total,0.28100038296366137,1.0142902066166695,0.044753746396457655,0.1614537185603595,4.949441570229862
2167,total,0.28054366548737875,1.013934871159017,0.044746190438996226,0.16081910007320024,4.946586171954916
2168,total,0.2802205783097449,1.013077470889408,0.04472747651850226,0.16040080348155356,4.94373542366554
2169,total,0.27971991845793553,1.0121718001763378,0.04470903228283814,0.1599858015674094,4.940888138875478
2170,total,0.27921229505645684,1.0113313129643096,0.044690245179960314,0.159310257997436,4.938041485784723
2171,total,0.27869428213732306,1.0104799297057687,0.04467140582001102,0.15914681478507298,4.935193449781104
2172,total,0.2780625566191759,1.0096585472626138,0.04465236149952586,0.15904852766096803,4.932346341303976
2173,total,0.2775905716497675,1.0095500670537076,0.044637546226520025,0.15859109041785155,4.929501936056744
2174,total,0.277689757084957,1.009439545342137,0.044624359785719,0.15782831577452114,4.926663405353011
2175,total,0.27722645772779586,1.0090754416342205,0.044614786791972914,0.15702356803424636,4.92383093372214
2176,total,0.27676248433827766,1.0085484744032873,0.044599804533795764,0.1562309375799483,4.921005322044016
2177,total,0.27628923623482393,1.008103616221508,0.044587818685644195,0.15545114109342678,4.918187970372823
2178,total,0.2756321523493348,1.0075897298294794,0.04457203709912153,0.15509547677139715,4.9153787670643645
2179,total,0.27479900797440493,1.0069778248773236,0.04455394323386025,0.15433531191967623,4.912576276695913
2180,total,0.2741966083133285,1.0066584989666367,0.04453518143348967,0.15366366319392702,4.9097791659039824
2181,total,0.2734723224708375,1.0058041825175428,0.04451793793488759,0.15281123539006813,4.9069854843784055
2182,total,0.27306966283176237,1.0050740418712538,0.044499530102928474,0.15230215923844953,4.904194466523563
2183,total,0.27277978924780655,1.0042596249276992,0.044480959898326525,0.15179235506004182,4.901406887508071
2184,total,0.2723510489468808,1.0035048544510112,0.04446188128479792,0.1514594024317116,4.898623591931327
2185,total,0.2717520494439256,1.0031130886114357,0.04444511837998515,0.15104948334450938,4.895846952604279
2186,total,0.27124754618743907,1.0022929225863746,0.044426714681483806,0.15069028970743828,4.893077516462853
2187,total,0.2707876722536504,1.0015748596378942,0.044409504936234266,0.15031668371551882,4.890315918161327
2188,total,0.2703011510519602,1.0011269359585704,0.044392088071052486,0.15002495788194245,4.887562933622908
2189,total,0.269887588964,1.0014409244647107,0.04438685280930359,0.14973659817146548,4.88481877177375
2190,total,0.26933098757652374,1.000615461376554,0.04437058510074675,0.1494502975319932,4.882081992098957
2191,total,0.26885098647158756,1.0008562966851238,0.04436751111023526,0.14910120993443493,4.879351713221082
2192,total,0.26846448015754376,1.0000318561777246,0.04434987362521683,0.14855450307426424,4.876626492394256
2193,total,0.2680933095586404,0.9992666183154466,0.0443315500734148,0.14805826049421675,4.873904730505866
2194,total,0.267529622019957,0.9991402109933802,0.04432482694599841,0.14756851181182248,4.871187488640425
2195,total,0.26715348161302543,0.9989171569959034,0.044317701519495524,0.1470873337865548,4.868475415094856
2196,total,0.2666554833860424,0.9981715457591438,0.044299270942623654,0.14664920936993403,4.865769101500963
2197,total,0.2660310769371037,0.9973305013771734,0.0442815342363548,0.14631245029438203,4.863070883004245
2198,total,0.265488690277909,0.9969498695717682,0.044261930946558475,0.14605778209938014,4.860379932300286
2199,total,0.2649729283848181,0.9961274026476883,0.044244241371614694,0.14580365873436174,4.857697292140334
2200,total,0.2645629582028093,0.9954266140955892,0.04422547996056463,0.14556213797128734,4.855023014597088
2201,total,0.2643024167980492,0.9946590836971243,0.04420758272372897,0.14525571011744526,4.852356769392163
2202,total,0.2639943516147447,0.9938699580612506,0.04418967119425252,0.14480758197684018,4.849697912108478
2203,total,0.26347649565207476,0.9930624012303056,0.044172305805085695,0.14433396871300133,4.84704467643392
2204,total,0.2632531040101682,0.9923893373433372,0.044153882690148104,0.14391043040639495,4.844394169892558
2205,total,0.2627094907478664,0.9916956700263209,0.04413583341929954,0.14347093139824735,4.841744378151611
2206,total,0.262295028095032,0.9909717616512432,0.04411761621220252,0.14303596338105928,4.839096747989447
2207,total,0.2617304734816841,0.9911497050428811,0.04411173848611479,0.1428615527819151,4.836452665584829
2208,total,0.2612072734329516,0.9903239063891597,0.04409444677794383,0.14278702908003815,4.833816512504662
2209,total,0.26057661655102393,0.9896004705215841,0.044077011023273674,0.1424856948179972,4.831188213234464
2210,total,0.2602768259819257,0.9889023488125201,0.04405947670888388,0.14196496225197208,4.828569572734943
2211,total,0.25994420290195563,0.9881690823787633,0.04404568697181531,0.1416999492001949,4.825959908291585
2212,total,0.2597805338494936,0.9874164689456519,0.04402821679917939,0.14142139854397906,4.8233576677963
2213,total,0.2593928732965125,0.9866012742120998,0.044010921253529144,0.14102175814687215,4.820761774778801
2214,total,0.25893523941509855,0.9858112961100687,0.04399347835010295,0.14062550927284007,4.8181706445644785
2215,total,0.25851302574765356,0.9851181466449591,0.043977150164878624,0.14023225017592544,4.815583125341147
2216,total,0.2582967479843177,0.9843942624364416,0.04395957545308781,0.13984887546669106,4.8129995832141805
2217,total,0.2576801361753738,0.9836036406127928,0.04394272951018979,0.13961696563288728,4.810420546567951
2218,total,0.2571394871335215,0.9828183275398182,0.04392607156960524,0.13939079272561586,4.807846315920374
2219,total,0.2564723007071734,0.9820640039439686,0.04390880590159157,0.13901362895967964,4.80527689813018
2220,total,0.25583441250249805,0.9813207776142181,0.04389189533788326,0.13858629940353814,4.802711925602253
2221,total,0.2552538282572314,0.9805987051372321,0.043876761679304745,0.1380803719763833,4.800150820150231
2222,total,0.2548732341547897,0.979923173752674,0.04386073000935723,0.1377423368210028,4.797130227381624
2223,total,0.25428968556006737,0.9792005745563929,0.04384316493815478,0.137325408967029,4.793779451178597
2224,total,0.25360826287750626,0.9784747116984934,0.043826875143603825,0.13691338347718762,4.790434631445986
2225,total,0.2529477866618528,0.9777518386219647,0.04381181975624785,0.13650206284676436,4.787095208502883
2226,total,0.25230241834681166,0.9770375782452884,0.04379510787068358,0.13612564831116422,4.783761400293065
2227,total,0.2517463330784935,0.9762940917869046,0.04377987608686753,0.1357688915116057,4.780432271150641
2228,total,0.25133992568149566,0.9755685194262594,0.04376386519698106,0.13541631166603665,4.777107737210203
2229,total,0.25106646186671,0.9748405136832178,0.0437468752752888,0.135058610015032,4.773787277422134
2230,total,0.2507312438036067,0.9741500119634788,0.043730401269902755,0.13461077553230538,4.7704710268130235
2231,total,0.25055556415811964,0.9734562716483857,0.043712772089434505,0.1341994530825108,4.76715940095166
2232,total,0.2500688610671098,0.9727739891538663,0.04369684010061188,0.13402232335629982,4.763852464733856
2233,total,0.24949818161631754,0.9720113126782756,0.04367983557040492,0.13375382192424395,4.7605503298032685
2234,total,0.24901020364883664,0.971269668643406,0.043663866222726125,0.13352610316200675,4.757253759003715
2235,total,0.24852223437122944,0.9705594890059859,0.04364832971230395,0.13330214096372509,4.7539632408146115
2236,total,0.24814681132946248,0.9698334783648388,0.04363114096636828,0.1330799101901544,4.75067808166284
2237,total,0.24775576753658157,0.969114625241622,0.0436140172094645,0.13285929665256796,4.747398225846313
2238,total,0.24736604986605926,0.9684270197780084,0.04359666818547912,0.13262802221093645,4.7441228079047875
2239,total,0.24690099341693283,0.9676934271245283,0.04358019895559904,0.13233646383533362,4.740850417117716
2240,total,0.24662159982243992,0.9670104687720883,0.04356315106897209,0.13180875644895879,4.737579591511324
2241,total,0.2463418584645254,0.9663460140230198,0.04354565755822443,0.1312916179114964,4.73431111761467
2242,total,0.24572155846466615,0.9655948163313381,0.04352881547222487,0.13097718716965048,4.731045966755977
2243,total,0.24524048805853838,0.9648537927390071,0.04351201422769308,0.13052325928537414,4.728106175695627
2244,total,0.24493636968758992,0.9641980585183658,0.043495665357974264,0.13036993013308162,4.726720224866554
2245,total,0.24429084779883325,0.9635205245843506,0.043482119049291515,0.1302243367672503,4.725338719381926
2246,total,0.24405950517608943,0.9628394946495631,0.04346529362695156,0.1300816572933023,4.723961147918761
2247,total,0.2435738656070825,0.9621697655782457,0.04344800482649921,0.12986093386353445,4.722587036324246
2248,total,0.24322414033012052,0.9614539922971981,0.04343110722281087,0.1294377856597695,4.7212150027539215
2249,total,0.24263788152929067,0.960718749054927,0.0434143669686452,0.12901748843549576,4.719843899930181
2250,total,0.24215357984376595,0.9599840591003662,0.043397636634472735,0.12859827744615446,4.7184696552819005
2251,total,0.24173924669130642,0.959270865097963,0.043380781984237914,0.1282986579926572,4.717090911359035
2252,total,0.24136925379539065,0.9585586143680523,0.043363945818885655,0.1280464731267333,4.715710266005368
2253,total,0.2409374006236007,0.9578481671138878,0.04334742527887988,0.12779536558338264,4.714329807772317
2254,total,0.2405629194070542,0.9571181554861228,0.043330733064027,0.12750262024430725,4.7129516091942
2255,total,0.24020206719527692,0.9564077245447792,0.04331409443629832,0.12697098823508562,4.711577923636223
2256,total,0.2398434339832889,0.9556831134197457,0.04329742947949721,0.12644356214791444,4.710207790732111
2257,total,0.2394864684989173,0.9549952672531269,0.04328126814653617,0.1260857059390766,4.70884047843253
2258,total,0.23915771060665136,0.954286730728793,0.04326453710962342,0.12582853105641192,4.707369669695888
2259,total,0.23878876026360274,0.9535693046769161,0.043247910276411346,0.12559672881144515,4.704942346088545
2260,total,0.23829782697434254,0.9528540475703555,0.04323129713958844,0.12536618903691837,4.70251669092225
2261,total,0.23792442476429798,0.9521747686454642,0.04321542387732637,0.1251359326211297,4.700091833694215
2262,total,0.23762977248221517,0.9515161261384871,0.043199661115234385,0.1249079647239757,4.697666927973231
2263,total,0.23721855078401077,0.9508752024957781,0.043183142966417946,0.12468137833053738,4.695157440655964
2264,total,0.23676487157356263,0.950166811597899,0.04316657470918339,0.12445616752287983,4.692618682472301
2265,total,0.23619127883723934,0.9494888876478424,0.04315099269714352,0.1241535922536066,4.690080399413698
2266,total,0.23581213433551085,0.9488092451001248,0.04313426344765704,0.123581497098386,4.687542476582223
2267,total,0.23546152906817497,0.9481406781716446,0.043117690653974694,0.12323583710994619,4.685005775696998
2268,total,0.23504421910800488,0.9474583626814694,0.043101537910048594,0.12301529033352807,4.682554990721364
2269,total,0.23438890606011853,0.946758794158168,0.043085026306501704,0.12294686370306315,4.680114407078189
2270,total,0.2339005808517598,0.9460609412200329,0.0430685237321764,0.12274612820667948,4.677674708819543
2271,total,0.2335043809305546,0.9453910098609037,0.043052452301644124,0.12241363439766424,4.675235806191204
2272,total,0.2330907440968133,0.9446965741746146,0.0430359740493971,0.12213945709092683,4.672797540859107
2273,total,0.23263486826240865,0.9440084703842042,0.043019763804663755,0.12172457464810335,4.670359504177152
2274,total,0.23211018012587203,0.943318289645017,0.043003353497098586,0.12133224876958693,4.667921222857811
2275,total,0.23154606508506248,0.9426292628885499,0.042986949567251555,0.12105785146068265,4.665482357024402
2276,total,0.23117247648988126,0.9419505504628285,0.042970424043329236,0.12079296423453698,4.663043350477275
2277,total,0.23069296066496037,0.9412910678726074,0.04295435809577935,0.12052902486180699,4.660604197827027
2278,total,0.2301888532473484,0.9406222903970709,0.0429383915964527,0.12026611082702524,4.658164910071756
2279,total,0.22992500074774114,0.9399701655389425,0.04292205530572297,0.11997019583052052,4.655726957915135
2280,total,0.22952177765753845,0.939286983469589,0.042905653434743035,0.1197293319196639,4.653290301475421
2281,total,0.22911989419875312,0.9386052348050736,0.04288926265940642,0.11947555431681138,4.650854708815255
2282,total,0.22871071399678655,0.9379554827154694,0.04287292790932174,0.11920376839775174,4.648420131308333
2283,total,0.22831113722461893,0.9373025144539096,0.042856483264704474,0.11894059839311381,4.645985936167027
2284,total,0.22784541618009868,0.9366508012735865,0.042840063738850305,0.11868049150028846,4.643552048653919
2285,total,0.22734057500797533,0.9360162671404063,0.04282449666682896,0.11834094272755209,4.641118289673012
2286,total,0.2269857524037917,0.9353829950749667,0.04280896625022259,0.11800334628306075,4.638684367541424
2287,total,0.22652024466844267,0.9347350362375924,0.04279263010136596,0.11759840864285565,4.636250882511571
2288,total,0.22619198877447744,0.9340881496363665,0.042776312662397176,0.11726967154466834,4.633817694695795
2289,total,0.22594412014433374,0.9334376863553648,0.04276043401204337,0.11695453384132115,4.631385084410051
2290,total,0.2256566451205515,0.9328039760384775,0.04274483072069395,0.1166720854584021,4.628952857888381
2291,total,0.22525871105342787,0.9321561666417851,0.042728995068383374,0.11634431268262765,4.626521283277841
2292,total,0.2248173082987961,0.9315096713229173,0.04271317717876001,0.11601871933004695,4.624090862680255
2293,total,0.22447307307949416,0.9308645182787417,0.04269737885548258,0.11569501133904297,4.621661226557892
2294,total,0.22410586919594166,0.9301998311121498,0.04268111952423975,0.11537325256382047,4.619232313187972
2295,total,0.22374046541889925,0.9295598886128346,0.04266509858196756,0.11505599923231884,4.616804168310858
2296,total,0.22332767077308446,0.9289417532341397,0.04264958083428702,0.1147413401559735,4.6143758411154225
2297,total,0.2229528869127435,0.9283243487265507,0.04263409919627363,0.11442662741077143,4.611946360902399
2298,total,0.22267340183198314,0.9276623838544776,0.04261787642999394,0.11411161093474077,4.609514610234504
2299,total,0.222397098092884,0.927026113792663,0.042601670549894874,0.11379608173117325,4.607080342471929
2300,total,0.2221168042052568,0.9263905165447475,0.04258548782702031,0.11348038300810685,4.604644760328977
