year,component,arm,med_cm,p05_cm,p95_cm
1990,glaciers,fixed,-0.7164018888025865,-0.8767215693159343,-0.6313538049035966
1991,glaciers,fixed,-0.6828063999836569,-0.8307879728201063,-0.6032612996148283
1992,glaciers,fixed,-0.6450100169661215,-0.7778389322408761,-0.5732130965806023
1993,glaciers,fixed,-0.6255954362681042,-0.7473264036192329,-0.5581063056834337
1994,glaciers,fixed,-0.5846978161526426,-0.6967939359662226,-0.5225560894014304
1995,glaciers,fixed,-0.5481660487077797,-0.6502401699345464,-0.4913829124821292
1996,glaciers,fixed,-0.5000195931929339,-0.5921436556455688,-0.4485481859680694
1997,glaciers,fixed,-0.4591311906090616,-0.5387420990885291,-0.4145585888265218
1998,glaciers,fixed,-0.41133257261993306,-0.4806552568083246,-0.37244232993666015
1999,glaciers,fixed,-0.333771414126939,-0.3918997917374408,-0.3021135159183939
2000,glaciers,fixed,-0.28955233902127864,-0.33847635340485355,-0.2626920843251691
2001,glaciers,fixed,-0.23938868750228015,-0.27969861080697245,-0.21668930251578145
2002,glaciers,fixed,-0.17868943050653252,-0.20716133331068956,-0.16212181876812665
2003,glaciers,fixed,-0.11489410571297398,-0.1304013684021371,-0.10451616772420164
2004,glaciers,fixed,-0.05098214095769249,-0.05798250531748461,-0.044919952578113695
2005,glaciers,fixed,0.002165787600055591,-0.007890713467999078,0.010800165885793508
2006,glaciers,fixed,0.07580844331039494,0.06259401729924688,0.09339853605085006
2007,glaciers,fixed,0.1585176032312936,0.14123155588470848,0.18494363829451613
2008,glaciers,fixed,0.22293770356180698,0.20048139852619284,0.2607137277548096
2009,glaciers,fixed,0.26978539497099563,0.2433698776421419,0.31735455698591997
2010,glaciers,fixed,0.33133585787041486,0.2987031223695382,0.3903430673978073
2011,glaciers,fixed,0.42704424729158363,0.3880677433140822,0.49729810908427563
2012,glaciers,fixed,0.4909190474784406,0.44614670633064113,0.5724916363126522
2013,glaciers,fixed,0.5457749549714057,0.4949011234825675,0.635531515579601
2014,glaciers,fixed,0.6029589006591842,0.547042456740619,0.7049027883241987
2015,glaciers,fixed,0.674764752375848,0.6126988094404061,0.7866437405653751
2016,glaciers,fixed,0.7499727205126621,0.6820661800359565,0.8698447737551913
2017,glaciers,fixed,0.8751378709946405,0.797546751372841,1.006455718791224
2018,glaciers,fixed,0.9558824462914304,0.8705508073585287,1.0988767544900768
2019,glaciers,fixed,1.0239276653919887,0.931531495718893,1.1779887433082012
2020,glaciers,fixed,1.1187831695741992,1.016863471659871,1.286030877543611
2021,glaciers,fixed,1.189243524326447,1.0810671362925552,1.3665364950962833
2022,glaciers,fixed,1.2588221260188242,1.1444194408801678,1.4458490501416252
2023,glaciers,fixed,1.3329107800800002,1.2120127915775338,1.5330750680358214
2024,glaciers,fixed,1.4261966070921512,1.296456988616599,1.6394170731454134
2025,glaciers,fixed,1.5207503015211423,1.3813213351366276,1.7468014710695978
2026,glaciers,fixed,1.6159861797449642,1.4665360761901658,1.8523979199452367
2027,glaciers,fixed,1.7123183979047347,1.5545879995188243,1.9608541058135198
2028,glaciers,fixed,1.8097879299673347,1.64015247415128,2.070965596452252
2029,glaciers,fixed,1.9071412435495825,1.7264331216933726,2.180130303587346
2030,glaciers,fixed,2.0049682736676933,1.8138843114813374,2.2862611781190414
2031,glaciers,fixed,2.101963779316895,1.9009120582979937,2.3961007683029507
2032,glaciers,fixed,2.1990954699220455,1.9882995024742292,2.5062954734645944
2033,glaciers,fixed,2.2975733558263975,2.0754636901505723,2.618244754315413
2034,glaciers,fixed,2.3955999070896765,2.1637806388975522,2.7289428738537747
2035,glaciers,fixed,2.4958687814429728,2.2525935970733046,2.842654600389749
2036,glaciers,fixed,2.5968794330896,2.342371944001917,2.956379593155909
2037,glaciers,fixed,2.7001606394249618,2.4329613792983182,3.0732537389417653
2038,glaciers,fixed,2.8040253306647815,2.5250125012769695,3.193558771955583
2039,glaciers,fixed,2.9087951518663853,2.618334588585823,3.3139498347583913
2040,glaciers,fixed,3.0157108211762167,2.7131337597862064,3.435081403250195
2041,glaciers,fixed,3.123783731164948,2.8082755439148768,3.5564779505142448
2042,glaciers,fixed,3.2317241060086546,2.902620269290737,3.6772320681732427
2043,glaciers,fixed,3.3404586710151554,2.9984308568113924,3.801430355865711
2044,glaciers,fixed,3.4484447963844724,3.0944201914253835,3.925105874959677
2045,glaciers,fixed,3.5561967589889703,3.1908497802703772,4.048347364807709
2046,glaciers,fixed,3.6653384518734984,3.2886754928556305,4.172374936622732
2047,glaciers,fixed,3.778310359816207,3.3876194059910087,4.298477272656543
2048,glaciers,fixed,3.8917314950247217,3.4853440130044544,4.432005486197977
2049,glaciers,fixed,4.006828676479333,3.589052414120986,4.558352252479394
2050,glaciers,fixed,4.125065982319917,3.6935457182132505,4.690185748976459
2051,glaciers,fixed,4.243698460407895,3.8000174841973933,4.831676683934317
2052,glaciers,fixed,4.360154757034431,3.9017831912544,4.965919043344708
2053,glaciers,fixed,4.477534246868125,4.003804943195527,5.097930607567597
2054,glaciers,fixed,4.596292775686209,4.105449682900901,5.232823430970985
2055,glaciers,fixed,4.712951855339808,4.209702102694187,5.371533124218058
2056,glaciers,fixed,4.830600859039826,4.312858009718118,5.504066099587137
2057,glaciers,fixed,4.949006779707183,4.415991735781872,5.642213104744625
2058,glaciers,fixed,5.067771877294884,4.521325951790179,5.779979052558376
2059,glaciers,fixed,5.189370578202178,4.625287025937806,5.916699622539449
2060,glaciers,fixed,5.310276681634706,4.7306425847144595,6.055153099373208
2061,glaciers,fixed,5.432509579097213,4.835723710086164,6.19252878802249
2062,glaciers,fixed,5.559124305070372,4.939073586133913,6.335055209614611
2063,glaciers,fixed,5.68371380078231,5.043498476703476,6.474490131120824
2064,glaciers,fixed,5.804619313496028,5.147958472180679,6.6182608017555555
2065,glaciers,fixed,5.927608869987429,5.24756489346811,6.757125478139574
2066,glaciers,fixed,6.049270526632345,5.348462638296748,6.896146702302951
2067,glaciers,fixed,6.171406233377657,5.448789796795934,7.031643692981455
2068,glaciers,fixed,6.294149335733584,5.551907666133979,7.172232798451961
2069,glaciers,fixed,6.412961918875237,5.653910854971151,7.307881584836351
2070,glaciers,fixed,6.533323063486303,5.7569330503775005,7.448618198054544
2071,glaciers,fixed,6.654049449684987,5.8607713160803145,7.586833401320813
2072,glaciers,fixed,6.777650729264969,5.966977827148847,7.725496941965435
2073,glaciers,fixed,6.899241323614072,6.073134595774862,7.865912852079224
2074,glaciers,fixed,7.019737589597389,6.173269760583653,7.998996920879218
2075,glaciers,fixed,7.138739491690819,6.274290456519352,8.139670089153508
2076,glaciers,fixed,7.260617482032243,6.377911241832162,8.28193006603721
2077,glaciers,fixed,7.380512228555004,6.481578493767428,8.422353975553944
2078,glaciers,fixed,7.4987091316986305,6.583627253124688,8.558768367785431
2079,glaciers,fixed,7.6167127815232,6.682517514515916,8.693642298422075
2080,glaciers,fixed,7.733947947033073,6.782090688508487,8.834042489065325
2081,glaciers,fixed,7.852205175006349,6.881195672380912,8.973710904429526
2082,glaciers,fixed,7.969380377573188,6.980851121779406,9.102896995783599
2083,glaciers,fixed,8.082223181516257,7.080577121973893,9.234772119192964
2084,glaciers,fixed,8.198559690945437,7.176046655985056,9.372396343305274
2085,glaciers,fixed,8.313272432542416,7.2741498134416585,9.515026429864584
2086,glaciers,fixed,8.427093472169899,7.372753913754746,9.651876308738219
2087,glaciers,fixed,8.543232831501872,7.470035334767522,9.78171988176835
2088,glaciers,fixed,8.657612955958793,7.560134177217392,9.912040373415161
2089,glaciers,fixed,8.76929643391663,7.648633600730541,10.04411050567042
2090,glaciers,fixed,8.872492314247163,7.736042193646639,10.174962945354931
2091,glaciers,fixed,8.984655909477816,7.823072392252226,10.303293602952166
2092,glaciers,fixed,9.08937268044718,7.905518768815288,10.433584230572814
2093,glaciers,fixed,9.202988070480963,7.994953845178412,10.562475421220494
2094,glaciers,fixed,9.314047150922878,8.082501922988433,10.688316024645358
2095,glaciers,fixed,9.418713586776933,8.173944049514,10.815999582649551
2096,glaciers,fixed,9.521945794343473,8.258624337726364,10.946107164673458
2097,glaciers,fixed,9.626504412093396,8.342251677272412,11.073033484193205
2098,glaciers,fixed,9.730279710599616,8.430423972304848,11.194103519311588
2099,glaciers,fixed,9.833579855388571,8.517445128004205,11.310655925520487
2100,glaciers,fixed,9.934571446042423,8.603365891429739,11.430532893793087
2101,glaciers,fixed,10.032710750732052,8.687996869141843,11.547677258982738
2102,glaciers,fixed,10.132399341147387,8.772207037628574,11.67035185950427
2103,glaciers,fixed,10.23000093479678,8.852558670641722,11.78664161377095
2104,glaciers,fixed,10.326743325999956,8.931272295856587,11.901837255582
2105,glaciers,fixed,10.420408889601207,9.006553814608623,12.016834273367685
2106,glaciers,fixed,10.516147237593534,9.081178188134048,12.129561535807587
2107,glaciers,fixed,10.612254892931379,9.159055803482534,12.240857416880214
2108,glaciers,fixed,10.704445570567474,9.231886226822109,12.351151544586328
2109,glaciers,fixed,10.79898648847125,9.307402523831795,12.46356833751322
2110,glaciers,fixed,10.890849635827887,9.375835400151846,12.57161252473345
2111,glaciers,fixed,10.98488935169841,9.443985433636746,12.673483939097284
2112,glaciers,fixed,11.07471165449713,9.515001252569842,12.779731053051252
2113,glaciers,fixed,11.16386035072323,9.584423672188343,12.885525255402463
2114,glaciers,fixed,11.249901846696208,9.651956350007806,12.990160261625435
2115,glaciers,fixed,11.333718667596502,9.716442439622394,13.091101856157643
2116,glaciers,fixed,11.41804281218541,9.787267692361992,13.185370119980085
2117,glaciers,fixed,11.502199805036632,9.85272792962382,13.287026573823114
2118,glaciers,fixed,11.586170207759547,9.915435645227904,13.382498891983515
2119,glaciers,fixed,11.672200961748324,9.981298266690892,13.478806779603884
2120,glaciers,fixed,11.753361397152773,10.042562103016877,13.578835123321733
2121,glaciers,fixed,11.83598294740214,10.104682118664746,13.676025538006552
2122,glaciers,fixed,11.915878127463472,10.171908569420888,13.77301996536884
2123,glaciers,fixed,11.995718193854833,10.23125395659686,13.866087042409271
2124,glaciers,fixed,12.072445829707071,10.293434427703652,13.951449597326722
2125,glaciers,fixed,12.148615824958707,10.348915120728105,14.036131048137573
2126,glaciers,fixed,12.224408215639517,10.40415530564243,14.125244020967118
2127,glaciers,fixed,12.299044709475222,10.471466276739129,14.214312308771728
2128,glaciers,fixed,12.372428309932648,10.53579296002689,14.309210482467094
2129,glaciers,fixed,12.440169657616275,10.599978966075668,14.402273692049855
2130,glaciers,fixed,12.514173543478455,10.65804576342419,14.488881048830798
2131,glaciers,fixed,12.588015653085765,10.714188919101034,14.575305745256083
2132,glaciers,fixed,12.6608632682145,10.776431034736703,14.658795858963073
2133,glaciers,fixed,12.730512595026319,10.833196454945153,14.741673314074351
2134,glaciers,fixed,12.802268743807314,10.890378316828759,14.823549627402265
2135,glaciers,fixed,12.870894518423874,10.946483880028762,14.904927663877674
2136,glaciers,fixed,12.938500158555646,11.002183819699157,14.986619780088935
2137,glaciers,fixed,13.006976400369537,11.054543799945133,15.077183396864177
2138,glaciers,fixed,13.075809590903287,11.105381912403823,15.151926845391456
2139,glaciers,fixed,13.142994573291936,11.155964463084278,15.238248288919419
2140,glaciers,fixed,13.209871682448918,11.2102995436844,15.322514551092786
2141,glaciers,fixed,13.275971291349089,11.264042318560628,15.404578450507259
2142,glaciers,fixed,13.340360601632383,11.316555273309756,15.476410503226925
2143,glaciers,fixed,13.401487633917396,11.368381823818169,15.549424371340876
2144,glaciers,fixed,13.4626098845046,11.420099267202035,15.63326868170621
2145,glaciers,fixed,13.52056662757768,11.471374932715634,15.716483510263958
2146,glaciers,fixed,13.583681571551619,11.520277196256343,15.799362516890195
2147,glaciers,fixed,13.639662271909504,11.570387748086242,15.881835518470227
2148,glaciers,fixed,13.697387834467584,11.622282906211552,15.961955756246658
2149,glaciers,fixed,13.752731002845735,11.668959454908453,16.033090234762422
2150,glaciers,fixed,13.809260482931318,11.712225286409573,16.102950050427623
2151,glaciers,fixed,13.870094675760775,11.75861704276305,16.172046461923188
2152,glaciers,fixed,13.924435234538677,11.804735881280887,16.24117794491335
2153,glaciers,fixed,13.983369697635373,11.849934015372721,16.31915620591422
2154,glaciers,fixed,14.038475292026927,11.898367017884057,16.392535296714748
2155,glaciers,fixed,14.095812635295804,11.946727910511225,16.46019425677215
2156,glaciers,fixed,14.155814211366664,11.990053064266144,16.53092558239848
2157,glaciers,fixed,14.214373810689704,12.032231934372371,16.59743087233262
2158,glaciers,fixed,14.27000275993839,12.06857056922082,16.67011459605491
2159,glaciers,fixed,14.325474020699634,12.108316997102369,16.739855304703045
2160,glaciers,fixed,14.382687534471795,12.15422490435879,16.802558954396787
2161,glaciers,fixed,14.439356730273495,12.20013329525451,16.868379789721384
2162,glaciers,fixed,14.49443134501179,12.240458669919976,16.940027365209943
2163,glaciers,fixed,14.54836761635245,12.284766372757407,17.009580866685848
2164,glaciers,fixed,14.603987114752698,12.327298421851484,17.073272712923746
2165,glaciers,fixed,14.656011201470857,12.369526386031204,17.14241129587401
2166,glaciers,fixed,14.70888307643491,12.411026313977734,17.213059725107534
2167,glaciers,fixed,14.760989783610603,12.450828962385707,17.270387658632615
2168,glaciers,fixed,14.812602902310847,12.490852132678242,17.327301344693428
2169,glaciers,fixed,14.866339790268732,12.530213346589406,17.383710319844866
2170,glaciers,fixed,14.915169949375258,12.569317961797713,17.43953954738332
2171,glaciers,fixed,14.96382214922638,12.608956252968456,17.495498737297847
2172,glaciers,fixed,15.014383842224717,12.65080067753774,17.553074397454004
2173,glaciers,fixed,15.069720604659214,12.690344011273849,17.611450722284832
2174,glaciers,fixed,15.118734951152717,12.728567598992212,17.671961062339626
2175,glaciers,fixed,15.16742698322757,12.766596748770922,17.734064018008496
2176,glaciers,fixed,15.217117390957544,12.804008704142499,17.795255244645094
2177,glaciers,fixed,15.266583674174917,12.84078406237657,17.855519586147125
2178,glaciers,fixed,15.31346427807371,12.877428549868924,17.914922565685362
2179,glaciers,fixed,15.360051686161356,12.91397799317542,17.97384863956631
2180,glaciers,fixed,15.403156985811211,12.948501686048862,18.03255851225267
2181,glaciers,fixed,15.451694231661786,12.98388299406342,18.091008591871322
2182,glaciers,fixed,15.502191052416588,13.019004075274076,18.149030416867586
2183,glaciers,fixed,15.55126497867953,13.054115477139327,18.206638724808847
2184,glaciers,fixed,15.600349245600643,13.089414682971174,18.264046980651596
2185,glaciers,fixed,15.646945007159779,13.120305656284263,18.322265620900712
2186,glaciers,fixed,15.693004846650023,13.157509242100026,18.37794868491507
2187,glaciers,fixed,15.741331681082386,13.192092712023197,18.432480053398212
2188,glaciers,fixed,15.789739217380887,13.225322936979442,18.48723469858611
2189,glaciers,fixed,15.834161609840766,13.257873969963125,18.54097247786179
2190,glaciers,fixed,15.87247008120329,13.290398026898893,18.59438366584068
2191,glaciers,fixed,15.910200474224345,13.322572055750594,18.647250128234933
2192,glaciers,fixed,15.950976785413287,13.356013981164264,18.6981865159602
2193,glaciers,fixed,15.995301944799852,13.39028782813061,18.74663129346478
2194,glaciers,fixed,16.034969425384702,13.424304146715636,18.799096151757645
2195,glaciers,fixed,16.076741476284397,13.45823251229355,18.84887062760929
2196,glaciers,fixed,16.115898033197894,13.491671480339548,18.901254659285105
2197,glaciers,fixed,16.15551862858209,13.525236194789588,18.95656890699792
2198,glaciers,fixed,16.19485440120139,13.558495303615361,19.00910771758112
2199,glaciers,fixed,16.233343759055373,13.588594530074083,19.059300857359126
2200,glaciers,fixed,16.27245226171084,13.618681044342672,19.10868698014078
2201,glaciers,fixed,16.30841146288584,13.651429637276427,19.15711153129924
2202,glaciers,fixed,16.344451203458014,13.681402925483248,19.203942996618608
2203,glaciers,fixed,16.38197642730497,13.710944016279779,19.249935373048523
2204,glaciers,fixed,16.42311281621093,13.74060680587345,19.300292039432552
2205,glaciers,fixed,16.46518878802928,13.770935779236364,19.348735984631066
2206,glaciers,fixed,16.50082437579304,13.801110206866356,19.39678723805421
2207,glaciers,fixed,16.544051420345667,13.831217040221619,19.443023499301766
2208,glaciers,fixed,16.58422964089612,13.86083260436955,19.48380846411815
2209,glaciers,fixed,16.61982560114753,13.889988996064597,19.52386718372786
2210,glaciers,fixed,16.65455425762836,13.919059543419195,19.57403254358842
2211,glaciers,fixed,16.692353107741305,13.94628115404614,19.628091038385598
2212,glaciers,fixed,16.730044452775267,13.971833008581589,19.67412200247791
2213,glaciers,fixed,16.7651756431031,13.997125270281126,19.716797188337235
2214,glaciers,fixed,16.799475997104928,14.027383300876643,19.760083552739314
2215,glaciers,fixed,16.83357804400125,14.052490799611913,19.8008771115538
2216,glaciers,fixed,16.866482734931466,14.077476271955842,19.846306134565104
2217,glaciers,fixed,16.8996979424787,14.102192450915611,19.88918529760082
2218,glaciers,fixed,16.932229397784297,14.126753124299391,19.93328432159043
2219,glaciers,fixed,16.96642760740452,14.151027747492066,19.978677181425866
2220,glaciers,fixed,17.002489138618465,14.176745969324896,20.018047908361748
2221,glaciers,fixed,17.033972517658626,14.203720206018277,20.05680406527108
2222,glaciers,fixed,17.064386321177867,14.230421429268024,20.094810996542662
2223,glaciers,fixed,17.095760876879304,14.25702424419735,20.13467211624923
2224,glaciers,fixed,17.128276059984547,14.283448021247938,20.17425574183825
2225,glaciers,fixed,17.160524974688272,14.30551091149966,20.21350899271038
2226,glaciers,fixed,17.192247468644048,14.327401098345534,20.251612973672504
2227,glaciers,fixed,17.221051839552686,14.355400789967963,20.28813096103532
2228,glaciers,fixed,17.25237611056458,14.378046492129124,20.324629616503714
2229,glaciers,fixed,17.28152440371388,14.400449816851296,20.360734095897122
2230,glaciers,fixed,17.31015322989021,14.422793504321108,20.396688679304894
2231,glaciers,fixed,17.34327623785983,14.444999392047142,20.43238965502822
2232,glaciers,fixed,17.373720221713633,14.467240416988329,20.467543246370788
2233,glaciers,fixed,17.40049839146073,14.489231484959062,20.502035493650347
2234,glaciers,fixed,17.427978368076793,14.51087344004907,20.536139085258856
2235,glaciers,fixed,17.453266094194287,14.53217033911914,20.570317457369292
2236,glaciers,fixed,17.479199928893745,14.553173842119264,20.604329460581344
2237,glaciers,fixed,17.51054333774946,14.574021090923376,20.638066469905443
2238,glaciers,fixed,17.541113526993726,14.594798912675186,20.67164386191082
2239,glaciers,fixed,17.570201252228237,14.615206980667582,20.704665162079362
2240,glaciers,fixed,17.599733217985708,14.636149205942083,20.737971096724248
2241,glaciers,fixed,17.627632359045364,14.656949642989247,20.773851347179008
2242,glaciers,fixed,17.653275808112735,14.67671117195102,20.81678012222137
2243,glaciers,fixed,17.68176938174758,14.69556097343361,20.85946181173807
2244,glaciers,fixed,17.707119827048636,14.71507003195986,20.901554208778457
2245,glaciers,fixed,17.729092969052417,14.7373109432562,20.93667711394623
2246,glaciers,fixed,17.754539796977266,14.756261537560583,20.96976349225039
2247,glaciers,fixed,17.777024761613692,14.774907102326711,21.002512149126265
2248,glaciers,fixed,17.802277641940126,14.794553215912194,21.034960059467767
2249,glaciers,fixed,17.82583780509411,14.81575517322618,21.06709925311952
2250,glaciers,fixed,17.848197998200945,14.834780855860528,21.09920195754554
2251,glaciers,fixed,17.87237380450071,14.853929275705674,21.131363230834385
2252,glaciers,fixed,17.897642250347445,14.872912930428148,21.163243720747722
2253,glaciers,fixed,17.92087313597692,14.891810827423994,21.194820293256782
2254,glaciers,fixed,17.943871167513237,14.91054005136924,21.225971939245092
2255,glaciers,fixed,17.964990258639176,14.92903113291316,21.256461737697727
2256,glaciers,fixed,17.98827848649585,14.947757102477022,21.28674045174063
2257,glaciers,fixed,18.010777229063446,14.965815522280236,21.31656957887826
2258,glaciers,fixed,18.031615918247347,14.982830862401526,21.346021476420685
2259,glaciers,fixed,18.054631490607903,15.000077428054475,21.375152831707403
2260,glaciers,fixed,18.075291673324557,15.016935170142975,21.403850168829013
2261,glaciers,fixed,18.095349822598568,15.032377799857793,21.429461553878525
2262,glaciers,fixed,18.11546288390268,15.051110944998024,21.454887738799204
2263,glaciers,fixed,18.136073582744547,15.067593626969868,21.479847167245666
2264,glaciers,fixed,18.157537608517906,15.084030825133834,21.504564129109554
2265,glaciers,fixed,18.177752079511684,15.098398988204,21.528796774896527
2266,glaciers,fixed,18.198878028816488,15.11127394061661,21.5528176003813
2267,glaciers,fixed,18.219919990353034,15.124086439646218,21.57451907128679
2268,glaciers,fixed,18.242900584096965,15.136716459218711,21.594352809489713
2269,glaciers,fixed,18.262674154421802,15.149291476166077,21.62239433530083
2270,glaciers,fixed,18.282474964152367,15.16318594657461,21.647620771630507
2271,glaciers,fixed,18.304127340099896,15.180569918470876,21.677399691280993
2272,glaciers,fixed,18.32352052908721,15.199130574314609,21.708702662003965
2273,glaciers,fixed,18.34421148118431,15.217489865608727,21.737704900423992
2274,glaciers,fixed,18.36466499834974,15.235927095861808,21.760638312893033
2275,glaciers,fixed,18.385027292268433,15.254325725337935,21.783470335571327
2276,glaciers,fixed,18.40435374333684,15.27080150094459,21.80610661340102
2277,glaciers,fixed,18.42277685460808,15.285881979811847,21.82850263189453
2278,glaciers,fixed,18.440607887836343,15.300861929257861,21.85071872195946
2279,glaciers,fixed,18.45909012220669,15.315605859186968,21.872494064294706
2280,glaciers,fixed,18.479061445476376,15.329750061595306,21.893984590886262
2281,glaciers,fixed,18.500474247141767,15.344227550932446,21.915232636992467
2282,glaciers,fixed,18.51810882174054,15.358073436461902,21.936159315177797
2283,glaciers,fixed,18.53529595934502,15.371836023062226,21.95693022021228
2284,glaciers,fixed,18.552564527855154,15.385428300686344,21.97743739279321
2285,glaciers,fixed,18.568843385759276,15.399006859899307,21.99787687322281
2286,glaciers,fixed,18.58495316995925,15.412758888459475,22.018385989146914
2287,glaciers,fixed,18.60089132938115,15.42671338950996,22.038859672270892
2288,glaciers,fixed,18.619914878220083,15.440500063580403,22.05907669573469
2289,glaciers,fixed,18.639697486935916,15.454108003970772,22.079024284981237
2290,glaciers,fixed,18.65775735992468,15.467566669125867,22.10226082448163
2291,glaciers,fixed,18.67591110201166,15.481040099404073,22.12549581382623
2292,glaciers,fixed,18.69284260260073,15.49534799529904,22.148526978598273
2293,glaciers,fixed,18.708759641704567,15.510419895500803,22.17139883125703
2294,glaciers,fixed,18.725565689288572,15.52282580796003,22.19394925430394
2295,glaciers,fixed,18.742522947603295,15.535116342409438,22.21631077205056
2296,glaciers,fixed,18.760536234275264,15.547450348359014,22.23870558879027
2297,glaciers,fixed,18.77940051701393,15.55969130521289,22.260943088408986
2298,glaciers,fixed,18.795673461198277,15.572130383385563,22.283429592800474
2299,glaciers,fixed,18.811361986155553,15.584774604846283,22.305680302225657
2300,glaciers,fixed,18.827412422341997,15.59769460923968,22.32800531737233
1990,glaciers,joint,-0.7164018888025865,-0.8767215693159343,-0.6313538049035966
1991,glaciers,joint,-0.6828063999836569,-0.8307879728201063,-0.6032612996148283
1992,glaciers,joint,-0.6450100169661215,-0.7778389322408761,-0.5732130965806023
1993,glaciers,joint,-0.6255954362681042,-0.7473264036192329,-0.5581063056834337
1994,glaciers,joint,-0.5846978161526426,-0.6967939359662226,-0.5225560894014304
1995,glaciers,joint,-0.5481660487077797,-0.6502401699345464,-0.4913829124821292
1996,glaciers,joint,-0.5000195931929339,-0.5921436556455688,-0.4485481859680694
1997,glaciers,joint,-0.4591311906090616,-0.5387420990885291,-0.4145585888265218
1998,glaciers,joint,-0.41133257261993306,-0.4806552568083246,-0.37244232993666015
1999,glaciers,joint,-0.333771414126939,-0.3918997917374408,-0.3021135159183939
2000,glaciers,joint,-0.28955233902127864,-0.33847635340485355,-0.2626920843251691
2001,glaciers,joint,-0.23938868750228015,-0.27969861080697245,-0.21668930251578145
2002,glaciers,joint,-0.17868943050653252,-0.20716133331068956,-0.16212181876812665
2003,glaciers,joint,-0.11489410571297398,-0.1304013684021371,-0.10451616772420164
2004,glaciers,joint,-0.05098214095769249,-0.05798250531748461,-0.044919952578113695
2005,glaciers,joint,0.002165787600055591,-0.007890713467999078,0.010800165885793508
2006,glaciers,joint,0.07580844331039494,0.06259401729924688,0.09339853605085006
2007,glaciers,joint,0.1585176032312936,0.14123155588470848,0.18494363829451613
2008,glaciers,joint,0.22293770356180698,0.20048139852619284,0.2607137277548096
2009,glaciers,joint,0.26978539497099563,0.2433698776421419,0.31735455698591997
2010,glaciers,joint,0.33133585787041486,0.2987031223695382,0.3903430673978073
2011,glaciers,joint,0.42704424729158363,0.3880677433140822,0.49729810908427563
2012,glaciers,joint,0.4909190474784406,0.44614670633064113,0.5724916363126522
2013,glaciers,joint,0.5457749549714057,0.4949011234825675,0.635531515579601
2014,glaciers,joint,0.6029589006591842,0.547042456740619,0.7049027883241987
2015,glaciers,joint,0.674764752375848,0.6126988094404061,0.7866437405653751
2016,glaciers,joint,0.7499727205126621,0.6820661800359565,0.8698447737551913
2017,glaciers,joint,0.8751378709946405,0.797546751372841,1.006455718791224
2018,glaciers,joint,0.9558824462914304,0.8705508073585287,1.0988767544900768
2019,glaciers,joint,1.0239276653919887,0.931531495718893,1.1779887433082012
2020,glaciers,joint,1.1187831695741992,1.016863471659871,1.286030877543611
2021,glaciers,joint,1.189243524326447,1.0810671362925552,1.3665364950962833
2022,glaciers,joint,1.2588221260188242,1.1444194408801678,1.4458490501416252
2023,glaciers,joint,1.3329107800800002,1.2120127915775338,1.5330750680358214
2024,glaciers,joint,1.4261966070921512,1.296456988616599,1.6394170731454134
2025,glaciers,joint,1.5207503015211423,1.3813213351366276,1.7468014710695978
2026,glaciers,joint,1.6165506411769401,1.4653303801390356,1.852770460494338
2027,glaciers,joint,1.7119026960412134,1.549089353117429,1.9619734559273638
2028,glaciers,joint,1.8088157830106208,1.6332007202428889,2.071355346758898
2029,glaciers,joint,1.9065512338673236,1.7200417573744078,2.1836526230469495
2030,glaciers,joint,2.0034080052453085,1.8042108869485478,2.293591184078993
2031,glaciers,joint,2.100747001114067,1.8912616079452012,2.411575225295605
2032,glaciers,joint,2.198387957731107,1.9772012638239491,2.529164555132659
2033,glaciers,joint,2.300443876782447,2.0618335552309808,2.648456716713532
2034,glaciers,joint,2.4053844899348267,2.1498413235175886,2.770089901205101
2035,glaciers,joint,2.5096048884461553,2.2400807102574376,2.8989168060811017
2036,glaciers,joint,2.6178555000315256,2.3296080068878924,3.0267946641361747
2037,glaciers,joint,2.72573861299521,2.4222980394597866,3.1543290962740613
2038,glaciers,joint,2.835988416824904,2.515835805157212,3.285534417564864
2039,glaciers,joint,2.945152589721026,2.6092800181859777,3.4207451189815052
2040,glaciers,joint,3.060746272928147,2.702198898722357,3.5536726954797015
2041,glaciers,joint,3.1728275876175447,2.795671357970937,3.692911742500354
2042,glaciers,joint,3.284821619983988,2.885491247160807,3.8291664010516904
2043,glaciers,joint,3.398589650526858,2.9763390143109696,3.9720648299312358
2044,glaciers,joint,3.5150047549590524,3.0671954938756687,4.120880567545715
2045,glaciers,joint,3.6302323001084402,3.1578157620984726,4.2686111538520635
2046,glaciers,joint,3.744951524485667,3.2527481145203234,4.426790030913005
2047,glaciers,joint,3.8604030349307954,3.3478941169947896,4.567904686790764
2048,glaciers,joint,3.9786187248608744,3.4410391142794725,4.724761798031563
2049,glaciers,joint,4.100707023046448,3.5392234878774893,4.874256614260172
2050,glaciers,joint,4.224154713551795,3.628096874600491,5.035743739530768
2051,glaciers,joint,4.344039878939156,3.7269367697835776,5.2072701563865
2052,glaciers,joint,4.467522705028475,3.818677939387365,5.38444484017209
2053,glaciers,joint,4.588681772389349,3.9048933942332402,5.551025840923753
2054,glaciers,joint,4.706421324900852,4.0007130851205055,5.729483029801712
2055,glaciers,joint,4.823539130496429,4.095953779039978,5.897722264780205
2056,glaciers,joint,4.9454141500030175,4.186495211280611,6.067394910168637
2057,glaciers,joint,5.070009344757331,4.28216015423781,6.234194091227682
2058,glaciers,joint,5.192797100774988,4.377408521299525,6.402435418427634
2059,glaciers,joint,5.312598109082516,4.468895941395571,6.585873334777314
2060,glaciers,joint,5.434642456065855,4.562539385248387,6.768388238782383
2061,glaciers,joint,5.553262513267367,4.654335449750161,6.933244655356442
2062,glaciers,joint,5.674185867003798,4.738637344317517,7.115533887603405
2063,glaciers,joint,5.794158493439388,4.829502469431019,7.2917859542512
2064,glaciers,joint,5.914053251660834,4.915278860997048,7.4752772061111274
2065,glaciers,joint,6.037076620886709,5.007697558939187,7.650617045696944
2066,glaciers,joint,6.1552321931180956,5.092988554845375,7.826520553904906
2067,glaciers,joint,6.273901138555141,5.182755711091492,7.999731306251186
2068,glaciers,joint,6.394951075315825,5.27159958270877,8.174264420775183
2069,glaciers,joint,6.51898840119666,5.357596905289078,8.350985658882712
2070,glaciers,joint,6.642903225986489,5.442943667964556,8.536582452688478
2071,glaciers,joint,6.760252314715291,5.5257698665365025,8.708453899682862
2072,glaciers,joint,6.879486174873816,5.608317805020615,8.881282739840495
2073,glaciers,joint,6.995245841079159,5.693449933065397,9.058497449419855
2074,glaciers,joint,7.112110274182099,5.778291911726186,9.235473467319716
2075,glaciers,joint,7.227530755637163,5.862436702175966,9.406051077037953
2076,glaciers,joint,7.343392152626726,5.94569620050421,9.578212709642111
2077,glaciers,joint,7.4545703390251195,6.027354005666462,9.748939798792753
2078,glaciers,joint,7.56852631219901,6.1096395961527525,9.91699203622015
2079,glaciers,joint,7.680938940913329,6.191724070467569,10.075133185428792
2080,glaciers,joint,7.796015679019915,6.272062278978496,10.242162274929818
2081,glaciers,joint,7.9073734638713,6.351842899274809,10.407719061341783
2082,glaciers,joint,8.019913453650183,6.428597945943416,10.571063155237708
2083,glaciers,joint,8.134505642325443,6.51227934842149,10.738088791799044
2084,glaciers,joint,8.245934574695152,6.588726998601731,10.899971640909214
2085,glaciers,joint,8.358908795855868,6.668655230093621,11.06461145118511
2086,glaciers,joint,8.4664989654318,6.745666588965816,11.225718108829621
2087,glaciers,joint,8.574801623024928,6.823157491283525,11.385268222401082
2088,glaciers,joint,8.679486209636014,6.897632250505461,11.543302039961517
2089,glaciers,joint,8.785790039572289,6.9713698195256,11.699697582529852
2090,glaciers,joint,8.88914660594678,7.04498000676641,11.855308037892849
2091,glaciers,joint,8.988416336025026,7.1216416187248965,12.009910800395167
2092,glaciers,joint,9.09035046485732,7.196636857116793,12.164179861878754
2093,glaciers,joint,9.187968032938802,7.262932950706238,12.317139384340283
2094,glaciers,joint,9.290184741322857,7.331079292740717,12.468905944765481
2095,glaciers,joint,9.389767949288593,7.397376627080497,12.619011269322565
2096,glaciers,joint,9.489112868824048,7.464741852101013,12.767141148114334
2097,glaciers,joint,9.58705524418388,7.532258962316557,12.906060537915431
2098,glaciers,joint,9.678788482508232,7.5996408098225,13.04329754764952
2099,glaciers,joint,9.771946000361595,7.666112779321051,13.186188689302991
2100,glaciers,joint,9.86371476583744,7.73178212444572,13.318406063540815
2101,glaciers,joint,9.955138607572469,7.796780778139173,13.453546876819395
2102,glaciers,joint,10.046815272012562,7.861195877377956,13.58594906753026
2103,glaciers,joint,10.136318376482043,7.924937882269718,13.716409875279762
2104,glaciers,joint,10.224423086399817,7.988021865369135,13.845189882215957
2105,glaciers,joint,10.312152503630069,8.043890989421485,13.972275633684317
2106,glaciers,joint,10.399355333192549,8.10272674017782,14.098335914679508
2107,glaciers,joint,10.482115544390442,8.159273614103896,14.22200235384191
2108,glaciers,joint,10.56765553930626,8.21995673704288,14.343472473497439
2109,glaciers,joint,10.651589142978903,8.279931855794477,14.4631496783263
2110,glaciers,joint,10.73211867806458,8.339172015196278,14.581228420120596
2111,glaciers,joint,10.812332916079914,8.39519081836955,14.697993821280823
2112,glaciers,joint,10.891667988451147,8.450843630692052,14.813810573276635
2113,glaciers,joint,10.970394647796757,8.506017829153738,14.924753776378967
2114,glaciers,joint,11.049285096162254,8.560652365900868,15.041769647621917
2115,glaciers,joint,11.129647083412095,8.60862557239651,15.162267301011074
2116,glaciers,joint,11.206355066872039,8.661997010456115,15.278483865536325
2117,glaciers,joint,11.280535741602742,8.712479668647761,15.386692383447036
2118,glaciers,joint,11.357147425554418,8.763939078156351,15.501640816716183
2119,glaciers,joint,11.433756246627578,8.813385824001237,15.616324435859338
2120,glaciers,joint,11.50901390825311,8.86356698125314,15.729483024024216
2121,glaciers,joint,11.580874364402103,8.918725002778217,15.840981216778282
2122,glaciers,joint,11.654129954182569,8.97145018681233,15.942918848011882
2123,glaciers,joint,11.727969831068691,9.02223713754163,16.039922430556768
2124,glaciers,joint,11.80003497228944,9.072615688732927,16.135314663897812
2125,glaciers,joint,11.86857171797975,9.122517766747526,16.229115710362304
2126,glaciers,joint,11.93836519557682,9.17197222404786,16.321557998604828
2127,glaciers,joint,12.004887666516305,9.220685014319882,16.412496898729092
2128,glaciers,joint,12.071756712793398,9.268668536967628,16.502758575249047
2129,glaciers,joint,12.13525888366843,9.316518677292821,16.593801066958495
2130,glaciers,joint,12.197014475489157,9.362412730280399,16.689115990175114
2131,glaciers,joint,12.2590982016223,9.4084686503568,16.77645043775857
2132,glaciers,joint,12.319193150612417,9.454724928461866,16.86207330216463
2133,glaciers,joint,12.383425445645441,9.504357036269967,16.96337901627677
2134,glaciers,joint,12.448922873073085,9.550354652709494,17.061861936260104
2135,glaciers,joint,12.516465571029709,9.593350033145853,17.15004034134703
2136,glaciers,joint,12.581825552063858,9.636209957312204,17.22879857730325
2137,glaciers,joint,12.641517599702537,9.680098412095035,17.30896505296955
2138,glaciers,joint,12.701961662865976,9.719618181375939,17.398115218940912
2139,glaciers,joint,12.763079363816294,9.758905891529118,17.485924486623105
2140,glaciers,joint,12.819628571738154,9.795785198751506,17.57249392017229
2141,glaciers,joint,12.877555480217449,9.833539498106939,17.65765365821294
2142,glaciers,joint,12.936214799972147,9.877050379659494,17.741926097591545
2143,glaciers,joint,12.998898429599866,9.91670476779484,17.81854391016745
2144,glaciers,joint,13.05971034357791,9.955692678183743,17.89349604063815
2145,glaciers,joint,13.114708465911853,9.99439230291884,17.982196275605315
2146,glaciers,joint,13.172755177242333,10.03506810502648,18.065189562651764
2147,glaciers,joint,13.22781446632016,10.076513481409544,18.155078283523082
2148,glaciers,joint,13.282608266972595,10.110631079898656,18.234887092283127
2149,glaciers,joint,13.336461839591943,10.144635871563887,18.31407756345314
2150,glaciers,joint,13.391768908446025,10.180992964363732,18.39203837381966
2151,glaciers,joint,13.443946879184587,10.218094802697333,18.468918257959906
2152,glaciers,joint,13.495465975954593,10.258489046235065,18.544852460627492
2153,glaciers,joint,13.545813469555293,10.29867884037555,18.61965778565329
2154,glaciers,joint,13.598597490013223,10.338875440018588,18.694949904250624
2155,glaciers,joint,13.64956249554752,10.379168358672622,18.769900527754746
2156,glaciers,joint,13.702312345380996,10.419535201516247,18.844228984414
2157,glaciers,joint,13.754551608247752,10.45971970269757,18.91796409467352
2158,glaciers,joint,13.804660551942412,10.499571070298447,18.99090400379419
2159,glaciers,joint,13.851799444682424,10.538954052191894,19.064615411694334
2160,glaciers,joint,13.901305175582749,10.577813704902754,19.14303037690667
2161,glaciers,joint,13.950435019570564,10.608973811704802,19.214103199938005
2162,glaciers,joint,13.999094194754342,10.63939482516131,19.28419353765274
2163,glaciers,joint,14.050178133935358,10.669716065526538,19.353284923758
2164,glaciers,joint,14.09778881481109,10.700076746559308,19.432677150903753
2165,glaciers,joint,14.145237948331797,10.73276685553308,19.510561656912785
2166,glaciers,joint,14.191575188952115,10.760437715243551,19.57866911216395
2167,glaciers,joint,14.238723209472408,10.79162246230633,19.646313925284602
2168,glaciers,joint,14.284917934069878,10.825868848200637,19.71325047633096
2169,glaciers,joint,14.331653759262426,10.857369004727078,19.778223670579184
2170,glaciers,joint,14.380427800249484,10.88786392373763,19.841856820415828
2171,glaciers,joint,14.428228014698977,10.91584177594885,19.904534502019846
2172,glaciers,joint,14.479711163936486,10.94350199239293,19.966346561551568
2173,glaciers,joint,14.5303525998366,10.97104666923478,20.028959061818373
2174,glaciers,joint,14.575612607319705,10.998673725063279,20.09327190296101
2175,glaciers,joint,14.618762002380823,11.026228014522347,20.15719961366128
2176,glaciers,joint,14.65983095026261,11.056891370018151,20.220749526227085
2177,glaciers,joint,14.697910319774934,11.087940967196152,20.28371212490741
2178,glaciers,joint,14.740839551199258,11.118881125600968,20.329631148430725
2179,glaciers,joint,14.780394133725842,11.149716163710153,20.389404470695258
2180,glaciers,joint,14.82009716506521,11.180215356542721,20.449448832559547
2181,glaciers,joint,14.859961420345858,11.212468797768,20.508743097227647
2182,glaciers,joint,14.901985328434463,11.24063536836507,20.567309591913066
2183,glaciers,joint,14.941367277779896,11.268979387383071,20.62518138482494
2184,glaciers,joint,14.977617789216051,11.297705390165845,20.688141930635734
2185,glaciers,joint,15.018870135861121,11.326402710806828,20.74753393571721
2186,glaciers,joint,15.058729490322584,11.350059535935587,20.79559217251994
2187,glaciers,joint,15.09811215877575,11.381208913853673,20.85119202258397
2188,glaciers,joint,15.137344925246417,11.40434299814816,20.90685642757932
2189,glaciers,joint,15.171397202747558,11.427387399757672,20.966316399133632
2190,glaciers,joint,15.210500171143561,11.450575440894076,21.026654941461032
2191,glaciers,joint,15.249696909854173,11.476154972169773,21.07360535049547
2192,glaciers,joint,15.288672198198059,11.503885088106653,21.125681803951807
2193,glaciers,joint,15.327450371194473,11.531308877156835,21.177200130374178
2194,glaciers,joint,15.365815099036928,11.55845744668588,21.21562635985698
2195,glaciers,joint,15.400597362663873,11.58535606458218,21.253443560902173
2196,glaciers,joint,15.434706696536153,11.612055086298305,21.290800078611095
2197,glaciers,joint,15.469312302724855,11.637079144952292,21.327784720544106
2198,glaciers,joint,15.50038812575648,11.659219373348051,21.368459037428423
2199,glaciers,joint,15.538463411418693,11.681395519247024,21.410187055284855
2200,glaciers,joint,15.57199086266021,11.703495767501483,21.448255399213288
2201,glaciers,joint,15.6041733385967,11.725392152203751,21.49360076270721
2202,glaciers,joint,15.640132167568293,11.746962856683957,21.54011217869801
2203,glaciers,joint,15.676651546503614,11.768184244934409,21.58595223015078
2204,glaciers,joint,15.71265658136328,11.789075629525282,21.63115241068345
2205,glaciers,joint,15.748751683387447,11.81083077915725,21.675696250898305
2206,glaciers,joint,15.783329308609812,11.835126826526654,21.719616418132293
2207,glaciers,joint,15.817533423523896,11.859166884426358,21.762942722111493
2208,glaciers,joint,15.853582651349047,11.882989703141023,21.805762074184614
2209,glaciers,joint,15.891111656169327,11.906657886581018,21.848219781467247
2210,glaciers,joint,15.925257948038086,11.930377129280885,21.890431802401345
2211,glaciers,joint,15.959275072698812,11.951913794713686,21.932438320424822
2212,glaciers,joint,15.99311972211355,11.971306328334771,21.974167039404712
2213,glaciers,joint,16.026745066700663,11.990531507079467,22.015543067468677
2214,glaciers,joint,16.05772529846142,12.009523457415137,22.056448875439678
2215,glaciers,joint,16.087233576440106,12.028259368161084,22.09683718526964
2216,glaciers,joint,16.11770467185643,12.050105639978526,22.13635086388626
2217,glaciers,joint,16.150135575543842,12.072282738789978,22.175714840083085
2218,glaciers,joint,16.18096873801757,12.094223516052283,22.214347807048615
2219,glaciers,joint,16.207805272050713,12.115961635510057,22.252457136493405
2220,glaciers,joint,16.236985995414425,12.1356989344516,22.29022157784171
2221,glaciers,joint,16.269416514996763,12.153869100774756,22.327796283919685
2222,glaciers,joint,16.300107331114422,12.172083128916293,22.365247383204274
2223,glaciers,joint,16.330644687862648,12.190504229869468,22.402653651715326
2224,glaciers,joint,16.36227973793147,12.2089429918386,22.439848489863543
2225,glaciers,joint,16.386947155081522,12.226472112639387,22.47661727657247
2226,glaciers,joint,16.413265307689386,12.243156651743922,22.512851228545173
2227,glaciers,joint,16.43957242945224,12.259545763093477,22.548475292466183
2228,glaciers,joint,16.46675338472361,12.275667078672242,22.58353218245291
2229,glaciers,joint,16.495646438457825,12.291535784551918,22.620937755554557
2230,glaciers,joint,16.52078485546603,12.307212282477924,22.660285436032453
2231,glaciers,joint,16.54844864042174,12.324634645331594,22.69814330755995
2232,glaciers,joint,16.57727199086092,12.343050111418753,22.73639476112122
2233,glaciers,joint,16.606108090013546,12.358550519088654,22.76256728333049
2234,glaciers,joint,16.63566857403285,12.373209757278774,22.79629087031554
2235,glaciers,joint,16.667469781336173,12.388858602256832,22.829734902847544
2236,glaciers,joint,16.69867871122079,12.406605298807147,22.86280887592472
2237,glaciers,joint,16.72732625495461,12.4189820120263,22.895170285360788
2238,glaciers,joint,16.756741351638116,12.430394270537752,22.92709143332996
2239,glaciers,joint,16.783127401862693,12.444703009385744,22.958599722633313
2240,glaciers,joint,16.80921522432869,12.463722014426303,22.98974038762988
2241,glaciers,joint,16.834612470349036,12.475499926384336,23.026436974437075
2242,glaciers,joint,16.858983185617177,12.486728884321128,23.064988064172315
2243,glaciers,joint,16.883152707125554,12.498038306805059,23.095571714818973
2244,glaciers,joint,16.90527770900089,12.509750128462466,23.125002273834966
2245,glaciers,joint,16.92606686913624,12.528437431889206,23.166611462783855
2246,glaciers,joint,16.94659029942746,12.547146382748487,23.216435623652323
2247,glaciers,joint,16.966764802838515,12.565647077548425,23.25810800278139
2248,glaciers,joint,16.988981219994322,12.583904193756444,23.295781018612132
2249,glaciers,joint,17.014891819827028,12.59759176889084,23.332562275528886
2250,glaciers,joint,17.04109007967169,12.610771466745334,23.368913972310608
2251,glaciers,joint,17.06281334476345,12.623679459066194,23.40484787678615
2252,glaciers,joint,17.083116650606335,12.636347572173845,23.437703890069546
2253,glaciers,joint,17.100321407491357,12.650423478426283,23.470356664814034
2254,glaciers,joint,17.116174034291348,12.665413361950574,23.501813318642423
2255,glaciers,joint,17.133751935072702,12.680493379982444,23.533101514089005
2256,glaciers,joint,17.15440146818289,12.695541466821476,23.56367894005976
2257,glaciers,joint,17.1750191440117,12.7104931693679,23.59377816065404
2258,glaciers,joint,17.19603092019482,12.725318169437662,23.617778233765577
2259,glaciers,joint,17.218292794744983,12.73996657491194,23.641499252433494
2260,glaciers,joint,17.237441048553812,12.75472236696361,23.664900853054906
2261,glaciers,joint,17.25594752854977,12.769907285698777,23.687937268619624
2262,glaciers,joint,17.275412261649333,12.784914826268816,23.710604621117657
2263,glaciers,joint,17.295718203822993,12.799769814901511,23.732701024063125
2264,glaciers,joint,17.316462599507272,12.814492391177579,23.754289971950556
2265,glaciers,joint,17.3372564220796,12.829123851601395,23.77570544887013
2266,glaciers,joint,17.357994013805424,12.843705215366333,23.79704801458565
2267,glaciers,joint,17.378703402254985,12.858249159904972,23.81836636256944
2268,glaciers,joint,17.39704219498233,12.872762195428813,23.839675662339044
2269,glaciers,joint,17.41704350760254,12.887175104204825,23.8608520868436
2270,glaciers,joint,17.435113943163778,12.901456630297833,23.881782704646895
2271,glaciers,joint,17.454114809095895,12.915583326102295,23.90239671937134
2272,glaciers,joint,17.473727091605564,12.929556267154792,23.922675934339612
2273,glaciers,joint,17.492791838107934,12.943377320460563,23.942626289300012
2274,glaciers,joint,17.510421189248177,12.957068461539404,23.959278274752762
2275,glaciers,joint,17.530090143516283,12.969911550711004,23.975616289593734
2276,glaciers,joint,17.549723823161315,12.981087381168948,23.99182812875048
2277,glaciers,joint,17.569322562664446,12.992251391906272,24.01253373987827
2278,glaciers,joint,17.588844946096348,13.003374479389702,24.03968477627861
2279,glaciers,joint,17.60846257045574,13.01442508146886,24.060137891741455
2280,glaciers,joint,17.62682154443287,13.025368615842678,24.079602593402143
2281,glaciers,joint,17.64465629126473,13.036161165385433,24.098802290706345
2282,glaciers,joint,17.66380926138084,13.046796636717989,24.11770714284847
2283,glaciers,joint,17.68278090734151,13.057294888717172,24.13591092664142
2284,glaciers,joint,17.6965204523477,13.067674362770306,24.153885338226768
2285,glaciers,joint,17.71268518751894,13.07797302922833,24.171688591657418
2286,glaciers,joint,17.731287156688687,13.088621075626339,24.189417035687523
2287,glaciers,joint,17.749905496001272,13.100232147260312,24.207150434037473
2288,glaciers,joint,17.766570750519755,13.111867337299655,24.224882150343696
2289,glaciers,joint,17.785690183812328,13.12348073806793,24.242556023216707
2290,glaciers,joint,17.80392139599105,13.134966235761887,24.260039616768115
2291,glaciers,joint,17.819548134965636,13.146315149630718,24.277290611908995
2292,glaciers,joint,17.834990809120065,13.157514960271804,24.295352645233308
2293,glaciers,joint,17.850238542736264,13.168558343343374,24.31862832444952
2294,glaciers,joint,17.86752750227121,13.17945867459547,24.343410147897394
2295,glaciers,joint,17.88522381234422,13.190206864940311,24.36522419110453
2296,glaciers,joint,17.8981663393347,13.199029215194013,24.388876364890237
2297,glaciers,joint,17.913235643929447,13.207270664060447,24.412564792394456
2298,glaciers,joint,17.930316666886096,13.215117818294816,24.43635998122799
2299,glaciers,joint,17.94739384746477,13.222979088356817,24.460175335594194
2300,glaciers,joint,17.963359575190275,13.230774784096527,24.483541701208164
1990,gis,fixed,-0.5582258229412878,-0.6059002036082121,-0.5043167251318854
1991,gis,fixed,-0.5451937700553016,-0.5885939028480298,-0.49382978086689805
1992,gis,fixed,-0.5128358278208998,-0.5530611118953628,-0.46491368720865556
1993,gis,fixed,-0.5077339509467742,-0.5441020564475939,-0.4616165432988942
1994,gis,fixed,-0.5047435780850065,-0.5399526499500272,-0.45921434424364765
1995,gis,fixed,-0.48714005213511014,-0.5220331033139182,-0.44292486636087036
1996,gis,fixed,-0.46531980714902543,-0.4998049235162609,-0.422151244003747
1997,gis,fixed,-0.41738178173090246,-0.4491796188852164,-0.37844961026442425
1998,gis,fixed,-0.3822922715348889,-0.4133225340931995,-0.3460757695522032
1999,gis,fixed,-0.3396951102891843,-0.3685349463145161,-0.3060816107842852
2000,gis,fixed,-0.3093615246213681,-0.3389717792031686,-0.2757611709131018
2001,gis,fixed,-0.25996800774150053,-0.2875425650536648,-0.2298421886731668
2002,gis,fixed,-0.20408016815823915,-0.2282656831896462,-0.17934450452190998
2003,gis,fixed,-0.15471855067251372,-0.1769252210327143,-0.13270454218811095
2004,gis,fixed,-0.05886590072146802,-0.06773246986264132,-0.04946355694266926
2005,gis,fixed,0.006191821848918089,0.001603199226520502,0.010270547283214969
2006,gis,fixed,0.08760334235203793,0.08028607879075439,0.09452264320767435
2007,gis,fixed,0.14438792145528012,0.13154980092667867,0.15531175021395632
2008,gis,fixed,0.2071447619125517,0.18806637666673803,0.223848038667583
2009,gis,fixed,0.2518557423351466,0.22841452380468907,0.2711704292180201
2010,gis,fixed,0.30436536651955093,0.2755279007116227,0.32788433228671676
2011,gis,fixed,0.4422738627405831,0.394137899963913,0.48621710758332015
2012,gis,fixed,0.48135708446242065,0.4314664778671053,0.52571968357178
2013,gis,fixed,0.5494176398174786,0.4921272321195327,0.6000042924995341
2014,gis,fixed,0.6044421509723392,0.5414548948462776,0.6590604115824769
2015,gis,fixed,0.66949583249585,0.5992626169092616,0.729851649424598
2016,gis,fixed,0.6868474878987887,0.6151944913541995,0.7464806357901955
2017,gis,fixed,0.7756206733654434,0.6929415150549288,0.8450256768113695
2018,gis,fixed,0.8261110820939543,0.7383197200938278,0.9001397768835078
2019,gis,fixed,0.8651488299731009,0.7720061490347507,0.9418892115907522
2020,gis,fixed,0.9427905134845909,0.8400207646466309,1.0284745815232688
2021,gis,fixed,0.9967304587194676,0.886787829877584,1.0866885155271881
2022,gis,fixed,1.0749500842680395,0.9547350785074364,1.1736890363145436
2023,gis,fixed,1.1212413030892874,0.9967235491687118,1.2233616865420034
2024,gis,fixed,1.1704336305099394,1.0384539793030254,1.2777002666468529
2025,gis,fixed,1.2113007103868356,1.0739610108633721,1.3219657028657454
2026,gis,fixed,1.2733765131286505,1.1277466423683786,1.3908310863775057
2027,gis,fixed,1.3363758395343264,1.1822846484597545,1.460459065148546
2028,gis,fixed,1.400146410787816,1.2367250073963907,1.5319524916973368
2029,gis,fixed,1.4638202215333354,1.291782415689003,1.6032072407624454
2030,gis,fixed,1.5275005949464329,1.3479552002158097,1.6742401982872772
2031,gis,fixed,1.5909443408981607,1.402923329988818,1.7457388330721957
2032,gis,fixed,1.655516393160755,1.4575641836321402,1.8174705393207866
2033,gis,fixed,1.720526595442526,1.5136370787628846,1.8909952776947818
2034,gis,fixed,1.7865722249322964,1.5683534098901102,1.964844153855292
2035,gis,fixed,1.8534130737734582,1.6251978506328495,2.039743747575373
2036,gis,fixed,1.9207437254855209,1.6829929438750997,2.116540554780991
2037,gis,fixed,1.9894510925135127,1.7419490774638335,2.1953933478905663
2038,gis,fixed,2.0593658432949264,1.802128755653352,2.2748604216118156
2039,gis,fixed,2.1289554859960536,1.8610884705929978,2.353981339387085
2040,gis,fixed,2.2008929470601286,1.9214427154977318,2.435276105926094
2041,gis,fixed,2.2713260594952382,1.981056818970453,2.517356987841697
2042,gis,fixed,2.342884482004248,2.0406582276900265,2.5991371652666397
2043,gis,fixed,2.416152282214831,2.100707692571059,2.6836359832094696
2044,gis,fixed,2.4895057803113283,2.163040828580381,2.7681886329664915
2045,gis,fixed,2.562931077238907,2.223482207473136,2.854893715059738
2046,gis,fixed,2.63707130469612,2.285719169886189,2.9432459075747794
2047,gis,fixed,2.7129278415715254,2.35032568410979,3.0335090295306117
2048,gis,fixed,2.790451415939739,2.411666620941466,3.123860077110002
2049,gis,fixed,2.8697583376148375,2.4746944533315665,3.217647999239328
2050,gis,fixed,2.9497172068730713,2.5394960137654823,3.3135941238293265
2051,gis,fixed,3.029586193707097,2.6052502515756015,3.4082490694942873
2052,gis,fixed,3.1108099291423885,2.6682625803870073,3.5058970399145304
2053,gis,fixed,3.192709181689087,2.733664065310017,3.6049016819589554
2054,gis,fixed,3.2745892721367675,2.7994010529808206,3.703901839520036
2055,gis,fixed,3.357566645331454,2.864416798677209,3.80276361292369
2056,gis,fixed,3.4405503707109384,2.9296795505757305,3.9005561166882523
2057,gis,fixed,3.5251039114730047,2.997908786408672,4.001849622759298
2058,gis,fixed,3.6105341990824877,3.0676570668081107,4.1051915616997805
2059,gis,fixed,3.6969816295780458,3.1336811021737123,4.209475349757545
2060,gis,fixed,3.7844939856974564,3.2026108730858645,4.3134623593872625
2061,gis,fixed,3.8724310656591103,3.271597387789085,4.41815226603335
2062,gis,fixed,3.9606918803418467,3.339783885989658,4.527405524161399
2063,gis,fixed,4.04925814939279,3.409914213925158,4.637707575522978
2064,gis,fixed,4.139237397243077,3.4786961771751486,4.747005267364023
2065,gis,fixed,4.2284784568365,3.5476301495789833,4.85895532426024
2066,gis,fixed,4.3184917172448465,3.616972871761634,4.970571070240073
2067,gis,fixed,4.40819718210315,3.688007879870596,5.082464552932851
2068,gis,fixed,4.497608747404125,3.7555308894048935,5.195291567751645
2069,gis,fixed,4.587721918293864,3.826318555828285,5.307843558060054
2070,gis,fixed,4.678185763405311,3.8951866951136784,5.420820851853212
2071,gis,fixed,4.769529449917978,3.960716691935117,5.532136484130252
2072,gis,fixed,4.8615725651722785,4.032256720709235,5.646375253519092
2073,gis,fixed,4.954105868424999,4.104333733281173,5.760865582292486
2074,gis,fixed,5.047018705821483,4.175847893426745,5.878047815955187
2075,gis,fixed,5.140594037987201,4.246244800623985,5.997399247911666
2076,gis,fixed,5.233849707195558,4.317017257388433,6.115211510189291
2077,gis,fixed,5.326741917491695,4.387051418838964,6.230848114866213
2078,gis,fixed,5.420647205981965,4.455726389364047,6.346434127214426
2079,gis,fixed,5.513537368262808,4.522281294149998,6.461967370689315
2080,gis,fixed,5.6053844553595455,4.593350912811635,6.577746350781284
2081,gis,fixed,5.6976918440063,4.65948789634611,6.693491736502051
2082,gis,fixed,5.790829882816594,4.7281822911341616,6.8105240851225854
2083,gis,fixed,5.883516712868573,4.7972981251617055,6.930689769476584
2084,gis,fixed,5.976945566912792,4.867002992045034,7.052652312881294
2085,gis,fixed,6.071897757990676,4.937336753371501,7.180739687923114
2086,gis,fixed,6.164328899256483,5.006427069319633,7.297781184122356
2087,gis,fixed,6.2583856877983814,5.075514468142347,7.415965037359371
2088,gis,fixed,6.350075451183665,5.144428770419077,7.534514700149284
2089,gis,fixed,6.4433103790763795,5.211718681764593,7.653189817283425
2090,gis,fixed,6.534432490524763,5.279058136983758,7.773976315746956
2091,gis,fixed,6.625842368773816,5.34650569995464,7.895155133229057
2092,gis,fixed,6.717819198160561,5.413596924845455,8.016216783152228
2093,gis,fixed,6.811592604566616,5.4804803628195105,8.137864937970408
2094,gis,fixed,6.903108732498158,5.547229275850348,8.254808411374203
2095,gis,fixed,6.9939038762914105,5.613748235990664,8.37161441640279
2096,gis,fixed,7.085216534181943,5.6809794678818735,8.490209396331664
2097,gis,fixed,7.177140963423545,5.7489794648484285,8.609888256784485
2098,gis,fixed,7.2673042055471,5.8146226622507555,8.728568778393347
2099,gis,fixed,7.355505198673135,5.879137035551772,8.84775202620463
2100,gis,fixed,7.44541766051713,5.940975837295788,8.964355526819304
2101,gis,fixed,7.533103225164197,6.002741416867757,9.077672281029994
2102,gis,fixed,7.620870218662056,6.066888608671294,9.19078080792943
2103,gis,fixed,7.708764897554133,6.132248896743232,9.307929330749024
2104,gis,fixed,7.795466409611594,6.194834339844748,9.420813555790884
2105,gis,fixed,7.882622783964877,6.256960296524911,9.537301670240549
2106,gis,fixed,7.969267589046112,6.31898906602597,9.654660842686349
2107,gis,fixed,8.05378545195381,6.384327055277802,9.768994415805581
2108,gis,fixed,8.136922020073438,6.448254421747459,9.882828563384198
2109,gis,fixed,8.222870257886031,6.506137175792935,9.99616373935239
2110,gis,fixed,8.306882535528665,6.5671471001680946,10.108840260849036
2111,gis,fixed,8.393123125550591,6.625810922186739,10.221241561140237
2112,gis,fixed,8.476534923711723,6.67922228968308,10.33449595714345
2113,gis,fixed,8.558651311457558,6.737212524987324,10.44384920892448
2114,gis,fixed,8.642931947686117,6.792307301530548,10.55340453146543
2115,gis,fixed,8.727797085249765,6.843851496472335,10.663430744714336
2116,gis,fixed,8.811856070926982,6.901346157198196,10.778643163551925
2117,gis,fixed,8.895299743471309,6.958465594520853,10.886852587482577
2118,gis,fixed,8.978770916207186,7.017352490460846,10.997546016113498
2119,gis,fixed,9.061262560091485,7.074071112595611,11.106295716428379
2120,gis,fixed,9.143444417753777,7.127905721927203,11.217784479884772
2121,gis,fixed,9.223755157611826,7.182304478355425,11.33342966143522
2122,gis,fixed,9.307629537267161,7.235164411555667,11.444044301566649
2123,gis,fixed,9.390590220421018,7.28804625947709,11.548943220380027
2124,gis,fixed,9.470472079514543,7.3439467114557235,11.656160828832357
2125,gis,fixed,9.547543293859528,7.397587518882311,11.767148469365447
2126,gis,fixed,9.626175043445134,7.451730822533739,11.878568452292328
2127,gis,fixed,9.707192479328107,7.5080544068316755,11.983832620473098
2128,gis,fixed,9.786156043583315,7.562490507961238,12.087353130893726
2129,gis,fixed,9.864437567508714,7.612010368511233,12.193780134632728
2130,gis,fixed,9.940603398011348,7.663253340500326,12.304134910614021
2131,gis,fixed,10.016196231023113,7.713266305919274,12.409582012096687
2132,gis,fixed,10.093822977892305,7.76363139480464,12.513352728241149
2133,gis,fixed,10.17508183355352,7.816300945303283,12.616981716517623
2134,gis,fixed,10.253798446684911,7.868514000182751,12.721481827981432
2135,gis,fixed,10.331674200962768,7.919596695207172,12.826287018847994
2136,gis,fixed,10.403979697347653,7.969909534893604,12.931330599302125
2137,gis,fixed,10.474941387198768,8.02047737105011,13.03404694318927
2138,gis,fixed,10.550567874186166,8.070819719457848,13.13204117602142
2139,gis,fixed,10.627445617656486,8.12110024827467,13.231819010630453
2140,gis,fixed,10.70147413166439,8.170661959899087,13.34623416298011
2141,gis,fixed,10.776766942047114,8.221968984581071,13.446766165058152
2142,gis,fixed,10.851670055671168,8.276251086611367,13.549815841486094
2143,gis,fixed,10.926576672377756,8.330884756166514,13.65709005081211
2144,gis,fixed,10.998484149401824,8.379033450948286,13.761812549361712
2145,gis,fixed,11.070941338871599,8.42618756537491,13.858641523275262
2146,gis,fixed,11.146715328577995,8.476019526397918,13.959278963153622
2147,gis,fixed,11.21918135609495,8.526342398045152,14.059403042983067
2148,gis,fixed,11.292365501734594,8.576091301162352,14.158850144094936
2149,gis,fixed,11.363138495100387,8.623897602338433,14.26033528349929
2150,gis,fixed,11.433698619133157,8.670347241156321,14.357572924229105
2151,gis,fixed,11.506214764108599,8.714030881164032,14.456547547846716
2152,gis,fixed,11.577363739760328,8.757936959661075,14.55449581857469
2153,gis,fixed,11.652025289176752,8.802144127251305,14.65385539148034
2154,gis,fixed,11.725170041708399,8.845998085317607,14.755640483249978
2155,gis,fixed,11.79669738140801,8.889982863355314,14.857297591289369
2156,gis,fixed,11.866756218032954,8.933556423208179,14.954437043998098
2157,gis,fixed,11.940911586321247,8.97668330341704,15.049483366966006
2158,gis,fixed,12.010295029090514,9.019887614614277,15.1613596127754
2159,gis,fixed,12.084259474611212,9.065146580739105,15.264365352840912
2160,gis,fixed,12.153393884873383,9.110715949143088,15.36671857661521
2161,gis,fixed,12.223165704079875,9.156444898588537,15.46937669201472
2162,gis,fixed,12.295303935876383,9.202136439180709,15.572008411216904
2163,gis,fixed,12.365028431158809,9.247546407557849,15.674099524521315
2164,gis,fixed,12.434093880196711,9.293165777814318,15.776077841724682
2165,gis,fixed,12.502353655386097,9.338238527418184,15.876878421735372
2166,gis,fixed,12.570913104672837,9.382449973870557,15.976333701649258
2167,gis,fixed,12.64132989392045,9.425845835568913,16.07515258074817
2168,gis,fixed,12.707304927511984,9.466498588431344,16.173996057719368
2169,gis,fixed,12.77287218596309,9.505601874972383,16.272245690364898
2170,gis,fixed,12.83906907655457,9.549613790374243,16.37088537121478
2171,gis,fixed,12.903774575850774,9.587771480556176,16.470271356140437
2172,gis,fixed,12.971213452252039,9.63013621144205,16.566592394082228
2173,gis,fixed,13.040682378961726,9.676144896830348,16.66101467264006
2174,gis,fixed,13.107601363481646,9.722075816891433,16.76053376318999
2175,gis,fixed,13.175780521818762,9.76791206541649,16.86337851400969
2176,gis,fixed,13.240833023424706,9.80941890535615,16.958520378404028
2177,gis,fixed,13.30577321230085,9.84940659796726,17.052188837751988
2178,gis,fixed,13.370212674019157,9.886144596004417,17.144848316741804
2179,gis,fixed,13.43631780916169,9.92118331293732,17.240062647859123
2180,gis,fixed,13.502672180368581,9.956083715098536,17.338498282457056
2181,gis,fixed,13.567214740414123,9.99073628529554,17.436878697036992
2182,gis,fixed,13.63331386898314,10.024766682103026,17.530021037513826
2183,gis,fixed,13.69603354751596,10.058573824425993,17.620117069919953
2184,gis,fixed,13.760242938381461,10.092307657115343,17.710125331005337
2185,gis,fixed,13.822267429854309,10.125675584784911,17.795359464336517
2186,gis,fixed,13.885008970428842,10.158792112082798,17.881119121988593
2187,gis,fixed,13.95037652677123,10.195126961614932,17.969647865452558
2188,gis,fixed,14.015528167912287,10.231841160798005,18.058755023188194
2189,gis,fixed,14.079486218108531,10.269190534787677,18.147646134730245
2190,gis,fixed,14.14110679471738,10.30853390557853,18.243137816103626
2191,gis,fixed,14.202329147371817,10.34794887503846,18.342823161964642
2192,gis,fixed,14.264079613681442,10.386914640730007,18.440689836416194
2193,gis,fixed,14.324034888118257,10.425841621888445,18.5384743041855
2194,gis,fixed,14.38701633233197,10.46460366731466,18.636030822271625
2195,gis,fixed,14.448921473979379,10.503500956132461,18.73363383472246
2196,gis,fixed,14.50695098881439,10.542115234573988,18.830585868753335
2197,gis,fixed,14.568057406981534,10.58078729587385,18.926410292652793
2198,gis,fixed,14.62704345129319,10.615166683135651,19.013388650461568
2199,gis,fixed,14.687682600286617,10.642966000800389,19.099728142947647
2200,gis,fixed,14.742684176186634,10.6718269539836,19.18474806364164
2201,gis,fixed,14.79947942492084,10.707432073598904,19.276645983101897
2202,gis,fixed,14.857215215558561,10.74309977377284,19.36191610340273
2203,gis,fixed,14.909967563268296,10.778736055840806,19.437665298459834
2204,gis,fixed,14.960319075190117,10.814592876436096,19.519575051746187
2205,gis,fixed,15.019889426929097,10.847742843690062,19.60470813663174
2206,gis,fixed,15.078479007914034,10.876782016000908,19.690927481015002
2207,gis,fixed,15.137147833631456,10.912785473655418,19.781073005499962
2208,gis,fixed,15.197090785465452,10.949799271194458,19.87045255647023
2209,gis,fixed,15.25102024509742,10.986520365387118,19.95894413586473
2210,gis,fixed,15.304286131661094,11.014581308678258,20.04678917199972
2211,gis,fixed,15.358023337522706,11.041064752721427,20.13327302152458
2212,gis,fixed,15.410074707842236,11.070231133102913,20.219365012078708
2213,gis,fixed,15.465631241562829,11.103223752396268,20.305067118457337
2214,gis,fixed,15.517304141843319,11.136531523905145,20.39062566740151
2215,gis,fixed,15.573121250667299,11.174142578952138,20.475253710237524
2216,gis,fixed,15.621300944528775,11.212297907864103,20.556190500847524
2217,gis,fixed,15.673271227913506,11.250189000143356,20.62397156319954
2218,gis,fixed,15.728892107065953,11.287723491101472,20.690928283613562
2219,gis,fixed,15.783655630906548,11.315421946043632,20.756321883499066
2220,gis,fixed,15.833738937734555,11.341594085485436,20.837124380726287
2221,gis,fixed,15.883536195776578,11.367578431280503,20.91757476744042
2222,gis,fixed,15.934685895588805,11.393157737182827,21.002659210932684
2223,gis,fixed,15.986621323186492,11.42315202083053,21.08222061243081
2224,gis,fixed,16.035458307050355,11.453607829925062,21.156767037801803
2225,gis,fixed,16.08843982843044,11.484160993032937,21.235948905957855
2226,gis,fixed,16.138069635835002,11.514427365846196,21.313887487996173
2227,gis,fixed,16.187646485074453,11.542592331504038,21.38920888966212
2228,gis,fixed,16.23879353767019,11.568731714387283,21.45851891643789
2229,gis,fixed,16.289594578499344,11.59363492616037,21.527272441866636
2230,gis,fixed,16.3392399398207,11.618446963452158,21.59548914506535
2231,gis,fixed,16.388988292785108,11.64308707840401,21.663233055809695
2232,gis,fixed,16.434050037917505,11.667764301113069,21.730572605367318
2233,gis,fixed,16.480987415189325,11.69548318755016,21.808993224261876
2234,gis,fixed,16.527339008600656,11.727954050240006,21.872614444884476
2235,gis,fixed,16.57585540318729,11.760341277821098,21.935956039975274
2236,gis,fixed,16.619888209542843,11.787713446012845,21.99909600783886
2237,gis,fixed,16.66637082254475,11.811665196286404,22.062462846027575
2238,gis,fixed,16.71305295444343,11.83611895588914,22.12760875281881
2239,gis,fixed,16.75901727724021,11.864149118003587,22.192013601760316
2240,gis,fixed,16.804012769450964,11.893166071480605,22.263074715183524
2241,gis,fixed,16.847770285727083,11.922836509943311,22.333676003068064
2242,gis,fixed,16.89474993122276,11.952584709234804,22.4045241267245
2243,gis,fixed,16.942087853101576,11.98222111809566,22.478618129076466
2244,gis,fixed,16.986696522400386,12.01132486552788,22.551812522221272
2245,gis,fixed,17.030668583672718,12.040075947959856,22.62436365725794
2246,gis,fixed,17.074371254729996,12.068364643850574,22.697139785716658
2247,gis,fixed,17.11792056948254,12.094393838434074,22.76222880600519
2248,gis,fixed,17.16091194314164,12.115356937362499,22.819696487238115
2249,gis,fixed,17.204027557469722,12.138142448693085,22.888108188471218
2250,gis,fixed,17.248618090378553,12.162239541984627,22.95996323021302
2251,gis,fixed,17.29708744886134,12.182929659532487,23.040727374597235
2252,gis,fixed,17.342961083365886,12.206476666515574,23.122003576850737
2253,gis,fixed,17.38848034611636,12.235760342170584,23.199626735864744
2254,gis,fixed,17.433346039546393,12.260509003654661,23.27097581740667
2255,gis,fixed,17.476820018868352,12.277653501688997,23.340390556082237
2256,gis,fixed,17.51672500488594,12.294715347284582,23.409406700872452
2257,gis,fixed,17.556741850739712,12.311205071970631,23.47379111241778
2258,gis,fixed,17.597275862384414,12.3272722376136,23.535119455975135
2259,gis,fixed,17.637409434722912,12.343032927676422,23.595891738496167
2260,gis,fixed,17.675446387078388,12.361716722289735,23.65857305493674
2261,gis,fixed,17.716925486168634,12.385420884507452,23.72505336852665
2262,gis,fixed,17.75753995130333,12.409086471881361,23.79156984522004
2263,gis,fixed,17.79713836377941,12.43127589073887,23.85723262735701
2264,gis,fixed,17.832967367824196,12.444292471586625,23.92386862773217
2265,gis,fixed,17.870004685078385,12.457172145110802,23.991119546382315
2266,gis,fixed,17.90791374764563,12.469940276737095,24.057626484010765
2267,gis,fixed,17.945771879310477,12.482770274841945,24.117032313050508
2268,gis,fixed,17.983200264163536,12.502067606419535,24.181365635866992
2269,gis,fixed,18.023631112779732,12.52413937845326,24.24513855151834
2270,gis,fixed,18.06173104346611,12.546141977562586,24.308639449864735
2271,gis,fixed,18.09755125680297,12.567933120051256,24.3716161992193
2272,gis,fixed,18.13369468722464,12.589535722086186,24.43384524062226
2273,gis,fixed,18.168552732652117,12.610995171672293,24.495507607482516
2274,gis,fixed,18.201066997993287,12.632705224565168,24.556829936732925
2275,gis,fixed,18.234943104779525,12.654467832402712,24.597999433191518
2276,gis,fixed,18.271156704771645,12.676129329355977,24.635572192832186
2277,gis,fixed,18.307437699017676,12.697615641527626,24.696064069403032
2278,gis,fixed,18.34026787778691,12.719021608959629,24.763617646592113
2279,gis,fixed,18.371298810095702,12.740071117602417,24.830612750067317
2280,gis,fixed,18.404659742062492,12.760970786760664,24.89727896534782
2281,gis,fixed,18.4374988981829,12.781298559046457,24.96357005173881
2282,gis,fixed,18.46996858621554,12.801804960799215,25.029332504108726
2283,gis,fixed,18.50227395541036,12.821789738503886,25.094874565968535
2284,gis,fixed,18.534210026740453,12.841538418361997,25.15373627585848
2285,gis,fixed,18.56614418363015,12.856786575204447,25.206961302227697
2286,gis,fixed,18.59867837688183,12.871976816795105,25.258756410917133
2287,gis,fixed,18.631744505131024,12.895612759641683,25.310587213303226
2288,gis,fixed,18.65970869394789,12.919193763727117,25.361818865263743
2289,gis,fixed,18.688697735017584,12.942182876597766,25.412283296084684
2290,gis,fixed,18.71303988247869,12.961737857616495,25.462127718617385
2291,gis,fixed,18.746748439273507,12.981441503932851,25.51202232359102
2292,gis,fixed,18.77555300101899,13.001007432923936,25.561525342648945
2293,gis,fixed,18.802823813030695,13.020503258880586,25.61074215523909
2294,gis,fixed,18.82949677728937,13.039673118872251,25.661377571202227
2295,gis,fixed,18.85726664215467,13.058878763009163,25.71660422636719
2296,gis,fixed,18.889663384314883,13.076752385750696,25.769908887398664
2297,gis,fixed,18.918425116050305,13.088958755992657,25.81930267779194
2298,gis,fixed,18.950497104856062,13.101853378007416,25.870556635642615
2299,gis,fixed,18.98214129950589,13.114491745047568,25.920824937268545
2300,gis,fixed,19.01164783569898,13.12747451506155,25.974673998477417
1990,gis,joint,-0.5582258229412878,-0.6059002036082121,-0.5043167251318854
1991,gis,joint,-0.5451937700553016,-0.5885939028480298,-0.49382978086689805
1992,gis,joint,-0.5128358278208998,-0.5530611118953628,-0.46491368720865556
1993,gis,joint,-0.5077339509467742,-0.5441020564475939,-0.4616165432988942
1994,gis,joint,-0.5047435780850065,-0.5399526499500272,-0.45921434424364765
1995,gis,joint,-0.48714005213511014,-0.5220331033139182,-0.44292486636087036
1996,gis,joint,-0.46531980714902543,-0.4998049235162609,-0.422151244003747
1997,gis,joint,-0.41738178173090246,-0.4491796188852164,-0.37844961026442425
1998,gis,joint,-0.3822922715348889,-0.4133225340931995,-0.3460757695522032
1999,gis,joint,-0.3396951102891843,-0.3685349463145161,-0.3060816107842852
2000,gis,joint,-0.3093615246213681,-0.3389717792031686,-0.2757611709131018
2001,gis,joint,-0.25996800774150053,-0.2875425650536648,-0.2298421886731668
2002,gis,joint,-0.20408016815823915,-0.2282656831896462,-0.17934450452190998
2003,gis,joint,-0.15471855067251372,-0.1769252210327143,-0.13270454218811095
2004,gis,joint,-0.05886590072146802,-0.06773246986264132,-0.04946355694266926
2005,gis,joint,0.006191821848918089,0.001603199226520502,0.010270547283214969
2006,gis,joint,0.08760334235203793,0.08028607879075439,0.09452264320767435
2007,gis,joint,0.14438792145528012,0.13154980092667867,0.15531175021395632
2008,gis,joint,0.2071447619125517,0.18806637666673803,0.223848038667583
2009,gis,joint,0.2518557423351466,0.22841452380468907,0.2711704292180201
2010,gis,joint,0.30436536651955093,0.2755279007116227,0.32788433228671676
2011,gis,joint,0.4422738627405831,0.394137899963913,0.48621710758332015
2012,gis,joint,0.48135708446242065,0.4314664778671053,0.52571968357178
2013,gis,joint,0.5494176398174786,0.4921272321195327,0.6000042924995341
2014,gis,joint,0.6044421509723392,0.5414548948462776,0.6590604115824769
2015,gis,joint,0.66949583249585,0.5992626169092616,0.729851649424598
2016,gis,joint,0.6868474878987887,0.6151944913541995,0.7464806357901955
2017,gis,joint,0.7756206733654434,0.6929415150549288,0.8450256768113695
2018,gis,joint,0.8261110820939543,0.7383197200938278,0.9001397768835078
2019,gis,joint,0.8651488299731009,0.7720061490347507,0.9418892115907522
2020,gis,joint,0.9427905134845909,0.8400207646466309,1.0284745815232688
2021,gis,joint,0.9967304587194676,0.886787829877584,1.0866885155271881
2022,gis,joint,1.0749500842680395,0.9547350785074364,1.1736890363145436
2023,gis,joint,1.1212413030892874,0.9967235491687118,1.2233616865420034
2024,gis,joint,1.1704336305099394,1.0384539793030254,1.2777002666468529
2025,gis,joint,1.2113007103868356,1.0739610108633721,1.3219657028657454
2026,gis,joint,1.2729045657809896,1.1269155928732473,1.3902254260965352
2027,gis,joint,1.3345814458720637,1.1816119384883443,1.4602168475249377
2028,gis,joint,1.3970893443602193,1.235352944770944,1.530122671926238
2029,gis,joint,1.4605774599718404,1.2886823383199812,1.5997246858626766
2030,gis,joint,1.525511143732393,1.3435173095858033,1.6722351069210033
2031,gis,joint,1.5903560570491413,1.396777489355491,1.7466675419631843
2032,gis,joint,1.6553991851947427,1.4533625970835844,1.8236322694046818
2033,gis,joint,1.722454432671141,1.5077462070066994,1.899402034545381
2034,gis,joint,1.789882588151797,1.5649757700101763,1.978407634254857
2035,gis,joint,1.8596732872117165,1.623570185953308,2.058057414647126
2036,gis,joint,1.9301373724335775,1.6802470321069212,2.139154361668024
2037,gis,joint,2.000085590555454,1.738839594753118,2.2241972818171574
2038,gis,joint,2.07156817739907,1.7985066807623713,2.3108440620329413
2039,gis,joint,2.1440303921424513,1.8563406076061884,2.3973171647968443
2040,gis,joint,2.215712426788855,1.9140383005359483,2.483769204669962
2041,gis,joint,2.2907607273352575,1.9743664951048918,2.5744177889222204
2042,gis,joint,2.3664544090085493,2.0363235977794094,2.6684534671752935
2043,gis,joint,2.441789753164262,2.0942632681846676,2.7605230876037754
2044,gis,joint,2.517708698749007,2.1536331420955235,2.85323835264728
2045,gis,joint,2.5941334802651923,2.2134918630730156,2.949446817727837
2046,gis,joint,2.6708800481988657,2.2773631261080607,3.0521448824880446
2047,gis,joint,2.7492450014016625,2.3386908288784376,3.1576006790584694
2048,gis,joint,2.8285835656238625,2.4008298898832137,3.2610637407827987
2049,gis,joint,2.910613676426313,2.4654390753695257,3.366746454553354
2050,gis,joint,2.9919562350193,2.5291856836625226,3.475626549274854
2051,gis,joint,3.073866736116837,2.5961560972864928,3.5835180450522652
2052,gis,joint,3.157338844989942,2.6580370759061402,3.6919579038040484
2053,gis,joint,3.239658627819526,2.7245237972697542,3.806997819575885
2054,gis,joint,3.322807696074883,2.791075342221889,3.9184997458876456
2055,gis,joint,3.408665953193056,2.8578320500899683,4.0304334918161535
2056,gis,joint,3.4941958484864526,2.9213480043227706,4.143187394108482
2057,gis,joint,3.579142471382398,2.985986213867023,4.26858543671557
2058,gis,joint,3.664330173532958,3.0487289846332364,4.391384552616067
2059,gis,joint,3.7511797204993194,3.111898785726515,4.511475765454197
2060,gis,joint,3.8372167145790086,3.1728815627336564,4.631727801554635
2061,gis,joint,3.926308494063044,3.23656179317451,4.754076633802985
2062,gis,joint,4.016097749624401,3.3038297805108554,4.875611172905578
2063,gis,joint,4.104251413393127,3.3710029919553035,5.003515711066806
2064,gis,joint,4.191280679034021,3.4309790985150235,5.1299884985327475
2065,gis,joint,4.278577673435237,3.494233365394527,5.25917245319604
2066,gis,joint,4.365861573543298,3.555757103501987,5.386192953897958
2067,gis,joint,4.454067279036588,3.624231604484043,5.510736619101538
2068,gis,joint,4.542711742922278,3.6857024465020194,5.646433328146683
2069,gis,joint,4.632842739523301,3.746268545613146,5.783327834345347
2070,gis,joint,4.7238996230516275,3.8117776459192267,5.917887555191304
2071,gis,joint,4.815556852852472,3.8767476209297658,6.052219634692069
2072,gis,joint,4.907856413589423,3.935980179848149,6.189041987426245
2073,gis,joint,5.000027010501496,3.9955840895492925,6.334026916693811
2074,gis,joint,5.090963167929494,4.062207641624416,6.472629140764649
2075,gis,joint,5.1831584005585025,4.128886643018596,6.609981899164649
2076,gis,joint,5.275452193845618,4.193198561736228,6.7542765723164315
2077,gis,joint,5.3627433555090285,4.257240919026287,6.891593867282188
2078,gis,joint,5.4511841723997545,4.323682227460955,7.031549270507269
2079,gis,joint,5.540515273981068,4.387313138394143,7.174955343136065
2080,gis,joint,5.627455906662648,4.450154995284552,7.323486513094805
2081,gis,joint,5.716973770085733,4.513050323681361,7.470831662852307
2082,gis,joint,5.808548410368589,4.57594671031045,7.615800042089902
2083,gis,joint,5.90165693392875,4.637348370757586,7.766684272635012
2084,gis,joint,5.991017330555585,4.701189694816533,7.907810063278536
2085,gis,joint,6.081409580365358,4.760498509371103,8.050440182187053
2086,gis,joint,6.1727333645000115,4.817765334794397,8.19597393737189
2087,gis,joint,6.262754439787029,4.874778885918834,8.342567751029188
2088,gis,joint,6.35192974646164,4.9357183637726605,8.491902363770492
2089,gis,joint,6.443823889638131,4.99635003493944,8.641605172571724
2090,gis,joint,6.534824338302506,5.063832031465558,8.799369546540508
2091,gis,joint,6.6269210915031325,5.123348990553816,8.944135648066439
2092,gis,joint,6.717983878426391,5.177393436440457,9.104296037020859
2093,gis,joint,6.807782920261104,5.2316313381216855,9.260385768302854
2094,gis,joint,6.900397224904414,5.287263674662178,9.404378823620346
2095,gis,joint,6.992719917386605,5.347532858006251,9.56187976952822
2096,gis,joint,7.08298010694488,5.409561453488653,9.705978580674055
2097,gis,joint,7.172247937559605,5.467984205398961,9.852804629337399
2098,gis,joint,7.259638238788376,5.52032255651022,10.004568065196555
2099,gis,joint,7.348694073468237,5.572178688107823,10.158689439372681
2100,gis,joint,7.432536874107553,5.623611583280557,10.31212218474629
2101,gis,joint,7.5207623613216334,5.674700273733005,10.46425584211984
2102,gis,joint,7.603966343034061,5.728762499976455,10.615787074305201
2103,gis,joint,7.6916791904513815,5.786499046762971,10.767330041367982
2104,gis,joint,7.777905178540365,5.840789617538582,10.918673762467941
2105,gis,joint,7.864917141047626,5.896693355017046,11.067881538432676
2106,gis,joint,7.9486143642079945,5.947274461565418,11.21982357047847
2107,gis,joint,8.030675352029489,5.996528280507943,11.369245788238537
2108,gis,joint,8.110076291315412,6.052233681490773,11.523957584836115
2109,gis,joint,8.18812317026988,6.1095396901171535,11.669172565775014
2110,gis,joint,8.266679498374085,6.156574198138142,11.813784870153212
2111,gis,joint,8.34838471323772,6.209305731756339,11.962673243260134
2112,gis,joint,8.430221841582146,6.262231202007231,12.108232446696094
2113,gis,joint,8.51285090783592,6.312496857410276,12.256131031925204
2114,gis,joint,8.594073815099842,6.361930504655343,12.403654518726832
2115,gis,joint,8.673210848385713,6.410838014299148,12.549455831993189
2116,gis,joint,8.750383370243355,6.459012421053416,12.694142436655145
2117,gis,joint,8.829172949287408,6.506571348248446,12.840399014750814
2118,gis,joint,8.906571525908092,6.5533147472749675,12.987789557412974
2119,gis,joint,8.985921020961598,6.598561486032948,13.132029636819826
2120,gis,joint,9.062531269126545,6.64626522040606,13.285037325207409
2121,gis,joint,9.138676794384471,6.692488319880882,13.432477642033414
2122,gis,joint,9.214780356115892,6.744298132415485,13.580042029822506
2123,gis,joint,9.291515482587599,6.793976515156377,13.728086119168893
2124,gis,joint,9.367610479400366,6.834564895871598,13.875394468002042
2125,gis,joint,9.44302275617709,6.876289534373762,14.0178070307434
2126,gis,joint,9.519708870316443,6.921563452876764,14.144346163680014
2127,gis,joint,9.596210999219375,6.970005702737639,14.276081348862432
2128,gis,joint,9.669861214018265,7.021278426393342,14.41567903848551
2129,gis,joint,9.74355175390133,7.072173845008941,14.551298192298981
2130,gis,joint,9.818272704792092,7.1227519750668815,14.671856634875093
2131,gis,joint,9.88966191096431,7.1730504120105785,14.797186993612366
2132,gis,joint,9.963855448375037,7.22328298090497,14.932378355407948
2133,gis,joint,10.041745591106679,7.26509405447326,15.064490823029194
2134,gis,joint,10.111950083304269,7.304544619849449,15.203551158815014
2135,gis,joint,10.182301323281573,7.3437425396418385,15.33959688567461
2136,gis,joint,10.25362660836356,7.382472414216428,15.47506344926737
2137,gis,joint,10.321757123307242,7.422599117306958,15.609719495766264
2138,gis,joint,10.389241372550773,7.468095839491336,15.748248924136732
2139,gis,joint,10.455746834080493,7.512329912777245,15.89250124141044
2140,gis,joint,10.52540462177181,7.556233244084176,16.019770122836434
2141,gis,joint,10.588910809043618,7.599853905056513,16.154965407264125
2142,gis,joint,10.65395932953422,7.642516812066943,16.296780200353375
2143,gis,joint,10.7144150734509,7.681189288824643,16.438502857776662
2144,gis,joint,10.77912081104546,7.7193495241957875,16.568603664089515
2145,gis,joint,10.841694836224741,7.757346266143218,16.696253650157338
2146,gis,joint,10.911499409402776,7.795108312280209,16.823669316182386
2147,gis,joint,10.971379728285296,7.832565696693679,16.949425622156195
2148,gis,joint,11.033540117043849,7.87005849057928,17.074520470350407
2149,gis,joint,11.103281963767145,7.907179969463141,17.19886265368556
2150,gis,joint,11.170358593843279,7.942720052444977,17.324427605830117
2151,gis,joint,11.233426446862758,7.9748182875235445,17.448508840157995
2152,gis,joint,11.298844837755201,8.009966787537625,17.57182572058241
2153,gis,joint,11.359288118450099,8.046646746395155,17.691964725104736
2154,gis,joint,11.425909207410289,8.085396918111678,17.84699930373497
2155,gis,joint,11.49386665925641,8.12404294838641,18.008288724428525
2156,gis,joint,11.561945255886757,8.15988065063581,18.145353508700282
2157,gis,joint,11.628112084246283,8.19553277090136,18.2821063659402
2158,gis,joint,11.692090139994203,8.230856535923948,18.417600723174978
2159,gis,joint,11.75546752027801,8.266090364867319,18.542845420327577
2160,gis,joint,11.819792780888779,8.300849797926697,18.665040641011103
2161,gis,joint,11.88350713890052,8.335178309360822,18.80157438325636
2162,gis,joint,11.94300449441597,8.369187930067595,18.93994616821473
2163,gis,joint,12.00549052836148,8.403061933144343,19.06952641080005
2164,gis,joint,12.06943772665086,8.437031461597554,19.195902125077602
2165,gis,joint,12.129691620839278,8.471198217009288,19.322653763888404
2166,gis,joint,12.189183743281166,8.505242835400306,19.44919004351826
2167,gis,joint,12.252892039027987,8.539164989913557,19.575585560861665
2168,gis,joint,12.311101869053362,8.572649564249883,19.70139166818639
2169,gis,joint,12.372879658998462,8.605634571973562,19.826289636890326
2170,gis,joint,12.432985054516493,8.638142775708188,19.989306501241746
2171,gis,joint,12.491557869003518,8.672490910237197,20.113391610568094
2172,gis,joint,12.550242411058925,8.706928326011036,20.211105469776257
2173,gis,joint,12.608843623695222,8.741137034090078,20.315564990700707
2174,gis,joint,12.669264390006106,8.77532797623059,20.436350011197316
2175,gis,joint,12.730693910959612,8.809562091061252,20.557200603253403
2176,gis,joint,12.790727142660247,8.843837184355952,20.678139702253944
2177,gis,joint,12.85192631626455,8.878061986429746,20.799013821018132
2178,gis,joint,12.910506733364606,8.912064921705953,20.93163513012915
2179,gis,joint,12.97014929007104,8.945693169269632,21.045322436103717
2180,gis,joint,13.03048317441289,8.978919331539451,21.21096081748892
2181,gis,joint,13.087770321161898,9.011732973097232,21.349602628447037
2182,gis,joint,13.14758388744654,9.044156910533431,21.47597043498324
2183,gis,joint,13.206951911161802,9.076212786806403,21.590086090328764
2184,gis,joint,13.266293896565994,9.108109355643796,21.70314746111772
2185,gis,joint,13.325204065010656,9.13987666780811,21.815591533446998
2186,gis,joint,13.382096854392975,9.171489846539508,21.927607211364872
2187,gis,joint,13.440192797426453,9.203138779884076,22.039521535618007
2188,gis,joint,13.4983006948321,9.234790105700581,22.15131587780404
2189,gis,joint,13.555296891292517,9.266408114319976,22.262918919354444
2190,gis,joint,13.613766797658442,9.297978399437035,22.389777147551527
2191,gis,joint,13.663382523922031,9.322386594137665,22.536568792763273
2192,gis,joint,13.717886293041873,9.346449610581207,22.68294303639717
2193,gis,joint,13.7717587514803,9.377881962011694,22.826617236492034
2194,gis,joint,13.819182465567057,9.410380896364211,22.971099412041788
2195,gis,joint,13.872720452692636,9.442617524864717,23.116509505416598
2196,gis,joint,13.926588330245245,9.466231335617426,23.26304516385752
2197,gis,joint,13.979109222644402,9.489632342723826,23.41003162881939
2198,gis,joint,14.028539096441055,9.51334645739622,23.56340333834178
2199,gis,joint,14.07792198709871,9.537573827342683,23.71757615892708
2200,gis,joint,14.129337059330494,9.561732318048495,23.87355605643665
2201,gis,joint,14.184473701637362,9.588339123695304,24.031045163103318
2202,gis,joint,14.238149901424137,9.611989241761925,24.18900204766757
2203,gis,joint,14.291142531396527,9.635129204584702,24.3468236073175
2204,gis,joint,14.341540777448431,9.657783939690237,24.45596650983063
2205,gis,joint,14.390510863584922,9.679932619385019,24.56270633017948
2206,gis,joint,14.437900047444966,9.701609194361035,24.757489111632232
2207,gis,joint,14.485799758490671,9.72285484330731,24.891636523104157
2208,gis,joint,14.534204760974909,9.743782414983253,25.02812932834565
2209,gis,joint,14.580767095074929,9.764600234881263,25.177507553380604
2210,gis,joint,14.627742045080382,9.785497351864626,25.30973044833284
2211,gis,joint,14.671316586981572,9.80655967900284,25.423256569799477
2212,gis,joint,14.72178277440441,9.827705652080665,25.55439110617587
2213,gis,joint,14.768747921175063,9.848817685958972,25.67004852970562
2214,gis,joint,14.815722552128472,9.869713612860442,25.784113439724564
2215,gis,joint,14.864914658275367,9.890288004656353,25.906805775823468
2216,gis,joint,14.913670942840852,9.910549950513472,26.028649313965232
2217,gis,joint,14.958554655062851,9.930719340516642,26.149555506112538
2218,gis,joint,15.001232188295635,9.95260721769115,26.269670702280052
2219,gis,joint,15.043537252474444,9.976114106197283,26.38916744665819
2220,gis,joint,15.084942605418398,9.999496311670859,26.508224284621765
2221,gis,joint,15.124558781209169,10.02285579790288,26.625606067989718
2222,gis,joint,15.167671047314748,10.046169571519421,26.756865104183305
2223,gis,joint,15.208353173680484,10.069481506463463,26.87845402379055
2224,gis,joint,15.250394973141592,10.092902479989576,26.980768000170535
2225,gis,joint,15.292088409000147,10.116191049789217,27.103673327406245
2226,gis,joint,15.337045153982476,10.139208768461408,27.22268340491507
2227,gis,joint,15.38144809112006,10.161921252618503,27.33797128899287
2228,gis,joint,15.425294962918127,10.184368346055312,27.47658290892663
2229,gis,joint,15.472033910366466,10.206555978314832,27.573864126809767
2230,gis,joint,15.516845529974203,10.228553696585685,27.6919064704513
2231,gis,joint,15.560160197328065,10.250448111444072,27.807244682402775
2232,gis,joint,15.603349610197029,10.272255024123336,27.922267098590826
2233,gis,joint,15.64582150316572,10.294318903956126,28.037201757187546
2234,gis,joint,15.691841910684516,10.318771737364939,28.152095665980312
2235,gis,joint,15.73666017485472,10.343053245743498,28.266689039447325
2236,gis,joint,15.776830142196442,10.367121806972074,28.50243083691425
2237,gis,joint,15.81391205703486,10.39087273401275,28.66324766210235
2238,gis,joint,15.851499301680075,10.414350889558696,28.745734899404777
2239,gis,joint,15.887674884887364,10.437648968810185,28.866062716653644
2240,gis,joint,15.921540464053031,10.460826806069758,29.04958701467799
2241,gis,joint,15.961460406297501,10.483910566461573,29.16147583377641
2242,gis,joint,15.99954802034837,10.507058981956483,29.26211244883711
2243,gis,joint,16.037717715400476,10.527987808307019,29.362048838635577
2244,gis,joint,16.075884409985655,10.543822540263156,29.46811712788786
2245,gis,joint,16.110955135400765,10.560424852176844,29.585865604130085
2246,gis,joint,16.139469224101912,10.584497231113783,29.703921938586756
2247,gis,joint,16.17453892471174,10.607276475225177,29.800657165136165
2248,gis,joint,16.216086426436906,10.630626297305616,29.894818715385917
2249,gis,joint,16.252774857910786,10.65378617666087,29.988029650479046
2250,gis,joint,16.28675053786766,10.676660148641448,30.080299241643964
2251,gis,joint,16.32012921645983,10.69926111973895,30.171648621200575
2252,gis,joint,16.35403050020289,10.721190803428092,30.26162302038532
2253,gis,joint,16.396313651597357,10.731803094216524,30.34987417718241
2254,gis,joint,16.429592026031408,10.750912544480109,30.437690102582813
2255,gis,joint,16.464247758311252,10.77375632352999,30.52534307233061
2256,gis,joint,16.50097429148424,10.796568386483466,30.61300187171443
2257,gis,joint,16.5375089884377,10.819321693609313,30.70437295576291
2258,gis,joint,16.57331047897962,10.838526150115266,30.79523835513865
2259,gis,joint,16.6055653024384,10.856925253762876,30.88543290194061
2260,gis,joint,16.63978087093269,10.875082178235486,30.974882373793864
2261,gis,joint,16.669796888245664,10.887550551434124,31.078632195081997
2262,gis,joint,16.704310973488763,10.901718331093663,31.171281316857286
2263,gis,joint,16.735909976658554,10.9127681449325,31.259608321359142
2264,gis,joint,16.76718787708286,10.924324654523206,31.41487909250478
2265,gis,joint,16.79830565092565,10.945751748726716,31.485777976879415
2266,gis,joint,16.824825645221573,10.959265096990025,31.556476820938773
2267,gis,joint,16.856626519691304,10.972258034170343,31.65132531350502
2268,gis,joint,16.88816846715024,10.985429639141223,31.74963312838014
2269,gis,joint,16.920646654605715,10.998536354155648,31.84261656143643
2270,gis,joint,16.949503231102756,11.011446675489005,31.923427054606943
2271,gis,joint,16.983248187527323,11.024062572984725,32.0034393870895
2272,gis,joint,17.013709318751875,11.036371997050308,32.08257492605732
2273,gis,joint,17.041636808609656,11.048372610810956,32.16082437716816
2274,gis,joint,17.070059453798706,11.060135474947018,32.23829100728311
2275,gis,joint,17.103492774464357,11.071805117538117,32.42866805737455
2276,gis,joint,17.134805662776174,11.083873301776388,32.52944809233451
2277,gis,joint,17.166828151461765,11.09605481384956,32.74285428515838
2278,gis,joint,17.19810181348163,11.10824433528176,32.884567100415225
2279,gis,joint,17.227270753756745,11.120378829388128,32.973749605702835
2280,gis,joint,17.25527001583443,11.134061498957353,33.06703573903773
2281,gis,joint,17.28107513126696,11.151431992884806,33.21381720738101
2282,gis,joint,17.308174224124404,11.164298825855065,33.36088189222106
2283,gis,joint,17.334749362660382,11.172382169636476,33.508282445909
2284,gis,joint,17.36235954233186,11.180299052268271,33.65607780655967
2285,gis,joint,17.389836553180675,11.188134973760139,33.771778090544004
2286,gis,joint,17.417366061450423,11.197912688652957,33.86521048471226
2287,gis,joint,17.44686570711574,11.209863826057218,33.94795199054794
2288,gis,joint,17.476867987657364,11.223487595127233,34.05594474697028
2289,gis,joint,17.504740762846975,11.237074577960414,34.152002369357305
2290,gis,joint,17.531727031787145,11.250495146087053,34.255131715328076
2291,gis,joint,17.555481596024677,11.263762618475738,34.38913725376167
2292,gis,joint,17.582222175544114,11.277040213546977,34.48491452436554
2293,gis,joint,17.605904276442786,11.290278776919296,34.65068013731284
2294,gis,joint,17.634636282846877,11.303357774060931,34.80226958588863
2295,gis,joint,17.66113129717501,11.316663564406609,34.94434969622611
2296,gis,joint,17.68801401025572,11.332969422153889,35.085395419548036
2297,gis,joint,17.716215150919016,11.349333730091793,35.21856379325335
2298,gis,joint,17.751831340608707,11.360596715762343,35.351597967017376
2299,gis,joint,17.78071275910081,11.367412999636576,35.54701675806431
2300,gis,joint,17.80932983837402,11.379702154538519,35.72882950524522
1990,ais,fixed,-0.3447381083774663,-0.3968348473657418,-0.2928109168407901
1991,ais,fixed,-0.32957008418692757,-0.3776793043703532,-0.2806212285613172
1992,ais,fixed,-0.3129430922031665,-0.3584724105013303,-0.2661177076892817
1993,ais,fixed,-0.29714080237081175,-0.3435336987340682,-0.2511534640335365
1994,ais,fixed,-0.28752146401101064,-0.33416745758731947,-0.24276501639895542
1995,ais,fixed,-0.27503490784582607,-0.3206655412743368,-0.23010071411830293
1996,ais,fixed,-0.2596341395149303,-0.30848108107278926,-0.2142367759197728
1997,ais,fixed,-0.2430459099510327,-0.296729749724127,-0.1959447244844031
1998,ais,fixed,-0.2242681654841172,-0.2738677908130483,-0.17707088795141013
1999,ais,fixed,-0.1958625353705885,-0.23656702420205528,-0.15465997233931378
2000,ais,fixed,-0.1650878035233606,-0.19872506392256112,-0.1314860216800658
2001,ais,fixed,-0.13349369459839944,-0.16026531289532264,-0.10697188733829742
2002,ais,fixed,-0.09822793757743442,-0.11912323560142157,-0.0786515483146482
2003,ais,fixed,-0.062359739543491166,-0.07762022694407464,-0.04972766209884355
2004,ais,fixed,-0.026716967597807673,-0.0372605946009547,-0.019794583596946948
2005,ais,fixed,0.006544570296383778,-0.0021815750670447277,0.01327535941426321
2006,ais,fixed,0.042430998230238215,0.031587612300841526,0.05343126093826518
2007,ais,fixed,0.07806918057064205,0.06143979275085758,0.09404188642760347
2008,ais,fixed,0.11300535754539243,0.0903826400829581,0.13515150559968386
2009,ais,fixed,0.1487673132169444,0.12012628684457656,0.1769830959124852
2010,ais,fixed,0.18553270995600996,0.1502455376606612,0.21912724610057902
2011,ais,fixed,0.22230454073470007,0.1813998340920674,0.26215323059175366
2012,ais,fixed,0.25870606857101563,0.21179513363410016,0.30489470250814354
2013,ais,fixed,0.2987165406375849,0.24619428566087576,0.3507133488903202
2014,ais,fixed,0.33721547794107865,0.27822193496564374,0.3949684007521738
2015,ais,fixed,0.3761348774793728,0.3111108064225943,0.43837357596647303
2016,ais,fixed,0.4188121589222402,0.34820770868728673,0.4864094887910763
2017,ais,fixed,0.4601335508705916,0.38294065861483023,0.5334964253425448
2018,ais,fixed,0.5009312810886161,0.41734081332674494,0.5798838459663124
2019,ais,fixed,0.5425702789617755,0.45265820390938866,0.6274129500316878
2020,ais,fixed,0.5854324240007457,0.4882628313080682,0.6765902003665984
2021,ais,fixed,0.6259275408111562,0.5225513215991215,0.7245500918573072
2022,ais,fixed,0.6689725332546783,0.5591094038174836,0.7755746991821093
2023,ais,fixed,0.7120261130293004,0.5940857377288615,0.8263608390282201
2024,ais,fixed,0.7564961317011115,0.6287842121292186,0.8806318443764887
2025,ais,fixed,0.8035113801681468,0.6655596082195917,0.9337022345994765
2026,ais,fixed,0.8498577059560001,0.7047247960737971,0.9884578901275929
2027,ais,fixed,0.8968362227811844,0.7426665783398217,1.043148983444504
2028,ais,fixed,0.9444053507062049,0.7811944579751084,1.1013907397070501
2029,ais,fixed,0.9914223695387613,0.8191073890006834,1.1583508763827919
2030,ais,fixed,1.0382117979284353,0.8550942240794495,1.21828875995717
2031,ais,fixed,1.0865265801908022,0.8907587397867051,1.2760988626616527
2032,ais,fixed,1.1350078761736753,0.9262977020536161,1.3349536073469788
2033,ais,fixed,1.1836929105049856,0.9631960338409106,1.3960922827913915
2034,ais,fixed,1.233797249636001,1.0015249159112245,1.4581692039580414
2035,ais,fixed,1.2835115223362874,1.0385895249177204,1.52446522171826
2036,ais,fixed,1.3336893376933652,1.077633762735957,1.5904982348877397
2037,ais,fixed,1.386318451453783,1.1159240958722862,1.6601515903845079
2038,ais,fixed,1.4384684917094497,1.153820685730338,1.7298435650144512
2039,ais,fixed,1.4915674409320205,1.1910493211849549,1.8017766614671875
2040,ais,fixed,1.5463431196513597,1.2276173690406256,1.8722500055187228
2041,ais,fixed,1.600696944682231,1.2658314440239535,1.945109082854826
2042,ais,fixed,1.6560928932978758,1.3048752068305352,2.018461275189476
2043,ais,fixed,1.7112040515577311,1.3458925866953317,2.0940163296427627
2044,ais,fixed,1.766931588453863,1.3872917718345317,2.17317279655349
2045,ais,fixed,1.8232618842093193,1.4290042644624057,2.253113989899804
2046,ais,fixed,1.8814612951461822,1.467058791409436,2.347917477794275
2047,ais,fixed,1.9382522832170515,1.50221160485505,2.4560531496093705
2048,ais,fixed,1.9963450346608673,1.543038571718074,2.5547130710464683
2049,ais,fixed,2.0585183017836757,1.5841997245515569,2.6549457141171544
2050,ais,fixed,2.124678322242871,1.6225269828028954,2.788681420086132
2051,ais,fixed,2.1889060714367554,1.6646626832750213,2.971318669764226
2052,ais,fixed,2.2535346661526683,1.7056915440298657,3.409454531769414
2053,ais,fixed,2.3186982411892845,1.74870143401615,4.012170140096576
2054,ais,fixed,2.3831590281224058,1.791997836179809,4.724920827281439
2055,ais,fixed,2.448469342533839,1.8270497871683526,5.569478620681978
2056,ais,fixed,2.5191403348895696,1.872279158495568,6.238991564084126
2057,ais,fixed,2.5888850060777653,1.9133421955364402,6.934333324268647
2058,ais,fixed,2.660142353134031,1.9541556273842153,7.611187241041809
2059,ais,fixed,2.7319337759890105,1.9973486743138331,8.387309387404517
2060,ais,fixed,2.8079733262585904,2.0396790162008434,9.039937652941646
2061,ais,fixed,2.8829546285494576,2.0817958655582607,9.973769488003215
2062,ais,fixed,2.9628778714683097,2.13053229455469,10.714540399632089
2063,ais,fixed,3.056219329292508,2.17884177444738,11.754798505906505
2064,ais,fixed,3.141873910784659,2.2260619645091326,12.848770220663608
2065,ais,fixed,3.225070951491314,2.2651191999825224,13.56646999523442
2066,ais,fixed,3.3039733974071703,2.3097620901725544,14.50039087050671
2067,ais,fixed,3.3894196827844674,2.3513506417515306,15.545450383243992
2068,ais,fixed,3.4671306514608022,2.3971161426361793,16.32036913495242
2069,ais,fixed,3.5493689945949076,2.4409177757688814,17.233353954715312
2070,ais,fixed,3.653590357987812,2.486635354620061,18.101654693038125
2071,ais,fixed,3.7678192682808778,2.542876054194877,19.035842591027095
2072,ais,fixed,3.880587019809547,2.5977988116609176,19.915970868387998
2073,ais,fixed,4.00761096811646,2.6461657022267016,20.647628259986735
2074,ais,fixed,4.11524446438135,2.690457456396497,21.55322016961873
2075,ais,fixed,4.225476204029711,2.738686405470614,22.215782679104713
2076,ais,fixed,4.328281194473956,2.78064938882403,23.541249949332954
2077,ais,fixed,4.434860583747701,2.8214275096961425,24.64564410844484
2078,ais,fixed,4.539565480163355,2.8698898614075072,25.602622906222063
2079,ais,fixed,4.639877301373317,2.913235588440639,26.51610695739624
2080,ais,fixed,4.754599988357315,2.9758936165062306,27.487732454797218
2081,ais,fixed,4.88533381066361,3.0267529616324027,28.662341528960425
2082,ais,fixed,5.029499953106229,3.0866825056919382,29.736787138020347
2083,ais,fixed,5.179013606865552,3.1381820388103847,30.79792692651333
2084,ais,fixed,5.336997559823235,3.1828069095964935,31.811306774824658
2085,ais,fixed,5.518484070932619,3.2287183558344545,32.82243927608351
2086,ais,fixed,5.6500814085955255,3.2785485708942055,33.84000508229623
2087,ais,fixed,5.814069279219524,3.3288158844979026,35.13587928772084
2088,ais,fixed,5.953814538949489,3.3789273709788428,36.21272373243869
2089,ais,fixed,6.077543438332203,3.424509595405541,37.202648136889785
2090,ais,fixed,6.198968044903696,3.4729387381479526,38.25346879407119
2091,ais,fixed,6.356058456227755,3.5231355606318098,39.554132435882984
2092,ais,fixed,6.500531278741654,3.5720758271269593,40.82946654400521
2093,ais,fixed,6.677274842214134,3.6199415005182343,41.88535442854242
2094,ais,fixed,6.872473541916943,3.668208473191218,43.15202535230016
2095,ais,fixed,7.112041156439934,3.7412158271342464,44.45998644320958
2096,ais,fixed,7.323685782378279,3.8195565851128213,45.40113402973857
2097,ais,fixed,7.706984344921375,3.87870220572407,46.53740037827997
2098,ais,fixed,8.070494302993136,3.9324659755129536,47.60776178735082
2099,ais,fixed,8.354092080691416,3.9861586962743676,48.99604211846983
2100,ais,fixed,8.665647940107498,4.039929405349299,50.13473274092369
2101,ais,fixed,8.951922466247321,4.090328318978855,51.35014144683349
2102,ais,fixed,9.275747712890475,4.1468835872946,52.804485840864295
2103,ais,fixed,9.656427679357044,4.198407211592647,54.211751649016804
2104,ais,fixed,10.243118719851061,4.325087404500547,55.4467051786621
2105,ais,fixed,11.146750045526034,4.3937634930498435,56.86121196141113
2106,ais,fixed,12.241218605417226,4.445347981664075,57.93714674383263
2107,ais,fixed,13.16170339111916,4.4969538983881625,59.00921253196397
2108,ais,fixed,14.195818066373498,4.548584358628202,60.58842612298487
2109,ais,fixed,15.070873377341535,4.621268264677498,61.72620432988216
2110,ais,fixed,16.182201553751902,4.685328225296336,62.851914607458006
2111,ais,fixed,17.121673698907607,4.737587453495367,64.31604264526582
2112,ais,fixed,18.094030984080476,4.789799300064167,65.53320110762219
2113,ais,fixed,19.182386362961203,4.842100016434035,66.7958656628916
2114,ais,fixed,19.883139273980472,4.894497808347786,68.10646110110517
2115,ais,fixed,20.694517445054224,4.9657872635039615,69.16352715573389
2116,ais,fixed,21.52477020233321,5.046783215426819,70.56897881645725
2117,ais,fixed,22.398633823344422,5.099260706393559,71.91062457217924
2118,ais,fixed,23.16698614224745,5.151909454123265,73.01775509772085
2119,ais,fixed,23.744982822603312,5.2045254554600575,74.35223204944646
2120,ais,fixed,24.469761411637098,5.257066868526687,75.63574117310604
2121,ais,fixed,25.186868117701597,5.309586100240567,76.85260479397051
2122,ais,fixed,26.094685498661278,5.362134046056207,78.12936072014111
2123,ais,fixed,26.910012137322717,5.414706143310483,79.39652758171675
2124,ais,fixed,27.64956756550454,5.467326887528901,80.45288221740125
2125,ais,fixed,28.49470088417614,5.545925816149265,81.80971149379074
2126,ais,fixed,29.188321645219695,5.601914495560837,83.08455974097073
2127,ais,fixed,30.038604388314695,5.653360900997276,84.37097725665525
2128,ais,fixed,30.85584874725553,5.704820277728588,85.8040566357862
2129,ais,fixed,31.71955658211275,5.75629540044934,87.1339794673587
2130,ais,fixed,32.45531816362492,5.820602391023501,88.39850632658825
2131,ais,fixed,33.3651478382565,5.873590980824654,89.68860851405559
2132,ais,fixed,34.2851667432523,5.926523128753634,90.95964666909717
2133,ais,fixed,35.01857873063968,6.0191243783355874,92.18182855658891
2134,ais,fixed,35.71473110480081,6.075159445519342,93.4985901149858
2135,ais,fixed,36.298345894930534,6.131315538593592,94.8050427447509
2136,ais,fixed,36.97420665927001,6.187595841504331,96.08385885231495
2137,ais,fixed,37.95469481973147,6.257089374514903,97.33855345052632
2138,ais,fixed,38.64311385114979,6.319150388373496,98.64337387381174
2139,ais,fixed,39.36227331666296,6.379830392178125,99.9550621268444
2140,ais,fixed,40.104081857191886,6.434999837962923,101.28552772769095
2141,ais,fixed,40.851546228192746,6.490172257940347,102.59405835828639
2142,ais,fixed,41.532152913833634,6.545300650394129,103.89496039642587
2143,ais,fixed,42.33038663499113,6.600362570376399,105.18626075822574
2144,ais,fixed,43.02496098540264,6.655841923144914,106.47707090126843
2145,ais,fixed,43.63612364521579,6.7121684771019305,107.73594425748604
2146,ais,fixed,44.40812168864184,6.783048286593932,108.89813566090427
2147,ais,fixed,45.27936967972344,6.839364396177603,110.17855387949682
2148,ais,fixed,45.929279799887226,6.915590980052443,111.67664694786163
2149,ais,fixed,46.70331779310129,6.970344082644909,112.99271176359346
2150,ais,fixed,47.42015292240913,7.043973705017792,114.37625159374647
2151,ais,fixed,48.081737145754275,7.100038119848719,116.11837845945938
2152,ais,fixed,48.772265229700054,7.156049901063937,117.26378029500398
2153,ais,fixed,49.56982273264108,7.217973117871974,118.3891159670165
2154,ais,fixed,50.29529979685329,7.272643498388281,119.55512822442124
2155,ais,fixed,51.048167991646906,7.326809035337144,120.79206774584131
2156,ais,fixed,51.76267122348716,7.388474717589968,122.2927402085534
2157,ais,fixed,52.46811267675694,7.445706880068953,123.53304125535685
2158,ais,fixed,53.12629862434078,7.5317180581453576,124.67058095574068
2159,ais,fixed,53.796379708480316,7.636719018473116,125.9616362703096
2160,ais,fixed,54.496107008181426,7.717355772912113,127.28572306071997
2161,ais,fixed,55.2767768399665,7.793123646873574,128.72926257914486
2162,ais,fixed,56.323187507806125,7.859835927018879,130.2388934332468
2163,ais,fixed,57.18463010269862,7.918534240841782,131.70584764597197
2164,ais,fixed,58.091322172230086,7.9773697528886744,132.98523449761058
2165,ais,fixed,58.92650533680664,8.036095490442696,134.26091054123256
2166,ais,fixed,59.77628049886724,8.094670847273706,135.6568325947935
2167,ais,fixed,60.519677815528965,8.153391831938634,137.05942013808922
2168,ais,fixed,61.30487092828196,8.208923466319794,138.47462188913107
2169,ais,fixed,62.136369281110944,8.264461710833318,139.8787279406544
2170,ais,fixed,62.7951013588184,8.330228220041151,141.05081629960586
2171,ais,fixed,63.44326996948644,8.489812118111306,142.22031269189438
2172,ais,fixed,64.22250565447723,8.546608927580342,143.38954567931762
2173,ais,fixed,65.04546973074412,8.634338654691126,144.5587457868895
2174,ais,fixed,65.73105608163422,8.696959378602354,145.72776600121642
2175,ais,fixed,66.39056455438407,8.767200166674106,146.89752614391347
2176,ais,fixed,67.14635166699655,8.826559791239351,148.23277913525794
2177,ais,fixed,68.04021054425732,8.885813691852858,149.6183025221263
2178,ais,fixed,68.93494383568813,8.94499956854249,150.83197109926277
2179,ais,fixed,69.69450646366657,9.004547037167551,152.03692583596356
2180,ais,fixed,70.57848513665455,9.064854238330666,153.2419556248064
2181,ais,fixed,71.44676214152082,9.125284671646503,154.46368413072122
2182,ais,fixed,72.23971262811878,9.185785773191528,155.78209049981933
2183,ais,fixed,73.03515248295793,9.246396834929447,157.1198773593533
2184,ais,fixed,73.69346906040363,9.334633684589328,158.4507226841741
2185,ais,fixed,74.40949892899059,9.461876341135577,159.76498209535376
2186,ais,fixed,75.22839285074262,9.523648541724143,161.09068977687113
2187,ais,fixed,75.84145970350872,9.585421440960435,162.4273425006415
2188,ais,fixed,76.48587816413415,9.647118436233757,163.75906996294466
2189,ais,fixed,77.28225339980838,9.708668100511439,165.07438609162702
2190,ais,fixed,78.00008373465519,9.770273366312784,166.35242768755788
2191,ais,fixed,78.98374158471165,9.831881325861689,167.4954846900109
2192,ais,fixed,79.77408991483398,9.893533615523436,168.63830928955667
2193,ais,fixed,80.56306613115245,9.955364236160154,169.84001480518515
2194,ais,fixed,81.51771484394604,10.017231079370026,171.48136999565313
2195,ais,fixed,82.33580971240661,10.077783066536252,173.01924075521248
2196,ais,fixed,83.22846517108007,10.135070912018202,174.35995271033153
2197,ais,fixed,84.10046745732683,10.192363926243322,175.68618768913018
2198,ais,fixed,84.88098866203663,10.266056089685062,177.00707371366616
2199,ais,fixed,85.55108066140895,10.326107505730933,178.3273454675423
2200,ais,fixed,86.31133402217426,10.386062704029548,179.6429166790012
2201,ais,fixed,87.02416631288054,10.452759729762116,180.99908389422774
2202,ais,fixed,87.7395567927199,10.514624011305477,182.28344058142446
2203,ais,fixed,88.45302981924564,10.57613815469517,183.6010604277052
2204,ais,fixed,89.13983171257169,10.639008761651052,185.10223107613
2205,ais,fixed,89.9064109040904,10.79754428007101,186.37381702427285
2206,ais,fixed,90.65308243791102,10.880349881368222,187.64225094304777
2207,ais,fixed,91.38739517679018,10.95458996353073,188.87820595902087
2208,ais,fixed,92.04912972781074,11.067455690663783,190.20005413918886
2209,ais,fixed,92.84814771772204,11.132935741905294,191.52513640178591
2210,ais,fixed,93.72063340302306,11.198339426945548,192.84111708784977
2211,ais,fixed,94.37901319641975,11.263601608048807,194.18990223078873
2212,ais,fixed,95.27770176509807,11.328848828544691,195.49246570931913
2213,ais,fixed,96.24434281650713,11.394091811537471,197.1315134756927
2214,ais,fixed,97.15830356776391,11.45941034300626,198.55372016336136
2215,ais,fixed,98.05275185735644,11.524751487439685,199.79896155332543
2216,ais,fixed,98.86163541433879,11.590150321979669,201.03850515772808
2217,ais,fixed,99.5172923259491,11.655516929086682,202.2774447026307
2218,ais,fixed,100.17262933423136,11.720713847289783,203.5156204241093
2219,ais,fixed,100.8604613292481,11.78307735713673,204.7598934108491
2220,ais,fixed,101.85099082467379,11.845123289947418,206.08024874358213
2221,ais,fixed,102.79413352362755,11.90717485423609,207.40021029752862
2222,ais,fixed,103.38851946948006,11.969135781796446,208.71912052913373
2223,ais,fixed,104.16893527835899,12.031129251100355,210.03786776776653
2224,ais,fixed,105.12377152027068,12.093127158043469,211.48721273751826
2225,ais,fixed,106.04272003350518,12.15512385558813,213.32444622533683
2226,ais,fixed,106.82393287178098,12.217040196123655,215.16072551855186
2227,ais,fixed,107.50451868824315,12.278967011222912,216.99636191558986
2228,ais,fixed,108.4736874113361,12.340979533666477,218.82453654460048
2229,ais,fixed,109.35797228579185,12.402971658405473,220.47623151173244
2230,ais,fixed,110.32279446218902,12.465009852639746,221.85404405988407
2231,ais,fixed,111.09289576665421,12.527053890993809,223.1007360765135
2232,ais,fixed,112.00212723503992,12.5890965317069,224.39941297211334
2233,ais,fixed,112.8587226888865,12.651048055653826,225.67032316812575
2234,ais,fixed,113.6045082133513,12.712905817012768,226.94056159656202
2235,ais,fixed,114.44940199622016,12.774766652530257,228.21041210691078
2236,ais,fixed,115.26613258999036,12.836655664924182,229.4799280669986
2237,ais,fixed,115.96051387825568,12.898539493518957,230.74901047350124
2238,ais,fixed,116.71496613002823,12.96045950081564,232.01776970214087
2239,ais,fixed,117.40780477044689,13.022324473700927,233.28588038342286
2240,ais,fixed,118.25859069385403,13.084373804204391,234.55408372923188
2241,ais,fixed,119.03008034703416,13.146402164894573,235.821800282918
2242,ais,fixed,119.7038757705746,13.254721341399202,237.08925624995186
2243,ais,fixed,120.57734591457145,13.32917638400855,238.3563222788868
2244,ais,fixed,121.4509136030276,13.393220689067075,239.62266210858033
2245,ais,fixed,122.18370772189726,13.457154688342976,240.8883703042446
2246,ais,fixed,122.99737834378854,13.52095771374721,242.43792505171342
2247,ais,fixed,123.74782244395111,13.58473491252933,244.0215277424384
2248,ais,fixed,124.4897682769575,13.648483341020212,245.64666440636032
2249,ais,fixed,125.23570922946718,13.712204687640178,247.2875968576751
2250,ais,fixed,125.94347076710432,13.776069535175548,248.5525725485333
2251,ais,fixed,126.68618209369654,13.840118336835015,249.81190103568474
2252,ais,fixed,127.3903709356855,13.904155806076915,251.07062693034064
2253,ais,fixed,128.15416860725693,13.968204406748205,252.32874973070875
2254,ais,fixed,128.9819498382029,14.031468339119892,253.71283475545715
2255,ais,fixed,129.73824528953975,14.092893004737014,255.03080527966625
2256,ais,fixed,130.569368962821,14.154276176056014,256.241780761305
2257,ais,fixed,131.37185096622952,14.215550931899973,257.45205333907006
2258,ais,fixed,132.21151045108488,14.276727744796784,258.66168846903446
2259,ais,fixed,132.96290907226302,14.337833111390584,259.8707536298089
2260,ais,fixed,133.7048071642634,14.39882606165207,261.0945093578754
2261,ais,fixed,134.46697404485377,14.45974599446843,262.3425543720162
2262,ais,fixed,135.14556910571906,14.520727924538766,263.5905628551912
2263,ais,fixed,136.00421119809664,14.5816991529211,264.8372110967598
2264,ais,fixed,136.8188380688047,14.642677618585275,266.083553796094
2265,ais,fixed,137.54577946408227,14.703623666763747,267.3292691935147
2266,ais,fixed,138.40647725897742,14.764547048796912,268.5743991754955
2267,ais,fixed,139.22937775052003,14.825463946688416,269.9510996604221
2268,ais,fixed,140.00446626446802,14.886304838779786,271.20081999827084
2269,ais,fixed,140.77919177978873,14.947070474816687,272.682989661038
2270,ais,fixed,141.64037979539648,15.007812509623175,274.3262748830536
2271,ais,fixed,142.51271656769745,15.068500180776638,275.61497268765464
2272,ais,fixed,143.28907660178706,15.129095173971324,276.89795185920855
2273,ais,fixed,144.0964127251715,15.189620080906508,278.2993044574996
2274,ais,fixed,144.8682608279693,15.250187498905877,279.7101230204013
2275,ais,fixed,145.70345340791891,15.310776839034155,281.12049060053977
2276,ais,fixed,146.42897870759833,15.37134124617645,282.4383148273151
2277,ais,fixed,147.17430377735508,15.43186869301601,283.7238802695887
2278,ais,fixed,147.99106131919422,15.492368678432827,285.008924792278
2279,ais,fixed,148.85369416227087,15.552749072485872,286.2846333186086
2280,ais,fixed,149.54818294158412,15.613080868836441,287.5572245681353
2281,ais,fixed,150.31776377016996,15.673352138937776,288.82920173522103
2282,ais,fixed,151.02673844761145,15.733534310896642,290.1090279002671
2283,ais,fixed,151.73490784147128,15.793691985479049,291.3875791806865
2284,ais,fixed,152.39079990878503,15.853792047490874,292.74840471171996
2285,ais,fixed,153.14527288433806,15.913909099157696,294.29489441872147
2286,ais,fixed,153.89967769305028,15.974108795941094,295.8476439737692
2287,ais,fixed,154.65494617278242,16.0343452192985,297.40017333422526
2288,ais,fixed,155.6767134882323,16.094529680545467,298.9036518862282
2289,ais,fixed,156.43944542425172,16.154634691212685,300.3723856806757
2290,ais,fixed,157.2442565880483,16.2146818284726,301.8404744298345
2291,ais,fixed,158.05835950231224,16.274755705924655,303.30820216037097
2292,ais,fixed,158.9620589903968,16.334790912603516,304.772582765326
2293,ais,fixed,159.74293328052684,16.39479627009848,306.2553421321157
2294,ais,fixed,160.6974024965583,16.454712528209054,307.7817783209958
2295,ais,fixed,161.6007723769676,16.51458968795075,309.30779920873704
2296,ais,fixed,162.29076000778892,16.57453729534724,310.74776359506205
2297,ais,fixed,163.19213842329012,16.634486243467194,312.15870198144006
2298,ais,fixed,164.06204680857402,16.694624619840965,313.5695776126328
2299,ais,fixed,164.9516763090972,16.75473366079109,314.99276171973827
2300,ais,fixed,165.78742061063343,16.814916559178478,316.4414952182538
1990,ais,joint,-0.3447381083774663,-0.3968348473657418,-0.2928109168407901
1991,ais,joint,-0.32957008418692757,-0.3776793043703532,-0.2806212285613172
1992,ais,joint,-0.3129430922031665,-0.3584724105013303,-0.2661177076892817
1993,ais,joint,-0.29714080237081175,-0.3435336987340682,-0.2511534640335365
1994,ais,joint,-0.28752146401101064,-0.33416745758731947,-0.24276501639895542
1995,ais,joint,-0.27503490784582607,-0.3206655412743368,-0.23010071411830293
1996,ais,joint,-0.2596341395149303,-0.30848108107278926,-0.2142367759197728
1997,ais,joint,-0.2430459099510327,-0.296729749724127,-0.1959447244844031
1998,ais,joint,-0.2242681654841172,-0.2738677908130483,-0.17707088795141013
1999,ais,joint,-0.1958625353705885,-0.23656702420205528,-0.15465997233931378
2000,ais,joint,-0.1650878035233606,-0.19872506392256112,-0.1314860216800658
2001,ais,joint,-0.13349369459839944,-0.16026531289532264,-0.10697188733829742
2002,ais,joint,-0.09822793757743442,-0.11912323560142157,-0.0786515483146482
2003,ais,joint,-0.062359739543491166,-0.07762022694407464,-0.04972766209884355
2004,ais,joint,-0.026716967597807673,-0.0372605946009547,-0.019794583596946948
2005,ais,joint,0.006544570296383778,-0.0021815750670447277,0.01327535941426321
2006,ais,joint,0.042430998230238215,0.031587612300841526,0.05343126093826518
2007,ais,joint,0.07806918057064205,0.06143979275085758,0.09404188642760347
2008,ais,joint,0.11300535754539243,0.0903826400829581,0.13515150559968386
2009,ais,joint,0.1487673132169444,0.12012628684457656,0.1769830959124852
2010,ais,joint,0.18553270995600996,0.1502455376606612,0.21912724610057902
2011,ais,joint,0.22230454073470007,0.1813998340920674,0.26215323059175366
2012,ais,joint,0.25870606857101563,0.21179513363410016,0.30489470250814354
2013,ais,joint,0.2987165406375849,0.24619428566087576,0.3507133488903202
2014,ais,joint,0.33721547794107865,0.27822193496564374,0.3949684007521738
2015,ais,joint,0.3761348774793728,0.3111108064225943,0.43837357596647303
2016,ais,joint,0.41685557711857946,0.34592499509313335,0.485618613524128
2017,ais,joint,0.45830699130275243,0.3800944201315251,0.5322475477246634
2018,ais,joint,0.4982098244018608,0.4128596091948515,0.5777408871682111
2019,ais,joint,0.5383372303159852,0.4463221199550774,0.623774944815829
2020,ais,joint,0.5806334613703793,0.48184139118265934,0.6722326112219219
2021,ais,joint,0.6215602805080482,0.516251536030909,0.7202830096399667
2022,ais,joint,0.6644840818495106,0.5520534412762896,0.7709486250689815
2023,ais,joint,0.7079617790967679,0.5880696036015423,0.8232590889171906
2024,ais,joint,0.7528241661048387,0.624528427462812,0.8765059425162658
2025,ais,joint,0.7981089845403619,0.6598534591742184,0.9296109054964706
2026,ais,joint,0.843618421277929,0.6976677103033658,0.9853235195851516
2027,ais,joint,0.8900814594268973,0.7339607743861982,1.04229955909893
2028,ais,joint,0.9372678024051976,0.7707054383914684,1.1029372462001035
2029,ais,joint,0.9855434804184411,0.8064440295665994,1.162184394381417
2030,ais,joint,1.0333763763959594,0.8421876148879378,1.2203141380873357
2031,ais,joint,1.0823933359402633,0.8781410935342304,1.2817777222787443
2032,ais,joint,1.1307708908645193,0.9146520796235353,1.3418852153825809
2033,ais,joint,1.1796476202207447,0.9496611722689149,1.4055604842688545
2034,ais,joint,1.2305405694196314,0.98829984192448,1.47589604238076
2035,ais,joint,1.2801595932613503,1.024539820761146,1.5487276340004261
2036,ais,joint,1.331450574508272,1.062751750244375,1.6295812211541492
2037,ais,joint,1.3827379485642683,1.1000431048973083,1.7099184903924602
2038,ais,joint,1.4349372719181654,1.1352717386207516,1.786190843051286
2039,ais,joint,1.4891735342573564,1.1723604938246575,1.8730303270600552
2040,ais,joint,1.5432780781160471,1.2111397836544495,1.9654446930024878
2041,ais,joint,1.598885829707399,1.2511046983119267,2.0578022800698963
2042,ais,joint,1.6546867350452108,1.2870947541354796,2.1602950490679245
2043,ais,joint,1.7100027249865206,1.32613060726823,2.257298890607801
2044,ais,joint,1.7665354248509941,1.3684201507688927,2.3707177007428553
2045,ais,joint,1.8225696163845768,1.4071627608648074,2.48576995830237
2046,ais,joint,1.8799479562018515,1.4480279292701586,2.6627387041147377
2047,ais,joint,1.9396302576145315,1.4883747174729398,2.9441591689152786
2048,ais,joint,2.000095012235273,1.5299911604732033,3.471119310067226
2049,ais,joint,2.0629188788039103,1.5699087521738808,4.397985353328537
2050,ais,joint,2.128062822496,1.6115585926882494,5.45804050478495
2051,ais,joint,2.1962919622029977,1.6515793541529338,6.431913603245711
2052,ais,joint,2.261258485312558,1.6904908687176905,7.26833195526844
2053,ais,joint,2.3252480529560597,1.7279242375446406,8.034196387331036
2054,ais,joint,2.3913034153559134,1.768704317340018,8.802957364483118
2055,ais,joint,2.4574811151686786,1.807507934700682,9.578036608768109
2056,ais,joint,2.5251955964023463,1.8473404997679146,10.474384449572094
2057,ais,joint,2.5952726628086067,1.8902971551585432,11.40049559296692
2058,ais,joint,2.663243619697264,1.9335656548108893,12.418424885806848
2059,ais,joint,2.7372766612803625,1.976299243475821,13.287760076595267
2060,ais,joint,2.814077734582649,2.017791579928246,14.15790897785711
2061,ais,joint,2.8976203271250967,2.0631641987042677,15.105710115671776
2062,ais,joint,2.9805083907046903,2.1047087101209256,15.911633329141079
2063,ais,joint,3.0612852321980317,2.1408524654542775,16.707964288369254
2064,ais,joint,3.1431656535908536,2.182926173832517,17.530850244077552
2065,ais,joint,3.2208730415408873,2.225705659195497,18.559829220378088
2066,ais,joint,3.30286562232435,2.267620083734386,19.607392827646255
2067,ais,joint,3.389717034526484,2.310771296108981,20.375934655588676
2068,ais,joint,3.4798418464802934,2.3586144542343086,21.21780869562485
2069,ais,joint,3.559454766451787,2.4010457449700735,22.103002829751198
2070,ais,joint,3.654700597391403,2.4435960814128053,23.213577460962306
2071,ais,joint,3.740270032591531,2.4881712812420846,24.077303243912112
2072,ais,joint,3.8519211695299234,2.535506202929425,24.97341062357916
2073,ais,joint,3.9480204480924677,2.5792161798649005,26.102547787716077
2074,ais,joint,4.0418782014756545,2.6238922493665044,27.028556006442457
2075,ais,joint,4.131147332155729,2.6687580185186714,27.88768986276138
2076,ais,joint,4.226463216959602,2.7155160729255323,29.030425080450843
2077,ais,joint,4.319797324368734,2.759411675344519,30.239221255917847
2078,ais,joint,4.451384832304491,2.8055513428776915,31.23520947097197
2079,ais,joint,4.579024715220558,2.862878063069867,32.44514716351976
2080,ais,joint,4.706122521930077,2.902126502689341,33.59325229904866
2081,ais,joint,4.834957679274232,2.952286380197739,34.673433692955214
2082,ais,joint,4.952498910438416,2.9944044011759363,35.83126315897524
2083,ais,joint,5.098845549828554,3.0363224107422195,36.96863671502345
2084,ais,joint,5.215602894697486,3.0796957809665964,38.19264261638534
2085,ais,joint,5.329386261901544,3.124474512497781,39.38377167212447
2086,ais,joint,5.422940162028404,3.1824426661995577,40.47415586985815
2087,ais,joint,5.529915253872091,3.227026036870876,41.60549230486732
2088,ais,joint,5.666768521078472,3.270259494893917,42.84427535606875
2089,ais,joint,5.792690238406262,3.314276353123973,44.331956841815945
2090,ais,joint,5.930757189155452,3.3597624920747773,45.472642134256745
2091,ais,joint,6.071060543672935,3.407768898446456,46.87121966784047
2092,ais,joint,6.235775105401498,3.4574728636272116,47.85097867429407
2093,ais,joint,6.397779322861849,3.504554737599122,49.45831829652076
2094,ais,joint,6.53790331860564,3.5490470806332257,50.542972633865155
2095,ais,joint,6.688849994974468,3.604807366263427,51.90510565732934
2096,ais,joint,6.873732556045253,3.647889257049782,53.058493133887445
2097,ais,joint,7.021750569729445,3.6927120893659082,54.37993982793828
2098,ais,joint,7.154397965476455,3.7372906282077127,55.479316884016505
2099,ais,joint,7.300356007322464,3.788196255932618,56.55307198365769
2100,ais,joint,7.458080664578717,3.830874208458036,57.733604852423476
2101,ais,joint,7.615397338356294,3.873749352458468,59.0301222857265
2102,ais,joint,7.801881178211281,3.919190818822942,60.1944013912169
2103,ais,joint,7.971275055229242,3.960230045923833,61.35463066084966
2104,ais,joint,8.207028143914311,4.00367148849778,62.50966926349115
2105,ais,joint,8.32969935957751,4.045511076012039,63.64987389910902
2106,ais,joint,8.55003148045058,4.0882204978591,64.82700747704217
2107,ais,joint,8.734015093360263,4.133073380298457,65.99159777534663
2108,ais,joint,8.886485968252419,4.175822282063735,67.1476588199123
2109,ais,joint,9.069333428611113,4.223105121417406,68.30165591177085
2110,ais,joint,9.262317334023212,4.265908353545616,69.46648398652695
2111,ais,joint,9.42477304711856,4.318398703161611,70.6487875747258
2112,ais,joint,9.723702111261362,4.359595875899202,72.25409080504845
2113,ais,joint,9.917343169014321,4.404043985014343,73.29626104461396
2114,ais,joint,10.056544756631299,4.450825303507936,74.3018251815184
2115,ais,joint,10.68005858756009,4.5131492624874365,75.43886652358539
2116,ais,joint,11.034324651603505,4.557205403364234,76.86681584238049
2117,ais,joint,11.310475228698357,4.602254469567925,78.44420843727771
2118,ais,joint,11.89328596283662,4.6530651458840735,79.71899406298073
2119,ais,joint,12.0993856876755,4.70383932954177,81.04098408377767
2120,ais,joint,12.649942057348955,4.755637185723326,82.18604224662813
2121,ais,joint,12.89290838022647,4.806515796334964,83.47308953762229
2122,ais,joint,13.325733341505217,4.855792164706868,84.78147391637893
2123,ais,joint,13.705526942797327,4.908196872396775,86.10986811188792
2124,ais,joint,14.262245253735,4.970023854410711,87.34756924717387
2125,ais,joint,14.824872942840944,5.018987046180444,88.29599919026859
2126,ais,joint,16.17114673013747,5.065313857333371,89.44494559232416
2127,ais,joint,17.214092398259396,5.111317331041299,90.51303277217954
2128,ais,joint,18.14223007565557,5.157188679098003,92.31374897896293
2129,ais,joint,18.98875724249234,5.2048334604349975,93.88563601680434
2130,ais,joint,20.043079252287733,5.2543435183807,94.95803925531297
2131,ais,joint,20.728577633855764,5.299141648114162,96.02682598691071
2132,ais,joint,21.552483593891708,5.344080859224243,97.09500718656598
2133,ais,joint,22.070075701850406,5.38915491382795,98.32720295954717
2134,ais,joint,22.799353184976216,5.4356163937304585,99.80521802056938
2135,ais,joint,23.713177620032745,5.483669031796624,101.2644077650317
2136,ais,joint,24.49455600068473,5.5317537635068,102.41706485803721
2137,ais,joint,25.365022854171862,5.5798286516039735,103.49792954667599
2138,ais,joint,26.266841680635792,5.62788650868988,104.55674506239937
2139,ais,joint,27.050386414996677,5.675939162224998,105.8738445735189
2140,ais,joint,27.691939585934854,5.7239937518549295,107.01098485443133
2141,ais,joint,28.482920421670194,5.772063689725177,108.29067460420264
2142,ais,joint,29.49010507269864,5.820177437394672,109.49172860346631
2143,ais,joint,30.227083142340298,5.8683561615510875,110.900591929074
2144,ais,joint,30.871320435726673,5.916588574189421,112.21223639347241
2145,ais,joint,32.13485384411313,6.013604691178936,113.51478472883056
2146,ais,joint,32.753792629927396,6.058102497791516,114.66551847297232
2147,ais,joint,33.748782128976615,6.102576915379947,116.13074415260206
2148,ais,joint,34.51884389378373,6.147033204433959,117.30922363257349
2149,ais,joint,35.37495156567796,6.19146904200164,118.64972105115133
2150,ais,joint,36.22688852929831,6.235882970793824,119.69824615680658
2151,ais,joint,36.899976061315385,6.285298480734343,120.98945382646932
2152,ais,joint,37.65039665565301,6.329179908168851,122.32389409550392
2153,ais,joint,38.55504954064743,6.37306802753937,123.65840349861868
2154,ais,joint,39.381401542310954,6.4169828124345365,124.96158392448548
2155,ais,joint,40.07826844273589,6.518191534913857,126.19855786360162
2156,ais,joint,40.72657362471672,6.5638299155269015,127.36043031438614
2157,ais,joint,41.274227285970014,6.60948415792544,128.6790047382584
2158,ais,joint,42.236363037558164,6.655354314995581,130.18573894027776
2159,ais,joint,42.781535026464184,6.719535099625793,131.60563101153548
2160,ais,joint,43.3865681981211,6.765886061236856,133.01951286092694
2161,ais,joint,44.070727689771545,6.8121824121340895,134.383488550975
2162,ais,joint,44.751483317136646,6.858452040704335,135.74704103655355
2163,ais,joint,45.55757766545124,6.904740599746836,137.06150079258538
2164,ais,joint,46.165818661552706,6.951108057999086,138.39917745311664
2165,ais,joint,47.01684625817906,6.997590577599187,139.66799873880035
2166,ais,joint,47.78970482247665,7.044126898011533,140.9780964901707
2167,ais,joint,48.77997704091972,7.090687015978846,142.28841314372767
2168,ais,joint,49.76984292967256,7.137212850740993,143.6676002725571
2169,ais,joint,50.7372396783764,7.183662418755725,145.15136443038196
2170,ais,joint,51.35150084170431,7.230040435022717,146.64336409495945
2171,ais,joint,51.983600523454854,7.276361488882106,147.8590131057594
2172,ais,joint,52.6046136275973,7.322646462283564,149.14292489517783
2173,ais,joint,53.41365874244627,7.368928906523235,150.67818156766347
2174,ais,joint,54.09512422657187,7.415265851892305,152.18841931140702
2175,ais,joint,54.76862378599081,7.461674622288706,153.4441751748846
2176,ais,joint,55.36669127971935,7.592493405151604,154.6915261834693
2177,ais,joint,56.310673854277596,7.638012185628416,156.05128192083464
2178,ais,joint,57.09499567289343,7.683104652341884,157.43528519280568
2179,ais,joint,57.65937364805042,7.728116655667399,158.809500551119
2180,ais,joint,58.189740252813344,7.773048327673678,160.26926906377466
2181,ais,joint,58.97040342084403,7.8179017541225,161.61244566594468
2182,ais,joint,59.6747361784975,7.8626870759405385,163.0537751976431
2183,ais,joint,60.44146545441453,7.907413596649934,164.5658345705598
2184,ais,joint,61.298438237037885,7.966475190782262,166.05419567521474
2185,ais,joint,62.1569458371651,8.01286034868712,167.3566931243574
2186,ais,joint,62.91140136797378,8.059253398201404,168.6496630202266
2187,ais,joint,63.60533627556089,8.105703858377778,169.94593197498529
2188,ais,joint,64.33650480855195,8.15219533549489,171.21770581702734
2189,ais,joint,65.32986180578926,8.209168493393573,172.40158859474465
2190,ais,joint,66.13383790576857,8.254550397003818,173.58607977036618
2191,ais,joint,66.81047248283112,8.299880272439188,174.7705624980034
2192,ais,joint,67.67900021588082,8.375289715001225,175.96439481687722
2193,ais,joint,68.33392111373999,8.421269296378682,177.60620935391998
2194,ais,joint,69.04175413528017,8.467200451849045,179.01893612689884
2195,ais,joint,69.70576352459648,8.513096984608726,180.27981629821736
2196,ais,joint,70.44873249959966,8.558981537831754,181.5402799519786
2197,ais,joint,71.36734868773333,8.60495838779825,182.80046555208943
2198,ais,joint,72.22004417349879,8.65102651957333,184.06049841067605
2199,ais,joint,73.10910764708517,8.75518044391339,185.3204029122967
2200,ais,joint,73.88398519060723,8.800602069011912,186.63567927588406
2201,ais,joint,74.56369938781562,8.845989152761,187.9748425445186
2202,ais,joint,75.39691249306875,8.89132240147765,189.3136725938032
2203,ais,joint,76.18405674603436,8.936606102550732,190.6520635926177
2204,ais,joint,76.76355663334841,8.981848618792768,191.9900532319445
2205,ais,joint,77.4660786248764,9.027045339824149,193.27793404782506
2206,ais,joint,78.24212360662048,9.072200808547839,194.55715232355627
2207,ais,joint,79.00203445405076,9.11731856314399,195.8357918532767
2208,ais,joint,79.8034512944462,9.162410175459868,197.11396598165976
2209,ais,joint,80.5643736656751,9.207495835431281,198.39188953574475
2210,ais,joint,81.13145491868323,9.25258751193738,199.66973914969344
2211,ais,joint,81.78630542693021,9.297684408679258,200.94757518941853
2212,ais,joint,82.4424203065315,9.344222428664516,202.2252822068238
2213,ais,joint,82.916471815469,9.3920811198586,203.50273545329867
2214,ais,joint,83.67313459699778,9.439881177733092,204.779743981068
2215,ais,joint,84.34967002601184,9.487609905734283,206.2097519054022
2216,ais,joint,85.0668614048607,9.535230805029231,207.50954126292496
2217,ais,joint,85.74247535562772,9.582738738650649,208.8086149635552
2218,ais,joint,86.4101359594311,9.630169760727606,210.1070473314913
2219,ais,joint,87.07878697603385,9.67755236692158,211.39765304723338
2220,ais,joint,87.69173818722308,9.724937212809685,212.84484265660134
2221,ais,joint,88.33287966387053,9.77238219826349,214.37348774330633
2222,ais,joint,89.1392440830484,9.819900489940483,215.9019265636533
2223,ais,joint,89.81096029607615,9.867517655407095,217.4302095540823
2224,ais,joint,90.62197239329694,9.915146957938653,218.79154837420685
2225,ais,joint,91.62823614706537,9.962695201609026,220.14232138467014
2226,ais,joint,92.59399368189652,10.010132268803313,221.49266614216137
2227,ais,joint,93.3512297321428,10.057434826518392,222.84235105880418
2228,ais,joint,94.10466267296404,10.104629728436192,224.19143213044794
2229,ais,joint,95.07751439837517,10.151729191385062,225.53997978966623
2230,ais,joint,95.76342404653386,10.198800736547938,226.88562738994878
2231,ais,joint,96.5111340646005,10.246121514976334,228.21786334411547
2232,ais,joint,97.30694136870848,10.293485041275988,229.55052608727027
2233,ais,joint,97.96759566041419,10.34085967662615,230.8835428769906
2234,ais,joint,98.79432095484053,10.388241308095743,232.2168869762253
2235,ais,joint,99.60051420335478,10.435581216706034,233.55030227307037
2236,ais,joint,100.77978043588868,10.48284481583612,235.07753074609545
2237,ais,joint,101.66575134873264,10.529988901820822,236.60016294520014
2238,ais,joint,102.43331699652286,10.57701852189186,238.0267467656317
2239,ais,joint,102.85433094666598,10.623887464814384,239.56169350533136
2240,ais,joint,103.519124396753,10.66801770594364,241.0960144523753
2241,ais,joint,104.13005129028998,10.71210091893566,242.6112218479135
2242,ais,joint,104.7199516482124,10.75624590044456,243.92582562407316
2243,ais,joint,105.25157586455065,10.800489245876003,245.1623121189227
2244,ais,joint,106.0384620995042,10.84474113008601,246.39244911756532
2245,ais,joint,106.9395207331788,10.888929289579211,247.62244789076578
2246,ais,joint,108.03890257252803,10.93313663019496,248.85215405438674
2247,ais,joint,108.76787268357083,10.981891741938623,250.0814488942431
2248,ais,joint,109.34658844271311,11.027175134917544,251.3103327518116
2249,ais,joint,109.92514188172845,11.071048413608544,252.7435813040638
2250,ais,joint,110.60496414906967,11.114845849634744,254.17808440039357
2251,ais,joint,111.4106048526674,11.158572292764957,255.61196234863627
2252,ais,joint,112.08998111344391,11.202235083070022,257.0452224614027
2253,ais,joint,112.66754716229767,11.245855473696011,258.47788687791615
2254,ais,joint,113.21504609048513,11.289461600719658,259.76713812070767
2255,ais,joint,113.80365584509346,11.33307265746581,261.0496271810349
2256,ais,joint,114.57357401778012,11.376898316736604,262.48013751574985
2257,ais,joint,115.47231072264032,11.420756165147898,263.91639146375957
2258,ais,joint,116.21333598402057,11.464579565454368,265.4190474788908
2259,ais,joint,116.95402785120977,11.51078754533724,267.0870765110675
2260,ais,joint,117.73443000838736,11.558626948229634,268.55179313540793
2261,ais,joint,118.36536122419258,11.604265068188967,269.99916323387606
2262,ais,joint,119.0316877162339,11.647931936333999,271.4458845802634
2263,ais,joint,119.75082484080708,11.69156321654086,272.8919832410608
2264,ais,joint,120.5982403873237,11.735169180969196,274.3374788594237
2265,ais,joint,121.33180122138036,11.778767677475328,275.7707368765208
2266,ais,joint,121.9577505228946,11.822378077431722,277.1966904879881
2267,ais,joint,122.38575755766848,11.866002963680522,278.61929757428885
2268,ais,joint,123.16053447371166,11.909639729824463,280.040001787387
2269,ais,joint,123.76208316408608,11.953251927749568,281.46011662370336
2270,ais,joint,124.36159932986703,11.996816856933274,282.87960177195646
2271,ais,joint,124.98982179165404,12.040328662390362,284.2984463470552
2272,ais,joint,125.57646673932803,12.083789685925357,285.58753914913706
2273,ais,joint,126.22340718486119,12.127204634542192,286.81702411674587
2274,ais,joint,127.01002592632679,12.170584870814771,288.07982169596625
2275,ais,joint,127.87996790730094,12.213952054372465,289.4948337746067
2276,ais,joint,128.50938069676448,12.257323692383201,290.9099902818951
2277,ais,joint,129.18634170393318,12.300701640602897,292.32555524122245
2278,ais,joint,129.7650681373128,12.344070041003235,293.71648080166636
2279,ais,joint,130.31970383700303,12.38741626578608,295.13120889449397
2280,ais,joint,130.98114014754753,12.430729590183883,296.50004483735114
2281,ais,joint,131.66661262560967,12.473995077640478,297.8086824654339
2282,ais,joint,132.41072765583831,12.517213924971612,299.1165063507999
2283,ais,joint,133.02944837926117,12.56039699981409,300.4235820323339
2284,ais,joint,133.64777003513214,12.603550678677001,301.7300079050712
2285,ais,joint,134.26583452780974,12.646688320266223,303.0249765911544
2286,ais,joint,134.88388847114783,12.689832769477345,304.4459721547862
2287,ais,joint,135.46917339926557,12.732997496975267,305.7611326332461
2288,ais,joint,136.12054990979306,12.776170133349014,306.96222761700074
2289,ais,joint,136.8635664083771,12.819331655799107,308.2470163268081
2290,ais,joint,137.64972388752187,12.862447796406816,309.55823016009623
2291,ais,joint,138.28091048029523,12.905518023500033,310.8688543164824
2292,ais,joint,138.90152882660254,12.948545783655623,312.17874604210067
2293,ais,joint,139.49878463628278,12.99152735397023,313.4857977029175
2294,ais,joint,140.09569412149543,13.034468967985703,314.78949658205175
2295,ais,joint,140.73082057823578,13.077386813089394,316.08179352921957
2296,ais,joint,141.38535990488197,13.120306200149333,317.37381773591227
2297,ais,joint,142.09963332641428,13.16323829416944,318.6660586459523
2298,ais,joint,142.7202954419303,13.206185715192404,319.95876123372324
2299,ais,joint,143.39663370992105,13.249131462986217,321.25179241394824
2300,ais,joint,144.10273423912,13.292045994589998,322.54469107908756
1990,te,fixed,-1.4247578765136617,-1.583135217297057,-1.265192397403726
1991,te,fixed,-1.313316643953554,-1.4593060791443988,-1.1662320038403242
1992,te,fixed,-1.311440103205094,-1.4572209404730831,-1.1645656259051624
1993,te,fixed,-1.4832322407154128,-1.6481096433401468,-1.3171179366484025
1994,te,fixed,-1.4676557619796389,-1.6308016695050247,-1.3032859425954588
1995,te,fixed,-1.340772924172906,-1.4898144236622726,-1.1906133233382812
1996,te,fixed,-1.2031024018843652,-1.336840324826625,-1.068361184208316
1997,te,fixed,-1.0647299882586245,-1.1830863117943586,-0.945485761923881
1998,te,fixed,-0.924762822249936,-1.027560272299259,-0.8211941912370353
1999,te,fixed,-0.7784937111363839,-0.8650317579293435,-0.6913064605520858
2000,te,fixed,-0.6260162205159975,-0.6956047351169514,-0.5559056566062506
2001,te,fixed,-0.46888714095447737,-0.5210090486386187,-0.41637421751097464
2002,te,fixed,-0.31862934891266725,-0.35404846805438106,-0.2829445174364966
2003,te,fixed,-0.1665345390814773,-0.1850466651648595,-0.14788353601988177
2004,te,fixed,-0.030898991123807673,-0.03433375019954141,-0.0274384646694821
2005,te,fixed,0.0983910582515517,0.0873717709685369,0.1093282949705902
2006,te,fixed,0.21689967099894736,0.1926080348604456,0.24101042951860877
2007,te,fixed,0.3378894292791066,0.30004756887751133,0.37544951592273396
2008,te,fixed,0.4618706438566592,0.4101435316303063,0.5132125915417827
2009,te,fixed,0.5939586560291777,0.5274383727704522,0.6599836235186477
2010,te,fixed,0.7337303769747568,0.651556387225722,0.8152924921052334
2011,te,fixed,0.8848708868482523,0.7857699453213495,0.9832339142130129
2012,te,fixed,1.035001856300064,0.9190870262769371,1.1500535744964164
2013,te,fixed,1.1958987353769084,1.061964290919354,1.3288358924036772
2014,te,fixed,1.3643167743752174,1.2115203846520715,1.5159754289955105
2015,te,fixed,1.5359690140219282,1.3639484653655163,1.7067086828291953
2016,te,fixed,1.7106668612644875,1.5190810614490895,1.9008260966823027
2017,te,fixed,1.8824281674436394,1.6716059938100534,2.091680540980264
2018,te,fixed,2.056808366852132,1.8264565169664735,2.285444996986218
2019,te,fixed,2.233480600555172,1.9833423784858897,2.481756271838214
2020,te,fixed,2.3999787958320873,2.1311936410184775,2.6667625531891765
2021,te,fixed,2.5782478206245587,2.289497461322256,2.8648481198348987
2022,te,fixed,2.759746635515368,2.450669352015388,3.066522502891776
2023,te,fixed,2.9486104261653834,2.618381379451199,3.276380558901891
2024,te,fixed,3.143714313612233,2.7916346452662197,3.493172366366384
2025,te,fixed,3.340613280547676,2.9664819509943676,3.7119587959369102
2026,te,fixed,3.5368474817822078,3.1407389413259748,3.930006563865544
2027,te,fixed,3.722259545643155,3.3053858174378785,4.136029196095703
2028,te,fixed,3.9019328643072164,3.4649366579963568,4.335675159156981
2029,te,fixed,4.083325103324862,3.6260139087603487,4.537231119272739
2030,te,fixed,4.262554429559609,3.785170481734606,4.736383735315098
2031,te,fixed,4.443393557292606,3.9457565668038583,4.937325099808508
2032,te,fixed,4.622841917321292,4.105107642925236,5.136721097634312
2033,te,fixed,4.807657005222028,4.269224401282576,5.342080393530579
2034,te,fixed,4.998400339144459,4.4386054729104245,5.554026924499173
2035,te,fixed,5.196063154489597,4.614131079995345,5.773662112541576
2036,te,fixed,5.396831802951272,4.792414683025701,5.9967483808460305
2037,te,fixed,5.599713558306405,4.972574735957177,6.222182650867894
2038,te,fixed,5.807086213620549,5.156722731387024,6.452607033244751
2039,te,fixed,6.0157057275415395,5.341977943738445,6.684416876129691
2040,te,fixed,6.21789562038815,5.521523619167428,6.909082375597045
2041,te,fixed,6.421797797590733,5.702589812001561,7.135650498457925
2042,te,fixed,6.626461011210191,5.884331809128237,7.3630642552142636
2043,te,fixed,6.83413177980411,6.068744530699527,7.593819889405722
2044,te,fixed,7.045912626159424,6.256807022678948,7.829142481223558
2045,te,fixed,7.2601023715986965,6.447008629561596,8.0671417474698
2046,te,fixed,7.482135439768605,6.64417514778305,8.313856207111483
2047,te,fixed,7.707293267494812,6.844116468726789,8.564042777334699
2048,te,fixed,7.934213107469295,7.045622465702432,8.81618722664006
2049,te,fixed,8.162351102258325,7.248210190482942,9.069685241922368
2050,te,fixed,8.390140904449186,7.450488718427063,9.32279635921053
2051,te,fixed,8.617029439794024,7.651966916728921,9.574906024036036
2052,te,fixed,8.844857967079626,7.85427983275839,9.82806017113459
2053,te,fixed,9.071617151170445,8.05564316647457,10.080026105906722
2054,te,fixed,9.2984329132947,8.25705674177842,10.332054907976334
2055,te,fixed,9.526587300530387,8.459659023136735,10.58557113790411
2056,te,fixed,9.755138185421185,8.662613396472997,10.839527940515659
2057,te,fixed,9.990155410729148,8.871309913698887,11.100669887642075
2058,te,fixed,10.230403214297198,9.08465121159788,11.367623848716175
2059,te,fixed,10.471188811464163,9.298470073007094,11.635175384999446
2060,te,fixed,10.711467396170697,9.511838704717002,11.902163548870504
2061,te,fixed,10.949806389963012,9.723484969616944,12.166996515192512
2062,te,fixed,11.183014647549825,9.930575114107032,12.42612840815217
2063,te,fixed,11.415948428480885,10.13742152190063,12.684955313389203
2064,te,fixed,11.648693496241215,10.344100351418062,12.94357252793319
2065,te,fixed,11.880593896252552,10.550029111585483,13.201251180717042
2066,te,fixed,12.113918917270727,10.757222942609324,13.460512816633964
2067,te,fixed,12.345590761462432,10.962948744021334,13.717937507131916
2068,te,fixed,12.580938828478274,11.171939050402878,13.979447072621932
2069,te,fixed,12.820494921524698,11.38466610576453,14.245632432023415
2070,te,fixed,13.06402321434616,11.60092049516602,14.51623154442649
2071,te,fixed,13.307938618997401,11.81751864188379,14.787260800351394
2072,te,fixed,13.551343808246415,12.033663714673295,15.057723124880452
2073,te,fixed,13.79609510925073,12.251004141695923,15.32968119613347
2074,te,fixed,14.034853917736898,12.463023204225372,15.594980644120561
2075,te,fixed,14.272818990344806,12.67433742517066,15.859398123849877
2076,te,fixed,14.508207265895342,12.883363436939932,16.120952367490727
2077,te,fixed,14.742367205690574,13.09129868017605,16.381141732491532
2078,te,fixed,14.976073465124495,13.298831052893997,16.640826985622372
2079,te,fixed,15.209424724029944,13.50604818329807,16.900117776053232
2080,te,fixed,15.448899449449636,13.718702983784397,17.166212722930908
2081,te,fixed,15.693442527843285,13.935858508046827,17.437939425364412
2082,te,fixed,15.94097257117465,14.155666472694254,17.71298512638967
2083,te,fixed,16.188858858438266,14.375790783804566,17.988426671736534
2084,te,fixed,16.429475155707244,14.589459306024684,18.255790088596004
2085,te,fixed,16.66341360668089,14.797197866036374,18.515733343882683
2086,te,fixed,16.894292264895306,15.002219314179143,18.7722766771513
2087,te,fixed,17.12306195762742,15.205367990015423,19.02647661047658
2088,te,fixed,17.351501083430747,15.408223120701308,19.280309230762033
2089,te,fixed,17.580743493651358,15.611791572123618,19.535034429268293
2090,te,fixed,17.810324309272573,15.815660529300024,19.79013565061764
2091,te,fixed,18.042442130148796,16.021782360325183,20.04805589296127
2092,te,fixed,18.278691822389717,16.23157331459145,20.31056730913073
2093,te,fixed,18.512988873265087,16.439630313179162,20.570909026600138
2094,te,fixed,18.746614436266512,16.64709102704575,20.83050461301195
2095,te,fixed,18.9807439007998,16.854999208090913,21.090660115093847
2096,te,fixed,19.207865816436655,17.05668464930473,21.34302910297025
2097,te,fixed,19.425342705629138,17.24980525692027,21.58468091476532
2098,te,fixed,19.641313675873647,17.441588600685233,21.824659408335428
2099,te,fixed,19.856348760846757,17.632540873466326,22.063597982802847
2100,te,fixed,20.070655574252875,17.822846437311817,22.301727330394268
2101,te,fixed,20.2851650145058,18.013331934850125,22.5400818290113
2102,te,fixed,20.502850180171023,18.206637493055666,22.78196506947532
2103,te,fixed,20.72467103734533,18.40361556681037,23.028443728560166
2104,te,fixed,20.941222280932955,18.59591419631913,23.269066999169446
2105,te,fixed,21.156247719468382,18.78685790301343,23.50799485489266
2106,te,fixed,21.369703088185133,18.97640737955065,23.745178110452915
2107,te,fixed,21.580091513190197,19.163233394136014,23.978953498136462
2108,te,fixed,21.78351727864824,19.343876530865558,24.204992250903555
2109,te,fixed,21.98500120263775,19.52279530228121,24.428873305393683
2110,te,fixed,22.18346091254561,19.6990285558785,24.649393971500473
2111,te,fixed,22.38307120682892,19.87628353437965,24.87119312195557
2112,te,fixed,22.58216993741778,20.053084241662027,25.092423842845246
2113,te,fixed,22.782733333287855,20.23118557932455,25.315282042499184
2114,te,fixed,22.988035518759343,20.413494986775934,25.54340579978157
2115,te,fixed,23.189960831577572,20.592805713764943,25.767777308271487
2116,te,fixed,23.39288246848599,20.773001181722965,25.993255893115233
2117,te,fixed,23.5941212288998,20.95170224660952,26.2168645314306
2118,te,fixed,23.789329905829355,21.12504856602967,26.433772776869013
2119,te,fixed,23.980293066095054,21.29462484459256,26.645963570270865
2120,te,fixed,24.16961767722535,21.462746083009293,26.85633367197184
2121,te,fixed,24.357739910674514,21.629799603797608,27.065367738629337
2122,te,fixed,24.545334584196997,21.796384648629818,27.273815601333922
2123,te,fixed,24.735661754002642,21.965396164359564,27.485299707015862
2124,te,fixed,24.92919051316696,22.137250708075317,27.700341293550228
2125,te,fixed,25.123728462082106,22.31000141753356,27.91650425225723
2126,te,fixed,25.31374523502379,22.47873729923528,28.127643457086347
2127,te,fixed,25.50530058321541,22.648839443753403,28.340492266545688
2128,te,fixed,25.694601228148045,22.816939400062083,28.550835737945352
2129,te,fixed,25.880360472510656,22.981894574263414,28.757244143567615
2130,te,fixed,26.059353726716374,23.140841514049264,28.956134445606217
2131,te,fixed,26.239126911713182,23.30048103643013,29.155891376229775
2132,te,fixed,26.416589707742965,23.458068921403466,29.353081093013248
2133,te,fixed,26.59577680057883,23.61718799090007,29.552186780954894
2134,te,fixed,26.77665604314447,23.777809698149145,29.753172719481086
2135,te,fixed,26.961595545606414,23.9420369372833,29.958670259970795
2136,te,fixed,27.144980923705436,24.10488410590793,30.162440918264203
2137,te,fixed,27.32866419205753,24.26799580262513,30.366542580553652
2138,te,fixed,27.51107428995008,24.429976917358847,30.569229545633597
2139,te,fixed,27.688088277301404,24.5871662578937,30.765920563770514
2140,te,fixed,27.86625228116946,24.745376819070902,30.963889435273323
2141,te,fixed,28.039999123697868,24.899664918026883,31.156950129890415
2142,te,fixed,28.213113509874873,25.053391392456554,31.34930806375087
2143,te,fixed,28.384681180956047,25.205744375844382,31.539947348302768
2144,te,fixed,28.554856611567722,25.356861042461194,31.72903962970799
2145,te,fixed,28.724898993122842,25.507859560824464,31.91798407220632
2146,te,fixed,28.895320482158564,25.659194728600358,32.10734976410679
2147,te,fixed,29.06572743438279,25.810516987612107,32.296699303271
2148,te,fixed,29.23438777018631,25.960288242166833,32.48410807059438
2149,te,fixed,29.403366359530164,26.11034210751902,32.67187046880202
2150,te,fixed,29.57125961787446,26.25943219330421,32.858426889659995
2151,te,fixed,29.738202573425106,26.40767840527085,33.04392737122856
2152,te,fixed,29.902620468006752,26.55368234997677,33.226622103826195
2153,te,fixed,30.066634318977307,26.699327501856626,33.40886787896896
2154,te,fixed,30.22797564740327,26.842599439830423,33.58814405160656
2155,te,fixed,30.39064343353007,26.987049279134855,33.76889413215164
2156,te,fixed,30.554172435963007,27.132263882994025,33.950601162566194
2157,te,fixed,30.720923668861868,27.280339844249685,34.13588860942409
2158,te,fixed,30.890626040654983,27.4310364321776,34.324455246375706
2159,te,fixed,31.0607966337915,27.582148803091336,34.51354215256777
2160,te,fixed,31.230465021973806,27.73281521339627,34.70207102826047
2161,te,fixed,31.398357341387392,27.881904465406105,34.88862640581538
2162,te,fixed,31.55826157471724,28.023900255467385,35.06630573459987
2163,te,fixed,31.717835566619556,28.165602789425087,35.2436181120288
2164,te,fixed,31.87328993448703,28.303647075834228,35.416352924385734
2165,te,fixed,32.02905362752179,28.441966044599177,35.58943144676807
2166,te,fixed,32.18312975094942,28.578786442784363,35.760634807818974
2167,te,fixed,32.33636085375886,28.714856458269857,35.930899215015295
2168,te,fixed,32.49320079567164,28.854131141630685,36.10517362304911
2169,te,fixed,32.65631730757927,28.998979451760082,36.28642231012816
2170,te,fixed,32.82586025385123,29.149534468996826,36.474811799677234
2171,te,fixed,32.99252289551005,29.29753176077101,36.66000080741479
2172,te,fixed,33.15751219339792,29.444043114581877,36.84333046101357
2173,te,fixed,33.31237887642032,29.581565533794972,37.015412260960304
2174,te,fixed,33.466035941194605,29.718013805718556,37.18614998042876
2175,te,fixed,33.61588427852037,29.851079907877647,37.35265559094998
2176,te,fixed,33.76078804892953,29.979755208922775,37.51366699213992
2177,te,fixed,33.90478553722501,30.10762572674189,37.67367136809797
2178,te,fixed,34.04904941719932,30.235732801755997,37.83397174806858
2179,te,fixed,34.193802384982106,30.364274189285325,37.99481558327933
2180,te,fixed,34.34278462072889,30.49657118874201,38.16035881560701
2181,te,fixed,34.49466914488603,30.631445435387423,38.32912695728169
2182,te,fixed,34.646913635994416,30.766639334555936,38.49829508015106
2183,te,fixed,34.79643884140256,30.899418493893183,38.66444163912601
2184,te,fixed,34.94153067620991,31.028260797101083,38.825662010118336
2185,te,fixed,35.085651438038894,31.156240782458486,38.985803362804475
2186,te,fixed,35.226291851405655,31.28113020029751,39.14207748842712
2187,te,fixed,35.36309769743086,31.402614502412757,39.29409079282419
2188,te,fixed,35.49952897546376,31.52376618620459,39.44568789192096
2189,te,fixed,35.6351593502244,31.644206663729147,39.59639505863211
2190,te,fixed,35.77127331747591,31.765076573898348,39.74763957440147
2191,te,fixed,35.912119262408936,31.890148504836148,39.90414207866035
2192,te,fixed,36.05554913344744,32.01751497558173,40.063515740527066
2193,te,fixed,36.197361629844735,32.14344520924202,40.22109223896253
2194,te,fixed,36.3383206763836,32.26861757499349,40.377720417301404
2195,te,fixed,36.479389347105666,32.393887287589244,40.53447040574426
2196,te,fixed,36.612056276102905,32.5116962098778,40.681884707450116
2197,te,fixed,36.74618096062214,32.630799626644404,40.8309188100661
2198,te,fixed,36.87500992909245,32.745200420042956,40.97406852017155
2199,te,fixed,37.00329546920177,32.85911864623329,41.116614393940644
2200,te,fixed,37.13078446966567,32.97232954107967,41.25827518401558
2201,te,fixed,37.25648145649285,33.0839491185053,41.39794475863914
2202,te,fixed,37.3869977013329,33.19984822208728,41.542969304242106
2203,te,fixed,37.522806197058216,33.320446871954005,41.69387439200129
2204,te,fixed,37.661491368482714,33.44360002478883,41.84797592926477
2205,te,fixed,37.79869195807805,33.56543486124545,42.000427857275014
2206,te,fixed,37.934475536431854,33.68601138435678,42.15130525782572
2207,te,fixed,38.06019953065523,33.79765494449058,42.29100484201144
2208,te,fixed,38.18630708543196,33.90963910838873,42.431130623679536
2209,te,fixed,38.30446458718865,34.0145635838965,42.562422617429775
2210,te,fixed,38.42240638995115,34.119296517576686,42.69347493489562
2211,te,fixed,38.53982188464194,34.223562086954466,42.823942439420804
2212,te,fixed,38.65642414581627,34.327105500744075,42.95350631067538
2213,te,fixed,38.77465277137898,34.43209313456117,43.08487733441659
2214,te,fixed,38.893546146092646,34.53767106907835,43.21698700141003
2215,te,fixed,39.01052369691297,34.6415477420236,43.34696787983827
2216,te,fixed,39.12569897593479,34.743823988247165,43.47494614434707
2217,te,fixed,39.23908328571264,34.844509844476164,43.60093435389287
2218,te,fixed,39.352637810501754,34.94534685251962,43.727111699700544
2219,te,fixed,39.46417029961147,35.04438828237324,43.85104223856126
2220,te,fixed,39.575224377887864,35.14300488092105,43.97444118601894
2221,te,fixed,39.68647384447597,35.2417949853049,44.09805724132521
2222,te,fixed,39.796676567113536,35.33965557562176,44.22051019570119
2223,te,fixed,39.90520841129651,35.436032417189054,44.3411065353015
2224,te,fixed,40.013258975873036,35.53198187996509,44.4611680958303
2225,te,fixed,40.12229011590594,35.628802098841454,44.58231923344711
2226,te,fixed,40.231653929146646,35.725917733254946,44.70384002451859
2227,te,fixed,40.34046386721151,35.82254152363433,44.82474537116171
2228,te,fixed,40.44923669454961,35.919132359495514,44.94560948181698
2229,te,fixed,40.55801426776984,36.015727409724704,45.06647886591083
2230,te,fixed,40.66454395473832,36.11032632528228,45.18485048673675
2231,te,fixed,40.77106124646937,36.20491423380463,45.30320833445973
2232,te,fixed,40.87736326517809,36.29931097876459,45.42132697922158
2233,te,fixed,40.98132404128509,36.39162868812908,45.53684412679143
2234,te,fixed,41.082554121562794,36.48152152540843,45.64932703197781
2235,te,fixed,41.182254106530095,36.570055630101756,45.76010975511105
2236,te,fixed,41.280611568883614,36.657397567738265,45.86940071963397
2237,te,fixed,41.37899214087162,36.74476002685029,45.978717362678736
2238,te,fixed,41.483858653415,36.837882034876515,46.0952409291452
2239,te,fixed,41.59083007503885,36.93287321310333,46.21410338823996
2240,te,fixed,41.696085412973034,37.026340500096914,46.33105900227022
2241,te,fixed,41.799232461033554,37.117935614728005,46.44567196706705
2242,te,fixed,41.901730480561476,37.20895438864978,46.55956375674777
2243,te,fixed,42.002980613266224,37.29886503258853,46.67206894340666
2244,te,fixed,42.098376739154624,37.38357728805689,46.778069386694035
2245,te,fixed,42.19171736502455,37.466464248828444,46.88178583876996
2246,te,fixed,42.28266672326258,37.547227751517795,46.98284520779729
2247,te,fixed,42.37284152331859,37.627303442516904,47.08304391807269
2248,te,fixed,42.46377204184943,37.7080502154484,47.18408235315438
2249,te,fixed,42.560799470602554,37.7942110763369,47.29189543637012
2250,te,fixed,42.66105265465354,37.88323642469097,47.40329285268457
2251,te,fixed,42.76114462599108,37.972118615317825,47.51451113573832
2252,te,fixed,42.857654753472765,38.057820109989386,47.621749414017536
2253,te,fixed,42.94996739297643,38.13979421352626,47.72432360785706
2254,te,fixed,43.03742919273695,38.2174607461662,47.821507738333935
2255,te,fixed,43.121104017314394,38.2917644251664,47.91448393013002
2256,te,fixed,43.204240715384344,38.36559024503183,48.006862176801924
2257,te,fixed,43.28541398180593,38.4376725273915,48.09705873503364
2258,te,fixed,43.36486400912881,38.50822456447754,48.185340497390236
2259,te,fixed,43.443898436708395,38.57840754683208,48.273160461569915
2260,te,fixed,43.52391247320227,38.649460426992576,48.362068928853866
2261,te,fixed,43.60325309740024,38.719915313535225,48.45022912673778
2262,te,fixed,43.684528449247864,38.792088248283655,48.54053911830143
2263,te,fixed,43.764406463922086,38.863020340361516,48.629296443460404
2264,te,fixed,43.84271907472343,38.93256234566641,48.71631435307284
2265,te,fixed,43.92036575397269,39.00151300029285,48.802592305595184
2266,te,fixed,43.99441111998104,39.06726567004891,48.884868619723946
2267,te,fixed,44.06711388839767,39.131826106167374,48.965653091929845
2268,te,fixed,44.13976527057382,39.19634091103727,49.046380465755504
2269,te,fixed,44.21107513631574,39.25966444234306,49.12561719899822
2270,te,fixed,44.28201138002474,39.32265619534224,49.20443877805366
2271,te,fixed,44.353419602740544,39.38606706815188,49.28378480171811
2272,te,fixed,44.426060221562444,39.45057231510729,49.364500215725585
2273,te,fixed,44.498508550837684,39.51490680794611,49.44500196511097
2274,te,fixed,44.57031929530474,39.57867512216238,49.52479525519918
2275,te,fixed,44.641441938255646,39.641832398656916,49.603823953800486
2276,te,fixed,44.71346921673816,39.70579299620402,49.68385784801609
2277,te,fixed,44.78439402463492,39.76877459414253,49.76266672004432
2278,te,fixed,44.852802243470336,39.82952144791833,49.83867925675401
2279,te,fixed,44.920754976300316,39.8898638277546,49.91418567523261
2280,te,fixed,44.98786185497473,39.949455084705654,49.9887522136625
2281,te,fixed,45.055683379306636,40.009680950713864,50.064112838390784
2282,te,fixed,45.12264888311209,40.06914666604669,50.138522286596725
2283,te,fixed,45.19080714045829,40.12967155272126,50.21425707587784
2284,te,fixed,45.25785923322511,40.1892141595017,50.28876273835038
2285,te,fixed,45.32270695480615,40.246799273215245,50.360818989794055
2286,te,fixed,45.38562136713017,40.30266759826303,50.43072702362041
2287,te,fixed,45.44983184503258,40.3596868362788,50.50207519481671
2288,te,fixed,45.51383267822511,40.41651990870289,50.57319041701248
2289,te,fixed,45.57824121089245,40.47371502037904,50.64475865891589
2290,te,fixed,45.640607387418235,40.52909650918936,50.71405751456969
2291,te,fixed,45.70252330221183,40.584078163241934,50.78285605700046
2292,te,fixed,45.76328916252098,40.638038562936615,50.850376703877075
2293,te,fixed,45.82492006869488,40.69276712785399,50.91885855587889
2294,te,fixed,45.88668661322605,40.7476161403374,50.987491123917266
2295,te,fixed,45.9487702638623,40.80274674468982,51.05647604785476
2296,te,fixed,46.01294288529445,40.8597323659633,51.12778215442221
2297,te,fixed,46.079279585520766,40.91863970045058,51.20149290068918
2298,te,fixed,46.14765675357002,40.97935898096694,51.27747093497996
2299,te,fixed,46.214424247710085,41.03864886268805,51.35166036259167
2300,te,fixed,46.28167745893626,41.09837006370541,51.4263895000287
1990,te,joint,-1.4247578765136617,-1.583135217297057,-1.265192397403726
1991,te,joint,-1.313316643953554,-1.4593060791443988,-1.1662320038403242
1992,te,joint,-1.311440103205094,-1.4572209404730831,-1.1645656259051624
1993,te,joint,-1.4832322407154128,-1.6481096433401468,-1.3171179366484025
1994,te,joint,-1.4676557619796389,-1.6308016695050247,-1.3032859425954588
1995,te,joint,-1.340772924172906,-1.4898144236622726,-1.1906133233382812
1996,te,joint,-1.2031024018843652,-1.336840324826625,-1.068361184208316
1997,te,joint,-1.0647299882586245,-1.1830863117943586,-0.945485761923881
1998,te,joint,-0.924762822249936,-1.027560272299259,-0.8211941912370353
1999,te,joint,-0.7784937111363839,-0.8650317579293435,-0.6913064605520858
2000,te,joint,-0.6260162205159975,-0.6956047351169514,-0.5559056566062506
2001,te,joint,-0.46888714095447737,-0.5210090486386187,-0.41637421751097464
2002,te,joint,-0.31862934891266725,-0.35404846805438106,-0.2829445174364966
2003,te,joint,-0.1665345390814773,-0.1850466651648595,-0.14788353601988177
2004,te,joint,-0.030898991123807673,-0.03433375019954141,-0.0274384646694821
2005,te,joint,0.0983910582515517,0.0873717709685369,0.1093282949705902
2006,te,joint,0.21689967099894736,0.1926080348604456,0.24101042951860877
2007,te,joint,0.3378894292791066,0.30004756887751133,0.37544951592273396
2008,te,joint,0.4618706438566592,0.4101435316303063,0.5132125915417827
2009,te,joint,0.5939586560291777,0.5274383727704522,0.6599836235186477
2010,te,joint,0.7337303769747568,0.651556387225722,0.8152924921052334
2011,te,joint,0.8848708868482523,0.7857699453213495,0.9832339142130129
2012,te,joint,1.035001856300064,0.9190870262769371,1.1500535744964164
2013,te,joint,1.1958987353769084,1.061964290919354,1.3288358924036772
2014,te,joint,1.3643167743752174,1.2115203846520715,1.5159754289955105
2015,te,joint,1.279402750430342,0.8904341175718848,1.6920931320486357
2016,te,joint,1.4112232616152025,0.9759629444643982,1.87176249171399
2017,te,joint,1.5417928070681344,1.0626142602637423,2.048437796004617
2018,te,joint,1.676855254926203,1.157827761527506,2.2240896652578686
2019,te,joint,1.8132783418030871,1.2544114169345364,2.4114529128884707
2020,te,joint,1.9513201953479522,1.350213211089626,2.596884856972077
2021,te,joint,2.091166675261678,1.4460123743344102,2.7873328498894137
2022,te,joint,2.235265311757316,1.5445498766558812,2.9831354195184243
2023,te,joint,2.3817651171848784,1.6448636768279454,3.1851312280100004
2024,te,joint,2.530773080586388,1.736532845913717,3.3936766841432937
2025,te,joint,2.6815065728548397,1.8321047156179682,3.5950592141971254
2026,te,joint,2.8282105822108035,1.9280921381230804,3.8008209769395527
2027,te,joint,2.9731637862028486,2.026172983523162,4.003309052958353
2028,te,joint,3.1184702041016936,2.105882092920932,4.205005858274349
2029,te,joint,3.263426825356335,2.189426071736262,4.416037030575114
2030,te,joint,3.4071697899256685,2.2741528500501054,4.6203343670824095
2031,te,joint,3.555698137355157,2.3658829965109707,4.8385588619287
2032,te,joint,3.7047721767037682,2.457695563727051,5.045248499237919
2033,te,joint,3.8549101841461137,2.5550472962376007,5.2572326988613645
2034,te,joint,4.018057117808302,2.6504009751397457,5.477531115652153
2035,te,joint,4.185390439074634,2.753964467113426,5.7137789071763
2036,te,joint,4.3490103021576605,2.86329812544373,5.952272404234907
2037,te,joint,4.514104967878591,2.9610030422639624,6.19361936649094
2038,te,joint,4.679392863048628,3.0583791955486044,6.43820604933535
2039,te,joint,4.8463181193162725,3.1648013506938857,6.683782449429638
2040,te,joint,5.008426137329231,3.272336584922619,6.925405813738605
2041,te,joint,5.173891664438836,3.368470862955991,7.155156465944219
2042,te,joint,5.3339851191265,3.454200443719599,7.388344335479992
2043,te,joint,5.501410045920748,3.5461905022745768,7.628824344445319
2044,te,joint,5.674840984276839,3.6515927492280387,7.880976434224599
2045,te,joint,5.844643832781933,3.759380353924794,8.139298561302644
2046,te,joint,6.014124141880103,3.8773928998524054,8.396779866799852
2047,te,joint,6.193888693853252,3.99169984923018,8.65416733563064
2048,te,joint,6.37419534286947,4.0996101939578855,8.921372370427177
2049,te,joint,6.551972075948836,4.2028281652467765,9.172520946721459
2050,te,joint,6.729260308702295,4.309226235906967,9.445268393891533
2051,te,joint,6.905411679288554,4.4010255791802,9.726353685263064
2052,te,joint,7.081553109962323,4.504135698903296,9.9655972801352
2053,te,joint,7.250867796990174,4.6042155096979025,10.201311508468539
2054,te,joint,7.427506334845228,4.696536131276468,10.463563923277325
2055,te,joint,7.59680246129738,4.80148817333966,10.734119227022205
2056,te,joint,7.7783705852403155,4.909296157618799,10.996077151328072
2057,te,joint,7.960215269680263,5.0170638044341915,11.262227098599672
2058,te,joint,8.147460101209909,5.129711062636547,11.54186593996332
2059,te,joint,8.325392405381937,5.242300042590692,11.819159614757371
2060,te,joint,8.50924071006218,5.348402778300615,12.08455810662869
2061,te,joint,8.693809438693874,5.447197213647423,12.339538977441865
2062,te,joint,8.870435151636688,5.550886447711003,12.60615548262197
2063,te,joint,9.049555199017655,5.654957362473261,12.877432220213867
2064,te,joint,9.22617287412628,5.7578074315045855,13.145131958525392
2065,te,joint,9.392365105119524,5.862183248480949,13.429012941935369
2066,te,joint,9.56852115599212,5.969078404463741,13.706645336218152
2067,te,joint,9.751719220747193,6.076126905591607,13.970081314108869
2068,te,joint,9.930578588393292,6.184383176443456,14.253451239144777
2069,te,joint,10.110728065701426,6.289171292886089,14.551212473199156
2070,te,joint,10.296791888277546,6.392103294624561,14.822657765997464
2071,te,joint,10.475174148069307,6.494162129632301,15.107075970691753
2072,te,joint,10.64922948391338,6.600856120967398,15.398976960554991
2073,te,joint,10.815250838912167,6.707632114478771,15.69236209675592
2074,te,joint,10.987193030933902,6.813924606493274,15.985835096869696
2075,te,joint,11.15426533772732,6.916647864132207,16.2796360970071
2076,te,joint,11.325560953410413,7.007324392400692,16.528194305446604
2077,te,joint,11.497670509708838,7.109242822055861,16.801175106293766
2078,te,joint,11.67246124906232,7.214723305721542,17.10004271427048
2079,te,joint,11.849900241487308,7.296510251740818,17.40198516713539
2080,te,joint,12.028311000842578,7.394389647360377,17.711983504897116
2081,te,joint,12.21073988354688,7.489172277467576,18.022976258987526
2082,te,joint,12.377972320170265,7.588870355219463,18.33423112644783
2083,te,joint,12.554836780626351,7.686424660130932,18.644914867707694
2084,te,joint,12.723017255655687,7.785904025224183,18.954984253212444
2085,te,joint,12.893244736443297,7.8833264958376965,19.222352112345686
2086,te,joint,13.074170710402138,7.971575582615634,19.515049431304735
2087,te,joint,13.234850261123363,8.063237462635227,19.767958855982595
2088,te,joint,13.405660501798025,8.141505938854786,20.055375840738023
2089,te,joint,13.575376323590426,8.223893645015114,20.354832077867858
2090,te,joint,13.750372439920064,8.311310307639074,20.650854239846385
2091,te,joint,13.92138288460869,8.40205231418664,20.91811491669326
2092,te,joint,14.093084097561432,8.48768869652417,21.174607609069675
2093,te,joint,14.267211628397835,8.563640822551957,21.475452633205254
2094,te,joint,14.436315716734129,8.644242660050775,21.77597795463424
2095,te,joint,14.599091909904017,8.722603570664653,22.072809287830367
2096,te,joint,14.751437220002114,8.799272603609952,22.366596367495053
2097,te,joint,14.90465300895127,8.8745935528327,22.658361451717607
2098,te,joint,15.059558663931725,8.948924710198762,22.947553108110633
2099,te,joint,15.211628414836351,9.02278916276474,23.228682144625573
2100,te,joint,15.367744949122919,9.09685405571917,23.450444278314244
2101,te,joint,15.519855808608455,9.171233200226627,23.74060993721968
2102,te,joint,15.674175647582551,9.244896113176203,24.036681291966858
2103,te,joint,15.82730821826421,9.317342875073415,24.329960216792887
2104,te,joint,15.974032867768576,9.390288653639505,24.62077803186358
2105,te,joint,16.122619580169783,9.470280940693879,24.90769198204793
2106,te,joint,16.265323464879604,9.54678381022795,25.18970265843091
2107,te,joint,16.403497568903276,9.611821549636813,25.467389368059592
2108,te,joint,16.53442033968887,9.68316741583163,25.733309315733244
2109,te,joint,16.68048321982787,9.756451581131566,25.991065246167732
2110,te,joint,16.82270483360935,9.830470492159122,26.25679431102267
2111,te,joint,16.952116640908876,9.90624829588509,26.53470765148354
2112,te,joint,17.0958833301666,9.980486517171471,26.79343004438269
2113,te,joint,17.244257639683017,10.056267367542537,27.05074509575712
2114,te,joint,17.389831574757366,10.130511971246595,27.309728445368062
2115,te,joint,17.52644415250785,10.202689188955599,27.56424155613056
2116,te,joint,17.668586849688324,10.2745593087089,27.82412975991493
2117,te,joint,17.806078839868512,10.344798459207402,28.0864404790198
2118,te,joint,17.946134781237788,10.41462896067424,28.36872174282815
2119,te,joint,18.088489576915066,10.484371738273172,28.62129938052976
2120,te,joint,18.23045521464827,10.554741110932808,28.885792755904546
2121,te,joint,18.373347762474538,10.619505404486091,29.10894966454799
2122,te,joint,18.508567427515956,10.694814334252847,29.334129705681455
2123,te,joint,18.643558208545183,10.763627997029829,29.602377775087128
2124,te,joint,18.777977944124082,10.823412569570076,29.882558762945358
2125,te,joint,18.901362075000364,10.89253737494805,30.159444583237878
2126,te,joint,19.021780012786195,10.967567564580795,30.413294830886024
2127,te,joint,19.149230032777993,11.038686433264111,30.700745108276006
2128,te,joint,19.27561026088008,11.099583060181804,30.977931328779288
2129,te,joint,19.407510736307223,11.159197546835006,31.248868110406168
2130,te,joint,19.544081089071945,11.220675459187381,31.521641360367013
2131,te,joint,19.687315855476413,11.286052594820074,31.79986273075251
2132,te,joint,19.834160855826333,11.353088056811119,32.08044389355066
2133,te,joint,19.96869094392015,11.419874683094012,32.36015305802645
2134,te,joint,20.08754047966432,11.484914607456561,32.63798442759448
2135,te,joint,20.20724954558428,11.546894650510401,32.88750612455738
2136,te,joint,20.336049419311866,11.602096558087212,33.11097667525179
2137,te,joint,20.458512529560544,11.661622145103992,33.37628715273991
2138,te,joint,20.58838485755789,11.719552582873144,33.62213998850638
2139,te,joint,20.713055798424072,11.777270498127354,33.863341302848056
2140,te,joint,20.83789129608128,11.837043327038979,34.104526700930045
2141,te,joint,20.96149851404351,11.903041544866118,34.34760732659852
2142,te,joint,21.079560298582457,11.966483971494638,34.59340186662316
2143,te,joint,21.19478202426652,12.030246113739281,34.83974903302683
2144,te,joint,21.320051270286104,12.093647313308118,35.08549262855509
2145,te,joint,21.44790344863023,12.156724305681227,35.33018219848317
2146,te,joint,21.57615506027121,12.218170193277569,35.575323047873255
2147,te,joint,21.702988406097397,12.279181909465612,35.843956117770404
2148,te,joint,21.828167868197212,12.344870341330775,36.11086011615866
2149,te,joint,21.947674665236107,12.4101440367238,36.37718777987744
2150,te,joint,22.06533504649338,12.476904729327403,36.643408560040285
2151,te,joint,22.183084485606138,12.540475971431391,36.90976343846119
2152,te,joint,22.30623840858172,12.605829207275884,37.14231614816728
2153,te,joint,22.432720667212983,12.673735258401368,37.3358124480551
2154,te,joint,22.563078634189218,12.743294204931479,37.623031923545945
2155,te,joint,22.684914324011153,12.81235041923774,37.84620542229612
2156,te,joint,22.799776427001454,12.876359343906392,38.0666436503537
2157,te,joint,22.910719246485556,12.937825467594248,38.28452374764106
2158,te,joint,23.033300415621284,12.996091475232308,38.498754837539664
2159,te,joint,23.150762817033282,13.05177583494006,38.70985544799669
2160,te,joint,23.25739423967016,13.106310030187416,38.92102930784196
2161,te,joint,23.36639926885597,13.161215527546307,39.13159976543759
2162,te,joint,23.487615943579385,13.218242574133706,39.34365068856715
2163,te,joint,23.60955794575431,13.277425392670462,39.55953662204582
2164,te,joint,23.736805503549178,13.343012512391805,39.79012216411241
2165,te,joint,23.86946354091559,13.40620440862653,40.02794273126974
2166,te,joint,23.987926741876564,13.467612997276305,40.26380202556659
2167,te,joint,24.107596840104332,13.525555820707716,40.49569826957457
2168,te,joint,24.225227515784624,13.579815549151274,40.72236299838309
2169,te,joint,24.34705553613899,13.632055020982198,40.945855615015226
2170,te,joint,24.46516267300666,13.683490661667669,41.167542108672876
2171,te,joint,24.583878492589196,13.735046503192057,41.38855118278699
2172,te,joint,24.701068132850853,13.787940331914173,41.61038512584711
2173,te,joint,24.810726083392577,13.84420176230124,41.841135079993116
2174,te,joint,24.9408941785328,13.903435140591867,42.101533683321016
2175,te,joint,25.054972886314047,13.963952163302965,42.36368395720621
2176,te,joint,25.18234645630347,14.02400609550664,42.62587787288417
2177,te,joint,25.313317466332236,14.08149161659641,42.88559908934365
2178,te,joint,25.426440900848,14.140281093410987,43.14151505569402
2179,te,joint,25.52609832634012,14.186660688173893,43.394606575431666
2180,te,joint,25.63838038687939,14.235758536498789,43.645701884153475
2181,te,joint,25.75151324528946,14.284163853852771,43.895399290613696
2182,te,joint,25.8635481085319,14.332060986991939,44.14427246247203
2183,te,joint,25.968240896831414,14.379817021512057,44.392662825115686
2184,te,joint,26.075193724685167,14.428168619054642,44.64143974048376
2185,te,joint,26.18399213271271,14.478124186866372,44.89205406756455
2186,te,joint,26.296957511484393,14.531511064476264,45.14664758994578
2187,te,joint,26.411853010254838,14.586518374618153,45.40324024452295
2188,te,joint,26.52128670200508,14.641515724925004,45.66001298029453
2189,te,joint,26.627081258463978,14.696784551748882,45.89849928787688
2190,te,joint,26.73293253590095,14.749502059802236,46.08823615460831
2191,te,joint,26.83855211799167,14.798890873550585,46.273231862745845
2192,te,joint,26.947097738807365,14.848634913013182,46.517170688258965
2193,te,joint,27.054512516432474,14.908193241886517,46.731799953487844
2194,te,joint,27.174307316147882,14.960540457334124,46.93671704978654
2195,te,joint,27.291410603522053,15.018087158010461,47.140794720872435
2196,te,joint,27.39945410618786,15.078048971599666,47.348303232100946
2197,te,joint,27.513588052900356,15.136127159910531,47.56026360474541
2198,te,joint,27.63437681841654,15.192868789609065,47.79654576601959
2199,te,joint,27.751275994702716,15.250132861295322,48.05640399830369
2200,te,joint,27.858464583181195,15.300141763489473,48.29377638028865
2201,te,joint,27.972922705938778,15.345582694403516,48.507052243339416
2202,te,joint,28.085258542239423,15.388118656965492,48.71984216216616
2203,te,joint,28.19528341541661,15.429570255588239,48.951380866190256
2204,te,joint,28.296819613891373,15.46966248603755,49.178483482027794
2205,te,joint,28.391375664613484,15.508831079951543,49.37139318925648
2206,te,joint,28.479034073890617,15.547614522017124,49.563322390375234
2207,te,joint,28.581930852925986,15.587165491758284,49.75520840255495
2208,te,joint,28.68108434806553,15.628151361610723,49.94880213339204
2209,te,joint,28.775462905207917,15.668155169989795,50.15007181938604
2210,te,joint,28.877238017364434,15.7095152399788,50.357088013436886
2211,te,joint,28.976497390996172,15.75953568479169,50.56389922176994
2212,te,joint,29.072362906734014,15.80892321836428,50.8053442823104
2213,te,joint,29.173535847507786,15.85714647706978,51.04800248195753
2214,te,joint,29.286772423662036,15.903054383786625,51.28842716306277
2215,te,joint,29.39071970498093,15.941368819937045,51.526056727338556
2216,te,joint,29.49242600002249,15.976971686675043,51.76111444084732
2217,te,joint,29.596911154292826,16.012356452536725,51.989998410925736
2218,te,joint,29.687148951818862,16.05008488039472,52.22100483563105
2219,te,joint,29.783062786956126,16.091612621839243,52.458469447267326
2220,te,joint,29.886503789837953,16.130186687715092,52.70090597239515
2221,te,joint,29.992361834767742,16.17624748687993,52.94751032444937
2222,te,joint,30.100602140137646,16.22601988128426,53.19123717304475
2223,te,joint,30.203031243715543,16.274687353854365,53.39642871878013
2224,te,joint,30.297248531630082,16.318175315878783,53.598363487149534
2225,te,joint,30.383495924215996,16.36493790014424,53.797231211609876
2226,te,joint,30.472289899693045,16.402505594130083,54.00368829059944
2227,te,joint,30.559458388852065,16.438914575539417,54.22557996333541
2228,te,joint,30.641938393173156,16.47565147719074,54.44632457943656
2229,te,joint,30.735456567194102,16.512612980897586,54.6679834048487
2230,te,joint,30.828488804653198,16.552981823093365,54.89401492057132
2231,te,joint,30.91613504951139,16.602210656177558,55.12201258484786
2232,te,joint,31.00979106009528,16.66597392988952,55.350994735196124
2233,te,joint,31.11226252531775,16.704863332327296,55.58658925931772
2234,te,joint,31.213604092208783,16.745045292978197,55.82326908529423
2235,te,joint,31.31437809537411,16.789200150578562,56.05660341307765
2236,te,joint,31.39904073467867,16.830910349745874,56.262769105872955
2237,te,joint,31.47341847323373,16.87125497451203,56.47446657049182
2238,te,joint,31.54894735395223,16.911369279802724,56.69288467352825
2239,te,joint,31.63250908175138,16.946783881797014,56.91134095343133
2240,te,joint,31.71271104238094,16.980691965962958,57.13176195590918
2241,te,joint,31.799095883180932,17.01684496635313,57.3570950383119
2242,te,joint,31.89191126218556,17.061391412635206,57.58797953110348
2243,te,joint,31.9782197093861,17.11132039840139,57.8204603090239
2244,te,joint,32.061680224381135,17.160209569484003,58.05576755454524
2245,te,joint,32.14752760228194,17.206931370266016,58.30079512265665
2246,te,joint,32.240229178754745,17.251268194436417,58.51223058710745
2247,te,joint,32.33220283683786,17.29450702763913,58.71306426796337
2248,te,joint,32.41305773939497,17.337003595395828,58.91728466541682
2249,te,joint,32.4846869353663,17.378877135711917,59.09679167733496
2250,te,joint,32.559032046625646,17.42087033797776,59.284909179528846
2251,te,joint,32.63585529402622,17.461792437423632,59.47589815571961
2252,te,joint,32.72414573951396,17.500439134950298,59.6666932033056
2253,te,joint,32.81023419988194,17.541325551882483,59.85836472675811
2254,te,joint,32.88885018018607,17.58522202190708,60.051318039366855
2255,te,joint,32.956792844562585,17.627602748034207,60.2444027307045
2256,te,joint,33.04518285697492,17.669782559508114,60.44489649563681
2257,te,joint,33.130759660598244,17.710901822037275,60.66128495144614
2258,te,joint,33.205634186499836,17.749738687464664,60.875044416772624
2259,te,joint,33.28597566632365,17.78387213340783,61.085179522474164
2260,te,joint,33.366892020665006,17.810927666654823,61.29330950135332
2261,te,joint,33.436195593665474,17.84166894777386,61.51898606652612
2262,te,joint,33.50343075707654,17.87622547361834,61.74437333858405
2263,te,joint,33.57425398558023,17.91137163835865,61.96992964995866
2264,te,joint,33.6429695960009,17.941891515623123,62.19643282845522
2265,te,joint,33.710228937073865,17.975994879137417,62.399493691833776
2266,te,joint,33.77960938321529,18.025536231983494,62.59201850116298
2267,te,joint,33.85047464801052,18.0656616590398,62.78428439613312
2268,te,joint,33.92791673746531,18.10462155598783,62.97452975466599
2269,te,joint,34.003598002111445,18.14182391877989,63.175364644980355
2270,te,joint,34.07711497602157,18.177746567838202,63.3799700561402
2271,te,joint,34.14893943067996,18.21482188586363,63.572772652125145
2272,te,joint,34.21707715832972,18.252580248240477,63.754575571439936
2273,te,joint,34.28889027954439,18.290720261904514,63.93590004091145
2274,te,joint,34.36170998556713,18.330509098498194,64.11804373498836
2275,te,joint,34.43188231610257,18.37393104824311,64.3075805793506
2276,te,joint,34.5032043304939,18.416656059335672,64.52625286824633
2277,te,joint,34.57452338050854,18.458719201445295,64.7030552551074
2278,te,joint,34.645068389783724,18.500635138793772,64.90935198945324
2279,te,joint,34.714269061359154,18.541193377191238,65.11356574735754
2280,te,joint,34.778863218935875,18.5797531837546,65.31456945170196
2281,te,joint,34.84118339043097,18.617031107791504,65.51307343327727
2282,te,joint,34.90286115953324,18.643733602336177,65.7100442557634
2283,te,joint,34.96729868173661,18.670422217454444,65.90666496477971
2284,te,joint,35.035739489821765,18.69765929180955,66.10417530438485
2285,te,joint,35.10905145423543,18.728663006152782,66.30460117778566
2286,te,joint,35.18662555447929,18.76218703413666,66.50860350339941
2287,te,joint,35.26216078185551,18.797329816598232,66.7140319128036
2288,te,joint,35.33608150158488,18.832091403005244,66.91856820468031
2289,te,joint,35.40667470003366,18.870097860646002,67.11903132632047
2290,te,joint,35.4721736034158,18.908106571703993,67.32195369451121
2291,te,joint,35.54000555905181,18.945206306695802,67.53995994318745
2292,te,joint,35.60705808917848,18.981242655413737,67.7566889535685
2293,te,joint,35.664883889684006,19.004080193046995,67.97264537770626
2294,te,joint,35.72022881413248,19.034482292757865,68.1887774151706
2295,te,joint,35.77862912739012,19.069019519787446,68.39015301518103
2296,te,joint,35.8499201550098,19.104934169826116,68.58958536056628
2297,te,joint,35.92286763571434,19.14182772813525,68.7915494329922
2298,te,joint,35.99608328800545,19.178607433702336,68.99381651853092
2299,te,joint,36.067621322135,19.21395800271638,69.19329341607602
2300,te,joint,36.1379458679996,19.248447215652313,69.39072977979296
1990,lws,fixed,-0.24584167316555972,-0.24584167316555972,-0.24584167316555972
1991,lws,fixed,-0.1757194311916827,-0.1757194311916827,-0.1757194311916827
1992,lws,fixed,-0.003778270035982162,-0.003778270035982162,-0.003778270035982162
1993,lws,fixed,-0.2615778715908528,-0.2615778715908528,-0.2615778715908528
1994,lws,fixed,-0.27164194896817206,-0.27164194896817206,-0.27164194896817206
1995,lws,fixed,-0.14735181644558906,-0.14735181644558906,-0.14735181644558906
1996,lws,fixed,-0.1586974175274372,-0.1586974175274372,-0.1586974175274372
1997,lws,fixed,-0.23735091999173166,-0.23735091999173166,-0.23735091999173166
1998,lws,fixed,-0.1313090594112873,-0.1313090594112873,-0.1313090594112873
1999,lws,fixed,-0.2087992461025715,-0.2087992461025715,-0.2087992461025715
2000,lws,fixed,-0.32454231098294256,-0.32454231098294256,-0.32454231098294256
2001,lws,fixed,-0.09254472568631175,-0.09254472568631175,-0.09254472568631175
2002,lws,fixed,0.09316616937518121,0.09316616937518121,0.09316616937518121
2003,lws,fixed,0.1727743773162365,0.1727743773162365,0.1727743773162365
2004,lws,fixed,-0.09635720565915114,-0.09635720565915114,-0.09635720565915114
2005,lws,fixed,0.05936951324343681,0.05936951324343681,0.05936951324343681
2006,lws,fixed,0.08149288579821579,0.08149288579821579,0.08149288579821579
2007,lws,fixed,0.005451270788908016,0.005451270788908016,0.005451270788908016
2008,lws,fixed,0.028783222883939724,0.028783222883939724,0.028783222883939724
2009,lws,fixed,0.13125301286578184,0.13125301286578184,0.13125301286578184
2010,lws,fixed,0.1817515341937542,0.1817515341937542,0.1817515341937542
2011,lws,fixed,-0.09823055580258364,-0.09823055580258364,-0.09823055580258364
2012,lws,fixed,0.3081764189898968,0.3081764189898968,0.3081764189898968
2013,lws,fixed,0.2743758557736874,0.2743758557736874,0.2743758557736874
2014,lws,fixed,0.1585889963805676,0.1585889963805676,0.1585889963805676
2015,lws,fixed,0.5689081160724163,0.5689081160724163,0.5689081160724163
2016,lws,fixed,0.7298510758578777,0.7298510758578777,0.7298510758578777
2017,lws,fixed,0.5100206343829632,0.5100206343829632,0.5100206343829632
2018,lws,fixed,0.4350231377780437,0.4350231377780437,0.4350231377780437
2019,lws,fixed,0.5583970049159653,0.5583970049159653,0.5583970049159653
2020,lws,fixed,0.33010642546032465,0.33010642546032465,0.33010642546032465
2021,lws,fixed,0.4152830854228824,0.4152830854228824,0.4152830854228824
2022,lws,fixed,0.40877598515753566,0.40877598515753566,0.40877598515753566
2023,lws,fixed,0.5038468232151402,0.5038468232151402,0.5038468232151402
2024,lws,fixed,0.5338468232151401,0.5338468232151401,0.5338468232151401
2025,lws,fixed,0.5638468232151401,0.5638468232151401,0.5638468232151401
2026,lws,fixed,0.5938468232151402,0.5938468232151402,0.5938468232151402
2027,lws,fixed,0.6238468232151401,0.6238468232151401,0.6238468232151401
2028,lws,fixed,0.6538468232151401,0.6538468232151401,0.6538468232151401
2029,lws,fixed,0.6838468232151401,0.6838468232151401,0.6838468232151401
2030,lws,fixed,0.7138468232151401,0.7138468232151401,0.7138468232151401
2031,lws,fixed,0.7438468232151402,0.7438468232151402,0.7438468232151402
2032,lws,fixed,0.7738468232151402,0.7738468232151402,0.7738468232151402
2033,lws,fixed,0.8038468232151401,0.8038468232151401,0.8038468232151401
2034,lws,fixed,0.8338468232151401,0.8338468232151401,0.8338468232151401
2035,lws,fixed,0.8638468232151402,0.8638468232151402,0.8638468232151402
2036,lws,fixed,0.8938468232151401,0.8938468232151401,0.8938468232151401
2037,lws,fixed,0.9238468232151401,0.9238468232151401,0.9238468232151401
2038,lws,fixed,0.9538468232151401,0.9538468232151401,0.9538468232151401
2039,lws,fixed,0.9838468232151402,0.9838468232151402,0.9838468232151402
2040,lws,fixed,1.0138468232151403,1.0138468232151403,1.0138468232151403
2041,lws,fixed,1.04384682321514,1.04384682321514,1.04384682321514
2042,lws,fixed,1.0738468232151401,1.0738468232151401,1.0738468232151401
2043,lws,fixed,1.1038468232151402,1.1038468232151402,1.1038468232151402
2044,lws,fixed,1.1338468232151402,1.1338468232151402,1.1338468232151402
2045,lws,fixed,1.1638468232151402,1.1638468232151402,1.1638468232151402
2046,lws,fixed,1.1938468232151402,1.1938468232151402,1.1938468232151402
2047,lws,fixed,1.22384682321514,1.22384682321514,1.22384682321514
2048,lws,fixed,1.25384682321514,1.25384682321514,1.25384682321514
2049,lws,fixed,1.28384682321514,1.28384682321514,1.28384682321514
2050,lws,fixed,1.3138468232151401,1.3138468232151401,1.3138468232151401
2051,lws,fixed,1.3438468232151402,1.3438468232151402,1.3438468232151402
2052,lws,fixed,1.3738468232151402,1.3738468232151402,1.3738468232151402
2053,lws,fixed,1.40384682321514,1.40384682321514,1.40384682321514
2054,lws,fixed,1.43384682321514,1.43384682321514,1.43384682321514
2055,lws,fixed,1.46384682321514,1.46384682321514,1.46384682321514
2056,lws,fixed,1.4938468232151403,1.4938468232151403,1.4938468232151403
2057,lws,fixed,1.5238468232151403,1.5238468232151403,1.5238468232151403
2058,lws,fixed,1.5538468232151406,1.5538468232151406,1.5538468232151406
2059,lws,fixed,1.5838468232151408,1.5838468232151408,1.5838468232151408
2060,lws,fixed,1.6138468232151408,1.6138468232151408,1.6138468232151408
2061,lws,fixed,1.643846823215141,1.643846823215141,1.643846823215141
2062,lws,fixed,1.6738468232151413,1.6738468232151413,1.6738468232151413
2063,lws,fixed,1.7038468232151414,1.7038468232151414,1.7038468232151414
2064,lws,fixed,1.7338468232151416,1.7338468232151416,1.7338468232151416
2065,lws,fixed,1.7638468232151416,1.7638468232151416,1.7638468232151416
2066,lws,fixed,1.7938468232151419,1.7938468232151419,1.7938468232151419
2067,lws,fixed,1.8238468232151421,1.8238468232151421,1.8238468232151421
2068,lws,fixed,1.8538468232151422,1.8538468232151422,1.8538468232151422
2069,lws,fixed,1.8838468232151424,1.8838468232151424,1.8838468232151424
2070,lws,fixed,1.9138468232151424,1.9138468232151424,1.9138468232151424
2071,lws,fixed,1.9438468232151427,1.9438468232151427,1.9438468232151427
2072,lws,fixed,1.973846823215143,1.973846823215143,1.973846823215143
2073,lws,fixed,2.003846823215143,2.003846823215143,2.003846823215143
2074,lws,fixed,2.033846823215143,2.033846823215143,2.033846823215143
2075,lws,fixed,2.063846823215143,2.063846823215143,2.063846823215143
2076,lws,fixed,2.0938468232151433,2.0938468232151433,2.0938468232151433
2077,lws,fixed,2.1238468232151435,2.1238468232151435,2.1238468232151435
2078,lws,fixed,2.1538468232151438,2.1538468232151438,2.1538468232151438
2079,lws,fixed,2.183846823215144,2.183846823215144,2.183846823215144
2080,lws,fixed,2.213846823215144,2.213846823215144,2.213846823215144
2081,lws,fixed,2.243846823215144,2.243846823215144,2.243846823215144
2082,lws,fixed,2.2738468232151443,2.2738468232151443,2.2738468232151443
2083,lws,fixed,2.3038468232151446,2.3038468232151446,2.3038468232151446
2084,lws,fixed,2.333846823215145,2.333846823215145,2.333846823215145
2085,lws,fixed,2.3638468232151446,2.3638468232151446,2.3638468232151446
2086,lws,fixed,2.393846823215145,2.393846823215145,2.393846823215145
2087,lws,fixed,2.423846823215145,2.423846823215145,2.423846823215145
2088,lws,fixed,2.4538468232151454,2.4538468232151454,2.4538468232151454
2089,lws,fixed,2.4838468232151456,2.4838468232151456,2.4838468232151456
2090,lws,fixed,2.513846823215146,2.513846823215146,2.513846823215146
2091,lws,fixed,2.5438468232151457,2.5438468232151457,2.5438468232151457
2092,lws,fixed,2.573846823215146,2.573846823215146,2.573846823215146
2093,lws,fixed,2.603846823215146,2.603846823215146,2.603846823215146
2094,lws,fixed,2.6338468232151464,2.6338468232151464,2.6338468232151464
2095,lws,fixed,2.6638468232151467,2.6638468232151467,2.6638468232151467
2096,lws,fixed,2.6938468232151465,2.6938468232151465,2.6938468232151465
2097,lws,fixed,2.7238468232151467,2.7238468232151467,2.7238468232151467
2098,lws,fixed,2.753846823215147,2.753846823215147,2.753846823215147
2099,lws,fixed,2.783846823215147,2.783846823215147,2.783846823215147
2100,lws,fixed,2.8138468232151475,2.8138468232151475,2.8138468232151475
2101,lws,fixed,2.8438468232151473,2.8438468232151473,2.8438468232151473
2102,lws,fixed,2.8738468232151475,2.8738468232151475,2.8738468232151475
2103,lws,fixed,2.9038468232151478,2.9038468232151478,2.9038468232151478
2104,lws,fixed,2.933846823215148,2.933846823215148,2.933846823215148
2105,lws,fixed,2.9638468232151483,2.9638468232151483,2.9638468232151483
2106,lws,fixed,2.9938468232151485,2.9938468232151485,2.9938468232151485
2107,lws,fixed,3.0238468232151483,3.0238468232151483,3.0238468232151483
2108,lws,fixed,3.053846823215148,3.053846823215148,3.053846823215148
2109,lws,fixed,3.0838468232151484,3.0838468232151484,3.0838468232151484
2110,lws,fixed,3.1138468232151486,3.1138468232151486,3.1138468232151486
2111,lws,fixed,3.143846823215149,3.143846823215149,3.143846823215149
2112,lws,fixed,3.173846823215149,3.173846823215149,3.173846823215149
2113,lws,fixed,3.203846823215149,3.203846823215149,3.203846823215149
2114,lws,fixed,3.233846823215149,3.233846823215149,3.233846823215149
2115,lws,fixed,3.2638468232151494,3.2638468232151494,3.2638468232151494
2116,lws,fixed,3.2938468232151497,3.2938468232151497,3.2938468232151497
2117,lws,fixed,3.32384682321515,3.32384682321515,3.32384682321515
2118,lws,fixed,3.35384682321515,3.35384682321515,3.35384682321515
2119,lws,fixed,3.38384682321515,3.38384682321515,3.38384682321515
2120,lws,fixed,3.41384682321515,3.41384682321515,3.41384682321515
2121,lws,fixed,3.4438468232151505,3.4438468232151505,3.4438468232151505
2122,lws,fixed,3.4738468232151507,3.4738468232151507,3.4738468232151507
2123,lws,fixed,3.503846823215151,3.503846823215151,3.503846823215151
2124,lws,fixed,3.5338468232151508,3.5338468232151508,3.5338468232151508
2125,lws,fixed,3.563846823215151,3.563846823215151,3.563846823215151
2126,lws,fixed,3.5938468232151513,3.5938468232151513,3.5938468232151513
2127,lws,fixed,3.6238468232151515,3.6238468232151515,3.6238468232151515
2128,lws,fixed,3.6538468232151518,3.6538468232151518,3.6538468232151518
2129,lws,fixed,3.6838468232151516,3.6838468232151516,3.6838468232151516
2130,lws,fixed,3.713846823215152,3.713846823215152,3.713846823215152
2131,lws,fixed,3.743846823215152,3.743846823215152,3.743846823215152
2132,lws,fixed,3.7738468232151523,3.7738468232151523,3.7738468232151523
2133,lws,fixed,3.8038468232151526,3.8038468232151526,3.8038468232151526
2134,lws,fixed,3.8338468232151524,3.8338468232151524,3.8338468232151524
2135,lws,fixed,3.8638468232151526,3.8638468232151526,3.8638468232151526
2136,lws,fixed,3.893846823215153,3.893846823215153,3.893846823215153
2137,lws,fixed,3.923846823215153,3.923846823215153,3.923846823215153
2138,lws,fixed,3.9538468232151533,3.9538468232151533,3.9538468232151533
2139,lws,fixed,3.9838468232151536,3.9838468232151536,3.9838468232151536
2140,lws,fixed,4.013846823215154,4.013846823215154,4.013846823215154
2141,lws,fixed,4.043846823215154,4.043846823215154,4.043846823215154
2142,lws,fixed,4.0738468232151535,4.0738468232151535,4.0738468232151535
2143,lws,fixed,4.103846823215154,4.103846823215154,4.103846823215154
2144,lws,fixed,4.133846823215154,4.133846823215154,4.133846823215154
2145,lws,fixed,4.163846823215154,4.163846823215154,4.163846823215154
2146,lws,fixed,4.1938468232151545,4.1938468232151545,4.1938468232151545
2147,lws,fixed,4.223846823215155,4.223846823215155,4.223846823215155
2148,lws,fixed,4.253846823215155,4.253846823215155,4.253846823215155
2149,lws,fixed,4.283846823215155,4.283846823215155,4.283846823215155
2150,lws,fixed,4.3138468232151554,4.3138468232151554,4.3138468232151554
2151,lws,fixed,4.343846823215156,4.343846823215156,4.343846823215156
2152,lws,fixed,4.373846823215156,4.373846823215156,4.373846823215156
2153,lws,fixed,4.403846823215155,4.403846823215155,4.403846823215155
2154,lws,fixed,4.4338468232151556,4.4338468232151556,4.4338468232151556
2155,lws,fixed,4.463846823215156,4.463846823215156,4.463846823215156
2156,lws,fixed,4.493846823215156,4.493846823215156,4.493846823215156
2157,lws,fixed,4.523846823215156,4.523846823215156,4.523846823215156
2158,lws,fixed,4.5538468232151565,4.5538468232151565,4.5538468232151565
2159,lws,fixed,4.583846823215157,4.583846823215157,4.583846823215157
2160,lws,fixed,4.613846823215157,4.613846823215157,4.613846823215157
2161,lws,fixed,4.643846823215157,4.643846823215157,4.643846823215157
2162,lws,fixed,4.6738468232151575,4.6738468232151575,4.6738468232151575
2163,lws,fixed,4.703846823215158,4.703846823215158,4.703846823215158
2164,lws,fixed,4.733846823215157,4.733846823215157,4.733846823215157
2165,lws,fixed,4.763846823215157,4.763846823215157,4.763846823215157
2166,lws,fixed,4.793846823215158,4.793846823215158,4.793846823215158
2167,lws,fixed,4.823846823215158,4.823846823215158,4.823846823215158
2168,lws,fixed,4.853846823215158,4.853846823215158,4.853846823215158
2169,lws,fixed,4.883846823215158,4.883846823215158,4.883846823215158
2170,lws,fixed,4.913846823215159,4.913846823215159,4.913846823215159
2171,lws,fixed,4.943846823215159,4.943846823215159,4.943846823215159
2172,lws,fixed,4.973846823215159,4.973846823215159,4.973846823215159
2173,lws,fixed,5.003846823215159,5.003846823215159,5.003846823215159
2174,lws,fixed,5.03384682321516,5.03384682321516,5.03384682321516
2175,lws,fixed,5.063846823215159,5.063846823215159,5.063846823215159
2176,lws,fixed,5.093846823215159,5.093846823215159,5.093846823215159
2177,lws,fixed,5.1238468232151595,5.1238468232151595,5.1238468232151595
2178,lws,fixed,5.15384682321516,5.15384682321516,5.15384682321516
2179,lws,fixed,5.18384682321516,5.18384682321516,5.18384682321516
2180,lws,fixed,5.21384682321516,5.21384682321516,5.21384682321516
2181,lws,fixed,5.2438468232151605,5.2438468232151605,5.2438468232151605
2182,lws,fixed,5.273846823215161,5.273846823215161,5.273846823215161
2183,lws,fixed,5.303846823215161,5.303846823215161,5.303846823215161
2184,lws,fixed,5.333846823215161,5.333846823215161,5.333846823215161
2185,lws,fixed,5.363846823215161,5.363846823215161,5.363846823215161
2186,lws,fixed,5.393846823215161,5.393846823215161,5.393846823215161
2187,lws,fixed,5.423846823215161,5.423846823215161,5.423846823215161
2188,lws,fixed,5.453846823215161,5.453846823215161,5.453846823215161
2189,lws,fixed,5.483846823215162,5.483846823215162,5.483846823215162
2190,lws,fixed,5.513846823215162,5.513846823215162,5.513846823215162
2191,lws,fixed,5.543846823215162,5.543846823215162,5.543846823215162
2192,lws,fixed,5.573846823215162,5.573846823215162,5.573846823215162
2193,lws,fixed,5.603846823215163,5.603846823215163,5.603846823215163
2194,lws,fixed,5.633846823215163,5.633846823215163,5.633846823215163
2195,lws,fixed,5.663846823215163,5.663846823215163,5.663846823215163
2196,lws,fixed,5.6938468232151624,5.6938468232151624,5.6938468232151624
2197,lws,fixed,5.723846823215163,5.723846823215163,5.723846823215163
2198,lws,fixed,5.753846823215163,5.753846823215163,5.753846823215163
2199,lws,fixed,5.783846823215163,5.783846823215163,5.783846823215163
2200,lws,fixed,5.813846823215163,5.813846823215163,5.813846823215163
2201,lws,fixed,5.843846823215164,5.843846823215164,5.843846823215164
2202,lws,fixed,5.873846823215164,5.873846823215164,5.873846823215164
2203,lws,fixed,5.903846823215164,5.903846823215164,5.903846823215164
2204,lws,fixed,5.933846823215164,5.933846823215164,5.933846823215164
2205,lws,fixed,5.963846823215165,5.963846823215165,5.963846823215165
2206,lws,fixed,5.993846823215164,5.993846823215164,5.993846823215164
2207,lws,fixed,6.023846823215164,6.023846823215164,6.023846823215164
2208,lws,fixed,6.0538468232151645,6.0538468232151645,6.0538468232151645
2209,lws,fixed,6.083846823215165,6.083846823215165,6.083846823215165
2210,lws,fixed,6.113846823215165,6.113846823215165,6.113846823215165
2211,lws,fixed,6.143846823215165,6.143846823215165,6.143846823215165
2212,lws,fixed,6.1738468232151655,6.1738468232151655,6.1738468232151655
2213,lws,fixed,6.203846823215165,6.203846823215165,6.203846823215165
2214,lws,fixed,6.233846823215164,6.233846823215164,6.233846823215164
2215,lws,fixed,6.263846823215164,6.263846823215164,6.263846823215164
2216,lws,fixed,6.293846823215163,6.293846823215163,6.293846823215163
2217,lws,fixed,6.323846823215163,6.323846823215163,6.323846823215163
2218,lws,fixed,6.353846823215163,6.353846823215163,6.353846823215163
2219,lws,fixed,6.383846823215162,6.383846823215162,6.383846823215162
2220,lws,fixed,6.413846823215161,6.413846823215161,6.413846823215161
2221,lws,fixed,6.443846823215161,6.443846823215161,6.443846823215161
2222,lws,fixed,6.47384682321516,6.47384682321516,6.47384682321516
2223,lws,fixed,6.503846823215159,6.503846823215159,6.503846823215159
2224,lws,fixed,6.533846823215159,6.533846823215159,6.533846823215159
2225,lws,fixed,6.563846823215159,6.563846823215159,6.563846823215159
2226,lws,fixed,6.593846823215158,6.593846823215158,6.593846823215158
2227,lws,fixed,6.623846823215158,6.623846823215158,6.623846823215158
2228,lws,fixed,6.653846823215157,6.653846823215157,6.653846823215157
2229,lws,fixed,6.683846823215156,6.683846823215156,6.683846823215156
2230,lws,fixed,6.713846823215156,6.713846823215156,6.713846823215156
2231,lws,fixed,6.743846823215155,6.743846823215155,6.743846823215155
2232,lws,fixed,6.7738468232151545,6.7738468232151545,6.7738468232151545
2233,lws,fixed,6.803846823215155,6.803846823215155,6.803846823215155
2234,lws,fixed,6.833846823215154,6.833846823215154,6.833846823215154
2235,lws,fixed,6.8638468232151535,6.8638468232151535,6.8638468232151535
2236,lws,fixed,6.893846823215153,6.893846823215153,6.893846823215153
2237,lws,fixed,6.923846823215152,6.923846823215152,6.923846823215152
2238,lws,fixed,6.953846823215152,6.953846823215152,6.953846823215152
2239,lws,fixed,6.983846823215151,6.983846823215151,6.983846823215151
2240,lws,fixed,7.01384682321515,7.01384682321515,7.01384682321515
2241,lws,fixed,7.0438468232151505,7.0438468232151505,7.0438468232151505
2242,lws,fixed,7.07384682321515,7.07384682321515,7.07384682321515
2243,lws,fixed,7.103846823215149,7.103846823215149,7.103846823215149
2244,lws,fixed,7.133846823215149,7.133846823215149,7.133846823215149
2245,lws,fixed,7.163846823215148,7.163846823215148,7.163846823215148
2246,lws,fixed,7.193846823215147,7.193846823215147,7.193846823215147
2247,lws,fixed,7.223846823215147,7.223846823215147,7.223846823215147
2248,lws,fixed,7.253846823215146,7.253846823215146,7.253846823215146
2249,lws,fixed,7.283846823215146,7.283846823215146,7.283846823215146
2250,lws,fixed,7.313846823215146,7.313846823215146,7.313846823215146
2251,lws,fixed,7.343846823215145,7.343846823215145,7.343846823215145
2252,lws,fixed,7.373846823215144,7.373846823215144,7.373846823215144
2253,lws,fixed,7.403846823215144,7.403846823215144,7.403846823215144
2254,lws,fixed,7.433846823215143,7.433846823215143,7.433846823215143
2255,lws,fixed,7.4638468232151425,7.4638468232151425,7.4638468232151425
2256,lws,fixed,7.493846823215142,7.493846823215142,7.493846823215142
2257,lws,fixed,7.523846823215142,7.523846823215142,7.523846823215142
2258,lws,fixed,7.5538468232151414,7.5538468232151414,7.5538468232151414
2259,lws,fixed,7.583846823215141,7.583846823215141,7.583846823215141
2260,lws,fixed,7.61384682321514,7.61384682321514,7.61384682321514
2261,lws,fixed,7.6438468232151395,7.6438468232151395,7.6438468232151395
2262,lws,fixed,7.673846823215139,7.673846823215139,7.673846823215139
2263,lws,fixed,7.703846823215138,7.703846823215138,7.703846823215138
2264,lws,fixed,7.733846823215138,7.733846823215138,7.733846823215138
2265,lws,fixed,7.763846823215138,7.763846823215138,7.763846823215138
2266,lws,fixed,7.793846823215137,7.793846823215137,7.793846823215137
2267,lws,fixed,7.823846823215137,7.823846823215137,7.823846823215137
2268,lws,fixed,7.853846823215136,7.853846823215136,7.853846823215136
2269,lws,fixed,7.883846823215135,7.883846823215135,7.883846823215135
2270,lws,fixed,7.9138468232151356,7.9138468232151356,7.9138468232151356
2271,lws,fixed,7.943846823215135,7.943846823215135,7.943846823215135
2272,lws,fixed,7.973846823215134,7.973846823215134,7.973846823215134
2273,lws,fixed,8.003846823215135,8.003846823215135,8.003846823215135
2274,lws,fixed,8.033846823215134,8.033846823215134,8.033846823215134
2275,lws,fixed,8.063846823215133,8.063846823215133,8.063846823215133
2276,lws,fixed,8.093846823215133,8.093846823215133,8.093846823215133
2277,lws,fixed,8.123846823215132,8.123846823215132,8.123846823215132
2278,lws,fixed,8.153846823215131,8.153846823215131,8.153846823215131
2279,lws,fixed,8.18384682321513,8.18384682321513,8.18384682321513
2280,lws,fixed,8.21384682321513,8.21384682321513,8.21384682321513
2281,lws,fixed,8.24384682321513,8.24384682321513,8.24384682321513
2282,lws,fixed,8.273846823215129,8.273846823215129,8.273846823215129
2283,lws,fixed,8.303846823215128,8.303846823215128,8.303846823215128
2284,lws,fixed,8.333846823215127,8.333846823215127,8.333846823215127
2285,lws,fixed,8.363846823215129,8.363846823215129,8.363846823215129
2286,lws,fixed,8.393846823215128,8.393846823215128,8.393846823215128
2287,lws,fixed,8.423846823215127,8.423846823215127,8.423846823215127
2288,lws,fixed,8.453846823215127,8.453846823215127,8.453846823215127
2289,lws,fixed,8.483846823215126,8.483846823215126,8.483846823215126
2290,lws,fixed,8.513846823215125,8.513846823215125,8.513846823215125
2291,lws,fixed,8.543846823215125,8.543846823215125,8.543846823215125
2292,lws,fixed,8.573846823215124,8.573846823215124,8.573846823215124
2293,lws,fixed,8.603846823215124,8.603846823215124,8.603846823215124
2294,lws,fixed,8.633846823215123,8.633846823215123,8.633846823215123
2295,lws,fixed,8.663846823215122,8.663846823215122,8.663846823215122
2296,lws,fixed,8.693846823215122,8.693846823215122,8.693846823215122
2297,lws,fixed,8.723846823215121,8.723846823215121,8.723846823215121
2298,lws,fixed,8.75384682321512,8.75384682321512,8.75384682321512
2299,lws,fixed,8.78384682321512,8.78384682321512,8.78384682321512
2300,lws,fixed,8.813846823215119,8.813846823215119,8.813846823215119
1990,lws,joint,-0.24584167316555972,-0.24584167316555972,-0.24584167316555972
1991,lws,joint,-0.1757194311916827,-0.1757194311916827,-0.1757194311916827
1992,lws,joint,-0.003778270035982162,-0.003778270035982162,-0.003778270035982162
1993,lws,joint,-0.2615778715908528,-0.2615778715908528,-0.2615778715908528
1994,lws,joint,-0.27164194896817206,-0.27164194896817206,-0.27164194896817206
1995,lws,joint,-0.14735181644558906,-0.14735181644558906,-0.14735181644558906
1996,lws,joint,-0.1586974175274372,-0.1586974175274372,-0.1586974175274372
1997,lws,joint,-0.23735091999173166,-0.23735091999173166,-0.23735091999173166
1998,lws,joint,-0.1313090594112873,-0.1313090594112873,-0.1313090594112873
1999,lws,joint,-0.2087992461025715,-0.2087992461025715,-0.2087992461025715
2000,lws,joint,-0.32454231098294256,-0.32454231098294256,-0.32454231098294256
2001,lws,joint,-0.09254472568631175,-0.09254472568631175,-0.09254472568631175
2002,lws,joint,0.09316616937518121,0.09316616937518121,0.09316616937518121
2003,lws,joint,0.1727743773162365,0.1727743773162365,0.1727743773162365
2004,lws,joint,-0.09635720565915114,-0.09635720565915114,-0.09635720565915114
2005,lws,joint,0.05936951324343681,0.05936951324343681,0.05936951324343681
2006,lws,joint,0.08149288579821579,0.08149288579821579,0.08149288579821579
2007,lws,joint,0.005451270788908016,0.005451270788908016,0.005451270788908016
2008,lws,joint,0.028783222883939724,0.028783222883939724,0.028783222883939724
2009,lws,joint,0.13125301286578184,0.13125301286578184,0.13125301286578184
2010,lws,joint,0.1817515341937542,0.1817515341937542,0.1817515341937542
2011,lws,joint,-0.09823055580258364,-0.09823055580258364,-0.09823055580258364
2012,lws,joint,0.3081764189898968,0.3081764189898968,0.3081764189898968
2013,lws,joint,0.2743758557736874,0.2743758557736874,0.2743758557736874
2014,lws,joint,0.1585889963805676,0.1585889963805676,0.1585889963805676
2015,lws,joint,0.5689081160724163,0.5689081160724163,0.5689081160724163
2016,lws,joint,0.7298510758578777,0.7298510758578777,0.7298510758578777
2017,lws,joint,0.5100206343829632,0.5100206343829632,0.5100206343829632
2018,lws,joint,0.4350231377780437,0.4350231377780437,0.4350231377780437
2019,lws,joint,0.5583970049159653,0.5583970049159653,0.5583970049159653
2020,lws,joint,0.33010642546032465,0.33010642546032465,0.33010642546032465
2021,lws,joint,0.4152830854228824,0.4152830854228824,0.4152830854228824
2022,lws,joint,0.40877598515753566,0.40877598515753566,0.40877598515753566
2023,lws,joint,0.5038468232151402,0.5038468232151402,0.5038468232151402
2024,lws,joint,0.5338468232151401,0.5338468232151401,0.5338468232151401
2025,lws,joint,0.5638468232151401,0.5638468232151401,0.5638468232151401
2026,lws,joint,0.5938468232151402,0.5938468232151402,0.5938468232151402
2027,lws,joint,0.6238468232151401,0.6238468232151401,0.6238468232151401
2028,lws,joint,0.6538468232151401,0.6538468232151401,0.6538468232151401
2029,lws,joint,0.6838468232151401,0.6838468232151401,0.6838468232151401
2030,lws,joint,0.7138468232151401,0.7138468232151401,0.7138468232151401
2031,lws,joint,0.7438468232151402,0.7438468232151402,0.7438468232151402
2032,lws,joint,0.7738468232151402,0.7738468232151402,0.7738468232151402
2033,lws,joint,0.8038468232151401,0.8038468232151401,0.8038468232151401
2034,lws,joint,0.8338468232151401,0.8338468232151401,0.8338468232151401
2035,lws,joint,0.8638468232151402,0.8638468232151402,0.8638468232151402
2036,lws,joint,0.8938468232151401,0.8938468232151401,0.8938468232151401
2037,lws,joint,0.9238468232151401,0.9238468232151401,0.9238468232151401
2038,lws,joint,0.9538468232151401,0.9538468232151401,0.9538468232151401
2039,lws,joint,0.9838468232151402,0.9838468232151402,0.9838468232151402
2040,lws,joint,1.0138468232151403,1.0138468232151403,1.0138468232151403
2041,lws,joint,1.04384682321514,1.04384682321514,1.04384682321514
2042,lws,joint,1.0738468232151401,1.0738468232151401,1.0738468232151401
2043,lws,joint,1.1038468232151402,1.1038468232151402,1.1038468232151402
2044,lws,joint,1.1338468232151402,1.1338468232151402,1.1338468232151402
2045,lws,joint,1.1638468232151402,1.1638468232151402,1.1638468232151402
2046,lws,joint,1.1938468232151402,1.1938468232151402,1.1938468232151402
2047,lws,joint,1.22384682321514,1.22384682321514,1.22384682321514
2048,lws,joint,1.25384682321514,1.25384682321514,1.25384682321514
2049,lws,joint,1.28384682321514,1.28384682321514,1.28384682321514
2050,lws,joint,1.3138468232151401,1.3138468232151401,1.3138468232151401
2051,lws,joint,1.3438468232151402,1.3438468232151402,1.3438468232151402
2052,lws,joint,1.3738468232151402,1.3738468232151402,1.3738468232151402
2053,lws,joint,1.40384682321514,1.40384682321514,1.40384682321514
2054,lws,joint,1.43384682321514,1.43384682321514,1.43384682321514
2055,lws,joint,1.46384682321514,1.46384682321514,1.46384682321514
2056,lws,joint,1.4938468232151403,1.4938468232151403,1.4938468232151403
2057,lws,joint,1.5238468232151403,1.5238468232151403,1.5238468232151403
2058,lws,joint,1.5538468232151406,1.5538468232151406,1.5538468232151406
2059,lws,joint,1.5838468232151408,1.5838468232151408,1.5838468232151408
2060,lws,joint,1.6138468232151408,1.6138468232151408,1.6138468232151408
2061,lws,joint,1.643846823215141,1.643846823215141,1.643846823215141
2062,lws,joint,1.6738468232151413,1.6738468232151413,1.6738468232151413
2063,lws,joint,1.7038468232151414,1.7038468232151414,1.7038468232151414
2064,lws,joint,1.7338468232151416,1.7338468232151416,1.7338468232151416
2065,lws,joint,1.7638468232151416,1.7638468232151416,1.7638468232151416
2066,lws,joint,1.7938468232151419,1.7938468232151419,1.7938468232151419
2067,lws,joint,1.8238468232151421,1.8238468232151421,1.8238468232151421
2068,lws,joint,1.8538468232151422,1.8538468232151422,1.8538468232151422
2069,lws,joint,1.8838468232151424,1.8838468232151424,1.8838468232151424
2070,lws,joint,1.9138468232151424,1.9138468232151424,1.9138468232151424
2071,lws,joint,1.9438468232151427,1.9438468232151427,1.9438468232151427
2072,lws,joint,1.973846823215143,1.973846823215143,1.973846823215143
2073,lws,joint,2.003846823215143,2.003846823215143,2.003846823215143
2074,lws,joint,2.033846823215143,2.033846823215143,2.033846823215143
2075,lws,joint,2.063846823215143,2.063846823215143,2.063846823215143
2076,lws,joint,2.0938468232151433,2.0938468232151433,2.0938468232151433
2077,lws,joint,2.1238468232151435,2.1238468232151435,2.1238468232151435
2078,lws,joint,2.1538468232151438,2.1538468232151438,2.1538468232151438
2079,lws,joint,2.183846823215144,2.183846823215144,2.183846823215144
2080,lws,joint,2.213846823215144,2.213846823215144,2.213846823215144
2081,lws,joint,2.243846823215144,2.243846823215144,2.243846823215144
2082,lws,joint,2.2738468232151443,2.2738468232151443,2.2738468232151443
2083,lws,joint,2.3038468232151446,2.3038468232151446,2.3038468232151446
2084,lws,joint,2.333846823215145,2.333846823215145,2.333846823215145
2085,lws,joint,2.3638468232151446,2.3638468232151446,2.3638468232151446
2086,lws,joint,2.393846823215145,2.393846823215145,2.393846823215145
2087,lws,joint,2.423846823215145,2.423846823215145,2.423846823215145
2088,lws,joint,2.4538468232151454,2.4538468232151454,2.4538468232151454
2089,lws,joint,2.4838468232151456,2.4838468232151456,2.4838468232151456
2090,lws,joint,2.513846823215146,2.513846823215146,2.513846823215146
2091,lws,joint,2.5438468232151457,2.5438468232151457,2.5438468232151457
2092,lws,joint,2.573846823215146,2.573846823215146,2.573846823215146
2093,lws,joint,2.603846823215146,2.603846823215146,2.603846823215146
2094,lws,joint,2.6338468232151464,2.6338468232151464,2.6338468232151464
2095,lws,joint,2.6638468232151467,2.6638468232151467,2.6638468232151467
2096,lws,joint,2.6938468232151465,2.6938468232151465,2.6938468232151465
2097,lws,joint,2.7238468232151467,2.7238468232151467,2.7238468232151467
2098,lws,joint,2.753846823215147,2.753846823215147,2.753846823215147
2099,lws,joint,2.783846823215147,2.783846823215147,2.783846823215147
2100,lws,joint,2.8138468232151475,2.8138468232151475,2.8138468232151475
2101,lws,joint,2.8438468232151473,2.8438468232151473,2.8438468232151473
2102,lws,joint,2.8738468232151475,2.8738468232151475,2.8738468232151475
2103,lws,joint,2.9038468232151478,2.9038468232151478,2.9038468232151478
2104,lws,joint,2.933846823215148,2.933846823215148,2.933846823215148
2105,lws,joint,2.9638468232151483,2.9638468232151483,2.9638468232151483
2106,lws,joint,2.9938468232151485,2.9938468232151485,2.9938468232151485
2107,lws,joint,3.0238468232151483,3.0238468232151483,3.0238468232151483
2108,lws,joint,3.053846823215148,3.053846823215148,3.053846823215148
2109,lws,joint,3.0838468232151484,3.0838468232151484,3.0838468232151484
2110,lws,joint,3.1138468232151486,3.1138468232151486,3.1138468232151486
2111,lws,joint,3.143846823215149,3.143846823215149,3.143846823215149
2112,lws,joint,3.173846823215149,3.173846823215149,3.173846823215149
2113,lws,joint,3.203846823215149,3.203846823215149,3.203846823215149
2114,lws,joint,3.233846823215149,3.233846823215149,3.233846823215149
2115,lws,joint,3.2638468232151494,3.2638468232151494,3.2638468232151494
2116,lws,joint,3.2938468232151497,3.2938468232151497,3.2938468232151497
2117,lws,joint,3.32384682321515,3.32384682321515,3.32384682321515
2118,lws,joint,3.35384682321515,3.35384682321515,3.35384682321515
2119,lws,joint,3.38384682321515,3.38384682321515,3.38384682321515
2120,lws,joint,3.41384682321515,3.41384682321515,3.41384682321515
2121,lws,joint,3.4438468232151505,3.4438468232151505,3.4438468232151505
2122,lws,joint,3.4738468232151507,3.4738468232151507,3.4738468232151507
2123,lws,joint,3.503846823215151,3.503846823215151,3.503846823215151
2124,lws,joint,3.5338468232151508,3.5338468232151508,3.5338468232151508
2125,lws,joint,3.563846823215151,3.563846823215151,3.563846823215151
2126,lws,joint,3.5938468232151513,3.5938468232151513,3.5938468232151513
2127,lws,joint,3.6238468232151515,3.6238468232151515,3.6238468232151515
2128,lws,joint,3.6538468232151518,3.6538468232151518,3.6538468232151518
2129,lws,joint,3.6838468232151516,3.6838468232151516,3.6838468232151516
2130,lws,joint,3.713846823215152,3.713846823215152,3.713846823215152
2131,lws,joint,3.743846823215152,3.743846823215152,3.743846823215152
2132,lws,joint,3.7738468232151523,3.7738468232151523,3.7738468232151523
2133,lws,joint,3.8038468232151526,3.8038468232151526,3.8038468232151526
2134,lws,joint,3.8338468232151524,3.8338468232151524,3.8338468232151524
2135,lws,joint,3.8638468232151526,3.8638468232151526,3.8638468232151526
2136,lws,joint,3.893846823215153,3.893846823215153,3.893846823215153
2137,lws,joint,3.923846823215153,3.923846823215153,3.923846823215153
2138,lws,joint,3.9538468232151533,3.9538468232151533,3.9538468232151533
2139,lws,joint,3.9838468232151536,3.9838468232151536,3.9838468232151536
2140,lws,joint,4.013846823215154,4.013846823215154,4.013846823215154
2141,lws,joint,4.043846823215154,4.043846823215154,4.043846823215154
2142,lws,joint,4.0738468232151535,4.0738468232151535,4.0738468232151535
2143,lws,joint,4.103846823215154,4.103846823215154,4.103846823215154
2144,lws,joint,4.133846823215154,4.133846823215154,4.133846823215154
2145,lws,joint,4.163846823215154,4.163846823215154,4.163846823215154
2146,lws,joint,4.1938468232151545,4.1938468232151545,4.1938468232151545
2147,lws,joint,4.223846823215155,4.223846823215155,4.223846823215155
2148,lws,joint,4.253846823215155,4.253846823215155,4.253846823215155
2149,lws,joint,4.283846823215155,4.283846823215155,4.283846823215155
2150,lws,joint,4.3138468232151554,4.3138468232151554,4.3138468232151554
2151,lws,joint,4.343846823215156,4.343846823215156,4.343846823215156
2152,lws,joint,4.373846823215156,4.373846823215156,4.373846823215156
2153,lws,joint,4.403846823215155,4.403846823215155,4.403846823215155
2154,lws,joint,4.4338468232151556,4.4338468232151556,4.4338468232151556
2155,lws,joint,4.463846823215156,4.463846823215156,4.463846823215156
2156,lws,joint,4.493846823215156,4.493846823215156,4.493846823215156
2157,lws,joint,4.523846823215156,4.523846823215156,4.523846823215156
2158,lws,joint,4.5538468232151565,4.5538468232151565,4.5538468232151565
2159,lws,joint,4.583846823215157,4.583846823215157,4.583846823215157
2160,lws,joint,4.613846823215157,4.613846823215157,4.613846823215157
2161,lws,joint,4.643846823215157,4.643846823215157,4.643846823215157
2162,lws,joint,4.6738468232151575,4.6738468232151575,4.6738468232151575
2163,lws,joint,4.703846823215158,4.703846823215158,4.703846823215158
2164,lws,joint,4.733846823215157,4.733846823215157,4.733846823215157
2165,lws,joint,4.763846823215157,4.763846823215157,4.763846823215157
2166,lws,joint,4.793846823215158,4.793846823215158,4.793846823215158
2167,lws,joint,4.823846823215158,4.823846823215158,4.823846823215158
2168,lws,joint,4.853846823215158,4.853846823215158,4.853846823215158
2169,lws,joint,4.883846823215158,4.883846823215158,4.883846823215158
2170,lws,joint,4.913846823215159,4.913846823215159,4.913846823215159
2171,lws,joint,4.943846823215159,4.943846823215159,4.943846823215159
2172,lws,joint,4.973846823215159,4.973846823215159,4.973846823215159
2173,lws,joint,5.003846823215159,5.003846823215159,5.003846823215159
2174,lws,joint,5.03384682321516,5.03384682321516,5.03384682321516
2175,lws,joint,5.063846823215159,5.063846823215159,5.063846823215159
2176,lws,joint,5.093846823215159,5.093846823215159,5.093846823215159
2177,lws,joint,5.1238468232151595,5.1238468232151595,5.1238468232151595
2178,lws,joint,5.15384682321516,5.15384682321516,5.15384682321516
2179,lws,joint,5.18384682321516,5.18384682321516,5.18384682321516
2180,lws,joint,5.21384682321516,5.21384682321516,5.21384682321516
2181,lws,joint,5.2438468232151605,5.2438468232151605,5.2438468232151605
2182,lws,joint,5.273846823215161,5.273846823215161,5.273846823215161
2183,lws,joint,5.303846823215161,5.303846823215161,5.303846823215161
2184,lws,joint,5.333846823215161,5.333846823215161,5.333846823215161
2185,lws,joint,5.363846823215161,5.363846823215161,5.363846823215161
2186,lws,joint,5.393846823215161,5.393846823215161,5.393846823215161
2187,lws,joint,5.423846823215161,5.423846823215161,5.423846823215161
2188,lws,joint,5.453846823215161,5.453846823215161,5.453846823215161
2189,lws,joint,5.483846823215162,5.483846823215162,5.483846823215162
2190,lws,joint,5.513846823215162,5.513846823215162,5.513846823215162
2191,lws,joint,5.543846823215162,5.543846823215162,5.543846823215162
2192,lws,joint,5.573846823215162,5.573846823215162,5.573846823215162
2193,lws,joint,5.603846823215163,5.603846823215163,5.603846823215163
2194,lws,joint,5.633846823215163,5.633846823215163,5.633846823215163
2195,lws,joint,5.663846823215163,5.663846823215163,5.663846823215163
2196,lws,joint,5.6938468232151624,5.6938468232151624,5.6938468232151624
2197,lws,joint,5.723846823215163,5.723846823215163,5.723846823215163
2198,lws,joint,5.753846823215163,5.753846823215163,5.753846823215163
2199,lws,joint,5.783846823215163,5.783846823215163,5.783846823215163
2200,lws,joint,5.813846823215163,5.813846823215163,5.813846823215163
2201,lws,joint,5.843846823215164,5.843846823215164,5.843846823215164
2202,lws,joint,5.873846823215164,5.873846823215164,5.873846823215164
2203,lws,joint,5.903846823215164,5.903846823215164,5.903846823215164
2204,lws,joint,5.933846823215164,5.933846823215164,5.933846823215164
2205,lws,joint,5.963846823215165,5.963846823215165,5.963846823215165
2206,lws,joint,5.993846823215164,5.993846823215164,5.993846823215164
2207,lws,joint,6.023846823215164,6.023846823215164,6.023846823215164
2208,lws,joint,6.0538468232151645,6.0538468232151645,6.0538468232151645
2209,lws,joint,6.083846823215165,6.083846823215165,6.083846823215165
2210,lws,joint,6.113846823215165,6.113846823215165,6.113846823215165
2211,lws,joint,6.143846823215165,6.143846823215165,6.143846823215165
2212,lws,joint,6.1738468232151655,6.1738468232151655,6.1738468232151655
2213,lws,joint,6.203846823215165,6.203846823215165,6.203846823215165
2214,lws,joint,6.233846823215164,6.233846823215164,6.233846823215164
2215,lws,joint,6.263846823215164,6.263846823215164,6.263846823215164
2216,lws,joint,6.293846823215163,6.293846823215163,6.293846823215163
2217,lws,joint,6.323846823215163,6.323846823215163,6.323846823215163
2218,lws,joint,6.353846823215163,6.353846823215163,6.353846823215163
2219,lws,joint,6.383846823215162,6.383846823215162,6.383846823215162
2220,lws,joint,6.413846823215161,6.413846823215161,6.413846823215161
2221,lws,joint,6.443846823215161,6.443846823215161,6.443846823215161
2222,lws,joint,6.47384682321516,6.47384682321516,6.47384682321516
2223,lws,joint,6.503846823215159,6.503846823215159,6.503846823215159
2224,lws,joint,6.533846823215159,6.533846823215159,6.533846823215159
2225,lws,joint,6.563846823215159,6.563846823215159,6.563846823215159
2226,lws,joint,6.593846823215158,6.593846823215158,6.593846823215158
2227,lws,joint,6.623846823215158,6.623846823215158,6.623846823215158
2228,lws,joint,6.653846823215157,6.653846823215157,6.653846823215157
2229,lws,joint,6.683846823215156,6.683846823215156,6.683846823215156
2230,lws,joint,6.713846823215156,6.713846823215156,6.713846823215156
2231,lws,joint,6.743846823215155,6.743846823215155,6.743846823215155
2232,lws,joint,6.7738468232151545,6.7738468232151545,6.7738468232151545
2233,lws,joint,6.803846823215155,6.803846823215155,6.803846823215155
2234,lws,joint,6.833846823215154,6.833846823215154,6.833846823215154
2235,lws,joint,6.8638468232151535,6.8638468232151535,6.8638468232151535
2236,lws,joint,6.893846823215153,6.893846823215153,6.893846823215153
2237,lws,joint,6.923846823215152,6.923846823215152,6.923846823215152
2238,lws,joint,6.953846823215152,6.953846823215152,6.953846823215152
2239,lws,joint,6.983846823215151,6.983846823215151,6.983846823215151
2240,lws,joint,7.01384682321515,7.01384682321515,7.01384682321515
2241,lws,joint,7.0438468232151505,7.0438468232151505,7.0438468232151505
2242,lws,joint,7.07384682321515,7.07384682321515,7.07384682321515
2243,lws,joint,7.103846823215149,7.103846823215149,7.103846823215149
2244,lws,joint,7.133846823215149,7.133846823215149,7.133846823215149
2245,lws,joint,7.163846823215148,7.163846823215148,7.163846823215148
2246,lws,joint,7.193846823215147,7.193846823215147,7.193846823215147
2247,lws,joint,7.223846823215147,7.223846823215147,7.223846823215147
2248,lws,joint,7.253846823215146,7.253846823215146,7.253846823215146
2249,lws,joint,7.283846823215146,7.283846823215146,7.283846823215146
2250,lws,joint,7.313846823215146,7.313846823215146,7.313846823215146
2251,lws,joint,7.343846823215145,7.343846823215145,7.343846823215145
2252,lws,joint,7.373846823215144,7.373846823215144,7.373846823215144
2253,lws,joint,7.403846823215144,7.403846823215144,7.403846823215144
2254,lws,joint,7.433846823215143,7.433846823215143,7.433846823215143
2255,lws,joint,7.4638468232151425,7.4638468232151425,7.4638468232151425
2256,lws,joint,7.493846823215142,7.493846823215142,7.493846823215142
2257,lws,joint,7.523846823215142,7.523846823215142,7.523846823215142
2258,lws,joint,7.5538468232151414,7.5538468232151414,7.5538468232151414
2259,lws,joint,7.583846823215141,7.583846823215141,7.583846823215141
2260,lws,joint,7.61384682321514,7.61384682321514,7.61384682321514
2261,lws,joint,7.6438468232151395,7.6438468232151395,7.6438468232151395
2262,lws,joint,7.673846823215139,7.673846823215139,7.673846823215139
2263,lws,joint,7.703846823215138,7.703846823215138,7.703846823215138
2264,lws,joint,7.733846823215138,7.733846823215138,7.733846823215138
2265,lws,joint,7.763846823215138,7.763846823215138,7.763846823215138
2266,lws,joint,7.793846823215137,7.793846823215137,7.793846823215137
2267,lws,joint,7.823846823215137,7.823846823215137,7.823846823215137
2268,lws,joint,7.853846823215136,7.853846823215136,7.853846823215136
2269,lws,joint,7.883846823215135,7.883846823215135,7.883846823215135
2270,lws,joint,7.9138468232151356,7.9138468232151356,7.9138468232151356
2271,lws,joint,7.943846823215135,7.943846823215135,7.943846823215135
2272,lws,joint,7.973846823215134,7.973846823215134,7.973846823215134
2273,lws,joint,8.003846823215135,8.003846823215135,8.003846823215135
2274,lws,joint,8.033846823215134,8.033846823215134,8.033846823215134
2275,lws,joint,8.063846823215133,8.063846823215133,8.063846823215133
2276,lws,joint,8.093846823215133,8.093846823215133,8.093846823215133
2277,lws,joint,8.123846823215132,8.123846823215132,8.123846823215132
2278,lws,joint,8.153846823215131,8.153846823215131,8.153846823215131
2279,lws,joint,8.18384682321513,8.18384682321513,8.18384682321513
2280,lws,joint,8.21384682321513,8.21384682321513,8.21384682321513
2281,lws,joint,8.24384682321513,8.24384682321513,8.24384682321513
2282,lws,joint,8.273846823215129,8.273846823215129,8.273846823215129
2283,lws,joint,8.303846823215128,8.303846823215128,8.303846823215128
2284,lws,joint,8.333846823215127,8.333846823215127,8.333846823215127
2285,lws,joint,8.363846823215129,8.363846823215129,8.363846823215129
2286,lws,joint,8.393846823215128,8.393846823215128,8.393846823215128
2287,lws,joint,8.423846823215127,8.423846823215127,8.423846823215127
2288,lws,joint,8.453846823215127,8.453846823215127,8.453846823215127
2289,lws,joint,8.483846823215126,8.483846823215126,8.483846823215126
2290,lws,joint,8.513846823215125,8.513846823215125,8.513846823215125
2291,lws,joint,8.543846823215125,8.543846823215125,8.543846823215125
2292,lws,joint,8.573846823215124,8.573846823215124,8.573846823215124
2293,lws,joint,8.603846823215124,8.603846823215124,8.603846823215124
2294,lws,joint,8.633846823215123,8.633846823215123,8.633846823215123
2295,lws,joint,8.663846823215122,8.663846823215122,8.663846823215122
2296,lws,joint,8.693846823215122,8.693846823215122,8.693846823215122
2297,lws,joint,8.723846823215121,8.723846823215121,8.723846823215121
2298,lws,joint,8.75384682321512,8.75384682321512,8.75384682321512
2299,lws,joint,8.78384682321512,8.78384682321512,8.78384682321512
2300,lws,joint,8.813846823215119,8.813846823215119,8.813846823215119
1990,total,fixed,-3.2997821647832444,-3.5334007191031054,-3.093746787391383
1991,total,fixed,-3.0547844456494326,-3.2675575894507496,-2.868095606200297
1992,total,fixed,-2.7938912918198904,-2.990620938844654,-2.612705912242229
1993,total,fixed,-3.1839272311486297,-3.390819656412612,-2.984660957013185
1994,total,fixed,-3.1253773767771955,-3.327869905551011,-2.928698597862997
1995,total,fixed,-2.8059403156362075,-2.991090954311938,-2.625549694578723
1996,total,fixed,-2.594542791832967,-2.7632533130757286,-2.4271756291113626
1997,total,fixed,-2.4293501345290958,-2.5788212909426216,-2.2770528441486366
1998,total,fixed,-2.080560154825661,-2.213001074833058,-1.9455078613410848
1999,total,fixed,-1.8624839154755177,-1.9717215746576706,-1.7459604110183173
2000,total,fixed,-1.7194201204292785,-1.8102522274034498,-1.621251730635816
2001,total,fixed,-1.1982993643379265,-1.2714253654149839,-1.1205999904712087
2002,total,fixed,-0.7092915449699513,-0.7631046081013345,-0.6532558212323624
2003,total,fixed,-0.3272813135670507,-0.3628539359505616,-0.2915541510983798
2004,total,fixed,-0.26401323664417653,-0.2804433467618635,-0.24952521124485055
2005,total,fixed,0.17234441632337472,0.15431013444889707,0.18868926414168224
2006,total,fixed,0.5053551573044857,0.47241572637075313,0.5370918387979964
2007,total,fixed,0.7261789299496462,0.6752631833692706,0.7747896565468466
2008,total,fixed,1.036826791836,0.9677580358559094,1.1035562002453034
2009,total,fixed,1.3998570355660123,1.3129640551886852,1.4841806717491965
2010,total,fixed,1.7411063394863708,1.6345469722243433,1.8462765820937213
2011,total,fixed,1.8847051354655537,1.7491841072182333,2.0126711040799607
2012,total,fixed,2.581707636056298,2.425840413935501,2.728871683769334
2013,total,fixed,2.8721241447725925,2.6949329217678804,3.0423373282568913
2014,total,fixed,3.0763371570952796,2.8766972860270763,3.2689641332197743
2015,total,fixed,3.8335978265427384,3.608320116919119,4.048566499552432
2016,total,fixed,4.3048890030167986,4.059899412259584,4.540252217231369
2017,total,fixed,4.512846991551453,4.2392708441275815,4.773898749051062
2018,total,fixed,4.783710653073016,4.487738255533429,5.069211739108831
2019,total,fixed,5.232638412167875,4.916043269396712,5.540316284899953
2020,total,fixed,5.384170756481753,5.044697861652791,5.718058123494331
2021,total,fixed,5.815248605864881,5.449888754856129,6.17172629057507
2022,total,fixed,6.1817710214865995,5.789553746036803,6.562172888339086
2023,total,fixed,6.631149938466827,6.2137140907456185,7.036678670744324
2024,total,fixed,7.043346843961652,6.599126070322086,7.477774453383599
2025,total,fixed,7.45174820922038,6.984618018906613,7.916672013119509
2026,total,fixed,7.880735431558495,7.384559297707695,8.374018562607523
2027,total,fixed,8.30301423157087,7.783170612431453,8.827094998015891
2028,total,fixed,8.722276986766307,8.17732466981247,9.271018046016138
2029,total,fixed,9.1404694116355,8.574461486969414,9.717431039426197
2030,total,fixed,9.557672453957872,8.963461453225326,10.161655107005972
2031,total,fixed,9.97718962851224,9.357175281934714,10.612485927747045
2032,total,fixed,10.396038575378626,9.754099413264955,11.064036357161946
2033,total,fixed,10.822295426856229,10.152053288171963,11.522590626678065
2034,total,fixed,11.258783659212416,10.555721913458498,11.99194723866377
2035,total,fixed,11.70376242787596,10.96928728257565,12.467416318342815
2036,total,fixed,12.154272095370636,11.389006436544092,12.946227281816117
2037,total,fixed,12.61312823704441,11.814286481696456,13.436384613678312
2038,total,fixed,13.078004429249388,12.24808095824115,13.937998307997205
2039,total,fixed,13.547773442260482,12.682864863571563,14.446135476199055
2040,total,fixed,14.014055626824304,13.112925228846526,14.948763966475799
2041,total,fixed,14.48234036675872,13.546272995999685,15.455470716508309
2042,total,fixed,14.95405505417395,13.980410482003228,15.966479972629218
2043,total,fixed,15.431030683088832,14.41824828505885,16.486043969884214
2044,total,fixed,15.915594180139054,14.858345818612815,17.006338275931206
2045,total,fixed,16.40411823882977,15.309389208668566,17.538274978631907
2046,total,fixed,16.903560299103464,15.771868554370725,18.103296288449137
2047,total,fixed,17.413358587581904,16.23664577070252,18.70775495643006
2048,total,fixed,17.926914318073376,16.707228747438034,19.304334339053945
2049,total,fixed,18.439595847790287,17.177855364259685,19.94494530985892
2050,total,fixed,18.95981233659203,17.652451855082415,20.58510495779762
2051,total,fixed,19.484462194972977,18.16212668216151,21.213144178835048
2052,total,fixed,20.00751716262257,18.641841266312642,21.946824843393735
2053,total,fixed,20.541126249989645,19.12183756335952,22.631865497965876
2054,total,fixed,21.068504495380285,19.60273729451002,23.777622770673535
2055,total,fixed,21.60177627584408,20.087506066294893,24.88064809297652
2056,total,fixed,22.13115868565717,20.5832374940646,26.160482937438214
2057,total,fixed,22.677086864233722,21.073493978381304,27.31914762482615
2058,total,fixed,23.23605064684258,21.57077112610606,28.467359443235516
2059,total,fixed,23.80152177786556,22.068663479714548,29.944654306690985
2060,total,fixed,24.366431232171784,22.600510240906537,31.178653470291653
2061,total,fixed,24.938699289166188,23.106648176694605,32.38049738337256
2062,total,fixed,25.497428681907245,23.6025971074154,33.59760897553768
2063,total,fixed,26.08183108850073,24.104952540563826,34.99768051949799
2064,total,fixed,26.643963295315675,24.601360024302377,36.301983623627564
2065,total,fixed,27.221740879896714,25.102859363439133,37.505124189994746
2066,total,fixed,27.78581954617875,25.61411927036914,38.76217933223308
2067,total,fixed,28.36368399426304,26.12812165359007,40.239378958832155
2068,total,fixed,28.93639320636595,26.63548630525064,41.416225984795105
2069,total,fixed,29.510469804506094,27.14185298180854,42.820846314672025
2070,total,fixed,30.09608227204577,27.655877762804824,44.163710875419646
2071,total,fixed,30.702679119295972,28.169811088334733,45.62619370672888
2072,total,fixed,31.315278515764618,28.68143215592902,47.15031320836419
2073,total,fixed,31.961931019874523,29.201279773338477,48.60464298868276
2074,total,fixed,32.57497377477811,29.73338062189315,49.97918244031436
2075,total,fixed,33.1775193255404,30.24390521941243,51.382637399837684
2076,total,fixed,33.79823962632841,30.771428196819915,52.85810331700968
2077,total,fixed,34.4117647230498,31.293253488208094,54.14668721246477
2078,total,fixed,35.02222988036992,31.799734784179872,55.78291118365795
2079,total,fixed,35.6337514704299,32.315555955190845,57.33535722134297
2080,total,fixed,36.23007250046542,32.82474606269115,58.99927561167336
2081,total,fixed,36.84766853118433,33.3872342284484,60.5370284021309
2082,total,fixed,37.50517936057581,33.90311887333128,62.28965971578364
2083,total,fixed,38.176930590510146,34.49630298857812,64.04693408241761
2084,total,fixed,38.83807924633683,35.03779172167713,65.78325416381371
2085,total,fixed,39.487792429987074,35.55874579318832,67.44557969024767
2086,total,fixed,40.168152656891465,36.06821902841305,68.92094009189795
2087,total,fixed,40.82666091115533,36.58979476279148,70.48251385121387
2088,total,fixed,41.473029938397275,37.10535341370995,72.03963862752504
2089,total,fixed,42.13059935432044,37.601229187071034,73.45421858544499
2090,total,fixed,42.776157919491965,38.1290811582413,74.83247421452377
2091,total,fixed,43.44236018200331,38.619862829247054,76.70785678921783
2092,total,fixed,44.10330207375726,39.09696894197228,78.18514586388812
2093,total,fixed,44.81032819415576,39.62689742622358,79.6387268630479
2094,total,fixed,45.4521570538346,40.18253825921295,81.24843883846022
2095,total,fixed,46.18362208952073,40.705048325547324,82.84762836627309
2096,total,fixed,46.869508380005456,41.21859772531151,84.48089907959847
2097,total,fixed,47.72596670388565,41.7150625168371,86.27436538017828
2098,total,fixed,48.49736272985201,42.195183934632205,87.71972524713168
2099,total,fixed,49.36925044843436,42.684237515853624,89.33605401888035
2100,total,fixed,50.25643393432318,43.16041236236655,90.9746018527712
2101,total,fixed,51.02674956832688,43.63032236139737,92.56076668237338
2102,total,fixed,51.91360328450075,44.09853823183549,94.51175787664326
2103,total,fixed,52.75287818549601,44.580182745447345,96.21218032246115
2104,total,fixed,53.644849110917825,45.08803376246933,97.87791220831542
2105,total,fixed,54.72953413850428,45.59933791687761,99.71888354771903
2106,total,fixed,55.88593170087664,46.080869455528656,101.09978288650052
2107,total,fixed,56.82084078161013,46.54806403113578,102.90134760397764
2108,total,fixed,58.018044149101065,47.00716497546467,104.54209163471339
2109,total,fixed,59.335516561231266,47.45870001984673,106.2874334304732
2110,total,fixed,60.55009679981869,47.914961493961606,108.03857668009726
2111,total,fixed,61.762800705210616,48.36925591286372,109.74888657581442
2112,total,fixed,63.132873774960245,48.816496278190016,111.53049707935125
2113,total,fixed,64.56842354744089,49.30000137041241,113.28845256124224
2114,total,fixed,65.76161050125299,49.742252800627526,115.0156629195922
2115,total,fixed,66.94214245997006,50.203901088768596,116.7534891307614
2116,total,fixed,68.07934184050421,50.65479337015898,118.51230560404372
2117,total,fixed,69.27810984699195,51.09759293361046,120.22427034461461
2118,total,fixed,70.3724580102733,51.590678548982844,122.04723870538001
2119,total,fixed,71.53546554221217,52.01235875502054,123.82721397579827
2120,total,fixed,72.63793138794362,52.425662139007116,125.41140446012608
2121,total,fixed,73.7742775692268,52.834899663713465,127.1058887153423
2122,total,fixed,74.90291282777768,53.25301057931652,128.79879684227916
2123,total,fixed,76.12105594276672,53.67739062078729,130.21885198471827
2124,total,fixed,77.1253016013174,54.113432792461936,131.69965845378965
2125,total,fixed,78.26748424256738,54.55221297211456,133.56200356986068
2126,total,fixed,79.50737161003958,55.00981159695615,134.9847628492112
2127,total,fixed,80.78145963910225,55.49816136172693,136.5391597117055
2128,total,fixed,81.89331188280576,55.901668109492874,138.24197155266322
2129,total,fixed,82.93833614744435,56.320395129574884,140.00972835063862
2130,total,fixed,84.04721482499912,56.74854214424039,141.54230819919243
2131,total,fixed,85.15488645749492,57.14862847889157,143.20237101427608
2132,total,fixed,86.36841489745271,57.54481447531418,144.74462646112096
2133,total,fixed,87.50116602716193,57.94373533577391,146.3746134931437
2134,total,fixed,88.64801835602707,58.3761320266919,148.15621453856548
2135,total,fixed,89.86468840068461,58.7882418245041,149.8487973241112
2136,total,fixed,90.81667673929444,59.19919751724395,151.52008538277045
2137,total,fixed,91.86572547271825,59.6298871623603,153.20315536501704
2138,total,fixed,92.97582029462785,60.033424292277715,154.87576165359332
2139,total,fixed,94.0259799219663,60.42287246795072,156.8571279759815
2140,total,fixed,95.02097692054687,60.82822350762155,158.84818684346766
2141,total,fixed,96.1377970970525,61.219415680383214,160.7624361913177
2142,total,fixed,97.1446548952879,61.60849646422649,162.3209457659622
2143,total,fixed,98.11228522634468,62.00880750721943,163.7615234705786
2144,total,fixed,99.35308882191444,62.377331970311005,165.19556588639054
2145,total,fixed,100.77778536286147,62.75773691701829,166.69406750829003
2146,total,fixed,101.81888241395899,63.13939392231572,168.1278152956582
2147,total,fixed,103.02883886488134,63.53386312636556,169.91530302919307
2148,total,fixed,103.99792319470072,63.91643932702694,171.64801670633983
2149,total,fixed,105.27974864436543,64.30151738401993,173.14936832541048
2150,total,fixed,106.45442335565099,64.68078853239301,174.6480763635148
2151,total,fixed,107.5488943196841,65.05950183948991,176.51641573526027
2152,total,fixed,108.54410392405242,65.54481718291666,177.86680413282164
2153,total,fixed,109.59884838656825,65.92934281081247,179.37415294604094
2154,total,fixed,110.56875470134659,66.30107459534487,180.97916811330762
2155,total,fixed,111.51898385092389,66.67429468437989,182.6101900116356
2156,total,fixed,112.58877438290753,67.0472364326761,184.32197294945587
2157,total,fixed,113.68692547046945,67.42291970148632,186.09356043468065
2158,total,fixed,114.71122009341994,67.80179820141512,188.00326249626087
2159,total,fixed,115.84295743951719,68.21753081435608,189.53103390722
2160,total,fixed,116.98537728317139,68.59874123678189,190.90205434370034
2161,total,fixed,118.19789474561995,69.03220689537993,192.72289244335462
2162,total,fixed,119.29120340249946,69.39047091454862,194.847096477464
2163,total,fixed,120.25612266768641,69.80351304028576,196.37220196179132
2164,total,fixed,121.15829825625421,70.15382622309097,197.8935836256478
2165,total,fixed,122.30684824760121,70.50112979498854,199.41213787425437
2166,total,fixed,123.30353663317311,70.84632420620821,200.92527064450428
2167,total,fixed,124.43909585103343,71.19670055312434,202.43563288279557
2168,total,fixed,125.44408093906068,71.55691241558999,203.9490841297066
2169,total,fixed,126.6095969900497,71.92325278754939,205.46868802557938
2170,total,fixed,127.58416066656396,72.29676718123245,207.104106101842
2171,total,fixed,128.66900319852704,72.66897016418945,208.53963926773622
2172,total,fixed,129.74688549516088,73.05976484535088,210.03425896087293
2173,total,fixed,131.03883032800036,73.50982493858382,211.67214535543374
2174,total,fixed,132.10862568032687,73.89273852550652,213.26629420353677
2175,total,fixed,133.23351476996913,74.26163798246054,214.8000783792129
2176,total,fixed,134.45059567621786,74.61259794891183,216.39124078727951
2177,total,fixed,135.51192948165902,74.96101744144192,217.97909988362133
2178,total,fixed,136.60084380410603,75.30645181358798,219.55938749872692
2179,total,fixed,137.84563377619307,75.63622237778222,221.1310003297038
2180,total,fixed,138.969021215146,75.98201209382684,222.7065890990187
2181,total,fixed,140.0612233508262,76.33384865822717,224.28474605556934
2182,total,fixed,141.01903166492087,76.71297053621925,225.82924251540382
2183,total,fixed,142.05315492213265,77.07880350191704,227.26611701751912
2184,total,fixed,143.18250106423807,77.4516352053177,228.69809935750692
2185,total,fixed,144.29768522869387,77.81210471854304,230.1272451066347
2186,total,fixed,145.59419301413334,78.15904310389197,231.55060098369393
2187,total,fixed,146.6424990934909,78.49636771729378,232.96852468542963
2188,total,fixed,147.71410126608635,78.80586023258157,234.6989954133669
2189,total,fixed,148.78906598694965,79.11265466312766,236.48041162234807
2190,total,fixed,149.81054122155624,79.42742352434881,238.26171937345075
2191,total,fixed,150.88567881565643,79.75769077436334,239.97730651294796
2192,total,fixed,151.82050563230325,80.0930398240593,241.5382284377109
2193,total,fixed,152.84281259329154,80.42729575960651,243.04720075071066
2194,total,fixed,153.95018526327578,80.7601827110103,244.5191683120002
2195,total,fixed,154.97105178615465,81.09308421977066,245.99103465676993
2196,total,fixed,156.17810542548722,81.41695669153785,247.45296227663985
2197,total,fixed,157.3262615851017,81.73743803821877,249.01083484166375
2198,total,fixed,158.39000441860685,82.04752916063374,250.8244892555664
2199,total,fixed,159.41394158728792,82.35612117380344,252.41751535904854
2200,total,fixed,160.53492959382322,82.67651525497035,254.07447004289858
2201,total,fixed,161.73158477754694,82.99913745726309,255.5207573194163
2202,total,fixed,162.83642582138066,83.32643111476301,257.39979883711413
2203,total,fixed,163.67658256209359,83.65918042458641,259.28813565244633
2204,total,fixed,164.61537669304198,83.99277618427756,260.8637985891239
2205,total,fixed,165.71510181863954,84.46060633992408,262.39520940579087
2206,total,fixed,166.74977093767916,84.80179214631922,264.1578151808301
2207,total,fixed,167.80581904655875,85.10324576731037,265.9005760150068
2208,total,fixed,168.7326547075745,85.40376422822288,267.63336546289804
2209,total,fixed,169.75092995119144,85.78290111057984,269.3564636698346
2210,total,fixed,170.81098203250428,86.09791612438107,271.0775827017635
2211,total,fixed,171.619696127532,86.40330173878405,272.7950433459575
2212,total,fixed,172.57364442650496,86.68448160654955,274.3537060482283
2213,total,fixed,173.55574805172796,86.96682643188001,275.88020425788983
2214,total,fixed,174.4942800749825,87.24968370842507,277.4066340286741
2215,total,fixed,175.7922162830653,87.53001945560325,278.92461025168615
2216,total,fixed,176.99619637917857,87.80823640332844,280.4305237608451
2217,total,fixed,178.05198864458174,88.09082675409662,281.9329968331096
2218,total,fixed,179.07723734631128,88.39175601536175,283.8534435915042
2219,total,fixed,179.9636126244978,88.68960300618838,285.29758236122694
2220,total,fixed,180.95832322565775,88.98234642175396,286.9239145668668
2221,total,fixed,181.92884522880723,89.24469362481227,288.7219150839079
2222,total,fixed,182.93700224480284,89.50453159156073,290.1545266414591
2223,total,fixed,183.98220079685416,89.76228014756569,291.5813932812455
2224,total,fixed,185.01808853568247,90.01938300626966,292.97529990238485
2225,total,fixed,185.96934788188838,90.28985240452946,294.36916774925544
2226,total,fixed,186.85535799342017,90.57458277819315,295.76127497080626
2227,total,fixed,187.91774990791725,90.85891086704396,297.1518462975578
2228,total,fixed,188.8808690729943,91.14335516605551,298.5423376512101
2229,total,fixed,189.94405542362512,91.42764668050508,299.9431618980693
2230,total,fixed,191.0860961845331,91.71003658532993,301.5804382351797
2231,total,fixed,192.04504505990616,91.99196967805653,303.6148529567364
2232,total,fixed,192.99127967217726,92.2731297501151,305.64790378799694
2233,total,fixed,193.9747340961041,92.55083504888003,307.2822666810182
2234,total,fixed,195.12352643718435,92.8248373787753,308.71091225642147
2235,total,fixed,196.15503296880394,93.09705852011979,310.34133233516417
2236,total,fixed,197.1646993005453,93.3491429840104,312.27813716083296
2237,total,fixed,198.32098933213663,93.59877626764688,314.20807213672947
2238,total,fixed,199.37338947341817,93.86317173937485,316.14407770351085
2239,total,fixed,200.39897937901236,94.14152866512163,317.9316205750156
2240,total,fixed,201.46723154202843,94.41953178120782,319.3965281493715
2241,total,fixed,202.4188947727776,94.69493437423068,320.85818203114076
2242,total,fixed,203.3427852282334,95.01315007256044,322.3189315156599
2243,total,fixed,204.27174156064325,95.28442685558038,323.7776570338696
2244,total,fixed,205.1938988261998,95.54895928987239,325.22851228029526
2245,total,fixed,206.29005287179393,95.81061530176832,326.67579580204085
2246,total,fixed,207.34312712457086,96.06601899284263,328.42022130572235
2247,total,fixed,208.35760130874493,96.31324139989651,329.91167144142617
2248,total,fixed,209.48396561159066,96.5649072039088,331.39179738987076
2249,total,fixed,210.43742605315038,96.82949602626337,332.8768131286988
2250,total,fixed,211.29081117915769,97.09730691037737,334.36565228093957
2251,total,fixed,212.22418670268453,97.36560315874456,335.8555386264116
2252,total,fixed,213.40981310176284,97.6216321574698,337.34077081900494
2253,total,fixed,214.33258009585393,97.8594077304463,338.82130579599556
2254,total,fixed,215.37920527234667,98.14386989990459,340.27938686832067
2255,total,fixed,216.29010142312163,98.38956360859075,341.77001739655475
2256,total,fixed,217.22230564544347,98.63433339495654,343.2723700486798
2257,total,fixed,218.1303728239884,98.87656483321844,344.95217783135996
2258,total,fixed,219.04087728741968,99.11642926517042,346.6165377832473
2259,total,fixed,219.99116541560704,99.35514260498603,348.25758501495585
2260,total,fixed,220.84483498640031,99.58845458543507,349.95446628568175
2261,total,fixed,221.77507610303775,99.81294039082452,351.35639829056225
2262,total,fixed,222.72168768447983,100.03986710097297,353.02767802801185
2263,total,fixed,223.72018295295737,100.2640894441659,354.55499053477297
2264,total,fixed,224.65070364534463,100.4931147802543,356.03391015595423
2265,total,fixed,225.6620991272777,100.74332957602235,357.49294898482333
2266,total,fixed,226.64191290722712,100.99002048648414,358.94635259836514
2267,total,fixed,227.62393022408003,101.23549624443955,360.3977790492622
2268,total,fixed,228.5274004945428,101.46509205499805,361.8562793276492
2269,total,fixed,229.652465667589,101.69029058409457,363.41258186766316
2270,total,fixed,230.63036880117969,101.91119120144661,364.94092036545135
2271,total,fixed,231.6506001184918,102.11712582989958,366.33392054194496
2272,total,fixed,232.65781909748281,102.32338391583666,367.8709867780034
2273,total,fixed,233.62573013463987,102.52868165972144,369.58282194860107
2274,total,fixed,234.68224125288654,102.73335830719066,371.22015246601313
2275,total,fixed,235.45423026351506,102.93720893703723,372.64069403021847
2276,total,fixed,236.35305761351833,103.14580844055544,374.0090022513646
2277,total,fixed,237.25017279335887,103.37058881733034,375.5447080555298
2278,total,fixed,238.23213993118446,103.59256280225546,377.0768944806647
2279,total,fixed,239.2027434428694,103.81321831781403,378.60708394366947
2280,total,fixed,240.10724760060666,104.03155748192532,380.13539170386093
2281,total,fixed,240.98176590386942,104.23029750682588,381.663415486505
2282,total,fixed,241.88460406538542,104.42743615692845,383.18348392373804
2283,total,fixed,242.84307576153756,104.62553629641101,384.7032811974516
2284,total,fixed,243.76770675326054,104.82193046986227,386.2207107595491
2285,total,fixed,244.74461668908123,105.01600366687434,387.7721828681293
2286,total,fixed,245.65732894108928,105.20841210426701,389.26990466888844
2287,total,fixed,246.47736183493703,105.4022141414947,390.7990306367446
2288,total,fixed,247.41840653109253,105.59525083641986,392.37750735738695
2289,total,fixed,248.24730779853107,105.7881095977406,394.0749663742041
2290,total,fixed,249.23366469277175,105.9785778409377,395.7087874524354
2291,total,fixed,250.42542807760884,106.16901540076236,397.178139036307
2292,total,fixed,251.2385269886601,106.35804781683487,398.63792392743665
2293,total,fixed,252.09200036670012,106.54768610289909,400.09680533936876
2294,total,fixed,253.04989020017484,106.7367741188072,401.55441939875845
2295,total,fixed,254.0439516378568,106.92582916458548,403.0115026849223
2296,total,fixed,255.09339711182156,107.11725343843109,404.4707649492155
2297,total,fixed,255.95063360093258,107.31064717292936,405.94207084948255
2298,total,fixed,256.8123685518165,107.50692709752103,407.45995648592645
2299,total,fixed,257.7489563742516,107.70107774220587,409.0636943350724
2300,total,fixed,258.6075333137521,107.89610780763928,410.66599011502734
1990,total,joint,-3.2997821647832444,-3.5334007191031054,-3.093746787391383
1991,total,joint,-3.0547844456494326,-3.2675575894507496,-2.868095606200297
1992,total,joint,-2.7938912918198904,-2.990620938844654,-2.612705912242229
1993,total,joint,-3.1839272311486297,-3.390819656412612,-2.984660957013185
1994,total,joint,-3.1253773767771955,-3.327869905551011,-2.928698597862997
1995,total,joint,-2.8059403156362075,-2.991090954311938,-2.625549694578723
1996,total,joint,-2.594542791832967,-2.7632533130757286,-2.4271756291113626
1997,total,joint,-2.4293501345290958,-2.5788212909426216,-2.2770528441486366
1998,total,joint,-2.080560154825661,-2.213001074833058,-1.9455078613410848
1999,total,joint,-1.8624839154755177,-1.9717215746576706,-1.7459604110183173
2000,total,joint,-1.7194201204292785,-1.8102522274034498,-1.621251730635816
2001,total,joint,-1.1982993643379265,-1.2714253654149839,-1.1205999904712087
2002,total,joint,-0.7092915449699513,-0.7631046081013345,-0.6532558212323624
2003,total,joint,-0.3272813135670507,-0.3628539359505616,-0.2915541510983798
2004,total,joint,-0.26401323664417653,-0.2804433467618635,-0.24952521124485055
2005,total,joint,0.17234441632337472,0.15431013444889707,0.18868926414168224
2006,total,joint,0.5053551573044857,0.47241572637075313,0.5370918387979964
2007,total,joint,0.7261789299496462,0.6752631833692706,0.7747896565468466
2008,total,joint,1.036826791836,0.9677580358559094,1.1035562002453034
2009,total,joint,1.3998570355660123,1.3129640551886852,1.4841806717491965
2010,total,joint,1.7411063394863708,1.6345469722243433,1.8462765820937213
2011,total,joint,1.8847051354655537,1.7491841072182333,2.0126711040799607
2012,total,joint,2.581707636056298,2.425840413935501,2.728871683769334
2013,total,joint,2.8721241447725925,2.6949329217678804,3.0423373282568913
2014,total,joint,3.0763371570952796,2.8766972860270763,3.2689641332197743
2015,total,joint,3.5733971382153547,3.1573478184505204,4.01764079790563
2016,total,joint,3.9970176713701866,3.5369318489111308,4.490981052011409
2017,total,joint,4.163262345966047,3.6550901346006066,4.702608322776127
2018,total,joint,4.392190864577113,3.832620125621151,4.984641507145707
2019,total,joint,4.800338305869542,4.195359720332665,5.447202377914276
2020,total,joint,4.924403831234624,4.269918197994364,5.623909437006494
2021,total,joint,5.315359352734434,4.608190730978925,6.067077913110682
2022,total,joint,5.645581876314634,4.891786924121481,6.457612940435719
2023,total,joint,6.053491961880684,5.254604189118533,6.921784188637681
2024,total,joint,6.420662959312557,5.566243461702039,7.351541952057869
2025,total,joint,6.774789771547882,5.870645186363153,7.757870295217414
2026,total,joint,7.154276424656239,6.190344904572809,8.190676662572354
2027,total,joint,7.530304168067588,6.5122643698950435,8.624693278158556
2028,total,joint,7.906951307127182,6.831514163418771,9.056230482905152
2029,total,joint,8.2883613627023,7.159256442442555,9.516673860718017
2030,total,joint,8.673769923147333,7.480637922473229,9.981313522607646
2031,total,joint,9.057049143140496,7.814469749069063,10.45077439573154
2032,total,joint,9.460914042267383,8.147792611932742,10.924607891293531
2033,total,joint,9.863479635242808,8.482179794941054,11.434176419192358
2034,total,joint,10.277558364551183,8.8329643659125,11.93724479262032
2035,total,joint,10.694580444218069,9.183139474127298,12.428596745403176
2036,total,joint,11.112315396513502,9.530354059713376,12.937843061852197
2037,total,joint,11.54708662917136,9.88925915491207,13.479103975110393
2038,total,joint,11.980762537597279,10.246298654936684,14.033094202801268
2039,total,joint,12.422222303557232,10.60222840055207,14.586600798807659
2040,total,joint,12.856954589073995,10.956860818309963,15.197352247932526
2041,total,joint,13.286714848916763,11.310256486335147,15.73866018023373
2042,total,joint,13.724954805946751,11.644869215252662,16.377084535922805
2043,total,joint,14.175132923888444,12.015690467771588,16.938848205816544
2044,total,joint,14.633918884492957,12.369848057981496,17.56734596015221
2045,total,joint,15.088519930040473,12.721677380925511,18.213439532012774
2046,total,joint,15.56140165338083,13.093159616854033,18.98659773769156
2047,total,joint,16.03030668498357,13.472917611057282,19.69997330403598
2048,total,joint,16.501395413295533,13.87100037011128,20.522895939261964
2049,total,joint,16.970906108469354,14.229396904995742,21.552658269476744
2050,total,joint,17.462938200116017,14.599722655002791,22.53870032793906
2051,total,joint,17.963678584702013,14.984515992691467,23.47058072986137
2052,total,joint,18.445759325606844,15.352590629179899,24.63370593835657
2053,total,joint,18.9358813280585,15.720322913688571,25.73459761674136
2054,total,joint,19.421079124529157,16.104178189434535,27.08339890014672
2055,total,joint,19.908869853712748,16.47155031702781,28.318156700797715
2056,total,joint,20.419796429690933,16.843206786982808,29.414543191982606
2057,total,joint,20.91344098744093,17.217677701394212,30.69790452922132
2058,total,joint,21.415214914691838,17.599422689243337,32.29447479357394
2059,total,joint,21.937101487775806,17.977028708118617,33.53243956425864
2060,total,joint,22.44746566587307,18.385102809101582,34.97699700001723
2061,total,joint,22.951743433073087,18.76141573777137,36.44991158189142
2062,total,joint,23.477378537538367,19.1188767287087,37.92455575218571
2063,total,joint,24.014923967623005,19.47060053915296,39.33153581294325
2064,total,joint,24.531444957573754,19.835921510931446,40.75437387338643
2065,total,joint,25.02086743800522,20.2119952597442,42.20816838797976
2066,total,joint,25.560150854107984,20.5988874424372,43.68753452046556
2067,total,joint,26.118141663491258,20.97042263689515,45.02607052556065
2068,total,joint,26.703459884273933,21.374373224495,46.62458599004668
2069,total,joint,27.253827029615856,21.74541460571696,48.34228011610959
2070,total,joint,27.859977384973774,22.091861225178484,50.00207705739046
2071,total,joint,28.386361402304672,22.460072571802563,51.391552052985325
2072,total,joint,28.944399447350932,22.84138806504456,52.985589432398164
2073,total,joint,29.483921864360386,23.213850129146792,54.38889846659508
2074,total,joint,30.027731845685956,23.568285794682083,56.20599637866911
2075,total,joint,30.62430911414811,23.93452672863209,57.509275838952064
2076,total,joint,31.208455280421408,24.287444354988573,58.968058674194054
2077,total,joint,31.762428035951235,24.644390095145667,60.63067290416984
2078,total,joint,32.31732711950336,24.998800096253447,62.30052199112084
2079,total,joint,32.866713773666675,25.360576022405432,63.9458020026945
2080,total,joint,33.49248725763937,25.73633516771191,65.59102470405617
2081,total,joint,34.11887751623502,26.079792038350735,67.19343201285831
2082,total,joint,34.715650632248895,26.447669476981307,68.84280082022566
2083,total,joint,35.35276897957837,26.82875096002486,70.32647887023968
2084,total,joint,35.999536589493076,27.186325199653822,71.7971955596358
2085,total,joint,36.63120426951423,27.55953658462977,73.34311288481439
2086,total,joint,37.2245810500727,27.891720410165725,75.10426861048343
2087,total,joint,37.81559515616301,28.24045860589156,76.5897288150562
2088,total,joint,38.41149437516505,28.590782654118748,78.09164938605232
2089,total,joint,39.08959292522064,28.94970174794209,79.87878649668664
2090,total,joint,39.82280345575228,29.31141284015947,81.5523314463667
2091,total,joint,40.42478501760155,29.637052117595154,83.23673051744666
2092,total,joint,41.08553000800738,29.9838518282708,84.87091654902181
2093,total,joint,41.8687902030743,30.32934463015205,86.67528012051602
2094,total,joint,42.58824365948752,30.670093929664887,88.37671706196043
2095,total,joint,43.22851441515377,31.005752334153843,90.16596489429456
2096,total,joint,43.869950513009485,31.32637183086837,91.78096800292765
2097,total,joint,44.565107487663,31.65066880627572,93.3174929807729
2098,total,joint,45.25976001429348,31.96763342615459,94.95486960142863
2099,total,joint,45.91139948079197,32.29279358232568,96.4618067202567
2100,total,joint,46.51144627047052,32.62216153317743,98.06067960902553
2101,total,joint,47.13816434684499,32.94594852909046,99.82423731565557
2102,total,joint,47.82428175924421,33.279225779602776,101.43013885315456
2103,total,joint,48.52677909753031,33.602686640828,102.9605355159436
2104,total,joint,49.26101439285974,33.91638387885754,104.76294070335473
2105,total,joint,49.80618045437049,34.22536223202276,106.7437167941028
2106,total,joint,50.42861656701881,34.53017029857023,108.6868253816797
2107,total,joint,51.208100386824356,34.83699462783697,110.26357554352218
2108,total,joint,51.808482324241695,35.12974716736277,111.83464941441582
2109,total,joint,52.364666131861895,35.427549315040544,113.55030081462355
2110,total,joint,53.005614937572204,35.72431267625035,115.22715073626118
2111,total,joint,53.96945000003842,36.012150541180446,116.98403162861423
2112,total,joint,54.90295745402976,36.29948069699104,118.64345992942238
2113,total,joint,55.77685351611193,36.585711529762456,120.28649191940542
2114,total,joint,56.52832394239101,36.8682371516758,121.8557309356898
2115,total,joint,57.215659029143566,37.199158432057246,123.73489402066505
2116,total,joint,57.94046218068907,37.47931523612689,125.5355457226841
2117,total,joint,58.48444100130973,37.75708763214011,127.12715541011475
2118,total,joint,59.20617707861476,38.053075802997206,128.64107234024522
2119,total,joint,59.90178739041795,38.34732020442109,130.33023930888297
2120,total,joint,60.619449436568786,38.622577425697706,132.0354527390074
2121,total,joint,61.363341299733264,38.88981249437179,133.74252345720058
2122,total,joint,62.21854170923457,39.185150509459014,135.27506137784155
2123,total,joint,62.86751439223869,39.47816704244254,136.6795088717763
2124,total,joint,63.791399989225056,39.748832230668654,138.20280322879918
2125,total,joint,64.3384457085705,40.03897452471117,140.02600145165104
2126,total,joint,64.98247981149046,40.30097809000863,141.82970781041945
2127,total,joint,65.85355527898267,40.582335625092206,143.65283255954768
2128,total,joint,66.86009520610493,40.86887515813124,145.47546802069758
2129,total,joint,67.99331174630859,41.13644568397042,147.28102545481008
2130,total,joint,68.76631491723424,41.40422291268242,148.92271482102018
2131,total,joint,69.57618603958798,41.67448265886444,150.46209226240134
2132,total,joint,70.58292596414009,41.94541137314697,152.01625162527347
2133,total,joint,71.24822611204469,42.21573254075194,153.751423301145
2134,total,joint,72.39230875206633,42.4845201171889,155.35014779061305
2135,total,joint,73.22216256064844,42.75679772231323,156.926927624536
2136,total,joint,73.99078132535146,43.03327137124539,158.7714217467593
2137,total,joint,74.54383581585768,43.3068600050109,160.42707469255734
2138,total,joint,75.28040312324575,43.578703831008625,161.91653635036
2139,total,joint,76.52758524899605,43.84906339066422,163.40336159613858
2140,total,joint,77.56556596082663,44.091277529140186,165.10321800705233
2141,total,joint,78.79362217609977,44.331402713694516,166.8213501188904
2142,total,joint,79.84589441610973,44.57507163113837,168.7671361503737
2143,total,joint,80.96868177029515,44.81983527103606,170.48131567030336
2144,total,joint,82.12502669673103,45.15169871441394,172.2844423536488
2145,total,joint,83.19034616136281,45.41159180808649,173.78960287873107
2146,total,joint,84.3522861098827,45.68492083545621,175.64417251048582
2147,total,joint,85.4851406488198,45.93461211251298,177.4256237322019
2148,total,joint,86.54308593447487,46.18249860213187,178.97100615011612
2149,total,joint,87.72973118641164,46.43119015790719,180.61378583412065
2150,total,joint,88.89710693311937,46.680282142657276,182.19122761838938
2151,total,joint,89.77836818199665,46.92863911354399,184.00418895404044
2152,total,joint,90.73221128145471,47.17807230351896,185.75428796701917
2153,total,joint,91.83305330824076,47.431193552370765,187.2042521753653
2154,total,joint,92.83921052614218,47.68810473285869,189.174379391511
2155,total,joint,94.1559326633527,47.96371704275182,190.87022836210127
2156,total,joint,95.43115305044162,48.21114475964251,192.51231456734266
2157,total,joint,96.48902637772821,48.45578186438699,194.15126390964528
2158,total,joint,97.61378536457192,48.700400788962966,195.78573506670153
2159,total,joint,98.53834989460634,48.932183291553336,197.41566026647325
2160,total,joint,99.37454052269365,49.1658143586384,199.0924035049312
2161,total,joint,100.3553069431426,49.39863123220382,200.98876969840427
2162,total,joint,101.43386854715678,49.630230654472456,202.84485128966017
2163,total,joint,102.208441457037,49.852787392685464,204.55562610555677
2164,total,joint,103.1414597664843,50.07813533985487,206.25048618048075
2165,total,joint,103.98590612063094,50.314375660278046,207.874108260185
2166,total,joint,105.11066077716612,50.55688756070167,209.64746594657436
2167,total,joint,105.98361720441693,50.826021048352736,211.34839653358983
2168,total,joint,107.01326900969265,51.062713371969565,213.0541570491808
2169,total,joint,107.74897338289838,51.290969456867636,214.72431899629726
2170,total,joint,108.54941945273669,51.51713737938517,216.41872286180893
2171,total,joint,109.60901085747992,51.74230081240141,218.00498993682308
2172,total,joint,110.88642117105847,51.965351574043524,219.40965066841068
2173,total,joint,111.7352518577529,52.18258420434924,221.1624953997359
2174,total,joint,112.7219529391079,52.403217750000344,223.0047722077004
2175,total,joint,113.87556816087722,52.627286320243655,224.82670431263062
2176,total,joint,114.9343540452811,52.858392277290534,226.56815959211815
2177,total,joint,116.20180824208758,53.08827248382605,228.50266519091173
2178,total,joint,117.07053823079323,53.3138142570195,230.07994289874463
2179,total,joint,117.95528591542978,53.53625727938084,231.654943751127
2180,total,joint,119.0448658942528,53.75664992159165,233.25348602718216
2181,total,joint,120.34139500548744,53.975320604238085,235.089220176548
2182,total,joint,121.45193798100047,54.197940449606214,237.40977579822246
2183,total,joint,122.65550042535841,54.41952820971367,239.12680426353194
2184,total,joint,123.6030534812148,54.64070281702647,240.72624334633065
2185,total,joint,124.45098593729855,54.85858465800513,242.32587157448833
2186,total,joint,125.34355678652858,55.072589617233156,243.92845927017373
2187,total,joint,126.42179047985998,55.28017434768957,245.53264042595362
2188,total,joint,127.26772351549197,55.49056622842494,247.14549843180805
2189,total,joint,128.17595363403078,55.70858224267645,249.1256821632352
2190,total,joint,129.2122486773522,55.924308555425085,251.04081419518675
2191,total,joint,130.11350477433194,56.136460098270426,252.68434419900632
2192,total,joint,130.95514556231186,56.3458967160019,254.27626163361106
2193,total,joint,131.8348172673426,56.55370045794503,255.86590485862283
2194,total,joint,132.7884154044066,56.76051117207413,257.4540004010961
2195,total,joint,133.69004154373084,56.967148125588885,259.1342788486578
2196,total,joint,134.64144340717797,57.1755965547318,260.97927659788627
2197,total,joint,135.68119372880244,57.386920365909056,262.5857211665813
2198,total,joint,136.76187682409892,57.6000051981098,264.0721644151996
2199,total,joint,137.80516187899076,57.81223126496783,265.7836261548577
2200,total,joint,138.67298845830527,58.021821471990926,267.4978013210217
2201,total,joint,139.62370785942858,58.22877008998326,269.2070195506865
2202,total,joint,140.70679847068098,58.43331650889865,270.9116477827708
2203,total,joint,141.60825111196138,58.6360429385708,272.61304114957017
2204,total,joint,142.52465462975414,58.8366855479632,274.3109323492588
2205,total,joint,143.5261129728982,59.03560115641073,276.0057074638409
2206,total,joint,144.41296197481614,59.23321505547614,277.6979979592821
2207,total,joint,145.40389915486855,59.430309173786895,279.3888868629801
2208,total,joint,146.3383899610501,59.62835825674091,281.075582895134
2209,total,joint,147.4095362716006,59.828374650114455,282.76365476374184
2210,total,joint,148.46143403879518,60.0436092723232,284.4534769563977
2211,total,joint,149.5332475298087,60.258612342093656,286.1432180182124
2212,total,joint,150.53303572396862,60.47265864184879,287.8313626352305
2213,total,joint,151.55975195778757,60.68502381236481,289.5163714517169
2214,total,joint,152.62370512687522,60.88880243591095,291.21376297806034
2215,total,joint,153.6831593737179,61.07673495580977,292.91059264239135
2216,total,joint,154.84583512242807,61.25837068464942,294.6005871764607
2217,total,joint,155.77682707814216,61.427052936080145,296.3737994639407
2218,total,joint,156.71444953905325,61.59511992512311,298.2363622175749
2219,total,joint,157.53362890236974,61.76345112440579,300.09770527259855
2220,total,joint,158.3591354853134,61.945547540398024,301.80698193760816
2221,total,joint,159.2048668050137,62.135826041024046,303.4825147621916
2222,total,joint,160.15043240948603,62.329264504858145,305.0427181157141
2223,total,joint,161.02815060902958,62.52296780187983,306.63971443219646
2224,total,joint,161.84746480596783,62.713102251087065,308.54322602487184
2225,total,joint,162.70599697893596,62.91377337007684,310.44396060844576
2226,total,joint,163.53313382365903,63.1127681120852,312.34089362966085
2227,total,joint,164.3483955799131,63.289903504474196,314.2331593547207
2228,total,joint,165.25633972020586,63.46548998707993,315.9909275069655
2229,total,joint,166.12442045315385,63.640602190458175,317.59227435125433
2230,total,joint,166.84940275812767,63.817117109972614,319.1939386814278
2231,total,joint,167.67472551782237,63.995111210836036,320.79380180498333
2232,total,joint,168.7407308709144,64.17325322011388,322.3907747789786
2233,total,joint,169.73946377459305,64.351221200138,323.9879929853534
2234,total,joint,170.84131165121903,64.52192496037837,325.58376235139076
2235,total,joint,171.9484641580706,64.70187917884036,327.2809181885649
2236,total,joint,173.11686601686108,64.87420603828161,329.14134076609014
2237,total,joint,173.95716486769635,65.0436243324019,330.72428654160467
2238,total,joint,175.04205707823147,65.21356486329002,332.2809850703633
2239,total,joint,176.01858455040207,65.38267273422356,333.8363938310862
2240,total,joint,177.23150359391127,65.55209834520878,335.3913645254263
2241,total,joint,178.3371444782231,65.72362756013845,336.94720425036195
2242,total,joint,179.37529666799946,65.89778374046848,338.5043974503806
2243,total,joint,180.24967560784341,66.07243633795422,340.0595801819754
2244,total,joint,181.24980390009478,66.24575667427118,341.61133726607676
2245,total,joint,181.8472061091095,66.41698386591666,343.16054588469103
2246,total,joint,182.95219018142407,66.58827362179778,344.616311472113
2247,total,joint,183.82721613734492,66.76409986450295,346.17577677496917
2248,total,joint,184.54637093222698,66.9378475848767,347.758500917088
2249,total,joint,185.44738908441497,67.10968071010114,349.34688211099933
2250,total,joint,186.42221314832648,67.28003691500506,350.8818822522643
2251,total,joint,187.55847437310757,67.4492612302358,352.4472285574123
2252,total,joint,188.52050892795475,67.61862037441013,354.013185056021
2253,total,joint,189.25302180905982,67.78969277834928,355.733668501583
2254,total,joint,190.2469083004379,67.96314292802332,357.366768661166
2255,total,joint,191.17027715934154,68.13715823978794,358.9949442008425
2256,total,joint,191.9632770711629,68.31066921337724,360.610745020859
2257,total,joint,192.8375006395426,68.483101017881,362.26600127546845
2258,total,joint,193.79418711448164,68.6530057089378,363.87170063661034
2259,total,joint,194.69907519081607,68.82038601766678,365.64014707235555
2260,total,joint,195.4832504928042,68.9849104649727,367.40530672740385
2261,total,joint,196.26496483907732,69.1470942025,369.1674193928596
2262,total,joint,197.10418264399982,69.3087290483089,370.9282807803243
2263,total,joint,198.14677437934492,69.46975422039384,372.6890881940828
2264,total,joint,199.07435139655945,69.62878798246568,374.4259277015533
2265,total,joint,199.9170367274123,69.78980676829975,376.0888178083215
2266,total,joint,200.62365620088553,69.95257966613228,377.7526379796127
2267,total,joint,201.45354004361067,70.11657197716484,379.4159911217298
2268,total,joint,202.18572956761162,70.27927955088431,381.0778956420097
2269,total,joint,202.91316443242278,70.43926202750559,382.73588842903314
2270,total,joint,203.6358659868509,70.59672113054322,384.3801508811957
2271,total,joint,204.3543762259801,70.75210303507241,386.0215419731522
2272,total,joint,205.06958401995843,70.89356207402865,387.62637950343685
2273,total,joint,205.78283173647822,71.01601954671018,388.99744994374606
2274,total,joint,206.49668557977066,71.14112613162469,390.36811000579644
2275,total,joint,207.2310894326502,71.27032166270885,391.74110035375367
2276,total,joint,208.19214352279425,71.40306458032633,393.116292168056
2277,total,joint,209.0354885618232,71.53644348397425,394.49139934093404
2278,total,joint,209.79457925817258,71.6879861155693,395.8647001057826
2279,total,joint,210.5517975033432,71.85793627715042,397.42833356248536
2280,total,joint,211.31288177718776,72.02537557974345,399.00446367835195
2281,total,joint,212.1742058928001,72.19156418850633,400.57615418993123
2282,total,joint,213.1025432194458,72.35460033251624,402.1449819877831
2283,total,joint,214.01237266004404,72.48950571837258,403.71182098113604
2284,total,joint,214.87047060913068,72.62518876745669,405.27820744729416
2285,total,joint,215.7646496098984,72.76363480455392,406.8468795332635
2286,total,joint,216.7789370198007,72.90557595826638,408.4194049089293
2287,total,joint,217.6356387712907,73.04910115397425,409.99409091065706
2288,total,joint,218.51687450732123,73.19208282091927,411.49765076199236
2289,total,joint,219.37422273086185,73.33145161261608,412.9845944636589
2290,total,joint,220.13856089421876,73.4678262336404,414.6792310741508
2291,total,joint,220.90821695458885,73.60227862480208,416.2932882976864
2292,total,joint,221.6604280309833,73.74724395777369,417.90619064989164
2293,total,joint,222.41839714841922,73.89189319383183,419.6062586100372
2294,total,joint,223.0670607685251,74.03690871084396,421.30524331626566
2295,total,joint,223.8616434506464,74.18532502022533,422.99630254364405
2296,total,joint,224.66334435308693,74.33789165158224,424.6827941561753
2297,total,joint,225.39426625412887,74.49408901661582,426.3707540065268
2298,total,joint,226.12560900199577,74.65123401852401,428.05884323591596
2299,total,joint,226.85457321935354,74.8053873639135,429.74473134915854
2300,total,joint,227.58147532271,74.94301648270996,431.4284521556606
