year,component,arm,med_cm,p05_cm,p95_cm
1990,glaciers,fixed,-0.6691551278259089,-0.8927464231242327,-0.48669825633177394
1991,glaciers,fixed,-0.6392112804893668,-0.8497764480824345,-0.4653967592947614
1992,glaciers,fixed,-0.6054468921863074,-0.8024328654066825,-0.44096326400227925
1993,glaciers,fixed,-0.5895322998283774,-0.7786951382290096,-0.4282868790239634
1994,glaciers,fixed,-0.5521624552864317,-0.7286786519762312,-0.401493389359302
1995,glaciers,fixed,-0.5186244013270518,-0.6839743702508011,-0.3772886146794687
1996,glaciers,fixed,-0.47421568639134026,-0.6257642607956471,-0.3448989141078367
1997,glaciers,fixed,-0.4371967351281385,-0.575427132871014,-0.31828697115970245
1998,glaciers,fixed,-0.3923794537091978,-0.5157196082541142,-0.28593762238674963
1999,glaciers,fixed,-0.3173659256218371,-0.41661893672528943,-0.23158240675336453
2000,glaciers,fixed,-0.27686960640221825,-0.3642765325991472,-0.20210752632485426
2001,glaciers,fixed,-0.22991347596148426,-0.3026664193755691,-0.16813325369713122
2002,glaciers,fixed,-0.1722165193105505,-0.2262101045252563,-0.12657138516404215
2003,glaciers,fixed,-0.11096211021949642,-0.1451200711678618,-0.08204401860179143
2004,glaciers,fixed,-0.049834572131963295,-0.0660054507366628,-0.036492111473191736
2005,glaciers,fixed,0.000206412583128035,-0.010741177676520454,0.009516197620857758
2006,glaciers,fixed,0.07070900327866925,0.04781695741791552,0.09698730730649388
2007,glaciers,fixed,0.15114071292551712,0.10870104707164314,0.19997769836166487
2008,glaciers,fixed,0.21252887275206267,0.15419654576067326,0.28041270455136763
2009,glaciers,fixed,0.25593713615510594,0.18569181732583456,0.3369091470953682
2010,glaciers,fixed,0.31421844711534597,0.22844696402594666,0.41370506343846253
2011,glaciers,fixed,0.4089100288752392,0.29881374112089487,0.5372805468127331
2012,glaciers,fixed,0.4698194073522548,0.3446246776766684,0.6175018399700235
2013,glaciers,fixed,0.5212594843096268,0.38366660236397027,0.6834784957868039
2014,glaciers,fixed,0.576202548632559,0.4228803581734771,0.7562122826673924
2015,glaciers,fixed,0.6456101445295404,0.47419979172552373,0.8470614088297445
2016,glaciers,fixed,0.7180268462214767,0.5284644937971704,0.9413349466206422
2017,glaciers,fixed,0.8434914182984914,0.6222911713061439,1.102711819657496
2018,glaciers,fixed,0.9220888864776984,0.679102035565126,1.205798831318241
2019,glaciers,fixed,0.9873630048922508,0.7276648538743548,1.289876730865157
2020,glaciers,fixed,1.0798712099627985,0.7964018959085186,1.410932589027818
2021,glaciers,fixed,1.1477321763924007,0.847550975189222,1.4994579194203104
2022,glaciers,fixed,1.2150605325573525,0.8982836162734593,1.5855252794057244
2023,glaciers,fixed,1.2872202253368628,0.9515819255521847,1.6788512245908422
2024,glaciers,fixed,1.3792967663367928,1.0207615872685838,1.7978161745985823
2025,glaciers,fixed,1.4719339065213033,1.0901543620710599,1.9179193093113753
2026,glaciers,fixed,1.5663020724840138,1.1609174973416256,2.0389210767601873
2027,glaciers,fixed,1.6611032560847396,1.2330021066933012,2.162102871640488
2028,glaciers,fixed,1.7568972819807511,1.3059388952698703,2.2866269357573494
2029,glaciers,fixed,1.8535909346674542,1.3782349884586025,2.4101911093919024
2030,glaciers,fixed,1.9502703117675426,1.4516389593034194,2.5341392112276604
2031,glaciers,fixed,2.0473935875318277,1.5248836946297117,2.655470787324141
2032,glaciers,fixed,2.1447471223069696,1.5983714403835958,2.7798375560615307
2033,glaciers,fixed,2.242565092595616,1.6736613866239756,2.9049936057301635
2034,glaciers,fixed,2.3428024051063914,1.7498748461427642,3.03438984241759
2035,glaciers,fixed,2.4448628492524325,1.8267590091119195,3.162293095253984
2036,glaciers,fixed,2.549786163831639,1.906250554008259,3.2946080890817964
2037,glaciers,fixed,2.6572353495379057,1.9886052058973591,3.4315492245427537
2038,glaciers,fixed,2.7677968175882937,2.073298042325035,3.5692136332373745
2039,glaciers,fixed,2.880921359898188,2.160325013271807,3.7133980929153707
2040,glaciers,fixed,2.9968915153951814,2.249089672644695,3.8581653714876496
2041,glaciers,fixed,3.1125092503641922,2.3392185251659825,4.001877579177477
2042,glaciers,fixed,3.228323988860912,2.428829759820544,4.150675661118092
2043,glaciers,fixed,3.346948920701516,2.5231797035068233,4.302583979179479
2044,glaciers,fixed,3.4668249467305436,2.6158207979681825,4.455030587086476
2045,glaciers,fixed,3.588696869288164,2.708142365596458,4.606938651826841
2046,glaciers,fixed,3.7127715589888797,2.8009399451151356,4.760444109465687
2047,glaciers,fixed,3.8392494327605715,2.898950892052388,4.921247747696334
2048,glaciers,fixed,3.968077010585195,2.998358481081726,5.082587060150721
2049,glaciers,fixed,4.099277018257121,3.1015827497661412,5.249729496354474
2050,glaciers,fixed,4.235584305810248,3.2088089065312473,5.416092413969947
2051,glaciers,fixed,4.371685035259146,3.3124635806998,5.589323949436573
2052,glaciers,fixed,4.509029052628717,3.42054380732696,5.765025243868343
2053,glaciers,fixed,4.648825559421487,3.5301543009977,5.939132416640819
2054,glaciers,fixed,4.79034116255527,3.6390567578230977,6.114172957605642
2055,glaciers,fixed,4.9327030430556595,3.752290578204835,6.290010430621773
2056,glaciers,fixed,5.07635952854517,3.8672600252829095,6.46804780231667
2057,glaciers,fixed,5.220927963193606,3.9821646161205315,6.655321549866597
2058,glaciers,fixed,5.369264496950324,4.0979800862469435,6.834417229385981
2059,glaciers,fixed,5.519221497416548,4.214406718310628,7.01503943276494
2060,glaciers,fixed,5.67041345260788,4.335952555825978,7.1976489179455605
2061,glaciers,fixed,5.824252540707043,4.458524516991456,7.387292014176973
2062,glaciers,fixed,5.980026094435337,4.578155087571458,7.578196902598897
2063,glaciers,fixed,6.133875306374849,4.697944695445501,7.758826298560568
2064,glaciers,fixed,6.291029989259515,4.821311385190612,7.942458316238932
2065,glaciers,fixed,6.446309107017271,4.944666683003835,8.133064256497228
2066,glaciers,fixed,6.602869179090133,5.063400993061203,8.324397317677482
2067,glaciers,fixed,6.759762287467913,5.189610279250628,8.522402924520607
2068,glaciers,fixed,6.91827778604277,5.316075430073293,8.717254533777076
2069,glaciers,fixed,7.0763624198640525,5.441887096780416,8.909859460584682
2070,glaciers,fixed,7.23757326148422,5.569728942537213,9.102273734129035
2071,glaciers,fixed,7.399239812197191,5.692397512566112,9.294485499807486
2072,glaciers,fixed,7.562019260659523,5.820115212015627,9.48822004132725
2073,glaciers,fixed,7.724899825171372,5.943810921058875,9.676044841535546
2074,glaciers,fixed,7.887884226577924,6.071422302276833,9.875442653338293
2075,glaciers,fixed,8.04623532896888,6.199060681215342,10.065174345921033
2076,glaciers,fixed,8.204749460061834,6.327084571673441,10.258744840288962
2077,glaciers,fixed,8.363123469313763,6.454189117418515,10.448636639227479
2078,glaciers,fixed,8.520081157245764,6.577069098700112,10.634731878575161
2079,glaciers,fixed,8.676806390068556,6.70137200447892,10.822209859559756
2080,glaciers,fixed,8.8267704350434,6.825583957381362,11.000848491377134
2081,glaciers,fixed,8.97894577564594,6.951489659532811,11.18551396047269
2082,glaciers,fixed,9.1297115560522,7.073102464014131,11.363184851458694
2083,glaciers,fixed,9.272714221168673,7.1960354082248275,11.540922108501267
2084,glaciers,fixed,9.420997261296634,7.316068214584791,11.713818418354817
2085,glaciers,fixed,9.562574397806724,7.431596202979702,11.882731378220026
2086,glaciers,fixed,9.696601933698457,7.545313922943427,12.049807451429556
2087,glaciers,fixed,9.832152212537995,7.657673102310938,12.210962132392156
2088,glaciers,fixed,9.961659844786901,7.76611099033078,12.374694845774375
2089,glaciers,fixed,10.090756800930542,7.868395789911269,12.521923553690161
2090,glaciers,fixed,10.213986272454141,7.974226985755792,12.678528355687394
2091,glaciers,fixed,10.335303959354157,8.075311566422776,12.829669703739128
2092,glaciers,fixed,10.456339633775755,8.175457922605109,12.967841534365935
2093,glaciers,fixed,10.576193821255242,8.271634269334392,13.1005168474815
2094,glaciers,fixed,10.692160635113567,8.365332811531918,13.230044880567686
2095,glaciers,fixed,10.80582432657216,8.457974204419875,13.36160298817782
2096,glaciers,fixed,10.9146581390147,8.548505573837165,13.492672109470172
2097,glaciers,fixed,11.02065651816466,8.63393639183828,13.6224540402533
2098,glaciers,fixed,11.121451222974137,8.71678956887015,13.75041905075278
2099,glaciers,fixed,11.22234540145336,8.798782609796653,13.872810121643287
2100,glaciers,fixed,11.31947323389167,8.879576615396063,13.985263069977321
2101,glaciers,fixed,11.413365278377167,8.956505085744244,14.100402522849421
2102,glaciers,fixed,11.50654307925859,9.03025654996315,14.205267850795979
2103,glaciers,fixed,11.595895576415131,9.107030094569145,14.311202720070494
2104,glaciers,fixed,11.682333911105783,9.180656435706712,14.419505630242655
2105,glaciers,fixed,11.764812331635042,9.249339771928625,14.526691441740276
2106,glaciers,fixed,11.850797621202528,9.31790328031278,14.628813496325241
2107,glaciers,fixed,11.93055067872141,9.387024589024097,14.727078213291016
2108,glaciers,fixed,12.010262114877264,9.46041100711432,14.828942443410993
2109,glaciers,fixed,12.087401898004751,9.52497212611581,14.919152831366302
2110,glaciers,fixed,12.16195556317987,9.582714509701479,15.011767967400223
2111,glaciers,fixed,12.23440303539466,9.640278095121225,15.095712192351433
2112,glaciers,fixed,12.3040712523579,9.700155232485448,15.181684075150816
2113,glaciers,fixed,12.372216153215522,9.763090928794174,15.259012902172868
2114,glaciers,fixed,12.44007058299433,9.815394486276281,15.34779554041241
2115,glaciers,fixed,12.50425750606708,9.871583271446118,15.42622792344879
2116,glaciers,fixed,12.570057142908471,9.925008630963115,15.501866817207116
2117,glaciers,fixed,12.632215411166055,9.97683875151637,15.578725133445493
2118,glaciers,fixed,12.694609838213289,10.025186366793571,15.653087278575864
2119,glaciers,fixed,12.7552790365203,10.078577983156654,15.718164512725384
2120,glaciers,fixed,12.812646630761957,10.130222232870135,15.786997035918546
2121,glaciers,fixed,12.865908583813082,10.176844877628884,15.85068089951143
2122,glaciers,fixed,12.92099551412668,10.219806064964091,15.912308682999889
2123,glaciers,fixed,12.972751467512113,10.267029948296864,15.975334778920715
2124,glaciers,fixed,13.02347268725456,10.311173838557488,16.03756327852738
2125,glaciers,fixed,13.072868544659485,10.35281458961612,16.097264096819504
2126,glaciers,fixed,13.124108192260305,10.39563913949259,16.156291206437764
2127,glaciers,fixed,13.170927036328933,10.43733040017742,16.217243295848665
2128,glaciers,fixed,13.221629110479412,10.474279691319904,16.27709895817267
2129,glaciers,fixed,13.26994563518236,10.5084101698003,16.33195095927704
2130,glaciers,fixed,13.315372238858423,10.551519709200385,16.38991558797723
2131,glaciers,fixed,13.358033988523964,10.593647787712564,16.443087117472185
2132,glaciers,fixed,13.398795901713164,10.62814683226582,16.495353746530473
2133,glaciers,fixed,13.437491478336621,10.660063498159838,16.544345207182275
2134,glaciers,fixed,13.47618335203165,10.695707674487078,16.590433177051104
2135,glaciers,fixed,13.51654494745074,10.730842095972308,16.636430210306134
2136,glaciers,fixed,13.554199371646,10.76492206186375,16.686838727451775
2137,glaciers,fixed,13.589640250774675,10.797340314737385,16.734167920923422
2138,glaciers,fixed,13.626654812350463,10.826263639618022,16.776114504315572
2139,glaciers,fixed,13.658460412329585,10.856358596235793,16.818869852376793
2140,glaciers,fixed,13.691751742348718,10.886816812553263,16.857381141330237
2141,glaciers,fixed,13.72538790442875,10.91279932446994,16.893518267887696
2142,glaciers,fixed,13.757911642157872,10.938107187949557,16.927163038439463
2143,glaciers,fixed,13.791709097439947,10.963740689262934,16.968926775519822
2144,glaciers,fixed,13.82194053789311,10.987139509035972,17.010878679992587
2145,glaciers,fixed,13.85260024981574,11.015428143878795,17.051498175356972
2146,glaciers,fixed,13.882479287629502,11.039997083463753,17.086241671246782
2147,glaciers,fixed,13.910430136749824,11.05887611632667,17.119022955026693
2148,glaciers,fixed,13.938830720479363,11.082223872793957,17.152873441708316
2149,glaciers,fixed,13.96717666318778,11.108033108302878,17.183025313440467
2150,glaciers,fixed,13.992802590740904,11.129486132305155,17.21079136802752
2151,glaciers,fixed,14.019035955822334,11.145720759879046,17.236232391333843
2152,glaciers,fixed,14.042804090965127,11.166110537188205,17.261302877975215
2153,glaciers,fixed,14.067460140336333,11.188982504199238,17.290803102415467
2154,glaciers,fixed,14.092346462558401,11.21109645920263,17.31625363148776
2155,glaciers,fixed,14.115798165732777,11.232754418312256,17.3422860104235
2156,glaciers,fixed,14.137880164703247,11.253173472253861,17.36831416587085
2157,glaciers,fixed,14.160166790549269,11.269960411869901,17.402104940177118
2158,glaciers,fixed,14.182263820427448,11.282020056895888,17.431748491677947
2159,glaciers,fixed,14.204208751604957,11.300567066658845,17.454490037577497
2160,glaciers,fixed,14.22570531539749,11.317661984012311,17.477889100509596
2161,glaciers,fixed,14.248055732973954,11.33456512829768,17.50527586846386
2162,glaciers,fixed,14.2701264230701,11.35414207181311,17.530527356608527
2163,glaciers,fixed,14.290883392943861,11.372648135525264,17.55451081002007
2164,glaciers,fixed,14.3096727872035,11.387051465823195,17.5778824046505
2165,glaciers,fixed,14.33018488485438,11.400846838663782,17.598119425785725
2166,glaciers,fixed,14.347883344099195,11.414125965169259,17.61799857919515
2167,glaciers,fixed,14.365846249502386,11.428794381855383,17.639944987892644
2168,glaciers,fixed,14.382664643068521,11.442032301268657,17.662861475184584
2169,glaciers,fixed,14.400284858452256,11.454509885769506,17.68174292241829
2170,glaciers,fixed,14.41808732371419,11.465982329123602,17.704467569676265
2171,glaciers,fixed,14.435913117027322,11.477557700034456,17.727381501062812
2172,glaciers,fixed,14.453839518622985,11.492085575617667,17.746287034290294
2173,glaciers,fixed,14.470991781937855,11.504375613126475,17.765218943217743
2174,glaciers,fixed,14.486874401217378,11.513590616520199,17.781630111618725
2175,glaciers,fixed,14.501544477142836,11.527397986140539,17.798493300975817
2176,glaciers,fixed,14.51633826777925,11.537536210946577,17.815486303762405
2177,glaciers,fixed,14.53256957359574,11.551567880828598,17.832587777922676
2178,glaciers,fixed,14.546224815464228,11.56537178043858,17.84681515978189
2179,glaciers,fixed,14.562461683423304,11.578751502662737,17.86521484508624
2180,glaciers,fixed,14.575204394026184,11.591772795249248,17.881808394031633
2181,glaciers,fixed,14.586668471560412,11.604968673134882,17.899845571350525
2182,glaciers,fixed,14.599780566835705,11.617637388264644,17.91430684025251
2183,glaciers,fixed,14.609998405979825,11.626745681926126,17.929154344271527
2184,glaciers,fixed,14.619702090251149,11.635608454525658,17.941531465801656
2185,glaciers,fixed,14.630953932771984,11.64433375568634,17.95501555385017
2186,glaciers,fixed,14.641113898239695,11.653187609439236,17.97431089884839
2187,glaciers,fixed,14.651974942337187,11.66279523238449,17.986850543838585
2188,glaciers,fixed,14.66488258327875,11.673041167193034,18.003274093008777
2189,glaciers,fixed,14.676934540740769,11.68297203669105,18.019257907664397
2190,glaciers,fixed,14.687926150665863,11.691477100370731,18.035168903086074
2191,glaciers,fixed,14.697705537629789,11.698167779357219,18.0505940953423
2192,glaciers,fixed,14.706953459774233,11.705496760115556,18.061342459564933
2193,glaciers,fixed,14.716531831270682,11.711240581925106,18.07084692399489
2194,glaciers,fixed,14.725873790359067,11.71699383783228,18.07976451787321
2195,glaciers,fixed,14.734050828632492,11.72442534811496,18.08935595686283
2196,glaciers,fixed,14.742429181101254,11.733516111641732,18.10227323667267
2197,glaciers,fixed,14.751515714396977,11.73985594129083,18.114256434089018
2198,glaciers,fixed,14.757911219838885,11.743796049024152,18.128277281837025
2199,glaciers,fixed,14.76634180598811,11.74847103234678,18.136700474839937
2200,glaciers,fixed,14.774169955825435,11.755406401108184,18.147563890103466
2201,glaciers,fixed,14.782491270294036,11.758504878062224,18.158497040800825
2202,glaciers,fixed,14.789720513015558,11.760999568219665,18.16896614977418
2203,glaciers,fixed,14.797071396148088,11.763452327497705,18.17923898920949
2204,glaciers,fixed,14.804953006735532,11.768030927222682,18.189527157096656
2205,glaciers,fixed,14.811390565422945,11.774290627661987,18.197625034224316
2206,glaciers,fixed,14.818556617768172,11.777733424991915,18.205044873673398
2207,glaciers,fixed,14.826552980285596,11.782430492435719,18.21220058638461
2208,glaciers,fixed,14.834935247501056,11.787032669275513,18.222687653751887
2209,glaciers,fixed,14.840345389070563,11.791529911757857,18.233852462599174
2210,glaciers,fixed,14.847430188613256,11.796700586753204,18.244745543614016
2211,glaciers,fixed,14.852084169449313,11.801887777943815,18.255334311033526
2212,glaciers,fixed,14.858339966734624,11.80733518505982,18.265650469382585
2213,glaciers,fixed,14.86265350402957,11.812625411948611,18.2715665025194
2214,glaciers,fixed,14.868269717462347,11.817796740075377,18.275711643481987
2215,glaciers,fixed,14.872991933269782,11.822866611342228,18.279770991543003
2216,glaciers,fixed,14.877133303681017,11.826284201216854,18.283614602085187
2217,glaciers,fixed,14.880556938041334,11.82867160906606,18.287844428225
2218,glaciers,fixed,14.884989227764184,11.832633642244712,18.295666797677956
2219,glaciers,fixed,14.8884938131285,11.836544943264592,18.302884158939154
2220,glaciers,fixed,14.89312440509218,11.840430014072382,18.30523263324696
2221,glaciers,fixed,14.897231556817726,11.844218700361093,18.31408578655922
2222,glaciers,fixed,14.901260554118238,11.847913436614958,18.322671165478976
2223,glaciers,fixed,14.904191245825995,11.851520655874825,18.326207186260092
2224,glaciers,fixed,14.907471398641903,11.854816999611753,18.32880786389028
2225,glaciers,fixed,14.910430293839804,11.858483333605854,18.335548912179362
2226,glaciers,fixed,14.913920496679847,11.861482180498736,18.343534192326853
2227,glaciers,fixed,14.91720919767614,11.865027407188997,18.351815002223244
2228,glaciers,fixed,14.920582076420917,11.868201370875141,18.359800341662243
2229,glaciers,fixed,14.923991846349073,11.871409756099268,18.367595561165874
2230,glaciers,fixed,14.927204517622904,11.874453266345713,18.375202959384858
2231,glaciers,fixed,14.93010540691083,11.87540312932812,18.382650292346696
2232,glaciers,fixed,14.933267279462658,11.878460980688521,18.387236084741588
2233,glaciers,fixed,14.936406026790777,11.881338485656025,18.39156610936247
2234,glaciers,fixed,14.93975776111397,11.88341086565459,18.39549205033833
2235,glaciers,fixed,14.942822515182115,11.886110775643765,18.399706240223043
2236,glaciers,fixed,14.944867642458547,11.890317627451944,18.40314653889047
2237,glaciers,fixed,14.947258333548636,11.89406683016149,18.407338826568818
2238,glaciers,fixed,14.949605352833737,11.897026968370133,18.412778177095017
2239,glaciers,fixed,14.953399975574612,11.900057777571643,18.4181919227495
2240,glaciers,fixed,14.956579369318028,11.902770334165368,18.42178907009806
2241,glaciers,fixed,14.958371314425701,11.904455195366587,18.424710970172644
2242,glaciers,fixed,14.96067312994563,11.906162284224823,18.4275863129632
2243,glaciers,fixed,14.962865331412104,11.909058911593958,18.433844259100397
2244,glaciers,fixed,14.965470095957887,11.912730742750083,18.440674627084213
2245,glaciers,fixed,14.96822574344177,11.915059494430473,18.447340214591193
2246,glaciers,fixed,14.970289152587668,11.917819259420643,18.45384995484117
2247,glaciers,fixed,14.972928080220118,11.920058411039438,18.458852392804378
2248,glaciers,fixed,14.974652276867555,11.922243416864845,18.462717757669644
2249,glaciers,fixed,14.977079702255695,11.9244756830274,18.46519975381214
2250,glaciers,fixed,14.97939509733154,11.926733961042226,18.4676623956181
2251,glaciers,fixed,14.98158272591941,11.927662285478188,18.470045391168522
2252,glaciers,fixed,14.9839529699581,11.929827079135361,18.472421870695246
2253,glaciers,fixed,14.986362621471043,11.932832314867055,18.474771472245177
2254,glaciers,fixed,14.988140860109333,11.93545656033317,18.477528963188874
2255,glaciers,fixed,14.99014926108337,11.93627992314447,18.483230217125676
2256,glaciers,fixed,14.99216153998897,11.93668018260026,18.488196647901635
2257,glaciers,fixed,14.993513605947484,11.937052919277491,18.490090328065662
2258,glaciers,fixed,14.996185192081834,11.937398293156745,18.491602525044822
2259,glaciers,fixed,14.998604892636644,11.93774737126696,18.492971660917025
2260,glaciers,fixed,15.001071382857983,11.938190774001015,18.494446934745273
2261,glaciers,fixed,15.003206495444108,11.939081378717765,18.49811224025253
2262,glaciers,fixed,15.005687175640329,11.942674887410616,18.499117061457028
2263,glaciers,fixed,15.006859217207523,11.94637527776238,18.500104878881896
2264,glaciers,fixed,15.00830913958227,11.948787485418423,18.50107180673891
2265,glaciers,fixed,15.010637314096464,11.949416048651111,18.50192793467636
2266,glaciers,fixed,15.012420827433047,11.950702324717087,18.50469324786888
2267,glaciers,fixed,15.01381642276749,11.951483344897076,18.50841068289868
2268,glaciers,fixed,15.01550572111547,11.951260117574812,18.512370272814117
2269,glaciers,fixed,15.016895290911041,11.951699599640158,18.514952170200722
2270,glaciers,fixed,15.019546704877595,11.9540699261079,18.51709199912821
2271,glaciers,fixed,15.021085713390917,11.95535142043541,18.519033467253543
2272,glaciers,fixed,15.02258343616402,11.955895323890747,18.52142418061991
2273,glaciers,fixed,15.024223421927678,11.956439667272697,18.524767695391358
2274,glaciers,fixed,15.025637400571974,11.957008554389823,18.528095751033497
2275,glaciers,fixed,15.027039490722599,11.95757039035367,18.53140910020921
2276,glaciers,fixed,15.028116420144766,11.958121695316843,18.534440948010104
2277,glaciers,fixed,15.029723407615332,11.95892872957134,18.53619009371262
2278,glaciers,fixed,15.03088212490717,11.960237052554785,18.539998918648422
2279,glaciers,fixed,15.032143619238884,11.9615253513297,18.544023464496487
2280,glaciers,fixed,15.034106443362623,11.96279394680642,18.545665154638286
2281,glaciers,fixed,15.035694695151175,11.964046521445736,18.547596793659377
2282,glaciers,fixed,15.036760498062712,11.965336896523826,18.550483231125995
2283,glaciers,fixed,15.038161576855526,11.966647182636331,18.553344237316
2284,glaciers,fixed,15.03917115104745,11.96756160469678,18.556188440831818
2285,glaciers,fixed,15.040241807313,11.967856469162562,18.559018346611975
2286,glaciers,fixed,15.04130521390456,11.967963129920593,18.56141032584085
2287,glaciers,fixed,15.042355710764522,11.968041071621942,18.562281261165143
2288,glaciers,fixed,15.043397442146196,11.968114266431462,18.56570923605593
2289,glaciers,fixed,15.044568526455313,11.96822253686978,18.568866143648883
2290,glaciers,fixed,15.046040194399438,11.968455543898989,18.570340822743223
2291,glaciers,fixed,15.047420662446246,11.968834311323853,18.571785974127625
2292,glaciers,fixed,15.048628455690766,11.970838344895984,18.573197861212186
2293,glaciers,fixed,15.049935548807543,11.972830981680424,18.57458104190479
2294,glaciers,fixed,15.051190004569321,11.974812930563271,18.57895557165693
2295,glaciers,fixed,15.052578574697728,11.976786196590897,18.582464666951882
2296,glaciers,fixed,15.054136334151721,11.978760707251693,18.583991482115422
2297,glaciers,fixed,15.054929662519971,11.98014321986975,18.585489542377662
2298,glaciers,fixed,15.05608085572852,11.980671523192859,18.58696520864896
2299,glaciers,fixed,15.058361856633276,11.981217167012142,18.58846504549763
2300,glaciers,fixed,15.060363293543132,11.981774242989255,18.58997973153613
1990,glaciers,joint,-0.6691551278259089,-0.8927464231242327,-0.48669825633177394
1991,glaciers,joint,-0.6392112804893668,-0.8497764480824345,-0.4653967592947614
1992,glaciers,joint,-0.6054468921863074,-0.8024328654066825,-0.44096326400227925
1993,glaciers,joint,-0.5895322998283774,-0.7786951382290096,-0.4282868790239634
1994,glaciers,joint,-0.5521624552864317,-0.7286786519762312,-0.401493389359302
1995,glaciers,joint,-0.5186244013270518,-0.6839743702508011,-0.3772886146794687
1996,glaciers,joint,-0.47421568639134026,-0.6257642607956471,-0.3448989141078367
1997,glaciers,joint,-0.4371967351281385,-0.575427132871014,-0.31828697115970245
1998,glaciers,joint,-0.3923794537091978,-0.5157196082541142,-0.28593762238674963
1999,glaciers,joint,-0.3173659256218371,-0.41661893672528943,-0.23158240675336453
2000,glaciers,joint,-0.27686960640221825,-0.3642765325991472,-0.20210752632485426
2001,glaciers,joint,-0.22991347596148426,-0.3026664193755691,-0.16813325369713122
2002,glaciers,joint,-0.1722165193105505,-0.2262101045252563,-0.12657138516404215
2003,glaciers,joint,-0.11096211021949642,-0.1451200711678618,-0.08204401860179143
2004,glaciers,joint,-0.049834572131963295,-0.0660054507366628,-0.036492111473191736
2005,glaciers,joint,0.000206412583128035,-0.010741177676520454,0.009516197620857758
2006,glaciers,joint,0.07070900327866925,0.04781695741791552,0.09698730730649388
2007,glaciers,joint,0.15114071292551712,0.10870104707164314,0.19997769836166487
2008,glaciers,joint,0.21252887275206267,0.15419654576067326,0.28041270455136763
2009,glaciers,joint,0.25593713615510594,0.18569181732583456,0.3369091470953682
2010,glaciers,joint,0.31421844711534597,0.22844696402594666,0.41370506343846253
2011,glaciers,joint,0.4089100288752392,0.29881374112089487,0.5372805468127331
2012,glaciers,joint,0.4698194073522548,0.3446246776766684,0.6175018399700235
2013,glaciers,joint,0.5212594843096268,0.38366660236397027,0.6834784957868039
2014,glaciers,joint,0.576202548632559,0.4228803581734771,0.7562122826673924
2015,glaciers,joint,0.6456101445295404,0.47419979172552373,0.8470614088297445
2016,glaciers,joint,0.7180268462214767,0.5284644937971704,0.9413349466206422
2017,glaciers,joint,0.8434914182984914,0.6222911713061439,1.102711819657496
2018,glaciers,joint,0.9220888864776984,0.679102035565126,1.205798831318241
2019,glaciers,joint,0.9873630048922508,0.7276648538743548,1.289876730865157
2020,glaciers,joint,1.0798712099627985,0.7964018959085186,1.410932589027818
2021,glaciers,joint,1.1477321763924007,0.847550975189222,1.4994579194203104
2022,glaciers,joint,1.2150605325573525,0.8982836162734593,1.5855252794057244
2023,glaciers,joint,1.2872202253368628,0.9515819255521847,1.6788512245908422
2024,glaciers,joint,1.3792967663367928,1.0207615872685838,1.7978161745985823
2025,glaciers,joint,1.4719339065213033,1.0901543620710599,1.9179193093113753
2026,glaciers,joint,1.5660545807533217,1.1614913572024097,2.039953336563721
2027,glaciers,joint,1.6611161745778058,1.2323579096112733,2.1630180670050785
2028,glaciers,joint,1.7563578561608586,1.3031087023356287,2.290080093126531
2029,glaciers,joint,1.8544527280958283,1.3760755022673692,2.415483343389978
2030,glaciers,joint,1.9511366830226926,1.4478246471865406,2.542488674328137
2031,glaciers,joint,2.0487028959985416,1.5204477691029985,2.665436586315001
2032,glaciers,joint,2.145818464886791,1.5923269940496232,2.7951344303495227
2033,glaciers,joint,2.244310130173492,1.6666871257627724,2.923950164492356
2034,glaciers,joint,2.3446774550317726,1.7388133388654676,3.0540371317403037
2035,glaciers,joint,2.4451683708937084,1.8115408843605565,3.1886111136168194
2036,glaciers,joint,2.5492910778859126,1.8873290570099506,3.3276336428540176
2037,glaciers,joint,2.656653895287944,1.9647248219642612,3.473670748861489
2038,glaciers,joint,2.765702510501085,2.045282407651318,3.6177656177239017
2039,glaciers,joint,2.8746457359221935,2.128045399802188,3.767865952639771
2040,glaciers,joint,2.9870139127752933,2.2099322317609564,3.9207476416200024
2041,glaciers,joint,3.1006881180899164,2.292929905297009,4.079316483791097
2042,glaciers,joint,3.218911037551134,2.373891358199839,4.238695022097008
2043,glaciers,joint,3.3380347285895344,2.45940606299959,4.406880978503044
2044,glaciers,joint,3.4583005779240863,2.542842656837536,4.571587736477493
2045,glaciers,joint,3.579339180745816,2.628897901648467,4.742585178735086
2046,glaciers,joint,3.701191471493966,2.7171582965881993,4.9201276186697385
2047,glaciers,joint,3.8255289123385516,2.8087754169847736,5.099745609314442
2048,glaciers,joint,3.9511001161168533,2.8977880408838876,5.279150869441324
2049,glaciers,joint,4.0792131824699815,2.99172324979574,5.461917802542464
2050,glaciers,joint,4.209067742415333,3.086326833201215,5.653387378028681
2051,glaciers,joint,4.344660385463538,3.182584284370032,5.84461281861977
2052,glaciers,joint,4.479629466940103,3.276305759335386,6.044659329118548
2053,glaciers,joint,4.614074620366729,3.372575882318053,6.247577949031884
2054,glaciers,joint,4.7525587150444455,3.4682678470514676,6.459498918462662
2055,glaciers,joint,4.889983198572214,3.5638026977953574,6.674215173160256
2056,glaciers,joint,5.031649862418485,3.655839662968586,6.887407138054968
2057,glaciers,joint,5.172146194256542,3.754559448663534,7.094189764341301
2058,glaciers,joint,5.316585996129144,3.8537231382742654,7.3030335813163125
2059,glaciers,joint,5.46419443833607,3.958887251311891,7.51471609483855
2060,glaciers,joint,5.614959994589919,4.060413062994873,7.741220761244927
2061,glaciers,joint,5.762385274633648,4.167566132293953,7.9689914749678445
2062,glaciers,joint,5.912116846864704,4.27169729625648,8.189804959333404
2063,glaciers,joint,6.06203175588936,4.377477640253191,8.413770972504047
2064,glaciers,joint,6.213113187363578,4.47674374201805,8.641321515862762
2065,glaciers,joint,6.363560320760311,4.578701366604221,8.86481756153495
2066,glaciers,joint,6.517223507074258,4.681553961123468,9.089001554851246
2067,glaciers,joint,6.668162592094235,4.788850282532009,9.31334981539301
2068,glaciers,joint,6.8195209890107105,4.889367487081411,9.539641378512766
2069,glaciers,joint,6.971414438866553,4.994990949847683,9.773879899212924
2070,glaciers,joint,7.126924263349244,5.101038223317292,10.00753354512761
2071,glaciers,joint,7.281743173545123,5.210085309093706,10.233116789749788
2072,glaciers,joint,7.435645800017708,5.328696560176563,10.476162142376278
2073,glaciers,joint,7.5928264148379565,5.4362431996028775,10.714298929153196
2074,glaciers,joint,7.7444197173379,5.5436777329488365,10.949080869732759
2075,glaciers,joint,7.902574051326619,5.65680178386452,11.1817507230248
2076,glaciers,joint,8.055377098554338,5.764746216925054,11.41847989821451
2077,glaciers,joint,8.203668251454483,5.867392651779516,11.638644031357458
2078,glaciers,joint,8.355591670794107,5.9714227309855215,11.851330129430472
2079,glaciers,joint,8.505233009840339,6.071875740240225,12.083780294844804
2080,glaciers,joint,8.650989890846615,6.166974365691531,12.319208714075842
2081,glaciers,joint,8.791895310096944,6.264313463029542,12.540082607633904
2082,glaciers,joint,8.93952628351245,6.361261485354211,12.745557925032726
2083,glaciers,joint,9.084941446813719,6.460537344688029,12.967057915811104
2084,glaciers,joint,9.226401641932496,6.553521984978822,13.162237315243598
2085,glaciers,joint,9.366859367185121,6.644320051460521,13.366747813071742
2086,glaciers,joint,9.49577316768284,6.734459886962095,13.543618738998248
2087,glaciers,joint,9.630719623051144,6.822168029233786,13.737935037824139
2088,glaciers,joint,9.754161160242003,6.907303303831051,13.925517144570167
2089,glaciers,joint,9.877579794858862,6.993401698088078,14.107937766392501
2090,glaciers,joint,10.002346690989999,7.07739050992305,14.2947423898007
2091,glaciers,joint,10.12031090960679,7.157385347407515,14.468099773736546
2092,glaciers,joint,10.233398779487224,7.239298860301614,14.636133873529973
2093,glaciers,joint,10.34376858287375,7.315126466329933,14.806915448889047
2094,glaciers,joint,10.452248805672172,7.3920472697333315,14.967343483035862
2095,glaciers,joint,10.556904356610076,7.469439023396589,15.129576532016182
2096,glaciers,joint,10.660400033419963,7.540930496997163,15.282309953635803
2097,glaciers,joint,10.761903012475923,7.612872305020679,15.429095006136574
2098,glaciers,joint,10.859131693426269,7.676807630681486,15.579464154821006
2099,glaciers,joint,10.953683185523284,7.742277484925549,15.715311505417787
2100,glaciers,joint,11.040782186794722,7.801724012138645,15.85406630931687
2101,glaciers,joint,11.134047580918006,7.863212381889981,15.986966086148298
2102,glaciers,joint,11.218630666095013,7.925803590572447,16.113593105526046
2103,glaciers,joint,11.303698762370022,7.988161646110287,16.225325412179515
2104,glaciers,joint,11.38772664577345,8.044356000191563,16.35572911596953
2105,glaciers,joint,11.469423566637694,8.104862003728789,16.48014228121014
2106,glaciers,joint,11.553052268060195,8.163577051335775,16.589044688389954
2107,glaciers,joint,11.631338256362469,8.224512624505055,16.696291742895692
2108,glaciers,joint,11.708629754665669,8.280325352838796,16.795868328729064
2109,glaciers,joint,11.781799366123572,8.336176315246963,16.891550206069088
2110,glaciers,joint,11.849605480667636,8.381772889028735,16.998757989746483
2111,glaciers,joint,11.917726315283556,8.432509102320417,17.092599843588474
2112,glaciers,joint,11.986168707164623,8.478891909154136,17.1872476365969
2113,glaciers,joint,12.046749214072126,8.521001155260425,17.285520727186544
2114,glaciers,joint,12.108374494224677,8.573256366226842,17.374074865347932
2115,glaciers,joint,12.172782132170848,8.62240063197179,17.473925751926334
2116,glaciers,joint,12.23487141415291,8.664651191568932,17.57225896709826
2117,glaciers,joint,12.294102497266788,8.710996752733589,17.66475714745991
2118,glaciers,joint,12.352500065735647,8.743315302884795,17.753618819682767
2119,glaciers,joint,12.40807876040375,8.78791776157558,17.840619886844525
2120,glaciers,joint,12.465471784613378,8.827438589748331,17.920586545376313
2121,glaciers,joint,12.519681534916506,8.870371591649093,18.0025080198851
2122,glaciers,joint,12.571853388998509,8.910684768963469,18.081560474177998
2123,glaciers,joint,12.62369538464503,8.943235534551079,18.141863957537996
2124,glaciers,joint,12.671568468053849,8.975935806944713,18.217238999381433
2125,glaciers,joint,12.722732267959753,9.01058476709772,18.28935862063714
2126,glaciers,joint,12.773038851577121,9.045382798821494,18.347123984444785
2127,glaciers,joint,12.818111713022398,9.077499824498748,18.42511024147265
2128,glaciers,joint,12.86625076048564,9.108986881832402,18.494810338738034
2129,glaciers,joint,12.908976565076948,9.139633964476747,18.56150640193699
2130,glaciers,joint,12.952417307901186,9.170127983918292,18.623063663313808
2131,glaciers,joint,12.997208050612246,9.197722768997334,18.68275255677815
2132,glaciers,joint,13.03978164815083,9.224932280503797,18.732923596552162
2133,glaciers,joint,13.07789399260778,9.254432761147994,18.780966693175703
2134,glaciers,joint,13.113090228602799,9.283518301742639,18.83447673191306
2135,glaciers,joint,13.1496766990238,9.310724514043034,18.881861670420715
2136,glaciers,joint,13.182146594926273,9.3372975040448,18.928149594307754
2137,glaciers,joint,13.216088341339868,9.360770654637006,18.9973068074205
2138,glaciers,joint,13.248917180674855,9.382599368943167,19.049967073711393
2139,glaciers,joint,13.281696111506415,9.406111249451103,19.09053352601464
2140,glaciers,joint,13.310840305551835,9.428083974387423,19.137081358213536
2141,glaciers,joint,13.342268356433845,9.453377351399215,19.18054044594942
2142,glaciers,joint,13.369833671217688,9.476863317046497,19.229961002451816
2143,glaciers,joint,13.400755720769865,9.492349231928314,19.27007681833779
2144,glaciers,joint,13.431650295549115,9.509725273860354,19.311953992294224
2145,glaciers,joint,13.463147335140768,9.528784473723368,19.35688587381604
2146,glaciers,joint,13.492375234380983,9.547816253964186,19.38623280368877
2147,glaciers,joint,13.519306727085821,9.566852133533793,19.414777711014285
2148,glaciers,joint,13.545471691637692,9.584436914703073,19.46035739107666
2149,glaciers,joint,13.57458380047407,9.600788534241229,19.506422353463396
2150,glaciers,joint,13.596072646823965,9.617561238859356,19.549872537419557
2151,glaciers,joint,13.62219693012486,9.63424229874523,19.583574789324896
2152,glaciers,joint,13.64957388640039,9.650230847844794,19.614345936565698
2153,glaciers,joint,13.673826570605598,9.665927719308938,19.64675988579926
2154,glaciers,joint,13.694718524887923,9.681585217497949,19.6734301206406
2155,glaciers,joint,13.716591475468322,9.696230995965633,19.704198928373096
2156,glaciers,joint,13.737726292021204,9.710561821812938,19.73249249312773
2157,glaciers,joint,13.757379383234,9.72029770787121,19.766413709214934
2158,glaciers,joint,13.77418549369884,9.72678353294707,19.794655899702697
2159,glaciers,joint,13.794992442987073,9.743719995207547,19.819358316001402
2160,glaciers,joint,13.814864482335583,9.75728697306534,19.847961236771543
2161,glaciers,joint,13.831477404531313,9.768095757657857,19.881646960601422
2162,glaciers,joint,13.84723292453026,9.77866213500306,19.91485633907667
2163,glaciers,joint,13.866311498223556,9.795182205452937,19.9478108424328
2164,glaciers,joint,13.882855559232542,9.811227874397959,19.97881879607293
2165,glaciers,joint,13.90049386944564,9.820766462461997,20.00819082216127
2166,glaciers,joint,13.918346487580855,9.831051651868064,20.031316152369964
2167,glaciers,joint,13.937621221513655,9.843952651911092,20.055088455288256
2168,glaciers,joint,13.955734369156009,9.854579324230215,20.07966059663902
2169,glaciers,joint,13.971505886165033,9.866781323204739,20.10245721646086
2170,glaciers,joint,13.98780934546813,9.875080224512445,20.128452501620263
2171,glaciers,joint,14.001919558002758,9.888704141887391,20.157528522110393
2172,glaciers,joint,14.018745924247124,9.898607057027418,20.182280920701007
2173,glaciers,joint,14.032776500879233,9.90491646221127,20.196932643531056
2174,glaciers,joint,14.04774296623008,9.911492511164084,20.21688637024131
2175,glaciers,joint,14.060766268550214,9.923957621163215,20.237982465690067
2176,glaciers,joint,14.075029037309807,9.934306323318946,20.258601766930102
2177,glaciers,joint,14.088420459716705,9.94228115195724,20.2778871665444
2178,glaciers,joint,14.102185734526607,9.95050725688765,20.29689831716975
2179,glaciers,joint,14.113668009365366,9.959447590886862,20.31164731220792
2180,glaciers,joint,14.127722624817032,9.967848932112211,20.33077519292368
2181,glaciers,joint,14.142340192389486,9.980621680041871,20.344104193065004
2182,glaciers,joint,14.153749453582266,9.985959170574128,20.357254915007463
2183,glaciers,joint,14.162845532664564,9.98970724216949,20.370152045048364
2184,glaciers,joint,14.173790095027899,9.996253691476138,20.382480641666547
2185,glaciers,joint,14.183986598293103,10.002568563819743,20.393914542147346
2186,glaciers,joint,14.195014404106647,10.009559845063531,20.407247152240735
2187,glaciers,joint,14.204840548775753,10.01999217680089,20.419520344824576
2188,glaciers,joint,14.218003481965717,10.02363545492502,20.43782975846381
2189,glaciers,joint,14.227858942663119,10.02969458177237,20.45554696389132
2190,glaciers,joint,14.235751851107295,10.034130094015008,20.47272457505081
2191,glaciers,joint,14.245526082395255,10.043022044684998,20.490107759686197
2192,glaciers,joint,14.254990632061956,10.054967043472866,20.509420330737296
2193,glaciers,joint,14.266766976788368,10.057911486077657,20.524476758441594
2194,glaciers,joint,14.274672464016668,10.063740172287782,20.542492080413574
2195,glaciers,joint,14.282674745532303,10.066766104075136,20.561052944329074
2196,glaciers,joint,14.291290258950959,10.07252520227267,20.57577532256265
2197,glaciers,joint,14.298879311792707,10.078486622108384,20.588120526686982
2198,glaciers,joint,14.306263260591674,10.084192999724728,20.601417685634033
2199,glaciers,joint,14.315338856962391,10.087566157094704,20.611595606907716
2200,glaciers,joint,14.322600301836719,10.091320911828213,20.62588646994995
2201,glaciers,joint,14.329824396856246,10.095882647716602,20.63336634145301
2202,glaciers,joint,14.337638698931194,10.101241459229177,20.647006611634456
2203,glaciers,joint,14.343189324226934,10.105786384814477,20.65785972325816
2204,glaciers,joint,14.349333080490329,10.108371135171744,20.666168539034473
2205,glaciers,joint,14.354575094843504,10.113261091034769,20.6767569746825
2206,glaciers,joint,14.361524744156455,10.119252752798662,20.687113971174558
2207,glaciers,joint,14.367323698685226,10.124062441781442,20.70339394122732
2208,glaciers,joint,14.373755896733154,10.12711043275177,20.713741698157243
2209,glaciers,joint,14.381474079797128,10.133348795003746,20.7281349505833
2210,glaciers,joint,14.388370283725562,10.137769242753023,20.73775853515259
2211,glaciers,joint,14.393691804896886,10.142009676779164,20.74223890641409
2212,glaciers,joint,14.398196288448167,10.146170689570795,20.753871789233152
2213,glaciers,joint,14.402626122228272,10.150204530610493,20.768735142805827
2214,glaciers,joint,14.407678241199596,10.151822344064486,20.78366991027019
2215,glaciers,joint,14.413228943405306,10.15462328630689,20.7912906335247
2216,glaciers,joint,14.418667429799035,10.157449825765855,20.798231702315718
2217,glaciers,joint,14.423758103982143,10.160711643760237,20.80943338038479
2218,glaciers,joint,14.429056769417581,10.162773476855346,20.818861034222614
2219,glaciers,joint,14.434013915435663,10.164745750925778,20.828679763041546
2220,glaciers,joint,14.438827158031636,10.16633379994514,20.83270931399436
2221,glaciers,joint,14.443515460528433,10.16834934219289,20.839827654519333
2222,glaciers,joint,14.445795527386394,10.172103881097089,20.845845955439053
2223,glaciers,joint,14.447257761056925,10.173130272634952,20.849442631894018
2224,glaciers,joint,14.449377375766936,10.173272309201455,20.852285032709577
2225,glaciers,joint,14.453923870671083,10.174255628757507,20.85503196699695
2226,glaciers,joint,14.458811440828793,10.175769352428354,20.857689576072413
2227,glaciers,joint,14.460709172064018,10.17721818436115,20.860273941859273
2228,glaciers,joint,14.46431832355833,10.178148874455585,20.86625821953183
2229,glaciers,joint,14.46775612079268,10.179150861805196,20.873979746525634
2230,glaciers,joint,14.47127361625671,10.181394850373115,20.87634243698095
2231,glaciers,joint,14.473140080022223,10.185099886223199,20.88305760244007
2232,glaciers,joint,14.477018622075231,10.188771956537703,20.891053036066484
2233,glaciers,joint,14.480679960593594,10.192383755748727,20.897658910253742
2234,glaciers,joint,14.485539335182786,10.195451106322276,20.90700909291352
2235,glaciers,joint,14.48935204560415,10.1971142850286,20.91491200347175
2236,glaciers,joint,14.489463776956356,10.198361108725354,20.916924124129952
2237,glaciers,joint,14.490708795940622,10.198718093035948,20.92637876803423
2238,glaciers,joint,14.492794869714672,10.199078595894921,20.92860731443609
2239,glaciers,joint,14.496519773242508,10.199816649923871,20.93055486126832
2240,glaciers,joint,14.49974366943105,10.202419412589906,20.93952102075469
2241,glaciers,joint,14.502340982501666,10.205021328198788,20.949723687431252
2242,glaciers,joint,14.504970231732718,10.207343287485788,20.955922207495576
2243,glaciers,joint,14.507587369100445,10.209474395738402,20.96012261679267
2244,glaciers,joint,14.510446201713691,10.210959499730855,20.963963384265863
2245,glaciers,joint,14.513487989570283,10.21232991611491,20.965841717249944
2246,glaciers,joint,14.516484945489129,10.212073309962909,20.970067900935653
2247,glaciers,joint,14.51852535750093,10.214554906209381,20.97148547595244
2248,glaciers,joint,14.519833546369032,10.216610298730973,20.972877081551374
2249,glaciers,joint,14.523100634856288,10.217956263067103,20.97629338218828
2250,glaciers,joint,14.525903945615335,10.219307130447422,20.981428269409435
2251,glaciers,joint,14.52797853019117,10.220624885573331,20.986060987281387
2252,glaciers,joint,14.530047336763783,10.22192530024867,20.988087173379068
2253,glaciers,joint,14.532855322528754,10.223226005435107,20.992554411716963
2254,glaciers,joint,14.53591336504734,10.224648468530136,20.996934053511527
2255,glaciers,joint,14.539264874715311,10.227611613406534,21.000412900097373
2256,glaciers,joint,14.542414219284115,10.228326377453968,20.998902948138113
2257,glaciers,joint,14.544172317397566,10.22850715622248,20.997276150007952
2258,glaciers,joint,14.546018597596968,10.229561321083551,21.00119582498565
2259,glaciers,joint,14.54683474872178,10.230570187810907,21.005222055703754
2260,glaciers,joint,14.548473634429751,10.231779754803167,21.011309397677977
2261,glaciers,joint,14.549317055357179,10.232932107040025,21.01283056742915
2262,glaciers,joint,14.551109912840804,10.233962511041488,21.016564377286425
2263,glaciers,joint,14.55520627354808,10.234667816120758,21.020208619195664
2264,glaciers,joint,14.556957818453881,10.23439327701587,21.027213807100335
2265,glaciers,joint,14.55878819599966,10.234104597045498,21.031512421765385
2266,glaciers,joint,14.559885352327973,10.233852827691251,21.03397595864188
2267,glaciers,joint,14.558886480442256,10.235424128857847,21.03803739229596
2268,glaciers,joint,14.560411146955456,10.236986507187277,21.040934931599182
2269,glaciers,joint,14.562039599479029,10.237121285116315,21.04098071995536
2270,glaciers,joint,14.562493257161691,10.235484398630131,21.043180729343828
2271,glaciers,joint,14.563567326007036,10.234716361480917,21.045703655032945
2272,glaciers,joint,14.565780053947528,10.235698353626209,21.04751325603832
2273,glaciers,joint,14.568245961944342,10.236161046860017,21.049574740122697
2274,glaciers,joint,14.569241563401638,10.235910562961488,21.05043154522319
2275,glaciers,joint,14.569864606909597,10.235658648588508,21.051959364891555
2276,glaciers,joint,14.57185852180421,10.235522017973265,21.05339747177865
2277,glaciers,joint,14.572667294476851,10.235752711579252,21.054740171800653
2278,glaciers,joint,14.572923964163387,10.235983281191059,21.056391761464674
2279,glaciers,joint,14.57243801773167,10.236208752465572,21.057915257092034
2280,glaciers,joint,14.572799704393825,10.236430607655311,21.059407773792106
2281,glaciers,joint,14.571719157910508,10.236650942249197,21.060755465903743
2282,glaciers,joint,14.573110920166958,10.236871025076077,21.060166732483314
2283,glaciers,joint,14.57346152261048,10.237144608509428,21.06336052090057
2284,glaciers,joint,14.573806402438683,10.237441793069195,21.06498313227399
2285,glaciers,joint,14.574214889930047,10.237741708753411,21.06640703208273
2286,glaciers,joint,14.57490669916752,10.238518966594285,21.06778215671504
2287,glaciers,joint,14.577046205004635,10.240359401149435,21.06948415494283
2288,glaciers,joint,14.579198748046412,10.24219991126959,21.073167416580993
2289,glaciers,joint,14.580605689833934,10.244032676732468,21.07174613106658
2290,glaciers,joint,14.582342569172202,10.245859297983205,21.073195693255958
2291,glaciers,joint,14.58333752727968,10.247677623099047,21.07452496839353
2292,glaciers,joint,14.585324440050973,10.249487051930368,21.075840855583575
2293,glaciers,joint,14.587376098821931,10.249827490191537,21.07714662658977
2294,glaciers,joint,14.59007649249256,10.249017072580843,21.08228986364799
2295,glaciers,joint,14.59116266530282,10.248202462399528,21.08818962709664
2296,glaciers,joint,14.593108480575252,10.249182110056216,21.090038449058703
2297,glaciers,joint,14.595956132845236,10.250211474895973,21.09152034901991
2298,glaciers,joint,14.598314116067787,10.250988144213773,21.093009615335877
2299,glaciers,joint,14.59909985742376,10.250955652774406,21.094502211048272
2300,glaciers,joint,14.601861953731227,10.249038792767363,21.0959923474463
1990,gis,fixed,-0.5241115066836772,-0.5389281822908422,-0.5112634378628398
1991,gis,fixed,-0.5264443632861551,-0.53989379260453,-0.5142346455663167
1992,gis,fixed,-0.5024743042547422,-0.515983613210077,-0.49051538964869895
1993,gis,fixed,-0.5127980040669957,-0.5253403558736197,-0.5011615211425164
1994,gis,fixed,-0.524624761676129,-0.5422170772598778,-0.5081984780445232
1995,gis,fixed,-0.5218723186745176,-0.5394811663654133,-0.5055473041870526
1996,gis,fixed,-0.5125962677459475,-0.5288298857465323,-0.49736475904942234
1997,gis,fixed,-0.4642634525249467,-0.47754024878043305,-0.4515817659585154
1998,gis,fixed,-0.43647774874567036,-0.44764983201695197,-0.4245880155141709
1999,gis,fixed,-0.3962290814328182,-0.4065915070200732,-0.3846055138741338
2000,gis,fixed,-0.3747949521402689,-0.3866188573144866,-0.3616346806949832
2001,gis,fixed,-0.32390462220824423,-0.33713366902288516,-0.309769932296511
2002,gis,fixed,-0.2623157168346957,-0.27660237294957357,-0.2476820335806794
2003,gis,fixed,-0.21105545595788522,-0.22771555292524703,-0.19449467571536455
2004,gis,fixed,-0.0787330160691826,-0.08374957776532063,-0.07309278689528184
2005,gis,fixed,-0.0024698622712149287,-0.007376075375967339,0.0029763477540020846
2006,gis,fixed,0.10313679785109464,0.0997806796324877,0.10688467952057107
2007,gis,fixed,0.1645455550163497,0.1594037948442638,0.17034416124585183
2008,gis,fixed,0.23639444023656608,0.22899637257116232,0.24430277908823603
2009,gis,fixed,0.2772746196756657,0.26677012999895067,0.2884495916111622
2010,gis,fixed,0.33124452238497115,0.3172311661400899,0.3458417177714479
2011,gis,fixed,0.5413590705548943,0.51684092988055,0.5651615424333326
2012,gis,fixed,0.5723122450559637,0.5507716797203199,0.5921386199460541
2013,gis,fixed,0.6514446546398824,0.6280809434505057,0.6719807182953155
2014,gis,fixed,0.7078571473355435,0.6846559007300949,0.7278166899189387
2015,gis,fixed,0.7814325136138129,0.7565480861425079,0.8029561405134097
2016,gis,fixed,0.7803358030994612,0.7565727114839542,0.8011388941371341
2017,gis,fixed,0.8951401213308747,0.8653689716207537,0.9206049151743116
2018,gis,fixed,0.9436648469160813,0.9139364003523665,0.9693736273595693
2019,gis,fixed,0.9737214512108179,0.9443297190644504,0.9996591795125573
2020,gis,fixed,1.0689462072959608,1.0355774389688717,1.0976017951131951
2021,gis,fixed,1.1222052495733466,1.0878054653114577,1.1528091604207393
2022,gis,fixed,1.217736142431034,1.1797115660576503,1.251740615174679
2023,gis,fixed,1.2580560888443917,1.2189830738213385,1.2939096371742456
2024,gis,fixed,1.302675003015151,1.2605076409235225,1.3411361039119438
2025,gis,fixed,1.3346282400097742,1.2893076740673675,1.3761804704966352
2026,gis,fixed,1.4027242703459764,1.3537530359254084,1.4476814030478857
2027,gis,fixed,1.4728505570107768,1.4206595929469052,1.5216372558190874
2028,gis,fixed,1.5435364522750636,1.4867982804235007,1.5960902113791058
2029,gis,fixed,1.6146937185953583,1.5530206551643162,1.6716217053566969
2030,gis,fixed,1.68644476687798,1.6195990425340183,1.7476592157858863
2031,gis,fixed,1.758479998193177,1.6862018127926202,1.8245370009005037
2032,gis,fixed,1.8308649113288653,1.7529526708069294,1.9016695810959028
2033,gis,fixed,1.9041853530215884,1.8206367804198975,1.980392875309952
2034,gis,fixed,1.978791155043909,1.8895704864988727,2.060552583824402
2035,gis,fixed,2.055591643990482,1.9599191844145998,2.1432825880244843
2036,gis,fixed,2.134814548722965,2.031995114182255,2.2285502813656115
2037,gis,fixed,2.216562659521616,2.1058107616134922,2.316476276931684
2038,gis,fixed,2.3003851704232057,2.1820492976257033,2.4079643240808237
2039,gis,fixed,2.3865075344028286,2.2603494661307244,2.5013718029069647
2040,gis,fixed,2.4745061211853954,2.339019801363071,2.598624351360506
2041,gis,fixed,2.5638585545504893,2.4196612204556924,2.6970906720516385
2042,gis,fixed,2.6542290556032953,2.500927232529262,2.7965442133404714
2043,gis,fixed,2.7463136292524766,2.582647082290516,2.898338697342175
2044,gis,fixed,2.8400680951689736,2.666261127508854,3.0027108632609343
2045,gis,fixed,2.9360306919302865,2.751227842699695,3.1097178291877574
2046,gis,fixed,3.0342178186503586,2.837865436704015,3.2199275242547447
2047,gis,fixed,3.134957145071876,2.9261293302446165,3.3332406390061213
2048,gis,fixed,3.23960028457635,3.0179903078489945,3.4510796271168
2049,gis,fixed,3.34586165951434,3.1115616638896335,3.5729424459519366
2050,gis,fixed,3.4550116472504957,3.2074234379366002,3.697914357792107
2051,gis,fixed,3.567829374321669,3.304086713775545,3.825827557457764
2052,gis,fixed,3.682574082260642,3.4022201632869193,3.956503767121274
2053,gis,fixed,3.7984583592261365,3.5016478986683337,4.090484839537957
2054,gis,fixed,3.9162390422245315,3.6023902117794986,4.225211307287838
2055,gis,fixed,4.036594388071711,3.7054822476770917,4.363726711384844
2056,gis,fixed,4.157748238533925,3.808121921586178,4.503955077147464
2057,gis,fixed,4.281169321088395,3.914421619336442,4.6453911618325
2058,gis,fixed,4.4074419064255945,4.019413734350072,4.7904023710609875
2059,gis,fixed,4.53582381901503,4.128004269833421,4.941056618758976
2060,gis,fixed,4.665897394787605,4.238095380509672,5.094722772853945
2061,gis,fixed,4.79774414468423,4.350434135058105,5.249922190127156
2062,gis,fixed,4.931990737979376,4.462548069338731,5.406782456115482
2063,gis,fixed,5.066720294630043,4.575502442422711,5.565792404489754
2064,gis,fixed,5.20157933382278,4.68822477984236,5.72518107504716
2065,gis,fixed,5.337253746018991,4.80315426888696,5.886581807176758
2066,gis,fixed,5.47435883918474,4.918694663814866,6.04759467103403
2067,gis,fixed,5.612137959291465,5.033629210693182,6.209209651287857
2068,gis,fixed,5.74995023520726,5.148728802757094,6.372419136717347
2069,gis,fixed,5.8893187596374155,5.264804366937311,6.537309766692635
2070,gis,fixed,6.029865237808775,5.3830698146862455,6.703965686973638
2071,gis,fixed,6.172598436728212,5.5018463566635845,6.873262364089292
2072,gis,fixed,6.3168105800001815,5.621152320328766,7.0437627069959365
2073,gis,fixed,6.461723905166778,5.742028864202356,7.216720905671075
2074,gis,fixed,6.607801805943423,5.86227977208701,7.389435232906301
2075,gis,fixed,6.753226494235078,5.98261843427044,7.564695976680059
2076,gis,fixed,6.9005342270760295,6.103250144842909,7.738238062822338
2077,gis,fixed,7.045544901365033,6.22401618369506,7.912323190108598
2078,gis,fixed,7.1902669598146485,6.34415524338424,8.085150933319891
2079,gis,fixed,7.334631093643198,6.463748641517978,8.257183812195983
2080,gis,fixed,7.477482195774785,6.580896481807134,8.428285923658104
2081,gis,fixed,7.619674693087802,6.697187920854321,8.596523202866642
2082,gis,fixed,7.761476918796636,6.813410476239766,8.764526286714302
2083,gis,fixed,7.903230361749999,6.928409982429581,8.930178733059492
2084,gis,fixed,8.04366983684104,7.042638778661934,9.096636379124671
2085,gis,fixed,8.181598256490492,7.155536311778362,9.25836102986195
2086,gis,fixed,8.317183628942107,7.265382165110338,9.419167536991969
2087,gis,fixed,8.44900106392566,7.37616657649839,9.5750352422389
2088,gis,fixed,8.578209485278803,7.481489771356957,9.728797373229071
2089,gis,fixed,8.702392069236522,7.58592305382627,9.875256603371966
2090,gis,fixed,8.823855101397207,7.686477415764966,10.02080524594832
2091,gis,fixed,8.943861379856846,7.7836722718648765,10.163337666316377
2092,gis,fixed,9.061061756574652,7.8805798607556445,10.30046855776299
2093,gis,fixed,9.174159472100824,7.9715457762919035,10.437031808648275
2094,gis,fixed,9.28472315464538,8.061786065448771,10.569181429011392
2095,gis,fixed,9.39388831513991,8.150815857425819,10.69360971226679
2096,gis,fixed,9.499304361794179,8.238898165114135,10.818951572060863
2097,gis,fixed,9.6019139993098,8.325478655341753,10.940437481185715
2098,gis,fixed,9.701713826037665,8.407721314511505,11.055279867509272
2099,gis,fixed,9.796493342127818,8.484870107608986,11.169988769292972
2100,gis,fixed,9.88899497475591,8.563658992751073,11.283053693767451
2101,gis,fixed,9.979990134883867,8.636431569254698,11.39174914755542
2102,gis,fixed,10.065747285868246,8.706423995634617,11.495306642310325
2103,gis,fixed,10.152379372920672,8.775583536456207,11.599114560965013
2104,gis,fixed,10.236775969971681,8.843892314899609,11.696898571860679
2105,gis,fixed,10.31731275491872,8.91188562348503,11.791120653974179
2106,gis,fixed,10.396780537874623,8.97587386625167,11.883612901246297
2107,gis,fixed,10.476214349736246,9.037608195759702,11.977452885689981
2108,gis,fixed,10.551373005888713,9.09937915417909,12.071708921696352
2109,gis,fixed,10.622201910513889,9.157811207120211,12.160290815214555
2110,gis,fixed,10.691756772469251,9.21393262795241,12.235760853332401
2111,gis,fixed,10.753986581619518,9.271718852514367,12.31262383998003
2112,gis,fixed,10.81581076040337,9.322374075594173,12.389880906405473
2113,gis,fixed,10.874570225516894,9.370072522159626,12.466788597702045
2114,gis,fixed,10.934236276622173,9.414045731403986,12.543109690328137
2115,gis,fixed,10.99485562798952,9.458642715963814,12.61372607018415
2116,gis,fixed,11.05237864863938,9.504045599811247,12.687399933701801
2117,gis,fixed,11.107454794162395,9.547724501573759,12.751343898538138
2118,gis,fixed,11.162988855730031,9.592070457610479,12.817729862095325
2119,gis,fixed,11.215312242296877,9.633940632884054,12.888013418654529
2120,gis,fixed,11.266319431465561,9.673655317166261,12.952613141056219
2121,gis,fixed,11.313308406636654,9.713503557860315,13.011476933617798
2122,gis,fixed,11.360639455778692,9.751547637175662,13.07074757218602
2123,gis,fixed,11.403842328007757,9.787703437785968,13.133601326335105
2124,gis,fixed,11.44735675224435,9.8212641508416,13.188195575131203
2125,gis,fixed,11.489844787691116,9.857669796643746,13.240540474895514
2126,gis,fixed,11.529644929565197,9.8887062141028,13.29358556735076
2127,gis,fixed,11.569550266711747,9.922045750817421,13.348062409511094
2128,gis,fixed,11.608670744445302,9.950622170100768,13.39938081721586
2129,gis,fixed,11.643698676713843,9.978854521883681,13.44926909966817
2130,gis,fixed,11.678260803979267,10.008068215857724,13.497980799809461
2131,gis,fixed,11.711561581643117,10.036112035333467,13.544144447818791
2132,gis,fixed,11.747114379004373,10.06524706253261,13.587740844391433
2133,gis,fixed,11.7771803809693,10.089390088285668,13.626602643760092
2134,gis,fixed,11.809319566169421,10.113160451319473,13.669178590643586
2135,gis,fixed,11.840098907664185,10.133074203902025,13.712198263046533
2136,gis,fixed,11.867002848356517,10.15534969414652,13.753173067623544
2137,gis,fixed,11.898528955254907,10.17562255807409,13.786680291854278
2138,gis,fixed,11.925850485859383,10.193334178051058,13.823956237024458
2139,gis,fixed,11.95416814559615,10.211207413833087,13.859440444472828
2140,gis,fixed,11.979403651055621,10.229620598415615,13.896505464048998
2141,gis,fixed,12.00273644215546,10.247806254572824,13.927485772167705
2142,gis,fixed,12.025622703532362,10.265080988843675,13.956731694804187
2143,gis,fixed,12.045272020784981,10.27985298822071,13.985932343549281
2144,gis,fixed,12.064420969498379,10.290944337718441,14.01655708072905
2145,gis,fixed,12.082722424994644,10.30259144521749,14.045746948095012
2146,gis,fixed,12.10135799460177,10.312805812244944,14.073652748731538
2147,gis,fixed,12.118407852008955,10.32050805091117,14.101716789828906
2148,gis,fixed,12.133723735261349,10.332725976951345,14.130609710097556
2149,gis,fixed,12.147129111317545,10.341045838179452,14.154725516126266
2150,gis,fixed,12.161169836173874,10.345952734692627,14.18282817277622
2151,gis,fixed,12.173505952777397,10.353384741688556,14.20667324890185
2152,gis,fixed,12.18735842657111,10.360103800316876,14.222077005537777
2153,gis,fixed,12.19855557428711,10.364390057863,14.242819155081493
2154,gis,fixed,12.210394110356983,10.368067785099218,14.26026272713954
2155,gis,fixed,12.221575423478289,10.369471130863806,14.285322698244347
2156,gis,fixed,12.229621307656515,10.37148085309496,14.304517391081607
2157,gis,fixed,12.240739520312893,10.374902903603267,14.322812011501009
2158,gis,fixed,12.250417007096724,10.377933973424996,14.337921999719835
2159,gis,fixed,12.257744582156707,10.380741231575987,14.360001736856361
2160,gis,fixed,12.266992081499613,10.385424834621654,14.378133590663436
2161,gis,fixed,12.275431884086085,10.387832939311558,14.395295517952393
2162,gis,fixed,12.285192646272794,10.387502818200128,14.413044355458725
2163,gis,fixed,12.287557996613975,10.38917901953551,14.424556092217166
2164,gis,fixed,12.292673636917957,10.393387480886167,14.43416148075859
2165,gis,fixed,12.296524935789023,10.396779889976544,14.444670858085003
2166,gis,fixed,12.30064637747724,10.397391366066635,14.460874950672174
2167,gis,fixed,12.305097436486292,10.39493090171964,14.473982575612377
2168,gis,fixed,12.305120077259092,10.392531479135691,14.487113109190732
2169,gis,fixed,12.305411180992872,10.389675667986571,14.489477181545363
2170,gis,fixed,12.307250015685375,10.387312970282144,14.497285278024844
2171,gis,fixed,12.31200213706785,10.388525563523936,14.505446428950934
2172,gis,fixed,12.314012064798717,10.388546179257082,14.517895992958826
2173,gis,fixed,12.314027232478992,10.38610455528359,14.529012387770159
2174,gis,fixed,12.315242250000132,10.3820759972421,14.537594894826274
2175,gis,fixed,12.317249148976648,10.380921602674162,14.548045476337622
2176,gis,fixed,12.319230179386217,10.3777997105382,14.558254126658452
2177,gis,fixed,12.317070641994436,10.370092593746582,14.559082287174903
2178,gis,fixed,12.31469467042766,10.361302381992953,14.56058680278301
2179,gis,fixed,12.310877067607185,10.354354107903275,14.563617765987805
2180,gis,fixed,12.308854111004173,10.347509337205949,14.567426760872701
2181,gis,fixed,12.30607485716394,10.338949832735718,14.571870299602724
2182,gis,fixed,12.302869708450395,10.328142783156524,14.579401213656142
2183,gis,fixed,12.300487838603342,10.318922470034705,14.58467807436463
2184,gis,fixed,12.29845079941566,10.31060734614763,14.589868441053872
2185,gis,fixed,12.293999504197416,10.302064755465839,14.593972437385293
2186,gis,fixed,12.2899894953748,10.29189203379348,14.595156839882526
2187,gis,fixed,12.283680892648853,10.28196554045399,14.596497129482863
2188,gis,fixed,12.27661439212861,10.270761699073432,14.596126640323128
2189,gis,fixed,12.267213933804145,10.262838185071653,14.59474531667754
2190,gis,fixed,12.25690124013541,10.25226100269311,14.59040820798716
2191,gis,fixed,12.24583603168262,10.236460718862995,14.58412268735312
2192,gis,fixed,12.236789644821847,10.22975155657491,14.578352575999132
2193,gis,fixed,12.228913268332386,10.216903462289732,14.577105783815504
2194,gis,fixed,12.219294555503842,10.203846421436944,14.570518919113269
2195,gis,fixed,12.212062188393023,10.192440237932455,14.56498816696514
2196,gis,fixed,12.20526928443936,10.178194108306386,14.563297244946853
2197,gis,fixed,12.19470380966057,10.16562059121656,14.555418979788367
2198,gis,fixed,12.182213757622396,10.154248933817568,14.545960612250193
2199,gis,fixed,12.172205316827126,10.141320293023124,14.536553425131556
2200,gis,fixed,12.158999332626836,10.128274956832994,14.530186449519448
2201,gis,fixed,12.145683722838431,10.110071895334361,14.526332448211003
2202,gis,fixed,12.13079178990983,10.092398143011696,14.525443559944819
2203,gis,fixed,12.116981911913701,10.076043864344554,14.523083903279458
2204,gis,fixed,12.103277571828219,10.057587540669127,14.516072139926388
2205,gis,fixed,12.089265696180144,10.045978603644247,14.508677943943349
2206,gis,fixed,12.076174901840371,10.030153490167908,14.501333661103594
2207,gis,fixed,12.061921976451139,10.014802676160295,14.494724718873142
2208,gis,fixed,12.047759594076382,9.999763487268405,14.485713409163575
2209,gis,fixed,12.034906079855329,9.98077469005755,14.473431547356256
2210,gis,fixed,12.020458678382138,9.962533141640547,14.464786484456445
2211,gis,fixed,12.006523054720606,9.946747601025942,14.452983473692148
2212,gis,fixed,11.98881498757044,9.927744465590802,14.442399793385686
2213,gis,fixed,11.974536128008214,9.909315044349997,14.428618836439785
2214,gis,fixed,11.956863720691018,9.889421191431147,14.413293776179401
2215,gis,fixed,11.94091429496175,9.873159685607618,14.399376424351532
2216,gis,fixed,11.923005017437543,9.855072122410329,14.388129795108343
2217,gis,fixed,11.90433142672205,9.837061338510226,14.379627434177397
2218,gis,fixed,11.889306044679618,9.816401610576127,14.36423477716062
2219,gis,fixed,11.871643905965524,9.797594367683216,14.349120289733113
2220,gis,fixed,11.853441439183898,9.776826701697033,14.327359735048367
2221,gis,fixed,11.834479563003004,9.757952093784604,14.311686745584634
2222,gis,fixed,11.815619563681185,9.739963901901177,14.300336406191613
2223,gis,fixed,11.79739893199578,9.722891964051739,14.292139891598982
2224,gis,fixed,11.780574580697674,9.704129400152597,14.275997035447517
2225,gis,fixed,11.763519387985411,9.685500275241896,14.262213416078835
2226,gis,fixed,11.74469112957573,9.668766011795274,14.250088077295672
2227,gis,fixed,11.72823885740001,9.654327004183205,14.240239817828432
2228,gis,fixed,11.710208674919656,9.636160774754433,14.23134078910936
2229,gis,fixed,11.688999409136713,9.617299180166622,14.217571215961646
2230,gis,fixed,11.671263560680876,9.598224167427778,14.20301091566872
2231,gis,fixed,11.653759452448899,9.578747846606975,14.18838654198624
2232,gis,fixed,11.637628465395156,9.560670204303417,14.176131869832448
2233,gis,fixed,11.62049709765943,9.544954422634447,14.161801937437748
2234,gis,fixed,11.603268963102042,9.5257650455574,14.145843454974505
2235,gis,fixed,11.584075227419326,9.507468691441169,14.130424796714463
2236,gis,fixed,11.564936928064988,9.490368696149593,14.115473879120577
2237,gis,fixed,11.54461991269457,9.472227267409595,14.101754586493884
2238,gis,fixed,11.52616527539439,9.454067226470642,14.087516618730977
2239,gis,fixed,11.506974946004922,9.436427026631046,14.078516113814308
2240,gis,fixed,11.488279661038295,9.417960792028834,14.066408801987414
2241,gis,fixed,11.471083213907843,9.401001377955334,14.05281617700616
2242,gis,fixed,11.4547814819334,9.382378279215358,14.040566411136288
2243,gis,fixed,11.437809314320383,9.362119172996564,14.028325745731761
2244,gis,fixed,11.421822668217395,9.344273390959112,14.015203049190774
2245,gis,fixed,11.408401293615835,9.331444380123205,13.996639169400003
2246,gis,fixed,11.39057043566945,9.314412055980078,13.98392322391563
2247,gis,fixed,11.374350856262964,9.295914313826133,13.970900009200166
2248,gis,fixed,11.353797710388704,9.277567793013011,13.957854771454798
2249,gis,fixed,11.335602404422488,9.25955677185315,13.944959037090522
2250,gis,fixed,11.318227793952312,9.243593911126416,13.932787578782674
2251,gis,fixed,11.301747798226849,9.225652994859255,13.920745523730096
2252,gis,fixed,11.285048245346115,9.210888438241744,13.911207032237211
2253,gis,fixed,11.270873868322688,9.193177330883406,13.899819095266011
2254,gis,fixed,11.25535043918499,9.178007466509033,13.886458781755529
2255,gis,fixed,11.240174517773985,9.164003785288589,13.873331521753723
2256,gis,fixed,11.225155442876645,9.149692842262496,13.863965373700058
2257,gis,fixed,11.208299518454714,9.135115282870162,13.85012728333114
2258,gis,fixed,11.192155625615683,9.118920623944964,13.83636864690807
2259,gis,fixed,11.174807476902018,9.102727362665512,13.821244316018316
2260,gis,fixed,11.157231475298822,9.087277599351573,13.808305231119935
2261,gis,fixed,11.141753843985104,9.071684858751151,13.790968083996297
2262,gis,fixed,11.125334943710698,9.056401422635139,13.776440440766253
2263,gis,fixed,11.109888226268431,9.041522288101865,13.75913708684282
2264,gis,fixed,11.093444798432763,9.026066212119183,13.74981516228781
2265,gis,fixed,11.076396302029025,9.011383963602865,13.736836789688573
2266,gis,fixed,11.059351682216594,8.99677619132391,13.72306311285062
2267,gis,fixed,11.042534539388605,8.981376990501369,13.707915694888289
2268,gis,fixed,11.026903916807406,8.96369602322371,13.697672657835355
2269,gis,fixed,11.009914937727299,8.950325682551687,13.682667081303906
2270,gis,fixed,10.992315121916748,8.93545323576619,13.673034834703685
2271,gis,fixed,10.97588305015293,8.919549585198112,13.66249291082781
2272,gis,fixed,10.961391554262661,8.90753178374261,13.647632988663345
2273,gis,fixed,10.946210300105587,8.894784564865398,13.635338328008883
2274,gis,fixed,10.933180692019326,8.878992252055676,13.622928999942516
2275,gis,fixed,10.918324515122578,8.865850728258307,13.610635313326918
2276,gis,fixed,10.90466048190527,8.851778204604532,13.598246704111874
2277,gis,fixed,10.888708431817022,8.838131217926149,13.58323840588362
2278,gis,fixed,10.875903600918253,8.82399459072065,13.572926089067588
2279,gis,fixed,10.862679760947596,8.80907974516545,13.56305820247512
2280,gis,fixed,10.848516804286788,8.797346987950698,13.556117891233987
2281,gis,fixed,10.83423932674341,8.785708738659551,13.546511177331256
2282,gis,fixed,10.821035654698818,8.774194786866309,13.536688282151873
2283,gis,fixed,10.80710421737481,8.76052234656091,13.531512888673909
2284,gis,fixed,10.79426148201691,8.746987536235915,13.526305715349299
2285,gis,fixed,10.779260767491323,8.736108401818143,13.518064907304016
2286,gis,fixed,10.765823622359015,8.72205811268744,13.509121073181817
2287,gis,fixed,10.753349563328094,8.712109666167816,13.499791053093245
2288,gis,fixed,10.742485347054881,8.699243880925208,13.486708419500859
2289,gis,fixed,10.730600909380886,8.684820761724568,13.476908837619831
2290,gis,fixed,10.718741372386303,8.670635483167079,13.47225078560909
2291,gis,fixed,10.707182580092715,8.657247220969529,13.464174404106746
2292,gis,fixed,10.694680495490372,8.645067708038852,13.454613782229165
2293,gis,fixed,10.682501774689094,8.632942811480484,13.443201616262478
2294,gis,fixed,10.670472727794664,8.621814705809028,13.430982000287923
2295,gis,fixed,10.657830166195271,8.609350231700295,13.422431369584547
2296,gis,fixed,10.647087729039592,8.597886539560568,13.416648119890613
2297,gis,fixed,10.635992155389774,8.58773885383641,13.4129190243469
2298,gis,fixed,10.625236774111286,8.578658731376922,13.410121758746193
2299,gis,fixed,10.613546296208451,8.569118266768776,13.402078184656311
2300,gis,fixed,10.602772314018537,8.561454447147351,13.396933380843011
1990,gis,joint,-0.5241115066836772,-0.5389281822908422,-0.5112634378628398
1991,gis,joint,-0.5264443632861551,-0.53989379260453,-0.5142346455663167
1992,gis,joint,-0.5024743042547422,-0.515983613210077,-0.49051538964869895
1993,gis,joint,-0.5127980040669957,-0.5253403558736197,-0.5011615211425164
1994,gis,joint,-0.524624761676129,-0.5422170772598778,-0.5081984780445232
1995,gis,joint,-0.5218723186745176,-0.5394811663654133,-0.5055473041870526
1996,gis,joint,-0.5125962677459475,-0.5288298857465323,-0.49736475904942234
1997,gis,joint,-0.4642634525249467,-0.47754024878043305,-0.4515817659585154
1998,gis,joint,-0.43647774874567036,-0.44764983201695197,-0.4245880155141709
1999,gis,joint,-0.3962290814328182,-0.4065915070200732,-0.3846055138741338
2000,gis,joint,-0.3747949521402689,-0.3866188573144866,-0.3616346806949832
2001,gis,joint,-0.32390462220824423,-0.33713366902288516,-0.309769932296511
2002,gis,joint,-0.2623157168346957,-0.27660237294957357,-0.2476820335806794
2003,gis,joint,-0.21105545595788522,-0.22771555292524703,-0.19449467571536455
2004,gis,joint,-0.0787330160691826,-0.08374957776532063,-0.07309278689528184
2005,gis,joint,-0.0024698622712149287,-0.007376075375967339,0.0029763477540020846
2006,gis,joint,0.10313679785109464,0.0997806796324877,0.10688467952057107
2007,gis,joint,0.1645455550163497,0.1594037948442638,0.17034416124585183
2008,gis,joint,0.23639444023656608,0.22899637257116232,0.24430277908823603
2009,gis,joint,0.2772746196756657,0.26677012999895067,0.2884495916111622
2010,gis,joint,0.33124452238497115,0.3172311661400899,0.3458417177714479
2011,gis,joint,0.5413590705548943,0.51684092988055,0.5651615424333326
2012,gis,joint,0.5723122450559637,0.5507716797203199,0.5921386199460541
2013,gis,joint,0.6514446546398824,0.6280809434505057,0.6719807182953155
2014,gis,joint,0.7078571473355435,0.6846559007300949,0.7278166899189387
2015,gis,joint,0.7814325136138129,0.7565480861425079,0.8029561405134097
2016,gis,joint,0.7803358030994612,0.7565727114839542,0.8011388941371341
2017,gis,joint,0.8951401213308747,0.8653689716207537,0.9206049151743116
2018,gis,joint,0.9436648469160813,0.9139364003523665,0.9693736273595693
2019,gis,joint,0.9737214512108179,0.9443297190644504,0.9996591795125573
2020,gis,joint,1.0689462072959608,1.0355774389688717,1.0976017951131951
2021,gis,joint,1.1222052495733466,1.0878054653114577,1.1528091604207393
2022,gis,joint,1.217736142431034,1.1797115660576503,1.251740615174679
2023,gis,joint,1.2580560888443917,1.2189830738213385,1.2939096371742456
2024,gis,joint,1.302675003015151,1.2605076409235225,1.3411361039119438
2025,gis,joint,1.3346282400097742,1.2893076740673675,1.3761804704966352
2026,gis,joint,1.402470855912147,1.353076989000957,1.447911049025329
2027,gis,joint,1.4723155929385863,1.4164494833205465,1.5231700399834263
2028,gis,joint,1.5424435063123951,1.4791664473264687,1.601633121788159
2029,gis,joint,1.6128621180625071,1.5420158827669155,1.681239316766009
2030,gis,joint,1.6836275287852773,1.603962295280327,1.7621369093379762
2031,gis,joint,1.754337803778129,1.6661247891319175,1.8443676187462748
2032,gis,joint,1.8260401139703575,1.7283354146457324,1.9285002077847029
2033,gis,joint,1.8982787424197847,1.7904028070875995,2.015691808218689
2034,gis,joint,1.9720623663394354,1.8538892612879208,2.104436524839847
2035,gis,joint,2.0476293098791265,1.918306909031404,2.1956412299212307
2036,gis,joint,2.1253371500004192,1.9851348659201058,2.2912634265792895
2037,gis,joint,2.2049367866475524,2.0537588776658535,2.39173655507983
2038,gis,joint,2.2874159279662405,2.123940490375566,2.496010931477528
2039,gis,joint,2.3727230857086483,2.1935945612220267,2.606622541018961
2040,gis,joint,2.459308074260962,2.264406569788748,2.721901753537173
2041,gis,joint,2.54710284011278,2.3357597416056457,2.838615079314783
2042,gis,joint,2.6357685240641606,2.4087506822018945,2.9588469249309104
2043,gis,joint,2.7262947399929796,2.48008772940244,3.0820725903746586
2044,gis,joint,2.818502921749878,2.554000035289994,3.2074811627384805
2045,gis,joint,2.9116039043458164,2.627308716412511,3.3384501022391384
2046,gis,joint,3.006648322927114,2.702163372294096,3.4745615116491964
2047,gis,joint,3.104999256994923,2.7778519086430213,3.6138334785151747
2048,gis,joint,3.205078953947319,2.856688508180787,3.7544334292792336
2049,gis,joint,3.307828931867151,2.936378021816033,3.9027904143955574
2050,gis,joint,3.4136640830194382,3.0162984710135157,4.053197293680833
2051,gis,joint,3.5230378377187304,3.098079447431028,4.2096059114695965
2052,gis,joint,3.6331630523329093,3.180072037292787,4.369472188754699
2053,gis,joint,3.744780038143882,3.262442364862638,4.531097821798008
2054,gis,joint,3.8579054237244126,3.345883566475352,4.695714180665433
2055,gis,joint,3.9718420382350184,3.429041623147688,4.8623752299369505
2056,gis,joint,4.088099724424764,3.5142090055770328,5.033997275549334
2057,gis,joint,4.206173043735078,3.6003461256557725,5.212230633716507
2058,gis,joint,4.326170019125481,3.6862557947630337,5.394678101949026
2059,gis,joint,4.448834921627765,3.774608151003304,5.583012442791386
2060,gis,joint,4.574248976455794,3.8643781049352053,5.77215376402702
2061,gis,joint,4.700772802849837,3.9551376008048975,5.964416932630163
2062,gis,joint,4.829124804531096,4.046563184694342,6.163911849071825
2063,gis,joint,4.9589539109634915,4.138437542998081,6.366249622728289
2064,gis,joint,5.0896593312440075,4.2299365892455425,6.570945618491178
2065,gis,joint,5.220196357776345,4.323551253599996,6.7827837575411065
2066,gis,joint,5.352524988116608,4.419461966237942,7.002056108501889
2067,gis,joint,5.48486918035041,4.512945364983415,7.218660022394605
2068,gis,joint,5.618835424627673,4.606882618887059,7.436436693934347
2069,gis,joint,5.752808953136842,4.701534268972668,7.6570708950312305
2070,gis,joint,5.890443562330331,4.7967253781982295,7.887264399588
2071,gis,joint,6.028274372693822,4.893348033209953,8.118963579010053
2072,gis,joint,6.167407133937962,4.992838829654667,8.35690427091622
2073,gis,joint,6.310213466831305,5.0935179351540665,8.605067697634004
2074,gis,joint,6.454840901393135,5.193753759033454,8.850408933717624
2075,gis,joint,6.5973780150571315,5.29180600132673,9.096559826729292
2076,gis,joint,6.741478773987808,5.390969987811496,9.343137810458328
2077,gis,joint,6.883164377135811,5.488034990763217,9.58726174854652
2078,gis,joint,7.0244093922230215,5.583447232706745,9.831353599105864
2079,gis,joint,7.1620971605650965,5.677637527444948,10.07505745505997
2080,gis,joint,7.299044188791004,5.76995826642261,10.316337013109047
2081,gis,joint,7.433178058620827,5.8612896384619475,10.556584716869722
2082,gis,joint,7.566162224617203,5.954589821518082,10.795974914275948
2083,gis,joint,7.701328697374035,6.046662825890715,11.0277305193418
2084,gis,joint,7.836421510227167,6.140013622901651,11.260915597820958
2085,gis,joint,7.96712315499058,6.225867887257253,11.497074063552974
2086,gis,joint,8.096036083259474,6.309812703084639,11.724375602612856
2087,gis,joint,8.220821274633693,6.3943417095871,11.939995671525253
2088,gis,joint,8.340979824073894,6.474188265561649,12.167961729019975
2089,gis,joint,8.458646016645641,6.553423103509609,12.381444039023673
2090,gis,joint,8.573635714644364,6.6312637037635245,12.586634746177783
2091,gis,joint,8.687743254491956,6.704733096164933,12.789543878299934
2092,gis,joint,8.79913988813199,6.77901728440054,12.987942666644017
2093,gis,joint,8.906938023729198,6.851170858883636,13.18771994161814
2094,gis,joint,9.012215173172958,6.921438263545769,13.409857508941544
2095,gis,joint,9.115664781686124,6.990007418000799,13.604583034285216
2096,gis,joint,9.21495730965414,7.0545790645888875,13.800081577712366
2097,gis,joint,9.312569321475216,7.1171191329351045,13.962385641808007
2098,gis,joint,9.406458725616897,7.175206488854414,14.12954963168581
2099,gis,joint,9.499437081385526,7.2371584876291895,14.300911399774952
2100,gis,joint,9.585611808606362,7.2933814602026725,14.472567403128444
2101,gis,joint,9.668603983808016,7.346455966311718,14.634788171337588
2102,gis,joint,9.751765598796343,7.400405053301123,14.785533868686686
2103,gis,joint,9.836107561517691,7.448403811733537,14.925993227477292
2104,gis,joint,9.913322130157344,7.4978403871485355,15.083015450254694
2105,gis,joint,9.990964449173646,7.544606328801067,15.24717448283568
2106,gis,joint,10.063908264406134,7.594156370260706,15.390924416116432
2107,gis,joint,10.135671978944956,7.641474057086006,15.511191655332244
2108,gis,joint,10.2071059009517,7.689014711527272,15.639434827217976
2109,gis,joint,10.277379865027646,7.735577964184477,15.783095888221775
2110,gis,joint,10.34350623728374,7.775385931723829,15.920930677256221
2111,gis,joint,10.405953437521127,7.812152520896692,16.05193069684441
2112,gis,joint,10.465886570583413,7.848885336600268,16.169341164970515
2113,gis,joint,10.520931539072327,7.885456618733771,16.273802889741752
2114,gis,joint,10.57866062096734,7.919920929323332,16.40637058411641
2115,gis,joint,10.63632696885993,7.951555321221553,16.506691734434355
2116,gis,joint,10.692913111137695,7.980542778924145,16.6148444551587
2117,gis,joint,10.745471707905864,8.013395819755438,16.719283067376413
2118,gis,joint,10.798613634231042,8.044072501075274,16.812563490113913
2119,gis,joint,10.848871533611108,8.070679876181742,16.912448283877477
2120,gis,joint,10.894439184332107,8.095336841554342,17.016020490144328
2121,gis,joint,10.937023203134483,8.119409591435527,17.098833225136513
2122,gis,joint,10.978805379238892,8.145235090675273,17.211274767888643
2123,gis,joint,11.020354109284181,8.166307956445037,17.306130568905875
2124,gis,joint,11.058085481279726,8.190253760492519,17.38812733197466
2125,gis,joint,11.095564368596012,8.212420591005474,17.47565478069372
2126,gis,joint,11.133343873075418,8.236018807536094,17.55212625054621
2127,gis,joint,11.175155771320656,8.255118919837653,17.627283617009535
2128,gis,joint,11.210834242866177,8.276680856467145,17.708182468451685
2129,gis,joint,11.249243498610328,8.293832512548677,17.783062530337016
2130,gis,joint,11.284103977553798,8.310524186726957,17.86294649448675
2131,gis,joint,11.31446284352981,8.320753637568117,17.94570071677556
2132,gis,joint,11.346173757730954,8.334376128571389,18.022477101114475
2133,gis,joint,11.375256802213883,8.349236304025638,18.084938160475442
2134,gis,joint,11.405545187624345,8.367023724817797,18.14609526215205
2135,gis,joint,11.429779719387831,8.377726557367566,18.216505697146726
2136,gis,joint,11.453504691794684,8.386664527598986,18.26539705369214
2137,gis,joint,11.476199730359564,8.395172185326329,18.32306868896434
2138,gis,joint,11.497518887451022,8.406365686642092,18.365729576817362
2139,gis,joint,11.526638862392492,8.411155029230741,18.42896982759069
2140,gis,joint,11.550609221996893,8.413091444943968,18.498209142203816
2141,gis,joint,11.57506677398734,8.415406541882199,18.538316331880907
2142,gis,joint,11.59389361765156,8.42481926710822,18.597730471056114
2143,gis,joint,11.613416581777283,8.433518316528524,18.635403455393135
2144,gis,joint,11.626027327296555,8.436400363871552,18.681111572138605
2145,gis,joint,11.642010303849037,8.442894574195716,18.736758929514505
2146,gis,joint,11.655336332645106,8.4474973173503,18.776456970334653
2147,gis,joint,11.669699956783521,8.452436947998422,18.81140997188435
2148,gis,joint,11.683317450373979,8.455496382882806,18.851080188619267
2149,gis,joint,11.697455553779875,8.456798992073669,18.893436971485528
2150,gis,joint,11.706627588487073,8.461049630518996,18.932955119629153
2151,gis,joint,11.715760924461065,8.459178445199147,18.971085354892224
2152,gis,joint,11.7213772004744,8.466009391652,18.987252480397906
2153,gis,joint,11.728645534001902,8.463470349268261,19.005034604356325
2154,gis,joint,11.73959038556066,8.466203951326818,19.03338703790779
2155,gis,joint,11.747214892406957,8.46381819795548,19.071259045254745
2156,gis,joint,11.755648872378696,8.45516456369474,19.10461448300434
2157,gis,joint,11.759019984700213,8.454691785460824,19.145041698442128
2158,gis,joint,11.768269467410168,8.449056880867317,19.16650378424354
2159,gis,joint,11.772218173203017,8.450594649461591,19.163651610098253
2160,gis,joint,11.774694764533402,8.442111599633158,19.174644171940376
2161,gis,joint,11.78242592407612,8.440978177900949,19.195667564803735
2162,gis,joint,11.789152206623706,8.434944526353043,19.21881382826986
2163,gis,joint,11.797303133122817,8.425339169836988,19.240494234821973
2164,gis,joint,11.804365502592784,8.422720451469512,19.26530204918519
2165,gis,joint,11.808119359562774,8.417306614333373,19.307868368858546
2166,gis,joint,11.809280729516878,8.418042972300201,19.323081301258537
2167,gis,joint,11.809700130228116,8.415995266277324,19.331224308307082
2168,gis,joint,11.808791385991771,8.406015128490038,19.336851781785683
2169,gis,joint,11.810471968310772,8.39564699376865,19.366611239363714
2170,gis,joint,11.810682937703238,8.389531068065189,19.397002315438186
2171,gis,joint,11.81293686056868,8.389350062499915,19.410719212251195
2172,gis,joint,11.811585642770801,8.375915399738282,19.4308662239118
2173,gis,joint,11.814261000772778,8.366517585390019,19.448560655467514
2174,gis,joint,11.814976080326744,8.36233762705978,19.441695694208505
2175,gis,joint,11.80969145183349,8.354274532734365,19.451180024395065
2176,gis,joint,11.808112543689665,8.344314250553754,19.469935533026927
2177,gis,joint,11.80773738592198,8.331147046517577,19.48710257107978
2178,gis,joint,11.806297353741622,8.319011657380383,19.486420263037154
2179,gis,joint,11.804872916545127,8.302739349743295,19.503952127087576
2180,gis,joint,11.804081089054678,8.290444656360425,19.476569052244535
2181,gis,joint,11.798427078012569,8.278713515179335,19.4698449231873
2182,gis,joint,11.789786465569204,8.270008978683359,19.472482128750286
2183,gis,joint,11.789322511155856,8.257613348789103,19.483535810518184
2184,gis,joint,11.78396015559385,8.249631421426788,19.48948115611556
2185,gis,joint,11.777041939224528,8.236661354214995,19.492556201908272
2186,gis,joint,11.771790748126541,8.219674332103967,19.496999329246375
2187,gis,joint,11.76210370833386,8.206504363681168,19.492013696945993
2188,gis,joint,11.751324594763966,8.189116562431083,19.47610126247512
2189,gis,joint,11.745855189375924,8.172531368918344,19.464482271561995
2190,gis,joint,11.733681508667296,8.153869527006803,19.47573280636869
2191,gis,joint,11.723533462361264,8.132077885591668,19.48962432342269
2192,gis,joint,11.71591819215432,8.115953432573576,19.470064297006434
2193,gis,joint,11.701501270514692,8.098299072270605,19.468759481806302
2194,gis,joint,11.692386790129312,8.084571661666182,19.481219311372126
2195,gis,joint,11.680226872312275,8.07228717933626,19.48521639058237
2196,gis,joint,11.669716554518764,8.057091000174086,19.486364464850183
2197,gis,joint,11.66085856496856,8.035778148547875,19.467229389093415
2198,gis,joint,11.650407467604172,8.018104834783873,19.470172628989687
2199,gis,joint,11.641396730068541,8.00222578945477,19.459281085461967
2200,gis,joint,11.626090772069997,7.989849179132611,19.45840721447852
2201,gis,joint,11.612852211376765,7.9730796079858814,19.45050558193479
2202,gis,joint,11.600480359368447,7.957951133484986,19.42938603193085
2203,gis,joint,11.591087962693676,7.946167580475316,19.429713555969546
2204,gis,joint,11.576022858133141,7.932266688531847,19.420173361951555
2205,gis,joint,11.568134451774249,7.912185302322856,19.41372679427312
2206,gis,joint,11.56083014673628,7.891089131754526,19.40643725014035
2207,gis,joint,11.551789141646697,7.875873907871628,19.393005090910023
2208,gis,joint,11.537418474047968,7.860298052651779,19.3774682450765
2209,gis,joint,11.527618805527123,7.8442588818613945,19.377379942353087
2210,gis,joint,11.514810073871693,7.828510506657988,19.356393393777548
2211,gis,joint,11.493796538255651,7.811765861628982,19.34869681960617
2212,gis,joint,11.478763266598556,7.792914682416798,19.33398680193264
2213,gis,joint,11.457917539802683,7.775137297816531,19.31662817290659
2214,gis,joint,11.439305926753725,7.757273887003158,19.298541433934826
2215,gis,joint,11.424507772832284,7.73929684585811,19.28003019727224
2216,gis,joint,11.40408003259846,7.724750837055191,19.26090163192849
2217,gis,joint,11.3882939460356,7.70849095586444,19.23795319025624
2218,gis,joint,11.370909635570124,7.692985183738028,19.195593315608303
2219,gis,joint,11.35240912534595,7.670101144764538,19.155910121715262
2220,gis,joint,11.333516578152192,7.652818505893538,19.137933501594294
2221,gis,joint,11.315103557049827,7.638386465868545,19.132538252373084
2222,gis,joint,11.294697269463468,7.61520941015451,19.11885855455003
2223,gis,joint,11.276647320859759,7.594590376973991,19.102796661427355
2224,gis,joint,11.25924378433142,7.573703565104485,19.086866458730125
2225,gis,joint,11.247906549381856,7.5577242262687125,19.06004285282834
2226,gis,joint,11.231400837142761,7.540007187422568,19.0384129135377
2227,gis,joint,11.213870968971245,7.518439660122103,19.02026602954448
2228,gis,joint,11.196996312427853,7.496166550104985,18.99662873482884
2229,gis,joint,11.181240005087668,7.4712316181737695,18.9715791987189
2230,gis,joint,11.164862183360892,7.4496466244910495,18.938216372661593
2231,gis,joint,11.145625296214325,7.435354041372306,18.91024444026289
2232,gis,joint,11.13120052260197,7.413510779581664,18.87622874367655
2233,gis,joint,11.11375283764708,7.390464951578827,18.838526250380745
2234,gis,joint,11.091483145347791,7.368498178774856,18.823828165141936
2235,gis,joint,11.075618168506388,7.346851496031545,18.800905180213345
2236,gis,joint,11.056796755562459,7.3256909941249315,18.77607462596921
2237,gis,joint,11.039580906806016,7.301135498048052,18.77797287404531
2238,gis,joint,11.018324252920207,7.280168008612151,18.764425938839352
2239,gis,joint,11.001774915641988,7.2657375730998845,18.74485585014134
2240,gis,joint,10.985797391261318,7.2453934246846945,18.723960724918037
2241,gis,joint,10.967811422027708,7.227025026363082,18.70304806426197
2242,gis,joint,10.954125668426284,7.21176885642101,18.676670248745925
2243,gis,joint,10.93617195897951,7.190336276851454,18.662690499085137
2244,gis,joint,10.921499461440902,7.169609974992938,18.643493405090062
2245,gis,joint,10.906845896577536,7.149775853363543,18.62314815881662
2246,gis,joint,10.892187399135977,7.130908748842504,18.603123432608747
2247,gis,joint,10.87276326430096,7.114320825816408,18.58150701836525
2248,gis,joint,10.854534761279401,7.094351335938019,18.562584063375468
2249,gis,joint,10.836666864415028,7.074423785671114,18.551152103224076
2250,gis,joint,10.820282464639508,7.054885722765054,18.52262147083303
2251,gis,joint,10.802104408358218,7.0346710533821195,18.514459739222996
2252,gis,joint,10.784217885364356,7.017245674130532,18.509166508840813
2253,gis,joint,10.767054479111252,6.997743719393077,18.498294184276826
2254,gis,joint,10.75183513279842,6.977858520621174,18.47372597409357
2255,gis,joint,10.732798318523677,6.963993761213679,18.448753559582006
2256,gis,joint,10.71606827521322,6.9446008210382715,18.423133587808476
2257,gis,joint,10.701274787515638,6.928659876152734,18.405639968270254
2258,gis,joint,10.683895731971825,6.910396804369066,18.37814193383775
2259,gis,joint,10.668357280573598,6.892145803882282,18.349245814630812
2260,gis,joint,10.651652291715255,6.872577231917419,18.323027358508618
2261,gis,joint,10.632825865010712,6.85378259741131,18.295802957741465
2262,gis,joint,10.613824746868389,6.835705531967967,18.27937584034734
2263,gis,joint,10.59767642338677,6.815577809085614,18.251439503027143
2264,gis,joint,10.581336177366051,6.797700772468476,18.22264848192844
2265,gis,joint,10.56200740269541,6.781582729413351,18.19830633420697
2266,gis,joint,10.543165228083195,6.766120093761111,18.194136264480946
2267,gis,joint,10.52613946288834,6.74546416523782,18.18918604792838
2268,gis,joint,10.50822915139469,6.7261093349483465,18.157873813495144
2269,gis,joint,10.492254460220813,6.7103209241685455,18.14933374258856
2270,gis,joint,10.476853440983882,6.694457724851002,18.121594551459765
2271,gis,joint,10.45981627265558,6.677825129578563,18.090255836734993
2272,gis,joint,10.44181423678533,6.660669105278737,18.058129773041795
2273,gis,joint,10.428787221523118,6.643222257988371,18.022780813603518
2274,gis,joint,10.411461948579872,6.630126201987167,17.995656043627918
2275,gis,joint,10.395134448075387,6.614220719179062,17.965959508696706
2276,gis,joint,10.376304066955107,6.59456118689153,17.9461616113196
2277,gis,joint,10.363319293766267,6.575342274717208,17.937881881967236
2278,gis,joint,10.349367190064106,6.557607556765077,17.928864131534052
2279,gis,joint,10.3340719079557,6.544966613482555,17.909158784468506
2280,gis,joint,10.319352850888702,6.528657469395789,17.897754492595126
2281,gis,joint,10.305902424996972,6.513026033426221,17.863641421385925
2282,gis,joint,10.29209619668617,6.496417845293758,17.840264946704792
2283,gis,joint,10.277789774237501,6.478348487517077,17.82073212481696
2284,gis,joint,10.265430613571283,6.458695032203225,17.806410125118486
2285,gis,joint,10.252703336938687,6.443886281850266,17.79047755597225
2286,gis,joint,10.236295287556372,6.429066750910851,17.775814891109324
2287,gis,joint,10.224142228651157,6.416916816290578,17.76514201952284
2288,gis,joint,10.212471152732448,6.406867785463744,17.748429125977324
2289,gis,joint,10.199584671284084,6.389049485235301,17.73568063758867
2290,gis,joint,10.182531136525263,6.373934132807569,17.716234962940852
2291,gis,joint,10.173118754378002,6.359163302946025,17.696483538525328
2292,gis,joint,10.162815971306653,6.3445871049975615,17.681277155264613
2293,gis,joint,10.151034203179634,6.330134123653744,17.66261578152242
2294,gis,joint,10.13989393264896,6.313873927871778,17.641049259321477
2295,gis,joint,10.127012054397067,6.299631143295961,17.622933491873912
2296,gis,joint,10.117977633621555,6.283924526868118,17.600020088912935
2297,gis,joint,10.104178245199552,6.268355931512468,17.587638127911976
2298,gis,joint,10.092324397334707,6.253896640855964,17.575382317838773
2299,gis,joint,10.083875354476724,6.240321369003725,17.56913934280862
2300,gis,joint,10.07214943319164,6.226419043536934,17.56338930986458
1990,ais,fixed,-0.2285591290050446,-0.25855337977852644,-0.19545477206227835
1991,ais,fixed,-0.22181910680419203,-0.25295111577951496,-0.1877403289140411
1992,ais,fixed,-0.2147641365293867,-0.24243086526452384,-0.17903442221759458
1993,ais,fixed,-0.2088091121285766,-0.23933514538947678,-0.17193089625120506
1994,ais,fixed,-0.20491362585297523,-0.23581636388898777,-0.1678241692948636
1995,ais,fixed,-0.19964006289987457,-0.23120730673168777,-0.16225513867954916
1996,ais,fixed,-0.19316988553521985,-0.22713401329174127,-0.15491737731665592
1997,ais,fixed,-0.1860078092526325,-0.2234604036303732,-0.14632555104846498
1998,ais,fixed,-0.17715747058529763,-0.20879665004410022,-0.13660374975614598
1999,ais,fixed,-0.1630336792113526,-0.1834283751880115,-0.1270824663801582
2000,ais,fixed,-0.14226501594791358,-0.1580244072704276,-0.11581852787290137
2001,ais,fixed,-0.11711481674243063,-0.13197333376890652,-0.10035473437568036
2002,ais,fixed,-0.0891069449547946,-0.10512069855533301,-0.07737871103812437
2003,ais,fixed,-0.059858749714505166,-0.07691834626759597,-0.05104247586203872
2004,ais,fixed,-0.030533912268887242,-0.04783267634167467,-0.022905605171693495
2005,ais,fixed,-0.00048648604067574874,-0.01857475758224956,0.0071710586179315255
2006,ais,fixed,0.02910965925896447,0.008852855240101525,0.038038164515998965
2007,ais,fixed,0.05896160643163889,0.0390397272387641,0.06963496145427728
2008,ais,fixed,0.08893945158902672,0.06896309202772516,0.10126564365572104
2009,ais,fixed,0.11926316613881188,0.09921466648685709,0.13322475243604923
2010,ais,fixed,0.14980712709969252,0.1286739757714267,0.16521718079991693
2011,ais,fixed,0.18120039451885483,0.1586204932971626,0.1977810017663959
2012,ais,fixed,0.21450909779469984,0.19047978490443776,0.23224027381063328
2013,ais,fixed,0.24697571941525914,0.22203419772283073,0.2656760757755683
2014,ais,fixed,0.280352352438751,0.25439984107313096,0.29993661321257636
2015,ais,fixed,0.31453353989139704,0.2876787232602259,0.33489550402776436
2016,ais,fixed,0.34950068901388326,0.3217365460522361,0.3706680475087826
2017,ais,fixed,0.384596660256225,0.3554829613770555,0.4065708758960913
2018,ais,fixed,0.4214679223227457,0.391474116105104,0.4442386509972841
2019,ais,fixed,0.45831547462086797,0.4272729938001607,0.48207212884052286
2020,ais,fixed,0.4957240628235355,0.4622325177516911,0.5208491269586923
2021,ais,fixed,0.5335771181667935,0.4985609125439057,0.560942071536388
2022,ais,fixed,0.5720129412351804,0.534981602556628,0.6018302295249834
2023,ais,fixed,0.6117485157156322,0.5725112286660541,0.6443859689245923
2024,ais,fixed,0.6515920898570491,0.6090902732101976,0.6868935629448845
2025,ais,fixed,0.692566718756704,0.6466565386108073,0.7313796074259757
2026,ais,fixed,0.734268503401551,0.6840868660352514,0.7765337042004312
2027,ais,fixed,0.7770793722795417,0.7225389212967637,0.8237698971283101
2028,ais,fixed,0.8202648776743754,0.7605196966311659,0.8714964327233061
2029,ais,fixed,0.8636343333770387,0.7981384843152451,0.919751695629585
2030,ais,fixed,0.9074954196751456,0.8361376089897374,0.9688319101981018
2031,ais,fixed,0.9518511418794533,0.8745889281383701,1.0184636957720898
2032,ais,fixed,0.9967965024003189,0.9124998372962273,1.0690260391916118
2033,ais,fixed,1.0421519153767733,0.9513924478207221,1.1199843382274122
2034,ais,fixed,1.088221637043808,0.9901780734382414,1.1722155484654095
2035,ais,fixed,1.1354278155693638,1.0295044500623596,1.225494467396327
2036,ais,fixed,1.1831808463585944,1.0691131692463318,1.2805884597675323
2037,ais,fixed,1.232611443618157,1.1091587684711426,1.3373857239989737
2038,ais,fixed,1.2827527766217852,1.1503333268571485,1.3956416253503559
2039,ais,fixed,1.333791323390793,1.1920304945030105,1.4551898528429588
2040,ais,fixed,1.3858014448588125,1.2341132580640246,1.5165831850403033
2041,ais,fixed,1.4388715195010722,1.2757729850339243,1.5790526253766424
2042,ais,fixed,1.4925110429720598,1.3173101370178881,1.6429389955073121
2043,ais,fixed,1.5472034655873736,1.3600987615032079,1.7082248101299757
2044,ais,fixed,1.60263555206821,1.403917155779748,1.7764621668460279
2045,ais,fixed,1.6592770522285218,1.4488907160532274,1.846610296425081
2046,ais,fixed,1.7167735023577357,1.4930435095688936,1.9211677841795607
2047,ais,fixed,1.7757146815415124,1.5389929226514227,2.001820833551577
2048,ais,fixed,1.837099794552569,1.5853786179231857,2.0920399431431163
2049,ais,fixed,1.9004272518419305,1.6336229516697967,2.2085068545567816
2050,ais,fixed,1.9659378580670754,1.6818793500190425,2.5428997910111155
2051,ais,fixed,2.033704798723429,1.731085827230763,3.387063124161915
2052,ais,fixed,2.1023599874854852,1.7809646347694335,4.380435286832456
2053,ais,fixed,2.172999212010226,1.8320455042607635,5.402877171545247
2054,ais,fixed,2.245403116474753,1.8835317281116863,6.446805387336394
2055,ais,fixed,2.319573002821455,1.93620917438558,7.428068692848056
2056,ais,fixed,2.3960788364902044,1.9907974312590349,8.458900732243315
2057,ais,fixed,2.4757972030692463,2.044702848523118,9.568336339867656
2058,ais,fixed,2.559827256325,2.0989827617095673,10.62947542553429
2059,ais,fixed,2.6500376430108075,2.1597027742739505,11.759814551459357
2060,ais,fixed,2.747807169517392,2.2211796951648504,12.898333591650216
2061,ais,fixed,2.8507140376444764,2.2826109743117993,14.117593908506537
2062,ais,fixed,2.9536996173678443,2.3429896219253448,15.245866349686393
2063,ais,fixed,3.0609847815540334,2.40232869946415,16.42274168944253
2064,ais,fixed,3.174453006407619,2.4667749581737164,17.65225487716545
2065,ais,fixed,3.299162036539579,2.533176104570358,18.89983916085918
2066,ais,fixed,3.429859108616672,2.600982168916153,20.151285657936825
2067,ais,fixed,3.5844887738726094,2.6711414362579706,21.35737510269662
2068,ais,fixed,3.778456326341634,2.74800314435061,22.60279352491659
2069,ais,fixed,4.0488357170757965,2.8287676134568294,23.84027526222252
2070,ais,fixed,4.538425739427391,2.9107187717417253,25.083783288257695
2071,ais,fixed,5.446875603865765,2.9944424932940508,26.26180208003045
2072,ais,fixed,6.426759881935279,3.078384397529639,27.49046818971614
2073,ais,fixed,7.3958234286723705,3.1581371545632844,28.813189225691133
2074,ais,fixed,8.355995724360188,3.2470780539649526,30.087331797201525
2075,ais,fixed,9.328827378756184,3.333956263717249,31.316512596484777
2076,ais,fixed,10.301167074055087,3.4206336164526774,32.61851860591413
2077,ais,fixed,11.29489608429832,3.5008267565596123,33.99799225318362
2078,ais,fixed,12.262921874750159,3.5867046877623308,35.44052834268841
2079,ais,fixed,13.25845565276639,3.6685589381550514,36.724910391124254
2080,ais,fixed,14.232729279363724,3.7517112431345776,38.07392403480651
2081,ais,fixed,15.171765295414623,3.8450302697028844,39.31782792689507
2082,ais,fixed,16.220328594683842,3.93144561296406,40.69990196037007
2083,ais,fixed,17.177157189340853,4.027942214951755,42.031767071605664
2084,ais,fixed,18.107712875146774,4.118996363753971,43.28488429813491
2085,ais,fixed,19.092064463090022,4.202269699463813,44.80693885909715
2086,ais,fixed,20.050092126420857,4.282542872743685,46.1151647880247
2087,ais,fixed,21.01844841702713,4.362539122475616,47.46661934370399
2088,ais,fixed,21.998900432507412,4.440994374368355,48.72483305283938
2089,ais,fixed,22.992031929111498,4.518017604538711,50.04737480193858
2090,ais,fixed,23.848710707431522,4.594871521571092,51.4605827226894
2091,ais,fixed,24.809153127966457,4.673448243527142,52.86656998749348
2092,ais,fixed,25.787745292788536,4.750325072309046,54.25534941945846
2093,ais,fixed,26.80899587402699,4.831869963322839,55.65710948445592
2094,ais,fixed,27.714666485337546,4.9090853758963835,57.06893506553806
2095,ais,fixed,28.632027119938208,4.985846563703575,58.46720170230714
2096,ais,fixed,29.56876422035179,5.062667970876015,59.84134775096934
2097,ais,fixed,30.49767416771249,5.139339789419886,61.156542797695764
2098,ais,fixed,31.40358968472382,5.21520187892699,62.58466652821155
2099,ais,fixed,32.253820241865526,5.291836819488829,63.94292825207379
2100,ais,fixed,33.133744487570176,5.369129714237373,65.28350152588148
2101,ais,fixed,33.99344759672529,5.443200502636304,66.76698153644298
2102,ais,fixed,34.857993570984306,5.51633463373384,68.20159190344744
2103,ais,fixed,35.77943384144987,5.592353865364721,69.54404955930879
2104,ais,fixed,36.59312666389579,5.666977136747478,70.98676459896843
2105,ais,fixed,37.42050027063199,5.741693456373026,72.3838650369554
2106,ais,fixed,38.26154683984912,5.81625537873169,73.8441701065769
2107,ais,fixed,39.10000756237851,5.888683006235,75.27493910409214
2108,ais,fixed,39.861578803043585,5.96080092326047,76.66061139359746
2109,ais,fixed,40.508724235378345,6.033373350660549,78.17924271027036
2110,ais,fixed,41.235720651492244,6.105024191374651,79.51952871455643
2111,ais,fixed,41.89758227216338,6.175987466435977,81.01575602721479
2112,ais,fixed,42.5997908866391,6.246642731301435,82.46814360993747
2113,ais,fixed,43.219840957454316,6.317995448177569,83.80563189626781
2114,ais,fixed,43.89104487977771,6.388737391638186,85.24983497863994
2115,ais,fixed,44.45371960960486,6.459746803874654,86.59430018867673
2116,ais,fixed,45.13569930976564,6.530870004804308,88.11290177934542
2117,ais,fixed,45.721948596256,6.602993803680764,89.43085264538747
2118,ais,fixed,46.33498075119785,6.672805602351701,90.87365198540606
2119,ais,fixed,46.903694974693934,6.741275617017962,92.27935215294012
2120,ais,fixed,47.494143889559346,6.810100538293725,93.8206091471507
2121,ais,fixed,47.94703086812132,6.877910698784624,95.23707608086886
2122,ais,fixed,48.348439914523894,6.945341255213956,96.6760375280579
2123,ais,fixed,48.82774961083708,7.012584703598794,98.11386399639937
2124,ais,fixed,49.37025124603059,7.079096668787126,99.39911500024843
2125,ais,fixed,49.718142756447634,7.145454870773021,100.7952824573615
2126,ais,fixed,50.12205430942994,7.2120308386215415,102.16517069214143
2127,ais,fixed,50.537020535743345,7.279155328788538,103.54933023578697
2128,ais,fixed,51.01163218954056,7.345957299138902,104.73677819544807
2129,ais,fixed,51.401516389485515,7.412163798531666,106.03174690783456
2130,ais,fixed,51.70386114373551,7.477783144022613,107.31927423213197
2131,ais,fixed,52.0703229232043,7.542372406838515,108.62031304377642
2132,ais,fixed,52.30468815690453,7.606471184855574,109.9036403870118
2133,ais,fixed,52.6433388545354,7.669852004635089,111.2957113637776
2134,ais,fixed,52.9599723916056,7.7328190265084595,112.623230659058
2135,ais,fixed,53.23644404561142,7.7957840186812675,113.73941756534077
2136,ais,fixed,53.502719007712955,7.859613098182359,115.02816917989166
2137,ais,fixed,53.79855953933579,7.920632506064905,116.33936093745251
2138,ais,fixed,53.99185721634868,7.9827943971580915,117.6205926285667
2139,ais,fixed,54.13774979634151,8.044981678420655,118.78682839926653
2140,ais,fixed,54.349292957930814,8.106772192686899,120.04459424250695
2141,ais,fixed,54.56600747004768,8.168114283321605,121.37949408444747
2142,ais,fixed,54.7992503870726,8.229166815865463,122.25356982473537
2143,ais,fixed,54.94028377782599,8.290683464742193,123.27805147810439
2144,ais,fixed,55.091849015231226,8.351823726408764,124.43528120888979
2145,ais,fixed,55.27151554307321,8.4126097426824,125.64369360406423
2146,ais,fixed,55.36454857298874,8.473110311623474,126.51625570705275
2147,ais,fixed,55.588771019437544,8.533294922214477,127.6112943019178
2148,ais,fixed,55.68099205415084,8.593345748706795,128.8368290523313
2149,ais,fixed,55.800360439312385,8.65206378746937,129.9429971066252
2150,ais,fixed,55.934532153842035,8.708435309489227,130.45451988345775
2151,ais,fixed,56.02521732787343,8.764264002221662,131.51390803435277
2152,ais,fixed,56.164088994209614,8.819728950924045,132.59411388950204
2153,ais,fixed,56.24186810745273,8.875286277796938,133.67176903088625
2154,ais,fixed,56.35322412200782,8.932803377176947,134.73016458757826
2155,ais,fixed,56.459209423079514,8.989948688896567,135.64635902755282
2156,ais,fixed,56.547605951669844,9.044993981564668,136.5986389451713
2157,ais,fixed,56.62209371958036,9.10110717184783,137.44236537654038
2158,ais,fixed,56.71829686140114,9.157436679386114,138.26369422441195
2159,ais,fixed,56.82320101736697,9.213181491594073,139.02929908791475
2160,ais,fixed,56.89266327245369,9.268100252317513,140.07314492876714
2161,ais,fixed,56.952949370173656,9.322605534372128,141.16947956079622
2162,ais,fixed,57.08154060654057,9.37764272094604,141.81868736229544
2163,ais,fixed,57.13589727436592,9.43322441717784,142.69871481342514
2164,ais,fixed,57.173670018168885,9.488675020364305,143.26075316374428
2165,ais,fixed,57.2580829071661,9.542292312021157,143.9724761498242
2166,ais,fixed,57.30417679109069,9.59576431424258,144.20565715172822
2167,ais,fixed,57.348014813748605,9.648364408111151,144.66821763760515
2168,ais,fixed,57.402786530844466,9.702022637370543,145.27685678261219
2169,ais,fixed,57.46405529563387,9.75148222325801,146.04160727403956
2170,ais,fixed,57.551296910232935,9.8034467733085,146.65114074611637
2171,ais,fixed,57.60372668885795,9.856286816743099,147.4554608128207
2172,ais,fixed,57.654680432091,9.90914671722268,148.0565665205223
2173,ais,fixed,57.70441059695561,9.961733406847987,148.50423020359304
2174,ais,fixed,57.756582441337954,10.014034173338175,149.1667414838018
2175,ais,fixed,57.80991298627036,10.066069814443459,149.74487508726182
2176,ais,fixed,57.87410882722779,10.1174094172655,150.50190702726556
2177,ais,fixed,57.92055779463651,10.168946123244544,151.3427227794482
2178,ais,fixed,57.972164895813975,10.219694627400468,152.11763765221667
2179,ais,fixed,58.016041105299394,10.270173849344202,152.45642082117894
2180,ais,fixed,58.059778315622026,10.32007477927876,153.12277290848755
2181,ais,fixed,58.10964012249771,10.366877383950161,153.7877002647742
2182,ais,fixed,58.15651870135397,10.417243061073023,154.08037216188706
2183,ais,fixed,58.21141321214134,10.467726483753543,154.48361734192096
2184,ais,fixed,58.26045717077419,10.518124869653173,155.0108346205633
2185,ais,fixed,58.30405504956407,10.56823047360989,155.31881245592757
2186,ais,fixed,58.34735813384853,10.618218193092698,155.71879055034282
2187,ais,fixed,58.38992344116307,10.667559988307694,155.94008211856115
2188,ais,fixed,58.432040979403,10.716367255600616,156.188268822954
2189,ais,fixed,58.473949401727154,10.764604563698962,156.35208630807782
2190,ais,fixed,58.51550784705833,10.812578648975354,156.75520357286365
2191,ais,fixed,58.54641466624683,10.8582159325872,157.19820362477577
2192,ais,fixed,58.57295546552942,10.906232882236283,157.2515305743308
2193,ais,fixed,58.60674498422689,10.954435920245183,157.2609906136334
2194,ais,fixed,58.6457419486477,11.002641489052577,157.27032144188283
2195,ais,fixed,58.68673642226808,11.049282440871364,157.51631103483916
2196,ais,fixed,58.73862883582509,11.095968592662507,157.72212632844855
2197,ais,fixed,58.783674448195654,11.142751272414344,157.86135799304085
2198,ais,fixed,58.825142867352156,11.189005982291759,158.3721847796008
2199,ais,fixed,58.85085791882534,11.234832395502991,158.38759403361897
2200,ais,fixed,58.8803767623437,11.280391738720256,158.48873224851408
2201,ais,fixed,58.9091020418454,11.323650454171473,158.4659493058452
2202,ais,fixed,58.94066311667123,11.368634645556103,158.5451286294354
2203,ais,fixed,58.97736135313922,11.412554186584858,158.56303522549484
2204,ais,fixed,59.017464282969144,11.456345402674533,158.598580468115
2205,ais,fixed,59.0574352250384,11.500065610025539,158.61103640881439
2206,ais,fixed,59.09664336411139,11.543700032203077,158.6312107357452
2207,ais,fixed,59.13514622303481,11.58706675397783,158.65129660726708
2208,ais,fixed,59.17566180761219,11.631144713760388,158.6523882471127
2209,ais,fixed,59.21428424298851,11.675308450902042,158.66926275264882
2210,ais,fixed,59.25249020156549,11.718474728216956,158.68591279952716
2211,ais,fixed,59.28969916973257,11.760316027459174,158.7018586417202
2212,ais,fixed,59.32334584528466,11.80181836989836,158.71742923739075
2213,ais,fixed,59.355351599855275,11.844530844224833,158.7329256524672
2214,ais,fixed,59.38672086299383,11.887044228464864,158.79755638846217
2215,ais,fixed,59.41119738310468,11.929625992467082,158.81269602561738
2216,ais,fixed,59.435652379284534,11.972134432863292,158.82768184695834
2217,ais,fixed,59.46728209800003,12.014390462687837,158.8422841979633
2218,ais,fixed,59.492555843598296,12.05641311871549,158.83579037250934
2219,ais,fixed,59.52094169895702,12.097935816620119,158.8286369375415
2220,ais,fixed,59.55872021463609,12.139436970906479,158.83511704692566
2221,ais,fixed,59.59703000944048,12.179461809884677,158.84870048506352
2222,ais,fixed,59.6303853483347,12.219322949130989,158.86226977561068
2223,ais,fixed,59.65878803938385,12.260007799071268,158.87545220230737
2224,ais,fixed,59.69253682704844,12.301221259527914,158.88849806543067
2225,ais,fixed,59.72607226534299,12.342287329921884,158.9013737841011
2226,ais,fixed,59.75731963554504,12.383360062344103,158.9142145642654
2227,ais,fixed,59.78610201350594,12.421564157995103,158.9267606558144
2228,ais,fixed,59.81502278603165,12.461272994038339,158.93943188841192
2229,ais,fixed,59.84345644992381,12.500991892347805,158.95173656872907
2230,ais,fixed,59.87182849388215,12.540824813488197,158.96400880808557
2231,ais,fixed,59.89983716067274,12.580398366615245,158.9760143767254
2232,ais,fixed,59.92680232135621,12.620026211359693,158.98805500600258
2233,ais,fixed,59.95389263033829,12.659556834626647,158.9998992045388
2234,ais,fixed,59.98247336364556,12.698860720018,159.010650005037
2235,ais,fixed,60.00957168311429,12.733667657497028,159.0211822875831
2236,ais,fixed,60.038244447026656,12.767816470764032,159.03047003656408
2237,ais,fixed,60.06690952257864,12.804022360891627,159.0238960418767
2238,ais,fixed,60.09505377789377,12.843511470733118,159.0165089590074
2239,ais,fixed,60.12336543679973,12.883236056670938,159.00868003474105
2240,ais,fixed,60.15308705757394,12.922822662891491,159.0007215820302
2241,ais,fixed,60.18551800832152,12.962314033926736,158.99269321971803
2242,ais,fixed,60.21795780988387,13.001856145946553,158.98474056648146
2243,ais,fixed,60.250369965635485,13.041410971870102,158.97682575285734
2244,ais,fixed,60.28239383704489,13.080427619591386,158.96865597672345
2245,ais,fixed,60.31238419227424,13.116957934229635,158.97152737258406
2246,ais,fixed,60.338114258764016,13.15309265483478,158.96104439453592
2247,ais,fixed,60.36415709029196,13.189202038411908,158.95023795310394
2248,ais,fixed,60.39233089130856,13.22830162226707,158.93977949492668
2249,ais,fixed,60.42155929607796,13.266981108436605,158.93048923515227
2250,ais,fixed,60.45085039602883,13.305706698612926,158.9225508824624
2251,ais,fixed,60.48021898434507,13.344471840979715,158.91376554260748
2252,ais,fixed,60.5096698705739,13.383317295104868,158.91175804432822
2253,ais,fixed,60.536244685231864,13.42196383378216,158.91673093080533
2254,ais,fixed,60.561391638407486,13.460607884460885,158.9068329943289
2255,ais,fixed,60.58647059930132,13.499291275298063,158.8785838687772
2256,ais,fixed,60.61130322608795,13.537243140148144,158.86971646721355
2257,ais,fixed,60.635798056992144,13.573776956345213,158.86066418982247
2258,ais,fixed,60.65990171301783,13.610023496047345,158.85138316590786
2259,ais,fixed,60.68412454399328,13.646475834192675,158.84102598144412
2260,ais,fixed,60.707793702192326,13.682526080708932,158.82265473439878
2261,ais,fixed,60.731686309494414,13.721394437802065,158.81968010804596
2262,ais,fixed,60.75203218738105,13.758310168849793,158.81665934296944
2263,ais,fixed,60.77135604748229,13.792028034756237,158.80883114268343
2264,ais,fixed,60.79186367668058,13.827007097135558,158.80113651306183
2265,ais,fixed,60.819997794811414,13.863634567682523,158.79321074778966
2266,ais,fixed,60.84791524238119,13.900106844105423,158.785152816109
2267,ais,fixed,60.8725481942919,13.936922510173432,158.77735336219243
2268,ais,fixed,60.90200712230588,13.973536395889802,158.76937580765062
2269,ais,fixed,60.92763570728521,14.01086049135307,158.76117454001337
2270,ais,fixed,60.9481487814647,14.048189839730902,158.75060062916035
2271,ais,fixed,60.96869437873203,14.085569194181733,158.7400604989114
2272,ais,fixed,60.98874117238548,14.119369525033918,158.7291402213978
2273,ais,fixed,61.00912267873256,14.154176622564485,158.71854299699703
2274,ais,fixed,61.03390052930088,14.190047368933074,158.7078080808644
2275,ais,fixed,61.05965641307314,14.225478960752765,158.6971951871925
2276,ais,fixed,61.085501703378185,14.260667076618464,158.67065302937567
2277,ais,fixed,61.11108491851894,14.297639929172993,158.63559728647664
2278,ais,fixed,61.136589161918124,14.334195824917048,158.6005106255237
2279,ais,fixed,61.16218097338507,14.370122830319719,158.5656354867282
2280,ais,fixed,61.18620006921233,14.405462486162733,158.5306223744289
2281,ais,fixed,61.20553732856381,14.440873686127787,158.50654297724083
2282,ais,fixed,61.22472156961899,14.476232756025277,158.49227250166743
2283,ais,fixed,61.24384093692427,14.511531582226725,158.47794554464548
2284,ais,fixed,61.26288897736333,14.546763848374406,158.46356143834382
2285,ais,fixed,61.28225900855274,14.582266476491062,158.45878129136128
2286,ais,fixed,61.30131453887069,14.617493666178813,158.46165451342316
2287,ais,fixed,61.320153200931756,14.653638043428831,158.4643260325249
2288,ais,fixed,61.34121659918685,14.690742615397667,158.46714629859213
2289,ais,fixed,61.36388357580999,14.726210411734439,158.46988336585633
2290,ais,fixed,61.38642459329088,14.762338666535014,158.47250836930695
2291,ais,fixed,61.409091096417896,14.798610470986635,158.47525418195582
2292,ais,fixed,61.43181230520926,14.834871859929075,158.47805443100856
2293,ais,fixed,61.45439175773411,14.870995009248418,158.48072702883346
2294,ais,fixed,61.47509466779885,14.90714384762063,158.48343000281955
2295,ais,fixed,61.49414464983188,14.943388940680208,158.48623274100058
2296,ais,fixed,61.51295226744334,14.977799548287257,158.4888262549509
2297,ais,fixed,61.53395448305325,15.013167977115415,158.4899743072541
2298,ais,fixed,61.55601666210565,15.048494063729205,158.48152986727112
2299,ais,fixed,61.57782416309928,15.082808959597372,158.4728343780439
2300,ais,fixed,61.59955107831435,15.118197786506325,158.46404946810108
1990,ais,joint,-0.2285591290050446,-0.25855337977852644,-0.19545477206227835
1991,ais,joint,-0.22181910680419203,-0.25295111577951496,-0.1877403289140411
1992,ais,joint,-0.2147641365293867,-0.24243086526452384,-0.17903442221759458
1993,ais,joint,-0.2088091121285766,-0.23933514538947678,-0.17193089625120506
1994,ais,joint,-0.20491362585297523,-0.23581636388898777,-0.1678241692948636
1995,ais,joint,-0.19964006289987457,-0.23120730673168777,-0.16225513867954916
1996,ais,joint,-0.19316988553521985,-0.22713401329174127,-0.15491737731665592
1997,ais,joint,-0.1860078092526325,-0.2234604036303732,-0.14632555104846498
1998,ais,joint,-0.17715747058529763,-0.20879665004410022,-0.13660374975614598
1999,ais,joint,-0.1630336792113526,-0.1834283751880115,-0.1270824663801582
2000,ais,joint,-0.14226501594791358,-0.1580244072704276,-0.11581852787290137
2001,ais,joint,-0.11711481674243063,-0.13197333376890652,-0.10035473437568036
2002,ais,joint,-0.0891069449547946,-0.10512069855533301,-0.07737871103812437
2003,ais,joint,-0.059858749714505166,-0.07691834626759597,-0.05104247586203872
2004,ais,joint,-0.030533912268887242,-0.04783267634167467,-0.022905605171693495
2005,ais,joint,-0.00048648604067574874,-0.01857475758224956,0.0071710586179315255
2006,ais,joint,0.02910965925896447,0.008852855240101525,0.038038164515998965
2007,ais,joint,0.05896160643163889,0.0390397272387641,0.06963496145427728
2008,ais,joint,0.08893945158902672,0.06896309202772516,0.10126564365572104
2009,ais,joint,0.11926316613881188,0.09921466648685709,0.13322475243604923
2010,ais,joint,0.14980712709969252,0.1286739757714267,0.16521718079991693
2011,ais,joint,0.18120039451885483,0.1586204932971626,0.1977810017663959
2012,ais,joint,0.21450909779469984,0.19047978490443776,0.23224027381063328
2013,ais,joint,0.24697571941525914,0.22203419772283073,0.2656760757755683
2014,ais,joint,0.280352352438751,0.25439984107313096,0.29993661321257636
2015,ais,joint,0.31453353989139704,0.2876787232602259,0.33489550402776436
2016,ais,joint,0.34961200087647964,0.32134958743102665,0.37081668111959265
2017,ais,joint,0.3845284027855411,0.35553931907424396,0.4072450911428253
2018,ais,joint,0.42138923326822253,0.3910535625923574,0.44554815051077024
2019,ais,joint,0.45820426049699686,0.4260182457030038,0.4846956047375148
2020,ais,joint,0.49545670979020845,0.46085340281840353,0.5252604316560356
2021,ais,joint,0.5331452333355466,0.495997685514365,0.5670609201546654
2022,ais,joint,0.5712617220593644,0.5310465736544213,0.6103443298081053
2023,ais,joint,0.6104545313034715,0.5669169138758094,0.6556559655616696
2024,ais,joint,0.649669609434778,0.6026681114341839,0.7011499146161275
2025,ais,joint,0.690308415282839,0.6393965813592957,0.7486018940434265
2026,ais,joint,0.7314083190215788,0.6757965115599073,0.7977001751450725
2027,ais,joint,0.773385138112705,0.7129286929992823,0.8484738055136921
2028,ais,joint,0.8155736043696852,0.7495977331003303,0.8999945976688075
2029,ais,joint,0.8584353083707552,0.7866857451353474,0.9527862338006613
2030,ais,joint,0.901350176206455,0.8240375363604628,1.0064444143127858
2031,ais,joint,0.9452066146366606,0.8611212140294368,1.0604295627676799
2032,ais,joint,0.9891265239726115,0.8981391109012068,1.116542048733583
2033,ais,joint,1.0334641412696517,0.9359209730119705,1.1736407098409962
2034,ais,joint,1.0783501769725923,0.9728211462495385,1.2307580968181657
2035,ais,joint,1.1238509773929244,1.010296837520114,1.2920036144459237
2036,ais,joint,1.1703383875113835,1.0490263686914718,1.3540204483664409
2037,ais,joint,1.2180927094568463,1.0879951327329698,1.419527781149977
2038,ais,joint,1.2667923844595124,1.1272821384704175,1.4858964336369265
2039,ais,joint,1.3168979953930395,1.1676517424016732,1.5573920746458716
2040,ais,joint,1.367953749906694,1.2082678719113555,1.6332845870719876
2041,ais,joint,1.4199061314129144,1.2483900938100108,1.7100499295412284
2042,ais,joint,1.47263213331369,1.2880899608035172,1.7953826294975752
2043,ais,joint,1.5269630419695006,1.3290814134165538,1.894370859575242
2044,ais,joint,1.5814459763848394,1.37142653818643,2.0026022977300615
2045,ais,joint,1.6368090138785245,1.412933887168517,2.134378907059647
2046,ais,joint,1.6927459858470544,1.4546222426757964,2.3682205931118334
2047,ais,joint,1.7507166691262026,1.4967440107155423,3.1336099150169217
2048,ais,joint,1.8103590819253936,1.5400804866138729,4.15379152101505
2049,ais,joint,1.870968015920976,1.5837615916046537,5.272352166906389
2050,ais,joint,1.9345363631959636,1.6288908402361262,6.270083813900488
2051,ais,joint,2.0008604522547584,1.6744665207234992,7.284187643546696
2052,ais,joint,2.066534299050272,1.7208097931757125,8.384189104152162
2053,ais,joint,2.1348399041858537,1.7660005578380678,9.423836348488562
2054,ais,joint,2.2039860492805134,1.8122323887565706,10.494638758857809
2055,ais,joint,2.2745015246358724,1.8596388794593606,11.548958881813027
2056,ais,joint,2.348190199364247,1.9088829836225376,12.64323895018824
2057,ais,joint,2.423469447917125,1.9578591970322967,13.838229674338468
2058,ais,joint,2.504043269695165,2.0071992513337493,15.095176447417554
2059,ais,joint,2.5919759544415224,2.056582496451729,16.24938324561692
2060,ais,joint,2.68088093871523,2.1064545522086395,17.40816492684185
2061,ais,joint,2.7765203238305234,2.1570958134490064,18.604045576405678
2062,ais,joint,2.873669068872247,2.2086666377006674,19.856816960727137
2063,ais,joint,2.9747753216172566,2.2615943406689483,21.073723980017377
2064,ais,joint,3.0757119948142506,2.3142986172894626,22.25937888817537
2065,ais,joint,3.1870206168670663,2.3668132960454416,23.51604274614074
2066,ais,joint,3.309016893531073,2.4198387433146644,24.908459797329744
2067,ais,joint,3.4529406140039347,2.4755540352410237,26.162887353927662
2068,ais,joint,3.61450929434106,2.5350309933251274,27.33545276461713
2069,ais,joint,3.801824288947122,2.5902780758605126,28.563956738258366
2070,ais,joint,4.069377165255974,2.651142641488356,29.854628987440076
2071,ais,joint,4.474240244482678,2.71108692563151,31.266974015340416
2072,ais,joint,5.2092609053528225,2.769075404816067,32.57778064756809
2073,ais,joint,6.179805478932913,2.835727076794682,33.96218864304301
2074,ais,joint,7.120674261072507,2.8942652338858648,35.313097871760334
2075,ais,joint,8.088317831194765,2.9531760859017933,36.59393392229705
2076,ais,joint,8.989509409445542,3.015221017073187,37.94800265860226
2077,ais,joint,9.951736861060306,3.07477593284516,39.306561005373354
2078,ais,joint,10.899324265562004,3.1362837807369215,40.57939214205913
2079,ais,joint,11.87030859416021,3.1954202079521394,41.96717001509838
2080,ais,joint,12.80011255220889,3.2571734649456507,43.29212991761746
2081,ais,joint,13.735370760676751,3.3184630314516683,44.71039792997447
2082,ais,joint,14.697219407822356,3.379509480335017,46.1495469045391
2083,ais,joint,15.640848176134206,3.4412043687553084,47.46221644203166
2084,ais,joint,16.544908826755893,3.503877436485662,48.850118709440096
2085,ais,joint,17.48651880174586,3.5647426982618713,50.34668618451712
2086,ais,joint,18.34087793491834,3.6251772301380623,51.715596077352245
2087,ais,joint,19.221958636016037,3.6829317135579704,53.05345213588427
2088,ais,joint,20.114244021452244,3.7409786271198624,54.46538964575197
2089,ais,joint,20.9593353102226,3.8003673395476962,55.82983266099596
2090,ais,joint,21.88374195225734,3.8561895831521484,57.17953367764322
2091,ais,joint,22.767167259565362,3.9144122503219734,58.596688720435615
2092,ais,joint,23.648210409536837,3.9724940335712664,60.14413453282633
2093,ais,joint,24.532379375477,4.029986893832295,61.60247835994704
2094,ais,joint,25.414999788261696,4.087425566865635,63.192004868356
2095,ais,joint,26.302681910394185,4.1417819981447535,64.63876406598207
2096,ais,joint,27.1619344082114,4.201377355489876,66.10450870825764
2097,ais,joint,27.919332592179018,4.2580543745505715,67.49748692177423
2098,ais,joint,28.684916928148798,4.314549624130952,68.84289480895222
2099,ais,joint,29.46632893260351,4.370370570186519,70.31659714851091
2100,ais,joint,30.241663768535624,4.426395466820469,71.81687543681171
2101,ais,joint,30.973638301939815,4.4824315381800135,73.27196522197409
2102,ais,joint,31.658795634824273,4.535174593869292,74.67462097984215
2103,ais,joint,32.35424531909014,4.5891114697089606,76.17231125991708
2104,ais,joint,33.05432113357239,4.644853613688013,77.45742516718649
2105,ais,joint,33.73108070331001,4.698261193951531,78.85162976419693
2106,ais,joint,34.37035615143858,4.750142289885058,80.24703650259943
2107,ais,joint,34.949761576796334,4.802665207276547,81.64008294321881
2108,ais,joint,35.57307130046745,4.854994493179519,83.0941308715847
2109,ais,joint,36.15708834682991,4.90699726854962,84.4972770749769
2110,ais,joint,36.715463931653176,4.9590598297946835,85.98339988240407
2111,ais,joint,37.21948883329378,5.013162920730209,87.38185409960332
2112,ais,joint,37.712910409044156,5.066027104401871,88.83768347640573
2113,ais,joint,38.219261250013226,5.116654175646435,90.16385489539057
2114,ais,joint,38.702189259956256,5.168003173683334,91.47546141091271
2115,ais,joint,39.175409810798485,5.220042894208927,92.73655152533003
2116,ais,joint,39.69319011664034,5.270558355562612,94.10319918016147
2117,ais,joint,40.172771932716955,5.320779986812679,95.54109066040981
2118,ais,joint,40.76067849423741,5.370595940089721,97.01785801413924
2119,ais,joint,41.19281731974169,5.42007526090933,98.3188973293652
2120,ais,joint,41.537630609192945,5.469286173201119,99.61187749634391
2121,ais,joint,41.80066432758916,5.518271884835358,101.01183003331742
2122,ais,joint,42.222051242173706,5.567071248645298,102.4179511751035
2123,ais,joint,42.643135148443726,5.616778381522032,103.96873808008603
2124,ais,joint,43.01082176974792,5.6662608706131214,105.25702889099452
2125,ais,joint,43.3642374447564,5.713331823822876,106.57594539579905
2126,ais,joint,43.544245494269944,5.76030943191355,108.01591864016447
2127,ais,joint,43.83441025312732,5.811047412388438,109.52656624507347
2128,ais,joint,44.09588859683305,5.860995220097485,110.92572432012628
2129,ais,joint,44.444003497069126,5.906256543958232,112.2792828887551
2130,ais,joint,44.58612135464148,5.951401271633267,113.52300793333595
2131,ais,joint,44.8695733063458,6.001266893241691,114.87249028255808
2132,ais,joint,45.048606108962616,6.046645816603079,116.25561038426267
2133,ais,joint,45.211548225895584,6.091491120888884,117.63999301248845
2134,ais,joint,45.53907307883642,6.137416042828846,118.93656402408024
2135,ais,joint,45.62776538525904,6.1831175117649835,120.26051150406593
2136,ais,joint,45.84357822838429,6.229160914360976,121.69655646355027
2137,ais,joint,46.00093677517533,6.273688721761552,122.92681495517655
2138,ais,joint,46.19816799633216,6.3178177492775,124.22418447456951
2139,ais,joint,46.352994859573265,6.363267682208303,125.55279061447652
2140,ais,joint,46.52897182405579,6.407535613916872,126.8858512813028
2141,ais,joint,46.636094412334295,6.451624012073733,128.21629802975446
2142,ais,joint,46.762949236665676,6.4964282144951415,129.59905493184692
2143,ais,joint,46.95730771663649,6.5411060942785495,130.77691321133133
2144,ais,joint,47.05731180200067,6.586118058765117,132.02672103443874
2145,ais,joint,47.19329137076448,6.629643095955081,133.28988171420102
2146,ais,joint,47.380827957737246,6.673213990394715,134.62959627274614
2147,ais,joint,47.48226993263284,6.7166846876562545,135.90585505613308
2148,ais,joint,47.639395561437276,6.758636428958216,137.31121980537347
2149,ais,joint,47.72800584022812,6.799602068069004,138.69520153586
2150,ais,joint,47.85819247392985,6.839227357804113,139.9462776796049
2151,ais,joint,47.93945363603182,6.878610585513359,141.15252621983532
2152,ais,joint,48.03150694577387,6.919977308714049,142.33272659142241
2153,ais,joint,48.13662712857567,6.96248326756733,143.56833637797132
2154,ais,joint,48.19457799990835,7.002669889104263,144.73455568410392
2155,ais,joint,48.24101093327968,7.0450889490009985,146.0041193557973
2156,ais,joint,48.28091272985488,7.086523820114141,146.88932581621577
2157,ais,joint,48.32042469108207,7.128153067540006,147.88343335329122
2158,ais,joint,48.359771113145456,7.168998015799872,148.84909921980807
2159,ais,joint,48.45059674157508,7.210089753032975,149.9065613825271
2160,ais,joint,48.488728597666515,7.2514037081316305,150.99844899946442
2161,ais,joint,48.56787959728392,7.292334017115535,152.07637815279162
2162,ais,joint,48.62587463693529,7.332922684120268,153.41356132744338
2163,ais,joint,48.66515557888874,7.372829052960355,154.63220325021751
2164,ais,joint,48.71841121992806,7.412532871433099,155.87956890566625
2165,ais,joint,48.80345108710706,7.4516422585681115,156.9056697766823
2166,ais,joint,48.84903057476831,7.491379554579972,157.96343362965638
2167,ais,joint,48.9206149655883,7.53392347211224,159.10385268579952
2168,ais,joint,48.97628797791167,7.57442117414257,160.220262228074
2169,ais,joint,49.02817906918648,7.61274436907887,161.35298318704608
2170,ais,joint,49.06990172712898,7.651789646803238,162.49777335435923
2171,ais,joint,49.111424300678365,7.690730710912746,163.48879746569182
2172,ais,joint,49.15274865178171,7.727953632217682,164.71247480713095
2173,ais,joint,49.18696621628459,7.763241333420384,165.69611869349302
2174,ais,joint,49.220816163901375,7.801234110528362,166.4117141651348
2175,ais,joint,49.254373984359475,7.842339969572176,167.4330073889946
2176,ais,joint,49.28756008346853,7.8796162666981076,168.12726383493376
2177,ais,joint,49.3203704085372,7.918771504220183,168.9390822488834
2178,ais,joint,49.35256446390803,7.957585492303638,169.9659077680635
2179,ais,joint,49.39160061191301,7.995249447944027,170.72240256944505
2180,ais,joint,49.44459907504783,8.030531770874706,171.8400647246179
2181,ais,joint,49.4927677931765,8.06643665520364,172.69633633664313
2182,ais,joint,49.53439719188313,8.103937133810597,173.39751401146106
2183,ais,joint,49.590201847961744,8.141011004251197,174.25627899031872
2184,ais,joint,49.647645628650416,8.175539710751469,175.28482865127552
2185,ais,joint,49.720509334904584,8.212776553037878,176.14753050279018
2186,ais,joint,49.791252812030606,8.2483745866871,177.25916506303628
2187,ais,joint,49.82774373675528,8.282835206733234,178.1800742120512
2188,ais,joint,49.85352361335826,8.316896983261788,179.20451969251096
2189,ais,joint,49.88884137990429,8.352905575121342,180.3139954307651
2190,ais,joint,49.927486539876185,8.384835390751768,181.1542657083631
2191,ais,joint,49.96600449880728,8.419186581574984,182.0529755396255
2192,ais,joint,50.00424051481119,8.45383085191775,183.00573324663964
2193,ais,joint,50.056631762272815,8.487612965898355,184.02292484968365
2194,ais,joint,50.10479431129662,8.523401191176998,184.8524960837292
2195,ais,joint,50.14942769602027,8.556617521756518,185.90494310161952
2196,ais,joint,50.19064598232199,8.590856403247162,187.12040608709788
2197,ais,joint,50.22834336204445,8.6251037978759,188.00931889203085
2198,ais,joint,50.25503234141408,8.656073379726973,188.79174250532978
2199,ais,joint,50.28131279635062,8.68915466576279,189.46293504971186
2200,ais,joint,50.30735266555626,8.722053325777644,190.31827198940303
2201,ais,joint,50.333197001288724,8.754780451113788,191.36130275391398
2202,ais,joint,50.35877567945579,8.787148817888864,192.11122018304383
2203,ais,joint,50.39512306062974,8.819560857841793,192.9784858463929
2204,ais,joint,50.43197780743465,8.852378997031002,194.01854591086845
2205,ais,joint,50.45546718862788,8.885434859497705,194.60791401570827
2206,ais,joint,50.49730688217835,8.91941617059853,195.2152218100421
2207,ais,joint,50.56141260652625,8.952788297446792,196.33178794149677
2208,ais,joint,50.6246542390935,8.988164437812562,197.19805215563497
2209,ais,joint,50.67490700143573,9.017592247058307,197.54875474622827
2210,ais,joint,50.71134197516356,9.049228850239588,198.15721520898643
2211,ais,joint,50.7586713134737,9.08084657898708,198.78399610927858
2212,ais,joint,50.81618194972654,9.109206714292288,199.7908204239926
2213,ais,joint,50.866051044604816,9.140429961930296,200.61168240073664
2214,ais,joint,50.896098271966025,9.172124094158676,201.5702728273784
2215,ais,joint,50.92571031463118,9.202542326907698,202.08218034031952
2216,ais,joint,50.955277367380944,9.235864633456382,202.9516314025377
2217,ais,joint,50.980137104613526,9.268013996931366,203.19711378844283
2218,ais,joint,51.001272624578874,9.295478842821353,203.80794745641487
2219,ais,joint,51.021981985417646,9.324790018205302,204.66454222016927
2220,ais,joint,51.04275974967776,9.354364748037622,205.03904536975085
2221,ais,joint,51.06334731732649,9.3812784733073,205.49565077929216
2222,ais,joint,51.08405633962046,9.41282287675239,206.30883672405966
2223,ais,joint,51.110916250612696,9.44305085998159,206.82012771346848
2224,ais,joint,51.14131993518358,9.473082945564984,207.39749179821146
2225,ais,joint,51.17162394769122,9.503176157423429,208.01868610015177
2226,ais,joint,51.211153358512064,9.536125925761864,208.79923941445995
2227,ais,joint,51.251992883645215,9.564211900667464,209.1711675175793
2228,ais,joint,51.29296532701893,9.59469167423153,209.6490236832441
2229,ais,joint,51.333491147489795,9.621864148228813,209.87075117366552
2230,ais,joint,51.37396467097272,9.647954522193068,210.39520049717243
2231,ais,joint,51.41410819070394,9.674858729744717,210.77765812241992
2232,ais,joint,51.454268577233464,9.704299896861524,211.01301084846682
2233,ais,joint,51.49427675337146,9.72620194102617,211.2172118062158
2234,ais,joint,51.52516292367376,9.752172099003028,211.26403158229158
2235,ais,joint,51.55477885987764,9.783595955687428,211.85725633646248
2236,ais,joint,51.594175006225186,9.816115443213777,212.2502692901176
2237,ais,joint,51.6236799759297,9.843849760266071,212.82947520639692
2238,ais,joint,51.64879497738352,9.873164853310774,213.31483520558191
2239,ais,joint,51.66527577306303,9.903473474306274,213.54803347154026
2240,ais,joint,51.68170044420795,9.929157980529913,213.94505137579804
2241,ais,joint,51.698065288605264,9.961678834117711,213.92043017071495
2242,ais,joint,51.71544150046523,9.99415838188663,214.20933040298144
2243,ais,joint,51.73773612363902,10.02455537309473,214.64592341136677
2244,ais,joint,51.759649693026745,10.050917705341325,215.11712599285994
2245,ais,joint,51.78134299056809,10.081830097935626,215.586306897923
2246,ais,joint,51.80255225590926,10.110695994196494,216.01792625140723
2247,ais,joint,51.8234029019216,10.135387588547296,216.36671618492596
2248,ais,joint,51.84463766233458,10.157113338955693,216.70917397333972
2249,ais,joint,51.86543205072434,10.183584662252189,217.04033340408398
2250,ais,joint,51.89203192790739,10.203335730342491,217.14256126486106
2251,ais,joint,51.93318965811653,10.224759839957832,217.49863511757985
2252,ais,joint,51.97442524270561,10.250694471190947,217.71465119265991
2253,ais,joint,52.01543415992906,10.275009059054272,217.82010705102417
2254,ais,joint,52.05632385350732,10.303222104109718,218.03155356163043
2255,ais,joint,52.09705511765671,10.332332672564966,218.07630149724326
2256,ais,joint,52.12604189169563,10.357402451973016,218.18129570825207
2257,ais,joint,52.14654699452773,10.374318345944376,218.27468099851774
2258,ais,joint,52.166787321541904,10.396120968781622,218.72252624284465
2259,ais,joint,52.18720186553172,10.422364495549564,219.3750255577238
2260,ais,joint,52.20714133281137,10.446983680342344,219.91741110846823
2261,ais,joint,52.21116387067489,10.4725822306178,220.0104546455382
2262,ais,joint,52.215062800652994,10.495416723958057,220.31511906098515
2263,ais,joint,52.218866542241365,10.512630620313278,220.73509235370622
2264,ais,joint,52.22285330832908,10.53663330606945,221.1832900272015
2265,ais,joint,52.226570860845484,10.564213608953585,221.57960593681318
2266,ais,joint,52.230139328328235,10.591519662416191,222.1833580083379
2267,ais,joint,52.23404361358152,10.613136783510251,222.18450386816312
2268,ais,joint,52.25328751836975,10.631030131141914,222.1667132904359
2269,ais,joint,52.27928458624642,10.648878734760665,222.31207704361188
2270,ais,joint,52.3104393021082,10.669368852867144,222.4905358685091
2271,ais,joint,52.343060868280375,10.697596599531348,222.8907525692085
2272,ais,joint,52.3754207683609,10.728143340494062,223.00003458304744
2273,ais,joint,52.413863406030444,10.755827303395003,223.0493366687304
2274,ais,joint,52.45214649701228,10.776202976267744,223.18244321632247
2275,ais,joint,52.483080359295954,10.796312921512948,223.5713108751139
2276,ais,joint,52.50596170759127,10.82113944191519,223.93742547418145
2277,ais,joint,52.52876180937868,10.841813462032201,223.93178360604054
2278,ais,joint,52.55150699489119,10.867151982482907,224.15557819964238
2279,ais,joint,52.58054342251225,10.89247687926671,224.77968811422716
2280,ais,joint,52.608633527464235,10.917718708690932,225.26928806602547
2281,ais,joint,52.63123249196299,10.938582525861907,225.29476840884536
2282,ais,joint,52.6572007561968,10.950228176934043,225.3060570103218
2283,ais,joint,52.69165031575106,10.977098159679567,225.77579078620286
2284,ais,joint,52.716488626753865,11.00372453796419,225.82496132919061
2285,ais,joint,52.745815207703124,11.0310923593951,225.87713497251593
2286,ais,joint,52.76902059951003,11.053535486039367,225.85166863514362
2287,ais,joint,52.789560473666796,11.081558080847373,225.98808493244556
2288,ais,joint,52.81351440819232,11.111353543241734,226.0353506885404
2289,ais,joint,52.83913247902579,11.134086426563137,226.09503969545023
2290,ais,joint,52.86529617096482,11.16111964063871,226.3282046323527
2291,ais,joint,52.89157286013479,11.186687532736988,226.9655086571235
2292,ais,joint,52.91790002670524,11.212346963400188,226.98950733261864
2293,ais,joint,52.94612601766736,11.238681086897095,227.10662872190187
2294,ais,joint,52.96691479143627,11.259432061164581,227.91125988800056
2295,ais,joint,52.9874142983917,11.283447669444888,228.13535379271917
2296,ais,joint,53.0070142221912,11.306029137411421,228.11578356253648
2297,ais,joint,53.010484865876926,11.325711117302003,228.09333825160314
2298,ais,joint,53.02198762269119,11.351954574045445,228.0851226898713
2299,ais,joint,53.04068997518745,11.373458849596156,228.1292761134657
2300,ais,joint,53.0612213322117,11.402350100869953,228.25235331742743
1990,te,fixed,-1.4124577711626727,-1.521914047749853,-1.2759488851475191
1991,te,fixed,-1.3019668979944656,-1.402860851643026,-1.176136551415304
1992,te,fixed,-1.3158782737517538,-1.4178502684035117,-1.1887034435028236
1993,te,fixed,-1.4889486318852436,-1.6043324519208557,-1.3450471834864492
1994,te,fixed,-1.4722315765527845,-1.5863199336941771,-1.3299457705098032
1995,te,fixed,-1.3522487636671956,-1.4570392343718828,-1.2215588583742198
1996,te,fixed,-1.2090283281775,-1.302720148062352,-1.0921801550073968
1997,te,fixed,-1.0620356492687342,-1.144336494040975,-0.9593937817736683
1998,te,fixed,-0.9307684946868264,-1.0028969900465237,-0.840813118362116
1999,te,fixed,-0.7936135656007097,-0.85511344737645,-0.7169137123530689
2000,te,fixed,-0.6344386376727522,-0.6836034993914428,-0.5731224599845597
2001,te,fixed,-0.46887085222934377,-0.5052052890762857,-0.42355619643604725
2002,te,fixed,-0.3116858272386428,-0.3358394485440464,-0.2815625301520085
2003,te,fixed,-0.1639447868044992,-0.17664943985386353,-0.14810012180169957
2004,te,fixed,-0.032530306122798947,-0.03505119294656036,-0.029386370819940787
2005,te,fixed,0.09950100342015844,0.08988459476597602,0.10721168304075589
2006,te,fixed,0.22110755527000792,0.19973831742398176,0.23824195052008804
2007,te,fixed,0.3401039978757989,0.30723418836559396,0.3664598422910665
2008,te,fixed,0.4635860166975103,0.4187821209608699,0.4995109132158837
2009,te,fixed,0.5985705179396961,0.540720863051818,0.6449558340221779
2010,te,fixed,0.7385064695142252,0.6671325158806334,0.7957359103080774
2011,te,fixed,0.8873110524954377,0.8015556792743461,0.9560718791648654
2012,te,fixed,1.0394132472938522,0.9389577523443073,1.119961003274213
2013,te,fixed,1.1984313815995613,1.0826073646216297,1.2913020071525936
2014,te,fixed,1.372633969362756,1.239973908375568,1.479004160720658
2015,te,fixed,1.5444645912681687,1.395197728110682,1.6641505365278277
2016,te,fixed,1.7147262309476938,1.5490042020229269,1.8476063442068735
2017,te,fixed,1.891923185256062,1.7090757177293312,2.0385349082222115
2018,te,fixed,2.072698096370928,1.8723793937817392,2.2333186973899233
2019,te,fixed,2.2513715046495992,2.033784669573465,2.4258381309407167
2020,te,fixed,2.4122293153415315,2.1790961602318317,2.5991613741416937
2021,te,fixed,2.5956625748728284,2.34480126503314,2.796809516411763
2022,te,fixed,2.7878341614128983,2.51840016944569,3.003873149112769
2023,te,fixed,2.984275184205307,2.6958558846865706,3.215537071564779
2024,te,fixed,3.1844686058650953,2.8767013431461255,3.4312441793534565
2025,te,fixed,3.387960174060473,3.060526194321736,3.650505018550273
2026,te,fixed,3.592296682462716,3.2451143253185037,3.87067627531609
2027,te,fixed,3.7863203739950237,3.420386335538725,4.079735539081714
2028,te,fixed,3.9748107111454325,3.5906597698730995,4.28283264954483
2029,te,fixed,4.164700950966079,3.762197811396356,4.487438146016235
2030,te,fixed,4.3531927447142555,3.9324725615536424,4.690536825953958
2031,te,fixed,4.543230468344359,4.104143833114707,4.895301235269349
2032,te,fixed,4.737010706267106,4.279195918627763,5.104098179356514
2033,te,fixed,4.938086310422729,4.4608382998662055,5.320755833037962
2034,te,fixed,5.147702417770506,4.650195775848796,5.546615823276555
2035,te,fixed,5.366848037815753,4.848161771923515,5.782743801371909
2036,te,fixed,5.593401682507675,5.0528198341130945,6.02685387776856
2037,te,fixed,5.822646896637616,5.259909335382732,6.273864102701933
2038,te,fixed,6.05570171404316,5.470440255682092,6.524979150349204
2039,te,fixed,6.29246713611727,5.684323164258018,6.780092350356166
2040,te,fixed,6.5243745237034165,5.893817549640206,7.029971049847338
2041,te,fixed,6.757243442287124,6.104180537560055,7.280885792725017
2042,te,fixed,6.993812809121048,6.317886338918867,7.535787744487771
2043,te,fixed,7.234194271462269,6.535035810674003,7.794797204327845
2044,te,fixed,7.47966863195803,6.756785970573683,8.059294228754556
2045,te,fixed,7.73081015158417,6.9836555793673325,8.329897580228662
2046,te,fixed,7.9910446713690275,7.2187393830573106,8.61029858014245
2047,te,fixed,8.257122919192376,7.459102139809141,8.896996158951964
2048,te,fixed,8.52630055539009,7.702264740366323,9.187033308545598
2049,te,fixed,8.800346213283694,7.9498248860979945,9.48231571980651
2050,te,fixed,9.076828519243168,8.199586186757353,9.780223603486194
2051,te,fixed,9.353674501851167,8.449676016045112,10.07852334638569
2052,te,fixed,9.63331053098028,8.702286244045537,10.379829346237473
2053,te,fixed,9.91279500829146,8.954759567157842,10.680972049992628
2054,te,fixed,10.194780084170556,9.209491815117367,10.984809132415943
2055,te,fixed,10.47919291410361,9.466417183566444,11.29126210401813
2056,te,fixed,10.767431944894222,9.72679896453151,11.60183778212066
2057,te,fixed,11.064442148109535,9.995104216134228,11.921864341375834
2058,te,fixed,11.36925704091717,10.270459862578875,12.250300402827387
2059,te,fixed,11.676179735857442,10.547719599776645,12.581007607346738
2060,te,fixed,11.984032449075071,10.825819472381216,12.912716900501854
2061,te,fixed,12.291745691520756,11.103793353554673,13.244275914808702
2062,te,fixed,12.598017154474116,11.380464797959105,13.574281421104251
2063,te,fixed,12.9049180556154,11.65770484764898,13.904965142947157
2064,te,fixed,13.214608194777083,11.937464565689442,14.238654250588091
2065,te,fixed,13.525074030805689,12.217925012327084,14.57317916655028
2066,te,fixed,13.837626114570455,12.500270078475088,14.909952000858473
2067,te,fixed,14.151596989646995,12.783896814935279,15.248253573563174
2068,te,fixed,14.470042475404194,13.071565707292812,15.59137651012889
2069,te,fixed,14.79274732762976,13.36308231390256,15.939088886318983
2070,te,fixed,15.121135074616438,13.659732584245758,16.29292454459608
2071,te,fixed,15.450753481358664,13.957494575572866,16.64808623074333
2072,te,fixed,15.781349945747115,14.25614009884605,17.004301767633365
2073,te,fixed,16.110526792938277,14.553503205740357,17.358987676240638
2074,te,fixed,16.433437918544634,14.84520615016184,17.706922310654875
2075,te,fixed,16.75444664367347,15.135190554165375,18.052807120946728
2076,te,fixed,17.06820987553477,15.41862971536887,18.390884959439575
2077,te,fixed,17.376481712790742,15.6971082052039,18.72304585601585
2078,te,fixed,17.68035928386476,15.97161711863787,19.0504719594051
2079,te,fixed,17.979271283745316,16.241640365202517,19.372547692178863
2080,te,fixed,18.27859819136965,16.512038420192535,19.695070485343866
2081,te,fixed,18.579258287565207,16.783640815946487,20.019029780510035
2082,te,fixed,18.876999068582656,17.052606037674465,20.339843532588066
2083,te,fixed,19.170838866470476,17.318047292047904,20.656454000754728
2084,te,fixed,19.453032073129847,17.57296755570778,20.960515342738038
2085,te,fixed,19.723167610333952,17.816995479636844,21.251584624426336
2086,te,fixed,19.986674130426678,18.055035056752594,21.535511183358214
2087,te,fixed,20.24254463276781,18.286176609349642,21.811209982903375
2088,te,fixed,20.491932978175512,18.51146248181138,22.079924300577197
2089,te,fixed,20.736950329648316,18.73279980094141,22.343928900758605
2090,te,fixed,20.97806656068951,18.95061302868466,22.60373006908665
2091,te,fixed,21.216033448219704,19.165581285467475,22.860137840296264
2092,te,fixed,21.455399594382833,19.38181356764572,23.11805330356816
2093,te,fixed,21.689617350577294,19.593395032946503,23.37042141018517
2094,te,fixed,21.919331215352898,19.800907891488176,23.617936603136478
2095,te,fixed,22.146185241728013,20.005837304568104,23.862370338840098
2096,te,fixed,22.364884315881632,20.203399911781066,24.098017166646002
2097,te,fixed,22.570594712361082,20.389229149589106,24.31966877886557
2098,te,fixed,22.771065797037004,20.570325435948167,24.535675066745448
2099,te,fixed,22.96815897979086,20.748370282271576,24.74804168730778
2100,te,fixed,23.161375780939558,20.92291338511741,24.95623153194111
2101,te,fixed,23.353885758024504,21.0968179758643,25.163659778249954
2102,te,fixed,23.547235741946693,21.271481389854884,25.371993126454168
2103,te,fixed,23.741745085312633,21.44719211543237,25.581575676907025
2104,te,fixed,23.92870494535171,21.61608298767971,25.78302370825213
2105,te,fixed,24.112808310926876,21.78239343522263,25.98139388541943
2106,te,fixed,24.292000731834687,21.944267562968058,26.174472551697303
2107,te,fixed,24.465560167695998,22.10105311310297,26.361481713280547
2108,te,fixed,24.63136239702598,22.250831162392487,26.54013253535633
2109,te,fixed,24.79268988581225,22.396566938472397,26.713961853644506
2110,te,fixed,24.949784914212476,22.538479306007808,26.883230723436736
2111,te,fixed,25.104025702778404,22.677813285566693,27.04942416839989
2112,te,fixed,25.256277982945477,22.815350938802464,27.21347500851632
2113,te,fixed,25.40766929335839,22.952110831866996,27.376598159330953
2114,te,fixed,25.55977824265562,23.08951900663813,27.540494561368778
2115,te,fixed,25.708569420634323,23.22393006057388,27.700816086422684
2116,te,fixed,25.854698408611718,23.355936215451,27.858269119091545
2117,te,fixed,25.998746914734742,23.48606295944813,28.01348044611448
2118,te,fixed,26.13390896625082,23.608162092227325,28.159116676184343
2119,te,fixed,26.26139397401989,23.723326139505048,28.29648094162467
2120,te,fixed,26.38483131595858,23.83483371307491,28.42948387349906
2121,te,fixed,26.505630620020284,23.943958205495843,28.559644336745034
2122,te,fixed,26.623828176267885,24.050732399528663,28.687001433668968
2123,te,fixed,26.74234424793683,24.15779432563041,28.814701728884607
2124,te,fixed,26.863063314560907,24.266846335269072,28.9447757368142
2125,te,fixed,26.983778873989777,24.375895176670145,29.07484596576381
2126,te,fixed,27.09888294384532,24.479874858474883,29.19886985125111
2127,te,fixed,27.21205107718776,24.582105704961457,29.320807777756134
2128,te,fixed,27.321044264992075,24.68056509915143,29.43824722763922
2129,te,fixed,27.424867600316013,24.77435428822561,29.550116195150846
2130,te,fixed,27.521845263191356,24.861959414096486,29.654608995191474
2131,te,fixed,27.615973884446724,24.946990847816732,29.756031971445093
2132,te,fixed,27.707227172540602,25.0294248388263,29.854356794946984
2133,te,fixed,27.797853869649316,25.111292796581438,29.95200647074394
2134,te,fixed,27.889374762728817,25.193968529531933,30.050619636874664
2135,te,fixed,27.98271559310578,25.278288309485564,30.151193773588428
2136,te,fixed,28.073889630065473,25.36065070869369,30.249433204509472
2137,te,fixed,28.163190500850263,25.44132097639788,30.345654311078764
2138,te,fixed,28.24984517384228,25.51960079166342,30.439024156763548
2139,te,fixed,28.328865670850625,25.590984246178035,30.524168227554544
2140,te,fixed,28.406839290832814,25.66142200050841,30.608184295169167
2141,te,fixed,28.47854468018522,25.726197325811025,30.685446385111135
2142,te,fixed,28.547055404772024,25.78808673903237,30.759266244578043
2143,te,fixed,28.613077206703885,25.847727774885104,30.830404306096966
2144,te,fixed,28.67686480757662,25.90535053705293,30.89913503052816
2145,te,fixed,28.74041160347442,25.962755767167348,30.967606289167453
2146,te,fixed,28.803929182669677,26.020134604266843,31.036046067000065
2147,te,fixed,28.86524892933564,26.075528021325642,31.10211769459893
2148,te,fixed,28.923984440314058,26.128586959639804,31.165404825078056
2149,te,fixed,28.98107410632776,26.180159117895315,31.226918568328646
2150,te,fixed,29.03628511499854,26.23003418418021,31.286408070529717
2151,te,fixed,29.08790719067921,26.27666717474355,31.342030520812067
2152,te,fixed,29.137254674516306,26.32124540445936,31.39520211319955
2153,te,fixed,29.18475904212904,26.36415864840379,31.44638775986124
2154,te,fixed,29.230609642055434,26.405577955270054,31.495791482613452
2155,te,fixed,29.275383722834242,26.446024784633458,31.544035262996537
2156,te,fixed,29.319988253890486,26.486318450635874,31.592096354658004
2157,te,fixed,29.366261595816646,26.52811964303126,31.641955579161255
2158,te,fixed,29.41480071000827,26.571967629076088,31.694256158521412
2159,te,fixed,29.46243239067723,26.61499588173474,31.74557898417187
2160,te,fixed,29.50915163743484,26.657199883887834,31.795918668226406
2161,te,fixed,29.553626744104477,26.697376633898017,31.84384030595436
2162,te,fixed,29.589755667062697,26.73001382837653,31.882768985099883
2163,te,fixed,29.62642719327256,26.763141185483722,31.92228231571455
2164,te,fixed,29.656889160278357,26.79065911460981,31.955104886735597
2165,te,fixed,29.684785511243028,26.815859385116834,31.98516302318462
2166,te,fixed,29.710448501017908,26.839042140637986,32.012814727499645
2167,te,fixed,29.735247262349716,26.861444192239368,32.0395352312968
2168,te,fixed,29.761771714664242,26.885405153091316,32.06811515588677
2169,te,fixed,29.794132641137292,26.91463851418617,32.10298384336405
2170,te,fixed,29.832257070463818,26.949078356629048,32.144062667622805
2171,te,fixed,29.865266396879953,26.978897452180114,32.17963000181512
2172,te,fixed,29.89632858824328,27.006957596171286,32.213099310671566
2173,te,fixed,29.918137286791097,27.026658563638584,32.2365980412961
2174,te,fixed,29.939147412687483,27.045638137585236,32.259236315090554
2175,te,fixed,29.955203110406693,27.060142110747016,32.27653622479701
2176,te,fixed,29.965535375070434,27.06947579975911,32.287669172668345
2177,te,fixed,29.97355216324143,27.07671779462656,32.29630720970165
2178,te,fixed,29.981512734789682,27.083909006002578,32.30488467369014
2179,te,fixed,29.990567559205534,27.092088714702186,32.31464118801555
2180,te,fixed,30.003283437663242,27.10357564993879,32.32834246422314
2181,te,fixed,30.017330265192385,27.116264902879013,32.34347782938548
2182,te,fixed,30.03013248171279,27.12782983191982,32.35727213429322
2183,te,fixed,30.041093566641283,27.137731568014207,32.36908263190372
2184,te,fixed,30.04615926415037,27.142307684356354,32.37454088797207
2185,te,fixed,30.048799286742955,27.144692558405374,32.37738549511862
2186,te,fixed,30.047551826311032,27.143565660469115,32.37604136462911
2187,te,fixed,30.04187409725315,27.138436663192532,32.36992364855368
2188,te,fixed,30.034190848556612,27.131495972427253,32.361644998131446
2189,te,fixed,30.026297810032627,27.124365767255302,32.35314030053671
2190,te,fixed,30.018315759192866,27.11715515248287,32.34453969275153
2191,te,fixed,30.013196350825012,27.11253051624033,32.33902356358274
2192,te,fixed,30.010691929374367,27.110268137978032,32.33632506578334
2193,te,fixed,30.00538689555597,27.10547581630694,32.33060892640074
2194,te,fixed,29.999258164083727,27.09993940435252,32.324005258161634
2195,te,fixed,29.99107949648498,27.092551175112916,32.315192797099414
2196,te,fixed,29.97618779787823,27.0790987047997,32.29914708885441
2197,te,fixed,29.961947411683774,27.066234599932383,32.28380316549103
2198,te,fixed,29.94230840916281,27.048493635293557,32.26264226820214
2199,te,fixed,29.92092599566991,27.029177753987195,32.2396028569475
2200,te,fixed,29.89790075121352,27.00837781533119,32.214793306031005
2201,te,fixed,29.87378302202842,26.98659097660632,32.18880660993573
2202,te,fixed,29.85261357985343,26.96746748371765,32.16599667388884
2203,te,fixed,29.836525365877307,26.952934136876454,32.14866172812738
2204,te,fixed,29.825816115307987,26.943259896269993,32.13712258039845
2205,te,fixed,29.812231989626312,26.93098862673323,32.12248577346274
2206,te,fixed,29.79710528183294,26.917323860013152,32.10618684434999
2207,te,fixed,29.771382808759615,26.89408737003715,32.07847104716837
2208,te,fixed,29.744622079107593,26.8699129671896,32.049636535286325
2209,te,fixed,29.710483455362315,26.839073716772653,32.012852390578054
2210,te,fixed,29.674436967719856,26.806510990537646,31.974012534948287
2211,te,fixed,29.638445773415082,26.773998213741137,31.935232257529698
2212,te,fixed,29.602408011379552,26.741443369815013,31.896401803684565
2213,te,fixed,29.568340638329467,26.710668483973727,31.859694431136226
2214,te,fixed,29.535387074374224,26.680899761645332,31.824187180632286
2215,te,fixed,29.501117951461744,26.64994262432917,31.78726242392141
2216,te,fixed,29.46520961563599,26.617504698042247,31.74857142597423
2217,te,fixed,29.427767993081773,26.583681671590387,31.708228321564874
2218,te,fixed,29.38967005150243,26.549265756950646,31.667178037681182
2219,te,fixed,29.351041739406618,26.514370730168203,31.6255562830208
2220,te,fixed,29.312507156852128,26.479560374309173,31.584035521330645
2221,te,fixed,29.273435571448246,26.44426491496528,31.54193614256828
2222,te,fixed,29.234269588548926,26.408884181299207,31.499735051119476
2223,te,fixed,29.194620223752523,26.373066782831327,31.457013118825287
2224,te,fixed,29.154856148128978,26.33714575991889,31.414167586362083
2225,te,fixed,29.1151275214448,26.301256759935278,31.37136024990013
2226,te,fixed,29.076647389025762,26.26649559180493,31.329898157876237
2227,te,fixed,29.039332992478048,26.232787495430607,31.28969213866015
2228,te,fixed,29.001786876422916,26.198870074393135,31.249236443184227
2229,te,fixed,28.9652920764974,26.165902363620226,31.209913533989752
2230,te,fixed,28.92693160507236,26.131249291685744,31.168580375907425
2231,te,fixed,28.888898603052503,26.096892040434188,31.127600063976068
2232,te,fixed,28.849545471763747,26.061342245587145,31.085197321356727
2233,te,fixed,28.8076649772003,26.023509347897278,31.04007136127202
2234,te,fixed,28.764668749969427,25.984668549028207,30.993743206505982
2235,te,fixed,28.721849223186968,25.94598737315443,30.9476054453221
2236,te,fixed,28.678782431114655,25.907082829278174,30.901201257399066
2237,te,fixed,28.637067355004508,25.86939936295212,30.85625353462026
2238,te,fixed,28.599875267571814,25.835801754963462,30.816179302678893
2239,te,fixed,28.56726002324379,25.80633865490568,30.78103658936949
2240,te,fixed,28.532279521525517,25.774738890947717,30.743345326629253
2241,te,fixed,28.496468036813063,25.742388455467637,30.704758685125768
2242,te,fixed,28.460871984823065,25.710232631924036,30.666404170977415
2243,te,fixed,28.42278583835916,25.675827372444896,30.62536659625378
2244,te,fixed,28.3797632643992,25.636962773161898,30.579010053058774
2245,te,fixed,28.335366071764227,25.596856407079436,30.531172367195644
2246,te,fixed,28.29003484821344,25.555906280758567,30.482328269104954
2247,te,fixed,28.245262002709886,25.515460567285583,30.434085819722902
2248,te,fixed,28.201733924830705,25.476139319191322,30.387184599347766
2249,te,fixed,28.165287028885697,25.443214882654118,30.347913306380246
2250,te,fixed,28.13313466568306,25.414169927951157,30.313269344468264
2251,te,fixed,28.100282215468816,25.384492547089906,30.277871043361596
2252,te,fixed,28.065631741441187,25.353190914851375,30.240535383308245
2253,te,fixed,28.02788665539294,25.319093753544095,30.19986529896083
2254,te,fixed,27.985561159867316,25.280858862610128,30.154259853238095
2255,te,fixed,27.94194740741173,25.241460220074433,30.10726631906496
2256,te,fixed,27.89810077866229,25.201851207888335,30.060021862202138
2257,te,fixed,27.85323661437982,25.161323001262964,30.01168101743066
2258,te,fixed,27.808144822787543,25.120589166676098,29.96309490571561
2259,te,fixed,27.76289386389829,25.079711547730316,29.91433729227488
2260,te,fixed,27.719103161484988,25.04015305680418,29.86715309567494
2261,te,fixed,27.676825090681923,25.001961007166514,29.821598749781845
2262,te,fixed,27.635659874717355,24.964774259010774,29.777243497728147
2263,te,fixed,27.594451558506027,24.927548576089745,29.732841805439307
2264,te,fixed,27.553066616729026,24.89016333781902,29.688249800253992
2265,te,fixed,27.51225716659463,24.85329797202503,29.644277883564857
2266,te,fixed,27.47001706321775,24.815140220400444,29.598764447326154
2267,te,fixed,27.427247800737298,24.77650445096743,29.552680845600264
2268,te,fixed,27.384690520179745,24.73806017617851,29.50682565301545
2269,te,fixed,27.34246931988197,24.69991950071946,29.46133258472135
2270,te,fixed,27.30065541947334,24.66214676110251,29.416278379404666
2271,te,fixed,27.25937279842244,24.624853954633323,29.371796624135207
2272,te,fixed,27.219197973644807,24.588561879972698,29.32850851213407
2273,te,fixed,27.180624444788943,24.55371634183011,29.286945786057874
2274,te,fixed,27.142840656433833,24.5195842186526,29.24623400022692
2275,te,fixed,27.105264422314967,24.485639590352285,29.205745852733514
2276,te,fixed,27.06848539276746,24.452415119712494,29.166116687972803
2277,te,fixed,27.031800883475817,24.41927603429097,29.126589368172084
2278,te,fixed,26.99321722186508,24.38442134268727,29.085015724118524
2279,te,fixed,26.95433021699568,24.349292624843194,29.043115229679707
2280,te,fixed,26.91581933690943,24.3145036806954,29.001620007244693
2281,te,fixed,26.87781136049957,24.280169036420013,28.960666660245085
2282,te,fixed,26.840447017385017,24.246415820632162,28.920406823928577
2283,te,fixed,26.804229946722117,24.21369899760276,28.88138316620546
2284,te,fixed,26.768764890493628,24.181661509558648,28.843169799136827
2285,te,fixed,26.73392205753882,24.150186109180858,28.805626873592463
2286,te,fixed,26.69894986250987,24.118593849101025,28.76794456125586
2287,te,fixed,26.664722777269795,24.087674686669722,28.73106509986317
2288,te,fixed,26.630279987372905,24.056560666649055,28.693953218107843
2289,te,fixed,26.59649150288942,24.02603771581277,28.657546346173355
2290,te,fixed,26.562363832485975,23.995208360137156,28.620774003619548
2291,te,fixed,26.528142864415685,23.964294723673525,28.583901133437454
2292,te,fixed,26.49435817931453,23.933775205023142,28.54749835531268
2293,te,fixed,26.46086359394231,23.903517749022186,28.511408157756136
2294,te,fixed,26.4279620714212,23.873796038513337,28.475956981558472
2295,te,fixed,26.39729313571747,23.846091143458224,28.442911403113587
2296,te,fixed,26.369014792047448,23.82054579844598,28.41244167201283
2297,te,fixed,26.344990805914257,23.798843642849345,28.386555983445334
2298,te,fixed,26.3220267492512,23.77809897840988,28.361812361977584
2299,te,fixed,26.299136145893925,23.757420668282396,28.337147885968342
2300,te,fixed,26.277255922807477,23.737655088861963,28.313572088119354
1990,te,joint,-1.4124577711626727,-1.521914047749853,-1.2759488851475191
1991,te,joint,-1.3019668979944656,-1.402860851643026,-1.176136551415304
1992,te,joint,-1.3158782737517538,-1.4178502684035117,-1.1887034435028236
1993,te,joint,-1.4889486318852436,-1.6043324519208557,-1.3450471834864492
1994,te,joint,-1.4722315765527845,-1.5863199336941771,-1.3299457705098032
1995,te,joint,-1.3522487636671956,-1.4570392343718828,-1.2215588583742198
1996,te,joint,-1.2090283281775,-1.302720148062352,-1.0921801550073968
1997,te,joint,-1.0620356492687342,-1.144336494040975,-0.9593937817736683
1998,te,joint,-0.9307684946868264,-1.0028969900465237,-0.840813118362116
1999,te,joint,-0.7936135656007097,-0.85511344737645,-0.7169137123530689
2000,te,joint,-0.6344386376727522,-0.6836034993914428,-0.5731224599845597
2001,te,joint,-0.46887085222934377,-0.5052052890762857,-0.42355619643604725
2002,te,joint,-0.3116858272386428,-0.3358394485440464,-0.2815625301520085
2003,te,joint,-0.1639447868044992,-0.17664943985386353,-0.14810012180169957
2004,te,joint,-0.032530306122798947,-0.03505119294656036,-0.029386370819940787
2005,te,joint,0.09950100342015844,0.08988459476597602,0.10721168304075589
2006,te,joint,0.22110755527000792,0.19973831742398176,0.23824195052008804
2007,te,joint,0.3401039978757989,0.30723418836559396,0.3664598422910665
2008,te,joint,0.4635860166975103,0.4187821209608699,0.4995109132158837
2009,te,joint,0.5985705179396961,0.540720863051818,0.6449558340221779
2010,te,joint,0.7385064695142252,0.6671325158806334,0.7957359103080774
2011,te,joint,0.8873110524954377,0.8015556792743461,0.9560718791648654
2012,te,joint,1.0394132472938522,0.9389577523443073,1.119961003274213
2013,te,joint,1.1984313815995613,1.0826073646216297,1.2913020071525936
2014,te,joint,1.372633969362756,1.239973908375568,1.479004160720658
2015,te,joint,1.5427392849170474,1.1569649811724352,1.9253962285842603
2016,te,joint,1.7127656684777095,1.2787970652298781,2.140342187024955
2017,te,joint,1.887705441737445,1.4148891210053427,2.362436191800892
2018,te,joint,2.067322021423652,1.5503552982354365,2.586769424907272
2019,te,joint,2.247565701713078,1.6845656360119505,2.808345788406997
2020,te,joint,2.4080186140316795,1.7942204950486762,3.020244368600472
2021,te,joint,2.5913642123179708,1.927897982255397,3.251473240311095
2022,te,joint,2.7823483256485577,2.070574074948489,3.4990277010006454
2023,te,joint,2.976866203747891,2.213970744700873,3.75112739916455
2024,te,joint,3.177080582852026,2.358648293153077,4.011114804770203
2025,te,joint,3.380027269238373,2.5016625056771145,4.273280141224142
2026,te,joint,3.58311724199258,2.6459710051595438,4.539489440999503
2027,te,joint,3.7778945372512682,2.7848081063611745,4.791562635968076
2028,te,joint,3.9649217195188333,2.9168309282205125,5.036665094446538
2029,te,joint,4.156539641688054,3.049870438026007,5.284237306877847
2030,te,joint,4.343461291754798,3.1826063907128823,5.533532446749273
2031,te,joint,4.532786109262591,3.3171974481936726,5.785865927128339
2032,te,joint,4.726613237574235,3.4521479696736916,6.039680588489174
2033,te,joint,4.928168277482217,3.5968781730971555,6.302289199294408
2034,te,joint,5.143047241394028,3.7496390372887984,6.568348102322131
2035,te,joint,5.361954950755383,3.907749671549224,6.853100964637109
2036,te,joint,5.589308325873351,4.075143090040023,7.1464822005862745
2037,te,joint,5.818500749541224,4.237209455573941,7.450918505789136
2038,te,joint,6.048394341631991,4.405810434025436,7.743125008114284
2039,te,joint,6.283311246895856,4.582701148275898,8.056649831186228
2040,te,joint,6.512576458342767,4.746785767950618,8.363003795410918
2041,te,joint,6.7453680761614,4.909400283963061,8.67277598086585
2042,te,joint,6.98078202648894,5.079206486588451,8.981168166206494
2043,te,joint,7.21926173017142,5.24644314287824,9.30922818579467
2044,te,joint,7.461621157839311,5.414857320053616,9.632885022649731
2045,te,joint,7.707871121256583,5.595992167927677,9.974782316167554
2046,te,joint,7.963840723360829,5.78173608608004,10.325418875279087
2047,te,joint,8.227256530408749,5.975127753544438,10.682374876187367
2048,te,joint,8.491912758499193,6.15631535565762,11.040315980399086
2049,te,joint,8.757713585952695,6.344212857994634,11.410197951906152
2050,te,joint,9.029179304722835,6.539679681556916,11.770663648552226
2051,te,joint,9.301892169332877,6.733779999933016,12.136869063307765
2052,te,joint,9.577028556468557,6.920832266327968,12.516140926538803
2053,te,joint,9.851246152270543,7.11435483926482,12.891204279411015
2054,te,joint,10.132567961100502,7.309675118535337,13.26819498052621
2055,te,joint,10.407261575310523,7.507263393367289,13.650059571777623
2056,te,joint,10.691667260146302,7.712358919268758,14.034227884007295
2057,te,joint,10.977271148686437,7.920963428211965,14.423090137738566
2058,te,joint,11.274143550971013,8.134291820846673,14.835519982135256
2059,te,joint,11.57616691662185,8.352524063139871,15.253046945882193
2060,te,joint,11.873431969248589,8.563428521022121,15.678074262531283
2061,te,joint,12.174317935501186,8.775502199379973,16.089682679209922
2062,te,joint,12.474401815295815,8.981939466576918,16.507831222012054
2063,te,joint,12.782936819296916,9.188198818995991,16.933763669232835
2064,te,joint,13.089233795283194,9.396822606653453,17.35097481778228
2065,te,joint,13.39270562027393,9.595973828941881,17.777332270447452
2066,te,joint,13.700980649053673,9.801018023974422,18.206306647621815
2067,te,joint,14.008635778545706,10.01004109584874,18.629309010165574
2068,te,joint,14.322392406448941,10.218222733771256,19.06150101561607
2069,te,joint,14.63425126594805,10.42920006644083,19.505314515322187
2070,te,joint,14.956324780800418,10.645392194509354,19.957918094787043
2071,te,joint,15.27865608271445,10.85942787341651,20.404826883011957
2072,te,joint,15.59926530173649,11.074893144576869,20.85262868854634
2073,te,joint,15.9272836664398,11.282279034574714,21.302183491296258
2074,te,joint,16.247868690286783,11.482323774265314,21.734995289251238
2075,te,joint,16.558168350671412,11.68558939227161,22.18272076853858
2076,te,joint,16.86839433531883,11.885996549735323,22.63499999932804
2077,te,joint,17.172924692282642,12.082237414753346,23.086596863589556
2078,te,joint,17.46737994778765,12.276769819843166,23.52664668271006
2079,te,joint,17.75356214955776,12.46601378666565,23.972319146559546
2080,te,joint,18.036802572735525,12.648951344993188,24.408639231632826
2081,te,joint,18.330493274573236,12.833284937875515,24.845858321867556
2082,te,joint,18.620555621271016,13.013946977558303,25.280628485586064
2083,te,joint,18.901609778100692,13.189236952605796,25.705374109459495
2084,te,joint,19.180413788799576,13.352434362290232,26.11756256493194
2085,te,joint,19.44592388233312,13.514344142031959,26.520291794348246
2086,te,joint,19.700208455805186,13.66060088965916,26.904453152299148
2087,te,joint,19.949255153705852,13.793562415648212,27.27890901313208
2088,te,joint,20.188721193408252,13.947272447995827,27.668509085433676
2089,te,joint,20.422561185709284,14.076718757010589,28.028806583594793
2090,te,joint,20.65358263683849,14.222137991073113,28.377186374998377
2091,te,joint,20.883537179946444,14.362805037395978,28.7313830950317
2092,te,joint,21.12160806893423,14.504122449587618,29.09493786627109
2093,te,joint,21.341052715410626,14.642007965735536,29.465114131639474
2094,te,joint,21.558875056838986,14.775259334722113,29.797202816063844
2095,te,joint,21.7772934144867,14.9064724892416,30.190156889937022
2096,te,joint,21.99810894006427,15.03053202007307,30.511404021928385
2097,te,joint,22.20106774629491,15.125019745256411,30.819268300169764
2098,te,joint,22.398824092719714,15.22935516755166,31.125928605111106
2099,te,joint,22.59169433984809,15.320447747600253,31.439224375169154
2100,te,joint,22.780834918442643,15.419792327286244,31.733496481274717
2101,te,joint,22.9648225107779,15.524543059666932,32.03276134814607
2102,te,joint,23.148459463431017,15.62023869995549,32.32788258769673
2103,te,joint,23.334035536212248,15.728569546749085,32.62355685248366
2104,te,joint,23.515793925790803,15.835107614849573,32.91193575471514
2105,te,joint,23.697079621548255,15.944981447260295,33.19189012843774
2106,te,joint,23.872350306351983,16.03986395440697,33.46502589279816
2107,te,joint,24.037472582354827,16.135796644941593,33.74542386055124
2108,te,joint,24.197692545503443,16.204510100874934,33.99590671521155
2109,te,joint,24.346501033468776,16.283756036946823,34.247793251071144
2110,te,joint,24.506105962620794,16.342163227829438,34.48538187287262
2111,te,joint,24.66298243652047,16.387809555551545,34.73656039672673
2112,te,joint,24.80976771202165,16.435729399658854,34.97901666194719
2113,te,joint,24.94991929378992,16.51512464885479,35.20942038633429
2114,te,joint,25.096117304612736,16.578215678196983,35.441486416531255
2115,te,joint,25.24099926587626,16.63241103348315,35.66911890816997
2116,te,joint,25.38771016765408,16.724490109909738,35.89765344644577
2117,te,joint,25.524829149673835,16.810177074089907,36.138664135126525
2118,te,joint,25.650564516574704,16.85625529604186,36.370267560095655
2119,te,joint,25.77952717746992,16.903855087223892,36.58767073101316
2120,te,joint,25.90972826330285,16.934506929074818,36.81060912941812
2121,te,joint,26.02154704912736,16.979578263992945,36.993349654106204
2122,te,joint,26.146334548941958,17.02326193723474,37.1760941890318
2123,te,joint,26.2610144090835,17.05905658335797,37.3770993468776
2124,te,joint,26.3738932942038,17.098358083191656,37.57933839129843
2125,te,joint,26.489170990907787,17.130596290723393,37.77633211417233
2126,te,joint,26.587391514560892,17.17597093356,37.96883721004407
2127,te,joint,26.699381442037584,17.204509573891794,38.12252820533292
2128,te,joint,26.80088006181514,17.22648759017551,38.299229622342075
2129,te,joint,26.898073287813453,17.263364962625054,38.456055293055485
2130,te,joint,26.989716082643888,17.295736643000996,38.62591632577107
2131,te,joint,27.07874487150397,17.32555847580551,38.78731174607151
2132,te,joint,27.16440441676097,17.36173614099789,38.94958133845884
2133,te,joint,27.25116817363071,17.386104314528417,39.08930152155576
2134,te,joint,27.3414948503398,17.418393483328103,39.26148589972355
2135,te,joint,27.434859249838652,17.46063552737153,39.44548013634804
2136,te,joint,27.53106987439348,17.48707235378527,39.6216958080234
2137,te,joint,27.612813840902525,17.519725736708143,39.77635328375742
2138,te,joint,27.690274789224983,17.553700445928143,39.92479175894204
2139,te,joint,27.761259826997566,17.586791213905823,40.06678055628318
2140,te,joint,27.833230575233486,17.631464839945597,40.22214589000963
2141,te,joint,27.900788078075706,17.64863690780426,40.3448920830572
2142,te,joint,27.972657284873172,17.665345249020664,40.49545934728265
2143,te,joint,28.040715926766985,17.684859230593318,40.64266943622077
2144,te,joint,28.093623235985625,17.701999651737843,40.768626710134484
2145,te,joint,28.1500530310451,17.708078335688462,40.88857628558253
2146,te,joint,28.21200357708749,17.69695845775974,41.00527344857087
2147,te,joint,28.278500158064517,17.71911976766673,41.11182265108077
2148,te,joint,28.33802717924327,17.741142835879188,41.24104560684182
2149,te,joint,28.406138346705,17.755244110570022,41.36180753487114
2150,te,joint,28.47447236307046,17.780429694547085,41.45614212405146
2151,te,joint,28.536795042027897,17.799845961644813,41.55750107136721
2152,te,joint,28.569165633151165,17.804888268805197,41.65424004530046
2153,te,joint,28.61639495864698,17.803712498923066,41.75234590556763
2154,te,joint,28.65734079258054,17.819295118826,41.83611635275105
2155,te,joint,28.703359091504968,17.82409508630146,41.94686854786957
2156,te,joint,28.740002023722916,17.817779602829855,42.051118611567816
2157,te,joint,28.79596502625055,17.824308411013295,42.149903606089296
2158,te,joint,28.833115637149128,17.84307087693857,42.244214133465796
2159,te,joint,28.862171880065887,17.846817913904964,42.316912806205345
2160,te,joint,28.910048732180186,17.84783307790343,42.435537025940555
2161,te,joint,28.958514834902974,17.844919418116454,42.54912288489006
2162,te,joint,28.99055628393733,17.862216565910376,42.63386290558535
2163,te,joint,29.03213897124884,17.862407520906622,42.69208628445329
2164,te,joint,29.06559121020302,17.856375086634777,42.740477169493936
2165,te,joint,29.096875937833616,17.853779251290643,42.79218678229352
2166,te,joint,29.114629257244854,17.840198162051024,42.8147045881187
2167,te,joint,29.13331698266759,17.83267508059926,42.850037356736415
2168,te,joint,29.154186125072382,17.829226487185895,42.939715933661134
2169,te,joint,29.193213151800663,17.836368436456365,43.032287840528305
2170,te,joint,29.216899170182934,17.852052846769375,43.083178824358846
2171,te,joint,29.24944819990974,17.85996724217705,43.164245274054174
2172,te,joint,29.27445377913545,17.85944881106401,43.233975085123404
2173,te,joint,29.295252965478287,17.85198140779265,43.309546377360626
2174,te,joint,29.31239681984272,17.83039274866536,43.35815762783592
2175,te,joint,29.33230813412078,17.827217952244,43.43184955014398
2176,te,joint,29.334878235242343,17.79281005788834,43.4919280729516
2177,te,joint,29.34504128883973,17.784545713984468,43.53523067511472
2178,te,joint,29.354465349509688,17.766382263644346,43.58000630791439
2179,te,joint,29.373650627958448,17.723618146805112,43.62950603170187
2180,te,joint,29.38272774037675,17.68381171207751,43.677722030884844
2181,te,joint,29.394041849531135,17.664923504378546,43.72889218813018
2182,te,joint,29.407518346917968,17.65175471080075,43.776744971439236
2183,te,joint,29.422595767333725,17.637434421257463,43.80172198350853
2184,te,joint,29.4223847243008,17.617240204045803,43.844465322962336
2185,te,joint,29.41753312683391,17.5953870562734,43.884496610594695
2186,te,joint,29.415521059779028,17.58309831348847,43.910862924553356
2187,te,joint,29.418230453987828,17.546138773018164,43.94259635652646
2188,te,joint,29.404407762024228,17.507799272565496,43.97156181579857
2189,te,joint,29.396723579272503,17.485203207902252,44.003717602788036
2190,te,joint,29.39717996316417,17.45961189055736,44.02923185420474
2191,te,joint,29.390730326951108,17.43034569749348,44.05728431189943
2192,te,joint,29.39207645796776,17.40523277776608,44.089632050708225
2193,te,joint,29.393314545197867,17.369925642718812,44.12820182610018
2194,te,joint,29.38915556082972,17.336295705215083,44.14785568908839
2195,te,joint,29.38043540573709,17.30731324654944,44.163849295900015
2196,te,joint,29.36971898225791,17.271872618372594,44.17462854619501
2197,te,joint,29.35743512409526,17.24420232224131,44.17906271153099
2198,te,joint,29.344755068717355,17.19717605297158,44.179258720979036
2199,te,joint,29.32442375952914,17.154558612572696,44.18527708409861
2200,te,joint,29.295670919159548,17.111023540278683,44.22147895656476
2201,te,joint,29.27800125602172,17.070549458901425,44.25699102245196
2202,te,joint,29.262640022072475,17.034668458966614,44.2846532685865
2203,te,joint,29.250165510731993,16.99687957398857,44.297978982899785
2204,te,joint,29.248764454359332,16.939086483231485,44.304067485636686
2205,te,joint,29.23924598766868,16.88576470595307,44.301906735992105
2206,te,joint,29.22513888489538,16.842309448366695,44.327810324392296
2207,te,joint,29.202265482017776,16.775719106129333,44.328856224507376
2208,te,joint,29.17385449581093,16.711927047474134,44.29917128979604
2209,te,joint,29.13562808783131,16.643179445155138,44.28324706170803
2210,te,joint,29.08851033954663,16.607827584763918,44.28988905311302
2211,te,joint,29.056460478081657,16.535505638579924,44.273508380691
2212,te,joint,29.01375932637651,16.472849233523565,44.245813850805234
2213,te,joint,28.9761880630528,16.42016832802262,44.27398853057094
2214,te,joint,28.94084220028599,16.36399081762941,44.282331546120176
2215,te,joint,28.90558569697101,16.315178971195575,44.28071047657226
2216,te,joint,28.883224206128777,16.280782951112013,44.26150694164091
2217,te,joint,28.849549721782687,16.23267755865165,44.20467924563071
2218,te,joint,28.81431092377489,16.182697311115376,44.192584270946085
2219,te,joint,28.77651518088725,16.133775752477824,44.18307341624706
2220,te,joint,28.74850442017231,16.0856664669917,44.14667561835516
2221,te,joint,28.716454919041595,16.02153745283679,44.11820537291877
2222,te,joint,28.682290097501657,15.95178183350158,44.104446077886756
2223,te,joint,28.640654289283837,15.877320570560887,44.06031213141432
2224,te,joint,28.60390559431159,15.808596566709706,44.043598146871986
2225,te,joint,28.554064622527115,15.76463138516923,44.02106735666122
2226,te,joint,28.50015222376778,15.702737487286136,44.00119533915959
2227,te,joint,28.45452872280519,15.658236434615588,43.95031331852466
2228,te,joint,28.419103930767022,15.599113946805083,43.926349547480385
2229,te,joint,28.383486240444753,15.551944213073389,43.915256305231736
2230,te,joint,28.338631356200597,15.513803714857781,43.904039916364795
2231,te,joint,28.303720197299377,15.45620756377853,43.89268740735917
2232,te,joint,28.263570217959604,15.402416095035518,43.85134130577073
2233,te,joint,28.221789246283905,15.346415435722365,43.81548793203881
2234,te,joint,28.184939648791016,15.282355800446462,43.79244976304288
2235,te,joint,28.14457698222306,15.219738876611732,43.746303516075905
2236,te,joint,28.100142773086965,15.152877354288258,43.721378589724665
2237,te,joint,28.05996809450347,15.096757892905599,43.69874115627457
2238,te,joint,28.036199111768454,15.028803292701433,43.68836783913772
2239,te,joint,28.007582657592582,15.001721744357654,43.665530191254206
2240,te,joint,27.970902741055035,14.952488648647302,43.65194775790317
2241,te,joint,27.929521918206746,14.876266402955382,43.63608568617498
2242,te,joint,27.903086237242825,14.843512287519667,43.612712167475685
2243,te,joint,27.859897452476307,14.794163114262542,43.575281805559555
2244,te,joint,27.811994012141852,14.758193254049795,43.53436518409933
2245,te,joint,27.763964602458728,14.7108971101151,43.5013500452923
2246,te,joint,27.712220265425394,14.649694811510752,43.463729299389954
2247,te,joint,27.67043549847633,14.62271920081238,43.43333575691659
2248,te,joint,27.62840240783661,14.583823760703687,43.39744345900806
2249,te,joint,27.58775576345878,14.519390475131367,43.33848778869702
2250,te,joint,27.565795154062243,14.46032798575161,43.319333260438114
2251,te,joint,27.541234271037144,14.403788068440502,43.298563574765765
2252,te,joint,27.504971582275722,14.361846089319657,43.2734431102405
2253,te,joint,27.465909704306917,14.311897772530518,43.249934848998684
2254,te,joint,27.42612970044631,14.263987552526752,43.210780524631026
2255,te,joint,27.389677943884074,14.197159924068387,43.175292530198895
2256,te,joint,27.35353359436092,14.14392943046952,43.13960406798777
2257,te,joint,27.313003597802528,14.052660686570798,43.1016393218435
2258,te,joint,27.266867496032237,13.971479632234683,43.06371880602908
2259,te,joint,27.217296594204576,13.918690485454453,43.02725570602019
2260,te,joint,27.17250904088371,13.872991529630605,42.98792302207878
2261,te,joint,27.128626992036708,13.831506988658322,42.94917643046849
2262,te,joint,27.079235539857493,13.778833152785946,42.90319878591154
2263,te,joint,27.029909386399577,13.717904292330303,42.868690797943884
2264,te,joint,26.97899978685599,13.667314667318909,42.83927237531944
2265,te,joint,26.926838019050845,13.626867652243021,42.81727118951281
2266,te,joint,26.889644722479495,13.580411877119143,42.8021470959575
2267,te,joint,26.836943552119827,13.545794212321985,42.75434616698771
2268,te,joint,26.788569528445965,13.50220016006811,42.70121695433825
2269,te,joint,26.74461574636736,13.429524716738955,42.662132496870605
2270,te,joint,26.702513665830587,13.398040296554296,42.624486984243894
2271,te,joint,26.656233247380243,13.338578241103558,42.575337323358724
2272,te,joint,26.62085492308504,13.28921854203087,42.529156112071455
2273,te,joint,26.581909830117937,13.234215908114464,42.48772734431934
2274,te,joint,26.534995370250364,13.202728558576732,42.46990121771586
2275,te,joint,26.48875376732301,13.161574640880668,42.42665991667546
2276,te,joint,26.45291518220337,13.110467210285051,42.40122828959087
2277,te,joint,26.41949361131916,13.053072631671068,42.38268972206148
2278,te,joint,26.371882743195105,13.00285323784599,42.364881910465435
2279,te,joint,26.324526142490953,12.961010095297748,42.33344916451189
2280,te,joint,26.276119990506626,12.927467703384764,42.30419478784893
2281,te,joint,26.23700762878633,12.866955915899707,42.27938237442859
2282,te,joint,26.194328800887575,12.824315937416912,42.264951675047215
2283,te,joint,26.15465912311557,12.78995340780339,42.25523259446795
2284,te,joint,26.117274370037283,12.742371284625566,42.246082186059844
2285,te,joint,26.084865204873825,12.71454875567212,42.22619334145979
2286,te,joint,26.051831515876952,12.658585872246112,42.2005769133872
2287,te,joint,26.016805452326864,12.615422111208995,42.177024380201026
2288,te,joint,25.983218677133955,12.572111541784556,42.16446060648933
2289,te,joint,25.948486137192432,12.530837306803907,42.13655740281198
2290,te,joint,25.90849659281446,12.487467727433252,42.13275298923507
2291,te,joint,25.869827654900277,12.467324761906168,42.123332085376425
2292,te,joint,25.834687049659347,12.435021137342666,42.109211222006785
2293,te,joint,25.80276011126837,12.409211697013188,42.09585769436067
2294,te,joint,25.775771129283,12.381105448528809,42.062031915234016
2295,te,joint,25.750267487631515,12.35739436716472,42.044042044864376
2296,te,joint,25.71937949845913,12.316827864798164,42.02040346262747
2297,te,joint,25.69498777355435,12.281203238372305,41.97674754358178
2298,te,joint,25.666968307032704,12.268608439247085,41.982968170201886
2299,te,joint,25.648933657044367,12.238057958600841,41.97914932918735
2300,te,joint,25.625329788614025,12.206303271693852,41.948233198685585
1990,lws,fixed,0.0,0.0,0.0
1991,lws,fixed,0.0,0.0,0.0
1992,lws,fixed,0.0,0.0,0.0
1993,lws,fixed,0.0,0.0,0.0
1994,lws,fixed,0.0,0.0,0.0
1995,lws,fixed,0.0,0.0,0.0
1996,lws,fixed,0.0,0.0,0.0
1997,lws,fixed,0.0,0.0,0.0
1998,lws,fixed,0.0,0.0,0.0
1999,lws,fixed,0.0,0.0,0.0
2000,lws,fixed,0.0,0.0,0.0
2001,lws,fixed,0.0,0.0,0.0
2002,lws,fixed,0.0,0.0,0.0
2003,lws,fixed,0.0,0.0,0.0
2004,lws,fixed,0.0,0.0,0.0
2005,lws,fixed,0.0,0.0,0.0
2006,lws,fixed,0.0,0.0,0.0
2007,lws,fixed,0.0,0.0,0.0
2008,lws,fixed,0.0,0.0,0.0
2009,lws,fixed,0.0,0.0,0.0
2010,lws,fixed,0.0,0.0,0.0
2011,lws,fixed,0.0,0.0,0.0
2012,lws,fixed,0.0,0.0,0.0
2013,lws,fixed,0.0,0.0,0.0
2014,lws,fixed,0.0,0.0,0.0
2015,lws,fixed,0.0,0.0,0.0
2016,lws,fixed,0.0,0.0,0.0
2017,lws,fixed,0.0,0.0,0.0
2018,lws,fixed,0.0,0.0,0.0
2019,lws,fixed,0.04799015733533104,0.04799015733533104,0.04799015733533104
2020,lws,fixed,0.05791438615406403,0.05791438615406403,0.05791438615406403
2021,lws,fixed,0.10102015996102251,0.10102015996102251,0.10102015996102251
2022,lws,fixed,0.14663197191904284,0.14663197191904284,0.14663197191904284
2023,lws,fixed,0.1515911834031945,0.1515911834031945,0.1515911834031945
2024,lws,fixed,0.18566222490860249,0.18566222490860249,0.18566222490860249
2025,lws,fixed,0.23005486383340987,0.23005486383340987,0.23005486383340987
2026,lws,fixed,0.2845140413515041,0.2845140413515041,0.2845140413515041
2027,lws,fixed,0.3262964981037485,0.3262964981037485,0.3262964981037485
2028,lws,fixed,0.37745799761464527,0.37745799761464527,0.37745799761464527
2029,lws,fixed,0.40306914028751295,0.40306914028751295,0.40306914028751295
2030,lws,fixed,0.4610753742637405,0.4610753742637405,0.4610753742637405
2031,lws,fixed,0.5064181640970788,0.5064181640970788,0.5064181640970788
2032,lws,fixed,0.5565419669634262,0.5565419669634262,0.5565419669634262
2033,lws,fixed,0.5801526451796354,0.5801526451796354,0.5801526451796354
2034,lws,fixed,0.6235381018243776,0.6235381018243776,0.6235381018243776
2035,lws,fixed,0.6436840480074949,0.6436840480074949,0.6436840480074949
2036,lws,fixed,0.6885424380555962,0.6885424380555962,0.6885424380555962
2037,lws,fixed,0.7127950522864109,0.7127950522864109,0.7127950522864109
2038,lws,fixed,0.7426108117832914,0.7426108117832914,0.7426108117832914
2039,lws,fixed,0.7869911126050508,0.7869911126050508,0.7869911126050508
2040,lws,fixed,0.8201880512157937,0.8201880512157937,0.8201880512157937
2041,lws,fixed,0.8608159531665907,0.8608159531665907,0.8608159531665907
2042,lws,fixed,0.9306795072924124,0.9306795072924124,0.9306795072924124
2043,lws,fixed,0.9728876477034785,0.9728876477034785,0.9728876477034785
2044,lws,fixed,0.9622962692122209,0.9622962692122209,0.9622962692122209
2045,lws,fixed,0.9455552480933574,0.9455552480933574,0.9455552480933574
2046,lws,fixed,0.9387829953722603,0.9387829953722603,0.9387829953722603
2047,lws,fixed,0.9603173485071256,0.9603173485071256,0.9603173485071256
2048,lws,fixed,0.9946407104756743,0.9946407104756743,0.9946407104756743
2049,lws,fixed,1.0123001628645185,1.0123001628645185,1.0123001628645185
2050,lws,fixed,1.0367873592541808,1.0367873592541808,1.0367873592541808
2051,lws,fixed,1.1022903300529752,1.1022903300529752,1.1022903300529752
2052,lws,fixed,1.1578796789786756,1.1578796789786756,1.1578796789786756
2053,lws,fixed,1.1766512302147847,1.1766512302147847,1.1766512302147847
2054,lws,fixed,1.192925264386108,1.192925264386108,1.192925264386108
2055,lws,fixed,1.2618508262448935,1.2618508262448935,1.2618508262448935
2056,lws,fixed,1.2922674666460656,1.2922674666460656,1.2922674666460656
2057,lws,fixed,1.3192290446266437,1.3192290446266437,1.3192290446266437
2058,lws,fixed,1.3331261967500805,1.3331261967500805,1.3331261967500805
2059,lws,fixed,1.3527843645529898,1.3527843645529898,1.3527843645529898
2060,lws,fixed,1.3922663725651958,1.3922663725651958,1.3922663725651958
2061,lws,fixed,1.4415463962689319,1.4415463962689319,1.4415463962689319
2062,lws,fixed,1.447167856015673,1.447167856015673,1.447167856015673
2063,lws,fixed,1.4915359460153184,1.4915359460153184,1.4915359460153184
2064,lws,fixed,1.5241440890351976,1.5241440890351976,1.5241440890351976
2065,lws,fixed,1.5432725899488295,1.5432725899488295,1.5432725899488295
2066,lws,fixed,1.5846986584738234,1.5846986584738234,1.5846986584738234
2067,lws,fixed,1.6084997967528067,1.6084997967528067,1.6084997967528067
2068,lws,fixed,1.658356216029776,1.658356216029776,1.658356216029776
2069,lws,fixed,1.703984258039325,1.703984258039325,1.703984258039325
2070,lws,fixed,1.7402566206886732,1.7402566206886732,1.7402566206886732
2071,lws,fixed,1.7497460676796563,1.7497460676796563,1.7497460676796563
2072,lws,fixed,1.792107082795087,1.792107082795087,1.792107082795087
2073,lws,fixed,1.767318354602176,1.767318354602176,1.767318354602176
2074,lws,fixed,1.7999543919591257,1.7999543919591257,1.7999543919591257
2075,lws,fixed,1.8585156903768523,1.8585156903768523,1.8585156903768523
2076,lws,fixed,1.9108383241124354,1.9108383241124354,1.9108383241124354
2077,lws,fixed,1.936024301647267,1.936024301647267,1.936024301647267
2078,lws,fixed,1.9689902526904426,1.9689902526904426,1.9689902526904426
2079,lws,fixed,1.9929289610182945,1.9929289610182945,1.9929289610182945
2080,lws,fixed,2.0051310144705425,2.0051310144705425,2.0051310144705425
2081,lws,fixed,2.012287947331182,2.012287947331182,2.012287947331182
2082,lws,fixed,2.0445192998875332,2.0445192998875332,2.0445192998875332
2083,lws,fixed,2.0765315529975927,2.0765315529975927,2.0765315529975927
2084,lws,fixed,2.12285065315953,2.12285065315953,2.12285065315953
2085,lws,fixed,2.168309478867345,2.168309478867345,2.168309478867345
2086,lws,fixed,2.188905417474962,2.188905417474962,2.188905417474962
2087,lws,fixed,2.242030917090907,2.242030917090907,2.242030917090907
2088,lws,fixed,2.2721112956899256,2.2721112956899256,2.2721112956899256
2089,lws,fixed,2.309270289105232,2.309270289105232,2.309270289105232
2090,lws,fixed,2.368107784941434,2.368107784941434,2.368107784941434
2091,lws,fixed,2.391292200183621,2.391292200183621,2.391292200183621
2092,lws,fixed,2.3862527731812118,2.3862527731812118,2.3862527731812118
2093,lws,fixed,2.4130628770181146,2.4130628770181146,2.4130628770181146
2094,lws,fixed,2.4019303203389546,2.4019303203389546,2.4019303203389546
2095,lws,fixed,2.431707812103944,2.431707812103944,2.431707812103944
2096,lws,fixed,2.467323321382365,2.467323321382365,2.467323321382365
2097,lws,fixed,2.504706159104757,2.504706159104757,2.504706159104757
2098,lws,fixed,2.543462500832068,2.543462500832068,2.543462500832068
2099,lws,fixed,2.5953821924803715,2.5953821924803715,2.5953821924803715
2100,lws,fixed,2.596380650083528,2.596380650083528,2.596380650083528
2101,lws,fixed,2.6439945460779772,2.6439945460779772,2.6439945460779772
2102,lws,fixed,2.682727721997994,2.682727721997994,2.682727721997994
2103,lws,fixed,2.7042226285783593,2.7042226285783593,2.7042226285783593
2104,lws,fixed,2.7145332680885415,2.7145332680885415,2.7145332680885415
2105,lws,fixed,2.722074181430264,2.722074181430264,2.722074181430264
2106,lws,fixed,2.7516842095651906,2.7516842095651906,2.7516842095651906
2107,lws,fixed,2.7898153994354655,2.7898153994354655,2.7898153994354655
2108,lws,fixed,2.8192113133504284,2.8192113133504284,2.8192113133504284
2109,lws,fixed,2.879204985614669,2.879204985614669,2.879204985614669
2110,lws,fixed,2.9193133107850935,2.9193133107850935,2.9193133107850935
2111,lws,fixed,2.9720856215931226,2.9720856215931226,2.9720856215931226
2112,lws,fixed,3.001654499001692,3.001654499001692,3.001654499001692
2113,lws,fixed,3.020382376334686,3.020382376334686,3.020382376334686
2114,lws,fixed,3.0870486403985082,3.0870486403985082,3.0870486403985082
2115,lws,fixed,3.1524626466668244,3.1524626466668244,3.1524626466668244
2116,lws,fixed,3.2088149105341177,3.2088149105341177,3.2088149105341177
2117,lws,fixed,3.2342713686394085,3.2342713686394085,3.2342713686394085
2118,lws,fixed,3.240410064624602,3.240410064624602,3.240410064624602
2119,lws,fixed,3.2481015415255485,3.2481015415255485,3.2481015415255485
2120,lws,fixed,3.275185202412382,3.275185202412382,3.275185202412382
2121,lws,fixed,3.318941835361753,3.318941835361753,3.318941835361753
2122,lws,fixed,3.3930045339144,3.3930045339144,3.3930045339144
2123,lws,fixed,3.402871459621438,3.402871459621438,3.402871459621438
2124,lws,fixed,3.418352831291919,3.418352831291919,3.418352831291919
2125,lws,fixed,3.416339303207685,3.416339303207685,3.416339303207685
2126,lws,fixed,3.4836403760724224,3.4836403760724224,3.4836403760724224
2127,lws,fixed,3.547029786706335,3.547029786706335,3.547029786706335
2128,lws,fixed,3.568611071090668,3.568611071090668,3.568611071090668
2129,lws,fixed,3.627399972426858,3.627399972426858,3.627399972426858
2130,lws,fixed,3.6697723321948086,3.6697723321948086,3.6697723321948086
2131,lws,fixed,3.7155165177929357,3.7155165177929357,3.7155165177929357
2132,lws,fixed,3.725133457810019,3.725133457810019,3.725133457810019
2133,lws,fixed,3.729741535909395,3.729741535909395,3.729741535909395
2134,lws,fixed,3.746984424753355,3.746984424753355,3.746984424753355
2135,lws,fixed,3.788720765804733,3.788720765804733,3.788720765804733
2136,lws,fixed,3.8184897820045234,3.8184897820045234,3.8184897820045234
2137,lws,fixed,3.8186881696532615,3.8186881696532615,3.8186881696532615
2138,lws,fixed,3.850861385526544,3.850861385526544,3.850861385526544
2139,lws,fixed,3.8947730791384085,3.8947730791384085,3.8947730791384085
2140,lws,fixed,3.9198728634877917,3.9198728634877917,3.9198728634877917
2141,lws,fixed,3.9244427138611306,3.9244427138611306,3.9244427138611306
2142,lws,fixed,3.9597114084129115,3.9597114084129115,3.9597114084129115
2143,lws,fixed,3.9932849913182284,3.9932849913182284,3.9932849913182284
2144,lws,fixed,4.0260222952927975,4.0260222952927975,4.0260222952927975
2145,lws,fixed,4.059316538503893,4.059316538503893,4.059316538503893
2146,lws,fixed,4.079487812157288,4.079487812157288,4.079487812157288
2147,lws,fixed,4.125418166896138,4.125418166896138,4.125418166896138
2148,lws,fixed,4.153147261683872,4.153147261683872,4.153147261683872
2149,lws,fixed,4.20592350070585,4.20592350070585,4.20592350070585
2150,lws,fixed,4.2307986469202445,4.2307986469202445,4.2307986469202445
2151,lws,fixed,4.263482571569279,4.263482571569279,4.263482571569279
2152,lws,fixed,4.295805886617335,4.295805886617335,4.295805886617335
2153,lws,fixed,4.351237344427586,4.351237344427586,4.351237344427586
2154,lws,fixed,4.392877111944913,4.392877111944913,4.392877111944913
2155,lws,fixed,4.437298525869313,4.437298525869313,4.437298525869313
2156,lws,fixed,4.470487414392425,4.470487414392425,4.470487414392425
2157,lws,fixed,4.516634119818392,4.516634119818392,4.516634119818392
2158,lws,fixed,4.562377184208207,4.562377184208207,4.562377184208207
2159,lws,fixed,4.626120358682517,4.626120358682517,4.626120358682517
2160,lws,fixed,4.64664774326856,4.64664774326856,4.64664774326856
2161,lws,fixed,4.634313539723813,4.634313539723813,4.634313539723813
2162,lws,fixed,4.6844452393474,4.6844452393474,4.6844452393474
2163,lws,fixed,4.747942202617905,4.747942202617905,4.747942202617905
2164,lws,fixed,4.750748028339521,4.750748028339521,4.750748028339521
2165,lws,fixed,4.760026303662078,4.760026303662078,4.760026303662078
2166,lws,fixed,4.79510377968571,4.79510377968571,4.79510377968571
2167,lws,fixed,4.8069909267172335,4.8069909267172335,4.8069909267172335
2168,lws,fixed,4.815646054346008,4.815646054346008,4.815646054346008
2169,lws,fixed,4.846885962131313,4.846885962131313,4.846885962131313
2170,lws,fixed,4.858678539468278,4.858678539468278,4.858678539468278
2171,lws,fixed,4.8868981273175995,4.8868981273175995,4.8868981273175995
2172,lws,fixed,4.899277769248436,4.899277769248436,4.899277769248436
2173,lws,fixed,4.926630517537223,4.926630517537223,4.926630517537223
2174,lws,fixed,4.956666017741132,4.956666017741132,4.956666017741132
2175,lws,fixed,4.990182844459308,4.990182844459308,4.990182844459308
2176,lws,fixed,5.035739745861833,5.035739745861833,5.035739745861833
2177,lws,fixed,5.048450874618085,5.048450874618085,5.048450874618085
2178,lws,fixed,5.064962215464753,5.064962215464753,5.064962215464753
2179,lws,fixed,5.1068961074516865,5.1068961074516865,5.1068961074516865
2180,lws,fixed,5.1351373310154775,5.1351373310154775,5.1351373310154775
2181,lws,fixed,5.161954258346175,5.161954258346175,5.161954258346175
2182,lws,fixed,5.179233134410224,5.179233134410224,5.179233134410224
2183,lws,fixed,5.203674639450711,5.203674639450711,5.203674639450711
2184,lws,fixed,5.230249301661413,5.230249301661413,5.230249301661413
2185,lws,fixed,5.270951274600753,5.270951274600753,5.270951274600753
2186,lws,fixed,5.261842885208832,5.261842885208832,5.261842885208832
2187,lws,fixed,5.25823502301279,5.25823502301279,5.25823502301279
2188,lws,fixed,5.291437135563975,5.291437135563975,5.291437135563975
2189,lws,fixed,5.326312862414746,5.326312862414746,5.326312862414746
2190,lws,fixed,5.386381911381347,5.386381911381347,5.386381911381347
2191,lws,fixed,5.430434980657028,5.430434980657028,5.430434980657028
2192,lws,fixed,5.435040533546584,5.435040533546584,5.435040533546584
2193,lws,fixed,5.4807767117318615,5.4807767117318615,5.4807767117318615
2194,lws,fixed,5.528918395240164,5.528918395240164,5.528918395240164
2195,lws,fixed,5.548761347253193,5.548761347253193,5.548761347253193
2196,lws,fixed,5.535600061309528,5.535600061309528,5.535600061309528
2197,lws,fixed,5.578691853107875,5.578691853107875,5.578691853107875
2198,lws,fixed,5.600370736311279,5.600370736311279,5.600370736311279
2199,lws,fixed,5.622257887735048,5.622257887735048,5.622257887735048
2200,lws,fixed,5.648882730278795,5.648882730278795,5.648882730278795
2201,lws,fixed,5.664855491638205,5.664855491638205,5.664855491638205
2202,lws,fixed,5.700468838201828,5.700468838201828,5.700468838201828
2203,lws,fixed,5.7502186084000195,5.7502186084000195,5.7502186084000195
2204,lws,fixed,5.778135732783894,5.778135732783894,5.778135732783894
2205,lws,fixed,5.817768366812955,5.817768366812955,5.817768366812955
2206,lws,fixed,5.842371122134262,5.842371122134262,5.842371122134262
2207,lws,fixed,5.866341318539312,5.866341318539312,5.866341318539312
2208,lws,fixed,5.880603783845598,5.880603783845598,5.880603783845598
2209,lws,fixed,5.944043730060743,5.944043730060743,5.944043730060743
2210,lws,fixed,5.9548525219191175,5.9548525219191175,5.9548525219191175
2211,lws,fixed,5.958460641838878,5.958460641838878,5.958460641838878
2212,lws,fixed,6.001791357154143,6.001791357154143,6.001791357154143
2213,lws,fixed,6.019523976538539,6.019523976538539,6.019523976538539
2214,lws,fixed,6.061145438098416,6.061145438098416,6.061145438098416
2215,lws,fixed,6.120332933322187,6.120332933322187,6.120332933322187
2216,lws,fixed,6.172108733307293,6.172108733307293,6.172108733307293
2217,lws,fixed,6.221320341997893,6.221320341997893,6.221320341997893
2218,lws,fixed,6.222699570968258,6.222699570968258,6.222699570968258
2219,lws,fixed,6.252429344024669,6.252429344024669,6.252429344024669
2220,lws,fixed,6.267552540130812,6.267552540130812,6.267552540130812
2221,lws,fixed,6.317278628779411,6.317278628779411,6.317278628779411
2222,lws,fixed,6.330072423811241,6.330072423811241,6.330072423811241
2223,lws,fixed,6.352609251334046,6.352609251334046,6.352609251334046
2224,lws,fixed,6.37631254365486,6.37631254365486,6.37631254365486
2225,lws,fixed,6.423890119943558,6.423890119943558,6.423890119943558
2226,lws,fixed,6.439910770832584,6.439910770832584,6.439910770832584
2227,lws,fixed,6.497700010517156,6.497700010517156,6.497700010517156
2228,lws,fixed,6.509580807431561,6.509580807431561,6.509580807431561
2229,lws,fixed,6.5327799839008005,6.5327799839008005,6.5327799839008005
2230,lws,fixed,6.5344608263916415,6.5344608263916415,6.5344608263916415
2231,lws,fixed,6.565676548195805,6.565676548195805,6.565676548195805
2232,lws,fixed,6.605096361007136,6.605096361007136,6.605096361007136
2233,lws,fixed,6.638157600393324,6.638157600393324,6.638157600393324
2234,lws,fixed,6.664482283402768,6.664482283402768,6.664482283402768
2235,lws,fixed,6.700531184538167,6.700531184538167,6.700531184538167
2236,lws,fixed,6.771599544614483,6.771599544614483,6.771599544614483
2237,lws,fixed,6.789120904235318,6.789120904235318,6.789120904235318
2238,lws,fixed,6.835553528386609,6.835553528386609,6.835553528386609
2239,lws,fixed,6.8505641517453,6.8505641517453,6.8505641517453
2240,lws,fixed,6.859586474629643,6.859586474629643,6.859586474629643
2241,lws,fixed,6.8891329380224136,6.8891329380224136,6.8891329380224136
2242,lws,fixed,6.931110954367381,6.931110954367381,6.931110954367381
2243,lws,fixed,6.942856381131531,6.942856381131531,6.942856381131531
2244,lws,fixed,6.976684991419059,6.976684991419059,6.976684991419059
2245,lws,fixed,6.983990674035943,6.983990674035943,6.983990674035943
2246,lws,fixed,6.977637518447098,6.977637518447098,6.977637518447098
2247,lws,fixed,7.057207813075548,7.057207813075548,7.057207813075548
2248,lws,fixed,7.085326276369168,7.085326276369168,7.085326276369168
2249,lws,fixed,7.11118272697457,7.11118272697457,7.11118272697457
2250,lws,fixed,7.1304760604740585,7.1304760604740585,7.1304760604740585
2251,lws,fixed,7.160267688479771,7.160267688479771,7.160267688479771
2252,lws,fixed,7.170799967569505,7.170799967569505,7.170799967569505
2253,lws,fixed,7.197364544759702,7.197364544759702,7.197364544759702
2254,lws,fixed,7.254937352541667,7.254937352541667,7.254937352541667
2255,lws,fixed,7.3132398458127135,7.3132398458127135,7.3132398458127135
2256,lws,fixed,7.353558633602041,7.353558633602041,7.353558633602041
2257,lws,fixed,7.369373574211477,7.369373574211477,7.369373574211477
2258,lws,fixed,7.429170453684257,7.429170453684257,7.429170453684257
2259,lws,fixed,7.4361825074976435,7.4361825074976435,7.4361825074976435
2260,lws,fixed,7.491574423880658,7.491574423880658,7.491574423880658
2261,lws,fixed,7.5305034856872375,7.5305034856872375,7.5305034856872375
2262,lws,fixed,7.556704000242766,7.556704000242766,7.556704000242766
2263,lws,fixed,7.610409506865716,7.610409506865716,7.610409506865716
2264,lws,fixed,7.630744358203974,7.630744358203974,7.630744358203974
2265,lws,fixed,7.633446388116356,7.633446388116356,7.633446388116356
2266,lws,fixed,7.688909598966955,7.688909598966955,7.688909598966955
2267,lws,fixed,7.722507848404509,7.722507848404509,7.722507848404509
2268,lws,fixed,7.725402933108569,7.725402933108569,7.725402933108569
2269,lws,fixed,7.740197104703818,7.740197104703818,7.740197104703818
2270,lws,fixed,7.773058132510188,7.773058132510188,7.773058132510188
2271,lws,fixed,7.745844012639393,7.745844012639393,7.745844012639393
2272,lws,fixed,7.775345087956423,7.775345087956423,7.775345087956423
2273,lws,fixed,7.780871101589891,7.780871101589891,7.780871101589891
2274,lws,fixed,7.807165424708307,7.807165424708307,7.807165424708307
2275,lws,fixed,7.8533246412006195,7.8533246412006195,7.8533246412006195
2276,lws,fixed,7.865225345047305,7.865225345047305,7.865225345047305
2277,lws,fixed,7.872838551560976,7.872838551560976,7.872838551560976
2278,lws,fixed,7.9118231976985,7.9118231976985,7.9118231976985
2279,lws,fixed,7.9348017492461915,7.9348017492461915,7.9348017492461915
2280,lws,fixed,7.977922534412187,7.977922534412187,7.977922534412187
2281,lws,fixed,8.006532087991166,8.006532087991166,8.006532087991166
2282,lws,fixed,8.03185951279863,8.03185951279863,8.03185951279863
2283,lws,fixed,8.0499034600549,8.0499034600549,8.0499034600549
2284,lws,fixed,8.116341279421354,8.116341279421354,8.116341279421354
2285,lws,fixed,8.139714457125011,8.139714457125011,8.139714457125011
2286,lws,fixed,8.137398765347529,8.137398765347529,8.137398765347529
2287,lws,fixed,8.159170684039587,8.159170684039587,8.159170684039587
2288,lws,fixed,8.172828626575052,8.172828626575052,8.172828626575052
2289,lws,fixed,8.172231570806126,8.172231570806126,8.172231570806126
2290,lws,fixed,8.194764805358153,8.194764805358153,8.194764805358153
2291,lws,fixed,8.230681629244744,8.230681629244744,8.230681629244744
2292,lws,fixed,8.25136918701114,8.25136918701114,8.25136918701114
2293,lws,fixed,8.28024664797876,8.28024664797876,8.28024664797876
2294,lws,fixed,8.326013651481444,8.326013651481444,8.326013651481444
2295,lws,fixed,8.335626014481752,8.335626014481752,8.335626014481752
2296,lws,fixed,8.384229880799591,8.384229880799591,8.384229880799591
2297,lws,fixed,8.452894857111993,8.452894857111993,8.452894857111993
2298,lws,fixed,8.469119132579559,8.469119132579559,8.469119132579559
2299,lws,fixed,8.464544351169279,8.464544351169279,8.464544351169279
2300,lws,fixed,8.483616077316128,8.483616077316128,8.483616077316128
1990,lws,joint,0.0,0.0,0.0
1991,lws,joint,0.0,0.0,0.0
1992,lws,joint,0.0,0.0,0.0
1993,lws,joint,0.0,0.0,0.0
1994,lws,joint,0.0,0.0,0.0
1995,lws,joint,0.0,0.0,0.0
1996,lws,joint,0.0,0.0,0.0
1997,lws,joint,0.0,0.0,0.0
1998,lws,joint,0.0,0.0,0.0
1999,lws,joint,0.0,0.0,0.0
2000,lws,joint,0.0,0.0,0.0
2001,lws,joint,0.0,0.0,0.0
2002,lws,joint,0.0,0.0,0.0
2003,lws,joint,0.0,0.0,0.0
2004,lws,joint,0.0,0.0,0.0
2005,lws,joint,0.0,0.0,0.0
2006,lws,joint,0.0,0.0,0.0
2007,lws,joint,0.0,0.0,0.0
2008,lws,joint,0.0,0.0,0.0
2009,lws,joint,0.0,0.0,0.0
2010,lws,joint,0.0,0.0,0.0
2011,lws,joint,0.0,0.0,0.0
2012,lws,joint,0.0,0.0,0.0
2013,lws,joint,0.0,0.0,0.0
2014,lws,joint,0.0,0.0,0.0
2015,lws,joint,0.0,0.0,0.0
2016,lws,joint,0.0,0.0,0.0
2017,lws,joint,0.0,0.0,0.0
2018,lws,joint,0.0,0.0,0.0
2019,lws,joint,0.04799015733533104,0.04799015733533104,0.04799015733533104
2020,lws,joint,0.05791438615406403,0.05791438615406403,0.05791438615406403
2021,lws,joint,0.10102015996102251,0.10102015996102251,0.10102015996102251
2022,lws,joint,0.14663197191904284,0.14663197191904284,0.14663197191904284
2023,lws,joint,0.1515911834031945,0.1515911834031945,0.1515911834031945
2024,lws,joint,0.18566222490860249,0.18566222490860249,0.18566222490860249
2025,lws,joint,0.23005486383340987,0.23005486383340987,0.23005486383340987
2026,lws,joint,0.2845140413515041,0.2845140413515041,0.2845140413515041
2027,lws,joint,0.3262964981037485,0.3262964981037485,0.3262964981037485
2028,lws,joint,0.37745799761464527,0.37745799761464527,0.37745799761464527
2029,lws,joint,0.40306914028751295,0.40306914028751295,0.40306914028751295
2030,lws,joint,0.4610753742637405,0.4610753742637405,0.4610753742637405
2031,lws,joint,0.5064181640970788,0.5064181640970788,0.5064181640970788
2032,lws,joint,0.5565419669634262,0.5565419669634262,0.5565419669634262
2033,lws,joint,0.5801526451796354,0.5801526451796354,0.5801526451796354
2034,lws,joint,0.6235381018243776,0.6235381018243776,0.6235381018243776
2035,lws,joint,0.6436840480074949,0.6436840480074949,0.6436840480074949
2036,lws,joint,0.6885424380555962,0.6885424380555962,0.6885424380555962
2037,lws,joint,0.7127950522864109,0.7127950522864109,0.7127950522864109
2038,lws,joint,0.7426108117832914,0.7426108117832914,0.7426108117832914
2039,lws,joint,0.7869911126050508,0.7869911126050508,0.7869911126050508
2040,lws,joint,0.8201880512157937,0.8201880512157937,0.8201880512157937
2041,lws,joint,0.8608159531665907,0.8608159531665907,0.8608159531665907
2042,lws,joint,0.9306795072924124,0.9306795072924124,0.9306795072924124
2043,lws,joint,0.9728876477034785,0.9728876477034785,0.9728876477034785
2044,lws,joint,0.9622962692122209,0.9622962692122209,0.9622962692122209
2045,lws,joint,0.9455552480933574,0.9455552480933574,0.9455552480933574
2046,lws,joint,0.9387829953722603,0.9387829953722603,0.9387829953722603
2047,lws,joint,0.9603173485071256,0.9603173485071256,0.9603173485071256
2048,lws,joint,0.9946407104756743,0.9946407104756743,0.9946407104756743
2049,lws,joint,1.0123001628645185,1.0123001628645185,1.0123001628645185
2050,lws,joint,1.0367873592541808,1.0367873592541808,1.0367873592541808
2051,lws,joint,1.1022903300529752,1.1022903300529752,1.1022903300529752
2052,lws,joint,1.1578796789786756,1.1578796789786756,1.1578796789786756
2053,lws,joint,1.1766512302147847,1.1766512302147847,1.1766512302147847
2054,lws,joint,1.192925264386108,1.192925264386108,1.192925264386108
2055,lws,joint,1.2618508262448935,1.2618508262448935,1.2618508262448935
2056,lws,joint,1.2922674666460656,1.2922674666460656,1.2922674666460656
2057,lws,joint,1.3192290446266437,1.3192290446266437,1.3192290446266437
2058,lws,joint,1.3331261967500805,1.3331261967500805,1.3331261967500805
2059,lws,joint,1.3527843645529898,1.3527843645529898,1.3527843645529898
2060,lws,joint,1.3922663725651958,1.3922663725651958,1.3922663725651958
2061,lws,joint,1.4415463962689319,1.4415463962689319,1.4415463962689319
2062,lws,joint,1.447167856015673,1.447167856015673,1.447167856015673
2063,lws,joint,1.4915359460153184,1.4915359460153184,1.4915359460153184
2064,lws,joint,1.5241440890351976,1.5241440890351976,1.5241440890351976
2065,lws,joint,1.5432725899488295,1.5432725899488295,1.5432725899488295
2066,lws,joint,1.5846986584738234,1.5846986584738234,1.5846986584738234
2067,lws,joint,1.6084997967528067,1.6084997967528067,1.6084997967528067
2068,lws,joint,1.658356216029776,1.658356216029776,1.658356216029776
2069,lws,joint,1.703984258039325,1.703984258039325,1.703984258039325
2070,lws,joint,1.7402566206886732,1.7402566206886732,1.7402566206886732
2071,lws,joint,1.7497460676796563,1.7497460676796563,1.7497460676796563
2072,lws,joint,1.792107082795087,1.792107082795087,1.792107082795087
2073,lws,joint,1.767318354602176,1.767318354602176,1.767318354602176
2074,lws,joint,1.7999543919591257,1.7999543919591257,1.7999543919591257
2075,lws,joint,1.8585156903768523,1.8585156903768523,1.8585156903768523
2076,lws,joint,1.9108383241124354,1.9108383241124354,1.9108383241124354
2077,lws,joint,1.936024301647267,1.936024301647267,1.936024301647267
2078,lws,joint,1.9689902526904426,1.9689902526904426,1.9689902526904426
2079,lws,joint,1.9929289610182945,1.9929289610182945,1.9929289610182945
2080,lws,joint,2.0051310144705425,2.0051310144705425,2.0051310144705425
2081,lws,joint,2.012287947331182,2.012287947331182,2.012287947331182
2082,lws,joint,2.0445192998875332,2.0445192998875332,2.0445192998875332
2083,lws,joint,2.0765315529975927,2.0765315529975927,2.0765315529975927
2084,lws,joint,2.12285065315953,2.12285065315953,2.12285065315953
2085,lws,joint,2.168309478867345,2.168309478867345,2.168309478867345
2086,lws,joint,2.188905417474962,2.188905417474962,2.188905417474962
2087,lws,joint,2.242030917090907,2.242030917090907,2.242030917090907
2088,lws,joint,2.2721112956899256,2.2721112956899256,2.2721112956899256
2089,lws,joint,2.309270289105232,2.309270289105232,2.309270289105232
2090,lws,joint,2.368107784941434,2.368107784941434,2.368107784941434
2091,lws,joint,2.391292200183621,2.391292200183621,2.391292200183621
2092,lws,joint,2.3862527731812118,2.3862527731812118,2.3862527731812118
2093,lws,joint,2.4130628770181146,2.4130628770181146,2.4130628770181146
2094,lws,joint,2.4019303203389546,2.4019303203389546,2.4019303203389546
2095,lws,joint,2.431707812103944,2.431707812103944,2.431707812103944
2096,lws,joint,2.467323321382365,2.467323321382365,2.467323321382365
2097,lws,joint,2.504706159104757,2.504706159104757,2.504706159104757
2098,lws,joint,2.543462500832068,2.543462500832068,2.543462500832068
2099,lws,joint,2.5953821924803715,2.5953821924803715,2.5953821924803715
2100,lws,joint,2.596380650083528,2.596380650083528,2.596380650083528
2101,lws,joint,2.6439945460779772,2.6439945460779772,2.6439945460779772
2102,lws,joint,2.682727721997994,2.682727721997994,2.682727721997994
2103,lws,joint,2.7042226285783593,2.7042226285783593,2.7042226285783593
2104,lws,joint,2.7145332680885415,2.7145332680885415,2.7145332680885415
2105,lws,joint,2.722074181430264,2.722074181430264,2.722074181430264
2106,lws,joint,2.7516842095651906,2.7516842095651906,2.7516842095651906
2107,lws,joint,2.7898153994354655,2.7898153994354655,2.7898153994354655
2108,lws,joint,2.8192113133504284,2.8192113133504284,2.8192113133504284
2109,lws,joint,2.879204985614669,2.879204985614669,2.879204985614669
2110,lws,joint,2.9193133107850935,2.9193133107850935,2.9193133107850935
2111,lws,joint,2.9720856215931226,2.9720856215931226,2.9720856215931226
2112,lws,joint,3.001654499001692,3.001654499001692,3.001654499001692
2113,lws,joint,3.020382376334686,3.020382376334686,3.020382376334686
2114,lws,joint,3.0870486403985082,3.0870486403985082,3.0870486403985082
2115,lws,joint,3.1524626466668244,3.1524626466668244,3.1524626466668244
2116,lws,joint,3.2088149105341177,3.2088149105341177,3.2088149105341177
2117,lws,joint,3.2342713686394085,3.2342713686394085,3.2342713686394085
2118,lws,joint,3.240410064624602,3.240410064624602,3.240410064624602
2119,lws,joint,3.2481015415255485,3.2481015415255485,3.2481015415255485
2120,lws,joint,3.275185202412382,3.275185202412382,3.275185202412382
2121,lws,joint,3.318941835361753,3.318941835361753,3.318941835361753
2122,lws,joint,3.3930045339144,3.3930045339144,3.3930045339144
2123,lws,joint,3.402871459621438,3.402871459621438,3.402871459621438
2124,lws,joint,3.418352831291919,3.418352831291919,3.418352831291919
2125,lws,joint,3.416339303207685,3.416339303207685,3.416339303207685
2126,lws,joint,3.4836403760724224,3.4836403760724224,3.4836403760724224
2127,lws,joint,3.547029786706335,3.547029786706335,3.547029786706335
2128,lws,joint,3.568611071090668,3.568611071090668,3.568611071090668
2129,lws,joint,3.627399972426858,3.627399972426858,3.627399972426858
2130,lws,joint,3.6697723321948086,3.6697723321948086,3.6697723321948086
2131,lws,joint,3.7155165177929357,3.7155165177929357,3.7155165177929357
2132,lws,joint,3.725133457810019,3.725133457810019,3.725133457810019
2133,lws,joint,3.729741535909395,3.729741535909395,3.729741535909395
2134,lws,joint,3.746984424753355,3.746984424753355,3.746984424753355
2135,lws,joint,3.788720765804733,3.788720765804733,3.788720765804733
2136,lws,joint,3.8184897820045234,3.8184897820045234,3.8184897820045234
2137,lws,joint,3.8186881696532615,3.8186881696532615,3.8186881696532615
2138,lws,joint,3.850861385526544,3.850861385526544,3.850861385526544
2139,lws,joint,3.8947730791384085,3.8947730791384085,3.8947730791384085
2140,lws,joint,3.9198728634877917,3.9198728634877917,3.9198728634877917
2141,lws,joint,3.9244427138611306,3.9244427138611306,3.9244427138611306
2142,lws,joint,3.9597114084129115,3.9597114084129115,3.9597114084129115
2143,lws,joint,3.9932849913182284,3.9932849913182284,3.9932849913182284
2144,lws,joint,4.0260222952927975,4.0260222952927975,4.0260222952927975
2145,lws,joint,4.059316538503893,4.059316538503893,4.059316538503893
2146,lws,joint,4.079487812157288,4.079487812157288,4.079487812157288
2147,lws,joint,4.125418166896138,4.125418166896138,4.125418166896138
2148,lws,joint,4.153147261683872,4.153147261683872,4.153147261683872
2149,lws,joint,4.20592350070585,4.20592350070585,4.20592350070585
2150,lws,joint,4.2307986469202445,4.2307986469202445,4.2307986469202445
2151,lws,joint,4.263482571569279,4.263482571569279,4.263482571569279
2152,lws,joint,4.295805886617335,4.295805886617335,4.295805886617335
2153,lws,joint,4.351237344427586,4.351237344427586,4.351237344427586
2154,lws,joint,4.392877111944913,4.392877111944913,4.392877111944913
2155,lws,joint,4.437298525869313,4.437298525869313,4.437298525869313
2156,lws,joint,4.470487414392425,4.470487414392425,4.470487414392425
2157,lws,joint,4.516634119818392,4.516634119818392,4.516634119818392
2158,lws,joint,4.562377184208207,4.562377184208207,4.562377184208207
2159,lws,joint,4.626120358682517,4.626120358682517,4.626120358682517
2160,lws,joint,4.64664774326856,4.64664774326856,4.64664774326856
2161,lws,joint,4.634313539723813,4.634313539723813,4.634313539723813
2162,lws,joint,4.6844452393474,4.6844452393474,4.6844452393474
2163,lws,joint,4.747942202617905,4.747942202617905,4.747942202617905
2164,lws,joint,4.750748028339521,4.750748028339521,4.750748028339521
2165,lws,joint,4.760026303662078,4.760026303662078,4.760026303662078
2166,lws,joint,4.79510377968571,4.79510377968571,4.79510377968571
2167,lws,joint,4.8069909267172335,4.8069909267172335,4.8069909267172335
2168,lws,joint,4.815646054346008,4.815646054346008,4.815646054346008
2169,lws,joint,4.846885962131313,4.846885962131313,4.846885962131313
2170,lws,joint,4.858678539468278,4.858678539468278,4.858678539468278
2171,lws,joint,4.8868981273175995,4.8868981273175995,4.8868981273175995
2172,lws,joint,4.899277769248436,4.899277769248436,4.899277769248436
2173,lws,joint,4.926630517537223,4.926630517537223,4.926630517537223
2174,lws,joint,4.956666017741132,4.956666017741132,4.956666017741132
2175,lws,joint,4.990182844459308,4.990182844459308,4.990182844459308
2176,lws,joint,5.035739745861833,5.035739745861833,5.035739745861833
2177,lws,joint,5.048450874618085,5.048450874618085,5.048450874618085
2178,lws,joint,5.064962215464753,5.064962215464753,5.064962215464753
2179,lws,joint,5.1068961074516865,5.1068961074516865,5.1068961074516865
2180,lws,joint,5.1351373310154775,5.1351373310154775,5.1351373310154775
2181,lws,joint,5.161954258346175,5.161954258346175,5.161954258346175
2182,lws,joint,5.179233134410224,5.179233134410224,5.179233134410224
2183,lws,joint,5.203674639450711,5.203674639450711,5.203674639450711
2184,lws,joint,5.230249301661413,5.230249301661413,5.230249301661413
2185,lws,joint,5.270951274600753,5.270951274600753,5.270951274600753
2186,lws,joint,5.261842885208832,5.261842885208832,5.261842885208832
2187,lws,joint,5.25823502301279,5.25823502301279,5.25823502301279
2188,lws,joint,5.291437135563975,5.291437135563975,5.291437135563975
2189,lws,joint,5.326312862414746,5.326312862414746,5.326312862414746
2190,lws,joint,5.386381911381347,5.386381911381347,5.386381911381347
2191,lws,joint,5.430434980657028,5.430434980657028,5.430434980657028
2192,lws,joint,5.435040533546584,5.435040533546584,5.435040533546584
2193,lws,joint,5.4807767117318615,5.4807767117318615,5.4807767117318615
2194,lws,joint,5.528918395240164,5.528918395240164,5.528918395240164
2195,lws,joint,5.548761347253193,5.548761347253193,5.548761347253193
2196,lws,joint,5.535600061309528,5.535600061309528,5.535600061309528
2197,lws,joint,5.578691853107875,5.578691853107875,5.578691853107875
2198,lws,joint,5.600370736311279,5.600370736311279,5.600370736311279
2199,lws,joint,5.622257887735048,5.622257887735048,5.622257887735048
2200,lws,joint,5.648882730278795,5.648882730278795,5.648882730278795
2201,lws,joint,5.664855491638205,5.664855491638205,5.664855491638205
2202,lws,joint,5.700468838201828,5.700468838201828,5.700468838201828
2203,lws,joint,5.7502186084000195,5.7502186084000195,5.7502186084000195
2204,lws,joint,5.778135732783894,5.778135732783894,5.778135732783894
2205,lws,joint,5.817768366812955,5.817768366812955,5.817768366812955
2206,lws,joint,5.842371122134262,5.842371122134262,5.842371122134262
2207,lws,joint,5.866341318539312,5.866341318539312,5.866341318539312
2208,lws,joint,5.880603783845598,5.880603783845598,5.880603783845598
2209,lws,joint,5.944043730060743,5.944043730060743,5.944043730060743
2210,lws,joint,5.9548525219191175,5.9548525219191175,5.9548525219191175
2211,lws,joint,5.958460641838878,5.958460641838878,5.958460641838878
2212,lws,joint,6.001791357154143,6.001791357154143,6.001791357154143
2213,lws,joint,6.019523976538539,6.019523976538539,6.019523976538539
2214,lws,joint,6.061145438098416,6.061145438098416,6.061145438098416
2215,lws,joint,6.120332933322187,6.120332933322187,6.120332933322187
2216,lws,joint,6.172108733307293,6.172108733307293,6.172108733307293
2217,lws,joint,6.221320341997893,6.221320341997893,6.221320341997893
2218,lws,joint,6.222699570968258,6.222699570968258,6.222699570968258
2219,lws,joint,6.252429344024669,6.252429344024669,6.252429344024669
2220,lws,joint,6.267552540130812,6.267552540130812,6.267552540130812
2221,lws,joint,6.317278628779411,6.317278628779411,6.317278628779411
2222,lws,joint,6.330072423811241,6.330072423811241,6.330072423811241
2223,lws,joint,6.352609251334046,6.352609251334046,6.352609251334046
2224,lws,joint,6.37631254365486,6.37631254365486,6.37631254365486
2225,lws,joint,6.423890119943558,6.423890119943558,6.423890119943558
2226,lws,joint,6.439910770832584,6.439910770832584,6.439910770832584
2227,lws,joint,6.497700010517156,6.497700010517156,6.497700010517156
2228,lws,joint,6.509580807431561,6.509580807431561,6.509580807431561
2229,lws,joint,6.5327799839008005,6.5327799839008005,6.5327799839008005
2230,lws,joint,6.5344608263916415,6.5344608263916415,6.5344608263916415
2231,lws,joint,6.565676548195805,6.565676548195805,6.565676548195805
2232,lws,joint,6.605096361007136,6.605096361007136,6.605096361007136
2233,lws,joint,6.638157600393324,6.638157600393324,6.638157600393324
2234,lws,joint,6.664482283402768,6.664482283402768,6.664482283402768
2235,lws,joint,6.700531184538167,6.700531184538167,6.700531184538167
2236,lws,joint,6.771599544614483,6.771599544614483,6.771599544614483
2237,lws,joint,6.789120904235318,6.789120904235318,6.789120904235318
2238,lws,joint,6.835553528386609,6.835553528386609,6.835553528386609
2239,lws,joint,6.8505641517453,6.8505641517453,6.8505641517453
2240,lws,joint,6.859586474629643,6.859586474629643,6.859586474629643
2241,lws,joint,6.8891329380224136,6.8891329380224136,6.8891329380224136
2242,lws,joint,6.931110954367381,6.931110954367381,6.931110954367381
2243,lws,joint,6.942856381131531,6.942856381131531,6.942856381131531
2244,lws,joint,6.976684991419059,6.976684991419059,6.976684991419059
2245,lws,joint,6.983990674035943,6.983990674035943,6.983990674035943
2246,lws,joint,6.977637518447098,6.977637518447098,6.977637518447098
2247,lws,joint,7.057207813075548,7.057207813075548,7.057207813075548
2248,lws,joint,7.085326276369168,7.085326276369168,7.085326276369168
2249,lws,joint,7.11118272697457,7.11118272697457,7.11118272697457
2250,lws,joint,7.1304760604740585,7.1304760604740585,7.1304760604740585
2251,lws,joint,7.160267688479771,7.160267688479771,7.160267688479771
2252,lws,joint,7.170799967569505,7.170799967569505,7.170799967569505
2253,lws,joint,7.197364544759702,7.197364544759702,7.197364544759702
2254,lws,joint,7.254937352541667,7.254937352541667,7.254937352541667
2255,lws,joint,7.3132398458127135,7.3132398458127135,7.3132398458127135
2256,lws,joint,7.353558633602041,7.353558633602041,7.353558633602041
2257,lws,joint,7.369373574211477,7.369373574211477,7.369373574211477
2258,lws,joint,7.429170453684257,7.429170453684257,7.429170453684257
2259,lws,joint,7.4361825074976435,7.4361825074976435,7.4361825074976435
2260,lws,joint,7.491574423880658,7.491574423880658,7.491574423880658
2261,lws,joint,7.5305034856872375,7.5305034856872375,7.5305034856872375
2262,lws,joint,7.556704000242766,7.556704000242766,7.556704000242766
2263,lws,joint,7.610409506865716,7.610409506865716,7.610409506865716
2264,lws,joint,7.630744358203974,7.630744358203974,7.630744358203974
2265,lws,joint,7.633446388116356,7.633446388116356,7.633446388116356
2266,lws,joint,7.688909598966955,7.688909598966955,7.688909598966955
2267,lws,joint,7.722507848404509,7.722507848404509,7.722507848404509
2268,lws,joint,7.725402933108569,7.725402933108569,7.725402933108569
2269,lws,joint,7.740197104703818,7.740197104703818,7.740197104703818
2270,lws,joint,7.773058132510188,7.773058132510188,7.773058132510188
2271,lws,joint,7.745844012639393,7.745844012639393,7.745844012639393
2272,lws,joint,7.775345087956423,7.775345087956423,7.775345087956423
2273,lws,joint,7.780871101589891,7.780871101589891,7.780871101589891
2274,lws,joint,7.807165424708307,7.807165424708307,7.807165424708307
2275,lws,joint,7.8533246412006195,7.8533246412006195,7.8533246412006195
2276,lws,joint,7.865225345047305,7.865225345047305,7.865225345047305
2277,lws,joint,7.872838551560976,7.872838551560976,7.872838551560976
2278,lws,joint,7.9118231976985,7.9118231976985,7.9118231976985
2279,lws,joint,7.9348017492461915,7.9348017492461915,7.9348017492461915
2280,lws,joint,7.977922534412187,7.977922534412187,7.977922534412187
2281,lws,joint,8.006532087991166,8.006532087991166,8.006532087991166
2282,lws,joint,8.03185951279863,8.03185951279863,8.03185951279863
2283,lws,joint,8.0499034600549,8.0499034600549,8.0499034600549
2284,lws,joint,8.116341279421354,8.116341279421354,8.116341279421354
2285,lws,joint,8.139714457125011,8.139714457125011,8.139714457125011
2286,lws,joint,8.137398765347529,8.137398765347529,8.137398765347529
2287,lws,joint,8.159170684039587,8.159170684039587,8.159170684039587
2288,lws,joint,8.172828626575052,8.172828626575052,8.172828626575052
2289,lws,joint,8.172231570806126,8.172231570806126,8.172231570806126
2290,lws,joint,8.194764805358153,8.194764805358153,8.194764805358153
2291,lws,joint,8.230681629244744,8.230681629244744,8.230681629244744
2292,lws,joint,8.25136918701114,8.25136918701114,8.25136918701114
2293,lws,joint,8.28024664797876,8.28024664797876,8.28024664797876
2294,lws,joint,8.326013651481444,8.326013651481444,8.326013651481444
2295,lws,joint,8.335626014481752,8.335626014481752,8.335626014481752
2296,lws,joint,8.384229880799591,8.384229880799591,8.384229880799591
2297,lws,joint,8.452894857111993,8.452894857111993,8.452894857111993
2298,lws,joint,8.469119132579559,8.469119132579559,8.469119132579559
2299,lws,joint,8.464544351169279,8.464544351169279,8.464544351169279
2300,lws,joint,8.483616077316128,8.483616077316128,8.483616077316128
1990,total,fixed,-2.830976528881868,-3.0856303902062274,-2.6048619389440564
1991,total,fixed,-2.6868444501430195,-2.9260459236449523,-2.4735019302954107
1992,total,fixed,-2.6348766282812743,-2.8620908348491763,-2.4277575437134495
1993,total,fixed,-2.7964681625221077,-3.025641437860745,-2.58223913263162
1994,total,fixed,-2.750415935724214,-2.9684691993739807,-2.5442465748074956
1995,total,fixed,-2.58920635762893,-2.7923995987827595,-2.3963911393395025
1996,total,fixed,-2.3872654632402464,-2.5722752797120507,-2.210536304643828
1997,total,fixed,-2.148034906929098,-2.3142377464800554,-1.9885351403182834
1998,total,fixed,-1.934011642366361,-2.083674747650136,-1.790791421423561
1999,total,fixed,-1.6664710399734366,-1.7885696412761458,-1.5480788109537302
2000,total,fixed,-1.4255612693901396,-1.529302146698542,-1.3266454733091315
2001,total,fixed,-1.1384438334362823,-1.2229302310222276,-1.0587281176255974
2002,total,fixed,-0.8354298177332247,-0.8975287009264532,-0.7765945860350905
2003,total,fixed,-0.5470967465306824,-0.5894591829540302,-0.5077906155171142
2004,total,fixed,-0.1927566647256258,-0.21625482863388568,-0.17465400278604076
2005,total,fixed,0.09509494462046852,0.0726238774974246,0.11240668593945805
2006,total,fixed,0.4222984361999158,0.3868984735261934,0.45698742274399023
2007,total,fixed,0.7127740634013877,0.6560972545172628,0.7718703484009637
2008,total,fixed,0.9992096666354744,0.9232157937606341,1.0791252765741044
2009,total,fixed,1.2483415385639578,1.1550947642507563,1.3466224867618177
2010,total,fixed,1.5306195856346783,1.4168029654723233,1.6507354950763733
2011,total,fixed,2.015559950640122,1.874196621261242,2.1649173577266527
2012,total,fixed,2.2922452821778396,2.1298526186447173,2.4637271051403085
2013,total,fixed,2.6129833421878947,2.4320146869237065,2.8055128150496222
2014,total,fixed,2.931242892545126,2.7292238248353424,3.1454669179841037
2015,total,fixed,3.2792408778114632,3.0533021700642307,3.519099934367374
2016,total,fixed,3.555055123701674,3.304756248550608,3.821736370661143
2017,total,fixed,4.009356712161786,3.7215711519861747,4.31612361942068
2018,total,fixed,4.353039474439463,4.037028046651362,4.688938358439854
2019,total,fixed,4.710700504457631,4.371467147312246,5.069698824470233
2020,total,fixed,5.107265395958911,4.738466494971608,5.50091555747898
2021,total,fixed,5.492569765616502,5.09905204356176,5.909649989824611
2022,total,fixed,5.931108569606508,5.514242867704688,6.372603757378659
2023,total,fixed,6.284987647410764,5.839558263918907,6.753224975242562
2024,total,fixed,6.696089250610401,6.219551514653295,7.197146238092714
2025,total,fixed,7.109563662545758,6.603567746712135,7.643050561454109
2026,total,fixed,7.571616520777349,7.034344668740784,8.135481273577865
2027,total,fixed,8.01595532744543,7.446980532257222,8.612382450154287
2028,total,fixed,8.466244415476467,7.867388587079851,9.092740608532491
2029,total,fixed,8.893593479322522,8.261512820673868,9.550972170097175
2030,total,fixed,9.35203537910757,8.687934902857219,10.039783742883884
2031,total,fixed,9.801445807289813,9.107101858544093,10.52030171897711
2032,total,fixed,10.260336130934537,9.535972857914299,11.01193639107189
2033,total,fixed,10.701968175168606,9.944094101760546,11.486689117584058
2034,total,fixed,11.175003603489836,10.38637635748754,11.993162150995547
2035,total,fixed,11.640196505013666,10.818817353279986,12.49350722405543
2036,total,fixed,12.143338315667185,11.28633194842976,13.030112437169496
2037,total,fixed,12.634890495519532,11.74109020959165,13.555624429727489
2038,total,fixed,13.139794793651312,12.208106884549347,14.098726421589674
2039,total,fixed,13.670317320562438,12.701392747603515,14.670892003224717
2040,total,fixed,14.190906360709594,13.182345653040741,15.237569370484438
2041,total,fixed,14.722485100681816,13.679147344281072,15.8098832900066
2042,total,fixed,15.291053195723054,14.208574241143648,16.41922744465425
2043,total,fixed,15.838590383500067,14.71428839136651,17.00691895707771
2044,total,fixed,16.34368261829568,15.180996788856815,17.559184320728676
2045,total,fixed,16.852196189191744,15.648359419644553,18.128872210955905
2046,total,fixed,17.38706363998625,16.139079474740907,18.724439660286585
2047,total,fixed,17.96749838033069,16.675449655274253,19.38308023915541
2048,total,fixed,18.571447534359557,17.228611631424794,20.08124887588187
2049,total,fixed,19.173352261049665,17.786208666504287,20.803569511705103
2050,total,fixed,19.798211923344113,18.354623385203983,21.6294001012581
2051,total,fixed,20.47072383504031,18.9659377569914,22.55557447892815
2052,total,fixed,21.141162741803413,19.58689210645652,23.63266761308691
2053,total,fixed,21.788035838915057,20.176810213959975,25.04609547010345
2054,total,fixed,22.43194987585118,20.76476912309721,26.60932505514234
2055,total,fixed,23.135030251938428,21.41106492298672,28.21501680531956
2056,total,fixed,23.82449792495241,22.035940620262185,29.884383792039433
2057,total,fixed,24.52517345145758,22.660456307660954,31.580750875112866
2058,total,fixed,25.236841179438578,23.28749108818443,33.28668477190017
2059,total,fixed,25.977296440525066,23.95185615181589,35.08302816029359
2060,total,fixed,26.742239283929525,24.627438080309652,36.80297190380534
2061,total,fixed,27.546323969157843,25.318578026535686,38.63144617657104
2062,total,fixed,28.32009120501622,25.966286001487052,40.396308259325664
2063,total,fixed,29.13318247812273,26.653867581853984,42.143447674843486
2064,total,fixed,29.947154121038572,27.346534542474547,43.893380184256735
2065,total,fixed,30.79068694826158,28.025788847429077,45.73134569549229
2066,total,fixed,31.67755495066135,28.720521910716627,47.61527960695748
2067,total,fixed,32.58661697303286,29.424335061653988,49.48668522854308
2068,total,fixed,33.52827543678883,30.167773012732393,51.34532477336498
2069,total,fixed,34.52815341872852,30.905614280398083,53.212536615826906
2070,total,fixed,35.66010223847156,31.645627867579897,55.12427443512109
2071,total,fixed,36.81054344627315,32.386610115149,57.017014560894864
2072,total,fixed,38.096327552479465,33.153488539920374,59.10335963799636
2073,total,fixed,39.57330000136664,33.858163536627345,60.962015861770865
2074,total,fixed,41.14425189093021,34.63243571608478,62.929293165524264
2075,total,fixed,42.75356161668469,35.4160862152352,64.91269188706654
2076,total,fixed,44.3786941206299,36.19065836160206,66.90464893139956
2077,total,fixed,45.97687241526755,36.95381540318219,68.80184921790402
2078,total,fixed,47.62717603003024,37.69578969808434,70.75427034826986
2079,total,fixed,49.26002198208743,38.42666840492908,72.70315901370923
2080,total,fixed,50.798775823350866,39.15786006962684,74.69174133101792
2081,total,fixed,52.40012136367319,39.867510728007005,76.65762180208121
2082,total,fixed,54.00481998300768,40.58326022961879,78.5714198165623
2083,total,fixed,55.58764395612239,41.29007288479121,80.51503349106291
2084,total,fixed,57.1372314297432,42.012911918533646,82.47743836883495
2085,total,fixed,58.69296210152784,42.69458626985228,84.34868855274975
2086,total,fixed,60.22557724153535,43.32963762283535,86.14288650209221
2087,total,fixed,61.7882503318271,43.98700306044056,88.08687966540117
2088,total,fixed,63.31410386613993,44.60205263333332,89.95717491212245
2089,total,fixed,64.81132983147432,45.207663406553856,91.81606516302885
2090,total,fixed,66.31282907169683,45.82642262274091,93.77413697062629
2091,total,fixed,67.71730792659574,46.405214236860495,95.66898374453909
2092,total,fixed,69.11433795424485,46.94379010809548,97.41505448278382
2093,total,fixed,70.55253091053194,47.510349254171764,99.32377540482554
2094,total,fixed,71.93704745849534,48.031608104764345,101.18206781508113
2095,total,fixed,73.30014728720009,48.589574660228664,103.0807624805253
2096,total,fixed,74.76207166978217,49.13474102902126,105.09079760025169
2097,total,fixed,76.107308295601,49.6632235627062,106.87015884669351
2098,total,fixed,77.41396065427048,50.17949701817214,108.72668376773656
2099,total,fixed,78.8097395208766,50.68940810169479,110.60734970064513
2100,total,fixed,80.15821377199319,51.1536050497009,112.47971763516256
2101,total,fixed,81.52789405334472,51.633130229497105,114.20752749124736
2102,total,fixed,82.8274349542339,52.109934613476355,115.9781160533298
2103,total,fixed,84.04779256021482,52.57078179731919,117.79547593852168
2104,total,fixed,85.28465178162494,53.0092558213794,119.4942855192671
2105,total,fixed,86.44373843891043,53.44747271777637,121.21946855884399
2106,total,fixed,87.62733859157433,53.885040208972676,122.96929617453172
2107,total,fixed,88.78302920469815,54.318174581876136,124.8128946437888
2108,total,fixed,89.90378687941232,54.712401529607966,126.56484000575418
2109,total,fixed,91.01189034515804,55.14366336265524,128.4107665713825
2110,total,fixed,92.03868288171677,55.546271335917915,130.0544690095006
2111,total,fixed,93.0860668135571,55.95843919307545,131.8954266060486
2112,total,fixed,94.05893798459488,56.330443048698385,133.77623810283046
2113,total,fixed,95.08298140668614,56.692672733486184,135.5110301950064
2114,total,fixed,96.02730953372006,57.10151597482372,137.25569222328608
2115,total,fixed,96.93121891311849,57.50510863011596,139.01260868185753
2116,total,fixed,97.83272152798213,57.89470417449823,140.71536895522618
2117,total,fixed,98.76951618597388,58.248421073307725,142.47382619240787
2118,total,fixed,99.61974700946853,58.571063483799115,144.16281712085407
2119,total,fixed,100.33533687636555,58.88344279511244,145.7706696717755
2120,total,fixed,101.1151607597737,59.21029239097433,147.40493257040674
2121,total,fixed,101.92786233951463,59.53967580939359,149.09960294676105
2122,total,fixed,102.66871785997188,59.89242976612124,150.73642263145047
2123,total,fixed,103.23612078097258,60.176664132662125,152.2989050776518
2124,total,fixed,103.92364792287805,60.46593147090395,153.84421304357636
2125,total,fixed,104.58077590307056,60.733666778904514,155.37718186276348
2126,total,fixed,105.29991415728293,61.07986096827729,156.95294025220105
2127,total,fixed,106.09746911058558,61.41562317326066,158.5289218992938
2128,total,fixed,106.71325635136535,61.6977129330392,160.14122558115292
2129,total,fixed,107.35090912717948,61.99862532148208,161.74095433767573
2130,total,fixed,107.98061575193296,62.29431336747981,163.28863636582048
2131,total,fixed,108.55356830615457,62.57854810421143,164.8605661429763
2132,total,fixed,109.04014545364379,62.81736082750913,166.29174800545485
2133,total,fixed,109.57770763281152,63.060219123280234,167.78503490400018
2134,total,fixed,110.0505866119415,63.30369197099591,169.1821320846309
2135,total,fixed,110.48036107421046,63.57701209639006,170.7591649539586
2136,total,fixed,110.90591365049002,63.83309813348045,172.27542457060656
2137,total,fixed,111.29949760654635,64.03880291595358,173.79903510371045
2138,total,fixed,111.61729249461293,64.27524074993885,175.2076485811374
2139,total,fixed,112.00205251235721,64.52457559326886,176.72801351999445
2140,total,fixed,112.42556871001051,64.74541429928392,177.98752244021108
2141,total,fixed,112.69787385924852,64.93251048147131,179.34486183435226
2142,total,fixed,113.03397604726216,65.15402625046154,180.54409486739792
2143,total,fixed,113.42420643280425,65.36353086904586,182.00917411757524
2144,total,fixed,113.72698489117352,65.57013224215608,183.27137612543817
2145,total,fixed,113.9959205982239,65.77134505084477,184.65022615225033
2146,total,fixed,114.30985707138586,65.95465191808037,185.93286811856862
2147,total,fixed,114.59007241797373,66.17731171867068,186.92313187009609
2148,total,fixed,114.81018257771623,66.36407019570643,188.13088445960537
2149,total,fixed,115.06807894310626,66.5787966993314,189.28850576479724
2150,total,fixed,115.26596479109281,66.76013572784078,190.37079005883868
2151,total,fixed,115.4688530761032,66.94293739068945,191.2856110207945
2152,total,fixed,115.69109863992784,67.12963200384786,192.5247456719311
2153,total,fixed,115.97486049195726,67.3163177196464,193.45535750609275
2154,total,fixed,116.21694472092406,67.50768307056929,194.52095243473883
2155,total,fixed,116.41572822946426,67.702488804442,195.6032276348131
2156,total,fixed,116.65825665893605,67.88123035438763,196.37696925002479
2157,total,fixed,116.88382288391959,68.06093091461264,197.22535224664182
2158,total,fixed,117.07298603636937,68.2371356783681,198.1587849036745
2159,total,fixed,117.29561948489922,68.43603662227284,199.18992935929234
2160,total,fixed,117.48846274546142,68.58278105631058,199.9937831761623
2161,total,fixed,117.66027934845388,68.70024408394681,200.729588077931
2162,total,fixed,117.85274962584575,68.88337828513788,201.95459463025688
2163,total,fixed,118.03574035181282,69.07421138841823,202.59790550001065
2164,total,fixed,118.1586800180423,69.19482083587975,203.68371426316213
2165,total,fixed,118.2782710797268,69.3002437185024,204.448542827783
2166,total,fixed,118.43114478530121,69.4277519755465,205.22435916510636
2167,total,fixed,118.58180788452583,69.53007525622053,206.182243308578
2168,total,fixed,118.692539800985,69.64694513043123,206.90460138152253
2169,total,fixed,118.83223954792587,69.78285830654853,207.54582466315955
2170,total,fixed,118.95838964071527,69.90309334006639,208.1305407387841
2171,total,fixed,119.09631996747999,70.04180386871656,208.83427235468534
2172,total,fixed,119.21604997901363,70.15882127564659,209.52436698817226
2173,total,fixed,119.34339529242538,70.28803418172669,210.51433986318548
2174,total,fixed,119.47485981129347,70.41388243730276,211.27040438475615
2175,total,fixed,119.60913705576617,70.53998114234327,211.9420488409214
2176,total,fixed,119.73959134503431,70.67391274037733,212.69547972247213
2177,total,fixed,119.81819808523653,70.76614403136857,213.6933102734748
2178,total,fixed,119.89188832578384,70.85625675901977,214.4080083499404
2179,total,fixed,119.99526049480497,70.96983581930182,215.2202759326523
2180,total,fixed,120.09268324245096,71.07221431668984,215.6591572747083
2181,total,fixed,120.18962418953171,71.17388945304401,216.31481649893797
2182,total,fixed,120.27462056567913,71.2679869289106,216.72092947145222
2183,total,fixed,120.36393432731045,71.35828606182092,217.3237155075442
2184,total,fixed,120.44986730345282,71.44137408872444,217.6682467764661
2185,total,fixed,120.5515736620817,71.5352911202761,218.02411929064658
2186,total,fixed,120.58739572729186,71.57238450259827,218.39696128118595
2187,total,fixed,120.63516809221207,71.60467480929444,218.75586286766588
2188,total,fixed,120.71417204714392,71.68286124330206,219.0074959215498
2189,total,fixed,120.7743792807487,71.7655228507196,219.31948361215785
2190,total,fixed,120.85989419588387,71.87657311918981,219.61632584192702
2191,total,fixed,120.940679344899,71.95824670685023,219.80757357735013
2192,total,fixed,120.97609777964311,72.01362452912717,219.9907547401778
2193,total,fixed,121.04950500874271,72.10844817684212,220.12686658074279
2194,total,fixed,121.1305739247733,72.20381079167804,220.20097527026914
2195,total,fixed,121.17553468487287,72.26807222328351,220.298054566643
2196,total,fixed,121.17974265518649,72.2908916884263,220.5441328786431
2197,total,fixed,121.24794025164641,72.35846625730119,220.77284701445186
2198,total,fixed,121.28701028679527,72.39866978896043,220.7911993900874
2199,total,fixed,121.32943289705209,72.43588651525887,220.8064711423006
2200,total,fixed,121.38008962978421,72.47901378926254,220.8905743938368
2201,total,fixed,121.41521101626499,72.51718171764881,220.84118276694124
2202,total,fixed,121.46684988646801,72.57536965556956,220.98226896424467
2203,total,fixed,121.52873606879905,72.63741079757662,221.1616336345861
2204,total,fixed,121.58747931288681,72.69085150511941,221.192741739035
2205,total,fixed,121.6390496405117,72.76511049135533,221.38242182729067
2206,total,fixed,121.68618851237493,72.82670878586063,221.41285094178843
2207,total,fixed,121.72413931862485,72.87781664363602,221.54269955535887
2208,total,fixed,121.73356178437585,72.89937639921008,221.54550643071698
2209,total,fixed,121.79133272622974,72.96422961038394,221.57872683847413
2210,total,fixed,121.79274586360415,72.980979413596,221.55635845224538
2211,total,fixed,121.77181813407726,72.98460399721269,221.53445711336244
2212,total,fixed,121.80984520501204,73.03172329274294,221.55251769216136
2213,total,fixed,121.82818824371697,73.05520455416158,221.54351147897253
2214,total,fixed,121.87067462046167,73.10209538035741,221.54439663095843
2215,total,fixed,121.9294325557401,73.15254924501296,221.5615055476611
2216,total,fixed,121.97896081673278,73.20295601155819,221.56808757423636
2217,total,fixed,122.02384299192965,73.25653520225202,221.5695390021885
2218,total,fixed,122.01955011854884,73.25007371503935,221.52381649124374
2219,total,fixed,122.04138953977144,73.27233769355973,221.50764575251637
2220,total,fixed,122.04421460384937,73.27021782812555,221.47750663945422
2221,total,fixed,122.07247729318684,73.31236110546062,221.4807615027501
2222,total,fixed,122.0774873917421,73.32038023030441,221.44658120176223
2223,total,fixed,122.07591096128054,73.33061679640012,221.42091746325045
2224,total,fixed,122.07363769774824,73.33464944189555,221.39580350191315
2225,total,fixed,122.08961125873475,73.36260303920618,221.39407414496475
2226,total,fixed,122.06778186770777,73.37954088575503,221.36158688809599
2227,total,fixed,122.08859770450712,73.42677013693877,221.36805996872397
2228,total,fixed,122.06363602957677,73.42167781984269,221.32652128197512
2229,total,fixed,122.06130169484278,73.42668527233576,221.2969447114345
2230,total,fixed,122.03688797128656,73.42274998773141,221.24396066786758
2231,total,fixed,122.0419433726367,73.45075615105321,221.22042762810284
2232,total,fixed,122.05390620754196,73.47517838891035,221.20349960142858
2233,total,fixed,122.06099457094109,73.49208624718251,221.1769821740159
2234,total,fixed,122.06129516521955,73.49937619289832,221.14199297592717
2235,total,fixed,122.07991077705793,73.51512614778704,221.11914565241278
2236,total,fixed,122.12354394558827,73.56593231930704,221.12937325106043
2237,total,fixed,122.11107588883075,73.56895868032385,221.09335231038028
2238,total,fixed,122.14149635594427,73.608568308217,221.08965787218412
2239,total,fixed,122.13776260102787,73.61863786653517,221.05834894091504
2240,total,fixed,122.12351713164264,73.61557095148248,221.02656960165342
2241,total,fixed,122.12456513814647,73.63642374774847,221.0286300830511
2242,total,fixed,122.14630720398584,73.6632667663637,221.03855652590184
2243,total,fixed,122.13536724643278,73.6626627970959,220.99977302422982
2244,total,fixed,122.14071370584239,73.6790226262518,220.977853454248
2245,total,fixed,122.1150951898714,73.67005112010474,220.92732557837357
2246,total,fixed,122.07417588860437,73.64593696659807,220.86143318560914
2247,total,fixed,122.11656443156679,73.70036133214963,220.88126783921345
2248,total,fixed,122.11170814590935,73.70817891561447,220.85087275714145
2249,total,fixed,122.12089958956486,73.72965326562213,220.82409614074047
2250,total,fixed,122.11668960337397,73.7397860907525,220.79515580191784
2251,total,fixed,122.12436942825724,73.76351756412537,220.78318478959557
2252,total,fixed,122.11428757540716,73.76140843013809,220.75731707197605
2253,total,fixed,122.1171507878156,73.78087302549872,220.74319993805986
2254,total,fixed,122.14629150439657,73.83001252369161,220.71247289529654
2255,total,fixed,122.17176731983427,73.86071184915379,220.70470208190432
2256,total,fixed,122.1773888802833,73.88274142457918,220.68408765832228
2257,total,fixed,122.16294710195758,73.8795196613675,220.63175898272272
2258,total,fixed,122.19162611835031,73.91490323799925,220.63385442255293
2259,total,fixed,122.16723428517453,73.90298705585691,220.5807442411978
2260,total,fixed,122.19435044305597,73.93065348353952,220.5751986493548
2261,total,fixed,122.210346826809,73.95746277685602,220.55469385062736
2262,total,fixed,122.2092603297215,73.97309004926117,220.5261022844226
2263,total,fixed,122.2357090632309,74.00846759911062,220.5252130792436
2264,total,fixed,122.22886855809446,74.01258735422806,220.49105926819786
2265,total,fixed,122.19706771056738,73.99691302308509,220.43966934163998
2266,total,fixed,122.21243914214085,74.03281160555011,220.4385854102464
2267,total,fixed,122.20370616324394,74.05393648145954,220.41475973201293
2268,total,fixed,122.163797810076,74.03864005605332,220.3601982574974
2269,total,fixed,122.13582198587275,74.03530559021078,220.3176264968702
2270,total,fixed,122.12673998313221,74.05050902652955,220.29358241682158
2271,total,fixed,122.06131428504577,74.00642575811352,220.21011680631594
2272,total,fixed,122.05327634449952,74.01989709316769,220.16590067746773
2273,total,fixed,122.02336648172138,74.01137376573507,220.09945860098188
2274,total,fixed,122.0215545575944,74.02425444186167,220.05459118407546
2275,total,fixed,122.04336998004538,74.05749840504225,220.04160137118103
2276,total,fixed,122.02961959849068,74.05767141944332,219.9975953289451
2277,total,fixed,122.00670811835133,74.05356393517637,219.94733348885669
2278,total,fixed,122.0138238926348,74.08219941550412,219.92197420676598
2279,total,fixed,122.01118941309181,74.08908397835253,219.85060187945143
2280,total,fixed,122.02172617828307,74.11766878655803,219.79956816062398
2281,total,fixed,122.02483148407774,74.1330907749682,219.75557000478867
2282,total,fixed,122.02889471168675,74.14592961915247,219.71079068202033
2283,total,fixed,122.0270923718052,74.15252810858469,219.6598883472775
2284,total,fixed,122.07529486702848,74.20071150162303,219.65795859388166
2285,total,fixed,122.08724299834037,74.21266557797155,219.61371615869012
2286,total,fixed,122.05727216790902,74.20113024212591,219.56432947058468
2287,total,fixed,122.0548254796881,74.21842112841402,219.55147945466516
2288,total,fixed,122.04532725250166,74.22765637469297,219.53059092552053
2289,total,fixed,122.02310603375471,74.2197992358279,219.49611443811798
2290,total,fixed,122.02875754112479,74.23435571036151,219.46316922589597
2291,total,fixed,122.04217472203574,74.2625926431869,219.43411563523722
2292,total,fixed,122.04390091919103,74.27987835483903,219.3890296850814
2293,total,fixed,122.0535429466727,74.3004079908488,219.35240079388709
2294,total,fixed,122.08083082495905,74.33743523880075,219.34787557770588
2295,total,fixed,122.07449801646614,74.34647955655919,219.32187123221271
2296,total,fixed,122.10975183753554,74.39124616321428,219.33011866296934
2297,total,fixed,122.17015727924944,74.46323805672652,219.3580720276193
2298,total,fixed,122.17523921768762,74.4808035993882,219.35105200822343
2299,total,fixed,122.15655302513346,74.48134460437862,219.32365456839594
2300,total,fixed,122.17689005262386,74.50686642281023,219.32132735044146
1990,total,joint,-2.830976528881868,-3.0856303902062274,-2.6048619389440564
1991,total,joint,-2.6868444501430195,-2.9260459236449523,-2.4735019302954107
1992,total,joint,-2.6348766282812743,-2.8620908348491763,-2.4277575437134495
1993,total,joint,-2.7964681625221077,-3.025641437860745,-2.58223913263162
1994,total,joint,-2.750415935724214,-2.9684691993739807,-2.5442465748074956
1995,total,joint,-2.58920635762893,-2.7923995987827595,-2.3963911393395025
1996,total,joint,-2.3872654632402464,-2.5722752797120507,-2.210536304643828
1997,total,joint,-2.148034906929098,-2.3142377464800554,-1.9885351403182834
1998,total,joint,-1.934011642366361,-2.083674747650136,-1.790791421423561
1999,total,joint,-1.6664710399734366,-1.7885696412761458,-1.5480788109537302
2000,total,joint,-1.4255612693901396,-1.529302146698542,-1.3266454733091315
2001,total,joint,-1.1384438334362823,-1.2229302310222276,-1.0587281176255974
2002,total,joint,-0.8354298177332247,-0.8975287009264532,-0.7765945860350905
2003,total,joint,-0.5470967465306824,-0.5894591829540302,-0.5077906155171142
2004,total,joint,-0.1927566647256258,-0.21625482863388568,-0.17465400278604076
2005,total,joint,0.09509494462046852,0.0726238774974246,0.11240668593945805
2006,total,joint,0.4222984361999158,0.3868984735261934,0.45698742274399023
2007,total,joint,0.7127740634013877,0.6560972545172628,0.7718703484009637
2008,total,joint,0.9992096666354744,0.9232157937606341,1.0791252765741044
2009,total,joint,1.2483415385639578,1.1550947642507563,1.3466224867618177
2010,total,joint,1.5306195856346783,1.4168029654723233,1.6507354950763733
2011,total,joint,2.015559950640122,1.874196621261242,2.1649173577266527
2012,total,joint,2.2922452821778396,2.1298526186447173,2.4637271051403085
2013,total,joint,2.6129833421878947,2.4320146869237065,2.8055128150496222
2014,total,joint,2.931242892545126,2.7292238248353424,3.1454669179841037
2015,total,joint,3.2827776106695463,2.853406502266491,3.715894857664356
2016,total,joint,3.5601505337322505,3.0803664464949856,4.041657438841969
2017,total,joint,4.011268520997426,3.480231412836109,4.549820476864251
2018,total,joint,4.3560791409601185,3.7752445686476745,4.951211245091467
2019,total,joint,4.714344357289936,4.080977206570919,5.361134284125819
2020,total,joint,5.110411761409832,4.422711487730496,5.815259419444362
2021,total,joint,5.494786633195793,4.756419343265571,6.250020528931453
2022,total,joint,5.93246864158282,5.143411740664159,6.7482545318930445
2023,total,joint,6.285198386817296,5.439298288632964,7.160407683801371
2024,total,joint,6.694192579149552,5.783435477729309,7.639820619583739
2025,total,joint,7.106498065310278,6.132286883169849,8.131084112261163
2026,total,joint,7.564374578296382,6.535611653461175,8.6602302684872
2027,total,joint,8.007069432031837,6.915813505165259,9.18091994798997
2028,total,joint,8.455143739706127,7.296350823859203,9.706795433781105
2029,total,joint,8.879005666589567,7.649822979502604,10.215191530634577
2030,total,joint,9.337262360347413,8.040627325286673,10.759923071486288
2031,total,joint,9.782270476976299,8.419065656453238,11.293701074055775
2032,total,joint,10.239144175834882,8.805589418573879,11.837347777889102
2033,total,joint,10.677325126121335,9.18473130414507,12.372869462234052
2034,total,joint,11.147466472991944,9.577651395770557,12.954460892689115
2035,total,joint,11.608378147390741,9.962853752718,13.531167498419151
2036,total,joint,12.104742806231878,10.374395270379667,14.150928856062936
2037,total,joint,12.584402161358494,10.783848156041167,14.768535186646725
2038,total,joint,13.077173450203253,11.196405489111875,15.41276628239992
2039,total,joint,13.600238061591792,11.64587020699253,16.082118985288293
2040,total,joint,14.116103304113576,12.067306702895506,16.769123817228387
2041,total,joint,14.640193123723199,12.499127775650653,17.472901898778552
2042,total,joint,15.199447287699144,12.955857927201201,18.231471876456087
2043,total,joint,15.746086834041417,13.401648592430881,18.986930056450372
2044,total,joint,16.242107981073033,13.799133323366425,19.77296389517173
2045,total,joint,16.745924441072887,14.190065955718202,20.57993388985738
2046,total,joint,17.27168190425139,14.608016176721623,21.484569542959758
2047,total,joint,17.84266576611349,15.069841856099757,22.461905876187053
2048,total,joint,18.44735095455767,15.535020853811616,23.650571058852023
2049,total,joint,19.0254647700648,15.990407437139332,24.85977331370489
2050,total,joint,19.635459795239612,16.4637597657088,26.412603376255966
2051,total,joint,20.302672318389426,16.985725262213037,28.121301045102747
2052,total,joint,20.96584866192756,17.50938110432667,29.81121651887294
2053,total,joint,21.594772140413205,17.992367201714327,31.415896215380766
2054,total,joint,22.232981193890474,18.469555740961574,33.156851942886355
2055,total,joint,22.943430898458203,19.01524053604445,34.9614295699542
2056,total,joint,23.618032919311343,19.517360742655587,36.763803279100344
2057,total,joint,24.311675819942415,20.020940902598902,38.64379980505143
2058,total,joint,25.031004615766136,20.53007508347067,40.50029035493215
2059,total,joint,25.743966395440452,21.06291973236923,42.46609054912067
2060,total,joint,26.56206140699867,21.598977580797463,44.37291006767881
2061,total,joint,27.38273405955951,22.158843238658992,46.28284033532101
2062,total,joint,28.178847591123635,22.669467694146334,48.2536877516623
2063,total,joint,29.018819534788925,23.226162439835946,50.203397108702895
2064,total,joint,29.864803224160305,23.77181108509823,52.180176222272046
2065,total,joint,30.72903416206197,24.30423533834869,54.229415736991534
2066,total,joint,31.632917557781695,24.86863486389901,56.22838880185402
2067,total,joint,32.55449780498488,25.414371600022196,58.279501076648636
2068,total,joint,33.51154431700289,25.995696757596317,60.342884268891126
2069,total,joint,34.50310478948884,26.560665463220406,62.41788224614358
2070,total,joint,35.64342557086741,27.136035778974943,64.56824666756492
2071,total,joint,36.79422382897926,27.690387275133176,66.62265637752361
2072,total,joint,38.01420018001527,28.268342669131876,68.70946375110998
2073,total,joint,39.214121997217745,28.778196398016284,70.8951176709521
2074,total,joint,40.55464405071423,29.370062924685282,72.84757324911546
2075,total,joint,41.88706388812194,29.966989230075352,75.02603806456855
2076,total,joint,43.36278056926727,30.565682934376596,77.28135668989918
2077,total,joint,44.803001225136086,31.109744839892986,79.30689674374187
2078,total,joint,46.33871242037463,31.663470659874747,81.50828697461586
2079,total,joint,47.90139570152354,32.19724145475285,83.71866333064992
2080,total,joint,49.395064168407345,32.71639767930481,85.90979315679807
2081,total,joint,50.89227454431874,33.235495392490655,87.96738156740982
2082,total,joint,52.459325348828955,33.773748488821184,90.09170025110018
2083,total,joint,53.99964823601843,34.298011486470514,92.31318699748577
2084,total,joint,55.53664751785287,34.813933492415835,94.44811825187246
2085,total,joint,57.04059384549491,35.33314894069065,96.63059136031997
2086,total,joint,58.51084331147031,35.81925396399226,98.77785077927531
2087,total,joint,60.02181199659324,36.30977916440489,100.87736382358138
2088,total,joint,61.444580657958866,36.77453175594901,102.90753735078007
2089,total,joint,62.845366439586925,37.237843445595836,104.9404303619562
2090,total,joint,64.25519584175157,37.709476860718375,106.91612624157746
2091,total,joint,65.63021211375136,38.12840860398365,109.04940054582818
2092,total,joint,66.94956706599385,38.515521796518506,111.09429791520093
2093,total,joint,68.34574950518395,38.90978431876459,113.14305696743774
2094,total,joint,69.69037387317579,39.260120149157295,115.14431643392771
2095,total,joint,70.98431993704841,39.66008037920749,117.22885391849029
2096,total,joint,72.31779117389829,40.05217537025023,119.21574204896389
2097,total,joint,73.61945854606876,40.41566756347232,121.12417943632545
2098,total,joint,74.91802359825121,40.78157047873559,123.12136186599321
2099,total,joint,76.23934525142113,41.16665325770677,125.08738657216101
2100,total,joint,77.33283976762971,41.47988717054061,127.07283457471458
2101,total,joint,78.55329462910188,41.84957796692306,128.9652459781514
2102,total,joint,79.69383642013062,42.20513168960116,130.80221395566159
2103,total,joint,80.7111707386509,42.546970657415365,132.6488298636893
2104,total,joint,81.69994442700539,42.84801799509135,134.57150524085313
2105,total,joint,82.6387711964677,43.135223048467005,136.50799785169733
2106,total,joint,83.62849346442815,43.42616137428527,138.2572054288645
2107,total,joint,84.67705159727646,43.730801051855344,140.16259101793167
2108,total,joint,85.6949860662458,44.03682444242362,141.98740602641323
2109,total,joint,86.5592799008572,44.37518938718238,143.8428413812205
2110,total,joint,87.44799620615787,44.65228083548868,145.7651792691544
2111,total,joint,88.39576805409862,44.95637571794723,147.64980943088688
2112,total,joint,89.26850393800244,45.22600989252072,149.47088228993005
2113,total,joint,90.02213767295567,45.489173866073486,151.31195017456164
2114,total,joint,90.85463642164154,45.80606139317558,153.05199348158223
2115,total,joint,91.62935750802754,46.10067718212332,154.8719698917057
2116,total,joint,92.53041361232265,46.377642617384545,156.56175479662517
2117,total,joint,93.3122320493623,46.62545944874726,158.32508653107107
2118,total,joint,93.94600472970895,46.83439275059993,160.05785771779105
2119,total,joint,94.6479185377546,47.03685687022465,161.75007808708378
2120,total,joint,95.29841094734081,47.23044659427002,163.5410505629318
2121,total,joint,95.94312030454992,47.45876898505261,165.21769256162736
2122,total,joint,96.48971779345663,47.715011115095365,166.95712633215626
2123,total,joint,97.07199108609615,47.90540380750696,168.58210396346408
2124,total,joint,97.6112654564779,48.086986826095234,170.22557146712012
2125,total,joint,98.20221256399986,48.27015209014358,171.98940528129165
2126,total,joint,98.77088958741848,48.51348218661503,173.62393174013894
2127,total,joint,99.2093550674636,48.768030093476234,175.4150168491871
2128,total,joint,99.55392101114958,48.96730990652916,177.0346068937246
2129,total,joint,100.01879401741141,49.194658472922875,178.70246354485894
2130,total,joint,100.43298108436962,49.39727112063163,180.49150973492598
2131,total,joint,100.88159939508898,49.59179560414872,182.1962725160075
2132,total,joint,101.2085171510187,49.76227981058685,183.82933736662486
2133,total,joint,101.52954714163644,49.923955167943326,185.24077541564347
2134,total,joint,101.92677830734905,50.07645759561584,186.9064441548475
2135,total,joint,102.32120240949553,50.267354848639684,188.44804732717515
2136,total,joint,102.62406663895402,50.445428787284975,190.05618619980467
2137,total,joint,102.78356072035871,50.56566526523105,191.56286886407975
2138,total,joint,103.05363835712471,50.73287366458291,193.11296178992657
2139,total,joint,103.31938697227896,50.917485061152746,194.62446342269075
2140,total,joint,103.58884840412699,51.055447740475316,196.08438356957566
2141,total,joint,103.86232712812273,51.17583295551232,197.67480027969668
2142,total,joint,104.18633092099103,51.33657330360099,199.14573945740278
2143,total,joint,104.47114755922087,51.49607766354182,200.80943031773523
2144,total,joint,104.75770470344409,51.62567450539782,202.447423620591
2145,total,joint,105.01682164686255,51.75962900577011,204.07950526182637
2146,total,joint,105.26804170060083,51.88412319844345,205.45239052900703
2147,total,joint,105.51748033057854,52.02605234496417,206.73406971871435
2148,total,joint,105.72270238109297,52.136302217935196,208.3475875120607
2149,total,joint,105.94621475604899,52.284162288646165,209.56446940782487
2150,total,joint,106.12057862033973,52.40580578901471,210.99768475740137
2151,total,joint,106.31750494999676,52.5391233676574,212.50479263810695
2152,total,joint,106.5284315786304,52.66676317421273,213.89655768424043
2153,total,joint,106.73255152275289,52.81208913588068,215.2887390971472
2154,total,joint,106.9191144002142,52.94222858810414,216.63281117450396
2155,total,joint,107.09282082092324,53.07384718199536,217.94488155243994
2156,total,joint,107.26583210191191,53.191186729702544,219.2466011290541
2157,total,joint,107.49089383647859,53.33086952427751,220.30199762049244
2158,total,joint,107.65277200577529,53.457725017795454,221.64318800633706
2159,total,joint,107.83550589856685,53.60352169409151,222.94572334794785
2160,total,joint,108.06201689566467,53.700855104108115,224.2077439858202
2161,total,joint,108.21330077273447,53.765061086149394,225.52024598136745
2162,total,joint,108.40906487060636,53.88214884725725,226.84576033077425
2163,total,joint,108.61631220885516,54.010454025711475,228.14570212920466
2164,total,joint,108.76924310120563,54.06887898990519,229.4288084107554
2165,total,joint,108.88203284028444,54.13899605839277,230.82772465680867
2166,total,joint,109.00908084235579,54.23309064815831,232.069645786888
2167,total,joint,109.16133438954665,54.28912672507489,233.23973932175866
2168,total,joint,109.27992893343873,54.358387743297236,234.5874335801684
2169,total,joint,109.43344578100816,54.480726294116,235.36726828075737
2170,total,joint,109.56094574941883,54.57378645624865,236.39740549791554
2171,total,joint,109.67298584979102,54.66082271043057,237.76872330774654
2172,total,joint,109.75725160194813,54.70310290281227,239.06151820828293
2173,total,joint,109.87649384568782,54.77621902669154,240.0519171751646
2174,total,joint,110.02557419230303,54.85727465083564,241.18380256338807
2175,total,joint,110.13184790101491,54.89754626920758,242.48542373444695
2176,total,joint,110.23604896480208,55.004355252348844,243.41131190501764
2177,total,joint,110.26292186686089,55.02789682442474,244.29749454366262
2178,total,joint,110.29604146051463,55.062104339407504,245.52688951127033
2179,total,joint,110.39354988591532,55.11627636772625,246.67096969275184
2180,total,joint,110.48747966857177,55.162565111441396,248.0295332958508
2181,total,joint,110.5803753507848,55.23284442086797,249.31058157597903
2182,total,joint,110.63149281401516,55.27235815750621,249.77253899317932
2183,total,joint,110.70149202009213,55.30680840351676,250.7975767439658
2184,total,joint,110.79800758547856,55.3592314183055,251.90606706071554
2185,total,joint,110.893368160367,55.413884598590904,253.09033577249846
2186,total,joint,110.94763929221446,55.4148986409884,254.13305610186714
2187,total,joint,110.98263675291855,55.40999792273792,255.05806538225016
2188,total,joint,111.03448919251143,55.470798023235815,256.23303165838155
2189,total,joint,111.09099590403972,55.513999610758205,257.1439455016776
2190,total,joint,111.18481153126777,55.58170369514529,257.63708383248195
2191,total,joint,111.29375113499898,55.63731493377808,258.8332051678501
2192,total,joint,111.34037926258856,55.670033353290776,259.7152314720679
2193,total,joint,111.39820324893448,55.75274299124476,260.7125573040186
2194,total,joint,111.43620606808244,55.838929560657704,261.5859408169139
2195,total,joint,111.44118378678357,55.873544253580775,262.2832457743878
2196,total,joint,111.44599076651869,55.868472640639666,263.43528732240594
2197,total,joint,111.50693314929286,55.92232619526147,264.26687263003896
2198,total,joint,111.5282868918826,55.94834897244375,265.1847905800308
2199,total,joint,111.52815761096244,55.97356610329024,265.9214005174747
2200,total,joint,111.58100376548947,56.00161168661235,266.616265063586
2201,total,joint,111.56777960102714,56.01611054354358,267.40352475010695
2202,total,joint,111.58879049449527,56.05932860204154,268.21254121156267
2203,total,joint,111.64171788610781,56.12137701144878,269.01218583872156
2204,total,joint,111.6780152857155,56.16766409424677,269.6226548000381
2205,total,joint,111.7311201933672,56.21143953754237,270.6235830388265
2206,total,joint,111.7767773380634,56.236520337013275,271.25458023004524
2207,total,joint,111.80191961898866,56.24446340588414,271.95200059251215
2208,total,joint,111.79598344484774,56.233879942080314,273.0245059105804
2209,total,joint,111.88834918510253,56.30098941515118,274.0173133713225
2210,total,joint,111.89893641863074,56.29444356406913,274.5252126515302
2211,total,joint,111.8929356926813,56.24657603112871,274.9417979729957
2212,total,joint,111.92967852029187,56.27315130513991,275.7326413653994
2213,total,joint,111.95218726267413,56.2773077151892,276.324505455168
2214,total,joint,111.98951659692814,56.27191428753115,276.810235324952
2215,total,joint,112.03425478092342,56.283098887317024,277.49045840037303
2216,total,joint,112.06163096452036,56.32016765139253,278.1437640536668
2217,total,joint,112.1207547069695,56.367716538836305,278.5965395113527
2218,total,joint,112.14270948597273,56.34656872729569,279.60328902989625
2219,total,joint,112.17116645257897,56.3640560646859,280.02690027584566
2220,total,joint,112.19793903933802,56.34142352615216,281.07273249379494
2221,total,joint,112.24880206852801,56.357221759494884,281.73211901887186
2222,total,joint,112.22280007033984,56.304933064788266,282.0010285132599
2223,total,joint,112.22833529734484,56.27704105173515,282.6985276813023
2224,total,joint,112.219419466157,56.26424084785724,283.29940003899964
2225,total,joint,112.2285972149534,56.26172679217867,283.65404806678595
2226,total,joint,112.2070602017645,56.2403107131686,283.9727238685599
2227,total,joint,112.22784329775641,56.26360973436297,284.4526882540507
2228,total,joint,112.20645482498142,56.234946456174505,284.8100164845889
2229,total,joint,112.20613620551171,56.23272784680859,285.3874042672859
2230,total,joint,112.18294310267379,56.21025430048586,285.8620333284279
2231,total,joint,112.17425536346698,56.19751673882866,286.2457748915716
2232,total,joint,112.17803968568839,56.20752919557617,286.3594342567626
2233,total,joint,112.15637381806661,56.20205059079832,286.9637336784492
2234,total,joint,112.13517513488142,56.19414513463474,287.69483018841925
2235,total,joint,112.14847982638398,56.18558306444012,288.08679083257226
2236,total,joint,112.18608891017821,56.22438618431685,288.98378217124264
2237,total,joint,112.16920861816789,56.21527523893653,289.65111328749435
2238,total,joint,112.20557346369108,56.24456068264006,290.1695682971657
2239,total,joint,112.21360439084799,56.229620394066195,290.78744374441436
2240,total,joint,112.19689215016152,56.199085922999664,291.05616590455344
2241,total,joint,112.17241912383517,56.196253516223386,291.9809598167986
2242,total,joint,112.19236345282427,56.21029133230238,292.7234162505311
2243,total,joint,112.18981139800259,56.216946050707435,293.27554304042746
2244,total,joint,112.22238178857694,56.24738787390482,293.538966090418
2245,total,joint,112.1983162728707,56.20890048208204,293.8147699231576
2246,total,joint,112.14441175013711,56.138224141567484,293.8559134120017
2247,total,joint,112.16572639158345,56.18804845041253,294.44022656542757
2248,total,joint,112.13892411822849,56.174886002197304,295.14395781383877
2249,total,joint,112.12360132686086,56.200418147039365,295.55568730812945
2250,total,joint,112.1235191226576,56.176747059971234,295.6181424844457
2251,total,joint,112.12755031205594,56.19739125027567,296.22883736595344
2252,total,joint,112.11702943865389,56.196678339245445,296.465276112224
2253,total,joint,112.13097942839192,56.19041768363687,296.43775448764114
2254,total,joint,112.18166113544922,56.21108959088178,296.8996494030116
2255,total,joint,112.21559211077813,56.22727075292256,296.9954226983392
2256,total,joint,112.22974905857015,56.22484196191478,297.06068875999
2257,total,joint,112.21820774765672,56.19519756216831,297.1328301712077
2258,total,joint,112.25006099481286,56.21029912877378,297.2160372545023
2259,total,joint,112.22816301207561,56.18794528805291,297.8455590123567
2260,total,joint,112.27783845143264,56.188191111043544,297.95782635790914
2261,total,joint,112.2974494959113,56.207358680621645,298.39569703858655
2262,total,joint,112.30309138604613,56.21523988359308,298.5074025129677
2263,total,joint,112.35139530528055,56.224226090449456,298.85479160964655
2264,total,joint,112.3641205360533,56.185403206844086,298.9658972185426
2265,total,joint,112.34264017904644,56.15718386933798,298.8112854063021
2266,total,joint,112.36186332154634,56.16612190700507,299.36505549500924
2267,total,joint,112.35769675619218,56.15843280545974,299.9561354511572
2268,total,joint,112.3367697497034,56.129599424187525,300.3507872000369
2269,total,joint,112.30833565404927,56.10504635071692,300.2729472200667
2270,total,joint,112.30196137600602,56.112899136285776,300.2141859469205
2271,total,joint,112.2642801196139,56.06253442800945,300.25393402937294
2272,total,joint,112.2751894156193,56.06862546448138,300.1742467885372
2273,total,joint,112.25465657541744,56.050177760875194,300.27893119470474
2274,total,joint,112.25617737080763,56.05334013411564,300.56756197685763
2275,total,joint,112.27474287443275,56.075792027896384,301.0310220223932
2276,total,joint,112.26033079655568,56.06468844770828,300.9548529750769
2277,total,joint,112.2417857912443,56.04796248995155,300.8745388785302
2278,total,joint,112.24791893288503,56.061325523211345,300.8224955051185
2279,total,joint,112.2358303831476,56.05343186405402,300.9916154315681
2280,total,joint,112.25363918867242,56.072836345978494,300.99882302871157
2281,total,joint,112.26360799880923,56.06176270677006,301.16041879285046
2282,total,joint,112.26067818850433,56.07964843751914,301.3109898605863
2283,total,joint,112.26175953385285,56.06724501335512,301.67891125703574
2284,total,joint,112.31333394577402,56.098356273253245,302.08186412011594
2285,total,joint,112.32774008279883,56.07369265580071,302.1133422408936
2286,total,joint,112.308718710296,56.03076933095949,302.1214393823072
2287,total,joint,112.3240794912225,56.012821920965926,302.31493883711505
2288,total,joint,112.3252200082108,55.99707834041071,302.69889150008197
2289,total,joint,112.30787858406926,55.97614613667639,302.8885378488143
2290,total,joint,112.30978765954517,55.97856330619861,303.26080493672157
2291,total,joint,112.3250379390046,55.994935637850844,303.704861709207
2292,total,joint,112.32553618340417,55.99786294087728,303.8680910258719
2293,total,joint,112.34836810930983,56.00163874783949,303.8924896597501
2294,total,joint,112.38490209236815,56.02144432234727,304.2978919812001
2295,total,joint,112.39111485861181,55.994412471269705,304.26720732738704
2296,total,joint,112.4330341770362,56.00879105545037,304.40550352181157
2297,total,joint,112.4885614186239,56.04750030877929,305.04933299626043
2298,total,joint,112.51312638243621,56.07962857687556,305.12093176051627
2299,total,joint,112.50226964894702,56.0717534059047,305.1513379885213
2300,total,joint,112.52967715096227,56.077083936400435,305.21307575709346
