year,component,arm,med_cm,p05_cm,p95_cm
1990,glaciers,fixed,-0.6691551278259089,-0.8927464231242327,-0.48669825633177394
1991,glaciers,fixed,-0.6392112804893668,-0.8497764480824345,-0.4653967592947614
1992,glaciers,fixed,-0.6054468921863074,-0.8024328654066825,-0.44096326400227925
1993,glaciers,fixed,-0.5895322998283774,-0.7786951382290096,-0.4282868790239634
1994,glaciers,fixed,-0.5521624552864317,-0.7286786519762312,-0.401493389359302
1995,glaciers,fixed,-0.5186244013270518,-0.6839743702508011,-0.3772886146794687
1996,glaciers,fixed,-0.47421568639134026,-0.6257642607956471,-0.3448989141078367
1997,glaciers,fixed,-0.4371967351281385,-0.575427132871014,-0.31828697115970245
1998,glaciers,fixed,-0.3923794537091978,-0.5157196082541142,-0.28593762238674963
1999,glaciers,fixed,-0.3173659256218371,-0.41661893672528943,-0.23158240675336453
2000,glaciers,fixed,-0.27686960640221825,-0.3642765325991472,-0.20210752632485426
2001,glaciers,fixed,-0.22991347596148426,-0.3026664193755691,-0.16813325369713122
2002,glaciers,fixed,-0.1722165193105505,-0.2262101045252563,-0.12657138516404215
2003,glaciers,fixed,-0.11096211021949642,-0.1451200711678618,-0.08204401860179143
2004,glaciers,fixed,-0.049834572131963295,-0.0660054507366628,-0.036492111473191736
2005,glaciers,fixed,0.000206412583128035,-0.010741177676520454,0.009516197620857758
2006,glaciers,fixed,0.07070900327866925,0.04781695741791552,0.09698730730649388
2007,glaciers,fixed,0.15114071292551712,0.10870104707164314,0.19997769836166487
2008,glaciers,fixed,0.21252887275206267,0.15419654576067326,0.28041270455136763
2009,glaciers,fixed,0.25593713615510594,0.18569181732583456,0.3369091470953682
2010,glaciers,fixed,0.31421844711534597,0.22844696402594666,0.41370506343846253
2011,glaciers,fixed,0.4089100288752392,0.29881374112089487,0.5372805468127331
2012,glaciers,fixed,0.4698194073522548,0.3446246776766684,0.6175018399700235
2013,glaciers,fixed,0.5212594843096268,0.38366660236397027,0.6834784957868039
2014,glaciers,fixed,0.576202548632559,0.4228803581734771,0.7562122826673924
2015,glaciers,fixed,0.6456101445295404,0.47419979172552373,0.8470614088297445
2016,glaciers,fixed,0.7180268462214767,0.5284644937971704,0.9413349466206422
2017,glaciers,fixed,0.8434914182984914,0.6222911713061439,1.102711819657496
2018,glaciers,fixed,0.9220888864776984,0.679102035565126,1.205798831318241
2019,glaciers,fixed,0.9873630048922508,0.7276648538743548,1.289876730865157
2020,glaciers,fixed,1.0798712099627985,0.7964018959085186,1.410932589027818
2021,glaciers,fixed,1.1477321763924007,0.847550975189222,1.4994579194203104
2022,glaciers,fixed,1.2150605325573525,0.8982836162734593,1.5855252794057244
2023,glaciers,fixed,1.2872202253368628,0.9515819255521847,1.6788512245908422
2024,glaciers,fixed,1.3792967663367928,1.0207615872685838,1.7978161745985823
2025,glaciers,fixed,1.4719339065213033,1.0901543620710599,1.9179193093113753
2026,glaciers,fixed,1.5663020724840138,1.1609174973416256,2.0389210767601873
2027,glaciers,fixed,1.6611032560847396,1.2330021066933012,2.162102871640488
2028,glaciers,fixed,1.7568972819807511,1.3059388952698703,2.2866269357573494
2029,glaciers,fixed,1.8535909346674542,1.3782349884586025,2.4101911093919024
2030,glaciers,fixed,1.9502703117675426,1.4516389593034194,2.5341392112276604
2031,glaciers,fixed,2.0473935875318277,1.5248836946297117,2.655470787324141
2032,glaciers,fixed,2.1447471223069696,1.5983714403835958,2.7798375560615307
2033,glaciers,fixed,2.242565092595616,1.6736613866239756,2.9049936057301635
2034,glaciers,fixed,2.3428024051063914,1.7498748461427642,3.03438984241759
2035,glaciers,fixed,2.4448628492524325,1.8267590091119195,3.162293095253984
2036,glaciers,fixed,2.549786163831639,1.906250554008259,3.2946080890817964
2037,glaciers,fixed,2.6572353495379057,1.9886052058973591,3.4315492245427537
2038,glaciers,fixed,2.7677968175882937,2.073298042325035,3.5692136332373745
2039,glaciers,fixed,2.880921359898188,2.160325013271807,3.7133980929153707
2040,glaciers,fixed,2.9968915153951814,2.249089672644695,3.8581653714876496
2041,glaciers,fixed,3.1125092503641922,2.3392185251659825,4.001877579177477
2042,glaciers,fixed,3.228323988860912,2.428829759820544,4.150675661118092
2043,glaciers,fixed,3.346948920701516,2.5231797035068233,4.302583979179479
2044,glaciers,fixed,3.4668249467305436,2.6158207979681825,4.455030587086476
2045,glaciers,fixed,3.588696869288164,2.708142365596458,4.606938651826841
2046,glaciers,fixed,3.7127715589888797,2.8009399451151356,4.760444109465687
2047,glaciers,fixed,3.8392494327605715,2.898950892052388,4.921247747696334
2048,glaciers,fixed,3.968077010585195,2.998358481081726,5.082587060150721
2049,glaciers,fixed,4.099277018257121,3.1015827497661412,5.249729496354474
2050,glaciers,fixed,4.235584305810248,3.2088089065312473,5.416092413969947
2051,glaciers,fixed,4.371685035259146,3.3124635806998,5.589323949436573
2052,glaciers,fixed,4.509029052628717,3.42054380732696,5.765025243868343
2053,glaciers,fixed,4.648825559421487,3.5301543009977,5.939132416640819
2054,glaciers,fixed,4.79034116255527,3.6390567578230977,6.114172957605642
2055,glaciers,fixed,4.9327030430556595,3.752290578204835,6.290010430621773
2056,glaciers,fixed,5.07635952854517,3.8672600252829095,6.46804780231667
2057,glaciers,fixed,5.220927963193606,3.9821646161205315,6.655321549866597
2058,glaciers,fixed,5.369264496950324,4.0979800862469435,6.834417229385981
2059,glaciers,fixed,5.519221497416548,4.214406718310628,7.01503943276494
2060,glaciers,fixed,5.67041345260788,4.335952555825978,7.1976489179455605
2061,glaciers,fixed,5.824252540707043,4.458524516991456,7.387292014176973
2062,glaciers,fixed,5.980026094435337,4.578155087571458,7.578196902598897
2063,glaciers,fixed,6.133875306374849,4.697944695445501,7.758826298560568
2064,glaciers,fixed,6.291029989259515,4.821311385190612,7.942458316238932
2065,glaciers,fixed,6.446309107017271,4.944666683003835,8.133064256497228
2066,glaciers,fixed,6.602869179090133,5.063400993061203,8.324397317677482
2067,glaciers,fixed,6.759762287467913,5.189610279250628,8.522402924520607
2068,glaciers,fixed,6.91827778604277,5.316075430073293,8.717254533777076
2069,glaciers,fixed,7.0763624198640525,5.441887096780416,8.909859460584682
2070,glaciers,fixed,7.23757326148422,5.569728942537213,9.102273734129035
2071,glaciers,fixed,7.399239812197191,5.692397512566112,9.294485499807486
2072,glaciers,fixed,7.562019260659523,5.820115212015627,9.48822004132725
2073,glaciers,fixed,7.724899825171372,5.943810921058875,9.676044841535546
2074,glaciers,fixed,7.887884226577924,6.071422302276833,9.875442653338293
2075,glaciers,fixed,8.04623532896888,6.199060681215342,10.065174345921033
2076,glaciers,fixed,8.204749460061834,6.327084571673441,10.258744840288962
2077,glaciers,fixed,8.363123469313763,6.454189117418515,10.448636639227479
2078,glaciers,fixed,8.520081157245764,6.577069098700112,10.634731878575161
2079,glaciers,fixed,8.676806390068556,6.70137200447892,10.822209859559756
2080,glaciers,fixed,8.8267704350434,6.825583957381362,11.000848491377134
2081,glaciers,fixed,8.97894577564594,6.951489659532811,11.18551396047269
2082,glaciers,fixed,9.1297115560522,7.073102464014131,11.363184851458694
2083,glaciers,fixed,9.272714221168673,7.1960354082248275,11.540922108501267
2084,glaciers,fixed,9.420997261296634,7.316068214584791,11.713818418354817
2085,glaciers,fixed,9.562574397806724,7.431596202979702,11.882731378220026
2086,glaciers,fixed,9.696601933698457,7.545313922943427,12.049807451429556
2087,glaciers,fixed,9.832152212537995,7.657673102310938,12.210962132392156
2088,glaciers,fixed,9.961659844786901,7.76611099033078,12.374694845774375
2089,glaciers,fixed,10.090756800930542,7.868395789911269,12.521923553690161
2090,glaciers,fixed,10.213986272454141,7.974226985755792,12.678528355687394
2091,glaciers,fixed,10.335303959354157,8.075311566422776,12.829669703739128
2092,glaciers,fixed,10.456339633775755,8.175457922605109,12.967841534365935
2093,glaciers,fixed,10.576193821255242,8.271634269334392,13.1005168474815
2094,glaciers,fixed,10.692160635113567,8.365332811531918,13.230044880567686
2095,glaciers,fixed,10.80582432657216,8.457974204419875,13.36160298817782
2096,glaciers,fixed,10.9146581390147,8.548505573837165,13.492672109470172
2097,glaciers,fixed,11.02065651816466,8.63393639183828,13.6224540402533
2098,glaciers,fixed,11.121451222974137,8.71678956887015,13.75041905075278
2099,glaciers,fixed,11.22234540145336,8.798782609796653,13.872810121643287
2100,glaciers,fixed,11.31947323389167,8.879576615396063,13.985263069977321
2101,glaciers,fixed,11.413365278377167,8.956505085744244,14.100402522849421
2102,glaciers,fixed,11.50654307925859,9.03025654996315,14.205267850795979
2103,glaciers,fixed,11.595895576415131,9.107030094569145,14.311202720070494
2104,glaciers,fixed,11.682333911105783,9.180656435706712,14.419505630242655
2105,glaciers,fixed,11.764812331635042,9.249339771928625,14.526691441740276
2106,glaciers,fixed,11.850797621202528,9.31790328031278,14.628813496325241
2107,glaciers,fixed,11.93055067872141,9.387024589024097,14.727078213291016
2108,glaciers,fixed,12.010262114877264,9.46041100711432,14.828942443410993
2109,glaciers,fixed,12.087401898004751,9.52497212611581,14.919152831366302
2110,glaciers,fixed,12.16195556317987,9.582714509701479,15.011767967400223
2111,glaciers,fixed,12.23440303539466,9.640278095121225,15.095712192351433
2112,glaciers,fixed,12.3040712523579,9.700155232485448,15.181684075150816
2113,glaciers,fixed,12.372216153215522,9.763090928794174,15.259012902172868
2114,glaciers,fixed,12.44007058299433,9.815394486276281,15.34779554041241
2115,glaciers,fixed,12.50425750606708,9.871583271446118,15.42622792344879
2116,glaciers,fixed,12.570057142908471,9.925008630963115,15.501866817207116
2117,glaciers,fixed,12.632215411166055,9.97683875151637,15.578725133445493
2118,glaciers,fixed,12.694609838213289,10.025186366793571,15.653087278575864
2119,glaciers,fixed,12.7552790365203,10.078577983156654,15.718164512725384
2120,glaciers,fixed,12.812646630761957,10.130222232870135,15.786997035918546
2121,glaciers,fixed,12.865908583813082,10.176844877628884,15.85068089951143
2122,glaciers,fixed,12.92099551412668,10.219806064964091,15.912308682999889
2123,glaciers,fixed,12.972751467512113,10.267029948296864,15.975334778920715
2124,glaciers,fixed,13.02347268725456,10.311173838557488,16.03756327852738
2125,glaciers,fixed,13.072868544659485,10.35281458961612,16.097264096819504
2126,glaciers,fixed,13.124108192260305,10.39563913949259,16.156291206437764
2127,glaciers,fixed,13.170927036328933,10.43733040017742,16.217243295848665
2128,glaciers,fixed,13.221629110479412,10.474279691319904,16.27709895817267
2129,glaciers,fixed,13.26994563518236,10.5084101698003,16.33195095927704
2130,glaciers,fixed,13.315372238858423,10.551519709200385,16.38991558797723
2131,glaciers,fixed,13.358033988523964,10.593647787712564,16.443087117472185
2132,glaciers,fixed,13.398795901713164,10.62814683226582,16.495353746530473
2133,glaciers,fixed,13.437491478336621,10.660063498159838,16.544345207182275
2134,glaciers,fixed,13.47618335203165,10.695707674487078,16.590433177051104
2135,glaciers,fixed,13.51654494745074,10.730842095972308,16.636430210306134
2136,glaciers,fixed,13.554199371646,10.76492206186375,16.686838727451775
2137,glaciers,fixed,13.589640250774675,10.797340314737385,16.734167920923422
2138,glaciers,fixed,13.626654812350463,10.826263639618022,16.776114504315572
2139,glaciers,fixed,13.658460412329585,10.856358596235793,16.818869852376793
2140,glaciers,fixed,13.691751742348718,10.886816812553263,16.857381141330237
2141,glaciers,fixed,13.72538790442875,10.91279932446994,16.893518267887696
2142,glaciers,fixed,13.757911642157872,10.938107187949557,16.927163038439463
2143,glaciers,fixed,13.791709097439947,10.963740689262934,16.968926775519822
2144,glaciers,fixed,13.82194053789311,10.987139509035972,17.010878679992587
2145,glaciers,fixed,13.85260024981574,11.015428143878795,17.051498175356972
2146,glaciers,fixed,13.882479287629502,11.039997083463753,17.086241671246782
2147,glaciers,fixed,13.910430136749824,11.05887611632667,17.119022955026693
2148,glaciers,fixed,13.938830720479363,11.082223872793957,17.152873441708316
2149,glaciers,fixed,13.96717666318778,11.108033108302878,17.183025313440467
2150,glaciers,fixed,13.992802590740904,11.129486132305155,17.21079136802752
2151,glaciers,fixed,14.019035955822334,11.145720759879046,17.236232391333843
2152,glaciers,fixed,14.042804090965127,11.166110537188205,17.261302877975215
2153,glaciers,fixed,14.067460140336333,11.188982504199238,17.290803102415467
2154,glaciers,fixed,14.092346462558401,11.21109645920263,17.31625363148776
2155,glaciers,fixed,14.115798165732777,11.232754418312256,17.3422860104235
2156,glaciers,fixed,14.137880164703247,11.253173472253861,17.36831416587085
2157,glaciers,fixed,14.160166790549269,11.269960411869901,17.402104940177118
2158,glaciers,fixed,14.182263820427448,11.282020056895888,17.431748491677947
2159,glaciers,fixed,14.204208751604957,11.300567066658845,17.454490037577497
2160,glaciers,fixed,14.22570531539749,11.317661984012311,17.477889100509596
2161,glaciers,fixed,14.248055732973954,11.33456512829768,17.50527586846386
2162,glaciers,fixed,14.2701264230701,11.35414207181311,17.530527356608527
2163,glaciers,fixed,14.290883392943861,11.372648135525264,17.55451081002007
2164,glaciers,fixed,14.3096727872035,11.387051465823195,17.5778824046505
2165,glaciers,fixed,14.33018488485438,11.400846838663782,17.598119425785725
2166,glaciers,fixed,14.347883344099195,11.414125965169259,17.61799857919515
2167,glaciers,fixed,14.365846249502386,11.428794381855383,17.639944987892644
2168,glaciers,fixed,14.382664643068521,11.442032301268657,17.662861475184584
2169,glaciers,fixed,14.400284858452256,11.454509885769506,17.68174292241829
2170,glaciers,fixed,14.41808732371419,11.465982329123602,17.704467569676265
2171,glaciers,fixed,14.435913117027322,11.477557700034456,17.727381501062812
2172,glaciers,fixed,14.453839518622985,11.492085575617667,17.746287034290294
2173,glaciers,fixed,14.470991781937855,11.504375613126475,17.765218943217743
2174,glaciers,fixed,14.486874401217378,11.513590616520199,17.781630111618725
2175,glaciers,fixed,14.501544477142836,11.527397986140539,17.798493300975817
2176,glaciers,fixed,14.51633826777925,11.537536210946577,17.815486303762405
2177,glaciers,fixed,14.53256957359574,11.551567880828598,17.832587777922676
2178,glaciers,fixed,14.546224815464228,11.56537178043858,17.84681515978189
2179,glaciers,fixed,14.562461683423304,11.578751502662737,17.86521484508624
2180,glaciers,fixed,14.575204394026184,11.591772795249248,17.881808394031633
2181,glaciers,fixed,14.586668471560412,11.604968673134882,17.899845571350525
2182,glaciers,fixed,14.599780566835705,11.617637388264644,17.91430684025251
2183,glaciers,fixed,14.609998405979825,11.626745681926126,17.929154344271527
2184,glaciers,fixed,14.619702090251149,11.635608454525658,17.941531465801656
2185,glaciers,fixed,14.630953932771984,11.64433375568634,17.95501555385017
2186,glaciers,fixed,14.641113898239695,11.653187609439236,17.97431089884839
2187,glaciers,fixed,14.651974942337187,11.66279523238449,17.986850543838585
2188,glaciers,fixed,14.66488258327875,11.673041167193034,18.003274093008777
2189,glaciers,fixed,14.676934540740769,11.68297203669105,18.019257907664397
2190,glaciers,fixed,14.687926150665863,11.691477100370731,18.035168903086074
2191,glaciers,fixed,14.697705537629789,11.698167779357219,18.0505940953423
2192,glaciers,fixed,14.706953459774233,11.705496760115556,18.061342459564933
2193,glaciers,fixed,14.716531831270682,11.711240581925106,18.07084692399489
2194,glaciers,fixed,14.725873790359067,11.71699383783228,18.07976451787321
2195,glaciers,fixed,14.734050828632492,11.72442534811496,18.08935595686283
2196,glaciers,fixed,14.742429181101254,11.733516111641732,18.10227323667267
2197,glaciers,fixed,14.751515714396977,11.73985594129083,18.114256434089018
2198,glaciers,fixed,14.757911219838885,11.743796049024152,18.128277281837025
2199,glaciers,fixed,14.76634180598811,11.74847103234678,18.136700474839937
2200,glaciers,fixed,14.774169955825435,11.755406401108184,18.147563890103466
2201,glaciers,fixed,14.782491270294036,11.758504878062224,18.158497040800825
2202,glaciers,fixed,14.789720513015558,11.760999568219665,18.16896614977418
2203,glaciers,fixed,14.797071396148088,11.763452327497705,18.17923898920949
2204,glaciers,fixed,14.804953006735532,11.768030927222682,18.189527157096656
2205,glaciers,fixed,14.811390565422945,11.774290627661987,18.197625034224316
2206,glaciers,fixed,14.818556617768172,11.777733424991915,18.205044873673398
2207,glaciers,fixed,14.826552980285596,11.782430492435719,18.21220058638461
2208,glaciers,fixed,14.834935247501056,11.787032669275513,18.222687653751887
2209,glaciers,fixed,14.840345389070563,11.791529911757857,18.233852462599174
2210,glaciers,fixed,14.847430188613256,11.796700586753204,18.244745543614016
2211,glaciers,fixed,14.852084169449313,11.801887777943815,18.255334311033526
2212,glaciers,fixed,14.858339966734624,11.80733518505982,18.265650469382585
2213,glaciers,fixed,14.86265350402957,11.812625411948611,18.2715665025194
2214,glaciers,fixed,14.868269717462347,11.817796740075377,18.275711643481987
2215,glaciers,fixed,14.872991933269782,11.822866611342228,18.279770991543003
2216,glaciers,fixed,14.877133303681017,11.826284201216854,18.283614602085187
2217,glaciers,fixed,14.880556938041334,11.82867160906606,18.287844428225
2218,glaciers,fixed,14.884989227764184,11.832633642244712,18.295666797677956
2219,glaciers,fixed,14.8884938131285,11.836544943264592,18.302884158939154
2220,glaciers,fixed,14.89312440509218,11.840430014072382,18.30523263324696
2221,glaciers,fixed,14.897231556817726,11.844218700361093,18.31408578655922
2222,glaciers,fixed,14.901260554118238,11.847913436614958,18.322671165478976
2223,glaciers,fixed,14.904191245825995,11.851520655874825,18.326207186260092
2224,glaciers,fixed,14.907471398641903,11.854816999611753,18.32880786389028
2225,glaciers,fixed,14.910430293839804,11.858483333605854,18.335548912179362
2226,glaciers,fixed,14.913920496679847,11.861482180498736,18.343534192326853
2227,glaciers,fixed,14.91720919767614,11.865027407188997,18.351815002223244
2228,glaciers,fixed,14.920582076420917,11.868201370875141,18.359800341662243
2229,glaciers,fixed,14.923991846349073,11.871409756099268,18.367595561165874
2230,glaciers,fixed,14.927204517622904,11.874453266345713,18.375202959384858
2231,glaciers,fixed,14.93010540691083,11.87540312932812,18.382650292346696
2232,glaciers,fixed,14.933267279462658,11.878460980688521,18.387236084741588
2233,glaciers,fixed,14.936406026790777,11.881338485656025,18.39156610936247
2234,glaciers,fixed,14.93975776111397,11.88341086565459,18.39549205033833
2235,glaciers,fixed,14.942822515182115,11.886110775643765,18.399706240223043
2236,glaciers,fixed,14.944867642458547,11.890317627451944,18.40314653889047
2237,glaciers,fixed,14.947258333548636,11.89406683016149,18.407338826568818
2238,glaciers,fixed,14.949605352833737,11.897026968370133,18.412778177095017
2239,glaciers,fixed,14.953399975574612,11.900057777571643,18.4181919227495
2240,glaciers,fixed,14.956579369318028,11.902770334165368,18.42178907009806
2241,glaciers,fixed,14.958371314425701,11.904455195366587,18.424710970172644
2242,glaciers,fixed,14.96067312994563,11.906162284224823,18.4275863129632
2243,glaciers,fixed,14.962865331412104,11.909058911593958,18.433844259100397
2244,glaciers,fixed,14.965470095957887,11.912730742750083,18.440674627084213
2245,glaciers,fixed,14.96822574344177,11.915059494430473,18.447340214591193
2246,glaciers,fixed,14.970289152587668,11.917819259420643,18.45384995484117
2247,glaciers,fixed,14.972928080220118,11.920058411039438,18.458852392804378
2248,glaciers,fixed,14.974652276867555,11.922243416864845,18.462717757669644
2249,glaciers,fixed,14.977079702255695,11.9244756830274,18.46519975381214
2250,glaciers,fixed,14.97939509733154,11.926733961042226,18.4676623956181
2251,glaciers,fixed,14.98158272591941,11.927662285478188,18.470045391168522
2252,glaciers,fixed,14.9839529699581,11.929827079135361,18.472421870695246
2253,glaciers,fixed,14.986362621471043,11.932832314867055,18.474771472245177
2254,glaciers,fixed,14.988140860109333,11.93545656033317,18.477528963188874
2255,glaciers,fixed,14.99014926108337,11.93627992314447,18.483230217125676
2256,glaciers,fixed,14.99216153998897,11.93668018260026,18.488196647901635
2257,glaciers,fixed,14.993513605947484,11.937052919277491,18.490090328065662
2258,glaciers,fixed,14.996185192081834,11.937398293156745,18.491602525044822
2259,glaciers,fixed,14.998604892636644,11.93774737126696,18.492971660917025
2260,glaciers,fixed,15.001071382857983,11.938190774001015,18.494446934745273
2261,glaciers,fixed,15.003206495444108,11.939081378717765,18.49811224025253
2262,glaciers,fixed,15.005687175640329,11.942674887410616,18.499117061457028
2263,glaciers,fixed,15.006859217207523,11.94637527776238,18.500104878881896
2264,glaciers,fixed,15.00830913958227,11.948787485418423,18.50107180673891
2265,glaciers,fixed,15.010637314096464,11.949416048651111,18.50192793467636
2266,glaciers,fixed,15.012420827433047,11.950702324717087,18.50469324786888
2267,glaciers,fixed,15.01381642276749,11.951483344897076,18.50841068289868
2268,glaciers,fixed,15.01550572111547,11.951260117574812,18.512370272814117
2269,glaciers,fixed,15.016895290911041,11.951699599640158,18.514952170200722
2270,glaciers,fixed,15.019546704877595,11.9540699261079,18.51709199912821
2271,glaciers,fixed,15.021085713390917,11.95535142043541,18.519033467253543
2272,glaciers,fixed,15.02258343616402,11.955895323890747,18.52142418061991
2273,glaciers,fixed,15.024223421927678,11.956439667272697,18.524767695391358
2274,glaciers,fixed,15.025637400571974,11.957008554389823,18.528095751033497
2275,glaciers,fixed,15.027039490722599,11.95757039035367,18.53140910020921
2276,glaciers,fixed,15.028116420144766,11.958121695316843,18.534440948010104
2277,glaciers,fixed,15.029723407615332,11.95892872957134,18.53619009371262
2278,glaciers,fixed,15.03088212490717,11.960237052554785,18.539998918648422
2279,glaciers,fixed,15.032143619238884,11.9615253513297,18.544023464496487
2280,glaciers,fixed,15.034106443362623,11.96279394680642,18.545665154638286
2281,glaciers,fixed,15.035694695151175,11.964046521445736,18.547596793659377
2282,glaciers,fixed,15.036760498062712,11.965336896523826,18.550483231125995
2283,glaciers,fixed,15.038161576855526,11.966647182636331,18.553344237316
2284,glaciers,fixed,15.03917115104745,11.96756160469678,18.556188440831818
2285,glaciers,fixed,15.040241807313,11.967856469162562,18.559018346611975
2286,glaciers,fixed,15.04130521390456,11.967963129920593,18.56141032584085
2287,glaciers,fixed,15.042355710764522,11.968041071621942,18.562281261165143
2288,glaciers,fixed,15.043397442146196,11.968114266431462,18.56570923605593
2289,glaciers,fixed,15.044568526455313,11.96822253686978,18.568866143648883
2290,glaciers,fixed,15.046040194399438,11.968455543898989,18.570340822743223
2291,glaciers,fixed,15.047420662446246,11.968834311323853,18.571785974127625
2292,glaciers,fixed,15.048628455690766,11.970838344895984,18.573197861212186
2293,glaciers,fixed,15.049935548807543,11.972830981680424,18.57458104190479
2294,glaciers,fixed,15.051190004569321,11.974812930563271,18.57895557165693
2295,glaciers,fixed,15.052578574697728,11.976786196590897,18.582464666951882
2296,glaciers,fixed,15.054136334151721,11.978760707251693,18.583991482115422
2297,glaciers,fixed,15.054929662519971,11.98014321986975,18.585489542377662
2298,glaciers,fixed,15.05608085572852,11.980671523192859,18.58696520864896
2299,glaciers,fixed,15.058361856633276,11.981217167012142,18.58846504549763
2300,glaciers,fixed,15.060363293543132,11.981774242989255,18.58997973153613
1990,glaciers,joint,-0.6691551278259089,-0.8927464231242327,-0.48669825633177394
1991,glaciers,joint,-0.6392112804893668,-0.8497764480824345,-0.4653967592947614
1992,glaciers,joint,-0.6054468921863074,-0.8024328654066825,-0.44096326400227925
1993,glaciers,joint,-0.5895322998283774,-0.7786951382290096,-0.4282868790239634
1994,glaciers,joint,-0.5521624552864317,-0.7286786519762312,-0.401493389359302
1995,glaciers,joint,-0.5186244013270518,-0.6839743702508011,-0.3772886146794687
1996,glaciers,joint,-0.47421568639134026,-0.6257642607956471,-0.3448989141078367
1997,glaciers,joint,-0.4371967351281385,-0.575427132871014,-0.31828697115970245
1998,glaciers,joint,-0.3923794537091978,-0.5157196082541142,-0.28593762238674963
1999,glaciers,joint,-0.3173659256218371,-0.41661893672528943,-0.23158240675336453
2000,glaciers,joint,-0.27686960640221825,-0.3642765325991472,-0.20210752632485426
2001,glaciers,joint,-0.22991347596148426,-0.3026664193755691,-0.16813325369713122
2002,glaciers,joint,-0.1722165193105505,-0.2262101045252563,-0.12657138516404215
2003,glaciers,joint,-0.11096211021949642,-0.1451200711678618,-0.08204401860179143
2004,glaciers,joint,-0.049834572131963295,-0.0660054507366628,-0.036492111473191736
2005,glaciers,joint,0.000206412583128035,-0.010741177676520454,0.009516197620857758
2006,glaciers,joint,0.07070900327866925,0.04781695741791552,0.09698730730649388
2007,glaciers,joint,0.15114071292551712,0.10870104707164314,0.19997769836166487
2008,glaciers,joint,0.21252887275206267,0.15419654576067326,0.28041270455136763
2009,glaciers,joint,0.25593713615510594,0.18569181732583456,0.3369091470953682
2010,glaciers,joint,0.31421844711534597,0.22844696402594666,0.41370506343846253
2011,glaciers,joint,0.4089100288752392,0.29881374112089487,0.5372805468127331
2012,glaciers,joint,0.4698194073522548,0.3446246776766684,0.6175018399700235
2013,glaciers,joint,0.5212594843096268,0.38366660236397027,0.6834784957868039
2014,glaciers,joint,0.576202548632559,0.4228803581734771,0.7562122826673924
2015,glaciers,joint,0.6456101445295404,0.47419979172552373,0.8470614088297445
2016,glaciers,joint,0.7180268462214767,0.5284644937971704,0.9413349466206422
2017,glaciers,joint,0.8434914182984914,0.6222911713061439,1.102711819657496
2018,glaciers,joint,0.9220888864776984,0.679102035565126,1.205798831318241
2019,glaciers,joint,0.9873630048922508,0.7276648538743548,1.289876730865157
2020,glaciers,joint,1.0798712099627985,0.7964018959085186,1.410932589027818
2021,glaciers,joint,1.1477321763924007,0.847550975189222,1.4994579194203104
2022,glaciers,joint,1.2150605325573525,0.8982836162734593,1.5855252794057244
2023,glaciers,joint,1.2872202253368628,0.9515819255521847,1.6788512245908422
2024,glaciers,joint,1.3792967663367928,1.0207615872685838,1.7978161745985823
2025,glaciers,joint,1.4719339065213033,1.0901543620710599,1.9179193093113753
2026,glaciers,joint,1.5607236320022218,1.157066671854263,2.0323210256435487
2027,glaciers,joint,1.6495477578742186,1.2254313440824895,2.1466086998021052
2028,glaciers,joint,1.7397464943090735,1.293223863372613,2.2610888568744762
2029,glaciers,joint,1.8299832067202055,1.3607686110388393,2.379936560577508
2030,glaciers,joint,1.9221898335974896,1.430435026828257,2.500203352964773
2031,glaciers,joint,2.014898114310265,1.5013785554846775,2.6175924408903803
2032,glaciers,joint,2.1084001758357873,1.5704915051022277,2.740203506072732
2033,glaciers,joint,2.2050561027616036,1.6414910929630169,2.8656824046169374
2034,glaciers,joint,2.3020255517011896,1.713796416831322,2.9904833589332416
2035,glaciers,joint,2.4031903579369063,1.7874215818694572,3.122850357273575
2036,glaciers,joint,2.5059875098613604,1.8666377824359164,3.254874546037336
2037,glaciers,joint,2.609836673071906,1.9463476336627261,3.3885130241349075
2038,glaciers,joint,2.7166931257883538,2.0238159678722734,3.526974028576503
2039,glaciers,joint,2.8254839315551434,2.1029578698506404,3.6713447135969086
2040,glaciers,joint,2.9326491557123715,2.183302594384478,3.8195508476870446
2041,glaciers,joint,3.045315447230185,2.265857677097926,3.9622669160232196
2042,glaciers,joint,3.157373748552314,2.3473153956054627,4.112463915665213
2043,glaciers,joint,3.270532248862343,2.4314671843903697,4.262826717518511
2044,glaciers,joint,3.3859355000046176,2.514788555138211,4.416288698651853
2045,glaciers,joint,3.5009659952973857,2.6003170233423267,4.569829356821061
2046,glaciers,joint,3.6205937691371632,2.684348829833905,4.726173479534938
2047,glaciers,joint,3.7402962835366105,2.7711151052971257,4.884511332977346
2048,glaciers,joint,3.864302372086041,2.861235513432106,5.053260694515184
2049,glaciers,joint,3.9877329657786302,2.9523444799283083,5.220920243029648
2050,glaciers,joint,4.11415133566525,3.0443056964810036,5.404619583151401
2051,glaciers,joint,4.239741422261453,3.139654913285948,5.572073810457186
2052,glaciers,joint,4.368604083800833,3.236604687069928,5.7555320040562945
2053,glaciers,joint,4.500065842177456,3.329418962680655,5.936647390038872
2054,glaciers,joint,4.629214579769447,3.428596727583239,6.126487481659505
2055,glaciers,joint,4.761564992349834,3.522313390599228,6.313342066390791
2056,glaciers,joint,4.8939125959828775,3.6181258305700745,6.506077051357538
2057,glaciers,joint,5.026739180538269,3.7144096755781617,6.693895243244057
2058,glaciers,joint,5.159811393373355,3.8120624988062484,6.884025939644489
2059,glaciers,joint,5.298697831673751,3.9130885573614926,7.079005174170337
2060,glaciers,joint,5.441234535262268,4.0167667599052885,7.283197397006845
2061,glaciers,joint,5.58001991688975,4.121155379126366,7.478649875158194
2062,glaciers,joint,5.722836587812953,4.223811344036069,7.6815332559426945
2063,glaciers,joint,5.861592397447168,4.329603969962019,7.885187065337665
2064,glaciers,joint,6.002579332215921,4.431707834563512,8.085659970610404
2065,glaciers,joint,6.144365911901367,4.537274099731442,8.284596631691432
2066,glaciers,joint,6.290627962047521,4.639221992952169,8.50031024899923
2067,glaciers,joint,6.4360170235636485,4.744581113706311,8.700191894628105
2068,glaciers,joint,6.583268383136562,4.85084482905725,8.908698957415579
2069,glaciers,joint,6.729961560073573,4.952757735151154,9.127411020498347
2070,glaciers,joint,6.882024772003742,5.062143647959508,9.34401488453441
2071,glaciers,joint,7.034512884246091,5.1711903774989905,9.566332105394231
2072,glaciers,joint,7.184260646566377,5.2787634557505285,9.779902601223217
2073,glaciers,joint,7.3332315258962435,5.384708825414031,9.996885113480905
2074,glaciers,joint,7.480382207416625,5.488079971225605,10.20457446695079
2075,glaciers,joint,7.630304849419167,5.601055218714875,10.414751317828346
2076,glaciers,joint,7.776642257249744,5.708331931907323,10.622618105079185
2077,glaciers,joint,7.919397568149116,5.809287424381977,10.82801948788983
2078,glaciers,joint,8.061753738333735,5.9127661646367695,11.034618705368572
2079,glaciers,joint,8.202726206904487,6.014025756760136,11.245589039954508
2080,glaciers,joint,8.341607420636146,6.115879366924534,11.451543222498017
2081,glaciers,joint,8.477386943313839,6.213439416064164,11.645624088951777
2082,glaciers,joint,8.614824088337828,6.313589430256294,11.841851690298007
2083,glaciers,joint,8.75200340785527,6.405628274652724,12.039275446993209
2084,glaciers,joint,8.881680548239064,6.501629882903137,12.226237221065652
2085,glaciers,joint,9.009351734378145,6.59524191058104,12.407296606338134
2086,glaciers,joint,9.13548719725819,6.684999656141359,12.585469936367113
2087,glaciers,joint,9.25410544776011,6.771433101266921,12.75601691139372
2088,glaciers,joint,9.36983976171162,6.85619248086193,12.92408803148847
2089,glaciers,joint,9.484201596932785,6.9359574542402935,13.090054691132929
2090,glaciers,joint,9.593021303666214,7.017355522243895,13.24747858584623
2091,glaciers,joint,9.700704332599823,7.095032481849596,13.40101155093902
2092,glaciers,joint,9.803804246609364,7.167945498180238,13.557333657986673
2093,glaciers,joint,9.906251653735612,7.243278694940744,13.717106248163969
2094,glaciers,joint,10.008681033866637,7.315022556550649,13.870167490382098
2095,glaciers,joint,10.109995317543298,7.380992225510227,14.011275534768506
2096,glaciers,joint,10.207238166654175,7.444929541583965,14.159721316552515
2097,glaciers,joint,10.295760561220668,7.508330879685656,14.307742594106458
2098,glaciers,joint,10.384752072187887,7.5718862576090515,14.450746256240599
2099,glaciers,joint,10.468647173193318,7.634916376488312,14.581638223124589
2100,glaciers,joint,10.554415260810647,7.699046667070715,14.69863616753795
2101,glaciers,joint,10.637360379098222,7.758064694625057,14.815419464102831
2102,glaciers,joint,10.71684227429649,7.809884777815509,14.923763622335452
2103,glaciers,joint,10.789505166455097,7.861523129220937,15.031613317925789
2104,glaciers,joint,10.861402173778812,7.911551481300853,15.137841029940653
2105,glaciers,joint,10.937383939981943,7.9646874225061906,15.24609569353305
2106,glaciers,joint,11.008815069239997,8.013367284278527,15.354918520120423
2107,glaciers,joint,11.076565738590155,8.06981455934742,15.462555899639097
2108,glaciers,joint,11.142183599719887,8.1135195950066,15.565724935598594
2109,glaciers,joint,11.206700399486653,8.159907069870606,15.671140998544809
2110,glaciers,joint,11.270626242841338,8.201603023946216,15.75628443210417
2111,glaciers,joint,11.334421211150028,8.24617105760957,15.847400056869745
2112,glaciers,joint,11.396423316947434,8.284890953343067,15.944164579028543
2113,glaciers,joint,11.453867724460615,8.320981558788066,16.020753531129213
2114,glaciers,joint,11.506242488542256,8.359615483205923,16.101091027673515
2115,glaciers,joint,11.560990841687056,8.400458790143965,16.178563823365458
2116,glaciers,joint,11.61409572003939,8.434934020947077,16.26377378483016
2117,glaciers,joint,11.665666640669839,8.469506101016165,16.344783391091173
2118,glaciers,joint,11.716385011572669,8.508182877777159,16.418299879358614
2119,glaciers,joint,11.764431243559553,8.54073714295427,16.49134299161494
2120,glaciers,joint,11.813594974703353,8.575548373728015,16.56652920136383
2121,glaciers,joint,11.860509683401618,8.61090602552521,16.64143374953196
2122,glaciers,joint,11.908192562195994,8.642554463755982,16.70740559544515
2123,glaciers,joint,11.954342115886316,8.67302573530188,16.778314612351608
2124,glaciers,joint,11.997427507532148,8.706863419458754,16.847811245089744
2125,glaciers,joint,12.041225598757837,8.737220947513649,16.91194921687521
2126,glaciers,joint,12.081469253812383,8.765291289733062,16.963764732674427
2127,glaciers,joint,12.120547408870518,8.791220984381928,17.023681770940385
2128,glaciers,joint,12.162251804685377,8.815914620214347,17.07931856688178
2129,glaciers,joint,12.198650454824296,8.842320908191041,17.140385577889482
2130,glaciers,joint,12.231581232701839,8.86434028882276,17.19875512486199
2131,glaciers,joint,12.271811697116085,8.88742010460724,17.249693638580656
2132,glaciers,joint,12.30791810076038,8.912239150548288,17.303955628338056
2133,glaciers,joint,12.341378983919626,8.93544023231888,17.359559461623558
2134,glaciers,joint,12.372183968085231,8.961968825149876,17.420430508142218
2135,glaciers,joint,12.403184660687582,8.983627418782678,17.47131341664933
2136,glaciers,joint,12.42874696527744,9.005085247484086,17.520923947485556
2137,glaciers,joint,12.456498100334407,9.027239961947775,17.56823320013669
2138,glaciers,joint,12.48738536092761,9.046245156406629,17.613931516296496
2139,glaciers,joint,12.51331615970998,9.065046471518519,17.652119252183773
2140,glaciers,joint,12.544082798454426,9.085702618554103,17.688781522683097
2141,glaciers,joint,12.573420267381223,9.106041057486946,17.7292565749457
2142,glaciers,joint,12.600038500655224,9.125219153732635,17.763146440225604
2143,glaciers,joint,12.625305843107824,9.145625421276002,17.803345043489372
2144,glaciers,joint,12.652107439719163,9.16457112924819,17.84928814026651
2145,glaciers,joint,12.676002203140154,9.183849577643954,17.884567500835995
2146,glaciers,joint,12.696810824188141,9.2011564937832,17.924562508445018
2147,glaciers,joint,12.721265198392697,9.2184875776493,17.958347438323127
2148,glaciers,joint,12.74272265380727,9.232631285436092,17.990111813624797
2149,glaciers,joint,12.761388321151632,9.244560974873549,18.03009518017123
2150,glaciers,joint,12.783726362372484,9.256693930637722,18.069249753204485
2151,glaciers,joint,12.801790976951143,9.27109083226343,18.10757415139487
2152,glaciers,joint,12.82229418051455,9.2840195224125,18.141874541957442
2153,glaciers,joint,12.841385033052575,9.290748738263643,18.1730828144897
2154,glaciers,joint,12.856622666701586,9.300653253854133,18.19932672089883
2155,glaciers,joint,12.873747682484126,9.315352615757813,18.218650641985697
2156,glaciers,joint,12.891878252086936,9.329735728427721,18.242757756317943
2157,glaciers,joint,12.909302745714273,9.343770887778753,18.266531629774544
2158,glaciers,joint,12.924319274218277,9.35645690016286,18.285911138863142
2159,glaciers,joint,12.938974243448516,9.366893926650658,18.312229730362485
2160,glaciers,joint,12.957259397667634,9.377544667002839,18.334391198567648
2161,glaciers,joint,12.974883279685166,9.387386428690176,18.369846447380805
2162,glaciers,joint,12.98788089552589,9.400342074208028,18.398440579942886
2163,glaciers,joint,13.00082333303739,9.410905044116818,18.42824715142316
2164,glaciers,joint,13.012577283733963,9.419247226521511,18.455604663088796
2165,glaciers,joint,13.024693845828011,9.427767216850754,18.47642753934216
2166,glaciers,joint,13.037756392961942,9.43819239337474,18.503419784980018
2167,glaciers,joint,13.051235030673734,9.44594255423873,18.525435187598397
2168,glaciers,joint,13.060984227765037,9.456776901880266,18.541931957931084
2169,glaciers,joint,13.072646345534977,9.464444336991475,18.557595051226315
2170,glaciers,joint,13.082919414326595,9.470034787356905,18.574784805886214
2171,glaciers,joint,13.092260992712038,9.475390521548794,18.58988332251928
2172,glaciers,joint,13.104351266261547,9.481534705008947,18.60673821152578
2173,glaciers,joint,13.115000139212288,9.490808451693466,18.6279071952836
2174,glaciers,joint,13.12255507965929,9.498731588804462,18.652431501876496
2175,glaciers,joint,13.132516316528061,9.508423418862968,18.670977589080746
2176,glaciers,joint,13.142206070505507,9.51794661712433,18.685704857027783
2177,glaciers,joint,13.15093796361641,9.524573273880984,18.69922834435931
2178,glaciers,joint,13.15878967791059,9.530094958818015,18.70744389876608
2179,glaciers,joint,13.169922895336548,9.537982094431296,18.715782242255983
2180,glaciers,joint,13.17784928714434,9.544287416508693,18.72310003263403
2181,glaciers,joint,13.187144087887468,9.550272478358197,18.738880652060057
2182,glaciers,joint,13.19326618819226,9.554513172354929,18.757202740397283
2183,glaciers,joint,13.199481013316783,9.559500201735869,18.777110310925515
2184,glaciers,joint,13.204917580583594,9.564107598954964,18.79828499672436
2185,glaciers,joint,13.212192838010441,9.568253280349454,18.80962948238036
2186,glaciers,joint,13.219113045894506,9.572379834979532,18.82463113221972
2187,glaciers,joint,13.228206481603362,9.576478457182214,18.830258308827144
2188,glaciers,joint,13.23399228218594,9.580489587520757,18.835668319258122
2189,glaciers,joint,13.23904034867897,9.584361938354858,18.849715522902923
2190,glaciers,joint,13.244687875051092,9.587276890529024,18.865942901600032
2191,glaciers,joint,13.25289646657339,9.591659192160979,18.881697631902465
2192,glaciers,joint,13.259934477639352,9.594917930247119,18.889799460097567
2193,glaciers,joint,13.264163322361963,9.596511094045107,18.89605886594614
2194,glaciers,joint,13.269322115670624,9.6015383143135,18.902063166875735
2195,glaciers,joint,13.273984446854808,9.604401319282418,18.907836661235432
2196,glaciers,joint,13.27993884385684,9.607234803919557,18.913266694602697
2197,glaciers,joint,13.284502875358244,9.609982575822404,18.91849443326013
2198,glaciers,joint,13.289154848786183,9.614158705284856,18.923616589312104
2199,glaciers,joint,13.295962275914931,9.619727098053067,18.928241799000805
2200,glaciers,joint,13.299952990520943,9.622327600457647,18.93129760094177
2201,glaciers,joint,13.305714969456975,9.624835570799252,18.93883712368804
2202,glaciers,joint,13.309197786595309,9.627228373201119,18.945273730512305
2203,glaciers,joint,13.313959702377048,9.62950934565658,18.953971289254103
2204,glaciers,joint,13.317981163068076,9.631687218416179,18.96216829817809
2205,glaciers,joint,13.320323766454834,9.633762571881308,18.97010714014424
2206,glaciers,joint,13.324695537184347,9.635774340170677,18.977803352221915
2207,glaciers,joint,13.326328453974508,9.637796946663125,18.981604156801485
2208,glaciers,joint,13.32776625782793,9.640055829293985,18.983916196070226
2209,glaciers,joint,13.33201165266615,9.642385687648154,18.985996080091756
2210,glaciers,joint,13.33616236968872,9.643524462152987,18.987922687242694
2211,glaciers,joint,13.337342242064004,9.646213631151491,18.9894451299403
2212,glaciers,joint,13.337186399631408,9.649433102684988,18.988512258031907
2213,glaciers,joint,13.339793389042665,9.652566570745718,18.98686097739464
2214,glaciers,joint,13.342540068467699,9.655605439864486,18.989177401485854
2215,glaciers,joint,13.34295940117062,9.658550803107582,18.994421209382793
2216,glaciers,joint,13.345437018559988,9.661396847486815,18.995559297208914
2217,glaciers,joint,13.347600128379455,9.663068671772987,18.998546684762314
2218,glaciers,joint,13.349622807491741,9.664477300694015,19.001516199934475
2219,glaciers,joint,13.351222966913884,9.664847365879154,19.004115073220742
2220,glaciers,joint,13.353125971689465,9.666115402138747,19.0065948824776
2221,glaciers,joint,13.354781393898143,9.667466190165044,19.010261074752027
2222,glaciers,joint,13.356145654665406,9.668002428397317,19.01770441967225
2223,glaciers,joint,13.35709654852485,9.668530689317066,19.017816086582304
2224,glaciers,joint,13.35675473345514,9.66903752737337,19.021104826907393
2225,glaciers,joint,13.356754125962237,9.669660612854607,19.022507963114
2226,glaciers,joint,13.35763962917138,9.670358913281726,19.028094089361378
2227,glaciers,joint,13.360638902894106,9.672169306448936,19.02919157065455
2228,glaciers,joint,13.362508064999009,9.672229518022876,19.0299593162285
2229,glaciers,joint,13.362165844105608,9.672275736747192,19.030321622220296
2230,glaciers,joint,13.362454215467032,9.67279378141756,19.031446541804364
2231,glaciers,joint,13.362227896461727,9.6733215813275,19.032038322645064
2232,glaciers,joint,13.36147028526493,9.673837904387263,19.032416493524423
2233,glaciers,joint,13.360880744213059,9.674334082542245,19.03387773718239
2234,glaciers,joint,13.360510416494272,9.674810137460254,19.032815351931777
2235,glaciers,joint,13.359681642912987,9.675284705134942,19.029488902708614
2236,glaciers,joint,13.360019080432016,9.67573784828754,19.028518755040288
2237,glaciers,joint,13.358885934053395,9.67435616538615,19.027873733335632
2238,glaciers,joint,13.356796944755887,9.674366745308806,19.0305685743008
2239,glaciers,joint,13.354730579754015,9.674996655011352,19.03312187361654
2240,glaciers,joint,13.353480590864256,9.675629858654878,19.028965909810346
2241,glaciers,joint,13.353966491296447,9.677443101114239,19.029563339624488
2242,glaciers,joint,13.351701641664562,9.67844748126181,19.031064918004752
2243,glaciers,joint,13.353147741996676,9.678196948024459,19.024802043831947
2244,glaciers,joint,13.353475551147408,9.678271929721427,19.025720374443544
2245,glaciers,joint,13.352279962139349,9.678155391590431,19.027625288630322
2246,glaciers,joint,13.349898157450479,9.678567419424507,19.029463813918703
2247,glaciers,joint,13.350528818666882,9.678736373547236,19.027840102935176
2248,glaciers,joint,13.350805511959566,9.678824209167576,19.017024836296855
2249,glaciers,joint,13.35161314428964,9.678970188826504,19.012610871872297
2250,glaciers,joint,13.35206782693387,9.679105274837736,19.00886749398501
2251,glaciers,joint,13.350412794257556,9.679089383001916,19.007415206202804
2252,glaciers,joint,13.350942609901223,9.678950326528955,19.009994240587474
2253,glaciers,joint,13.351428609709481,9.678924351117065,19.008102878748197
2254,glaciers,joint,13.35248936947227,9.678892929311587,19.003893712203624
2255,glaciers,joint,13.350685245241682,9.678852342239958,19.007146789627974
2256,glaciers,joint,13.345440665876595,9.678051620870416,19.009112613926607
2257,glaciers,joint,13.345036983833046,9.677840380401461,19.012402223996823
2258,glaciers,joint,13.343204888304964,9.678287728048026,19.007567564561995
2259,glaciers,joint,13.340385865381215,9.6781659487302,19.00313022904125
2260,glaciers,joint,13.342197958903249,9.677995363582314,19.004232712550515
2261,glaciers,joint,13.340645550664588,9.674888171518639,19.004549017405225
2262,glaciers,joint,13.339176593678513,9.673792847660208,19.002969412844667
2263,glaciers,joint,13.337783817360538,9.674447584499266,19.002742833203456
2264,glaciers,joint,13.337432799822011,9.67525061062049,18.999555206063366
2265,glaciers,joint,13.336787280027858,9.676047757221001,18.989184434574312
2266,glaciers,joint,13.33472755741075,9.676186505597984,18.98527576424394
2267,glaciers,joint,13.3323235210919,9.675895255216851,18.984683457866986
2268,glaciers,joint,13.330158547775294,9.675610957181666,18.978165494518464
2269,glaciers,joint,13.32593212974314,9.675317419165346,18.974766322216343
2270,glaciers,joint,13.324521814124878,9.674797077281692,18.97479952734962
2271,glaciers,joint,13.321296586980527,9.67401038380966,18.974710158340812
2272,glaciers,joint,13.320472956829384,9.67181564779291,18.97448449073374
2273,glaciers,joint,13.316277289106793,9.669000316453568,18.9684919013303
2274,glaciers,joint,13.315382745385078,9.66806825417454,18.95373784454383
2275,glaciers,joint,13.316403757797161,9.667348623732625,18.947861520037502
2276,glaciers,joint,13.31662264767461,9.66732267215811,18.949435255418706
2277,glaciers,joint,13.316342555261627,9.667300916203164,18.95120303595331
2278,glaciers,joint,13.315376908450745,9.667279395290063,18.95297099363218
2279,glaciers,joint,13.313892300877203,9.666951833155201,18.954729898080004
2280,glaciers,joint,13.306958361589238,9.666069057529207,18.95598090645398
2281,glaciers,joint,13.307478805674496,9.665158619729713,18.951655261613315
2282,glaciers,joint,13.304873191193227,9.664973667438131,18.95325569255416
2283,glaciers,joint,13.304271741139406,9.666328904657206,18.949044892247457
2284,glaciers,joint,13.304306673388243,9.665618173981438,18.946576174504678
2285,glaciers,joint,13.303318924994493,9.664257750361253,18.936704684599345
2286,glaciers,joint,13.298021709371794,9.663467072063305,18.93030060082988
2287,glaciers,joint,13.29563114506503,9.664382271787016,18.926313941059412
2288,glaciers,joint,13.294257343213907,9.665310411345384,18.923087614139003
2289,glaciers,joint,13.293269724405015,9.66587753349813,18.922573839336618
2290,glaciers,joint,13.292770405190378,9.664302453143586,18.92170312121909
2291,glaciers,joint,13.292632144695059,9.662259620171618,18.908548395970918
2292,glaciers,joint,13.290992917980383,9.661972451230238,18.898098191180978
2293,glaciers,joint,13.290231043851943,9.661768868463755,18.896171008760682
2294,glaciers,joint,13.289521076560908,9.661287399726284,18.89591614163176
2295,glaciers,joint,13.287086335270146,9.660012487939063,18.895619698097587
2296,glaciers,joint,13.283561002019454,9.658784329286176,18.895333425829136
2297,glaciers,joint,13.282894920737624,9.65763047971523,18.895091839189586
2298,glaciers,joint,13.281408038101102,9.657157065953811,18.894914692581807
2299,glaciers,joint,13.278654719903983,9.65648663406116,18.89473593672842
2300,glaciers,joint,13.276452593428903,9.6561193180937,18.893866733338697
1990,gis,fixed,-0.5241115066836772,-0.5389281822908422,-0.5112634378628398
1991,gis,fixed,-0.5264443632861551,-0.53989379260453,-0.5142346455663167
1992,gis,fixed,-0.5024743042547422,-0.515983613210077,-0.49051538964869895
1993,gis,fixed,-0.5127980040669957,-0.5253403558736197,-0.5011615211425164
1994,gis,fixed,-0.524624761676129,-0.5422170772598778,-0.5081984780445232
1995,gis,fixed,-0.5218723186745176,-0.5394811663654133,-0.5055473041870526
1996,gis,fixed,-0.5125962677459475,-0.5288298857465323,-0.49736475904942234
1997,gis,fixed,-0.4642634525249467,-0.47754024878043305,-0.4515817659585154
1998,gis,fixed,-0.43647774874567036,-0.44764983201695197,-0.4245880155141709
1999,gis,fixed,-0.3962290814328182,-0.4065915070200732,-0.3846055138741338
2000,gis,fixed,-0.3747949521402689,-0.3866188573144866,-0.3616346806949832
2001,gis,fixed,-0.32390462220824423,-0.33713366902288516,-0.309769932296511
2002,gis,fixed,-0.2623157168346957,-0.27660237294957357,-0.2476820335806794
2003,gis,fixed,-0.21105545595788522,-0.22771555292524703,-0.19449467571536455
2004,gis,fixed,-0.0787330160691826,-0.08374957776532063,-0.07309278689528184
2005,gis,fixed,-0.0024698622712149287,-0.007376075375967339,0.0029763477540020846
2006,gis,fixed,0.10313679785109464,0.0997806796324877,0.10688467952057107
2007,gis,fixed,0.1645455550163497,0.1594037948442638,0.17034416124585183
2008,gis,fixed,0.23639444023656608,0.22899637257116232,0.24430277908823603
2009,gis,fixed,0.2772746196756657,0.26677012999895067,0.2884495916111622
2010,gis,fixed,0.33124452238497115,0.3172311661400899,0.3458417177714479
2011,gis,fixed,0.5413590705548943,0.51684092988055,0.5651615424333326
2012,gis,fixed,0.5723122450559637,0.5507716797203199,0.5921386199460541
2013,gis,fixed,0.6514446546398824,0.6280809434505057,0.6719807182953155
2014,gis,fixed,0.7078571473355435,0.6846559007300949,0.7278166899189387
2015,gis,fixed,0.7814325136138129,0.7565480861425079,0.8029561405134097
2016,gis,fixed,0.7803358030994612,0.7565727114839542,0.8011388941371341
2017,gis,fixed,0.8951401213308747,0.8653689716207537,0.9206049151743116
2018,gis,fixed,0.9436648469160813,0.9139364003523665,0.9693736273595693
2019,gis,fixed,0.9737214512108179,0.9443297190644504,0.9996591795125573
2020,gis,fixed,1.0689462072959608,1.0355774389688717,1.0976017951131951
2021,gis,fixed,1.1222052495733466,1.0878054653114577,1.1528091604207393
2022,gis,fixed,1.217736142431034,1.1797115660576503,1.251740615174679
2023,gis,fixed,1.2580560888443917,1.2189830738213385,1.2939096371742456
2024,gis,fixed,1.302675003015151,1.2605076409235225,1.3411361039119438
2025,gis,fixed,1.3346282400097742,1.2893076740673675,1.3761804704966352
2026,gis,fixed,1.4027242703459764,1.3537530359254084,1.4476814030478857
2027,gis,fixed,1.4728505570107768,1.4206595929469052,1.5216372558190874
2028,gis,fixed,1.5435364522750636,1.4867982804235007,1.5960902113791058
2029,gis,fixed,1.6146937185953583,1.5530206551643162,1.6716217053566969
2030,gis,fixed,1.68644476687798,1.6195990425340183,1.7476592157858863
2031,gis,fixed,1.758479998193177,1.6862018127926202,1.8245370009005037
2032,gis,fixed,1.8308649113288653,1.7529526708069294,1.9016695810959028
2033,gis,fixed,1.9041853530215884,1.8206367804198975,1.980392875309952
2034,gis,fixed,1.978791155043909,1.8895704864988727,2.060552583824402
2035,gis,fixed,2.055591643990482,1.9599191844145998,2.1432825880244843
2036,gis,fixed,2.134814548722965,2.031995114182255,2.2285502813656115
2037,gis,fixed,2.216562659521616,2.1058107616134922,2.316476276931684
2038,gis,fixed,2.3003851704232057,2.1820492976257033,2.4079643240808237
2039,gis,fixed,2.3865075344028286,2.2603494661307244,2.5013718029069647
2040,gis,fixed,2.4745061211853954,2.339019801363071,2.598624351360506
2041,gis,fixed,2.5638585545504893,2.4196612204556924,2.6970906720516385
2042,gis,fixed,2.6542290556032953,2.500927232529262,2.7965442133404714
2043,gis,fixed,2.7463136292524766,2.582647082290516,2.898338697342175
2044,gis,fixed,2.8400680951689736,2.666261127508854,3.0027108632609343
2045,gis,fixed,2.9360306919302865,2.751227842699695,3.1097178291877574
2046,gis,fixed,3.0342178186503586,2.837865436704015,3.2199275242547447
2047,gis,fixed,3.134957145071876,2.9261293302446165,3.3332406390061213
2048,gis,fixed,3.23960028457635,3.0179903078489945,3.4510796271168
2049,gis,fixed,3.34586165951434,3.1115616638896335,3.5729424459519366
2050,gis,fixed,3.4550116472504957,3.2074234379366002,3.697914357792107
2051,gis,fixed,3.567829374321669,3.304086713775545,3.825827557457764
2052,gis,fixed,3.682574082260642,3.4022201632869193,3.956503767121274
2053,gis,fixed,3.7984583592261365,3.5016478986683337,4.090484839537957
2054,gis,fixed,3.9162390422245315,3.6023902117794986,4.225211307287838
2055,gis,fixed,4.036594388071711,3.7054822476770917,4.363726711384844
2056,gis,fixed,4.157748238533925,3.808121921586178,4.503955077147464
2057,gis,fixed,4.281169321088395,3.914421619336442,4.6453911618325
2058,gis,fixed,4.4074419064255945,4.019413734350072,4.7904023710609875
2059,gis,fixed,4.53582381901503,4.128004269833421,4.941056618758976
2060,gis,fixed,4.665897394787605,4.238095380509672,5.094722772853945
2061,gis,fixed,4.79774414468423,4.350434135058105,5.249922190127156
2062,gis,fixed,4.931990737979376,4.462548069338731,5.406782456115482
2063,gis,fixed,5.066720294630043,4.575502442422711,5.565792404489754
2064,gis,fixed,5.20157933382278,4.68822477984236,5.72518107504716
2065,gis,fixed,5.337253746018991,4.80315426888696,5.886581807176758
2066,gis,fixed,5.47435883918474,4.918694663814866,6.04759467103403
2067,gis,fixed,5.612137959291465,5.033629210693182,6.209209651287857
2068,gis,fixed,5.74995023520726,5.148728802757094,6.372419136717347
2069,gis,fixed,5.8893187596374155,5.264804366937311,6.537309766692635
2070,gis,fixed,6.029865237808775,5.3830698146862455,6.703965686973638
2071,gis,fixed,6.172598436728212,5.5018463566635845,6.873262364089292
2072,gis,fixed,6.3168105800001815,5.621152320328766,7.0437627069959365
2073,gis,fixed,6.461723905166778,5.742028864202356,7.216720905671075
2074,gis,fixed,6.607801805943423,5.86227977208701,7.389435232906301
2075,gis,fixed,6.753226494235078,5.98261843427044,7.564695976680059
2076,gis,fixed,6.9005342270760295,6.103250144842909,7.738238062822338
2077,gis,fixed,7.045544901365033,6.22401618369506,7.912323190108598
2078,gis,fixed,7.1902669598146485,6.34415524338424,8.085150933319891
2079,gis,fixed,7.334631093643198,6.463748641517978,8.257183812195983
2080,gis,fixed,7.477482195774785,6.580896481807134,8.428285923658104
2081,gis,fixed,7.619674693087802,6.697187920854321,8.596523202866642
2082,gis,fixed,7.761476918796636,6.813410476239766,8.764526286714302
2083,gis,fixed,7.903230361749999,6.928409982429581,8.930178733059492
2084,gis,fixed,8.04366983684104,7.042638778661934,9.096636379124671
2085,gis,fixed,8.181598256490492,7.155536311778362,9.25836102986195
2086,gis,fixed,8.317183628942107,7.265382165110338,9.419167536991969
2087,gis,fixed,8.44900106392566,7.37616657649839,9.5750352422389
2088,gis,fixed,8.578209485278803,7.481489771356957,9.728797373229071
2089,gis,fixed,8.702392069236522,7.58592305382627,9.875256603371966
2090,gis,fixed,8.823855101397207,7.686477415764966,10.02080524594832
2091,gis,fixed,8.943861379856846,7.7836722718648765,10.163337666316377
2092,gis,fixed,9.061061756574652,7.8805798607556445,10.30046855776299
2093,gis,fixed,9.174159472100824,7.9715457762919035,10.437031808648275
2094,gis,fixed,9.28472315464538,8.061786065448771,10.569181429011392
2095,gis,fixed,9.39388831513991,8.150815857425819,10.69360971226679
2096,gis,fixed,9.499304361794179,8.238898165114135,10.818951572060863
2097,gis,fixed,9.6019139993098,8.325478655341753,10.940437481185715
2098,gis,fixed,9.701713826037665,8.407721314511505,11.055279867509272
2099,gis,fixed,9.796493342127818,8.484870107608986,11.169988769292972
2100,gis,fixed,9.88899497475591,8.563658992751073,11.283053693767451
2101,gis,fixed,9.979990134883867,8.636431569254698,11.39174914755542
2102,gis,fixed,10.065747285868246,8.706423995634617,11.495306642310325
2103,gis,fixed,10.152379372920672,8.775583536456207,11.599114560965013
2104,gis,fixed,10.236775969971681,8.843892314899609,11.696898571860679
2105,gis,fixed,10.31731275491872,8.91188562348503,11.791120653974179
2106,gis,fixed,10.396780537874623,8.97587386625167,11.883612901246297
2107,gis,fixed,10.476214349736246,9.037608195759702,11.977452885689981
2108,gis,fixed,10.551373005888713,9.09937915417909,12.071708921696352
2109,gis,fixed,10.622201910513889,9.157811207120211,12.160290815214555
2110,gis,fixed,10.691756772469251,9.21393262795241,12.235760853332401
2111,gis,fixed,10.753986581619518,9.271718852514367,12.31262383998003
2112,gis,fixed,10.81581076040337,9.322374075594173,12.389880906405473
2113,gis,fixed,10.874570225516894,9.370072522159626,12.466788597702045
2114,gis,fixed,10.934236276622173,9.414045731403986,12.543109690328137
2115,gis,fixed,10.99485562798952,9.458642715963814,12.61372607018415
2116,gis,fixed,11.05237864863938,9.504045599811247,12.687399933701801
2117,gis,fixed,11.107454794162395,9.547724501573759,12.751343898538138
2118,gis,fixed,11.162988855730031,9.592070457610479,12.817729862095325
2119,gis,fixed,11.215312242296877,9.633940632884054,12.888013418654529
2120,gis,fixed,11.266319431465561,9.673655317166261,12.952613141056219
2121,gis,fixed,11.313308406636654,9.713503557860315,13.011476933617798
2122,gis,fixed,11.360639455778692,9.751547637175662,13.07074757218602
2123,gis,fixed,11.403842328007757,9.787703437785968,13.133601326335105
2124,gis,fixed,11.44735675224435,9.8212641508416,13.188195575131203
2125,gis,fixed,11.489844787691116,9.857669796643746,13.240540474895514
2126,gis,fixed,11.529644929565197,9.8887062141028,13.29358556735076
2127,gis,fixed,11.569550266711747,9.922045750817421,13.348062409511094
2128,gis,fixed,11.608670744445302,9.950622170100768,13.39938081721586
2129,gis,fixed,11.643698676713843,9.978854521883681,13.44926909966817
2130,gis,fixed,11.678260803979267,10.008068215857724,13.497980799809461
2131,gis,fixed,11.711561581643117,10.036112035333467,13.544144447818791
2132,gis,fixed,11.747114379004373,10.06524706253261,13.587740844391433
2133,gis,fixed,11.7771803809693,10.089390088285668,13.626602643760092
2134,gis,fixed,11.809319566169421,10.113160451319473,13.669178590643586
2135,gis,fixed,11.840098907664185,10.133074203902025,13.712198263046533
2136,gis,fixed,11.867002848356517,10.15534969414652,13.753173067623544
2137,gis,fixed,11.898528955254907,10.17562255807409,13.786680291854278
2138,gis,fixed,11.925850485859383,10.193334178051058,13.823956237024458
2139,gis,fixed,11.95416814559615,10.211207413833087,13.859440444472828
2140,gis,fixed,11.979403651055621,10.229620598415615,13.896505464048998
2141,gis,fixed,12.00273644215546,10.247806254572824,13.927485772167705
2142,gis,fixed,12.025622703532362,10.265080988843675,13.956731694804187
2143,gis,fixed,12.045272020784981,10.27985298822071,13.985932343549281
2144,gis,fixed,12.064420969498379,10.290944337718441,14.01655708072905
2145,gis,fixed,12.082722424994644,10.30259144521749,14.045746948095012
2146,gis,fixed,12.10135799460177,10.312805812244944,14.073652748731538
2147,gis,fixed,12.118407852008955,10.32050805091117,14.101716789828906
2148,gis,fixed,12.133723735261349,10.332725976951345,14.130609710097556
2149,gis,fixed,12.147129111317545,10.341045838179452,14.154725516126266
2150,gis,fixed,12.161169836173874,10.345952734692627,14.18282817277622
2151,gis,fixed,12.173505952777397,10.353384741688556,14.20667324890185
2152,gis,fixed,12.18735842657111,10.360103800316876,14.222077005537777
2153,gis,fixed,12.19855557428711,10.364390057863,14.242819155081493
2154,gis,fixed,12.210394110356983,10.368067785099218,14.26026272713954
2155,gis,fixed,12.221575423478289,10.369471130863806,14.285322698244347
2156,gis,fixed,12.229621307656515,10.37148085309496,14.304517391081607
2157,gis,fixed,12.240739520312893,10.374902903603267,14.322812011501009
2158,gis,fixed,12.250417007096724,10.377933973424996,14.337921999719835
2159,gis,fixed,12.257744582156707,10.380741231575987,14.360001736856361
2160,gis,fixed,12.266992081499613,10.385424834621654,14.378133590663436
2161,gis,fixed,12.275431884086085,10.387832939311558,14.395295517952393
2162,gis,fixed,12.285192646272794,10.387502818200128,14.413044355458725
2163,gis,fixed,12.287557996613975,10.38917901953551,14.424556092217166
2164,gis,fixed,12.292673636917957,10.393387480886167,14.43416148075859
2165,gis,fixed,12.296524935789023,10.396779889976544,14.444670858085003
2166,gis,fixed,12.30064637747724,10.397391366066635,14.460874950672174
2167,gis,fixed,12.305097436486292,10.39493090171964,14.473982575612377
2168,gis,fixed,12.305120077259092,10.392531479135691,14.487113109190732
2169,gis,fixed,12.305411180992872,10.389675667986571,14.489477181545363
2170,gis,fixed,12.307250015685375,10.387312970282144,14.497285278024844
2171,gis,fixed,12.31200213706785,10.388525563523936,14.505446428950934
2172,gis,fixed,12.314012064798717,10.388546179257082,14.517895992958826
2173,gis,fixed,12.314027232478992,10.38610455528359,14.529012387770159
2174,gis,fixed,12.315242250000132,10.3820759972421,14.537594894826274
2175,gis,fixed,12.317249148976648,10.380921602674162,14.548045476337622
2176,gis,fixed,12.319230179386217,10.3777997105382,14.558254126658452
2177,gis,fixed,12.317070641994436,10.370092593746582,14.559082287174903
2178,gis,fixed,12.31469467042766,10.361302381992953,14.56058680278301
2179,gis,fixed,12.310877067607185,10.354354107903275,14.563617765987805
2180,gis,fixed,12.308854111004173,10.347509337205949,14.567426760872701
2181,gis,fixed,12.30607485716394,10.338949832735718,14.571870299602724
2182,gis,fixed,12.302869708450395,10.328142783156524,14.579401213656142
2183,gis,fixed,12.300487838603342,10.318922470034705,14.58467807436463
2184,gis,fixed,12.29845079941566,10.31060734614763,14.589868441053872
2185,gis,fixed,12.293999504197416,10.302064755465839,14.593972437385293
2186,gis,fixed,12.2899894953748,10.29189203379348,14.595156839882526
2187,gis,fixed,12.283680892648853,10.28196554045399,14.596497129482863
2188,gis,fixed,12.27661439212861,10.270761699073432,14.596126640323128
2189,gis,fixed,12.267213933804145,10.262838185071653,14.59474531667754
2190,gis,fixed,12.25690124013541,10.25226100269311,14.59040820798716
2191,gis,fixed,12.24583603168262,10.236460718862995,14.58412268735312
2192,gis,fixed,12.236789644821847,10.22975155657491,14.578352575999132
2193,gis,fixed,12.228913268332386,10.216903462289732,14.577105783815504
2194,gis,fixed,12.219294555503842,10.203846421436944,14.570518919113269
2195,gis,fixed,12.212062188393023,10.192440237932455,14.56498816696514
2196,gis,fixed,12.20526928443936,10.178194108306386,14.563297244946853
2197,gis,fixed,12.19470380966057,10.16562059121656,14.555418979788367
2198,gis,fixed,12.182213757622396,10.154248933817568,14.545960612250193
2199,gis,fixed,12.172205316827126,10.141320293023124,14.536553425131556
2200,gis,fixed,12.158999332626836,10.128274956832994,14.530186449519448
2201,gis,fixed,12.145683722838431,10.110071895334361,14.526332448211003
2202,gis,fixed,12.13079178990983,10.092398143011696,14.525443559944819
2203,gis,fixed,12.116981911913701,10.076043864344554,14.523083903279458
2204,gis,fixed,12.103277571828219,10.057587540669127,14.516072139926388
2205,gis,fixed,12.089265696180144,10.045978603644247,14.508677943943349
2206,gis,fixed,12.076174901840371,10.030153490167908,14.501333661103594
2207,gis,fixed,12.061921976451139,10.014802676160295,14.494724718873142
2208,gis,fixed,12.047759594076382,9.999763487268405,14.485713409163575
2209,gis,fixed,12.034906079855329,9.98077469005755,14.473431547356256
2210,gis,fixed,12.020458678382138,9.962533141640547,14.464786484456445
2211,gis,fixed,12.006523054720606,9.946747601025942,14.452983473692148
2212,gis,fixed,11.98881498757044,9.927744465590802,14.442399793385686
2213,gis,fixed,11.974536128008214,9.909315044349997,14.428618836439785
2214,gis,fixed,11.956863720691018,9.889421191431147,14.413293776179401
2215,gis,fixed,11.94091429496175,9.873159685607618,14.399376424351532
2216,gis,fixed,11.923005017437543,9.855072122410329,14.388129795108343
2217,gis,fixed,11.90433142672205,9.837061338510226,14.379627434177397
2218,gis,fixed,11.889306044679618,9.816401610576127,14.36423477716062
2219,gis,fixed,11.871643905965524,9.797594367683216,14.349120289733113
2220,gis,fixed,11.853441439183898,9.776826701697033,14.327359735048367
2221,gis,fixed,11.834479563003004,9.757952093784604,14.311686745584634
2222,gis,fixed,11.815619563681185,9.739963901901177,14.300336406191613
2223,gis,fixed,11.79739893199578,9.722891964051739,14.292139891598982
2224,gis,fixed,11.780574580697674,9.704129400152597,14.275997035447517
2225,gis,fixed,11.763519387985411,9.685500275241896,14.262213416078835
2226,gis,fixed,11.74469112957573,9.668766011795274,14.250088077295672
2227,gis,fixed,11.72823885740001,9.654327004183205,14.240239817828432
2228,gis,fixed,11.710208674919656,9.636160774754433,14.23134078910936
2229,gis,fixed,11.688999409136713,9.617299180166622,14.217571215961646
2230,gis,fixed,11.671263560680876,9.598224167427778,14.20301091566872
2231,gis,fixed,11.653759452448899,9.578747846606975,14.18838654198624
2232,gis,fixed,11.637628465395156,9.560670204303417,14.176131869832448
2233,gis,fixed,11.62049709765943,9.544954422634447,14.161801937437748
2234,gis,fixed,11.603268963102042,9.5257650455574,14.145843454974505
2235,gis,fixed,11.584075227419326,9.507468691441169,14.130424796714463
2236,gis,fixed,11.564936928064988,9.490368696149593,14.115473879120577
2237,gis,fixed,11.54461991269457,9.472227267409595,14.101754586493884
2238,gis,fixed,11.52616527539439,9.454067226470642,14.087516618730977
2239,gis,fixed,11.506974946004922,9.436427026631046,14.078516113814308
2240,gis,fixed,11.488279661038295,9.417960792028834,14.066408801987414
2241,gis,fixed,11.471083213907843,9.401001377955334,14.05281617700616
2242,gis,fixed,11.4547814819334,9.382378279215358,14.040566411136288
2243,gis,fixed,11.437809314320383,9.362119172996564,14.028325745731761
2244,gis,fixed,11.421822668217395,9.344273390959112,14.015203049190774
2245,gis,fixed,11.408401293615835,9.331444380123205,13.996639169400003
2246,gis,fixed,11.39057043566945,9.314412055980078,13.98392322391563
2247,gis,fixed,11.374350856262964,9.295914313826133,13.970900009200166
2248,gis,fixed,11.353797710388704,9.277567793013011,13.957854771454798
2249,gis,fixed,11.335602404422488,9.25955677185315,13.944959037090522
2250,gis,fixed,11.318227793952312,9.243593911126416,13.932787578782674
2251,gis,fixed,11.301747798226849,9.225652994859255,13.920745523730096
2252,gis,fixed,11.285048245346115,9.210888438241744,13.911207032237211
2253,gis,fixed,11.270873868322688,9.193177330883406,13.899819095266011
2254,gis,fixed,11.25535043918499,9.178007466509033,13.886458781755529
2255,gis,fixed,11.240174517773985,9.164003785288589,13.873331521753723
2256,gis,fixed,11.225155442876645,9.149692842262496,13.863965373700058
2257,gis,fixed,11.208299518454714,9.135115282870162,13.85012728333114
2258,gis,fixed,11.192155625615683,9.118920623944964,13.83636864690807
2259,gis,fixed,11.174807476902018,9.102727362665512,13.821244316018316
2260,gis,fixed,11.157231475298822,9.087277599351573,13.808305231119935
2261,gis,fixed,11.141753843985104,9.071684858751151,13.790968083996297
2262,gis,fixed,11.125334943710698,9.056401422635139,13.776440440766253
2263,gis,fixed,11.109888226268431,9.041522288101865,13.75913708684282
2264,gis,fixed,11.093444798432763,9.026066212119183,13.74981516228781
2265,gis,fixed,11.076396302029025,9.011383963602865,13.736836789688573
2266,gis,fixed,11.059351682216594,8.99677619132391,13.72306311285062
2267,gis,fixed,11.042534539388605,8.981376990501369,13.707915694888289
2268,gis,fixed,11.026903916807406,8.96369602322371,13.697672657835355
2269,gis,fixed,11.009914937727299,8.950325682551687,13.682667081303906
2270,gis,fixed,10.992315121916748,8.93545323576619,13.673034834703685
2271,gis,fixed,10.97588305015293,8.919549585198112,13.66249291082781
2272,gis,fixed,10.961391554262661,8.90753178374261,13.647632988663345
2273,gis,fixed,10.946210300105587,8.894784564865398,13.635338328008883
2274,gis,fixed,10.933180692019326,8.878992252055676,13.622928999942516
2275,gis,fixed,10.918324515122578,8.865850728258307,13.610635313326918
2276,gis,fixed,10.90466048190527,8.851778204604532,13.598246704111874
2277,gis,fixed,10.888708431817022,8.838131217926149,13.58323840588362
2278,gis,fixed,10.875903600918253,8.82399459072065,13.572926089067588
2279,gis,fixed,10.862679760947596,8.80907974516545,13.56305820247512
2280,gis,fixed,10.848516804286788,8.797346987950698,13.556117891233987
2281,gis,fixed,10.83423932674341,8.785708738659551,13.546511177331256
2282,gis,fixed,10.821035654698818,8.774194786866309,13.536688282151873
2283,gis,fixed,10.80710421737481,8.76052234656091,13.531512888673909
2284,gis,fixed,10.79426148201691,8.746987536235915,13.526305715349299
2285,gis,fixed,10.779260767491323,8.736108401818143,13.518064907304016
2286,gis,fixed,10.765823622359015,8.72205811268744,13.509121073181817
2287,gis,fixed,10.753349563328094,8.712109666167816,13.499791053093245
2288,gis,fixed,10.742485347054881,8.699243880925208,13.486708419500859
2289,gis,fixed,10.730600909380886,8.684820761724568,13.476908837619831
2290,gis,fixed,10.718741372386303,8.670635483167079,13.47225078560909
2291,gis,fixed,10.707182580092715,8.657247220969529,13.464174404106746
2292,gis,fixed,10.694680495490372,8.645067708038852,13.454613782229165
2293,gis,fixed,10.682501774689094,8.632942811480484,13.443201616262478
2294,gis,fixed,10.670472727794664,8.621814705809028,13.430982000287923
2295,gis,fixed,10.657830166195271,8.609350231700295,13.422431369584547
2296,gis,fixed,10.647087729039592,8.597886539560568,13.416648119890613
2297,gis,fixed,10.635992155389774,8.58773885383641,13.4129190243469
2298,gis,fixed,10.625236774111286,8.578658731376922,13.410121758746193
2299,gis,fixed,10.613546296208451,8.569118266768776,13.402078184656311
2300,gis,fixed,10.602772314018537,8.561454447147351,13.396933380843011
1990,gis,joint,-0.5241115066836772,-0.5389281822908422,-0.5112634378628398
1991,gis,joint,-0.5264443632861551,-0.53989379260453,-0.5142346455663167
1992,gis,joint,-0.5024743042547422,-0.515983613210077,-0.49051538964869895
1993,gis,joint,-0.5127980040669957,-0.5253403558736197,-0.5011615211425164
1994,gis,joint,-0.524624761676129,-0.5422170772598778,-0.5081984780445232
1995,gis,joint,-0.5218723186745176,-0.5394811663654133,-0.5055473041870526
1996,gis,joint,-0.5125962677459475,-0.5288298857465323,-0.49736475904942234
1997,gis,joint,-0.4642634525249467,-0.47754024878043305,-0.4515817659585154
1998,gis,joint,-0.43647774874567036,-0.44764983201695197,-0.4245880155141709
1999,gis,joint,-0.3962290814328182,-0.4065915070200732,-0.3846055138741338
2000,gis,joint,-0.3747949521402689,-0.3866188573144866,-0.3616346806949832
2001,gis,joint,-0.32390462220824423,-0.33713366902288516,-0.309769932296511
2002,gis,joint,-0.2623157168346957,-0.27660237294957357,-0.2476820335806794
2003,gis,joint,-0.21105545595788522,-0.22771555292524703,-0.19449467571536455
2004,gis,joint,-0.0787330160691826,-0.08374957776532063,-0.07309278689528184
2005,gis,joint,-0.0024698622712149287,-0.007376075375967339,0.0029763477540020846
2006,gis,joint,0.10313679785109464,0.0997806796324877,0.10688467952057107
2007,gis,joint,0.1645455550163497,0.1594037948442638,0.17034416124585183
2008,gis,joint,0.23639444023656608,0.22899637257116232,0.24430277908823603
2009,gis,joint,0.2772746196756657,0.26677012999895067,0.2884495916111622
2010,gis,joint,0.33124452238497115,0.3172311661400899,0.3458417177714479
2011,gis,joint,0.5413590705548943,0.51684092988055,0.5651615424333326
2012,gis,joint,0.5723122450559637,0.5507716797203199,0.5921386199460541
2013,gis,joint,0.6514446546398824,0.6280809434505057,0.6719807182953155
2014,gis,joint,0.7078571473355435,0.6846559007300949,0.7278166899189387
2015,gis,joint,0.7814325136138129,0.7565480861425079,0.8029561405134097
2016,gis,joint,0.7803358030994612,0.7565727114839542,0.8011388941371341
2017,gis,joint,0.8951401213308747,0.8653689716207537,0.9206049151743116
2018,gis,joint,0.9436648469160813,0.9139364003523665,0.9693736273595693
2019,gis,joint,0.9737214512108179,0.9443297190644504,0.9996591795125573
2020,gis,joint,1.0689462072959608,1.0355774389688717,1.0976017951131951
2021,gis,joint,1.1222052495733466,1.0878054653114577,1.1528091604207393
2022,gis,joint,1.217736142431034,1.1797115660576503,1.251740615174679
2023,gis,joint,1.2580560888443917,1.2189830738213385,1.2939096371742456
2024,gis,joint,1.302675003015151,1.2605076409235225,1.3411361039119438
2025,gis,joint,1.3346282400097742,1.2893076740673675,1.3761804704966352
2026,gis,joint,1.3975502724603701,1.348689206357814,1.4429240673444783
2027,gis,joint,1.461360799245008,1.407387073074412,1.5119514972238064
2028,gis,joint,1.5262661745639443,1.466893723753814,1.5830604966801072
2029,gis,joint,1.5921081768061516,1.5273038060424449,1.6551263111038692
2030,gis,joint,1.6586207264816792,1.5872933700025813,1.7298491214671978
2031,gis,joint,1.7264630819964628,1.647617497994611,1.8071355175987818
2032,gis,joint,1.7957886932875726,1.7083848449603143,1.886155568904314
2033,gis,joint,1.8667778126782584,1.769887545473533,1.9678830331550299
2034,gis,joint,1.9397830587423766,1.8336842329618182,2.0534671175225445
2035,gis,joint,2.0147638479733896,1.9002985410956217,2.142511673676126
2036,gis,joint,2.0929924588476054,1.9674070729623718,2.234613628766162
2037,gis,joint,2.172638598935634,2.036344785750046,2.331590197345347
2038,gis,joint,2.254823266394543,2.105890659549673,2.4319231554014467
2039,gis,joint,2.3380011728388523,2.1759494533008006,2.5349983416825213
2040,gis,joint,2.4218722023204897,2.2458864323546703,2.6423985477702034
2041,gis,joint,2.50700407261086,2.316389199289617,2.753200895093194
2042,gis,joint,2.593431923617229,2.387274468298035,2.865940567575345
2043,gis,joint,2.680745728959835,2.4589898635193403,2.9807280146102246
2044,gis,joint,2.769826537743464,2.5316660248693283,3.0996430330121525
2045,gis,joint,2.86055096274056,2.605616328143867,3.2223663789256882
2046,gis,joint,2.952902201815714,2.6803658984377647,3.3495439374943103
2047,gis,joint,3.048956487674592,2.756752240045521,3.47878876485257
2048,gis,joint,3.1476162568572565,2.8344817576200105,3.6129397543808692
2049,gis,joint,3.2474883144435274,2.9131604837048197,3.749690838950425
2050,gis,joint,3.3496935529797587,2.9926500399220552,3.887071968751878
2051,gis,joint,3.453110396132328,3.072536086948828,4.032954198803579
2052,gis,joint,3.557899373640371,3.1519381637384654,4.177612484145561
2053,gis,joint,3.6634901901753074,3.2322162200352564,4.328907004288411
2054,gis,joint,3.7705000691397896,3.3135477572395344,4.481273271071838
2055,gis,joint,3.879286866835873,3.395572018787951,4.635897625682336
2056,gis,joint,3.9886676240173404,3.4787655559568433,4.793391714508333
2057,gis,joint,4.102082993412973,3.564952863423411,4.953843143534929
2058,gis,joint,4.217965883760232,3.651443528386586,5.115779217725363
2059,gis,joint,4.33472312558394,3.738283581402427,5.283091539325583
2060,gis,joint,4.453925035972308,3.8252637239946865,5.45493981450098
2061,gis,joint,4.574133474779229,3.9145986457679687,5.624015836376495
2062,gis,joint,4.695470770520714,4.00240296556826,5.799732679210003
2063,gis,joint,4.815616258592655,4.090000959100534,5.974070776427969
2064,gis,joint,4.9385937688981905,4.178872103215751,6.154784578349046
2065,gis,joint,5.061749752123504,4.270631747809815,6.340516752225482
2066,gis,joint,5.187618064439698,4.363140136791293,6.532288414837843
2067,gis,joint,5.315818667738887,4.455922651876821,6.729793790920615
2068,gis,joint,5.446030679654648,4.552369150203702,6.927173171117229
2069,gis,joint,5.577366535468313,4.6468004406464685,7.1341914643093105
2070,gis,joint,5.7129731486583,4.742670887640911,7.3488599937276575
2071,gis,joint,5.84819255582284,4.840838550024518,7.564534219007177
2072,gis,joint,5.984364943564325,4.937076929703193,7.780930183584405
2073,gis,joint,6.120282186866382,5.0332687668436495,8.003106187471104
2074,gis,joint,6.255614075974661,5.129125510086366,8.223546240261909
2075,gis,joint,6.393266735916363,5.222321316684273,8.446039476022401
2076,gis,joint,6.5277694577884855,5.3173346908911565,8.671018536763555
2077,gis,joint,6.661454158891129,5.410390645740378,8.895812098129461
2078,gis,joint,6.7941743945557445,5.504082505006274,9.119323275543804
2079,gis,joint,6.925938321215442,5.595185064182367,9.337735951611137
2080,gis,joint,7.055831898490454,5.685909609775781,9.553637754045985
2081,gis,joint,7.1862280997367805,5.777581781582473,9.769424712036301
2082,gis,joint,7.31433039205846,5.863834610121558,9.988153380448058
2083,gis,joint,7.438257265364548,5.9529879312341745,10.206712067773868
2084,gis,joint,7.563071314889822,6.038764707098619,10.420265110093291
2085,gis,joint,7.6814979472237965,6.122094401904487,10.629856400487629
2086,gis,joint,7.7970424260408615,6.202635270186839,10.830749438040767
2087,gis,joint,7.912381579249162,6.281777741585739,11.031644514926889
2088,gis,joint,8.02229851969427,6.355217692184709,11.224561518093235
2089,gis,joint,8.127771597506849,6.430087270006453,11.412802729042607
2090,gis,joint,8.230585256194791,6.50141058170455,11.594761289530897
2091,gis,joint,8.331478864682996,6.572400938964079,11.778118195517658
2092,gis,joint,8.430410313878026,6.639656887606312,11.963953042564366
2093,gis,joint,8.530132397657958,6.704112972163446,12.146980323984712
2094,gis,joint,8.62478190021601,6.772068431294037,12.311019413534899
2095,gis,joint,8.7153372718621,6.835936333730919,12.476929811058922
2096,gis,joint,8.80365348453294,6.897375173445615,12.642477534198738
2097,gis,joint,8.886211853725019,6.9511902050930825,12.796792961333132
2098,gis,joint,8.969587893271271,7.003580129235265,12.954263949743432
2099,gis,joint,9.048677680814833,7.055567673451606,13.092790575838242
2100,gis,joint,9.123888431491014,7.1055520764891735,13.218187947155648
2101,gis,joint,9.198861700272015,7.1564071341407764,13.352700572281945
2102,gis,joint,9.272247133078409,7.205881177800808,13.474879031087358
2103,gis,joint,9.345717094823403,7.2562227262981285,13.601888778093018
2104,gis,joint,9.41902369446144,7.296947836077357,13.722823537408205
2105,gis,joint,9.483916221020262,7.339712257671759,13.855003542091772
2106,gis,joint,9.548646398370366,7.379377592739529,13.964607682634504
2107,gis,joint,9.608455853078462,7.417701641229036,14.065321688586256
2108,gis,joint,9.6667913597991,7.458260075167507,14.17554525321686
2109,gis,joint,9.723984608767012,7.498657294275634,14.280325542584007
2110,gis,joint,9.777826747696043,7.532218773737291,14.38142262222137
2111,gis,joint,9.833522800733597,7.5630149729565055,14.4897155349626
2112,gis,joint,9.886880768746789,7.589683831469155,14.598652679002507
2113,gis,joint,9.936496229625721,7.621699765995813,14.70515522059598
2114,gis,joint,9.987135624517112,7.652742007370967,14.79202990838849
2115,gis,joint,10.037773279409532,7.683014802464623,14.89696255851802
2116,gis,joint,10.08860561623986,7.71062014279388,15.006702660927989
2117,gis,joint,10.130757323290602,7.737147096065805,15.075669539146169
2118,gis,joint,10.172104724932725,7.759033548892572,15.138045356999688
2119,gis,joint,10.212328403058729,7.78523708618143,15.225662931584582
2120,gis,joint,10.251571557787653,7.806731112057443,15.292202841540847
2121,gis,joint,10.286889343797522,7.827702457906438,15.368670613624872
2122,gis,joint,10.324704053790358,7.849269638019522,15.451193195984079
2123,gis,joint,10.356119553791537,7.87110530809228,15.509923262346094
2124,gis,joint,10.39515214023029,7.891127192112947,15.579775818352857
2125,gis,joint,10.426062526714984,7.909440336659741,15.652574615606174
2126,gis,joint,10.458175770624493,7.92589192003772,15.732078076149643
2127,gis,joint,10.487606767989757,7.941826458965542,15.798422066710428
2128,gis,joint,10.513770494134794,7.954357092771288,15.853160549081979
2129,gis,joint,10.539686220942333,7.968131825299134,15.898182798992405
2130,gis,joint,10.562102855448384,7.979046858903046,15.93964729924813
2131,gis,joint,10.586943217544306,7.989637143709264,15.999324953637107
2132,gis,joint,10.611468508344867,7.996074710818289,16.053095731467096
2133,gis,joint,10.632850030736044,7.996419647643511,16.09904527685372
2134,gis,joint,10.656433593167698,7.9978779774226805,16.152388207705805
2135,gis,joint,10.67390024113684,8.004835137514629,16.19688775491538
2136,gis,joint,10.691936462977528,8.011017311988642,16.23829634260203
2137,gis,joint,10.709079337221755,8.016382218241272,16.272308411990558
2138,gis,joint,10.722732120055035,8.02062516010858,16.30803925257839
2139,gis,joint,10.736273500981651,8.024726984570949,16.32770002353416
2140,gis,joint,10.747043893366602,8.021881217895977,16.35523783094779
2141,gis,joint,10.751413036868591,8.021332892758046,16.3831444538319
2142,gis,joint,10.760572519862386,8.02353646006379,16.419255999441976
2143,gis,joint,10.769259556936388,8.025778294612154,16.461938564361787
2144,gis,joint,10.777250779087568,8.026151389680958,16.489165616936184
2145,gis,joint,10.780242486590002,8.031838479241932,16.534618118824138
2146,gis,joint,10.785007241485815,8.033410976484713,16.565192578926276
2147,gis,joint,10.790544522017562,8.030601424348315,16.58896921650368
2148,gis,joint,10.793489470591627,8.031380222773084,16.593342235766077
2149,gis,joint,10.799884849613443,8.03125379692829,16.62284956988916
2150,gis,joint,10.801539032072265,8.023074736370702,16.661091652105835
2151,gis,joint,10.806366079145057,8.019387732730321,16.671670587347098
2152,gis,joint,10.806753222395102,8.01621664541544,16.687865545132034
2153,gis,joint,10.808341039688028,8.013379419883044,16.69749255110172
2154,gis,joint,10.807148824129664,8.001697341184016,16.71993897416625
2155,gis,joint,10.809108040375726,8.000612541518347,16.730521506114314
2156,gis,joint,10.807166323394824,7.998857784463438,16.731730064079695
2157,gis,joint,10.80812928621127,7.988247215818836,16.729006784814572
2158,gis,joint,10.810450305684165,7.983577191466152,16.727340615443733
2159,gis,joint,10.810754630967212,7.978853931294853,16.730701947762388
2160,gis,joint,10.809394245942936,7.972289485614425,16.730502391805786
2161,gis,joint,10.805843462340563,7.968519494361267,16.7332417468474
2162,gis,joint,10.800416912059982,7.963940142347362,16.734035261278592
2163,gis,joint,10.801143684387476,7.956348013349499,16.72904344424481
2164,gis,joint,10.803974701491434,7.9486367303450045,16.721031046269076
2165,gis,joint,10.79363766418101,7.938541337532504,16.712972317447147
2166,gis,joint,10.78667037163015,7.927657301481591,16.71621925324736
2167,gis,joint,10.783020360759762,7.917687323676098,16.718877768602468
2168,gis,joint,10.779583214225628,7.904003022170079,16.697696544980918
2169,gis,joint,10.767764424876487,7.890049704197154,16.707093504717065
2170,gis,joint,10.756913568329932,7.8762676136243215,16.705544682720344
2171,gis,joint,10.74607643329552,7.857716739987564,16.723114642187383
2172,gis,joint,10.738036522986658,7.85043691867864,16.711174629231518
2173,gis,joint,10.725311791106375,7.831702119777957,16.697166802463105
2174,gis,joint,10.714719736358376,7.821653347760448,16.70541204486276
2175,gis,joint,10.704631847837053,7.805230823999274,16.698065395327262
2176,gis,joint,10.692057652473402,7.784684863403194,16.6816115828212
2177,gis,joint,10.681294745251094,7.771568151027015,16.664928512325158
2178,gis,joint,10.669875778412031,7.75842834965401,16.64785706197809
2179,gis,joint,10.65745143897449,7.741606421977284,16.629578523460253
2180,gis,joint,10.64062294549908,7.7234942385863565,16.61375293020476
2181,gis,joint,10.623669525905871,7.705411016681505,16.600723427008095
2182,gis,joint,10.609697212150527,7.6900027932649415,16.592236273784597
2183,gis,joint,10.593028205536118,7.677730271954205,16.58238822691369
2184,gis,joint,10.578116682814466,7.664050707834714,16.575239701347893
2185,gis,joint,10.559731920041106,7.650995368379906,16.559888895505164
2186,gis,joint,10.540617846746576,7.636458877876218,16.52773954224093
2187,gis,joint,10.523814616829313,7.615622188789409,16.51501778539272
2188,gis,joint,10.503644691675484,7.5948255331496615,16.505511514768223
2189,gis,joint,10.486960465234361,7.575177087744294,16.475578465315646
2190,gis,joint,10.469410375999583,7.560746716508077,16.458329715883835
2191,gis,joint,10.449258270906306,7.538927027350948,16.44008367706663
2192,gis,joint,10.428690063307577,7.519320881520461,16.412292781737158
2193,gis,joint,10.410579252585208,7.500943646435724,16.394378283866878
2194,gis,joint,10.388622694003363,7.485736621537656,16.357733069604315
2195,gis,joint,10.370425625704042,7.472036503514879,16.32400376668234
2196,gis,joint,10.349280459737308,7.454027833232479,16.29541530090471
2197,gis,joint,10.328011919262803,7.431537330603433,16.284929301944196
2198,gis,joint,10.307111972646565,7.411737552332225,16.245849846010586
2199,gis,joint,10.283540602863447,7.397126893334538,16.208206582600436
2200,gis,joint,10.261871302639632,7.375374302195446,16.192749357759066
2201,gis,joint,10.238832900562034,7.361856633671386,16.15930403364264
2202,gis,joint,10.214133950663262,7.338342414828196,16.13832669298224
2203,gis,joint,10.196319069291077,7.313760759440729,16.121431321633253
2204,gis,joint,10.171978293521843,7.292956087572493,16.096001730086765
2205,gis,joint,10.151883083215449,7.271865031291407,16.066298826487944
2206,gis,joint,10.128619355511056,7.2501564487903964,16.042953739464586
2207,gis,joint,10.104744125639058,7.225382460660394,16.014368564357138
2208,gis,joint,10.079139154077755,7.204107150808799,15.971142036531804
2209,gis,joint,10.051476322441324,7.185311563463566,15.939823541121399
2210,gis,joint,10.025417835864612,7.166957229872259,15.902424198159895
2211,gis,joint,10.00024789510997,7.14304438035922,15.872192093111783
2212,gis,joint,9.977276835098941,7.119879670316044,15.837778714852764
2213,gis,joint,9.95439643462851,7.102150169886917,15.798668924818571
2214,gis,joint,9.928862579500553,7.075571468316612,15.759403247543334
2215,gis,joint,9.907518034308863,7.054343967739478,15.720011489614198
2216,gis,joint,9.88223008579283,7.032446505406232,15.681540397600143
2217,gis,joint,9.84937920213045,7.012216201275695,15.654551077736377
2218,gis,joint,9.823422305803453,6.988012287955902,15.623782228687455
2219,gis,joint,9.79755098463782,6.963012530851155,15.595895970720047
2220,gis,joint,9.772453298439729,6.9411433483281515,15.562459534818998
2221,gis,joint,9.747761072016303,6.920862529777912,15.522212382022182
2222,gis,joint,9.719121385748899,6.896091597085069,15.495172897743354
2223,gis,joint,9.691481029534568,6.866450676129022,15.459502868956728
2224,gis,joint,9.666173773185331,6.841676438845239,15.416623747651958
2225,gis,joint,9.640959521411691,6.81632352337059,15.381220926417827
2226,gis,joint,9.613780320581164,6.790618043331472,15.353943561589821
2227,gis,joint,9.585846948123944,6.762112400125398,15.325055716900048
2228,gis,joint,9.555688665825457,6.735143594421869,15.29845061017985
2229,gis,joint,9.527772300211275,6.710606939502826,15.268875995318906
2230,gis,joint,9.497595788269184,6.68714646479603,15.236557797154747
2231,gis,joint,9.470370338317373,6.664862705976936,15.20341073955325
2232,gis,joint,9.440816539304315,6.6426585440101755,15.170984550025869
2233,gis,joint,9.416053842544084,6.621125462209517,15.138925371039175
2234,gis,joint,9.387043518606713,6.6014822349965945,15.108223298432364
2235,gis,joint,9.36067365960813,6.578554152249901,15.077211928442066
2236,gis,joint,9.336225741711495,6.553007868788864,15.045048956251867
2237,gis,joint,9.306957331526622,6.533666553570397,15.014389163132371
2238,gis,joint,9.279958308601831,6.5120015369610575,14.976943776238004
2239,gis,joint,9.253322457839479,6.492210132441395,14.939340448977743
2240,gis,joint,9.226165654674784,6.468307364160242,14.903170553195105
2241,gis,joint,9.197997709482777,6.445157988892314,14.869256038928857
2242,gis,joint,9.171316857364495,6.419267973021446,14.83476743324041
2243,gis,joint,9.145611844042351,6.400702756769285,14.80404028550589
2244,gis,joint,9.117287687712038,6.378847005629682,14.777893553873476
2245,gis,joint,9.090449162604136,6.354766667574995,14.744462968923175
2246,gis,joint,9.063377980397547,6.33227180663827,14.716077117358871
2247,gis,joint,9.035015529306106,6.309756833987071,14.686095232584945
2248,gis,joint,9.006314258744634,6.289101412186181,14.649075889372728
2249,gis,joint,8.979620407742114,6.26429708623672,14.624919956469592
2250,gis,joint,8.951733503396085,6.242071988942883,14.613706511469553
2251,gis,joint,8.92359367894992,6.218701319461188,14.585088567367961
2252,gis,joint,8.896752720911977,6.192661729335661,14.54646560076327
2253,gis,joint,8.869159762545829,6.166770846208618,14.52076357133177
2254,gis,joint,8.845124358281137,6.140291290345312,14.495180614732304
2255,gis,joint,8.817457717998362,6.11566263909715,14.456009280691745
2256,gis,joint,8.795831470669693,6.094460367952056,14.431383478091526
2257,gis,joint,8.768438302495994,6.07406011598617,14.39035961198471
2258,gis,joint,8.742668713491609,6.052631359123266,14.353614907416327
2259,gis,joint,8.720449094592013,6.03299709568618,14.324252328131923
2260,gis,joint,8.69407903051488,6.014868390069677,14.29545512496833
2261,gis,joint,8.672214667071854,5.993102741840201,14.268385769763306
2262,gis,joint,8.642550372020786,5.974390917542252,14.235841766219124
2263,gis,joint,8.617834949928426,5.955949790730388,14.202377934508927
2264,gis,joint,8.590847008335167,5.937313944945985,14.17094584428307
2265,gis,joint,8.566442754510827,5.919867598476357,14.1465690586897
2266,gis,joint,8.542323300799815,5.896596020375639,14.119129688958399
2267,gis,joint,8.522184531315503,5.878859072331466,14.091061462016222
2268,gis,joint,8.501728017277962,5.858755973760556,14.059348465747588
2269,gis,joint,8.482960442728581,5.84086258294211,14.025915265382423
2270,gis,joint,8.458878046349238,5.821440363673069,14.002861039887483
2271,gis,joint,8.434672219838918,5.803908751385697,13.97132016493347
2272,gis,joint,8.4091161409502,5.785616897449514,13.94521002687891
2273,gis,joint,8.384065331299038,5.76432484530284,13.910329361360889
2274,gis,joint,8.360063379414417,5.743408730471163,13.889179180861724
2275,gis,joint,8.335544330388458,5.723083944218914,13.865284301171029
2276,gis,joint,8.312105708829094,5.707184531054631,13.845673035200806
2277,gis,joint,8.290075946891257,5.689975056775863,13.813342674674567
2278,gis,joint,8.265301825107922,5.666308962810393,13.78863790660196
2279,gis,joint,8.241608243152118,5.641017343312853,13.762499309044015
2280,gis,joint,8.217595396994117,5.621796906630027,13.743467321048401
2281,gis,joint,8.195822430863167,5.60278877237747,13.710890264059582
2282,gis,joint,8.170681677179006,5.583930636015326,13.675616657925627
2283,gis,joint,8.14938809493142,5.565642952881437,13.646124741271837
2284,gis,joint,8.124707165124413,5.5466236635474395,13.614581944933049
2285,gis,joint,8.103887177701026,5.529889560418734,13.596158477596523
2286,gis,joint,8.084171279906023,5.513807404669495,13.576658156539409
2287,gis,joint,8.061821539267726,5.494728395439409,13.544931131680645
2288,gis,joint,8.041156508413707,5.474390521489807,13.527002366511596
2289,gis,joint,8.023579371508927,5.459237280562528,13.51270666628906
2290,gis,joint,8.003656864899746,5.44551580774766,13.49305695339333
2291,gis,joint,7.984983702073367,5.42926000410978,13.464235633079774
2292,gis,joint,7.965369074557088,5.412210265513763,13.433081671367363
2293,gis,joint,7.942751724093834,5.3953432805324315,13.401880802080363
2294,gis,joint,7.923782196791334,5.376501673031801,13.392917331084295
2295,gis,joint,7.901096267008596,5.357975430140334,13.371485376826913
2296,gis,joint,7.883652958724383,5.337891042384505,13.348033193983868
2297,gis,joint,7.865392276394797,5.320865457338122,13.324301792756293
2298,gis,joint,7.844066067072056,5.302511302569107,13.309898816197014
2299,gis,joint,7.826555463474728,5.284042335669945,13.291113354852767
2300,gis,joint,7.808991554743672,5.26600536771403,13.259991671237067
1990,ais,fixed,-0.2285591290050446,-0.25855337977852644,-0.19545477206227835
1991,ais,fixed,-0.22181910680419203,-0.25295111577951496,-0.1877403289140411
1992,ais,fixed,-0.2147641365293867,-0.24243086526452384,-0.17903442221759458
1993,ais,fixed,-0.2088091121285766,-0.23933514538947678,-0.17193089625120506
1994,ais,fixed,-0.20491362585297523,-0.23581636388898777,-0.1678241692948636
1995,ais,fixed,-0.19964006289987457,-0.23120730673168777,-0.16225513867954916
1996,ais,fixed,-0.19316988553521985,-0.22713401329174127,-0.15491737731665592
1997,ais,fixed,-0.1860078092526325,-0.2234604036303732,-0.14632555104846498
1998,ais,fixed,-0.17715747058529763,-0.20879665004410022,-0.13660374975614598
1999,ais,fixed,-0.1630336792113526,-0.1834283751880115,-0.1270824663801582
2000,ais,fixed,-0.14226501594791358,-0.1580244072704276,-0.11581852787290137
2001,ais,fixed,-0.11711481674243063,-0.13197333376890652,-0.10035473437568036
2002,ais,fixed,-0.0891069449547946,-0.10512069855533301,-0.07737871103812437
2003,ais,fixed,-0.059858749714505166,-0.07691834626759597,-0.05104247586203872
2004,ais,fixed,-0.030533912268887242,-0.04783267634167467,-0.022905605171693495
2005,ais,fixed,-0.00048648604067574874,-0.01857475758224956,0.0071710586179315255
2006,ais,fixed,0.02910965925896447,0.008852855240101525,0.038038164515998965
2007,ais,fixed,0.05896160643163889,0.0390397272387641,0.06963496145427728
2008,ais,fixed,0.08893945158902672,0.06896309202772516,0.10126564365572104
2009,ais,fixed,0.11926316613881188,0.09921466648685709,0.13322475243604923
2010,ais,fixed,0.14980712709969252,0.1286739757714267,0.16521718079991693
2011,ais,fixed,0.18120039451885483,0.1586204932971626,0.1977810017663959
2012,ais,fixed,0.21450909779469984,0.19047978490443776,0.23224027381063328
2013,ais,fixed,0.24697571941525914,0.22203419772283073,0.2656760757755683
2014,ais,fixed,0.280352352438751,0.25439984107313096,0.29993661321257636
2015,ais,fixed,0.31453353989139704,0.2876787232602259,0.33489550402776436
2016,ais,fixed,0.34950068901388326,0.3217365460522361,0.3706680475087826
2017,ais,fixed,0.384596660256225,0.3554829613770555,0.4065708758960913
2018,ais,fixed,0.4214679223227457,0.391474116105104,0.4442386509972841
2019,ais,fixed,0.45831547462086797,0.4272729938001607,0.48207212884052286
2020,ais,fixed,0.4957240628235355,0.4622325177516911,0.5208491269586923
2021,ais,fixed,0.5335771181667935,0.4985609125439057,0.560942071536388
2022,ais,fixed,0.5720129412351804,0.534981602556628,0.6018302295249834
2023,ais,fixed,0.6117485157156322,0.5725112286660541,0.6443859689245923
2024,ais,fixed,0.6515920898570491,0.6090902732101976,0.6868935629448845
2025,ais,fixed,0.692566718756704,0.6466565386108073,0.7313796074259757
2026,ais,fixed,0.734268503401551,0.6840868660352514,0.7765337042004312
2027,ais,fixed,0.7770793722795417,0.7225389212967637,0.8237698971283101
2028,ais,fixed,0.8202648776743754,0.7605196966311659,0.8714964327233061
2029,ais,fixed,0.8636343333770387,0.7981384843152451,0.919751695629585
2030,ais,fixed,0.9074954196751456,0.8361376089897374,0.9688319101981018
2031,ais,fixed,0.9518511418794533,0.8745889281383701,1.0184636957720898
2032,ais,fixed,0.9967965024003189,0.9124998372962273,1.0690260391916118
2033,ais,fixed,1.0421519153767733,0.9513924478207221,1.1199843382274122
2034,ais,fixed,1.088221637043808,0.9901780734382414,1.1722155484654095
2035,ais,fixed,1.1354278155693638,1.0295044500623596,1.225494467396327
2036,ais,fixed,1.1831808463585944,1.0691131692463318,1.2805884597675323
2037,ais,fixed,1.232611443618157,1.1091587684711426,1.3373857239989737
2038,ais,fixed,1.2827527766217852,1.1503333268571485,1.3956416253503559
2039,ais,fixed,1.333791323390793,1.1920304945030105,1.4551898528429588
2040,ais,fixed,1.3858014448588125,1.2341132580640246,1.5165831850403033
2041,ais,fixed,1.4388715195010722,1.2757729850339243,1.5790526253766424
2042,ais,fixed,1.4925110429720598,1.3173101370178881,1.6429389955073121
2043,ais,fixed,1.5472034655873736,1.3600987615032079,1.7082248101299757
2044,ais,fixed,1.60263555206821,1.403917155779748,1.7764621668460279
2045,ais,fixed,1.6592770522285218,1.4488907160532274,1.846610296425081
2046,ais,fixed,1.7167735023577357,1.4930435095688936,1.9211677841795607
2047,ais,fixed,1.7757146815415124,1.5389929226514227,2.001820833551577
2048,ais,fixed,1.837099794552569,1.5853786179231857,2.0920399431431163
2049,ais,fixed,1.9004272518419305,1.6336229516697967,2.2085068545567816
2050,ais,fixed,1.9659378580670754,1.6818793500190425,2.5428997910111155
2051,ais,fixed,2.033704798723429,1.731085827230763,3.387063124161915
2052,ais,fixed,2.1023599874854852,1.7809646347694335,4.380435286832456
2053,ais,fixed,2.172999212010226,1.8320455042607635,5.402877171545247
2054,ais,fixed,2.245403116474753,1.8835317281116863,6.446805387336394
2055,ais,fixed,2.319573002821455,1.93620917438558,7.428068692848056
2056,ais,fixed,2.3960788364902044,1.9907974312590349,8.458900732243315
2057,ais,fixed,2.4757972030692463,2.044702848523118,9.568336339867656
2058,ais,fixed,2.559827256325,2.0989827617095673,10.62947542553429
2059,ais,fixed,2.6500376430108075,2.1597027742739505,11.759814551459357
2060,ais,fixed,2.747807169517392,2.2211796951648504,12.898333591650216
2061,ais,fixed,2.8507140376444764,2.2826109743117993,14.117593908506537
2062,ais,fixed,2.9536996173678443,2.3429896219253448,15.245866349686393
2063,ais,fixed,3.0609847815540334,2.40232869946415,16.42274168944253
2064,ais,fixed,3.174453006407619,2.4667749581737164,17.65225487716545
2065,ais,fixed,3.299162036539579,2.533176104570358,18.89983916085918
2066,ais,fixed,3.429859108616672,2.600982168916153,20.151285657936825
2067,ais,fixed,3.5844887738726094,2.6711414362579706,21.35737510269662
2068,ais,fixed,3.778456326341634,2.74800314435061,22.60279352491659
2069,ais,fixed,4.0488357170757965,2.8287676134568294,23.84027526222252
2070,ais,fixed,4.538425739427391,2.9107187717417253,25.083783288257695
2071,ais,fixed,5.446875603865765,2.9944424932940508,26.26180208003045
2072,ais,fixed,6.426759881935279,3.078384397529639,27.49046818971614
2073,ais,fixed,7.3958234286723705,3.1581371545632844,28.813189225691133
2074,ais,fixed,8.355995724360188,3.2470780539649526,30.087331797201525
2075,ais,fixed,9.328827378756184,3.333956263717249,31.316512596484777
2076,ais,fixed,10.301167074055087,3.4206336164526774,32.61851860591413
2077,ais,fixed,11.29489608429832,3.5008267565596123,33.99799225318362
2078,ais,fixed,12.262921874750159,3.5867046877623308,35.44052834268841
2079,ais,fixed,13.25845565276639,3.6685589381550514,36.724910391124254
2080,ais,fixed,14.232729279363724,3.7517112431345776,38.07392403480651
2081,ais,fixed,15.171765295414623,3.8450302697028844,39.31782792689507
2082,ais,fixed,16.220328594683842,3.93144561296406,40.69990196037007
2083,ais,fixed,17.177157189340853,4.027942214951755,42.031767071605664
2084,ais,fixed,18.107712875146774,4.118996363753971,43.28488429813491
2085,ais,fixed,19.092064463090022,4.202269699463813,44.80693885909715
2086,ais,fixed,20.050092126420857,4.282542872743685,46.1151647880247
2087,ais,fixed,21.01844841702713,4.362539122475616,47.46661934370399
2088,ais,fixed,21.998900432507412,4.440994374368355,48.72483305283938
2089,ais,fixed,22.992031929111498,4.518017604538711,50.04737480193858
2090,ais,fixed,23.848710707431522,4.594871521571092,51.4605827226894
2091,ais,fixed,24.809153127966457,4.673448243527142,52.86656998749348
2092,ais,fixed,25.787745292788536,4.750325072309046,54.25534941945846
2093,ais,fixed,26.80899587402699,4.831869963322839,55.65710948445592
2094,ais,fixed,27.714666485337546,4.9090853758963835,57.06893506553806
2095,ais,fixed,28.632027119938208,4.985846563703575,58.46720170230714
2096,ais,fixed,29.56876422035179,5.062667970876015,59.84134775096934
2097,ais,fixed,30.49767416771249,5.139339789419886,61.156542797695764
2098,ais,fixed,31.40358968472382,5.21520187892699,62.58466652821155
2099,ais,fixed,32.253820241865526,5.291836819488829,63.94292825207379
2100,ais,fixed,33.133744487570176,5.369129714237373,65.28350152588148
2101,ais,fixed,33.99344759672529,5.443200502636304,66.76698153644298
2102,ais,fixed,34.857993570984306,5.51633463373384,68.20159190344744
2103,ais,fixed,35.77943384144987,5.592353865364721,69.54404955930879
2104,ais,fixed,36.59312666389579,5.666977136747478,70.98676459896843
2105,ais,fixed,37.42050027063199,5.741693456373026,72.3838650369554
2106,ais,fixed,38.26154683984912,5.81625537873169,73.8441701065769
2107,ais,fixed,39.10000756237851,5.888683006235,75.27493910409214
2108,ais,fixed,39.861578803043585,5.96080092326047,76.66061139359746
2109,ais,fixed,40.508724235378345,6.033373350660549,78.17924271027036
2110,ais,fixed,41.235720651492244,6.105024191374651,79.51952871455643
2111,ais,fixed,41.89758227216338,6.175987466435977,81.01575602721479
2112,ais,fixed,42.5997908866391,6.246642731301435,82.46814360993747
2113,ais,fixed,43.219840957454316,6.317995448177569,83.80563189626781
2114,ais,fixed,43.89104487977771,6.388737391638186,85.24983497863994
2115,ais,fixed,44.45371960960486,6.459746803874654,86.59430018867673
2116,ais,fixed,45.13569930976564,6.530870004804308,88.11290177934542
2117,ais,fixed,45.721948596256,6.602993803680764,89.43085264538747
2118,ais,fixed,46.33498075119785,6.672805602351701,90.87365198540606
2119,ais,fixed,46.903694974693934,6.741275617017962,92.27935215294012
2120,ais,fixed,47.494143889559346,6.810100538293725,93.8206091471507
2121,ais,fixed,47.94703086812132,6.877910698784624,95.23707608086886
2122,ais,fixed,48.348439914523894,6.945341255213956,96.6760375280579
2123,ais,fixed,48.82774961083708,7.012584703598794,98.11386399639937
2124,ais,fixed,49.37025124603059,7.079096668787126,99.39911500024843
2125,ais,fixed,49.718142756447634,7.145454870773021,100.7952824573615
2126,ais,fixed,50.12205430942994,7.2120308386215415,102.16517069214143
2127,ais,fixed,50.537020535743345,7.279155328788538,103.54933023578697
2128,ais,fixed,51.01163218954056,7.345957299138902,104.73677819544807
2129,ais,fixed,51.401516389485515,7.412163798531666,106.03174690783456
2130,ais,fixed,51.70386114373551,7.477783144022613,107.31927423213197
2131,ais,fixed,52.0703229232043,7.542372406838515,108.62031304377642
2132,ais,fixed,52.30468815690453,7.606471184855574,109.9036403870118
2133,ais,fixed,52.6433388545354,7.669852004635089,111.2957113637776
2134,ais,fixed,52.9599723916056,7.7328190265084595,112.623230659058
2135,ais,fixed,53.23644404561142,7.7957840186812675,113.73941756534077
2136,ais,fixed,53.502719007712955,7.859613098182359,115.02816917989166
2137,ais,fixed,53.79855953933579,7.920632506064905,116.33936093745251
2138,ais,fixed,53.99185721634868,7.9827943971580915,117.6205926285667
2139,ais,fixed,54.13774979634151,8.044981678420655,118.78682839926653
2140,ais,fixed,54.349292957930814,8.106772192686899,120.04459424250695
2141,ais,fixed,54.56600747004768,8.168114283321605,121.37949408444747
2142,ais,fixed,54.7992503870726,8.229166815865463,122.25356982473537
2143,ais,fixed,54.94028377782599,8.290683464742193,123.27805147810439
2144,ais,fixed,55.091849015231226,8.351823726408764,124.43528120888979
2145,ais,fixed,55.27151554307321,8.4126097426824,125.64369360406423
2146,ais,fixed,55.36454857298874,8.473110311623474,126.51625570705275
2147,ais,fixed,55.588771019437544,8.533294922214477,127.6112943019178
2148,ais,fixed,55.68099205415084,8.593345748706795,128.8368290523313
2149,ais,fixed,55.800360439312385,8.65206378746937,129.9429971066252
2150,ais,fixed,55.934532153842035,8.708435309489227,130.45451988345775
2151,ais,fixed,56.02521732787343,8.764264002221662,131.51390803435277
2152,ais,fixed,56.164088994209614,8.819728950924045,132.59411388950204
2153,ais,fixed,56.24186810745273,8.875286277796938,133.67176903088625
2154,ais,fixed,56.35322412200782,8.932803377176947,134.73016458757826
2155,ais,fixed,56.459209423079514,8.989948688896567,135.64635902755282
2156,ais,fixed,56.547605951669844,9.044993981564668,136.5986389451713
2157,ais,fixed,56.62209371958036,9.10110717184783,137.44236537654038
2158,ais,fixed,56.71829686140114,9.157436679386114,138.26369422441195
2159,ais,fixed,56.82320101736697,9.213181491594073,139.02929908791475
2160,ais,fixed,56.89266327245369,9.268100252317513,140.07314492876714
2161,ais,fixed,56.952949370173656,9.322605534372128,141.16947956079622
2162,ais,fixed,57.08154060654057,9.37764272094604,141.81868736229544
2163,ais,fixed,57.13589727436592,9.43322441717784,142.69871481342514
2164,ais,fixed,57.173670018168885,9.488675020364305,143.26075316374428
2165,ais,fixed,57.2580829071661,9.542292312021157,143.9724761498242
2166,ais,fixed,57.30417679109069,9.59576431424258,144.20565715172822
2167,ais,fixed,57.348014813748605,9.648364408111151,144.66821763760515
2168,ais,fixed,57.402786530844466,9.702022637370543,145.27685678261219
2169,ais,fixed,57.46405529563387,9.75148222325801,146.04160727403956
2170,ais,fixed,57.551296910232935,9.8034467733085,146.65114074611637
2171,ais,fixed,57.60372668885795,9.856286816743099,147.4554608128207
2172,ais,fixed,57.654680432091,9.90914671722268,148.0565665205223
2173,ais,fixed,57.70441059695561,9.961733406847987,148.50423020359304
2174,ais,fixed,57.756582441337954,10.014034173338175,149.1667414838018
2175,ais,fixed,57.80991298627036,10.066069814443459,149.74487508726182
2176,ais,fixed,57.87410882722779,10.1174094172655,150.50190702726556
2177,ais,fixed,57.92055779463651,10.168946123244544,151.3427227794482
2178,ais,fixed,57.972164895813975,10.219694627400468,152.11763765221667
2179,ais,fixed,58.016041105299394,10.270173849344202,152.45642082117894
2180,ais,fixed,58.059778315622026,10.32007477927876,153.12277290848755
2181,ais,fixed,58.10964012249771,10.366877383950161,153.7877002647742
2182,ais,fixed,58.15651870135397,10.417243061073023,154.08037216188706
2183,ais,fixed,58.21141321214134,10.467726483753543,154.48361734192096
2184,ais,fixed,58.26045717077419,10.518124869653173,155.0108346205633
2185,ais,fixed,58.30405504956407,10.56823047360989,155.31881245592757
2186,ais,fixed,58.34735813384853,10.618218193092698,155.71879055034282
2187,ais,fixed,58.38992344116307,10.667559988307694,155.94008211856115
2188,ais,fixed,58.432040979403,10.716367255600616,156.188268822954
2189,ais,fixed,58.473949401727154,10.764604563698962,156.35208630807782
2190,ais,fixed,58.51550784705833,10.812578648975354,156.75520357286365
2191,ais,fixed,58.54641466624683,10.8582159325872,157.19820362477577
2192,ais,fixed,58.57295546552942,10.906232882236283,157.2515305743308
2193,ais,fixed,58.60674498422689,10.954435920245183,157.2609906136334
2194,ais,fixed,58.6457419486477,11.002641489052577,157.27032144188283
2195,ais,fixed,58.68673642226808,11.049282440871364,157.51631103483916
2196,ais,fixed,58.73862883582509,11.095968592662507,157.72212632844855
2197,ais,fixed,58.783674448195654,11.142751272414344,157.86135799304085
2198,ais,fixed,58.825142867352156,11.189005982291759,158.3721847796008
2199,ais,fixed,58.85085791882534,11.234832395502991,158.38759403361897
2200,ais,fixed,58.8803767623437,11.280391738720256,158.48873224851408
2201,ais,fixed,58.9091020418454,11.323650454171473,158.4659493058452
2202,ais,fixed,58.94066311667123,11.368634645556103,158.5451286294354
2203,ais,fixed,58.97736135313922,11.412554186584858,158.56303522549484
2204,ais,fixed,59.017464282969144,11.456345402674533,158.598580468115
2205,ais,fixed,59.0574352250384,11.500065610025539,158.61103640881439
2206,ais,fixed,59.09664336411139,11.543700032203077,158.6312107357452
2207,ais,fixed,59.13514622303481,11.58706675397783,158.65129660726708
2208,ais,fixed,59.17566180761219,11.631144713760388,158.6523882471127
2209,ais,fixed,59.21428424298851,11.675308450902042,158.66926275264882
2210,ais,fixed,59.25249020156549,11.718474728216956,158.68591279952716
2211,ais,fixed,59.28969916973257,11.760316027459174,158.7018586417202
2212,ais,fixed,59.32334584528466,11.80181836989836,158.71742923739075
2213,ais,fixed,59.355351599855275,11.844530844224833,158.7329256524672
2214,ais,fixed,59.38672086299383,11.887044228464864,158.79755638846217
2215,ais,fixed,59.41119738310468,11.929625992467082,158.81269602561738
2216,ais,fixed,59.435652379284534,11.972134432863292,158.82768184695834
2217,ais,fixed,59.46728209800003,12.014390462687837,158.8422841979633
2218,ais,fixed,59.492555843598296,12.05641311871549,158.83579037250934
2219,ais,fixed,59.52094169895702,12.097935816620119,158.8286369375415
2220,ais,fixed,59.55872021463609,12.139436970906479,158.83511704692566
2221,ais,fixed,59.59703000944048,12.179461809884677,158.84870048506352
2222,ais,fixed,59.6303853483347,12.219322949130989,158.86226977561068
2223,ais,fixed,59.65878803938385,12.260007799071268,158.87545220230737
2224,ais,fixed,59.69253682704844,12.301221259527914,158.88849806543067
2225,ais,fixed,59.72607226534299,12.342287329921884,158.9013737841011
2226,ais,fixed,59.75731963554504,12.383360062344103,158.9142145642654
2227,ais,fixed,59.78610201350594,12.421564157995103,158.9267606558144
2228,ais,fixed,59.81502278603165,12.461272994038339,158.93943188841192
2229,ais,fixed,59.84345644992381,12.500991892347805,158.95173656872907
2230,ais,fixed,59.87182849388215,12.540824813488197,158.96400880808557
2231,ais,fixed,59.89983716067274,12.580398366615245,158.9760143767254
2232,ais,fixed,59.92680232135621,12.620026211359693,158.98805500600258
2233,ais,fixed,59.95389263033829,12.659556834626647,158.9998992045388
2234,ais,fixed,59.98247336364556,12.698860720018,159.010650005037
2235,ais,fixed,60.00957168311429,12.733667657497028,159.0211822875831
2236,ais,fixed,60.038244447026656,12.767816470764032,159.03047003656408
2237,ais,fixed,60.06690952257864,12.804022360891627,159.0238960418767
2238,ais,fixed,60.09505377789377,12.843511470733118,159.0165089590074
2239,ais,fixed,60.12336543679973,12.883236056670938,159.00868003474105
2240,ais,fixed,60.15308705757394,12.922822662891491,159.0007215820302
2241,ais,fixed,60.18551800832152,12.962314033926736,158.99269321971803
2242,ais,fixed,60.21795780988387,13.001856145946553,158.98474056648146
2243,ais,fixed,60.250369965635485,13.041410971870102,158.97682575285734
2244,ais,fixed,60.28239383704489,13.080427619591386,158.96865597672345
2245,ais,fixed,60.31238419227424,13.116957934229635,158.97152737258406
2246,ais,fixed,60.338114258764016,13.15309265483478,158.96104439453592
2247,ais,fixed,60.36415709029196,13.189202038411908,158.95023795310394
2248,ais,fixed,60.39233089130856,13.22830162226707,158.93977949492668
2249,ais,fixed,60.42155929607796,13.266981108436605,158.93048923515227
2250,ais,fixed,60.45085039602883,13.305706698612926,158.9225508824624
2251,ais,fixed,60.48021898434507,13.344471840979715,158.91376554260748
2252,ais,fixed,60.5096698705739,13.383317295104868,158.91175804432822
2253,ais,fixed,60.536244685231864,13.42196383378216,158.91673093080533
2254,ais,fixed,60.561391638407486,13.460607884460885,158.9068329943289
2255,ais,fixed,60.58647059930132,13.499291275298063,158.8785838687772
2256,ais,fixed,60.61130322608795,13.537243140148144,158.86971646721355
2257,ais,fixed,60.635798056992144,13.573776956345213,158.86066418982247
2258,ais,fixed,60.65990171301783,13.610023496047345,158.85138316590786
2259,ais,fixed,60.68412454399328,13.646475834192675,158.84102598144412
2260,ais,fixed,60.707793702192326,13.682526080708932,158.82265473439878
2261,ais,fixed,60.731686309494414,13.721394437802065,158.81968010804596
2262,ais,fixed,60.75203218738105,13.758310168849793,158.81665934296944
2263,ais,fixed,60.77135604748229,13.792028034756237,158.80883114268343
2264,ais,fixed,60.79186367668058,13.827007097135558,158.80113651306183
2265,ais,fixed,60.819997794811414,13.863634567682523,158.79321074778966
2266,ais,fixed,60.84791524238119,13.900106844105423,158.785152816109
2267,ais,fixed,60.8725481942919,13.936922510173432,158.77735336219243
2268,ais,fixed,60.90200712230588,13.973536395889802,158.76937580765062
2269,ais,fixed,60.92763570728521,14.01086049135307,158.76117454001337
2270,ais,fixed,60.9481487814647,14.048189839730902,158.75060062916035
2271,ais,fixed,60.96869437873203,14.085569194181733,158.7400604989114
2272,ais,fixed,60.98874117238548,14.119369525033918,158.7291402213978
2273,ais,fixed,61.00912267873256,14.154176622564485,158.71854299699703
2274,ais,fixed,61.03390052930088,14.190047368933074,158.7078080808644
2275,ais,fixed,61.05965641307314,14.225478960752765,158.6971951871925
2276,ais,fixed,61.085501703378185,14.260667076618464,158.67065302937567
2277,ais,fixed,61.11108491851894,14.297639929172993,158.63559728647664
2278,ais,fixed,61.136589161918124,14.334195824917048,158.6005106255237
2279,ais,fixed,61.16218097338507,14.370122830319719,158.5656354867282
2280,ais,fixed,61.18620006921233,14.405462486162733,158.5306223744289
2281,ais,fixed,61.20553732856381,14.440873686127787,158.50654297724083
2282,ais,fixed,61.22472156961899,14.476232756025277,158.49227250166743
2283,ais,fixed,61.24384093692427,14.511531582226725,158.47794554464548
2284,ais,fixed,61.26288897736333,14.546763848374406,158.46356143834382
2285,ais,fixed,61.28225900855274,14.582266476491062,158.45878129136128
2286,ais,fixed,61.30131453887069,14.617493666178813,158.46165451342316
2287,ais,fixed,61.320153200931756,14.653638043428831,158.4643260325249
2288,ais,fixed,61.34121659918685,14.690742615397667,158.46714629859213
2289,ais,fixed,61.36388357580999,14.726210411734439,158.46988336585633
2290,ais,fixed,61.38642459329088,14.762338666535014,158.47250836930695
2291,ais,fixed,61.409091096417896,14.798610470986635,158.47525418195582
2292,ais,fixed,61.43181230520926,14.834871859929075,158.47805443100856
2293,ais,fixed,61.45439175773411,14.870995009248418,158.48072702883346
2294,ais,fixed,61.47509466779885,14.90714384762063,158.48343000281955
2295,ais,fixed,61.49414464983188,14.943388940680208,158.48623274100058
2296,ais,fixed,61.51295226744334,14.977799548287257,158.4888262549509
2297,ais,fixed,61.53395448305325,15.013167977115415,158.4899743072541
2298,ais,fixed,61.55601666210565,15.048494063729205,158.48152986727112
2299,ais,fixed,61.57782416309928,15.082808959597372,158.4728343780439
2300,ais,fixed,61.59955107831435,15.118197786506325,158.46404946810108
1990,ais,joint,-0.2285591290050446,-0.25855337977852644,-0.19545477206227835
1991,ais,joint,-0.22181910680419203,-0.25295111577951496,-0.1877403289140411
1992,ais,joint,-0.2147641365293867,-0.24243086526452384,-0.17903442221759458
1993,ais,joint,-0.2088091121285766,-0.23933514538947678,-0.17193089625120506
1994,ais,joint,-0.20491362585297523,-0.23581636388898777,-0.1678241692948636
1995,ais,joint,-0.19964006289987457,-0.23120730673168777,-0.16225513867954916
1996,ais,joint,-0.19316988553521985,-0.22713401329174127,-0.15491737731665592
1997,ais,joint,-0.1860078092526325,-0.2234604036303732,-0.14632555104846498
1998,ais,joint,-0.17715747058529763,-0.20879665004410022,-0.13660374975614598
1999,ais,joint,-0.1630336792113526,-0.1834283751880115,-0.1270824663801582
2000,ais,joint,-0.14226501594791358,-0.1580244072704276,-0.11581852787290137
2001,ais,joint,-0.11711481674243063,-0.13197333376890652,-0.10035473437568036
2002,ais,joint,-0.0891069449547946,-0.10512069855533301,-0.07737871103812437
2003,ais,joint,-0.059858749714505166,-0.07691834626759597,-0.05104247586203872
2004,ais,joint,-0.030533912268887242,-0.04783267634167467,-0.022905605171693495
2005,ais,joint,-0.00048648604067574874,-0.01857475758224956,0.0071710586179315255
2006,ais,joint,0.02910965925896447,0.008852855240101525,0.038038164515998965
2007,ais,joint,0.05896160643163889,0.0390397272387641,0.06963496145427728
2008,ais,joint,0.08893945158902672,0.06896309202772516,0.10126564365572104
2009,ais,joint,0.11926316613881188,0.09921466648685709,0.13322475243604923
2010,ais,joint,0.14980712709969252,0.1286739757714267,0.16521718079991693
2011,ais,joint,0.18120039451885483,0.1586204932971626,0.1977810017663959
2012,ais,joint,0.21450909779469984,0.19047978490443776,0.23224027381063328
2013,ais,joint,0.24697571941525914,0.22203419772283073,0.2656760757755683
2014,ais,joint,0.280352352438751,0.25439984107313096,0.29993661321257636
2015,ais,joint,0.31453353989139704,0.2876787232602259,0.33489550402776436
2016,ais,joint,0.3478679425366987,0.31956763420104284,0.3692888477524075
2017,ais,joint,0.3825330558918349,0.35306657506725597,0.4051661774095924
2018,ais,joint,0.418862922316722,0.38808747876796984,0.4427249333873978
2019,ais,joint,0.45461755580256563,0.422111713928992,0.48048670022193013
2020,ais,joint,0.4907505067096376,0.45622302176708335,0.5191746381000201
2021,ais,joint,0.5280838467647587,0.4911351100911,0.5598265563735045
2022,ais,joint,0.5655849053182954,0.5260568853882803,0.6011192989465441
2023,ais,joint,0.6036051366063778,0.5614672173453807,0.6439612777301086
2024,ais,joint,0.6416353054110837,0.5959806161406142,0.6873977204375173
2025,ais,joint,0.6805863784742707,0.6314063481766555,0.7318863894437174
2026,ais,joint,0.7199424564461364,0.667031069012791,0.7773049198164754
2027,ais,joint,0.7597793400872536,0.7030774783865418,0.8241393480617772
2028,ais,joint,0.8001684854965487,0.738982284388245,0.8719083718756828
2029,ais,joint,0.8408974659315508,0.7748105492343625,0.9201468534528223
2030,ais,joint,0.881753954930675,0.8104475727988162,0.9687925627661416
2031,ais,joint,0.9234254550045502,0.8466681620748332,1.0193862272298015
2032,ais,joint,0.9657887847388085,0.8827435845664646,1.070697890238367
2033,ais,joint,1.009102259530513,0.9203185886680324,1.1230284696489603
2034,ais,joint,1.0528487568353233,0.9576738058546891,1.1769386300674358
2035,ais,joint,1.0976569557444296,0.9955011673752661,1.233430925999126
2036,ais,joint,1.143080618617197,1.0328576982727447,1.291233570722121
2037,ais,joint,1.1896071320017771,1.070822866033148,1.352034429964272
2038,ais,joint,1.2363947926895469,1.1091389097713102,1.4134500529147571
2039,ais,joint,1.2839734075328235,1.1485095952962314,1.47713765873883
2040,ais,joint,1.33250169675771,1.187595594859469,1.5424609853041702
2041,ais,joint,1.3815321645640375,1.2271794458135694,1.6086490191015401
2042,ais,joint,1.4314236250344687,1.267414275587128,1.6786350316472993
2043,ais,joint,1.482062092104945,1.3087941438606512,1.7521461196040995
2044,ais,joint,1.5340961632828143,1.3496606131232909,1.8282328701304873
2045,ais,joint,1.5857951440258369,1.3898335288585162,1.910007610612432
2046,ais,joint,1.639343692290657,1.429654571381057,2.0001421863920514
2047,ais,joint,1.6939715268390043,1.4707777135662863,2.1149584459984756
2048,ais,joint,1.7501448720835215,1.514073955581021,2.312195381450849
2049,ais,joint,1.8066657786948928,1.5578500742437966,2.9028560179336695
2050,ais,joint,1.86489992712431,1.6006057212198308,3.825556823280916
2051,ais,joint,1.9251809672255868,1.643203116886505,4.85882234233451
2052,ais,joint,1.9862224697727475,1.6880323608811694,5.732940789334634
2053,ais,joint,2.049229521334542,1.7320283060234187,6.726756806575791
2054,ais,joint,2.112566650236806,1.7762857593874533,7.710118354514842
2055,ais,joint,2.176983495231613,1.8226710764936926,8.651769352591053
2056,ais,joint,2.2451050872262925,1.869268043724017,9.693103101414565
2057,ais,joint,2.315154330703469,1.9164025478105609,10.675393502206278
2058,ais,joint,2.386591656465037,1.9645028746113444,11.782225990552092
2059,ais,joint,2.4589712844226614,2.0133567551400566,12.86889603249211
2060,ais,joint,2.5338846031061077,2.0634773492388567,13.91179675639883
2061,ais,joint,2.6114545596171164,2.1127746566099144,14.996295965441966
2062,ais,joint,2.6905990627603984,2.1625302443446452,16.164590039727518
2063,ais,joint,2.770799355487762,2.21270770121832,17.272271363707468
2064,ais,joint,2.85626994127343,2.264124630098473,18.37715567315324
2065,ais,joint,2.946545093020087,2.3143679083864046,19.538806621253997
2066,ais,joint,3.0453998777078515,2.367187840762601,20.64107431411491
2067,ais,joint,3.14726117409836,2.422824916555002,21.980223699681428
2068,ais,joint,3.2574207453493536,2.4779425257860135,23.30521847740377
2069,ais,joint,3.3810080687523265,2.534348105395655,24.568922285792677
2070,ais,joint,3.523160408711413,2.5903395386004884,25.852496516277405
2071,ais,joint,3.6818234877117164,2.648860295006157,27.025288401332855
2072,ais,joint,3.8354936701952953,2.705831846480984,28.336509836662675
2073,ais,joint,4.027794724306009,2.7627894992650415,29.617450670147605
2074,ais,joint,4.28978555698917,2.8178512134932565,30.8293476600632
2075,ais,joint,4.574676317701977,2.875324775963486,32.030956022537964
2076,ais,joint,5.048270755808012,2.9334941724028116,33.36177310818031
2077,ais,joint,5.763433870691387,2.9896229283278903,34.676831601436895
2078,ais,joint,6.591305466689052,3.045987963824339,35.939207049775334
2079,ais,joint,7.490665034399308,3.106203975266382,37.201656711701666
2080,ais,joint,8.285932758525018,3.1684331620549306,38.51421010728445
2081,ais,joint,9.147678809006127,3.2256756556556128,39.79286618249788
2082,ais,joint,9.946980700364108,3.2835526452930526,41.07669333924269
2083,ais,joint,10.711705730555376,3.3392267663562976,42.38510280014706
2084,ais,joint,11.540985345156129,3.3955833676787393,43.69394450374125
2085,ais,joint,12.313312112154748,3.4516889147527388,44.98311757617254
2086,ais,joint,13.137411760652721,3.5074143416792998,46.31169976765561
2087,ais,joint,13.867682716235171,3.5622365779670155,47.60202430123658
2088,ais,joint,14.521657084897154,3.6172440744614076,48.92088614551701
2089,ais,joint,15.21391668686681,3.6721750024081943,50.26598702056748
2090,ais,joint,15.824421680122484,3.7274513130685727,51.61179253847182
2091,ais,joint,16.4284236766821,3.78330526386869,53.10596251113423
2092,ais,joint,17.004848450981665,3.839089037757558,54.36371816017319
2093,ais,joint,17.548050289381507,3.892140845713353,55.62347144063757
2094,ais,joint,18.152324565450208,3.948359871573736,56.960012849084116
2095,ais,joint,18.666062514495053,4.004553066139752,58.36036014860526
2096,ais,joint,19.159924604095764,4.058347238660025,59.827846212650414
2097,ais,joint,19.554182342438686,4.112268871525981,61.292908457125435
2098,ais,joint,19.90348522211582,4.164150571554951,62.69733831612425
2099,ais,joint,20.309791860968396,4.215661453961918,64.13057178675977
2100,ais,joint,20.589750393104993,4.266952248487722,65.49561765286121
2101,ais,joint,20.76189546646941,4.3167618836283905,66.8955686227618
2102,ais,joint,21.004816243327042,4.367062436687136,68.28656657142737
2103,ais,joint,21.252963505663608,4.419211757956209,69.68091627065442
2104,ais,joint,21.412230576624076,4.470133785713352,71.07540320078299
2105,ais,joint,21.619230116853466,4.520147758178379,72.53498918664309
2106,ais,joint,21.713435469650765,4.569900895838337,73.89743139588971
2107,ais,joint,21.9192955294775,4.6201068484802335,75.25234161197828
2108,ais,joint,22.095986514669065,4.671032388656931,76.64118584058514
2109,ais,joint,22.1904396263321,4.720146413934746,77.99286128751903
2110,ais,joint,22.405907720780554,4.767823397956478,79.39854221282954
2111,ais,joint,22.534752751625046,4.815157634305477,80.71153297539836
2112,ais,joint,22.61924213373312,4.862765419171947,82.11487697945716
2113,ais,joint,22.685599449267308,4.911520072035303,83.42834218594425
2114,ais,joint,22.74945001853261,4.960340631076994,84.70000818283471
2115,ais,joint,22.825187942368874,5.008553320016164,86.02118932517635
2116,ais,joint,22.893152692201355,5.056720572017506,87.37605888633553
2117,ais,joint,22.97657793711658,5.1046016482925936,88.78893667905453
2118,ais,joint,23.0376011734998,5.149833542077307,90.15894953863643
2119,ais,joint,23.09799685978603,5.1961510161403375,91.4768029661099
2120,ais,joint,23.15449073537149,5.2424408662129345,92.65494643128451
2121,ais,joint,23.206886401914808,5.286879408844844,93.91043907228455
2122,ais,joint,23.26875328767882,5.331003139425852,95.27265051211235
2123,ais,joint,23.338000994502224,5.375195055452118,96.62136831793165
2124,ais,joint,23.38708309529811,5.41971076751352,97.85383887905854
2125,ais,joint,23.43582778307165,5.464969114294298,99.04004972166291
2126,ais,joint,23.49802742819336,5.509754791815414,100.20642670790257
2127,ais,joint,23.567918400108056,5.556705423871881,101.4362924010791
2128,ais,joint,23.637073151355075,5.602777530157671,102.6890436347806
2129,ais,joint,23.71751945204,5.6453814747680635,104.00789820099143
2130,ais,joint,23.80141539614167,5.689638708223875,105.10409941523069
2131,ais,joint,23.868892873166942,5.732910637596351,106.35775561323743
2132,ais,joint,23.93408634578894,5.777604950292345,107.52476273843173
2133,ais,joint,23.998662187878804,5.821261403701941,108.67382730746488
2134,ais,joint,24.059914361402427,5.864734223610287,109.87650889170192
2135,ais,joint,24.106338604728492,5.906212727548935,111.13357065994566
2136,ais,joint,24.150752471360946,5.946076943015245,112.41514990341349
2137,ais,joint,24.194625949560375,5.987918306335136,113.48268179166584
2138,ais,joint,24.238481558294566,6.029427427074222,114.57297226706662
2139,ais,joint,24.289151231062974,6.0712516082600025,115.55639868502637
2140,ais,joint,24.344279204180488,6.115241208764299,116.64723265221932
2141,ais,joint,24.405519092349927,6.15885882307717,117.87368904994148
2142,ais,joint,24.459831974358238,6.198689310844488,119.02108854817956
2143,ais,joint,24.510340977474737,6.237996231360097,119.91252837685592
2144,ais,joint,24.553447258802954,6.280247506979941,121.01012218514317
2145,ais,joint,24.594082544632972,6.320245736364618,121.95175970812748
2146,ais,joint,24.634890107700386,6.359716577170945,123.11348142159656
2147,ais,joint,24.677043308295573,6.398923671399754,124.19107637791427
2148,ais,joint,24.72023619076583,6.436665719202835,125.22506766366875
2149,ais,joint,24.763343342156258,6.472681988133415,126.03481327979148
2150,ais,joint,24.807596842916162,6.511523205607696,127.1183461118727
2151,ais,joint,24.848747600253745,6.547825910414018,128.04678561195502
2152,ais,joint,24.89121687915004,6.585598327855247,129.0751009840979
2153,ais,joint,24.936466130780403,6.624713589178845,130.01653213578408
2154,ais,joint,24.9815674359717,6.660941575580868,130.68062777176016
2155,ais,joint,25.038993111188464,6.695217438579667,131.66241984133674
2156,ais,joint,25.085164010477,6.730908029426649,132.59944847174583
2157,ais,joint,25.13084264538152,6.767804317500449,133.5747941359368
2158,ais,joint,25.17612144466524,6.8026621667138,134.24195402468098
2159,ais,joint,25.22080362307832,6.838261155290602,134.8062961600215
2160,ais,joint,25.26499498575751,6.874337963212332,135.4041151293698
2161,ais,joint,25.303980587822615,6.91005978205323,135.9720872881922
2162,ais,joint,25.343304057081937,6.94582879250307,136.5143395521885
2163,ais,joint,25.388737238098514,6.98088857531959,137.54776869356
2164,ais,joint,25.425911229520942,7.016430904892955,138.50592193155126
2165,ais,joint,25.462480173036663,7.052903303629446,139.32091694547339
2166,ais,joint,25.49882288490943,7.0887423905441045,140.29791842366575
2167,ais,joint,25.535052796463326,7.123203075764604,140.87524249093497
2168,ais,joint,25.573681411963157,7.157327580472677,141.58398445944715
2169,ais,joint,25.615661082121655,7.192972127474383,142.3034522704759
2170,ais,joint,25.657183160150314,7.22962330040529,142.88713178799765
2171,ais,joint,25.69794866435447,7.2654934139427105,143.6406424256936
2172,ais,joint,25.738301493651644,7.298971238664439,144.37169413690785
2173,ais,joint,25.77807700490841,7.332175633916991,144.70031383689155
2174,ais,joint,25.817675382652904,7.363649433912184,145.30343291777254
2175,ais,joint,25.854598842166098,7.394997968146334,146.03836112850883
2176,ais,joint,25.88727766436459,7.428413325676659,146.6146295200736
2177,ais,joint,25.91976141090837,7.463298717289842,147.0729689398922
2178,ais,joint,25.96218713944921,7.49538162706933,147.30363662273456
2179,ais,joint,25.993848559593832,7.528430574078097,147.51310239070781
2180,ais,joint,26.025378080947903,7.560837492492003,147.92771337990445
2181,ais,joint,26.056472207504903,7.592526947271422,148.3054626539886
2182,ais,joint,26.08723326535316,7.624946832306842,149.0114635769045
2183,ais,joint,26.117609081326847,7.657318585162535,149.47833299628707
2184,ais,joint,26.1477446145758,7.687460177179435,149.83008959996042
2185,ais,joint,26.177628200509627,7.71870128466213,150.39785397283467
2186,ais,joint,26.209480607411294,7.7503082515003054,150.88392263981132
2187,ais,joint,26.24960912095723,7.783267565283673,151.28235568664334
2188,ais,joint,26.28951411014654,7.818842393044153,152.05487649772763
2189,ais,joint,26.329402244349275,7.850694011645328,152.3887211997527
2190,ais,joint,26.36229673514537,7.880059013816297,152.5281239557635
2191,ais,joint,26.390998451136284,7.911648958313809,152.98054375262294
2192,ais,joint,26.419237904828428,7.944216474470812,153.45695070878287
2193,ais,joint,26.449674643695335,7.973198704142645,153.82601452469547
2194,ais,joint,26.480126924502656,8.002306270403356,153.83246094626875
2195,ais,joint,26.50952716754704,8.033933662383179,154.03010387024403
2196,ais,joint,26.53514085942662,8.069508608066931,154.37998408327178
2197,ais,joint,26.559646144521306,8.093539048301517,154.8109667349722
2198,ais,joint,26.584492702986623,8.124986206034363,155.40136906632506
2199,ais,joint,26.609167574177096,8.156305341528276,155.5970760474749
2200,ais,joint,26.634563012846762,8.185507539676621,155.90984610622053
2201,ais,joint,26.660636799838063,8.215776355195297,156.01796510416008
2202,ais,joint,26.686307371999693,8.246377884637477,156.18805355457724
2203,ais,joint,26.71375320627752,8.275716037548953,156.16905469329447
2204,ais,joint,26.744521630074026,8.301070426595764,156.38461953723294
2205,ais,joint,26.768283519321812,8.330872057168014,156.597761647617
2206,ais,joint,26.792954691363175,8.35984756163171,156.7391923262942
2207,ais,joint,26.823230905309536,8.380039595060865,156.77210943635265
2208,ais,joint,26.85329768331058,8.405776209145662,157.10742225737496
2209,ais,joint,26.883150933819365,8.429795802241168,157.34577065047912
2210,ais,joint,26.913192207535275,8.459237084050402,157.65806543112058
2211,ais,joint,26.947730788589105,8.487368368557002,158.0396769316299
2212,ais,joint,26.97965340525692,8.513216498426985,158.06889459566548
2213,ais,joint,27.007345951506593,8.540235449462621,158.26408895276938
2214,ais,joint,27.034561037542666,8.565729705372101,158.43400626143904
2215,ais,joint,27.061646183948184,8.591309316600887,158.45721569694098
2216,ais,joint,27.08853176283796,8.618177227713225,158.4465790827846
2217,ais,joint,27.10087859160392,8.64456370018695,159.12729006589922
2218,ais,joint,27.109842271564826,8.668517700999226,159.31720129568376
2219,ais,joint,27.141184307451244,8.693651898608982,159.39198145828158
2220,ais,joint,27.172514341800678,8.717290890734569,159.37305234810833
2221,ais,joint,27.20359125875472,8.744118329248872,159.34680156498106
2222,ais,joint,27.234789538680772,8.769889348676172,159.66021431834733
2223,ais,joint,27.26562831166389,8.792607621365377,159.69274385618465
2224,ais,joint,27.293787325726342,8.815500688384063,159.88552113570447
2225,ais,joint,27.320363849905426,8.838799890280077,159.86703478147768
2226,ais,joint,27.347016019349038,8.864200949689964,159.92928675807826
2227,ais,joint,27.369794571577234,8.889530003810979,159.91724389135982
2228,ais,joint,27.39329746029783,8.915147348352733,159.90522589825878
2229,ais,joint,27.41985796454315,8.931725946408527,159.89255661066352
2230,ais,joint,27.446258278752886,8.955247365555033,159.92598218816673
2231,ais,joint,27.472379713985028,8.969904526256544,159.9062030359957
2232,ais,joint,27.498598696133342,8.99364301215667,159.87978636617433
2233,ais,joint,27.524749381944794,9.013563204353883,159.85318558377443
2234,ais,joint,27.550731084918738,9.032782187424676,159.82738920157547
2235,ais,joint,27.576490191530205,9.05745041597471,159.81583553151495
2236,ais,joint,27.60209380152477,9.076539326110492,159.8623641567503
2237,ais,joint,27.62766314320725,9.09364092606356,159.85116966770275
2238,ais,joint,27.652610175713207,9.114966154471851,159.92899985241414
2239,ais,joint,27.67750894314148,9.136685584220885,160.00237963505842
2240,ais,joint,27.70199438992376,9.159141768002728,159.99408206540102
2241,ais,joint,27.726288766239506,9.17873261829957,160.37026779289016
2242,ais,joint,27.750660478259626,9.20271572328887,160.37685111026425
2243,ais,joint,27.775112150389717,9.226811494691374,160.40575183614362
2244,ais,joint,27.797654360926202,9.244680487442446,160.40794498321404
2245,ais,joint,27.818345054393532,9.266787347076608,160.41011672751546
2246,ais,joint,27.848596505963876,9.288024606546905,160.41189555740198
2247,ais,joint,27.8785754194148,9.3008413215193,160.53352919610717
2248,ais,joint,27.90754264144953,9.31960007889894,160.9150064792449
2249,ais,joint,27.923486878450788,9.336432962871914,161.1075469019609
2250,ais,joint,27.953408875879802,9.351551901404473,161.09293709836373
2251,ais,joint,27.98315795037319,9.364276152410488,161.07813583364612
2252,ais,joint,28.012858348967654,9.377074362333746,161.06329844523694
2253,ais,joint,28.042355544446316,9.384372667291682,161.04819462327407
2254,ais,joint,28.0652415709365,9.397774002778629,161.03314847578332
2255,ais,joint,28.088266338506397,9.41397552386411,161.0183118222177
2256,ais,joint,28.11125896665635,9.426152924250074,161.00266262089454
2257,ais,joint,28.134067655161424,9.441244264548923,160.98669954422496
2258,ais,joint,28.156625164881625,9.452793092738588,160.9704504042424
2259,ais,joint,28.17851870844852,9.465265428994519,160.9544770966594
2260,ais,joint,28.198271242398455,9.483189841969528,160.93795793421913
2261,ais,joint,28.21819391434631,9.503258468477597,160.9217335417001
2262,ais,joint,28.237864647812664,9.517002525403868,160.9052644592208
2263,ais,joint,28.257337838548715,9.529166035344879,160.8885952320138
2264,ais,joint,28.272345883760785,9.539956525086701,160.87208260382064
2265,ais,joint,28.285013152545666,9.561520205221347,160.85523916608997
2266,ais,joint,28.30265317692417,9.583758137131147,160.83822186450217
2267,ais,joint,28.320673368079007,9.59753071250421,160.82163914199248
2268,ais,joint,28.338634739488846,9.61213147097087,160.80486668252945
2269,ais,joint,28.356397842347945,9.627536169262328,160.78778165908105
2270,ais,joint,28.37907755397481,9.641479581877965,160.77071677079687
2271,ais,joint,28.402423454279894,9.651600262794087,160.75371679403648
2272,ais,joint,28.425242629056,9.667744826262096,160.73611997551737
2273,ais,joint,28.44832468589589,9.673809718851656,160.71891570485923
2274,ais,joint,28.468581995057946,9.686874910438863,160.701443796239
2275,ais,joint,28.484016902178304,9.695813666372029,160.68410688213294
2276,ais,joint,28.492795917175627,9.705801229187621,160.66692773089216
2277,ais,joint,28.504327799196275,9.709783938057525,160.64945566355402
2278,ais,joint,28.515835335782857,9.716907646084625,160.6319259163778
2279,ais,joint,28.527538529143918,9.729981617533593,160.6146307009176
2280,ais,joint,28.53914067205882,9.735255707563194,160.92021074103354
2281,ais,joint,28.558265486604355,9.748866788543229,161.13095290796014
2282,ais,joint,28.571675068918474,9.757385718891362,161.11933703499443
2283,ais,joint,28.584975340433544,9.763512467022798,161.1076151549479
2284,ais,joint,28.601829068364196,9.768418623096464,161.09577559456608
2285,ais,joint,28.616270001051554,9.777603990839333,161.08421452860136
2286,ais,joint,28.631325005877947,9.783190922378598,161.06129382041732
2287,ais,joint,28.649619864648336,9.790999556603147,161.03095363107548
2288,ais,joint,28.672327059494744,9.80201105150841,161.0008806954287
2289,ais,joint,28.69053635821284,9.816396406714178,160.97080053421908
2290,ais,joint,28.702195593878336,9.839558991945113,160.94056042344155
2291,ais,joint,28.713945046422168,9.844024216506684,160.9096608310801
2292,ais,joint,28.72786194160856,9.85380068076663,160.87817903884684
2293,ais,joint,28.73776440344806,9.862340461836336,160.8465038399361
2294,ais,joint,28.748036231320455,9.868692205628896,160.81481298737197
2295,ais,joint,28.763804126844033,9.876800729208437,160.78321648942617
2296,ais,joint,28.7702873943135,9.889392448488556,160.7514199412051
2297,ais,joint,28.784685431802558,9.904625663851407,160.7199985968361
2298,ais,joint,28.799406046861627,9.917747943973371,160.68884492970935
2299,ais,joint,28.81377887146757,9.927858691802827,160.65740372895596
2300,ais,joint,28.830552198453447,9.931671550825365,160.67160480304378
1990,te,fixed,-1.4124577711626727,-1.521914047749853,-1.2759488851475191
1991,te,fixed,-1.3019668979944656,-1.402860851643026,-1.176136551415304
1992,te,fixed,-1.3158782737517538,-1.4178502684035117,-1.1887034435028236
1993,te,fixed,-1.4889486318852436,-1.6043324519208557,-1.3450471834864492
1994,te,fixed,-1.4722315765527845,-1.5863199336941771,-1.3299457705098032
1995,te,fixed,-1.3522487636671956,-1.4570392343718828,-1.2215588583742198
1996,te,fixed,-1.2090283281775,-1.302720148062352,-1.0921801550073968
1997,te,fixed,-1.0620356492687342,-1.144336494040975,-0.9593937817736683
1998,te,fixed,-0.9307684946868264,-1.0028969900465237,-0.840813118362116
1999,te,fixed,-0.7936135656007097,-0.85511344737645,-0.7169137123530689
2000,te,fixed,-0.6344386376727522,-0.6836034993914428,-0.5731224599845597
2001,te,fixed,-0.46887085222934377,-0.5052052890762857,-0.42355619643604725
2002,te,fixed,-0.3116858272386428,-0.3358394485440464,-0.2815625301520085
2003,te,fixed,-0.1639447868044992,-0.17664943985386353,-0.14810012180169957
2004,te,fixed,-0.032530306122798947,-0.03505119294656036,-0.029386370819940787
2005,te,fixed,0.09950100342015844,0.08988459476597602,0.10721168304075589
2006,te,fixed,0.22110755527000792,0.19973831742398176,0.23824195052008804
2007,te,fixed,0.3401039978757989,0.30723418836559396,0.3664598422910665
2008,te,fixed,0.4635860166975103,0.4187821209608699,0.4995109132158837
2009,te,fixed,0.5985705179396961,0.540720863051818,0.6449558340221779
2010,te,fixed,0.7385064695142252,0.6671325158806334,0.7957359103080774
2011,te,fixed,0.8873110524954377,0.8015556792743461,0.9560718791648654
2012,te,fixed,1.0394132472938522,0.9389577523443073,1.119961003274213
2013,te,fixed,1.1984313815995613,1.0826073646216297,1.2913020071525936
2014,te,fixed,1.372633969362756,1.239973908375568,1.479004160720658
2015,te,fixed,1.5444645912681687,1.395197728110682,1.6641505365278277
2016,te,fixed,1.7147262309476938,1.5490042020229269,1.8476063442068735
2017,te,fixed,1.891923185256062,1.7090757177293312,2.0385349082222115
2018,te,fixed,2.072698096370928,1.8723793937817392,2.2333186973899233
2019,te,fixed,2.2513715046495992,2.033784669573465,2.4258381309407167
2020,te,fixed,2.4122293153415315,2.1790961602318317,2.5991613741416937
2021,te,fixed,2.5956625748728284,2.34480126503314,2.796809516411763
2022,te,fixed,2.7878341614128983,2.51840016944569,3.003873149112769
2023,te,fixed,2.984275184205307,2.6958558846865706,3.215537071564779
2024,te,fixed,3.1844686058650953,2.8767013431461255,3.4312441793534565
2025,te,fixed,3.387960174060473,3.060526194321736,3.650505018550273
2026,te,fixed,3.592296682462716,3.2451143253185037,3.87067627531609
2027,te,fixed,3.7863203739950237,3.420386335538725,4.079735539081714
2028,te,fixed,3.9748107111454325,3.5906597698730995,4.28283264954483
2029,te,fixed,4.164700950966079,3.762197811396356,4.487438146016235
2030,te,fixed,4.3531927447142555,3.9324725615536424,4.690536825953958
2031,te,fixed,4.543230468344359,4.104143833114707,4.895301235269349
2032,te,fixed,4.737010706267106,4.279195918627763,5.104098179356514
2033,te,fixed,4.938086310422729,4.4608382998662055,5.320755833037962
2034,te,fixed,5.147702417770506,4.650195775848796,5.546615823276555
2035,te,fixed,5.366848037815753,4.848161771923515,5.782743801371909
2036,te,fixed,5.593401682507675,5.0528198341130945,6.02685387776856
2037,te,fixed,5.822646896637616,5.259909335382732,6.273864102701933
2038,te,fixed,6.05570171404316,5.470440255682092,6.524979150349204
2039,te,fixed,6.29246713611727,5.684323164258018,6.780092350356166
2040,te,fixed,6.5243745237034165,5.893817549640206,7.029971049847338
2041,te,fixed,6.757243442287124,6.104180537560055,7.280885792725017
2042,te,fixed,6.993812809121048,6.317886338918867,7.535787744487771
2043,te,fixed,7.234194271462269,6.535035810674003,7.794797204327845
2044,te,fixed,7.47966863195803,6.756785970573683,8.059294228754556
2045,te,fixed,7.73081015158417,6.9836555793673325,8.329897580228662
2046,te,fixed,7.9910446713690275,7.2187393830573106,8.61029858014245
2047,te,fixed,8.257122919192376,7.459102139809141,8.896996158951964
2048,te,fixed,8.52630055539009,7.702264740366323,9.187033308545598
2049,te,fixed,8.800346213283694,7.9498248860979945,9.48231571980651
2050,te,fixed,9.076828519243168,8.199586186757353,9.780223603486194
2051,te,fixed,9.353674501851167,8.449676016045112,10.07852334638569
2052,te,fixed,9.63331053098028,8.702286244045537,10.379829346237473
2053,te,fixed,9.91279500829146,8.954759567157842,10.680972049992628
2054,te,fixed,10.194780084170556,9.209491815117367,10.984809132415943
2055,te,fixed,10.47919291410361,9.466417183566444,11.29126210401813
2056,te,fixed,10.767431944894222,9.72679896453151,11.60183778212066
2057,te,fixed,11.064442148109535,9.995104216134228,11.921864341375834
2058,te,fixed,11.36925704091717,10.270459862578875,12.250300402827387
2059,te,fixed,11.676179735857442,10.547719599776645,12.581007607346738
2060,te,fixed,11.984032449075071,10.825819472381216,12.912716900501854
2061,te,fixed,12.291745691520756,11.103793353554673,13.244275914808702
2062,te,fixed,12.598017154474116,11.380464797959105,13.574281421104251
2063,te,fixed,12.9049180556154,11.65770484764898,13.904965142947157
2064,te,fixed,13.214608194777083,11.937464565689442,14.238654250588091
2065,te,fixed,13.525074030805689,12.217925012327084,14.57317916655028
2066,te,fixed,13.837626114570455,12.500270078475088,14.909952000858473
2067,te,fixed,14.151596989646995,12.783896814935279,15.248253573563174
2068,te,fixed,14.470042475404194,13.071565707292812,15.59137651012889
2069,te,fixed,14.79274732762976,13.36308231390256,15.939088886318983
2070,te,fixed,15.121135074616438,13.659732584245758,16.29292454459608
2071,te,fixed,15.450753481358664,13.957494575572866,16.64808623074333
2072,te,fixed,15.781349945747115,14.25614009884605,17.004301767633365
2073,te,fixed,16.110526792938277,14.553503205740357,17.358987676240638
2074,te,fixed,16.433437918544634,14.84520615016184,17.706922310654875
2075,te,fixed,16.75444664367347,15.135190554165375,18.052807120946728
2076,te,fixed,17.06820987553477,15.41862971536887,18.390884959439575
2077,te,fixed,17.376481712790742,15.6971082052039,18.72304585601585
2078,te,fixed,17.68035928386476,15.97161711863787,19.0504719594051
2079,te,fixed,17.979271283745316,16.241640365202517,19.372547692178863
2080,te,fixed,18.27859819136965,16.512038420192535,19.695070485343866
2081,te,fixed,18.579258287565207,16.783640815946487,20.019029780510035
2082,te,fixed,18.876999068582656,17.052606037674465,20.339843532588066
2083,te,fixed,19.170838866470476,17.318047292047904,20.656454000754728
2084,te,fixed,19.453032073129847,17.57296755570778,20.960515342738038
2085,te,fixed,19.723167610333952,17.816995479636844,21.251584624426336
2086,te,fixed,19.986674130426678,18.055035056752594,21.535511183358214
2087,te,fixed,20.24254463276781,18.286176609349642,21.811209982903375
2088,te,fixed,20.491932978175512,18.51146248181138,22.079924300577197
2089,te,fixed,20.736950329648316,18.73279980094141,22.343928900758605
2090,te,fixed,20.97806656068951,18.95061302868466,22.60373006908665
2091,te,fixed,21.216033448219704,19.165581285467475,22.860137840296264
2092,te,fixed,21.455399594382833,19.38181356764572,23.11805330356816
2093,te,fixed,21.689617350577294,19.593395032946503,23.37042141018517
2094,te,fixed,21.919331215352898,19.800907891488176,23.617936603136478
2095,te,fixed,22.146185241728013,20.005837304568104,23.862370338840098
2096,te,fixed,22.364884315881632,20.203399911781066,24.098017166646002
2097,te,fixed,22.570594712361082,20.389229149589106,24.31966877886557
2098,te,fixed,22.771065797037004,20.570325435948167,24.535675066745448
2099,te,fixed,22.96815897979086,20.748370282271576,24.74804168730778
2100,te,fixed,23.161375780939558,20.92291338511741,24.95623153194111
2101,te,fixed,23.353885758024504,21.0968179758643,25.163659778249954
2102,te,fixed,23.547235741946693,21.271481389854884,25.371993126454168
2103,te,fixed,23.741745085312633,21.44719211543237,25.581575676907025
2104,te,fixed,23.92870494535171,21.61608298767971,25.78302370825213
2105,te,fixed,24.112808310926876,21.78239343522263,25.98139388541943
2106,te,fixed,24.292000731834687,21.944267562968058,26.174472551697303
2107,te,fixed,24.465560167695998,22.10105311310297,26.361481713280547
2108,te,fixed,24.63136239702598,22.250831162392487,26.54013253535633
2109,te,fixed,24.79268988581225,22.396566938472397,26.713961853644506
2110,te,fixed,24.949784914212476,22.538479306007808,26.883230723436736
2111,te,fixed,25.104025702778404,22.677813285566693,27.04942416839989
2112,te,fixed,25.256277982945477,22.815350938802464,27.21347500851632
2113,te,fixed,25.40766929335839,22.952110831866996,27.376598159330953
2114,te,fixed,25.55977824265562,23.08951900663813,27.540494561368778
2115,te,fixed,25.708569420634323,23.22393006057388,27.700816086422684
2116,te,fixed,25.854698408611718,23.355936215451,27.858269119091545
2117,te,fixed,25.998746914734742,23.48606295944813,28.01348044611448
2118,te,fixed,26.13390896625082,23.608162092227325,28.159116676184343
2119,te,fixed,26.26139397401989,23.723326139505048,28.29648094162467
2120,te,fixed,26.38483131595858,23.83483371307491,28.42948387349906
2121,te,fixed,26.505630620020284,23.943958205495843,28.559644336745034
2122,te,fixed,26.623828176267885,24.050732399528663,28.687001433668968
2123,te,fixed,26.74234424793683,24.15779432563041,28.814701728884607
2124,te,fixed,26.863063314560907,24.266846335269072,28.9447757368142
2125,te,fixed,26.983778873989777,24.375895176670145,29.07484596576381
2126,te,fixed,27.09888294384532,24.479874858474883,29.19886985125111
2127,te,fixed,27.21205107718776,24.582105704961457,29.320807777756134
2128,te,fixed,27.321044264992075,24.68056509915143,29.43824722763922
2129,te,fixed,27.424867600316013,24.77435428822561,29.550116195150846
2130,te,fixed,27.521845263191356,24.861959414096486,29.654608995191474
2131,te,fixed,27.615973884446724,24.946990847816732,29.756031971445093
2132,te,fixed,27.707227172540602,25.0294248388263,29.854356794946984
2133,te,fixed,27.797853869649316,25.111292796581438,29.95200647074394
2134,te,fixed,27.889374762728817,25.193968529531933,30.050619636874664
2135,te,fixed,27.98271559310578,25.278288309485564,30.151193773588428
2136,te,fixed,28.073889630065473,25.36065070869369,30.249433204509472
2137,te,fixed,28.163190500850263,25.44132097639788,30.345654311078764
2138,te,fixed,28.24984517384228,25.51960079166342,30.439024156763548
2139,te,fixed,28.328865670850625,25.590984246178035,30.524168227554544
2140,te,fixed,28.406839290832814,25.66142200050841,30.608184295169167
2141,te,fixed,28.47854468018522,25.726197325811025,30.685446385111135
2142,te,fixed,28.547055404772024,25.78808673903237,30.759266244578043
2143,te,fixed,28.613077206703885,25.847727774885104,30.830404306096966
2144,te,fixed,28.67686480757662,25.90535053705293,30.89913503052816
2145,te,fixed,28.74041160347442,25.962755767167348,30.967606289167453
2146,te,fixed,28.803929182669677,26.020134604266843,31.036046067000065
2147,te,fixed,28.86524892933564,26.075528021325642,31.10211769459893
2148,te,fixed,28.923984440314058,26.128586959639804,31.165404825078056
2149,te,fixed,28.98107410632776,26.180159117895315,31.226918568328646
2150,te,fixed,29.03628511499854,26.23003418418021,31.286408070529717
2151,te,fixed,29.08790719067921,26.27666717474355,31.342030520812067
2152,te,fixed,29.137254674516306,26.32124540445936,31.39520211319955
2153,te,fixed,29.18475904212904,26.36415864840379,31.44638775986124
2154,te,fixed,29.230609642055434,26.405577955270054,31.495791482613452
2155,te,fixed,29.275383722834242,26.446024784633458,31.544035262996537
2156,te,fixed,29.319988253890486,26.486318450635874,31.592096354658004
2157,te,fixed,29.366261595816646,26.52811964303126,31.641955579161255
2158,te,fixed,29.41480071000827,26.571967629076088,31.694256158521412
2159,te,fixed,29.46243239067723,26.61499588173474,31.74557898417187
2160,te,fixed,29.50915163743484,26.657199883887834,31.795918668226406
2161,te,fixed,29.553626744104477,26.697376633898017,31.84384030595436
2162,te,fixed,29.589755667062697,26.73001382837653,31.882768985099883
2163,te,fixed,29.62642719327256,26.763141185483722,31.92228231571455
2164,te,fixed,29.656889160278357,26.79065911460981,31.955104886735597
2165,te,fixed,29.684785511243028,26.815859385116834,31.98516302318462
2166,te,fixed,29.710448501017908,26.839042140637986,32.012814727499645
2167,te,fixed,29.735247262349716,26.861444192239368,32.0395352312968
2168,te,fixed,29.761771714664242,26.885405153091316,32.06811515588677
2169,te,fixed,29.794132641137292,26.91463851418617,32.10298384336405
2170,te,fixed,29.832257070463818,26.949078356629048,32.144062667622805
2171,te,fixed,29.865266396879953,26.978897452180114,32.17963000181512
2172,te,fixed,29.89632858824328,27.006957596171286,32.213099310671566
2173,te,fixed,29.918137286791097,27.026658563638584,32.2365980412961
2174,te,fixed,29.939147412687483,27.045638137585236,32.259236315090554
2175,te,fixed,29.955203110406693,27.060142110747016,32.27653622479701
2176,te,fixed,29.965535375070434,27.06947579975911,32.287669172668345
2177,te,fixed,29.97355216324143,27.07671779462656,32.29630720970165
2178,te,fixed,29.981512734789682,27.083909006002578,32.30488467369014
2179,te,fixed,29.990567559205534,27.092088714702186,32.31464118801555
2180,te,fixed,30.003283437663242,27.10357564993879,32.32834246422314
2181,te,fixed,30.017330265192385,27.116264902879013,32.34347782938548
2182,te,fixed,30.03013248171279,27.12782983191982,32.35727213429322
2183,te,fixed,30.041093566641283,27.137731568014207,32.36908263190372
2184,te,fixed,30.04615926415037,27.142307684356354,32.37454088797207
2185,te,fixed,30.048799286742955,27.144692558405374,32.37738549511862
2186,te,fixed,30.047551826311032,27.143565660469115,32.37604136462911
2187,te,fixed,30.04187409725315,27.138436663192532,32.36992364855368
2188,te,fixed,30.034190848556612,27.131495972427253,32.361644998131446
2189,te,fixed,30.026297810032627,27.124365767255302,32.35314030053671
2190,te,fixed,30.018315759192866,27.11715515248287,32.34453969275153
2191,te,fixed,30.013196350825012,27.11253051624033,32.33902356358274
2192,te,fixed,30.010691929374367,27.110268137978032,32.33632506578334
2193,te,fixed,30.00538689555597,27.10547581630694,32.33060892640074
2194,te,fixed,29.999258164083727,27.09993940435252,32.324005258161634
2195,te,fixed,29.99107949648498,27.092551175112916,32.315192797099414
2196,te,fixed,29.97618779787823,27.0790987047997,32.29914708885441
2197,te,fixed,29.961947411683774,27.066234599932383,32.28380316549103
2198,te,fixed,29.94230840916281,27.048493635293557,32.26264226820214
2199,te,fixed,29.92092599566991,27.029177753987195,32.2396028569475
2200,te,fixed,29.89790075121352,27.00837781533119,32.214793306031005
2201,te,fixed,29.87378302202842,26.98659097660632,32.18880660993573
2202,te,fixed,29.85261357985343,26.96746748371765,32.16599667388884
2203,te,fixed,29.836525365877307,26.952934136876454,32.14866172812738
2204,te,fixed,29.825816115307987,26.943259896269993,32.13712258039845
2205,te,fixed,29.812231989626312,26.93098862673323,32.12248577346274
2206,te,fixed,29.79710528183294,26.917323860013152,32.10618684434999
2207,te,fixed,29.771382808759615,26.89408737003715,32.07847104716837
2208,te,fixed,29.744622079107593,26.8699129671896,32.049636535286325
2209,te,fixed,29.710483455362315,26.839073716772653,32.012852390578054
2210,te,fixed,29.674436967719856,26.806510990537646,31.974012534948287
2211,te,fixed,29.638445773415082,26.773998213741137,31.935232257529698
2212,te,fixed,29.602408011379552,26.741443369815013,31.896401803684565
2213,te,fixed,29.568340638329467,26.710668483973727,31.859694431136226
2214,te,fixed,29.535387074374224,26.680899761645332,31.824187180632286
2215,te,fixed,29.501117951461744,26.64994262432917,31.78726242392141
2216,te,fixed,29.46520961563599,26.617504698042247,31.74857142597423
2217,te,fixed,29.427767993081773,26.583681671590387,31.708228321564874
2218,te,fixed,29.38967005150243,26.549265756950646,31.667178037681182
2219,te,fixed,29.351041739406618,26.514370730168203,31.6255562830208
2220,te,fixed,29.312507156852128,26.479560374309173,31.584035521330645
2221,te,fixed,29.273435571448246,26.44426491496528,31.54193614256828
2222,te,fixed,29.234269588548926,26.408884181299207,31.499735051119476
2223,te,fixed,29.194620223752523,26.373066782831327,31.457013118825287
2224,te,fixed,29.154856148128978,26.33714575991889,31.414167586362083
2225,te,fixed,29.1151275214448,26.301256759935278,31.37136024990013
2226,te,fixed,29.076647389025762,26.26649559180493,31.329898157876237
2227,te,fixed,29.039332992478048,26.232787495430607,31.28969213866015
2228,te,fixed,29.001786876422916,26.198870074393135,31.249236443184227
2229,te,fixed,28.9652920764974,26.165902363620226,31.209913533989752
2230,te,fixed,28.92693160507236,26.131249291685744,31.168580375907425
2231,te,fixed,28.888898603052503,26.096892040434188,31.127600063976068
2232,te,fixed,28.849545471763747,26.061342245587145,31.085197321356727
2233,te,fixed,28.8076649772003,26.023509347897278,31.04007136127202
2234,te,fixed,28.764668749969427,25.984668549028207,30.993743206505982
2235,te,fixed,28.721849223186968,25.94598737315443,30.9476054453221
2236,te,fixed,28.678782431114655,25.907082829278174,30.901201257399066
2237,te,fixed,28.637067355004508,25.86939936295212,30.85625353462026
2238,te,fixed,28.599875267571814,25.835801754963462,30.816179302678893
2239,te,fixed,28.56726002324379,25.80633865490568,30.78103658936949
2240,te,fixed,28.532279521525517,25.774738890947717,30.743345326629253
2241,te,fixed,28.496468036813063,25.742388455467637,30.704758685125768
2242,te,fixed,28.460871984823065,25.710232631924036,30.666404170977415
2243,te,fixed,28.42278583835916,25.675827372444896,30.62536659625378
2244,te,fixed,28.3797632643992,25.636962773161898,30.579010053058774
2245,te,fixed,28.335366071764227,25.596856407079436,30.531172367195644
2246,te,fixed,28.29003484821344,25.555906280758567,30.482328269104954
2247,te,fixed,28.245262002709886,25.515460567285583,30.434085819722902
2248,te,fixed,28.201733924830705,25.476139319191322,30.387184599347766
2249,te,fixed,28.165287028885697,25.443214882654118,30.347913306380246
2250,te,fixed,28.13313466568306,25.414169927951157,30.313269344468264
2251,te,fixed,28.100282215468816,25.384492547089906,30.277871043361596
2252,te,fixed,28.065631741441187,25.353190914851375,30.240535383308245
2253,te,fixed,28.02788665539294,25.319093753544095,30.19986529896083
2254,te,fixed,27.985561159867316,25.280858862610128,30.154259853238095
2255,te,fixed,27.94194740741173,25.241460220074433,30.10726631906496
2256,te,fixed,27.89810077866229,25.201851207888335,30.060021862202138
2257,te,fixed,27.85323661437982,25.161323001262964,30.01168101743066
2258,te,fixed,27.808144822787543,25.120589166676098,29.96309490571561
2259,te,fixed,27.76289386389829,25.079711547730316,29.91433729227488
2260,te,fixed,27.719103161484988,25.04015305680418,29.86715309567494
2261,te,fixed,27.676825090681923,25.001961007166514,29.821598749781845
2262,te,fixed,27.635659874717355,24.964774259010774,29.777243497728147
2263,te,fixed,27.594451558506027,24.927548576089745,29.732841805439307
2264,te,fixed,27.553066616729026,24.89016333781902,29.688249800253992
2265,te,fixed,27.51225716659463,24.85329797202503,29.644277883564857
2266,te,fixed,27.47001706321775,24.815140220400444,29.598764447326154
2267,te,fixed,27.427247800737298,24.77650445096743,29.552680845600264
2268,te,fixed,27.384690520179745,24.73806017617851,29.50682565301545
2269,te,fixed,27.34246931988197,24.69991950071946,29.46133258472135
2270,te,fixed,27.30065541947334,24.66214676110251,29.416278379404666
2271,te,fixed,27.25937279842244,24.624853954633323,29.371796624135207
2272,te,fixed,27.219197973644807,24.588561879972698,29.32850851213407
2273,te,fixed,27.180624444788943,24.55371634183011,29.286945786057874
2274,te,fixed,27.142840656433833,24.5195842186526,29.24623400022692
2275,te,fixed,27.105264422314967,24.485639590352285,29.205745852733514
2276,te,fixed,27.06848539276746,24.452415119712494,29.166116687972803
2277,te,fixed,27.031800883475817,24.41927603429097,29.126589368172084
2278,te,fixed,26.99321722186508,24.38442134268727,29.085015724118524
2279,te,fixed,26.95433021699568,24.349292624843194,29.043115229679707
2280,te,fixed,26.91581933690943,24.3145036806954,29.001620007244693
2281,te,fixed,26.87781136049957,24.280169036420013,28.960666660245085
2282,te,fixed,26.840447017385017,24.246415820632162,28.920406823928577
2283,te,fixed,26.804229946722117,24.21369899760276,28.88138316620546
2284,te,fixed,26.768764890493628,24.181661509558648,28.843169799136827
2285,te,fixed,26.73392205753882,24.150186109180858,28.805626873592463
2286,te,fixed,26.69894986250987,24.118593849101025,28.76794456125586
2287,te,fixed,26.664722777269795,24.087674686669722,28.73106509986317
2288,te,fixed,26.630279987372905,24.056560666649055,28.693953218107843
2289,te,fixed,26.59649150288942,24.02603771581277,28.657546346173355
2290,te,fixed,26.562363832485975,23.995208360137156,28.620774003619548
2291,te,fixed,26.528142864415685,23.964294723673525,28.583901133437454
2292,te,fixed,26.49435817931453,23.933775205023142,28.54749835531268
2293,te,fixed,26.46086359394231,23.903517749022186,28.511408157756136
2294,te,fixed,26.4279620714212,23.873796038513337,28.475956981558472
2295,te,fixed,26.39729313571747,23.846091143458224,28.442911403113587
2296,te,fixed,26.369014792047448,23.82054579844598,28.41244167201283
2297,te,fixed,26.344990805914257,23.798843642849345,28.386555983445334
2298,te,fixed,26.3220267492512,23.77809897840988,28.361812361977584
2299,te,fixed,26.299136145893925,23.757420668282396,28.337147885968342
2300,te,fixed,26.277255922807477,23.737655088861963,28.313572088119354
1990,te,joint,-1.4124577711626727,-1.521914047749853,-1.2759488851475191
1991,te,joint,-1.3019668979944656,-1.402860851643026,-1.176136551415304
1992,te,joint,-1.3158782737517538,-1.4178502684035117,-1.1887034435028236
1993,te,joint,-1.4889486318852436,-1.6043324519208557,-1.3450471834864492
1994,te,joint,-1.4722315765527845,-1.5863199336941771,-1.3299457705098032
1995,te,joint,-1.3522487636671956,-1.4570392343718828,-1.2215588583742198
1996,te,joint,-1.2090283281775,-1.302720148062352,-1.0921801550073968
1997,te,joint,-1.0620356492687342,-1.144336494040975,-0.9593937817736683
1998,te,joint,-0.9307684946868264,-1.0028969900465237,-0.840813118362116
1999,te,joint,-0.7936135656007097,-0.85511344737645,-0.7169137123530689
2000,te,joint,-0.6344386376727522,-0.6836034993914428,-0.5731224599845597
2001,te,joint,-0.46887085222934377,-0.5052052890762857,-0.42355619643604725
2002,te,joint,-0.3116858272386428,-0.3358394485440464,-0.2815625301520085
2003,te,joint,-0.1639447868044992,-0.17664943985386353,-0.14810012180169957
2004,te,joint,-0.032530306122798947,-0.03505119294656036,-0.029386370819940787
2005,te,joint,0.09950100342015844,0.08988459476597602,0.10721168304075589
2006,te,joint,0.22110755527000792,0.19973831742398176,0.23824195052008804
2007,te,joint,0.3401039978757989,0.30723418836559396,0.3664598422910665
2008,te,joint,0.4635860166975103,0.4187821209608699,0.4995109132158837
2009,te,joint,0.5985705179396961,0.540720863051818,0.6449558340221779
2010,te,joint,0.7385064695142252,0.6671325158806334,0.7957359103080774
2011,te,joint,0.8873110524954377,0.8015556792743461,0.9560718791648654
2012,te,joint,1.0394132472938522,0.9389577523443073,1.119961003274213
2013,te,joint,1.1984313815995613,1.0826073646216297,1.2913020071525936
2014,te,joint,1.372633969362756,1.239973908375568,1.479004160720658
2015,te,joint,1.3192436377543553,0.9254356663858128,1.7183198976600735
2016,te,joint,1.4563719533388666,1.0200442492795148,1.9009232246966796
2017,te,joint,1.5920348331407472,1.112552896611786,2.0810368346691663
2018,te,joint,1.7209233929984324,1.197188571735662,2.2533809087207675
2019,te,joint,1.8507185192045852,1.2844783434554337,2.4276960962760272
2020,te,joint,1.9914951892992847,1.381317858516086,2.619488285371885
2021,te,joint,2.1323101940678884,1.4742764005468738,2.808387751034376
2022,te,joint,2.267256781592171,1.5640284769359403,2.995352271386925
2023,te,joint,2.4070798949634815,1.6582568904587578,3.1831372515740703
2024,te,joint,2.551052841251861,1.7504098260067769,3.3746933229235454
2025,te,joint,2.6940561299958294,1.8424261878938073,3.566862009619671
2026,te,joint,2.836440745308596,1.9297687281697045,3.7602451929916265
2027,te,joint,2.9749547705678885,2.0190490843307365,3.9534614575430513
2028,te,joint,3.1155809821573417,2.1051543988039505,4.1475184570007775
2029,te,joint,3.256606296056579,2.194651664330199,4.343822947521944
2030,te,joint,3.398907367816596,2.2829350096939165,4.5442791549316786
2031,te,joint,3.546045732584288,2.376623718700463,4.749118574865895
2032,te,joint,3.6969324893395483,2.4711635178762807,4.958511766117322
2033,te,joint,3.8547007564717086,2.5731805430518473,5.173365554961109
2034,te,joint,4.018687288044852,2.6786287427447166,5.401205435455276
2035,te,joint,4.186358327304745,2.7861210712237474,5.627965490179108
2036,te,joint,4.356651333654538,2.8917394976366166,5.861262370362918
2037,te,joint,4.529378838197949,2.999480741940264,6.101780149808205
2038,te,joint,4.699612347964756,3.1077343552100993,6.343287739031537
2039,te,joint,4.872986588048483,3.218598266420144,6.581177621184357
2040,te,joint,5.042404138359039,3.322158693218415,6.832497133425485
2041,te,joint,5.212352018391786,3.4308911508972284,7.072879737503627
2042,te,joint,5.385861469745334,3.536740404577166,7.314653751482123
2043,te,joint,5.560656864045333,3.643946516180485,7.564542413320647
2044,te,joint,5.739733511455623,3.754124927622417,7.818899541888047
2045,te,joint,5.927447087894853,3.85990356393308,8.083461169222963
2046,te,joint,6.120271245605156,3.9766589156080503,8.356688370081987
2047,te,joint,6.315414229683961,4.101837796019507,8.63880239323269
2048,te,joint,6.51367330093033,4.228790005665063,8.927809836551795
2049,te,joint,6.712707064801481,4.351365156181399,9.217571878651395
2050,te,joint,6.907229148786981,4.476455557546521,9.50785009809135
2051,te,joint,7.099192814592728,4.597944258835214,9.798216600733095
2052,te,joint,7.294805953058592,4.71819931136396,10.086029964696207
2053,te,joint,7.4935921174005475,4.842939969043673,10.378963718701943
2054,te,joint,7.696488232215973,4.9632317397350825,10.669945858810145
2055,te,joint,7.901205452495294,5.089202114217463,10.974361812643075
2056,te,joint,8.109095315019122,5.2174466773293995,11.278618753134063
2057,te,joint,8.321712986096946,5.347540366750669,11.585236091029998
2058,te,joint,8.538364162937711,5.478177414693877,11.898213416373574
2059,te,joint,8.753004954492113,5.614848775778361,12.216255649451307
2060,te,joint,8.971419746237203,5.750407394022239,12.537338321817977
2061,te,joint,9.188946241731667,5.883101755214117,12.857508990494654
2062,te,joint,9.41051824766889,6.017206999584033,13.178043204289395
2063,te,joint,9.626010288856612,6.1486044396073,13.500392157455028
2064,te,joint,9.84336457339029,6.284576365424463,13.82556412894186
2065,te,joint,10.061096545184345,6.42214251756962,14.1632891947548
2066,te,joint,10.284676165485415,6.556693938829246,14.506045239417395
2067,te,joint,10.51915281294633,6.7046332177847425,14.854303522343962
2068,te,joint,10.752634622046388,6.854175722165378,15.205165744581285
2069,te,joint,10.991352635401462,7.008969988875903,15.564809378713607
2070,te,joint,11.228462924275233,7.154659572867735,15.924230180351122
2071,te,joint,11.458273164316495,7.294948512768342,16.280197494104343
2072,te,joint,11.685016921950972,7.433055882108422,16.650298298398702
2073,te,joint,11.91112758044782,7.568576351479844,17.00813764374212
2074,te,joint,12.128930310347155,7.688938186472967,17.345813129035193
2075,te,joint,12.341767523764847,7.820039040304914,17.699058603999653
2076,te,joint,12.554275285447025,7.941616907487614,18.052725809498227
2077,te,joint,12.765623657355459,8.06744037805888,18.391652833241004
2078,te,joint,12.977445056536585,8.182962917383618,18.74259853990056
2079,te,joint,13.183672339857672,8.29635937619943,19.07285853519348
2080,te,joint,13.390983226877267,8.408691681768795,19.412532539585197
2081,te,joint,13.59086904558637,8.514225520300652,19.74446334075296
2082,te,joint,13.782697814981084,8.624035358139096,20.05057576218208
2083,te,joint,13.964444996541014,8.717639646822246,20.367079789321192
2084,te,joint,14.143479485550479,8.800857793131835,20.688273062413273
2085,te,joint,14.317089825023862,8.894919212947057,20.980521336523204
2086,te,joint,14.48288936096127,8.97910277801168,21.261633829298606
2087,te,joint,14.644942539251531,9.058655067908001,21.540746562658335
2088,te,joint,14.806129761517024,9.131774525467234,21.82256239852374
2089,te,joint,14.96456422279326,9.206833900824096,22.10097330907931
2090,te,joint,15.122577951123684,9.278590873850261,22.375705905453838
2091,te,joint,15.27441472160466,9.352259733395238,22.65019868179241
2092,te,joint,15.423388639866154,9.428962747909628,22.918451889862396
2093,te,joint,15.56612055298438,9.504568267449669,23.186972369331773
2094,te,joint,15.701016045574391,9.566812731876468,23.456909596178786
2095,te,joint,15.83551080628485,9.623283296343915,23.715253864203707
2096,te,joint,15.960312770108146,9.685166381182816,23.974068731152684
2097,te,joint,16.07710842943628,9.73648070083208,24.21981335814078
2098,te,joint,16.199668871302006,9.793352467668498,24.474731189003492
2099,te,joint,16.317599835546073,9.851582574099291,24.692357893255963
2100,te,joint,16.437983204399217,9.903298733204196,24.92998132583794
2101,te,joint,16.562277936095683,9.96273882477063,25.14875087789331
2102,te,joint,16.683902274537697,10.015958803455106,25.35129550596357
2103,te,joint,16.796317567892626,10.062737206931546,25.577463633940994
2104,te,joint,16.9089868834511,10.111509595832842,25.791198672136733
2105,te,joint,17.01132275432284,10.156614465525884,25.99019408034351
2106,te,joint,17.10924681449736,10.198521706908712,26.209276270967898
2107,te,joint,17.208447774174672,10.238314774966039,26.416683349971237
2108,te,joint,17.303585094538406,10.282052062485166,26.638260480419692
2109,te,joint,17.392968067743006,10.329873701295124,26.845064837738125
2110,te,joint,17.485478247443297,10.370291489519442,27.03930257536586
2111,te,joint,17.583468217536222,10.412796631972107,27.263160696784833
2112,te,joint,17.676509812836755,10.4499428076577,27.447147995637057
2113,te,joint,17.763020962797324,10.483368443928525,27.653871631177786
2114,te,joint,17.850312764754825,10.510202425367787,27.849800203817328
2115,te,joint,17.936835529566608,10.528679389971916,28.02761014618109
2116,te,joint,18.013281959718157,10.558046256235452,28.218815754536145
2117,te,joint,18.093575480185454,10.589811717531262,28.412561417493908
2118,te,joint,18.171240645820546,10.62252158316452,28.58660612645199
2119,te,joint,18.247825965628635,10.654707752645445,28.765448365508174
2120,te,joint,18.317488296863424,10.687200708377656,28.94405309422198
2121,te,joint,18.392802392193733,10.709531446084153,29.12326868617283
2122,te,joint,18.46638079780504,10.73760154929211,29.279228285937204
2123,te,joint,18.540676296542784,10.755012932808064,29.45843339855897
2124,te,joint,18.60502056110981,10.782221056483854,29.632609614561453
2125,te,joint,18.673244917944174,10.795067791340326,29.80335789093409
2126,te,joint,18.733327938769172,10.814491336332935,29.950908871302257
2127,te,joint,18.795146471506712,10.82537434316972,30.08610118116267
2128,te,joint,18.852383022505364,10.841803718099854,30.220965014838168
2129,te,joint,18.89398601042984,10.851932073124619,30.353145372490953
2130,te,joint,18.941782938319854,10.85760587536587,30.499004332085644
2131,te,joint,18.995132412944994,10.86669752817729,30.64019965137875
2132,te,joint,19.056312279351985,10.893359939775662,30.799083034219517
2133,te,joint,19.111840178235994,10.905570550576394,30.949879345496832
2134,te,joint,19.164567362685844,10.913220931374447,31.101400923341547
2135,te,joint,19.207889516433543,10.923611782493627,31.248116226245216
2136,te,joint,19.239577167664265,10.925741541431826,31.39485007023768
2137,te,joint,19.280550615512198,10.931966662004932,31.51463814465947
2138,te,joint,19.31201065897202,10.93918168756735,31.627207979125785
2139,te,joint,19.347324916483426,10.947339196545403,31.74456290861536
2140,te,joint,19.385274577687564,10.94889761937647,31.873478908112894
2141,te,joint,19.417759314037284,10.95454496537176,32.00482313776915
2142,te,joint,19.453172453755677,10.969213053407673,32.134720174189354
2143,te,joint,19.49238460883028,10.982898544940879,32.26157762201281
2144,te,joint,19.52492503594375,10.989380861106698,32.386128357194856
2145,te,joint,19.55580334169567,10.997440902726439,32.48983818461298
2146,te,joint,19.58109882347229,11.010228403192325,32.582328919821954
2147,te,joint,19.602613657647616,11.01158142360532,32.678114577717594
2148,te,joint,19.626330911885447,11.01119972774846,32.793275142565335
2149,te,joint,19.654723703360858,11.014069059362278,32.90178611933714
2150,te,joint,19.675624208140224,11.015733474867915,33.01526772425528
2151,te,joint,19.695133350343834,11.00601660769065,33.12764834878715
2152,te,joint,19.72289686875114,11.004511970260651,33.2256741538507
2153,te,joint,19.750424839763753,11.006320294408381,33.319061598611974
2154,te,joint,19.785539573039138,11.011467361043746,33.44733372697527
2155,te,joint,19.81180936555357,11.01569768288872,33.54497440875416
2156,te,joint,19.84192026317237,11.014867802322147,33.63663016510278
2157,te,joint,19.86347580732194,11.017184477053474,33.7422920578701
2158,te,joint,19.881381895211042,11.007030182365561,33.8502714514477
2159,te,joint,19.888858011659668,11.001990262131637,33.944320794455415
2160,te,joint,19.890420864179767,10.989722654932837,34.040412447814795
2161,te,joint,19.895242717484315,10.98726194655264,34.135804593445044
2162,te,joint,19.903845485823876,10.986038579858091,34.23680642568487
2163,te,joint,19.91304749686534,10.982037104470205,34.333156550991404
2164,te,joint,19.927164009284304,10.986800931913328,34.431294250369454
2165,te,joint,19.932587671578595,10.988169213502559,34.523932127230196
2166,te,joint,19.941191925745805,10.987847797878901,34.6141227211592
2167,te,joint,19.944144505312902,10.974979182917679,34.6917362752794
2168,te,joint,19.94720740643947,10.962285622849247,34.76907512300594
2169,te,joint,19.948720390809633,10.952294822211753,34.830829307208475
2170,te,joint,19.938796595730402,10.938719485848514,34.863748231000486
2171,te,joint,19.939230820954897,10.917501056200711,34.93948289777735
2172,te,joint,19.9428989838036,10.912137804823631,35.00976040013606
2173,te,joint,19.94835440302171,10.904978392879238,35.0773070961738
2174,te,joint,19.9599693745206,10.897042848398854,35.14900237664856
2175,te,joint,19.96517109592194,10.886060111181285,35.22242779306839
2176,te,joint,19.97177807818528,10.881453788103723,35.29560415064046
2177,te,joint,19.970945902233687,10.871994882370968,35.37137839423099
2178,te,joint,19.98109182608033,10.863270600963777,35.431138065563324
2179,te,joint,19.964125812504054,10.85051898899391,35.48828636637968
2180,te,joint,19.95901831702752,10.831352387896414,35.53764625450913
2181,te,joint,19.95186086134762,10.815869835287607,35.597396760490646
2182,te,joint,19.947400818566795,10.803869098531704,35.639193632687004
2183,te,joint,19.93924542454642,10.795589172995793,35.68783780509152
2184,te,joint,19.927873067385807,10.782231092210084,35.754180941141854
2185,te,joint,19.91639786160505,10.77160180889049,35.82693041053722
2186,te,joint,19.912127438489563,10.758250074382655,35.87991471708847
2187,te,joint,19.894442454004366,10.757407511851282,35.932658290501365
2188,te,joint,19.88885550239805,10.755892049354458,35.98174579505121
2189,te,joint,19.87482598659753,10.737357074753975,36.035415304195574
2190,te,joint,19.86013515645447,10.739589063201722,36.06714967799144
2191,te,joint,19.840470667521586,10.728144749382086,36.083903698014666
2192,te,joint,19.82899040260441,10.708602727514844,36.09564841778634
2193,te,joint,19.80876265217926,10.688460853475526,36.10594518980708
2194,te,joint,19.788965583619124,10.686924964629807,36.1314882361251
2195,te,joint,19.76516738402723,10.669775039492233,36.158759103752935
2196,te,joint,19.745404142637682,10.661110560936814,36.18660028675096
2197,te,joint,19.736393562763368,10.65409398817447,36.2157551826956
2198,te,joint,19.717726439166004,10.644707149060045,36.24502414380711
2199,te,joint,19.696237603531884,10.630919017395362,36.27170555021348
2200,te,joint,19.671223971748084,10.623240928213178,36.29163685971077
2201,te,joint,19.651224425030136,10.60309824829576,36.28381755519584
2202,te,joint,19.62263840138762,10.582181300384269,36.32175414030223
2203,te,joint,19.59270648422871,10.560310359143664,36.31112591000422
2204,te,joint,19.56474623036192,10.539572188389345,36.317113107624905
2205,te,joint,19.536785568297027,10.511484754914171,36.32573930734315
2206,te,joint,19.499519826791747,10.485232488435289,36.33674724756965
2207,te,joint,19.46565463151054,10.462519775776157,36.36022431777795
2208,te,joint,19.439528738056588,10.436647098060968,36.37805537916499
2209,te,joint,19.402537666102596,10.421204793574486,36.38408077273325
2210,te,joint,19.367834644468452,10.413101636325136,36.37911809424408
2211,te,joint,19.335823704558642,10.39501097898988,36.39605187302192
2212,te,joint,19.306252087840463,10.372776827084579,36.41207667650425
2213,te,joint,19.264779512809408,10.349485428703865,36.42828795805447
2214,te,joint,19.224757237609282,10.325367996719608,36.439092045941784
2215,te,joint,19.189126756796064,10.299796557909533,36.43179131722296
2216,te,joint,19.154249390378958,10.273250762253546,36.42797518444328
2217,te,joint,19.111637134294877,10.247355924325856,36.44682285262976
2218,te,joint,19.068724661330794,10.226952519926787,36.44382004736876
2219,te,joint,19.022042213002152,10.204117319395587,36.413067370726644
2220,te,joint,18.978925273640513,10.18345798939678,36.4087588473359
2221,te,joint,18.949175240934245,10.174054909692076,36.40313407688038
2222,te,joint,18.928595385096855,10.161890046740181,36.398206377919514
2223,te,joint,18.89997246214567,10.150302178668746,36.39026066233894
2224,te,joint,18.873121165913023,10.130524154281014,36.38627687414158
2225,te,joint,18.844406673396524,10.117688818092832,36.377484464751575
2226,te,joint,18.813950175141287,10.098941199348346,36.366847061941726
2227,te,joint,18.769719969897814,10.068734234533464,36.35483629670319
2228,te,joint,18.722560792510173,10.045201091746558,36.34191287436667
2229,te,joint,18.686507796790544,10.020055825786018,36.32879666900814
2230,te,joint,18.658520996875893,9.994782017112698,36.32274195565362
2231,te,joint,18.629158270493253,9.97962227392823,36.32691025682093
2232,te,joint,18.600913894245362,9.96905585399912,36.304509693985224
2233,te,joint,18.5712538353151,9.960939411705926,36.314732664060806
2234,te,joint,18.534208379826836,9.94278144714085,36.334286400620464
2235,te,joint,18.492540164656425,9.92562054928088,36.30999432178925
2236,te,joint,18.456066528634025,9.904803573778429,36.30657016848858
2237,te,joint,18.424702161367613,9.886665325431006,36.31763545518073
2238,te,joint,18.395194305214158,9.863404098288287,36.32778279227594
2239,te,joint,18.35041546913342,9.841584051805741,36.337738851006236
2240,te,joint,18.3204114901337,9.824359964570924,36.335376601257735
2241,te,joint,18.291159603973696,9.804756372966123,36.33638672951393
2242,te,joint,18.25637133597757,9.792361765012995,36.32887375714511
2243,te,joint,18.225869380624133,9.7777940914586,36.320669500845156
2244,te,joint,18.200642663900474,9.763708796683648,36.28997858763066
2245,te,joint,18.170609002369527,9.756513752597915,36.287354514998846
2246,te,joint,18.12943203197168,9.742292310772935,36.28353812266406
2247,te,joint,18.09258618132376,9.715275588414572,36.27324959282136
2248,te,joint,18.05748685207946,9.688258531816768,36.27365530148691
2249,te,joint,18.022282806174545,9.67227131138887,36.24646286785005
2250,te,joint,17.988651565056067,9.656459491495323,36.216041220994335
2251,te,joint,17.952066161861005,9.632393154311698,36.217456707418265
2252,te,joint,17.916930148700185,9.614385355513145,36.18142944806145
2253,te,joint,17.882397891436746,9.599194211859892,36.16159784246782
2254,te,joint,17.848543075128564,9.584403351934416,36.15457488770206
2255,te,joint,17.820494773304446,9.568119341114029,36.14021006931043
2256,te,joint,17.792859661554907,9.552101021130387,36.135857915526046
2257,te,joint,17.761102043256116,9.538751822013008,36.13410515153031
2258,te,joint,17.735012510961813,9.520269021868256,36.12853869990387
2259,te,joint,17.702287488563865,9.506021285238146,36.12742702536389
2260,te,joint,17.672917043126535,9.491548581258531,36.12226880891815
2261,te,joint,17.63771540671788,9.470306606550011,36.1079202124946
2262,te,joint,17.610555163732997,9.453969156408046,36.11025518536713
2263,te,joint,17.58333795220134,9.435031325059454,36.106328398015705
2264,te,joint,17.546728090272588,9.417237100190722,36.08981648058536
2265,te,joint,17.53088447013316,9.404230264501248,36.07540698750575
2266,te,joint,17.510277770366912,9.393940900943937,36.063409891655006
2267,te,joint,17.486827710082473,9.38072515865136,36.05319867938147
2268,te,joint,17.46865522106623,9.372726189936566,36.045807202845836
2269,te,joint,17.449267658387257,9.366356631327108,36.038452607654
2270,te,joint,17.428257978475933,9.357968338421951,36.028421810714285
2271,te,joint,17.407005892172027,9.34320936147916,36.01905527870356
2272,te,joint,17.38634789195965,9.330881597738955,36.00209767324443
2273,te,joint,17.359252723367387,9.318161011831302,35.9904235612462
2274,te,joint,17.338802526046504,9.30619305618052,35.980411568602456
2275,te,joint,17.317934288433158,9.299596119826699,35.95434181328956
2276,te,joint,17.295385464521708,9.297388029836062,35.94752538530133
2277,te,joint,17.278729608026243,9.292218916635687,35.94113491802825
2278,te,joint,17.257087334276438,9.284135662620574,35.93476009986763
2279,te,joint,17.23869512891653,9.274392040228598,35.92769991626514
2280,te,joint,17.219971672789825,9.262854100321139,35.91925916805725
2281,te,joint,17.203215202111902,9.249903448965856,35.90449155924288
2282,te,joint,17.177298967831735,9.235468033595499,35.89638162715452
2283,te,joint,17.16251153883656,9.225476421188812,35.886187964540426
2284,te,joint,17.141624832260085,9.220710886213725,35.88170443327155
2285,te,joint,17.126432985451494,9.21021884602229,35.87205915086995
2286,te,joint,17.11892266843357,9.210336578773616,35.85564778689674
2287,te,joint,17.11000671178778,9.210142026712145,35.8318131933733
2288,te,joint,17.098637895708684,9.218042423459035,35.80787967785878
2289,te,joint,17.08861881616177,9.215101996546327,35.80416190866231
2290,te,joint,17.072632258607747,9.213266556738619,35.79132392341719
2291,te,joint,17.05385819148742,9.201114104827717,35.783180152239716
2292,te,joint,17.027417868113766,9.197992112701197,35.75392119017521
2293,te,joint,17.010584346510797,9.179341776591075,35.73187897832853
2294,te,joint,16.992078315036316,9.17080245077359,35.71217635112256
2295,te,joint,16.977687794429656,9.166887710707568,35.70827573015497
2296,te,joint,16.968362767605797,9.161613823342504,35.714193797292054
2297,te,joint,16.963117473806673,9.165837521555993,35.71373856008563
2298,te,joint,16.95478149397424,9.16977622811086,35.70367063466699
2299,te,joint,16.951737184049513,9.168517957525163,35.70017381245127
2300,te,joint,16.947241324868397,9.163090706181631,35.679242493762615
1990,lws,fixed,0.0,0.0,0.0
1991,lws,fixed,0.0,0.0,0.0
1992,lws,fixed,0.0,0.0,0.0
1993,lws,fixed,0.0,0.0,0.0
1994,lws,fixed,0.0,0.0,0.0
1995,lws,fixed,0.0,0.0,0.0
1996,lws,fixed,0.0,0.0,0.0
1997,lws,fixed,0.0,0.0,0.0
1998,lws,fixed,0.0,0.0,0.0
1999,lws,fixed,0.0,0.0,0.0
2000,lws,fixed,0.0,0.0,0.0
2001,lws,fixed,0.0,0.0,0.0
2002,lws,fixed,0.0,0.0,0.0
2003,lws,fixed,0.0,0.0,0.0
2004,lws,fixed,0.0,0.0,0.0
2005,lws,fixed,0.0,0.0,0.0
2006,lws,fixed,0.0,0.0,0.0
2007,lws,fixed,0.0,0.0,0.0
2008,lws,fixed,0.0,0.0,0.0
2009,lws,fixed,0.0,0.0,0.0
2010,lws,fixed,0.0,0.0,0.0
2011,lws,fixed,0.0,0.0,0.0
2012,lws,fixed,0.0,0.0,0.0
2013,lws,fixed,0.0,0.0,0.0
2014,lws,fixed,0.0,0.0,0.0
2015,lws,fixed,0.0,0.0,0.0
2016,lws,fixed,0.0,0.0,0.0
2017,lws,fixed,0.0,0.0,0.0
2018,lws,fixed,0.0,0.0,0.0
2019,lws,fixed,0.04799015733533104,0.04799015733533104,0.04799015733533104
2020,lws,fixed,0.05791438615406403,0.05791438615406403,0.05791438615406403
2021,lws,fixed,0.10102015996102251,0.10102015996102251,0.10102015996102251
2022,lws,fixed,0.14663197191904284,0.14663197191904284,0.14663197191904284
2023,lws,fixed,0.1515911834031945,0.1515911834031945,0.1515911834031945
2024,lws,fixed,0.18566222490860249,0.18566222490860249,0.18566222490860249
2025,lws,fixed,0.23005486383340987,0.23005486383340987,0.23005486383340987
2026,lws,fixed,0.2845140413515041,0.2845140413515041,0.2845140413515041
2027,lws,fixed,0.3262964981037485,0.3262964981037485,0.3262964981037485
2028,lws,fixed,0.37745799761464527,0.37745799761464527,0.37745799761464527
2029,lws,fixed,0.40306914028751295,0.40306914028751295,0.40306914028751295
2030,lws,fixed,0.4610753742637405,0.4610753742637405,0.4610753742637405
2031,lws,fixed,0.5064181640970788,0.5064181640970788,0.5064181640970788
2032,lws,fixed,0.5565419669634262,0.5565419669634262,0.5565419669634262
2033,lws,fixed,0.5801526451796354,0.5801526451796354,0.5801526451796354
2034,lws,fixed,0.6235381018243776,0.6235381018243776,0.6235381018243776
2035,lws,fixed,0.6436840480074949,0.6436840480074949,0.6436840480074949
2036,lws,fixed,0.6885424380555962,0.6885424380555962,0.6885424380555962
2037,lws,fixed,0.7127950522864109,0.7127950522864109,0.7127950522864109
2038,lws,fixed,0.7426108117832914,0.7426108117832914,0.7426108117832914
2039,lws,fixed,0.7869911126050508,0.7869911126050508,0.7869911126050508
2040,lws,fixed,0.8201880512157937,0.8201880512157937,0.8201880512157937
2041,lws,fixed,0.8608159531665907,0.8608159531665907,0.8608159531665907
2042,lws,fixed,0.9306795072924124,0.9306795072924124,0.9306795072924124
2043,lws,fixed,0.9728876477034785,0.9728876477034785,0.9728876477034785
2044,lws,fixed,0.9622962692122209,0.9622962692122209,0.9622962692122209
2045,lws,fixed,0.9455552480933574,0.9455552480933574,0.9455552480933574
2046,lws,fixed,0.9387829953722603,0.9387829953722603,0.9387829953722603
2047,lws,fixed,0.9603173485071256,0.9603173485071256,0.9603173485071256
2048,lws,fixed,0.9946407104756743,0.9946407104756743,0.9946407104756743
2049,lws,fixed,1.0123001628645185,1.0123001628645185,1.0123001628645185
2050,lws,fixed,1.0367873592541808,1.0367873592541808,1.0367873592541808
2051,lws,fixed,1.1022903300529752,1.1022903300529752,1.1022903300529752
2052,lws,fixed,1.1578796789786756,1.1578796789786756,1.1578796789786756
2053,lws,fixed,1.1766512302147847,1.1766512302147847,1.1766512302147847
2054,lws,fixed,1.192925264386108,1.192925264386108,1.192925264386108
2055,lws,fixed,1.2618508262448935,1.2618508262448935,1.2618508262448935
2056,lws,fixed,1.2922674666460656,1.2922674666460656,1.2922674666460656
2057,lws,fixed,1.3192290446266437,1.3192290446266437,1.3192290446266437
2058,lws,fixed,1.3331261967500805,1.3331261967500805,1.3331261967500805
2059,lws,fixed,1.3527843645529898,1.3527843645529898,1.3527843645529898
2060,lws,fixed,1.3922663725651958,1.3922663725651958,1.3922663725651958
2061,lws,fixed,1.4415463962689319,1.4415463962689319,1.4415463962689319
2062,lws,fixed,1.447167856015673,1.447167856015673,1.447167856015673
2063,lws,fixed,1.4915359460153184,1.4915359460153184,1.4915359460153184
2064,lws,fixed,1.5241440890351976,1.5241440890351976,1.5241440890351976
2065,lws,fixed,1.5432725899488295,1.5432725899488295,1.5432725899488295
2066,lws,fixed,1.5846986584738234,1.5846986584738234,1.5846986584738234
2067,lws,fixed,1.6084997967528067,1.6084997967528067,1.6084997967528067
2068,lws,fixed,1.658356216029776,1.658356216029776,1.658356216029776
2069,lws,fixed,1.703984258039325,1.703984258039325,1.703984258039325
2070,lws,fixed,1.7402566206886732,1.7402566206886732,1.7402566206886732
2071,lws,fixed,1.7497460676796563,1.7497460676796563,1.7497460676796563
2072,lws,fixed,1.792107082795087,1.792107082795087,1.792107082795087
2073,lws,fixed,1.767318354602176,1.767318354602176,1.767318354602176
2074,lws,fixed,1.7999543919591257,1.7999543919591257,1.7999543919591257
2075,lws,fixed,1.8585156903768523,1.8585156903768523,1.8585156903768523
2076,lws,fixed,1.9108383241124354,1.9108383241124354,1.9108383241124354
2077,lws,fixed,1.936024301647267,1.936024301647267,1.936024301647267
2078,lws,fixed,1.9689902526904426,1.9689902526904426,1.9689902526904426
2079,lws,fixed,1.9929289610182945,1.9929289610182945,1.9929289610182945
2080,lws,fixed,2.0051310144705425,2.0051310144705425,2.0051310144705425
2081,lws,fixed,2.012287947331182,2.012287947331182,2.012287947331182
2082,lws,fixed,2.0445192998875332,2.0445192998875332,2.0445192998875332
2083,lws,fixed,2.0765315529975927,2.0765315529975927,2.0765315529975927
2084,lws,fixed,2.12285065315953,2.12285065315953,2.12285065315953
2085,lws,fixed,2.168309478867345,2.168309478867345,2.168309478867345
2086,lws,fixed,2.188905417474962,2.188905417474962,2.188905417474962
2087,lws,fixed,2.242030917090907,2.242030917090907,2.242030917090907
2088,lws,fixed,2.2721112956899256,2.2721112956899256,2.2721112956899256
2089,lws,fixed,2.309270289105232,2.309270289105232,2.309270289105232
2090,lws,fixed,2.368107784941434,2.368107784941434,2.368107784941434
2091,lws,fixed,2.391292200183621,2.391292200183621,2.391292200183621
2092,lws,fixed,2.3862527731812118,2.3862527731812118,2.3862527731812118
2093,lws,fixed,2.4130628770181146,2.4130628770181146,2.4130628770181146
2094,lws,fixed,2.4019303203389546,2.4019303203389546,2.4019303203389546
2095,lws,fixed,2.431707812103944,2.431707812103944,2.431707812103944
2096,lws,fixed,2.467323321382365,2.467323321382365,2.467323321382365
2097,lws,fixed,2.504706159104757,2.504706159104757,2.504706159104757
2098,lws,fixed,2.543462500832068,2.543462500832068,2.543462500832068
2099,lws,fixed,2.5953821924803715,2.5953821924803715,2.5953821924803715
2100,lws,fixed,2.596380650083528,2.596380650083528,2.596380650083528
2101,lws,fixed,2.6439945460779772,2.6439945460779772,2.6439945460779772
2102,lws,fixed,2.682727721997994,2.682727721997994,2.682727721997994
2103,lws,fixed,2.7042226285783593,2.7042226285783593,2.7042226285783593
2104,lws,fixed,2.7145332680885415,2.7145332680885415,2.7145332680885415
2105,lws,fixed,2.722074181430264,2.722074181430264,2.722074181430264
2106,lws,fixed,2.7516842095651906,2.7516842095651906,2.7516842095651906
2107,lws,fixed,2.7898153994354655,2.7898153994354655,2.7898153994354655
2108,lws,fixed,2.8192113133504284,2.8192113133504284,2.8192113133504284
2109,lws,fixed,2.879204985614669,2.879204985614669,2.879204985614669
2110,lws,fixed,2.9193133107850935,2.9193133107850935,2.9193133107850935
2111,lws,fixed,2.9720856215931226,2.9720856215931226,2.9720856215931226
2112,lws,fixed,3.001654499001692,3.001654499001692,3.001654499001692
2113,lws,fixed,3.020382376334686,3.020382376334686,3.020382376334686
2114,lws,fixed,3.0870486403985082,3.0870486403985082,3.0870486403985082
2115,lws,fixed,3.1524626466668244,3.1524626466668244,3.1524626466668244
2116,lws,fixed,3.2088149105341177,3.2088149105341177,3.2088149105341177
2117,lws,fixed,3.2342713686394085,3.2342713686394085,3.2342713686394085
2118,lws,fixed,3.240410064624602,3.240410064624602,3.240410064624602
2119,lws,fixed,3.2481015415255485,3.2481015415255485,3.2481015415255485
2120,lws,fixed,3.275185202412382,3.275185202412382,3.275185202412382
2121,lws,fixed,3.318941835361753,3.318941835361753,3.318941835361753
2122,lws,fixed,3.3930045339144,3.3930045339144,3.3930045339144
2123,lws,fixed,3.402871459621438,3.402871459621438,3.402871459621438
2124,lws,fixed,3.418352831291919,3.418352831291919,3.418352831291919
2125,lws,fixed,3.416339303207685,3.416339303207685,3.416339303207685
2126,lws,fixed,3.4836403760724224,3.4836403760724224,3.4836403760724224
2127,lws,fixed,3.547029786706335,3.547029786706335,3.547029786706335
2128,lws,fixed,3.568611071090668,3.568611071090668,3.568611071090668
2129,lws,fixed,3.627399972426858,3.627399972426858,3.627399972426858
2130,lws,fixed,3.6697723321948086,3.6697723321948086,3.6697723321948086
2131,lws,fixed,3.7155165177929357,3.7155165177929357,3.7155165177929357
2132,lws,fixed,3.725133457810019,3.725133457810019,3.725133457810019
2133,lws,fixed,3.729741535909395,3.729741535909395,3.729741535909395
2134,lws,fixed,3.746984424753355,3.746984424753355,3.746984424753355
2135,lws,fixed,3.788720765804733,3.788720765804733,3.788720765804733
2136,lws,fixed,3.8184897820045234,3.8184897820045234,3.8184897820045234
2137,lws,fixed,3.8186881696532615,3.8186881696532615,3.8186881696532615
2138,lws,fixed,3.850861385526544,3.850861385526544,3.850861385526544
2139,lws,fixed,3.8947730791384085,3.8947730791384085,3.8947730791384085
2140,lws,fixed,3.9198728634877917,3.9198728634877917,3.9198728634877917
2141,lws,fixed,3.9244427138611306,3.9244427138611306,3.9244427138611306
2142,lws,fixed,3.9597114084129115,3.9597114084129115,3.9597114084129115
2143,lws,fixed,3.9932849913182284,3.9932849913182284,3.9932849913182284
2144,lws,fixed,4.0260222952927975,4.0260222952927975,4.0260222952927975
2145,lws,fixed,4.059316538503893,4.059316538503893,4.059316538503893
2146,lws,fixed,4.079487812157288,4.079487812157288,4.079487812157288
2147,lws,fixed,4.125418166896138,4.125418166896138,4.125418166896138
2148,lws,fixed,4.153147261683872,4.153147261683872,4.153147261683872
2149,lws,fixed,4.20592350070585,4.20592350070585,4.20592350070585
2150,lws,fixed,4.2307986469202445,4.2307986469202445,4.2307986469202445
2151,lws,fixed,4.263482571569279,4.263482571569279,4.263482571569279
2152,lws,fixed,4.295805886617335,4.295805886617335,4.295805886617335
2153,lws,fixed,4.351237344427586,4.351237344427586,4.351237344427586
2154,lws,fixed,4.392877111944913,4.392877111944913,4.392877111944913
2155,lws,fixed,4.437298525869313,4.437298525869313,4.437298525869313
2156,lws,fixed,4.470487414392425,4.470487414392425,4.470487414392425
2157,lws,fixed,4.516634119818392,4.516634119818392,4.516634119818392
2158,lws,fixed,4.562377184208207,4.562377184208207,4.562377184208207
2159,lws,fixed,4.626120358682517,4.626120358682517,4.626120358682517
2160,lws,fixed,4.64664774326856,4.64664774326856,4.64664774326856
2161,lws,fixed,4.634313539723813,4.634313539723813,4.634313539723813
2162,lws,fixed,4.6844452393474,4.6844452393474,4.6844452393474
2163,lws,fixed,4.747942202617905,4.747942202617905,4.747942202617905
2164,lws,fixed,4.750748028339521,4.750748028339521,4.750748028339521
2165,lws,fixed,4.760026303662078,4.760026303662078,4.760026303662078
2166,lws,fixed,4.79510377968571,4.79510377968571,4.79510377968571
2167,lws,fixed,4.8069909267172335,4.8069909267172335,4.8069909267172335
2168,lws,fixed,4.815646054346008,4.815646054346008,4.815646054346008
2169,lws,fixed,4.846885962131313,4.846885962131313,4.846885962131313
2170,lws,fixed,4.858678539468278,4.858678539468278,4.858678539468278
2171,lws,fixed,4.8868981273175995,4.8868981273175995,4.8868981273175995
2172,lws,fixed,4.899277769248436,4.899277769248436,4.899277769248436
2173,lws,fixed,4.926630517537223,4.926630517537223,4.926630517537223
2174,lws,fixed,4.956666017741132,4.956666017741132,4.956666017741132
2175,lws,fixed,4.990182844459308,4.990182844459308,4.990182844459308
2176,lws,fixed,5.035739745861833,5.035739745861833,5.035739745861833
2177,lws,fixed,5.048450874618085,5.048450874618085,5.048450874618085
2178,lws,fixed,5.064962215464753,5.064962215464753,5.064962215464753
2179,lws,fixed,5.1068961074516865,5.1068961074516865,5.1068961074516865
2180,lws,fixed,5.1351373310154775,5.1351373310154775,5.1351373310154775
2181,lws,fixed,5.161954258346175,5.161954258346175,5.161954258346175
2182,lws,fixed,5.179233134410224,5.179233134410224,5.179233134410224
2183,lws,fixed,5.203674639450711,5.203674639450711,5.203674639450711
2184,lws,fixed,5.230249301661413,5.230249301661413,5.230249301661413
2185,lws,fixed,5.270951274600753,5.270951274600753,5.270951274600753
2186,lws,fixed,5.261842885208832,5.261842885208832,5.261842885208832
2187,lws,fixed,5.25823502301279,5.25823502301279,5.25823502301279
2188,lws,fixed,5.291437135563975,5.291437135563975,5.291437135563975
2189,lws,fixed,5.326312862414746,5.326312862414746,5.326312862414746
2190,lws,fixed,5.386381911381347,5.386381911381347,5.386381911381347
2191,lws,fixed,5.430434980657028,5.430434980657028,5.430434980657028
2192,lws,fixed,5.435040533546584,5.435040533546584,5.435040533546584
2193,lws,fixed,5.4807767117318615,5.4807767117318615,5.4807767117318615
2194,lws,fixed,5.528918395240164,5.528918395240164,5.528918395240164
2195,lws,fixed,5.548761347253193,5.548761347253193,5.548761347253193
2196,lws,fixed,5.535600061309528,5.535600061309528,5.535600061309528
2197,lws,fixed,5.578691853107875,5.578691853107875,5.578691853107875
2198,lws,fixed,5.600370736311279,5.600370736311279,5.600370736311279
2199,lws,fixed,5.622257887735048,5.622257887735048,5.622257887735048
2200,lws,fixed,5.648882730278795,5.648882730278795,5.648882730278795
2201,lws,fixed,5.664855491638205,5.664855491638205,5.664855491638205
2202,lws,fixed,5.700468838201828,5.700468838201828,5.700468838201828
2203,lws,fixed,5.7502186084000195,5.7502186084000195,5.7502186084000195
2204,lws,fixed,5.778135732783894,5.778135732783894,5.778135732783894
2205,lws,fixed,5.817768366812955,5.817768366812955,5.817768366812955
2206,lws,fixed,5.842371122134262,5.842371122134262,5.842371122134262
2207,lws,fixed,5.866341318539312,5.866341318539312,5.866341318539312
2208,lws,fixed,5.880603783845598,5.880603783845598,5.880603783845598
2209,lws,fixed,5.944043730060743,5.944043730060743,5.944043730060743
2210,lws,fixed,5.9548525219191175,5.9548525219191175,5.9548525219191175
2211,lws,fixed,5.958460641838878,5.958460641838878,5.958460641838878
2212,lws,fixed,6.001791357154143,6.001791357154143,6.001791357154143
2213,lws,fixed,6.019523976538539,6.019523976538539,6.019523976538539
2214,lws,fixed,6.061145438098416,6.061145438098416,6.061145438098416
2215,lws,fixed,6.120332933322187,6.120332933322187,6.120332933322187
2216,lws,fixed,6.172108733307293,6.172108733307293,6.172108733307293
2217,lws,fixed,6.221320341997893,6.221320341997893,6.221320341997893
2218,lws,fixed,6.222699570968258,6.222699570968258,6.222699570968258
2219,lws,fixed,6.252429344024669,6.252429344024669,6.252429344024669
2220,lws,fixed,6.267552540130812,6.267552540130812,6.267552540130812
2221,lws,fixed,6.317278628779411,6.317278628779411,6.317278628779411
2222,lws,fixed,6.330072423811241,6.330072423811241,6.330072423811241
2223,lws,fixed,6.352609251334046,6.352609251334046,6.352609251334046
2224,lws,fixed,6.37631254365486,6.37631254365486,6.37631254365486
2225,lws,fixed,6.423890119943558,6.423890119943558,6.423890119943558
2226,lws,fixed,6.439910770832584,6.439910770832584,6.439910770832584
2227,lws,fixed,6.497700010517156,6.497700010517156,6.497700010517156
2228,lws,fixed,6.509580807431561,6.509580807431561,6.509580807431561
2229,lws,fixed,6.5327799839008005,6.5327799839008005,6.5327799839008005
2230,lws,fixed,6.5344608263916415,6.5344608263916415,6.5344608263916415
2231,lws,fixed,6.565676548195805,6.565676548195805,6.565676548195805
2232,lws,fixed,6.605096361007136,6.605096361007136,6.605096361007136
2233,lws,fixed,6.638157600393324,6.638157600393324,6.638157600393324
2234,lws,fixed,6.664482283402768,6.664482283402768,6.664482283402768
2235,lws,fixed,6.700531184538167,6.700531184538167,6.700531184538167
2236,lws,fixed,6.771599544614483,6.771599544614483,6.771599544614483
2237,lws,fixed,6.789120904235318,6.789120904235318,6.789120904235318
2238,lws,fixed,6.835553528386609,6.835553528386609,6.835553528386609
2239,lws,fixed,6.8505641517453,6.8505641517453,6.8505641517453
2240,lws,fixed,6.859586474629643,6.859586474629643,6.859586474629643
2241,lws,fixed,6.8891329380224136,6.8891329380224136,6.8891329380224136
2242,lws,fixed,6.931110954367381,6.931110954367381,6.931110954367381
2243,lws,fixed,6.942856381131531,6.942856381131531,6.942856381131531
2244,lws,fixed,6.976684991419059,6.976684991419059,6.976684991419059
2245,lws,fixed,6.983990674035943,6.983990674035943,6.983990674035943
2246,lws,fixed,6.977637518447098,6.977637518447098,6.977637518447098
2247,lws,fixed,7.057207813075548,7.057207813075548,7.057207813075548
2248,lws,fixed,7.085326276369168,7.085326276369168,7.085326276369168
2249,lws,fixed,7.11118272697457,7.11118272697457,7.11118272697457
2250,lws,fixed,7.1304760604740585,7.1304760604740585,7.1304760604740585
2251,lws,fixed,7.160267688479771,7.160267688479771,7.160267688479771
2252,lws,fixed,7.170799967569505,7.170799967569505,7.170799967569505
2253,lws,fixed,7.197364544759702,7.197364544759702,7.197364544759702
2254,lws,fixed,7.254937352541667,7.254937352541667,7.254937352541667
2255,lws,fixed,7.3132398458127135,7.3132398458127135,7.3132398458127135
2256,lws,fixed,7.353558633602041,7.353558633602041,7.353558633602041
2257,lws,fixed,7.369373574211477,7.369373574211477,7.369373574211477
2258,lws,fixed,7.429170453684257,7.429170453684257,7.429170453684257
2259,lws,fixed,7.4361825074976435,7.4361825074976435,7.4361825074976435
2260,lws,fixed,7.491574423880658,7.491574423880658,7.491574423880658
2261,lws,fixed,7.5305034856872375,7.5305034856872375,7.5305034856872375
2262,lws,fixed,7.556704000242766,7.556704000242766,7.556704000242766
2263,lws,fixed,7.610409506865716,7.610409506865716,7.610409506865716
2264,lws,fixed,7.630744358203974,7.630744358203974,7.630744358203974
2265,lws,fixed,7.633446388116356,7.633446388116356,7.633446388116356
2266,lws,fixed,7.688909598966955,7.688909598966955,7.688909598966955
2267,lws,fixed,7.722507848404509,7.722507848404509,7.722507848404509
2268,lws,fixed,7.725402933108569,7.725402933108569,7.725402933108569
2269,lws,fixed,7.740197104703818,7.740197104703818,7.740197104703818
2270,lws,fixed,7.773058132510188,7.773058132510188,7.773058132510188
2271,lws,fixed,7.745844012639393,7.745844012639393,7.745844012639393
2272,lws,fixed,7.775345087956423,7.775345087956423,7.775345087956423
2273,lws,fixed,7.780871101589891,7.780871101589891,7.780871101589891
2274,lws,fixed,7.807165424708307,7.807165424708307,7.807165424708307
2275,lws,fixed,7.8533246412006195,7.8533246412006195,7.8533246412006195
2276,lws,fixed,7.865225345047305,7.865225345047305,7.865225345047305
2277,lws,fixed,7.872838551560976,7.872838551560976,7.872838551560976
2278,lws,fixed,7.9118231976985,7.9118231976985,7.9118231976985
2279,lws,fixed,7.9348017492461915,7.9348017492461915,7.9348017492461915
2280,lws,fixed,7.977922534412187,7.977922534412187,7.977922534412187
2281,lws,fixed,8.006532087991166,8.006532087991166,8.006532087991166
2282,lws,fixed,8.03185951279863,8.03185951279863,8.03185951279863
2283,lws,fixed,8.0499034600549,8.0499034600549,8.0499034600549
2284,lws,fixed,8.116341279421354,8.116341279421354,8.116341279421354
2285,lws,fixed,8.139714457125011,8.139714457125011,8.139714457125011
2286,lws,fixed,8.137398765347529,8.137398765347529,8.137398765347529
2287,lws,fixed,8.159170684039587,8.159170684039587,8.159170684039587
2288,lws,fixed,8.172828626575052,8.172828626575052,8.172828626575052
2289,lws,fixed,8.172231570806126,8.172231570806126,8.172231570806126
2290,lws,fixed,8.194764805358153,8.194764805358153,8.194764805358153
2291,lws,fixed,8.230681629244744,8.230681629244744,8.230681629244744
2292,lws,fixed,8.25136918701114,8.25136918701114,8.25136918701114
2293,lws,fixed,8.28024664797876,8.28024664797876,8.28024664797876
2294,lws,fixed,8.326013651481444,8.326013651481444,8.326013651481444
2295,lws,fixed,8.335626014481752,8.335626014481752,8.335626014481752
2296,lws,fixed,8.384229880799591,8.384229880799591,8.384229880799591
2297,lws,fixed,8.452894857111993,8.452894857111993,8.452894857111993
2298,lws,fixed,8.469119132579559,8.469119132579559,8.469119132579559
2299,lws,fixed,8.464544351169279,8.464544351169279,8.464544351169279
2300,lws,fixed,8.483616077316128,8.483616077316128,8.483616077316128
1990,lws,joint,0.0,0.0,0.0
1991,lws,joint,0.0,0.0,0.0
1992,lws,joint,0.0,0.0,0.0
1993,lws,joint,0.0,0.0,0.0
1994,lws,joint,0.0,0.0,0.0
1995,lws,joint,0.0,0.0,0.0
1996,lws,joint,0.0,0.0,0.0
1997,lws,joint,0.0,0.0,0.0
1998,lws,joint,0.0,0.0,0.0
1999,lws,joint,0.0,0.0,0.0
2000,lws,joint,0.0,0.0,0.0
2001,lws,joint,0.0,0.0,0.0
2002,lws,joint,0.0,0.0,0.0
2003,lws,joint,0.0,0.0,0.0
2004,lws,joint,0.0,0.0,0.0
2005,lws,joint,0.0,0.0,0.0
2006,lws,joint,0.0,0.0,0.0
2007,lws,joint,0.0,0.0,0.0
2008,lws,joint,0.0,0.0,0.0
2009,lws,joint,0.0,0.0,0.0
2010,lws,joint,0.0,0.0,0.0
2011,lws,joint,0.0,0.0,0.0
2012,lws,joint,0.0,0.0,0.0
2013,lws,joint,0.0,0.0,0.0
2014,lws,joint,0.0,0.0,0.0
2015,lws,joint,0.0,0.0,0.0
2016,lws,joint,0.0,0.0,0.0
2017,lws,joint,0.0,0.0,0.0
2018,lws,joint,0.0,0.0,0.0
2019,lws,joint,0.04799015733533104,0.04799015733533104,0.04799015733533104
2020,lws,joint,0.05791438615406403,0.05791438615406403,0.05791438615406403
2021,lws,joint,0.10102015996102251,0.10102015996102251,0.10102015996102251
2022,lws,joint,0.14663197191904284,0.14663197191904284,0.14663197191904284
2023,lws,joint,0.1515911834031945,0.1515911834031945,0.1515911834031945
2024,lws,joint,0.18566222490860249,0.18566222490860249,0.18566222490860249
2025,lws,joint,0.23005486383340987,0.23005486383340987,0.23005486383340987
2026,lws,joint,0.2845140413515041,0.2845140413515041,0.2845140413515041
2027,lws,joint,0.3262964981037485,0.3262964981037485,0.3262964981037485
2028,lws,joint,0.37745799761464527,0.37745799761464527,0.37745799761464527
2029,lws,joint,0.40306914028751295,0.40306914028751295,0.40306914028751295
2030,lws,joint,0.4610753742637405,0.4610753742637405,0.4610753742637405
2031,lws,joint,0.5064181640970788,0.5064181640970788,0.5064181640970788
2032,lws,joint,0.5565419669634262,0.5565419669634262,0.5565419669634262
2033,lws,joint,0.5801526451796354,0.5801526451796354,0.5801526451796354
2034,lws,joint,0.6235381018243776,0.6235381018243776,0.6235381018243776
2035,lws,joint,0.6436840480074949,0.6436840480074949,0.6436840480074949
2036,lws,joint,0.6885424380555962,0.6885424380555962,0.6885424380555962
2037,lws,joint,0.7127950522864109,0.7127950522864109,0.7127950522864109
2038,lws,joint,0.7426108117832914,0.7426108117832914,0.7426108117832914
2039,lws,joint,0.7869911126050508,0.7869911126050508,0.7869911126050508
2040,lws,joint,0.8201880512157937,0.8201880512157937,0.8201880512157937
2041,lws,joint,0.8608159531665907,0.8608159531665907,0.8608159531665907
2042,lws,joint,0.9306795072924124,0.9306795072924124,0.9306795072924124
2043,lws,joint,0.9728876477034785,0.9728876477034785,0.9728876477034785
2044,lws,joint,0.9622962692122209,0.9622962692122209,0.9622962692122209
2045,lws,joint,0.9455552480933574,0.9455552480933574,0.9455552480933574
2046,lws,joint,0.9387829953722603,0.9387829953722603,0.9387829953722603
2047,lws,joint,0.9603173485071256,0.9603173485071256,0.9603173485071256
2048,lws,joint,0.9946407104756743,0.9946407104756743,0.9946407104756743
2049,lws,joint,1.0123001628645185,1.0123001628645185,1.0123001628645185
2050,lws,joint,1.0367873592541808,1.0367873592541808,1.0367873592541808
2051,lws,joint,1.1022903300529752,1.1022903300529752,1.1022903300529752
2052,lws,joint,1.1578796789786756,1.1578796789786756,1.1578796789786756
2053,lws,joint,1.1766512302147847,1.1766512302147847,1.1766512302147847
2054,lws,joint,1.192925264386108,1.192925264386108,1.192925264386108
2055,lws,joint,1.2618508262448935,1.2618508262448935,1.2618508262448935
2056,lws,joint,1.2922674666460656,1.2922674666460656,1.2922674666460656
2057,lws,joint,1.3192290446266437,1.3192290446266437,1.3192290446266437
2058,lws,joint,1.3331261967500805,1.3331261967500805,1.3331261967500805
2059,lws,joint,1.3527843645529898,1.3527843645529898,1.3527843645529898
2060,lws,joint,1.3922663725651958,1.3922663725651958,1.3922663725651958
2061,lws,joint,1.4415463962689319,1.4415463962689319,1.4415463962689319
2062,lws,joint,1.447167856015673,1.447167856015673,1.447167856015673
2063,lws,joint,1.4915359460153184,1.4915359460153184,1.4915359460153184
2064,lws,joint,1.5241440890351976,1.5241440890351976,1.5241440890351976
2065,lws,joint,1.5432725899488295,1.5432725899488295,1.5432725899488295
2066,lws,joint,1.5846986584738234,1.5846986584738234,1.5846986584738234
2067,lws,joint,1.6084997967528067,1.6084997967528067,1.6084997967528067
2068,lws,joint,1.658356216029776,1.658356216029776,1.658356216029776
2069,lws,joint,1.703984258039325,1.703984258039325,1.703984258039325
2070,lws,joint,1.7402566206886732,1.7402566206886732,1.7402566206886732
2071,lws,joint,1.7497460676796563,1.7497460676796563,1.7497460676796563
2072,lws,joint,1.792107082795087,1.792107082795087,1.792107082795087
2073,lws,joint,1.767318354602176,1.767318354602176,1.767318354602176
2074,lws,joint,1.7999543919591257,1.7999543919591257,1.7999543919591257
2075,lws,joint,1.8585156903768523,1.8585156903768523,1.8585156903768523
2076,lws,joint,1.9108383241124354,1.9108383241124354,1.9108383241124354
2077,lws,joint,1.936024301647267,1.936024301647267,1.936024301647267
2078,lws,joint,1.9689902526904426,1.9689902526904426,1.9689902526904426
2079,lws,joint,1.9929289610182945,1.9929289610182945,1.9929289610182945
2080,lws,joint,2.0051310144705425,2.0051310144705425,2.0051310144705425
2081,lws,joint,2.012287947331182,2.012287947331182,2.012287947331182
2082,lws,joint,2.0445192998875332,2.0445192998875332,2.0445192998875332
2083,lws,joint,2.0765315529975927,2.0765315529975927,2.0765315529975927
2084,lws,joint,2.12285065315953,2.12285065315953,2.12285065315953
2085,lws,joint,2.168309478867345,2.168309478867345,2.168309478867345
2086,lws,joint,2.188905417474962,2.188905417474962,2.188905417474962
2087,lws,joint,2.242030917090907,2.242030917090907,2.242030917090907
2088,lws,joint,2.2721112956899256,2.2721112956899256,2.2721112956899256
2089,lws,joint,2.309270289105232,2.309270289105232,2.309270289105232
2090,lws,joint,2.368107784941434,2.368107784941434,2.368107784941434
2091,lws,joint,2.391292200183621,2.391292200183621,2.391292200183621
2092,lws,joint,2.3862527731812118,2.3862527731812118,2.3862527731812118
2093,lws,joint,2.4130628770181146,2.4130628770181146,2.4130628770181146
2094,lws,joint,2.4019303203389546,2.4019303203389546,2.4019303203389546
2095,lws,joint,2.431707812103944,2.431707812103944,2.431707812103944
2096,lws,joint,2.467323321382365,2.467323321382365,2.467323321382365
2097,lws,joint,2.504706159104757,2.504706159104757,2.504706159104757
2098,lws,joint,2.543462500832068,2.543462500832068,2.543462500832068
2099,lws,joint,2.5953821924803715,2.5953821924803715,2.5953821924803715
2100,lws,joint,2.596380650083528,2.596380650083528,2.596380650083528
2101,lws,joint,2.6439945460779772,2.6439945460779772,2.6439945460779772
2102,lws,joint,2.682727721997994,2.682727721997994,2.682727721997994
2103,lws,joint,2.7042226285783593,2.7042226285783593,2.7042226285783593
2104,lws,joint,2.7145332680885415,2.7145332680885415,2.7145332680885415
2105,lws,joint,2.722074181430264,2.722074181430264,2.722074181430264
2106,lws,joint,2.7516842095651906,2.7516842095651906,2.7516842095651906
2107,lws,joint,2.7898153994354655,2.7898153994354655,2.7898153994354655
2108,lws,joint,2.8192113133504284,2.8192113133504284,2.8192113133504284
2109,lws,joint,2.879204985614669,2.879204985614669,2.879204985614669
2110,lws,joint,2.9193133107850935,2.9193133107850935,2.9193133107850935
2111,lws,joint,2.9720856215931226,2.9720856215931226,2.9720856215931226
2112,lws,joint,3.001654499001692,3.001654499001692,3.001654499001692
2113,lws,joint,3.020382376334686,3.020382376334686,3.020382376334686
2114,lws,joint,3.0870486403985082,3.0870486403985082,3.0870486403985082
2115,lws,joint,3.1524626466668244,3.1524626466668244,3.1524626466668244
2116,lws,joint,3.2088149105341177,3.2088149105341177,3.2088149105341177
2117,lws,joint,3.2342713686394085,3.2342713686394085,3.2342713686394085
2118,lws,joint,3.240410064624602,3.240410064624602,3.240410064624602
2119,lws,joint,3.2481015415255485,3.2481015415255485,3.2481015415255485
2120,lws,joint,3.275185202412382,3.275185202412382,3.275185202412382
2121,lws,joint,3.318941835361753,3.318941835361753,3.318941835361753
2122,lws,joint,3.3930045339144,3.3930045339144,3.3930045339144
2123,lws,joint,3.402871459621438,3.402871459621438,3.402871459621438
2124,lws,joint,3.418352831291919,3.418352831291919,3.418352831291919
2125,lws,joint,3.416339303207685,3.416339303207685,3.416339303207685
2126,lws,joint,3.4836403760724224,3.4836403760724224,3.4836403760724224
2127,lws,joint,3.547029786706335,3.547029786706335,3.547029786706335
2128,lws,joint,3.568611071090668,3.568611071090668,3.568611071090668
2129,lws,joint,3.627399972426858,3.627399972426858,3.627399972426858
2130,lws,joint,3.6697723321948086,3.6697723321948086,3.6697723321948086
2131,lws,joint,3.7155165177929357,3.7155165177929357,3.7155165177929357
2132,lws,joint,3.725133457810019,3.725133457810019,3.725133457810019
2133,lws,joint,3.729741535909395,3.729741535909395,3.729741535909395
2134,lws,joint,3.746984424753355,3.746984424753355,3.746984424753355
2135,lws,joint,3.788720765804733,3.788720765804733,3.788720765804733
2136,lws,joint,3.8184897820045234,3.8184897820045234,3.8184897820045234
2137,lws,joint,3.8186881696532615,3.8186881696532615,3.8186881696532615
2138,lws,joint,3.850861385526544,3.850861385526544,3.850861385526544
2139,lws,joint,3.8947730791384085,3.8947730791384085,3.8947730791384085
2140,lws,joint,3.9198728634877917,3.9198728634877917,3.9198728634877917
2141,lws,joint,3.9244427138611306,3.9244427138611306,3.9244427138611306
2142,lws,joint,3.9597114084129115,3.9597114084129115,3.9597114084129115
2143,lws,joint,3.9932849913182284,3.9932849913182284,3.9932849913182284
2144,lws,joint,4.0260222952927975,4.0260222952927975,4.0260222952927975
2145,lws,joint,4.059316538503893,4.059316538503893,4.059316538503893
2146,lws,joint,4.079487812157288,4.079487812157288,4.079487812157288
2147,lws,joint,4.125418166896138,4.125418166896138,4.125418166896138
2148,lws,joint,4.153147261683872,4.153147261683872,4.153147261683872
2149,lws,joint,4.20592350070585,4.20592350070585,4.20592350070585
2150,lws,joint,4.2307986469202445,4.2307986469202445,4.2307986469202445
2151,lws,joint,4.263482571569279,4.263482571569279,4.263482571569279
2152,lws,joint,4.295805886617335,4.295805886617335,4.295805886617335
2153,lws,joint,4.351237344427586,4.351237344427586,4.351237344427586
2154,lws,joint,4.392877111944913,4.392877111944913,4.392877111944913
2155,lws,joint,4.437298525869313,4.437298525869313,4.437298525869313
2156,lws,joint,4.470487414392425,4.470487414392425,4.470487414392425
2157,lws,joint,4.516634119818392,4.516634119818392,4.516634119818392
2158,lws,joint,4.562377184208207,4.562377184208207,4.562377184208207
2159,lws,joint,4.626120358682517,4.626120358682517,4.626120358682517
2160,lws,joint,4.64664774326856,4.64664774326856,4.64664774326856
2161,lws,joint,4.634313539723813,4.634313539723813,4.634313539723813
2162,lws,joint,4.6844452393474,4.6844452393474,4.6844452393474
2163,lws,joint,4.747942202617905,4.747942202617905,4.747942202617905
2164,lws,joint,4.750748028339521,4.750748028339521,4.750748028339521
2165,lws,joint,4.760026303662078,4.760026303662078,4.760026303662078
2166,lws,joint,4.79510377968571,4.79510377968571,4.79510377968571
2167,lws,joint,4.8069909267172335,4.8069909267172335,4.8069909267172335
2168,lws,joint,4.815646054346008,4.815646054346008,4.815646054346008
2169,lws,joint,4.846885962131313,4.846885962131313,4.846885962131313
2170,lws,joint,4.858678539468278,4.858678539468278,4.858678539468278
2171,lws,joint,4.8868981273175995,4.8868981273175995,4.8868981273175995
2172,lws,joint,4.899277769248436,4.899277769248436,4.899277769248436
2173,lws,joint,4.926630517537223,4.926630517537223,4.926630517537223
2174,lws,joint,4.956666017741132,4.956666017741132,4.956666017741132
2175,lws,joint,4.990182844459308,4.990182844459308,4.990182844459308
2176,lws,joint,5.035739745861833,5.035739745861833,5.035739745861833
2177,lws,joint,5.048450874618085,5.048450874618085,5.048450874618085
2178,lws,joint,5.064962215464753,5.064962215464753,5.064962215464753
2179,lws,joint,5.1068961074516865,5.1068961074516865,5.1068961074516865
2180,lws,joint,5.1351373310154775,5.1351373310154775,5.1351373310154775
2181,lws,joint,5.161954258346175,5.161954258346175,5.161954258346175
2182,lws,joint,5.179233134410224,5.179233134410224,5.179233134410224
2183,lws,joint,5.203674639450711,5.203674639450711,5.203674639450711
2184,lws,joint,5.230249301661413,5.230249301661413,5.230249301661413
2185,lws,joint,5.270951274600753,5.270951274600753,5.270951274600753
2186,lws,joint,5.261842885208832,5.261842885208832,5.261842885208832
2187,lws,joint,5.25823502301279,5.25823502301279,5.25823502301279
2188,lws,joint,5.291437135563975,5.291437135563975,5.291437135563975
2189,lws,joint,5.326312862414746,5.326312862414746,5.326312862414746
2190,lws,joint,5.386381911381347,5.386381911381347,5.386381911381347
2191,lws,joint,5.430434980657028,5.430434980657028,5.430434980657028
2192,lws,joint,5.435040533546584,5.435040533546584,5.435040533546584
2193,lws,joint,5.4807767117318615,5.4807767117318615,5.4807767117318615
2194,lws,joint,5.528918395240164,5.528918395240164,5.528918395240164
2195,lws,joint,5.548761347253193,5.548761347253193,5.548761347253193
2196,lws,joint,5.535600061309528,5.535600061309528,5.535600061309528
2197,lws,joint,5.578691853107875,5.578691853107875,5.578691853107875
2198,lws,joint,5.600370736311279,5.600370736311279,5.600370736311279
2199,lws,joint,5.622257887735048,5.622257887735048,5.622257887735048
2200,lws,joint,5.648882730278795,5.648882730278795,5.648882730278795
2201,lws,joint,5.664855491638205,5.664855491638205,5.664855491638205
2202,lws,joint,5.700468838201828,5.700468838201828,5.700468838201828
2203,lws,joint,5.7502186084000195,5.7502186084000195,5.7502186084000195
2204,lws,joint,5.778135732783894,5.778135732783894,5.778135732783894
2205,lws,joint,5.817768366812955,5.817768366812955,5.817768366812955
2206,lws,joint,5.842371122134262,5.842371122134262,5.842371122134262
2207,lws,joint,5.866341318539312,5.866341318539312,5.866341318539312
2208,lws,joint,5.880603783845598,5.880603783845598,5.880603783845598
2209,lws,joint,5.944043730060743,5.944043730060743,5.944043730060743
2210,lws,joint,5.9548525219191175,5.9548525219191175,5.9548525219191175
2211,lws,joint,5.958460641838878,5.958460641838878,5.958460641838878
2212,lws,joint,6.001791357154143,6.001791357154143,6.001791357154143
2213,lws,joint,6.019523976538539,6.019523976538539,6.019523976538539
2214,lws,joint,6.061145438098416,6.061145438098416,6.061145438098416
2215,lws,joint,6.120332933322187,6.120332933322187,6.120332933322187
2216,lws,joint,6.172108733307293,6.172108733307293,6.172108733307293
2217,lws,joint,6.221320341997893,6.221320341997893,6.221320341997893
2218,lws,joint,6.222699570968258,6.222699570968258,6.222699570968258
2219,lws,joint,6.252429344024669,6.252429344024669,6.252429344024669
2220,lws,joint,6.267552540130812,6.267552540130812,6.267552540130812
2221,lws,joint,6.317278628779411,6.317278628779411,6.317278628779411
2222,lws,joint,6.330072423811241,6.330072423811241,6.330072423811241
2223,lws,joint,6.352609251334046,6.352609251334046,6.352609251334046
2224,lws,joint,6.37631254365486,6.37631254365486,6.37631254365486
2225,lws,joint,6.423890119943558,6.423890119943558,6.423890119943558
2226,lws,joint,6.439910770832584,6.439910770832584,6.439910770832584
2227,lws,joint,6.497700010517156,6.497700010517156,6.497700010517156
2228,lws,joint,6.509580807431561,6.509580807431561,6.509580807431561
2229,lws,joint,6.5327799839008005,6.5327799839008005,6.5327799839008005
2230,lws,joint,6.5344608263916415,6.5344608263916415,6.5344608263916415
2231,lws,joint,6.565676548195805,6.565676548195805,6.565676548195805
2232,lws,joint,6.605096361007136,6.605096361007136,6.605096361007136
2233,lws,joint,6.638157600393324,6.638157600393324,6.638157600393324
2234,lws,joint,6.664482283402768,6.664482283402768,6.664482283402768
2235,lws,joint,6.700531184538167,6.700531184538167,6.700531184538167
2236,lws,joint,6.771599544614483,6.771599544614483,6.771599544614483
2237,lws,joint,6.789120904235318,6.789120904235318,6.789120904235318
2238,lws,joint,6.835553528386609,6.835553528386609,6.835553528386609
2239,lws,joint,6.8505641517453,6.8505641517453,6.8505641517453
2240,lws,joint,6.859586474629643,6.859586474629643,6.859586474629643
2241,lws,joint,6.8891329380224136,6.8891329380224136,6.8891329380224136
2242,lws,joint,6.931110954367381,6.931110954367381,6.931110954367381
2243,lws,joint,6.942856381131531,6.942856381131531,6.942856381131531
2244,lws,joint,6.976684991419059,6.976684991419059,6.976684991419059
2245,lws,joint,6.983990674035943,6.983990674035943,6.983990674035943
2246,lws,joint,6.977637518447098,6.977637518447098,6.977637518447098
2247,lws,joint,7.057207813075548,7.057207813075548,7.057207813075548
2248,lws,joint,7.085326276369168,7.085326276369168,7.085326276369168
2249,lws,joint,7.11118272697457,7.11118272697457,7.11118272697457
2250,lws,joint,7.1304760604740585,7.1304760604740585,7.1304760604740585
2251,lws,joint,7.160267688479771,7.160267688479771,7.160267688479771
2252,lws,joint,7.170799967569505,7.170799967569505,7.170799967569505
2253,lws,joint,7.197364544759702,7.197364544759702,7.197364544759702
2254,lws,joint,7.254937352541667,7.254937352541667,7.254937352541667
2255,lws,joint,7.3132398458127135,7.3132398458127135,7.3132398458127135
2256,lws,joint,7.353558633602041,7.353558633602041,7.353558633602041
2257,lws,joint,7.369373574211477,7.369373574211477,7.369373574211477
2258,lws,joint,7.429170453684257,7.429170453684257,7.429170453684257
2259,lws,joint,7.4361825074976435,7.4361825074976435,7.4361825074976435
2260,lws,joint,7.491574423880658,7.491574423880658,7.491574423880658
2261,lws,joint,7.5305034856872375,7.5305034856872375,7.5305034856872375
2262,lws,joint,7.556704000242766,7.556704000242766,7.556704000242766
2263,lws,joint,7.610409506865716,7.610409506865716,7.610409506865716
2264,lws,joint,7.630744358203974,7.630744358203974,7.630744358203974
2265,lws,joint,7.633446388116356,7.633446388116356,7.633446388116356
2266,lws,joint,7.688909598966955,7.688909598966955,7.688909598966955
2267,lws,joint,7.722507848404509,7.722507848404509,7.722507848404509
2268,lws,joint,7.725402933108569,7.725402933108569,7.725402933108569
2269,lws,joint,7.740197104703818,7.740197104703818,7.740197104703818
2270,lws,joint,7.773058132510188,7.773058132510188,7.773058132510188
2271,lws,joint,7.745844012639393,7.745844012639393,7.745844012639393
2272,lws,joint,7.775345087956423,7.775345087956423,7.775345087956423
2273,lws,joint,7.780871101589891,7.780871101589891,7.780871101589891
2274,lws,joint,7.807165424708307,7.807165424708307,7.807165424708307
2275,lws,joint,7.8533246412006195,7.8533246412006195,7.8533246412006195
2276,lws,joint,7.865225345047305,7.865225345047305,7.865225345047305
2277,lws,joint,7.872838551560976,7.872838551560976,7.872838551560976
2278,lws,joint,7.9118231976985,7.9118231976985,7.9118231976985
2279,lws,joint,7.9348017492461915,7.9348017492461915,7.9348017492461915
2280,lws,joint,7.977922534412187,7.977922534412187,7.977922534412187
2281,lws,joint,8.006532087991166,8.006532087991166,8.006532087991166
2282,lws,joint,8.03185951279863,8.03185951279863,8.03185951279863
2283,lws,joint,8.0499034600549,8.0499034600549,8.0499034600549
2284,lws,joint,8.116341279421354,8.116341279421354,8.116341279421354
2285,lws,joint,8.139714457125011,8.139714457125011,8.139714457125011
2286,lws,joint,8.137398765347529,8.137398765347529,8.137398765347529
2287,lws,joint,8.159170684039587,8.159170684039587,8.159170684039587
2288,lws,joint,8.172828626575052,8.172828626575052,8.172828626575052
2289,lws,joint,8.172231570806126,8.172231570806126,8.172231570806126
2290,lws,joint,8.194764805358153,8.194764805358153,8.194764805358153
2291,lws,joint,8.230681629244744,8.230681629244744,8.230681629244744
2292,lws,joint,8.25136918701114,8.25136918701114,8.25136918701114
2293,lws,joint,8.28024664797876,8.28024664797876,8.28024664797876
2294,lws,joint,8.326013651481444,8.326013651481444,8.326013651481444
2295,lws,joint,8.335626014481752,8.335626014481752,8.335626014481752
2296,lws,joint,8.384229880799591,8.384229880799591,8.384229880799591
2297,lws,joint,8.452894857111993,8.452894857111993,8.452894857111993
2298,lws,joint,8.469119132579559,8.469119132579559,8.469119132579559
2299,lws,joint,8.464544351169279,8.464544351169279,8.464544351169279
2300,lws,joint,8.483616077316128,8.483616077316128,8.483616077316128
1990,total,fixed,-2.830976528881868,-3.0856303902062274,-2.6048619389440564
1991,total,fixed,-2.6868444501430195,-2.9260459236449523,-2.4735019302954107
1992,total,fixed,-2.6348766282812743,-2.8620908348491763,-2.4277575437134495
1993,total,fixed,-2.7964681625221077,-3.025641437860745,-2.58223913263162
1994,total,fixed,-2.750415935724214,-2.9684691993739807,-2.5442465748074956
1995,total,fixed,-2.58920635762893,-2.7923995987827595,-2.3963911393395025
1996,total,fixed,-2.3872654632402464,-2.5722752797120507,-2.210536304643828
1997,total,fixed,-2.148034906929098,-2.3142377464800554,-1.9885351403182834
1998,total,fixed,-1.934011642366361,-2.083674747650136,-1.790791421423561
1999,total,fixed,-1.6664710399734366,-1.7885696412761458,-1.5480788109537302
2000,total,fixed,-1.4255612693901396,-1.529302146698542,-1.3266454733091315
2001,total,fixed,-1.1384438334362823,-1.2229302310222276,-1.0587281176255974
2002,total,fixed,-0.8354298177332247,-0.8975287009264532,-0.7765945860350905
2003,total,fixed,-0.5470967465306824,-0.5894591829540302,-0.5077906155171142
2004,total,fixed,-0.1927566647256258,-0.21625482863388568,-0.17465400278604076
2005,total,fixed,0.09509494462046852,0.0726238774974246,0.11240668593945805
2006,total,fixed,0.4222984361999158,0.3868984735261934,0.45698742274399023
2007,total,fixed,0.7127740634013877,0.6560972545172628,0.7718703484009637
2008,total,fixed,0.9992096666354744,0.9232157937606341,1.0791252765741044
2009,total,fixed,1.2483415385639578,1.1550947642507563,1.3466224867618177
2010,total,fixed,1.5306195856346783,1.4168029654723233,1.6507354950763733
2011,total,fixed,2.015559950640122,1.874196621261242,2.1649173577266527
2012,total,fixed,2.2922452821778396,2.1298526186447173,2.4637271051403085
2013,total,fixed,2.6129833421878947,2.4320146869237065,2.8055128150496222
2014,total,fixed,2.931242892545126,2.7292238248353424,3.1454669179841037
2015,total,fixed,3.2792408778114632,3.0533021700642307,3.519099934367374
2016,total,fixed,3.555055123701674,3.304756248550608,3.821736370661143
2017,total,fixed,4.009356712161786,3.7215711519861747,4.31612361942068
2018,total,fixed,4.353039474439463,4.037028046651362,4.688938358439854
2019,total,fixed,4.710700504457631,4.371467147312246,5.069698824470233
2020,total,fixed,5.107265395958911,4.738466494971608,5.50091555747898
2021,total,fixed,5.492569765616502,5.09905204356176,5.909649989824611
2022,total,fixed,5.931108569606508,5.514242867704688,6.372603757378659
2023,total,fixed,6.284987647410764,5.839558263918907,6.753224975242562
2024,total,fixed,6.696089250610401,6.219551514653295,7.197146238092714
2025,total,fixed,7.109563662545758,6.603567746712135,7.643050561454109
2026,total,fixed,7.571616520777349,7.034344668740784,8.135481273577865
2027,total,fixed,8.01595532744543,7.446980532257222,8.612382450154287
2028,total,fixed,8.466244415476467,7.867388587079851,9.092740608532491
2029,total,fixed,8.893593479322522,8.261512820673868,9.550972170097175
2030,total,fixed,9.35203537910757,8.687934902857219,10.039783742883884
2031,total,fixed,9.801445807289813,9.107101858544093,10.52030171897711
2032,total,fixed,10.260336130934537,9.535972857914299,11.01193639107189
2033,total,fixed,10.701968175168606,9.944094101760546,11.486689117584058
2034,total,fixed,11.175003603489836,10.38637635748754,11.993162150995547
2035,total,fixed,11.640196505013666,10.818817353279986,12.49350722405543
2036,total,fixed,12.143338315667185,11.28633194842976,13.030112437169496
2037,total,fixed,12.634890495519532,11.74109020959165,13.555624429727489
2038,total,fixed,13.139794793651312,12.208106884549347,14.098726421589674
2039,total,fixed,13.670317320562438,12.701392747603515,14.670892003224717
2040,total,fixed,14.190906360709594,13.182345653040741,15.237569370484438
2041,total,fixed,14.722485100681816,13.679147344281072,15.8098832900066
2042,total,fixed,15.291053195723054,14.208574241143648,16.41922744465425
2043,total,fixed,15.838590383500067,14.71428839136651,17.00691895707771
2044,total,fixed,16.34368261829568,15.180996788856815,17.559184320728676
2045,total,fixed,16.852196189191744,15.648359419644553,18.128872210955905
2046,total,fixed,17.38706363998625,16.139079474740907,18.724439660286585
2047,total,fixed,17.96749838033069,16.675449655274253,19.38308023915541
2048,total,fixed,18.571447534359557,17.228611631424794,20.08124887588187
2049,total,fixed,19.173352261049665,17.786208666504287,20.803569511705103
2050,total,fixed,19.798211923344113,18.354623385203983,21.6294001012581
2051,total,fixed,20.47072383504031,18.9659377569914,22.55557447892815
2052,total,fixed,21.141162741803413,19.58689210645652,23.63266761308691
2053,total,fixed,21.788035838915057,20.176810213959975,25.04609547010345
2054,total,fixed,22.43194987585118,20.76476912309721,26.60932505514234
2055,total,fixed,23.135030251938428,21.41106492298672,28.21501680531956
2056,total,fixed,23.82449792495241,22.035940620262185,29.884383792039433
2057,total,fixed,24.52517345145758,22.660456307660954,31.580750875112866
2058,total,fixed,25.236841179438578,23.28749108818443,33.28668477190017
2059,total,fixed,25.977296440525066,23.95185615181589,35.08302816029359
2060,total,fixed,26.742239283929525,24.627438080309652,36.80297190380534
2061,total,fixed,27.546323969157843,25.318578026535686,38.63144617657104
2062,total,fixed,28.32009120501622,25.966286001487052,40.396308259325664
2063,total,fixed,29.13318247812273,26.653867581853984,42.143447674843486
2064,total,fixed,29.947154121038572,27.346534542474547,43.893380184256735
2065,total,fixed,30.79068694826158,28.025788847429077,45.73134569549229
2066,total,fixed,31.67755495066135,28.720521910716627,47.61527960695748
2067,total,fixed,32.58661697303286,29.424335061653988,49.48668522854308
2068,total,fixed,33.52827543678883,30.167773012732393,51.34532477336498
2069,total,fixed,34.52815341872852,30.905614280398083,53.212536615826906
2070,total,fixed,35.66010223847156,31.645627867579897,55.12427443512109
2071,total,fixed,36.81054344627315,32.386610115149,57.017014560894864
2072,total,fixed,38.096327552479465,33.153488539920374,59.10335963799636
2073,total,fixed,39.57330000136664,33.858163536627345,60.962015861770865
2074,total,fixed,41.14425189093021,34.63243571608478,62.929293165524264
2075,total,fixed,42.75356161668469,35.4160862152352,64.91269188706654
2076,total,fixed,44.3786941206299,36.19065836160206,66.90464893139956
2077,total,fixed,45.97687241526755,36.95381540318219,68.80184921790402
2078,total,fixed,47.62717603003024,37.69578969808434,70.75427034826986
2079,total,fixed,49.26002198208743,38.42666840492908,72.70315901370923
2080,total,fixed,50.798775823350866,39.15786006962684,74.69174133101792
2081,total,fixed,52.40012136367319,39.867510728007005,76.65762180208121
2082,total,fixed,54.00481998300768,40.58326022961879,78.5714198165623
2083,total,fixed,55.58764395612239,41.29007288479121,80.51503349106291
2084,total,fixed,57.1372314297432,42.012911918533646,82.47743836883495
2085,total,fixed,58.69296210152784,42.69458626985228,84.34868855274975
2086,total,fixed,60.22557724153535,43.32963762283535,86.14288650209221
2087,total,fixed,61.7882503318271,43.98700306044056,88.08687966540117
2088,total,fixed,63.31410386613993,44.60205263333332,89.95717491212245
2089,total,fixed,64.81132983147432,45.207663406553856,91.81606516302885
2090,total,fixed,66.31282907169683,45.82642262274091,93.77413697062629
2091,total,fixed,67.71730792659574,46.405214236860495,95.66898374453909
2092,total,fixed,69.11433795424485,46.94379010809548,97.41505448278382
2093,total,fixed,70.55253091053194,47.510349254171764,99.32377540482554
2094,total,fixed,71.93704745849534,48.031608104764345,101.18206781508113
2095,total,fixed,73.30014728720009,48.589574660228664,103.0807624805253
2096,total,fixed,74.76207166978217,49.13474102902126,105.09079760025169
2097,total,fixed,76.107308295601,49.6632235627062,106.87015884669351
2098,total,fixed,77.41396065427048,50.17949701817214,108.72668376773656
2099,total,fixed,78.8097395208766,50.68940810169479,110.60734970064513
2100,total,fixed,80.15821377199319,51.1536050497009,112.47971763516256
2101,total,fixed,81.52789405334472,51.633130229497105,114.20752749124736
2102,total,fixed,82.8274349542339,52.109934613476355,115.9781160533298
2103,total,fixed,84.04779256021482,52.57078179731919,117.79547593852168
2104,total,fixed,85.28465178162494,53.0092558213794,119.4942855192671
2105,total,fixed,86.44373843891043,53.44747271777637,121.21946855884399
2106,total,fixed,87.62733859157433,53.885040208972676,122.96929617453172
2107,total,fixed,88.78302920469815,54.318174581876136,124.8128946437888
2108,total,fixed,89.90378687941232,54.712401529607966,126.56484000575418
2109,total,fixed,91.01189034515804,55.14366336265524,128.4107665713825
2110,total,fixed,92.03868288171677,55.546271335917915,130.0544690095006
2111,total,fixed,93.0860668135571,55.95843919307545,131.8954266060486
2112,total,fixed,94.05893798459488,56.330443048698385,133.77623810283046
2113,total,fixed,95.08298140668614,56.692672733486184,135.5110301950064
2114,total,fixed,96.02730953372006,57.10151597482372,137.25569222328608
2115,total,fixed,96.93121891311849,57.50510863011596,139.01260868185753
2116,total,fixed,97.83272152798213,57.89470417449823,140.71536895522618
2117,total,fixed,98.76951618597388,58.248421073307725,142.47382619240787
2118,total,fixed,99.61974700946853,58.571063483799115,144.16281712085407
2119,total,fixed,100.33533687636555,58.88344279511244,145.7706696717755
2120,total,fixed,101.1151607597737,59.21029239097433,147.40493257040674
2121,total,fixed,101.92786233951463,59.53967580939359,149.09960294676105
2122,total,fixed,102.66871785997188,59.89242976612124,150.73642263145047
2123,total,fixed,103.23612078097258,60.176664132662125,152.2989050776518
2124,total,fixed,103.92364792287805,60.46593147090395,153.84421304357636
2125,total,fixed,104.58077590307056,60.733666778904514,155.37718186276348
2126,total,fixed,105.29991415728293,61.07986096827729,156.95294025220105
2127,total,fixed,106.09746911058558,61.41562317326066,158.5289218992938
2128,total,fixed,106.71325635136535,61.6977129330392,160.14122558115292
2129,total,fixed,107.35090912717948,61.99862532148208,161.74095433767573
2130,total,fixed,107.98061575193296,62.29431336747981,163.28863636582048
2131,total,fixed,108.55356830615457,62.57854810421143,164.8605661429763
2132,total,fixed,109.04014545364379,62.81736082750913,166.29174800545485
2133,total,fixed,109.57770763281152,63.060219123280234,167.78503490400018
2134,total,fixed,110.0505866119415,63.30369197099591,169.1821320846309
2135,total,fixed,110.48036107421046,63.57701209639006,170.7591649539586
2136,total,fixed,110.90591365049002,63.83309813348045,172.27542457060656
2137,total,fixed,111.29949760654635,64.03880291595358,173.79903510371045
2138,total,fixed,111.61729249461293,64.27524074993885,175.2076485811374
2139,total,fixed,112.00205251235721,64.52457559326886,176.72801351999445
2140,total,fixed,112.42556871001051,64.74541429928392,177.98752244021108
2141,total,fixed,112.69787385924852,64.93251048147131,179.34486183435226
2142,total,fixed,113.03397604726216,65.15402625046154,180.54409486739792
2143,total,fixed,113.42420643280425,65.36353086904586,182.00917411757524
2144,total,fixed,113.72698489117352,65.57013224215608,183.27137612543817
2145,total,fixed,113.9959205982239,65.77134505084477,184.65022615225033
2146,total,fixed,114.30985707138586,65.95465191808037,185.93286811856862
2147,total,fixed,114.59007241797373,66.17731171867068,186.92313187009609
2148,total,fixed,114.81018257771623,66.36407019570643,188.13088445960537
2149,total,fixed,115.06807894310626,66.5787966993314,189.28850576479724
2150,total,fixed,115.26596479109281,66.76013572784078,190.37079005883868
2151,total,fixed,115.4688530761032,66.94293739068945,191.2856110207945
2152,total,fixed,115.69109863992784,67.12963200384786,192.5247456719311
2153,total,fixed,115.97486049195726,67.3163177196464,193.45535750609275
2154,total,fixed,116.21694472092406,67.50768307056929,194.52095243473883
2155,total,fixed,116.41572822946426,67.702488804442,195.6032276348131
2156,total,fixed,116.65825665893605,67.88123035438763,196.37696925002479
2157,total,fixed,116.88382288391959,68.06093091461264,197.22535224664182
2158,total,fixed,117.07298603636937,68.2371356783681,198.1587849036745
2159,total,fixed,117.29561948489922,68.43603662227284,199.18992935929234
2160,total,fixed,117.48846274546142,68.58278105631058,199.9937831761623
2161,total,fixed,117.66027934845388,68.70024408394681,200.729588077931
2162,total,fixed,117.85274962584575,68.88337828513788,201.95459463025688
2163,total,fixed,118.03574035181282,69.07421138841823,202.59790550001065
2164,total,fixed,118.1586800180423,69.19482083587975,203.68371426316213
2165,total,fixed,118.2782710797268,69.3002437185024,204.448542827783
2166,total,fixed,118.43114478530121,69.4277519755465,205.22435916510636
2167,total,fixed,118.58180788452583,69.53007525622053,206.182243308578
2168,total,fixed,118.692539800985,69.64694513043123,206.90460138152253
2169,total,fixed,118.83223954792587,69.78285830654853,207.54582466315955
2170,total,fixed,118.95838964071527,69.90309334006639,208.1305407387841
2171,total,fixed,119.09631996747999,70.04180386871656,208.83427235468534
2172,total,fixed,119.21604997901363,70.15882127564659,209.52436698817226
2173,total,fixed,119.34339529242538,70.28803418172669,210.51433986318548
2174,total,fixed,119.47485981129347,70.41388243730276,211.27040438475615
2175,total,fixed,119.60913705576617,70.53998114234327,211.9420488409214
2176,total,fixed,119.73959134503431,70.67391274037733,212.69547972247213
2177,total,fixed,119.81819808523653,70.76614403136857,213.6933102734748
2178,total,fixed,119.89188832578384,70.85625675901977,214.4080083499404
2179,total,fixed,119.99526049480497,70.96983581930182,215.2202759326523
2180,total,fixed,120.09268324245096,71.07221431668984,215.6591572747083
2181,total,fixed,120.18962418953171,71.17388945304401,216.31481649893797
2182,total,fixed,120.27462056567913,71.2679869289106,216.72092947145222
2183,total,fixed,120.36393432731045,71.35828606182092,217.3237155075442
2184,total,fixed,120.44986730345282,71.44137408872444,217.6682467764661
2185,total,fixed,120.5515736620817,71.5352911202761,218.02411929064658
2186,total,fixed,120.58739572729186,71.57238450259827,218.39696128118595
2187,total,fixed,120.63516809221207,71.60467480929444,218.75586286766588
2188,total,fixed,120.71417204714392,71.68286124330206,219.0074959215498
2189,total,fixed,120.7743792807487,71.7655228507196,219.31948361215785
2190,total,fixed,120.85989419588387,71.87657311918981,219.61632584192702
2191,total,fixed,120.940679344899,71.95824670685023,219.80757357735013
2192,total,fixed,120.97609777964311,72.01362452912717,219.9907547401778
2193,total,fixed,121.04950500874271,72.10844817684212,220.12686658074279
2194,total,fixed,121.1305739247733,72.20381079167804,220.20097527026914
2195,total,fixed,121.17553468487287,72.26807222328351,220.298054566643
2196,total,fixed,121.17974265518649,72.2908916884263,220.5441328786431
2197,total,fixed,121.24794025164641,72.35846625730119,220.77284701445186
2198,total,fixed,121.28701028679527,72.39866978896043,220.7911993900874
2199,total,fixed,121.32943289705209,72.43588651525887,220.8064711423006
2200,total,fixed,121.38008962978421,72.47901378926254,220.8905743938368
2201,total,fixed,121.41521101626499,72.51718171764881,220.84118276694124
2202,total,fixed,121.46684988646801,72.57536965556956,220.98226896424467
2203,total,fixed,121.52873606879905,72.63741079757662,221.1616336345861
2204,total,fixed,121.58747931288681,72.69085150511941,221.192741739035
2205,total,fixed,121.6390496405117,72.76511049135533,221.38242182729067
2206,total,fixed,121.68618851237493,72.82670878586063,221.41285094178843
2207,total,fixed,121.72413931862485,72.87781664363602,221.54269955535887
2208,total,fixed,121.73356178437585,72.89937639921008,221.54550643071698
2209,total,fixed,121.79133272622974,72.96422961038394,221.57872683847413
2210,total,fixed,121.79274586360415,72.980979413596,221.55635845224538
2211,total,fixed,121.77181813407726,72.98460399721269,221.53445711336244
2212,total,fixed,121.80984520501204,73.03172329274294,221.55251769216136
2213,total,fixed,121.82818824371697,73.05520455416158,221.54351147897253
2214,total,fixed,121.87067462046167,73.10209538035741,221.54439663095843
2215,total,fixed,121.9294325557401,73.15254924501296,221.5615055476611
2216,total,fixed,121.97896081673278,73.20295601155819,221.56808757423636
2217,total,fixed,122.02384299192965,73.25653520225202,221.5695390021885
2218,total,fixed,122.01955011854884,73.25007371503935,221.52381649124374
2219,total,fixed,122.04138953977144,73.27233769355973,221.50764575251637
2220,total,fixed,122.04421460384937,73.27021782812555,221.47750663945422
2221,total,fixed,122.07247729318684,73.31236110546062,221.4807615027501
2222,total,fixed,122.0774873917421,73.32038023030441,221.44658120176223
2223,total,fixed,122.07591096128054,73.33061679640012,221.42091746325045
2224,total,fixed,122.07363769774824,73.33464944189555,221.39580350191315
2225,total,fixed,122.08961125873475,73.36260303920618,221.39407414496475
2226,total,fixed,122.06778186770777,73.37954088575503,221.36158688809599
2227,total,fixed,122.08859770450712,73.42677013693877,221.36805996872397
2228,total,fixed,122.06363602957677,73.42167781984269,221.32652128197512
2229,total,fixed,122.06130169484278,73.42668527233576,221.2969447114345
2230,total,fixed,122.03688797128656,73.42274998773141,221.24396066786758
2231,total,fixed,122.0419433726367,73.45075615105321,221.22042762810284
2232,total,fixed,122.05390620754196,73.47517838891035,221.20349960142858
2233,total,fixed,122.06099457094109,73.49208624718251,221.1769821740159
2234,total,fixed,122.06129516521955,73.49937619289832,221.14199297592717
2235,total,fixed,122.07991077705793,73.51512614778704,221.11914565241278
2236,total,fixed,122.12354394558827,73.56593231930704,221.12937325106043
2237,total,fixed,122.11107588883075,73.56895868032385,221.09335231038028
2238,total,fixed,122.14149635594427,73.608568308217,221.08965787218412
2239,total,fixed,122.13776260102787,73.61863786653517,221.05834894091504
2240,total,fixed,122.12351713164264,73.61557095148248,221.02656960165342
2241,total,fixed,122.12456513814647,73.63642374774847,221.0286300830511
2242,total,fixed,122.14630720398584,73.6632667663637,221.03855652590184
2243,total,fixed,122.13536724643278,73.6626627970959,220.99977302422982
2244,total,fixed,122.14071370584239,73.6790226262518,220.977853454248
2245,total,fixed,122.1150951898714,73.67005112010474,220.92732557837357
2246,total,fixed,122.07417588860437,73.64593696659807,220.86143318560914
2247,total,fixed,122.11656443156679,73.70036133214963,220.88126783921345
2248,total,fixed,122.11170814590935,73.70817891561447,220.85087275714145
2249,total,fixed,122.12089958956486,73.72965326562213,220.82409614074047
2250,total,fixed,122.11668960337397,73.7397860907525,220.79515580191784
2251,total,fixed,122.12436942825724,73.76351756412537,220.78318478959557
2252,total,fixed,122.11428757540716,73.76140843013809,220.75731707197605
2253,total,fixed,122.1171507878156,73.78087302549872,220.74319993805986
2254,total,fixed,122.14629150439657,73.83001252369161,220.71247289529654
2255,total,fixed,122.17176731983427,73.86071184915379,220.70470208190432
2256,total,fixed,122.1773888802833,73.88274142457918,220.68408765832228
2257,total,fixed,122.16294710195758,73.8795196613675,220.63175898272272
2258,total,fixed,122.19162611835031,73.91490323799925,220.63385442255293
2259,total,fixed,122.16723428517453,73.90298705585691,220.5807442411978
2260,total,fixed,122.19435044305597,73.93065348353952,220.5751986493548
2261,total,fixed,122.210346826809,73.95746277685602,220.55469385062736
2262,total,fixed,122.2092603297215,73.97309004926117,220.5261022844226
2263,total,fixed,122.2357090632309,74.00846759911062,220.5252130792436
2264,total,fixed,122.22886855809446,74.01258735422806,220.49105926819786
2265,total,fixed,122.19706771056738,73.99691302308509,220.43966934163998
2266,total,fixed,122.21243914214085,74.03281160555011,220.4385854102464
2267,total,fixed,122.20370616324394,74.05393648145954,220.41475973201293
2268,total,fixed,122.163797810076,74.03864005605332,220.3601982574974
2269,total,fixed,122.13582198587275,74.03530559021078,220.3176264968702
2270,total,fixed,122.12673998313221,74.05050902652955,220.29358241682158
2271,total,fixed,122.06131428504577,74.00642575811352,220.21011680631594
2272,total,fixed,122.05327634449952,74.01989709316769,220.16590067746773
2273,total,fixed,122.02336648172138,74.01137376573507,220.09945860098188
2274,total,fixed,122.0215545575944,74.02425444186167,220.05459118407546
2275,total,fixed,122.04336998004538,74.05749840504225,220.04160137118103
2276,total,fixed,122.02961959849068,74.05767141944332,219.9975953289451
2277,total,fixed,122.00670811835133,74.05356393517637,219.94733348885669
2278,total,fixed,122.0138238926348,74.08219941550412,219.92197420676598
2279,total,fixed,122.01118941309181,74.08908397835253,219.85060187945143
2280,total,fixed,122.02172617828307,74.11766878655803,219.79956816062398
2281,total,fixed,122.02483148407774,74.1330907749682,219.75557000478867
2282,total,fixed,122.02889471168675,74.14592961915247,219.71079068202033
2283,total,fixed,122.0270923718052,74.15252810858469,219.6598883472775
2284,total,fixed,122.07529486702848,74.20071150162303,219.65795859388166
2285,total,fixed,122.08724299834037,74.21266557797155,219.61371615869012
2286,total,fixed,122.05727216790902,74.20113024212591,219.56432947058468
2287,total,fixed,122.0548254796881,74.21842112841402,219.55147945466516
2288,total,fixed,122.04532725250166,74.22765637469297,219.53059092552053
2289,total,fixed,122.02310603375471,74.2197992358279,219.49611443811798
2290,total,fixed,122.02875754112479,74.23435571036151,219.46316922589597
2291,total,fixed,122.04217472203574,74.2625926431869,219.43411563523722
2292,total,fixed,122.04390091919103,74.27987835483903,219.3890296850814
2293,total,fixed,122.0535429466727,74.3004079908488,219.35240079388709
2294,total,fixed,122.08083082495905,74.33743523880075,219.34787557770588
2295,total,fixed,122.07449801646614,74.34647955655919,219.32187123221271
2296,total,fixed,122.10975183753554,74.39124616321428,219.33011866296934
2297,total,fixed,122.17015727924944,74.46323805672652,219.3580720276193
2298,total,fixed,122.17523921768762,74.4808035993882,219.35105200822343
2299,total,fixed,122.15655302513346,74.48134460437862,219.32365456839594
2300,total,fixed,122.17689005262386,74.50686642281023,219.32132735044146
1990,total,joint,-2.830976528881868,-3.0856303902062274,-2.6048619389440564
1991,total,joint,-2.6868444501430195,-2.9260459236449523,-2.4735019302954107
1992,total,joint,-2.6348766282812743,-2.8620908348491763,-2.4277575437134495
1993,total,joint,-2.7964681625221077,-3.025641437860745,-2.58223913263162
1994,total,joint,-2.750415935724214,-2.9684691993739807,-2.5442465748074956
1995,total,joint,-2.58920635762893,-2.7923995987827595,-2.3963911393395025
1996,total,joint,-2.3872654632402464,-2.5722752797120507,-2.210536304643828
1997,total,joint,-2.148034906929098,-2.3142377464800554,-1.9885351403182834
1998,total,joint,-1.934011642366361,-2.083674747650136,-1.790791421423561
1999,total,joint,-1.6664710399734366,-1.7885696412761458,-1.5480788109537302
2000,total,joint,-1.4255612693901396,-1.529302146698542,-1.3266454733091315
2001,total,joint,-1.1384438334362823,-1.2229302310222276,-1.0587281176255974
2002,total,joint,-0.8354298177332247,-0.8975287009264532,-0.7765945860350905
2003,total,joint,-0.5470967465306824,-0.5894591829540302,-0.5077906155171142
2004,total,joint,-0.1927566647256258,-0.21625482863388568,-0.17465400278604076
2005,total,joint,0.09509494462046852,0.0726238774974246,0.11240668593945805
2006,total,joint,0.4222984361999158,0.3868984735261934,0.45698742274399023
2007,total,joint,0.7127740634013877,0.6560972545172628,0.7718703484009637
2008,total,joint,0.9992096666354744,0.9232157937606341,1.0791252765741044
2009,total,joint,1.2483415385639578,1.1550947642507563,1.3466224867618177
2010,total,joint,1.5306195856346783,1.4168029654723233,1.6507354950763733
2011,total,joint,2.015559950640122,1.874196621261242,2.1649173577266527
2012,total,joint,2.2922452821778396,2.1298526186447173,2.4637271051403085
2013,total,joint,2.6129833421878947,2.4320146869237065,2.8055128150496222
2014,total,joint,2.931242892545126,2.7292238248353424,3.1454669179841037
2015,total,joint,3.0599935986935938,2.630926458098972,3.506759180228047
2016,total,joint,3.3036003117952903,2.8284120170941995,3.8017622640614395
2017,total,joint,3.7154227521301246,3.1867146129143906,4.269452956852246
2018,total,joint,4.010131037918986,3.430402395439474,4.6134853424686035
2019,total,joint,4.319256231802418,3.6911487399756755,4.9747960859595555
2020,total,joint,4.694504492633117,4.015001015568173,5.399949939357567
2021,total,joint,5.035854860051336,4.307838022564096,5.795406210796523
2022,total,joint,5.417658851004817,4.637468745214987,6.229854388581636
2023,total,joint,5.714278669962494,4.88102012625643,6.580205053847091
2024,total,joint,6.064795011878816,5.175154660068532,6.989750293556854
2025,total,joint,6.4145696217993,5.470841929212292,7.397342074379626
2026,total,joint,6.80267992518474,5.797445943018049,7.839105611356379
2027,total,joint,7.178304588284611,6.116686603132868,8.276446626772897
2028,total,joint,7.566093641353056,6.442293015495606,8.730248260039131
2029,total,joint,7.930484929489423,6.747278461840648,9.153035855454833
2030,total,joint,8.329505551387314,7.081924400138267,9.622345509919953
2031,total,joint,8.725042010482225,7.4137204905294105,10.079515800775532
2032,total,joint,9.132988719279297,7.758864750255758,10.56356483702476
2033,total,joint,9.520615751400635,8.08076420868735,11.03361135436506
2034,total,joint,9.943030358671042,8.43642616753612,11.53413891823128
2035,total,joint,10.35164763923569,8.778556246875448,12.033844037883894
2036,total,joint,10.797638072324691,9.152410252059118,12.568147077938866
2037,total,joint,11.222049819757263,9.50382261827711,13.09592295039813
2038,total,joint,11.65720724295516,9.866632168564758,13.63277520613571
2039,total,joint,12.114572890668434,10.24216717831811,14.199777095257422
2040,total,joint,12.560248288495913,10.612709836274034,14.779329786625672
2041,total,joint,13.018983408990811,10.98962444617029,15.357907437639378
2042,total,joint,13.512998726435654,11.401029140592815,15.974628855162553
2043,total,joint,13.976813525446484,11.783480532947367,16.5993176672473
2044,total,joint,14.404706978001812,12.124696818242404,17.186402427895977
2045,total,joint,14.836797723546104,12.464482333377632,17.768349194972757
2046,total,joint,15.282099086781482,12.820726008868471,18.43092521497549
2047,total,joint,15.773473055332186,13.208846767944499,19.134951395668285
2048,total,joint,16.287380622353176,13.625580079966374,19.959200827931397
2049,total,joint,16.79676475874721,14.025819733171652,20.87163577354755
2050,total,joint,17.306487987475897,14.439851075406,21.836100056843435
2051,total,joint,17.86539003828483,14.886055528076321,22.925266219921095
2052,total,joint,18.415432932830328,15.321963892371711,24.266427319286947
2053,total,joint,18.942043964833193,15.730086769371471,25.673339337854383
2054,total,joint,19.479344615284287,16.14297977175988,26.9963524915012
2055,total,joint,20.0688081874371,16.612209969478993,28.598518167028214
2056,total,joint,20.652868876766316,17.042960357205345,30.259370654719568
2057,total,joint,21.23020523480784,17.487956941280512,31.84419528756128
2058,total,joint,21.816387522627316,17.925113582092088,33.37311695535391
2059,total,joint,22.420481170476833,18.38251852143513,35.02277419830184
2060,total,joint,23.043671463530547,18.854965434035382,36.79552516995011
2061,total,joint,23.697297888378937,19.319208703693693,38.613639460211544
2062,total,joint,24.312281531979018,19.739375522338754,40.2683137074041
2063,total,joint,24.986839439172932,20.208104371370688,42.06604777726393
2064,total,joint,25.637441559778733,20.6770700506964,43.909496680929934
2065,total,joint,26.314658075431485,21.133676272640425,45.68415823840835
2066,total,joint,27.046255409996416,21.618073331096888,47.51027487555344
2067,total,joint,27.76135706420812,22.098433180181942,49.36713922427014
2068,total,joint,28.535854074313356,22.604304309007645,51.339641879837274
2069,total,joint,29.361973147562697,23.124757380171687,53.14589478080665
2070,total,joint,30.180768145499563,23.619166190783066,55.15776457497748
2071,total,joint,31.03956528716266,24.1122781974377,57.06593739113144
2072,total,joint,31.97610383359978,24.600261665478783,59.0812461876548
2073,total,joint,32.83158475851953,25.02247271295966,60.94039456007338
2074,total,joint,33.743488695314966,25.523867115071134,62.88347460770961
2075,total,joint,34.7341810377379,26.042756597259935,64.85966487771796
2076,total,joint,35.768442894754216,26.55710005112164,66.77495020375909
2077,total,joint,36.78686666892975,27.02893179605279,68.91702323374506
2078,total,joint,37.81184334789778,27.488724275958784,70.82644575541129
2079,total,joint,38.902076928411105,27.931656696473144,72.88458211455446
2080,total,joint,39.895729332295744,28.35420894886506,74.8726451968064
2081,total,joint,41.07317096838748,28.763283393985596,76.75553941562671
2082,total,joint,42.243960297492116,29.18707605104858,78.7735950539353
2083,total,joint,43.45021373686181,29.617491797745284,80.81869469180228
2084,total,joint,44.592221996738004,30.040018036092206,82.72203099268751
2085,total,joint,45.7700383801441,30.44534260604847,84.8019693109744
2086,total,joint,46.84979122927922,30.82239667421852,86.72775595098868
2087,total,joint,47.89948669697772,31.225618727254634,88.63747491521677
2088,total,joint,48.94638949144836,31.575145232596014,90.33767952509956
2089,total,joint,50.00204748960657,31.911438095673372,92.21171902359629
2090,total,joint,51.0972494192858,32.281387112483,94.02977527119889
2091,total,joint,52.05016753421134,32.635436101959144,95.7755940483835
2092,total,joint,52.95504346670319,32.94545258992856,97.48054997847025
2093,total,joint,53.812644668466646,33.27459418944691,99.29398607776878
2094,total,joint,54.44862922252776,33.54880064158469,101.13264744273648
2095,total,joint,55.265563339011294,33.85254546572908,102.95070586936791
2096,total,joint,56.04066275343014,34.15391450412122,104.67349700799167
2097,total,joint,56.71177314633583,34.4612618417168,106.4483845991043
2098,total,joint,57.41529920089252,34.743748675884326,108.18780773409681
2099,total,joint,58.09217386068076,35.04350012601583,109.99637512584235
2100,total,joint,58.73139761490065,35.2650160478448,111.81011283262417
2101,total,joint,59.2844074619085,35.547311528185055,113.66298585617055
2102,total,joint,59.76690345548522,35.818237020350395,115.44472341411584
2103,total,joint,60.20109565955593,36.07254670821423,117.32012953826974
2104,total,joint,60.654070553162256,36.28939445645361,119.08637074871633
2105,total,joint,61.0778657334554,36.51667517566867,120.70867137854896
2106,total,joint,61.52146676539293,36.73589947469306,122.59597722785385
2107,total,joint,61.91006286747929,36.98176242964579,124.45047038610845
2108,total,joint,62.348598694823735,37.21417588723674,126.18896986209525
2109,total,joint,62.683781684171976,37.47164867784324,127.87110986710923
2110,total,joint,63.06495178530116,37.70570478879914,129.53870378020326
2111,total,joint,63.41950636117379,37.942122953312534,131.25407864750244
2112,total,joint,63.73707616583054,38.15202020717623,132.7637050315427
2113,total,joint,64.04554360762023,38.34798054378108,134.38667046906218
2114,total,joint,64.39383683003716,38.582542949018205,136.08884060783592
2115,total,joint,64.80148484523994,38.81234240893647,137.76106322206948
2116,total,joint,65.09902055400943,39.04788720671097,139.45471900595845
2117,total,joint,65.42367244806088,39.216608762651646,141.12932517177526
2118,total,joint,65.68148808001155,39.37353192822215,142.74208101086091
2119,total,joint,65.94891151538411,39.52337614828425,144.33261024442822
2120,total,joint,66.15452180688021,39.67812977773319,145.93459651052638
2121,total,joint,66.44396216369924,39.85831543622649,147.4890380800253
2122,total,joint,66.76453227541873,40.07336562542845,149.14712513412746
2123,total,joint,67.0281943273916,40.227021539348215,150.73131680652568
2124,total,joint,67.31316377996478,40.37251481392324,152.3462566813781
2125,total,joint,67.59594981154603,40.48561511568676,153.9187842250618
2126,total,joint,67.86732462623425,40.662023585981146,155.55724203983908
2127,total,joint,68.16691646484549,40.84662315158076,156.8799250873203
2128,total,joint,68.37062983929279,40.97166187315562,158.34468022746364
2129,total,joint,68.65334373302406,41.13655489939643,159.77086367661866
2130,total,joint,68.88126020874883,41.276143479538305,161.22561893880524
2131,total,joint,69.1623332747799,41.45719619432494,162.83271663124165
2132,total,joint,69.38649323167712,41.56468753525546,164.32731432642768
2133,total,joint,69.59952332632938,41.68446996455638,165.7971882950195
2134,total,joint,69.82061676110362,41.81547468564605,167.08987163194269
2135,total,joint,70.02729498941653,41.95671011639235,168.51140858615003
2136,total,joint,70.21498992777504,42.07666382245143,169.91148718584083
2137,total,joint,70.4106500419359,42.16854199537452,171.25841486266722
2138,total,joint,70.59615845611299,42.27229549408611,172.47572766154846
2139,total,joint,70.8039966701196,42.39300521551196,173.7981458070601
2140,total,joint,70.94982551449648,42.50488051752214,175.1024336377227
2141,total,joint,71.09867414087913,42.59440641184232,176.38238177248766
2142,total,joint,71.28894679600896,42.71693483696355,177.8215844072261
2143,total,joint,71.44828163309684,42.82800584168189,179.11123598928347
2144,total,joint,71.63429472707048,42.939625474946205,180.48452641790183
2145,total,joint,71.79467428936577,43.043588742637745,181.6507384806094
2146,total,joint,71.95043802674559,43.137212309848685,182.78959403079455
2147,total,joint,72.12624646489947,43.238493828462914,183.81471754669553
2148,total,joint,72.31005678191329,43.315365344379025,185.1267063935848
2149,total,joint,72.51115585865801,43.43042675959632,186.35204639839154
2150,total,joint,72.6392126569126,43.50957406569468,187.54244670619357
2151,total,joint,72.7609132070279,43.60602876718545,188.8737408514375
2152,total,joint,72.873753409557,43.69822734987646,190.00656168229483
2153,total,joint,73.02239434296388,43.80720021490281,191.20696307293355
2154,total,joint,73.17025685073433,43.899294015125754,192.40972577936168
2155,total,joint,73.32837596191905,44.004007768467574,193.22605825627957
2156,total,joint,73.41231765012517,44.086392971770984,194.5156227337074
2157,total,joint,73.53833996314916,44.16329523528624,195.44280130724215
2158,total,joint,73.70110378263874,44.25435219706899,196.58145805300566
2159,total,joint,73.86228096222078,44.36825355410851,197.38288536448812
2160,total,joint,73.97325166542566,44.418437941132204,198.62201832747658
2161,total,joint,74.03923117799576,44.436717047354016,199.50578799048074
2162,total,joint,74.18361739179525,44.524463465526566,200.65301217278042
2163,total,joint,74.33300227790768,44.62562135843695,201.3309234702719
2164,total,joint,74.41801254740028,44.67436170461232,202.54009129325823
2165,total,joint,74.47840122158539,44.73258856243307,203.2112914714384
2166,total,joint,74.57401806226518,44.80547427384052,204.16608879056724
2167,total,joint,74.64731569524207,44.85136056647021,204.94596622574886
2168,total,joint,74.73476126403064,44.89357184694827,205.7360653731973
2169,total,joint,74.81055025739121,44.95559453991118,206.7186525281798
2170,total,joint,74.88545643260679,44.98812603500348,207.46317183961432
2171,total,joint,74.97824165721026,45.039824608908056,207.9556149821319
2172,total,joint,75.06662283958137,45.077256455290716,208.68295438079917
2173,total,joint,75.13042451890654,45.131102983422146,209.50274111299655
2174,total,joint,75.20928744065863,45.18983983021848,210.3575553971754
2175,total,joint,75.29138311839745,45.249276449998504,211.2433320149723
2176,total,joint,75.38704722828828,45.3214276072109,211.95054860142864
2177,total,joint,75.46810385068173,45.356879511403925,213.0941936123109
2178,total,joint,75.58491189982837,45.403768901733116,213.74808484153408
2179,total,joint,75.68270450069957,45.46007599673865,214.5730056745807
2180,total,joint,75.79177265264381,45.500503205042776,215.0897331217151
2181,total,joint,75.87394964152116,45.5374701616027,215.6866967931195
2182,total,joint,75.96161501086708,45.5632987661101,216.4074456323805
2183,total,joint,75.99674330283895,45.595992113530826,216.95450965378942
2184,total,joint,76.00048490819934,45.630317938038075,217.36286528591734
2185,total,joint,76.03566009377086,45.67507853064229,217.9365490214988
2186,total,joint,76.08150081120459,45.67422101513179,218.3582899061646
2187,total,joint,76.13026440761044,45.68450283496659,218.85598606670143
2188,total,joint,76.18392262831279,45.72080742777424,219.16617198735503
2189,total,joint,76.23735662464159,45.77430485800052,219.61949528965516
2190,total,joint,76.30970162002848,45.82673034901664,220.18499689635468
2191,total,joint,76.3690904745436,45.86969042256539,220.37245594468047
2192,total,joint,76.39588574101069,45.86064657956856,220.72833302476747
2193,total,joint,76.44989103845126,45.896480315272434,220.9747715097292
2194,total,joint,76.51770506925136,45.93880490508948,221.2178618252286
2195,total,joint,76.55727022084268,45.94950323259765,221.34062932363491
2196,total,joint,76.59753255595376,45.92250782383469,221.78627132359546
2197,total,joint,76.67909657717362,45.95858302460836,222.0468523842904
2198,total,joint,76.74758853958801,45.98428278485203,222.44387272782504
2199,total,joint,76.7795144944436,46.00909918291672,222.7228528059142
2200,total,joint,76.81181994104914,46.032955848259306,222.80133631144324
2201,total,joint,76.81304858647967,46.03726934786248,223.05009182203815
2202,total,joint,76.86341181110421,46.06313867015833,223.37444240537587
2203,total,joint,76.92657433831778,46.09530071216356,223.49313765821006
2204,total,joint,76.96323020140345,46.106577648689665,223.78706194480128
2205,total,joint,77.00952128450342,46.13714513216878,223.91146016921735
2206,total,joint,77.04003442570185,46.14838520165135,224.1601703593629
2207,total,joint,77.04109100250675,46.14752938313813,224.10764427338222
2208,total,joint,77.03916417317214,46.154923296839854,224.40257443642074
2209,total,joint,77.05680756612739,46.206361968370544,224.72228118530765
2210,total,joint,77.0674337480205,46.19351999399038,224.80272634617913
2211,total,joint,77.06716061676046,46.17247371928882,225.43484648410876
2212,total,joint,77.07872501323706,46.19089464635418,225.41417619929726
2213,total,joint,77.08090861534149,46.193470447243854,225.5255406638
2214,total,joint,77.09904987886833,46.22346151889396,225.6269975952102
2215,total,joint,77.12457389398779,46.26931398040112,225.66890126072127
2216,total,joint,77.13865750825369,46.305613352127004,225.83105891467855
2217,total,joint,77.16639074093989,46.341416275279464,226.02978038702932
2218,total,joint,77.14616066896141,46.32551428814399,225.9417984327464
2219,total,joint,77.15540594278343,46.338735764911036,225.88278060565895
2220,total,joint,77.1535315184118,46.33627242079659,225.86972270445418
2221,total,joint,77.18515716229795,46.36471858517146,226.1049358927171
2222,total,joint,77.17858600416463,46.333108258118415,226.11015401128031
2223,total,joint,77.1651957924827,46.339005591299646,226.08640680059074
2224,total,joint,77.16746971600983,46.35614350096441,226.39853064288232
2225,total,joint,77.1784535132793,46.374239438749825,226.48622858117457
2226,total,joint,77.19544781502096,46.3652515146271,226.57881994530624
2227,total,joint,77.22109815929818,46.39014798369463,226.67277887178489
2228,total,joint,77.19296248504469,46.36639871434955,226.62557434767717
2229,total,joint,77.18561035162675,46.334896539579475,226.58856329567743
2230,total,joint,77.16122239760949,46.30206110715864,226.52608661269414
2231,total,joint,77.16094844864725,46.294954756279154,226.49511227822242
2232,total,joint,77.1731516540452,46.3096139658521,226.82430677060276
2233,total,joint,77.17974398839304,46.30788059840428,227.268767907011
2234,total,joint,77.18337547014197,46.29797948318793,227.35207489175176
2235,total,joint,77.21587928528632,46.31183627847605,227.55442648118324
2236,total,joint,77.26617161818942,46.36342455813673,227.6952375900674
2237,total,joint,77.27766164020784,46.34954936417416,227.69009712096363
2238,total,joint,77.32484439048122,46.38027221172369,227.6293227437416
2239,total,joint,77.34059824844246,46.3786743376261,227.5565903622336
2240,total,joint,77.32716950676598,46.34316522352935,227.72200831030688
2241,total,joint,77.3237901954686,46.342226932790595,227.75118095599547
2242,total,joint,77.32621349640289,46.35002114479537,227.70673774145206
2243,total,joint,77.29603193907329,46.35175120695164,227.67457385702858
2244,total,joint,77.31920159777222,46.35986964649023,227.62401152238428
2245,total,joint,77.3010744308838,46.34964376679756,227.50977132297595
2246,total,joint,77.27413227572256,46.310488645311985,227.5776152561643
2247,total,joint,77.3313288402993,46.33793639609331,227.84692993437665
2248,total,joint,77.3407605216627,46.31437135966567,227.85304961887672
2249,total,joint,77.35650293303945,46.30688662990282,227.85505791191306
2250,total,joint,77.3550487813222,46.308824811248314,227.8003714436789
2251,total,joint,77.36381458015646,46.31440536033687,227.74219482544433
2252,total,joint,77.35403757421962,46.28117887569893,227.66581877710615
2253,total,joint,77.36779255570387,46.26826618773315,227.6083148550702
2254,total,joint,77.38056711083809,46.2920146388292,227.5787316871496
2255,total,joint,77.40556116304674,46.316303914178384,227.56928263698708
2256,total,joint,77.42895101627443,46.325780792140925,227.6001570597465
2257,total,joint,77.4181976255118,46.32050526255783,227.65694985344678
2258,total,joint,77.46947087695392,46.35342068654222,227.6062886392578
2259,total,joint,77.42921157817423,46.33106991677296,227.6264968612686
2260,total,joint,77.44289253391041,46.35485592567533,227.66056366915714
2261,total,joint,77.46863887954976,46.361120778125965,227.62457006254974
2262,total,joint,77.45294128067684,46.35281560301361,227.57303715479935
2263,total,joint,77.45409541886956,46.36875727519826,227.52732046820898
2264,total,joint,77.44093129487604,46.36897845346317,227.4496556764514
2265,total,joint,77.3975468820748,46.345990481682534,227.35663589444476
2266,total,joint,77.42856369928403,46.37395962421025,227.31940034079287
2267,total,joint,77.44409670272597,46.398363198819574,227.27827275441763
2268,total,joint,77.43082021099201,46.37395706256872,227.23915448284555
2269,total,joint,77.41748049041863,46.35701525537756,227.20341664370733
2270,total,joint,77.43273896163721,46.36430869745823,227.15486479608828
2271,total,joint,77.3727838739058,46.30287224997306,227.04413414592992
2272,total,joint,77.37758252675528,46.297265820622705,226.98686462405337
2273,total,joint,77.36164145503177,46.27886234852317,226.9055555739591
2274,total,joint,77.38212033271519,46.28900932475259,226.84748339464113
2275,total,joint,77.40612380634829,46.32117694050739,226.81380044174023
2276,total,joint,77.37855958081906,46.31188933281412,226.750137149365
2277,total,joint,77.36879316298379,46.30135229787755,226.683893549557
2278,total,joint,77.38371105678786,46.3147247292162,226.6493142560634
2279,total,joint,77.38829293830491,46.318377140897056,226.59824699618568
2280,total,joint,77.39351436949296,46.35417967586088,226.60687915719663
2281,total,joint,77.39036826848114,46.357426430768086,226.56515638122514
2282,total,joint,77.39189008489348,46.35230913210873,226.57585771693775
2283,total,joint,77.36072963416134,46.33745646777678,226.59677984370816
2284,total,joint,77.4251587470501,46.38101872340536,226.61188448317537
2285,total,joint,77.4488963594653,46.38503052898405,226.57435411142166
2286,total,joint,77.45236908129965,46.370554473699066,226.51274639414822
2287,total,joint,77.45655939307017,46.38098047688065,226.47705611386186
2288,total,joint,77.45551233883971,46.38361997165248,226.43349018509915
2289,total,joint,77.4465340415993,46.379376311326816,226.36936850023565
2290,total,joint,77.4737115344559,46.39155764558086,226.32727457038797
2291,total,joint,77.51204006159224,46.40593635603274,226.31832207536436
2292,total,joint,77.51319404840159,46.40848982063575,226.27990274385783
2293,total,joint,77.52783161646674,46.411324072169805,226.22914554474957
2294,total,joint,77.55744483172346,46.42333209853279,226.21141418531263
2295,total,joint,77.56001635308087,46.4089439871187,226.15797770138488
2296,total,joint,77.60568901396117,46.42443136419663,226.14578140786563
2297,total,joint,77.66915775430866,46.46449905130153,226.1563636674429
2298,total,joint,77.68699714591285,46.47982865954055,226.07057595491884
2299,total,joint,77.68332042781847,46.4590289196029,225.95823203244382
2300,total,joint,77.71159194157013,46.46347438393766,225.86884682324452
