year,component,arm,med_cm,p05_cm,p95_cm
1990,glaciers,fixed,-0.6663032249651273,-0.8935106608068273,-0.47346467776828005
1991,glaciers,fixed,-0.6370501069386558,-0.8489612692546618,-0.45471000340967366
1992,glaciers,fixed,-0.602868735317756,-0.8014307116258246,-0.4305631039506545
1993,glaciers,fixed,-0.5857504108715501,-0.7748643218140299,-0.4187794742498588
1994,glaciers,fixed,-0.5485075630263041,-0.7251191186855072,-0.39222173631381224
1995,glaciers,fixed,-0.5161184319248777,-0.6793880478951293,-0.3693433169592634
1996,glaciers,fixed,-0.4722576976513566,-0.6218539572377627,-0.336731880819197
1997,glaciers,fixed,-0.43440363945829485,-0.5709872072528429,-0.3112049011903739
1998,glaciers,fixed,-0.3895835677327757,-0.5116632658560535,-0.27998467176716074
1999,glaciers,fixed,-0.3157287465349665,-0.41468542256579066,-0.22671699187670763
2000,glaciers,fixed,-0.27504943738271637,-0.3619900669230506,-0.19773182608692358
2001,glaciers,fixed,-0.22833118303044975,-0.3001763590261149,-0.164308425438073
2002,glaciers,fixed,-0.1708002877792516,-0.22476919630227576,-0.12408883147229904
2003,glaciers,fixed,-0.10978395427046772,-0.14412650543412786,-0.07979588309134794
2004,glaciers,fixed,-0.04937321266096584,-0.06609841694440469,-0.035411335257465246
2005,glaciers,fixed,0.00028835833475993056,-0.010465469875598021,0.00995228114450324
2006,glaciers,fixed,0.07049868188633024,0.04730262151045674,0.09662303327872225
2007,glaciers,fixed,0.15024733200883955,0.10602210046047117,0.19813498489726897
2008,glaciers,fixed,0.21121740304421044,0.1504878041838873,0.27760379401005275
2009,glaciers,fixed,0.2544047884290368,0.18169024105228954,0.33455048856778147
2010,glaciers,fixed,0.3125217737860715,0.22330299454275912,0.4107741736809663
2011,glaciers,fixed,0.40642729616264406,0.2921593014472437,0.5333574328193293
2012,glaciers,fixed,0.4672273114588217,0.33703380613724065,0.6135147134045351
2013,glaciers,fixed,0.5171195379542153,0.3752563177365244,0.6783925926943968
2014,glaciers,fixed,0.5712665732271844,0.4134450078316112,0.7512496114055064
2015,glaciers,fixed,0.6400300592718979,0.4635455064768339,0.8418138242631682
2016,glaciers,fixed,0.7124937617223428,0.5178917432598251,0.9338709892590102
2017,glaciers,fixed,0.8365301435948993,0.6091950500995631,1.0958186177355174
2018,glaciers,fixed,0.9140843511370571,0.6651639233683766,1.1965066827882407
2019,glaciers,fixed,0.9781604732522016,0.710549028825108,1.281863120615112
2020,glaciers,fixed,1.0702991056101179,0.7776480421548378,1.4026699210602835
2021,glaciers,fixed,1.1382099813342053,0.8277626943655043,1.4904695261438257
2022,glaciers,fixed,1.2045975583518496,0.8774373454495303,1.5762381633483538
2023,glaciers,fixed,1.2772601034514048,0.9296009010293038,1.6683411785370916
2024,glaciers,fixed,1.3669966042368566,0.9954885921504647,1.7876915547239296
2025,glaciers,fixed,1.458809151002336,1.0616505673374244,1.9055012342002442
2026,glaciers,fixed,1.5488187075145925,1.1292251704903487,2.02345393943046
2027,glaciers,fixed,1.6429871282153519,1.199193305856701,2.144516255763235
2028,glaciers,fixed,1.7390645510459,1.2685414167965456,2.2652878961287928
2029,glaciers,fixed,1.834368956692948,1.339227485344535,2.389451915788639
2030,glaciers,fixed,1.9309388572458417,1.4096395607218386,2.512255606346849
2031,glaciers,fixed,2.028853716467308,1.4825700366280006,2.637445549618258
2032,glaciers,fixed,2.124979271192358,1.5530561396753737,2.763133159423267
2033,glaciers,fixed,2.2257078327481707,1.6261225160692452,2.891892667321977
2034,glaciers,fixed,2.3257063197840937,1.7000534719842435,3.0219789769849115
2035,glaciers,fixed,2.4287251595064605,1.777943932141509,3.1502149683985974
2036,glaciers,fixed,2.533937740792978,1.8608980583130292,3.2828808617243626
2037,glaciers,fixed,2.6444554319442597,1.9473423818706064,3.4189730086014345
2038,glaciers,fixed,2.753769648029901,2.0287619750707875,3.5579678491524405
2039,glaciers,fixed,2.865049878670524,2.1120369781634682,3.701965022632903
2040,glaciers,fixed,2.977999965916817,2.2006300333521183,3.8450611280401175
2041,glaciers,fixed,3.0963014720291353,2.2919679333198104,3.989352912145083
2042,glaciers,fixed,3.2105387162058423,2.3852823392561016,4.1318301843540715
2043,glaciers,fixed,3.3276936357576563,2.476712114003649,4.279640570093625
2044,glaciers,fixed,3.4489465133800294,2.572932421117609,4.429168227510665
2045,glaciers,fixed,3.5714123699663642,2.6687856037050013,4.581575751201799
2046,glaciers,fixed,3.6985068411214734,2.7636471689841167,4.744696056794948
2047,glaciers,fixed,3.826054059915039,2.8616999670063694,4.909926706639711
2048,glaciers,fixed,3.9553987699305337,2.9637843516882905,5.073067672083924
2049,glaciers,fixed,4.089127007153488,3.06570647000537,5.239116845101024
2050,glaciers,fixed,4.227170764408065,3.1749184597595526,5.411511702158251
2051,glaciers,fixed,4.368342794675196,3.281751715298026,5.58111819729809
2052,glaciers,fixed,4.511888239116529,3.3906547929120223,5.7569263746531405
2053,glaciers,fixed,4.655556370670315,3.5028068269794668,5.944151015893279
2054,glaciers,fixed,4.8023893120818615,3.621329226076167,6.125466765783776
2055,glaciers,fixed,4.9536948611077225,3.7399388822024027,6.303669722827676
2056,glaciers,fixed,5.101578651999537,3.8530331594081333,6.4784407558306265
2057,glaciers,fixed,5.255462931452918,3.9664090136221413,6.665127536404394
2058,glaciers,fixed,5.410958538447438,4.080270100433213,6.849580154399791
2059,glaciers,fixed,5.568458345268514,4.203248466981538,7.0402216527604065
2060,glaciers,fixed,5.72738222631912,4.332973605830479,7.227144892394523
2061,glaciers,fixed,5.885451110362038,4.466386136041379,7.424910563987401
2062,glaciers,fixed,6.045875144714819,4.59460116711045,7.624217786591941
2063,glaciers,fixed,6.208310074074095,4.722278397006185,7.825727385311446
2064,glaciers,fixed,6.3717077205265475,4.851792360681049,8.02923901988276
2065,glaciers,fixed,6.53679005038042,4.984073844234745,8.22912310890825
2066,glaciers,fixed,6.710409632105286,5.119512583023496,8.433829419676307
2067,glaciers,fixed,6.884220925037487,5.25068900103348,8.636566496302695
2068,glaciers,fixed,7.058153117641641,5.3920311908590675,8.844461511627827
2069,glaciers,fixed,7.232194529633037,5.53988457493667,9.053259895187184
2070,glaciers,fixed,7.40938193897116,5.667313015401532,9.253422355845116
2071,glaciers,fixed,7.588331752346737,5.818606490095433,9.457482578340416
2072,glaciers,fixed,7.7632543141500125,5.971233014314723,9.667749269510367
2073,glaciers,fixed,7.942622653428842,6.113541206318086,9.891127433018099
2074,glaciers,fixed,8.12300109409881,6.256252812826968,10.105208784754513
2075,glaciers,fixed,8.308789259759397,6.401203553575892,10.319153720150736
2076,glaciers,fixed,8.496006595632611,6.547546633619562,10.538460216360019
2077,glaciers,fixed,8.678930802370981,6.700969634414129,10.75150261522021
2078,glaciers,fixed,8.865448885076752,6.856215569065765,10.9704640660688
2079,glaciers,fixed,9.05862140334416,7.021962816282938,11.17993136254691
2080,glaciers,fixed,9.246893741193116,7.178641763483096,11.417416184436462
2081,glaciers,fixed,9.4378275471924,7.344934615103431,11.642520125400294
2082,glaciers,fixed,9.629406260298605,7.512208949622966,11.856364633796048
2083,glaciers,fixed,9.817039917537166,7.6802100088643055,12.084276662269994
2084,glaciers,fixed,10.018791926297661,7.846983109260744,12.313841821477304
2085,glaciers,fixed,10.213264011470276,8.012339828190257,12.54324553740862
2086,glaciers,fixed,10.411537514678411,8.178671220385006,12.776442525372044
2087,glaciers,fixed,10.608506502683898,8.342306757895388,13.013489033380544
2088,glaciers,fixed,10.810151222325484,8.508361587938731,13.24155514312261
2089,glaciers,fixed,11.00845073324318,8.663967325564894,13.463159120049292
2090,glaciers,fixed,11.208729811291642,8.823397279579023,13.701451921831765
2091,glaciers,fixed,11.403758224671531,8.97687989456553,13.946950369980248
2092,glaciers,fixed,11.60078428571337,9.13240850593838,14.195183645044732
2093,glaciers,fixed,11.796801796373689,9.292994397137733,14.413823739803737
2094,glaciers,fixed,11.99567324019631,9.452212149047234,14.61929156775643
2095,glaciers,fixed,12.192023703596382,9.605831686418245,14.84911555126415
2096,glaciers,fixed,12.390518449699378,9.767552394969197,15.074484751485134
2097,glaciers,fixed,12.585437170760823,9.9294197868222,15.289705939322715
2098,glaciers,fixed,12.781231450809274,10.094321912981954,15.51384525524143
2099,glaciers,fixed,12.966135077019839,10.263514947158233,15.743645680244787
2100,glaciers,fixed,13.15811601899561,10.414614166686414,15.972960824389089
2101,glaciers,fixed,13.355468859858107,10.563843709816938,16.1989383355365
2102,glaciers,fixed,13.548684369626454,10.736130787028555,16.424091506756294
2103,glaciers,fixed,13.74478854314269,10.911685589870212,16.63970009861904
2104,glaciers,fixed,13.942148456554044,11.079704778908454,16.87140818405591
2105,glaciers,fixed,14.133891002036627,11.231389969272787,17.101045986569968
2106,glaciers,fixed,14.32432831655542,11.381502761870596,17.331699598652143
2107,glaciers,fixed,14.51316667751289,11.529517018825597,17.555773572097234
2108,glaciers,fixed,14.703728612906174,11.682320993662385,17.77499300742091
2109,glaciers,fixed,14.889114554795855,11.841498679247248,17.99166830890086
2110,glaciers,fixed,15.080867810107549,11.986550934308156,18.201724720348064
2111,glaciers,fixed,15.257537105293714,12.128915036192415,18.41802357531761
2112,glaciers,fixed,15.433843834381463,12.27520673090157,18.60466004220894
2113,glaciers,fixed,15.607464135912707,12.415993434807136,18.81353705332223
2114,glaciers,fixed,15.783597829986215,12.547420671419074,19.015394886578356
2115,glaciers,fixed,15.9574722863465,12.684965777213192,19.242497810903956
2116,glaciers,fixed,16.12894531231961,12.832449425883574,19.454707317580162
2117,glaciers,fixed,16.29777470489713,12.994993780679023,19.647537807938406
2118,glaciers,fixed,16.471424114603238,13.145711966429742,19.85611475386865
2119,glaciers,fixed,16.64294489545128,13.293666171447178,20.067491378084487
2120,glaciers,fixed,16.800944203232593,13.42477006331879,20.274949209976253
2121,glaciers,fixed,16.96682870320554,13.553185727251831,20.465122798972395
2122,glaciers,fixed,17.12046648982527,13.678977056073732,20.639760032187237
2123,glaciers,fixed,17.275843978213125,13.822859003786782,20.850522345046294
2124,glaciers,fixed,17.43380179392163,13.959116281242828,21.05920385062409
2125,glaciers,fixed,17.58015221712485,14.077219785310216,21.25871559619146
2126,glaciers,fixed,17.729494414734727,14.179867332098935,21.424269007997218
2127,glaciers,fixed,17.877294989259806,14.293803061096758,21.59774378812346
2128,glaciers,fixed,18.03563900289727,14.415944450200023,21.76193884266195
2129,glaciers,fixed,18.189145615132954,14.537089183240948,21.928534015713957
2130,glaciers,fixed,18.331813654488275,14.659939388696934,22.116547463069004
2131,glaciers,fixed,18.471151127901173,14.773721494777087,22.252132909618492
2132,glaciers,fixed,18.61667024750803,14.889846743106846,22.398094834031998
2133,glaciers,fixed,18.75266860780609,15.015708519633442,22.554120385606236
2134,glaciers,fixed,18.880516040292754,15.134439010004847,22.694881895069358
2135,glaciers,fixed,19.015951484879395,15.251594593727445,22.856372516832607
2136,glaciers,fixed,19.14956687131606,15.368393949393843,23.047801925889416
2137,glaciers,fixed,19.279822343464062,15.484169602529919,23.206923550469593
2138,glaciers,fixed,19.4147259310461,15.604007735105727,23.38101590041363
2139,glaciers,fixed,19.540008998630025,15.72688200915572,23.54137175855143
2140,glaciers,fixed,19.6748445136948,15.848061720132353,23.706270778673566
2141,glaciers,fixed,19.80412698045256,15.96657130737172,23.844476946806893
2142,glaciers,fixed,19.924332086344897,16.081130613041704,23.99249479753171
2143,glaciers,fixed,20.051325401284824,16.166094128383815,24.127711238401236
2144,glaciers,fixed,20.168254358417173,16.248278207087385,24.25067410415994
2145,glaciers,fixed,20.28004410441416,16.350766512412697,24.377533636323474
2146,glaciers,fixed,20.405228590149477,16.44284956144238,24.519706708655484
2147,glaciers,fixed,20.52411968613029,16.52557617333097,24.648248159156534
2148,glaciers,fixed,20.633711240702716,16.606905385660035,24.787802804679867
2149,glaciers,fixed,20.742548524915808,16.6863551237096,24.90833592455696
2150,glaciers,fixed,20.85187421079502,16.773693876457752,25.026962068867668
2151,glaciers,fixed,20.9628822613322,16.870505240166608,25.13850093192464
2152,glaciers,fixed,21.06926643425116,16.964127432713276,25.25865569195384
2153,glaciers,fixed,21.167374758607096,17.050285202678584,25.379961435479526
2154,glaciers,fixed,21.262068111540252,17.127627413792197,25.49386440269406
2155,glaciers,fixed,21.357816748121884,17.222838354114543,25.627202915185173
2156,glaciers,fixed,21.458102996336017,17.299836964695665,25.757441323660455
2157,glaciers,fixed,21.55964418848407,17.389807525065457,25.871792253088728
2158,glaciers,fixed,21.65753861347128,17.445580970716673,25.984047539240137
2159,glaciers,fixed,21.76457742132788,17.500685204215713,26.094741940624633
2160,glaciers,fixed,21.853848047712674,17.570657221502916,26.203644106330266
2161,glaciers,fixed,21.943423324658333,17.638661807337648,26.319466775941684
2162,glaciers,fixed,22.027179579506445,17.72221898250167,26.44501541223035
2163,glaciers,fixed,22.11949239462131,17.81777494559971,26.553492837317965
2164,glaciers,fixed,22.19864469508457,17.900037365133628,26.665002039764218
2165,glaciers,fixed,22.29009016219187,17.979499240365147,26.779698147486236
2166,glaciers,fixed,22.35715670550397,18.05793284158471,26.890688844521137
2167,glaciers,fixed,22.439121907745196,18.131870028562084,27.002064346919425
2168,glaciers,fixed,22.522178965952577,18.197246060489874,27.110684813437434
2169,glaciers,fixed,22.60389242726656,18.261590243128822,27.217333650246406
2170,glaciers,fixed,22.683548951613506,18.325247389209483,27.301975900164653
2171,glaciers,fixed,22.76731704895955,18.388334679107206,27.37986564122996
2172,glaciers,fixed,22.846392807204246,18.45049379025559,27.481737644215396
2173,glaciers,fixed,22.927713637480785,18.51543704045168,27.560262293513176
2174,glaciers,fixed,22.995469671193966,18.581492067849144,27.644028613233058
2175,glaciers,fixed,23.06658379732289,18.646836284306787,27.744142447608223
2176,glaciers,fixed,23.149892262035227,18.708812901219062,27.840803895415206
2177,glaciers,fixed,23.22434664143811,18.776541989783627,27.924786936023928
2178,glaciers,fixed,23.29698870409824,18.84324445599409,28.022204877890964
2179,glaciers,fixed,23.370253561745308,18.898180352622422,28.10994907203183
2180,glaciers,fixed,23.438573258967942,18.943253513769697,28.204711029248948
2181,glaciers,fixed,23.509677514254225,18.98415662141124,28.29801921638782
2182,glaciers,fixed,23.585430393612093,19.030651527411283,28.379179577365285
2183,glaciers,fixed,23.651805049976893,19.07388916750959,28.4504822133043
2184,glaciers,fixed,23.720455917341855,19.13918420952594,28.511938186640176
2185,glaciers,fixed,23.787555955989422,19.20479019117669,28.571736300310537
2186,glaciers,fixed,23.85399414118746,19.266399256694235,28.63017627066425
2187,glaciers,fixed,23.915603497834795,19.309081512033845,28.70686895137559
2188,glaciers,fixed,23.978819737999423,19.363192323411777,28.762453978522473
2189,glaciers,fixed,24.034474451639863,19.423196144770998,28.815744441341547
2190,glaciers,fixed,24.088172854120117,19.456753339798396,28.867757736526308
2191,glaciers,fixed,24.14189313949815,19.48992785064846,28.926089977347722
2192,glaciers,fixed,24.195698401601696,19.522629618790752,29.004919302577978
2193,glaciers,fixed,24.25214680715181,19.563190696251645,29.06471833355092
2194,glaciers,fixed,24.310009174876804,19.615882724675007,29.115393506174765
2195,glaciers,fixed,24.368754918025267,19.668767932852045,29.165265213557063
2196,glaciers,fixed,24.41826655315095,19.726836096493518,29.222246062091155
2197,glaciers,fixed,24.469364603480766,19.772877121809834,29.288475425913965
2198,glaciers,fixed,24.51981124154483,19.822023347566002,29.362189970525222
2199,glaciers,fixed,24.568014518175644,19.866985967170532,29.41671212251176
2200,glaciers,fixed,24.618504801487802,19.904316175798364,29.48562870980018
2201,glaciers,fixed,24.665317399586332,19.94115364484782,29.554331142717857
2202,glaciers,fixed,24.712532771998674,19.97874920701144,29.62352733710842
2203,glaciers,fixed,24.762942868474664,20.015685878777735,29.69406406819303
2204,glaciers,fixed,24.80706139428669,20.062383883036002,29.751997297307604
2205,glaciers,fixed,24.850221440813968,20.11604669415054,29.800608724604214
2206,glaciers,fixed,24.899231494544562,20.146440883812772,29.84896850686081
2207,glaciers,fixed,24.948617345476833,20.16751792069041,29.896899415780474
2208,glaciers,fixed,24.999172951706456,20.19096137471394,29.94804056034343
2209,glaciers,fixed,25.042817659001372,20.220517942392043,29.998423031924474
2210,glaciers,fixed,25.096194090116374,20.247641367676813,30.05860519205352
2211,glaciers,fixed,25.141224936131238,20.275567875965795,30.10919290829128
2212,glaciers,fixed,25.18592524073143,20.29766840351874,30.152443676568286
2213,glaciers,fixed,25.22919370070428,20.32480324595062,30.20343342477778
2214,glaciers,fixed,25.268125097050465,20.350331168507502,30.26164771117662
2215,glaciers,fixed,25.30637615562525,20.38179180220163,30.318420479640345
2216,glaciers,fixed,25.344249798129276,20.412846056392116,30.366653177060815
2217,glaciers,fixed,25.38760774260662,20.44340144853402,30.411438337558135
2218,glaciers,fixed,25.430072350491706,20.476227543668436,30.463616607254277
2219,glaciers,fixed,25.468924236152418,20.5029858332713,30.511830412538227
2220,glaciers,fixed,25.507097393875966,20.53230695935149,30.55975867153366
2221,glaciers,fixed,25.543288806815244,20.56118195962639,30.61086382960041
2222,glaciers,fixed,25.57830532901074,20.589521310602343,30.66105019826848
2223,glaciers,fixed,25.612485344946123,20.621372697888226,30.710702238199772
2224,glaciers,fixed,25.653332574957446,20.658152730048748,30.759649453165473
2225,glaciers,fixed,25.688796591034993,20.689597521588123,30.807922750627714
2226,glaciers,fixed,25.728219908572417,20.7152039205799,30.842904717702666
2227,glaciers,fixed,25.763080306357672,20.740493566034765,30.87687763651785
2228,glaciers,fixed,25.796820308968698,20.76553549022949,30.91604647366453
2229,glaciers,fixed,25.829177286087592,20.7901865173769,30.955688532726047
2230,glaciers,fixed,25.85881056598319,20.81454522663739,30.994733557394163
2231,glaciers,fixed,25.882550343614025,20.840112143361022,31.032602658635916
2232,glaciers,fixed,25.910863254113405,20.866739303428954,31.069846395229355
2233,glaciers,fixed,25.94210702223164,20.892886172313894,31.106367742734136
2234,glaciers,fixed,25.975881633027836,20.918961600304538,31.14219940098819
2235,glaciers,fixed,26.003342106870562,20.946637068376113,31.177473316351065
2236,glaciers,fixed,26.030225062176402,20.969481440558138,31.212213351526973
2237,glaciers,fixed,26.057881206508654,20.990517196906072,31.24648688513704
2238,glaciers,fixed,26.0843182433905,21.00718253946994,31.280830174857584
2239,glaciers,fixed,26.108195219174053,21.023525377564678,31.322367265878164
2240,glaciers,fixed,26.12847327532131,21.039980235396946,31.366065337064438
2241,glaciers,fixed,26.152688117356625,21.058177927921044,31.390837957693176
2242,glaciers,fixed,26.17582133778244,21.07851684832095,31.412481624772063
2243,glaciers,fixed,26.199282865577104,21.098724047584618,31.443687318481427
2244,glaciers,fixed,26.22576030737699,21.11853396511545,31.474273147939087
2245,glaciers,fixed,26.25813815355059,21.138003951912328,31.5043012415718
2246,glaciers,fixed,26.285483590040883,21.15710752853109,31.533749917699456
2247,glaciers,fixed,26.308924175184334,21.17593282506125,31.563163213477914
2248,glaciers,fixed,26.33197844186597,21.194480385712257,31.592349025365866
2249,glaciers,fixed,26.352844574620768,21.212747051247383,31.621051346059982
2250,glaciers,fixed,26.371982073158417,21.230836162044813,31.649390752361406
2251,glaciers,fixed,26.396195010245403,21.24878503538889,31.675633263405373
2252,glaciers,fixed,26.421892226044903,21.26659550867924,31.701143982626217
2253,glaciers,fixed,26.43805602451137,21.284550723880166,31.72772734098007
2254,glaciers,fixed,26.45534416306443,21.302234728882535,31.753863881984493
2255,glaciers,fixed,26.476480441995466,21.3195065102545,31.77942621687846
2256,glaciers,fixed,26.495840977962256,21.336546067804512,31.804586262355794
2257,glaciers,fixed,26.518064723924102,21.353266147317107,31.82926675745933
2258,glaciers,fixed,26.53931542338713,21.369699730298617,31.85889719612204
2259,glaciers,fixed,26.56090549278263,21.385873242031955,31.88677512686572
2260,glaciers,fixed,26.58247042877007,21.401748008960528,31.911121394452124
2261,glaciers,fixed,26.59981064580432,21.417357612891607,31.93504694100601
2262,glaciers,fixed,26.619597710451437,21.432821335479424,31.958682401143374
2263,glaciers,fixed,26.63668658064625,21.44798724758962,31.981865147946657
2264,glaciers,fixed,26.64994488638526,21.46298629591523,32.00474063787902
2265,glaciers,fixed,26.664676968372063,21.47778258510602,32.027273921030826
2266,glaciers,fixed,26.684763995041358,21.49238467178861,32.04947664294847
2267,glaciers,fixed,26.70508779293189,21.50682731641672,32.07138871053387
2268,glaciers,fixed,26.725077155134663,21.521044887218075,32.0929413886302
2269,glaciers,fixed,26.744736100163,21.53504210251851,32.11596896946389
2270,glaciers,fixed,26.764118236109574,21.548869530934674,32.14454111194179
2271,glaciers,fixed,26.783197448859223,21.562498257191965,32.17274068949951
2272,glaciers,fixed,26.80422326042939,21.57590079439963,32.20052201860853
2273,glaciers,fixed,26.82602163793942,21.58912511337441,32.227917118543395
2274,glaciers,fixed,26.842579742791795,21.602391909837557,32.255083940828435
2275,glaciers,fixed,26.85547689970104,21.615527176535572,32.28199576595617
2276,glaciers,fixed,26.86679926458196,21.62878076268336,32.30860254077654
2277,glaciers,fixed,26.87794493569062,21.64437484215461,32.33488309623125
2278,glaciers,fixed,26.892805946472528,21.659766905646244,32.36087572623288
2279,glaciers,fixed,26.909124461777413,21.671332241948903,32.38648909301408
2280,glaciers,fixed,26.927529623139964,21.68243964371938,32.411799869605815
2281,glaciers,fixed,26.943617233559483,21.693404936043954,32.43508172074887
2282,glaciers,fixed,26.957463210271534,21.704212017309466,32.456231513543344
2283,glaciers,fixed,26.97010948803423,21.714900525084964,32.476703496399914
2284,glaciers,fixed,26.982113895096205,21.72544754585433,32.49244739028807
2285,glaciers,fixed,26.9942125449551,21.736322375182823,32.506968202349476
2286,glaciers,fixed,27.006226010525143,21.74761852127922,32.52308383557475
2287,glaciers,fixed,27.019117206442232,21.75883166733915,32.54415677936364
2288,glaciers,fixed,27.031763095026406,21.769890474137146,32.5552322105972
2289,glaciers,fixed,27.043287874264507,21.780792630768474,32.56588852045736
2290,glaciers,fixed,27.054540506468065,21.79155217487396,32.57637605384388
2291,glaciers,fixed,27.06513597798871,21.802330787143706,32.58945407973585
2292,glaciers,fixed,27.077706154184824,21.813003481730973,32.60250934113687
2293,glaciers,fixed,27.08969898732417,21.823561259491335,32.61540002801965
2294,glaciers,fixed,27.103534082823845,21.833958487028596,32.628079164302115
2295,glaciers,fixed,27.11601322857262,21.844832738179015,32.64059016811737
2296,glaciers,fixed,27.1280669877679,21.854265181023514,32.653002769000295
2297,glaciers,fixed,27.14144278679168,21.86401983845476,32.66526090475516
2298,glaciers,fixed,27.154863508567296,21.87385775545439,32.67748829295234
2299,glaciers,fixed,27.167971921920856,21.883755129475247,32.689540946313926
2300,glaciers,fixed,27.180355642627482,21.89373232580113,32.701513104845006
1990,glaciers,joint,-0.6663032249651273,-0.8935106608068273,-0.47346467776828005
1991,glaciers,joint,-0.6370501069386558,-0.8489612692546618,-0.45471000340967366
1992,glaciers,joint,-0.602868735317756,-0.8014307116258246,-0.4305631039506545
1993,glaciers,joint,-0.5857504108715501,-0.7748643218140299,-0.4187794742498588
1994,glaciers,joint,-0.5485075630263041,-0.7251191186855072,-0.39222173631381224
1995,glaciers,joint,-0.5161184319248777,-0.6793880478951293,-0.3693433169592634
1996,glaciers,joint,-0.4722576976513566,-0.6218539572377627,-0.336731880819197
1997,glaciers,joint,-0.43440363945829485,-0.5709872072528429,-0.3112049011903739
1998,glaciers,joint,-0.3895835677327757,-0.5116632658560535,-0.27998467176716074
1999,glaciers,joint,-0.3157287465349665,-0.41468542256579066,-0.22671699187670763
2000,glaciers,joint,-0.27504943738271637,-0.3619900669230506,-0.19773182608692358
2001,glaciers,joint,-0.22833118303044975,-0.3001763590261149,-0.164308425438073
2002,glaciers,joint,-0.1708002877792516,-0.22476919630227576,-0.12408883147229904
2003,glaciers,joint,-0.10978395427046772,-0.14412650543412786,-0.07979588309134794
2004,glaciers,joint,-0.04937321266096584,-0.06609841694440469,-0.035411335257465246
2005,glaciers,joint,0.00028835833475993056,-0.010465469875598021,0.00995228114450324
2006,glaciers,joint,0.07049868188633024,0.04730262151045674,0.09662303327872225
2007,glaciers,joint,0.15024733200883955,0.10602210046047117,0.19813498489726897
2008,glaciers,joint,0.21121740304421044,0.1504878041838873,0.27760379401005275
2009,glaciers,joint,0.2544047884290368,0.18169024105228954,0.33455048856778147
2010,glaciers,joint,0.3125217737860715,0.22330299454275912,0.4107741736809663
2011,glaciers,joint,0.40642729616264406,0.2921593014472437,0.5333574328193293
2012,glaciers,joint,0.4672273114588217,0.33703380613724065,0.6135147134045351
2013,glaciers,joint,0.5171195379542153,0.3752563177365244,0.6783925926943968
2014,glaciers,joint,0.5712665732271844,0.4134450078316112,0.7512496114055064
2015,glaciers,joint,0.6400300592718979,0.4635455064768339,0.8418138242631682
2016,glaciers,joint,0.7124937617223428,0.5178917432598251,0.9338709892590102
2017,glaciers,joint,0.8365301435948993,0.6091950500995631,1.0958186177355174
2018,glaciers,joint,0.9140843511370571,0.6651639233683766,1.1965066827882407
2019,glaciers,joint,0.9781604732522016,0.710549028825108,1.281863120615112
2020,glaciers,joint,1.0702991056101179,0.7776480421548378,1.4026699210602835
2021,glaciers,joint,1.1382099813342053,0.8277626943655043,1.4904695261438257
2022,glaciers,joint,1.2045975583518496,0.8774373454495303,1.5762381633483538
2023,glaciers,joint,1.2772601034514048,0.9296009010293038,1.6683411785370916
2024,glaciers,joint,1.3669966042368566,0.9954885921504647,1.7876915547239296
2025,glaciers,joint,1.458809151002336,1.0616505673374244,1.9055012342002442
2026,glaciers,joint,1.5522318154634878,1.1292043222131354,2.0242734749420785
2027,glaciers,joint,1.6434041451152925,1.1919681611642108,2.1451898760421786
2028,glaciers,joint,1.7369705927658514,1.2640944808063252,2.2655188007965488
2029,glaciers,joint,1.8310633574506863,1.3378105734133285,2.3872972986866894
2030,glaciers,joint,1.9271585175719967,1.4080921191740607,2.5097047905876364
2031,glaciers,joint,2.0284490944315388,1.476382223915185,2.6392051221330814
2032,glaciers,joint,2.127970646594748,1.5474022574944915,2.766691207676451
2033,glaciers,joint,2.225009700789591,1.6269083310404329,2.90160640945592
2034,glaciers,joint,2.3265411564502725,1.7035006971240125,3.0301930399358517
2035,glaciers,joint,2.4312718603412686,1.775931549909354,3.1687089893930858
2036,glaciers,joint,2.5383450497310305,1.8504322571195893,3.3062093893791724
2037,glaciers,joint,2.6448919329844083,1.933069816686354,3.461120601575451
2038,glaciers,joint,2.7578957395356563,2.015018189146864,3.6037804839647194
2039,glaciers,joint,2.867576674392401,2.0935590503395516,3.7559270704183274
2040,glaciers,joint,2.9825057760503735,2.1774094620966187,3.9178964549222117
2041,glaciers,joint,3.1023615020304494,2.268307851366542,4.073208150341148
2042,glaciers,joint,3.2126657628601127,2.350553103954648,4.230334191435489
2043,glaciers,joint,3.327486225817793,2.4369426720681884,4.400585789312732
2044,glaciers,joint,3.4463358572150233,2.5259007680065744,4.560867747287468
2045,glaciers,joint,3.5685479245475578,2.61909134179734,4.739294423121419
2046,glaciers,joint,3.691461364999725,2.7072697941923844,4.920158032185909
2047,glaciers,joint,3.823942030015538,2.798498135824185,5.099922617164537
2048,glaciers,joint,3.9523225450829997,2.897528221809762,5.28240010072049
2049,glaciers,joint,4.081145246204901,2.991251348059055,5.475951182413907
2050,glaciers,joint,4.208665192284518,3.0940565600608494,5.65556779573204
2051,glaciers,joint,4.3472342780658,3.1880502949130096,5.854700816968051
2052,glaciers,joint,4.486534545035058,3.2864711318345843,6.0424806802555
2053,glaciers,joint,4.630861070176888,3.395727286756427,6.257812350623631
2054,glaciers,joint,4.771279403915878,3.5169072218134967,6.460316348428311
2055,glaciers,joint,4.915363601314694,3.620793063630471,6.670393543883345
2056,glaciers,joint,5.064199818974716,3.731251067030375,6.881048819151304
2057,glaciers,joint,5.213381532343305,3.845985053305995,7.120900347822503
2058,glaciers,joint,5.361430545604064,3.9445969693332708,7.331990934402849
2059,glaciers,joint,5.51286024822058,4.055568680477795,7.543912277654247
2060,glaciers,joint,5.677248292781294,4.15831522656573,7.7642091929273365
2061,glaciers,joint,5.830752638802525,4.264451016818125,8.015567235599018
2062,glaciers,joint,5.988727618542555,4.374569252195493,8.255108659921731
2063,glaciers,joint,6.142802871482117,4.502551983044626,8.488322333828277
2064,glaciers,joint,6.30436570958731,4.60349356867187,8.72001556077303
2065,glaciers,joint,6.4566969395381015,4.7103538939655465,8.933929684132469
2066,glaciers,joint,6.613825324455853,4.828178638776248,9.147075857558265
2067,glaciers,joint,6.779650733961533,4.952988701646063,9.363901231245759
2068,glaciers,joint,6.947165901627207,5.070646924244072,9.613016191016793
2069,glaciers,joint,7.110733051428835,5.187774154591817,9.841932553573328
2070,glaciers,joint,7.283096243134954,5.31426181230761,10.089584900439418
2071,glaciers,joint,7.45538634351953,5.432688306659327,10.344094793753275
2072,glaciers,joint,7.621952577341563,5.554136242486894,10.580174462461123
2073,glaciers,joint,7.795720457967279,5.694641368912529,10.842106374876138
2074,glaciers,joint,7.970144788853597,5.833342762460287,11.10454114601799
2075,glaciers,joint,8.149889577422334,5.970696145568476,11.354318611856787
2076,glaciers,joint,8.33665568402806,6.10802639483191,11.601497891236356
2077,glaciers,joint,8.510169699268136,6.233970799016626,11.841701722468848
2078,glaciers,joint,8.693128644072852,6.357492773476852,12.084667315649277
2079,glaciers,joint,8.870273639638224,6.4857105623735,12.328954157820858
2080,glaciers,joint,9.055342066765455,6.606721351735144,12.57908279617906
2081,glaciers,joint,9.234242124015282,6.738041950539281,12.839655008042438
2082,glaciers,joint,9.416132858840697,6.873525924995562,13.113023621811779
2083,glaciers,joint,9.605034550802003,7.018653483060475,13.372108034342864
2084,glaciers,joint,9.787869464860627,7.162335160709883,13.609115174552102
2085,glaciers,joint,9.984817967476626,7.303247306998582,13.866146951323604
2086,glaciers,joint,10.176321885093927,7.444108608874467,14.146195360437053
2087,glaciers,joint,10.365279843610113,7.577287287311777,14.424743473425972
2088,glaciers,joint,10.55220261951309,7.716214135480699,14.700080314903
2089,glaciers,joint,10.7422426779056,7.859617119948038,14.954058295190713
2090,glaciers,joint,10.932918073263743,8.001666234068393,15.210461382898618
2091,glaciers,joint,11.120992641610258,8.15578815672382,15.450015700311132
2092,glaciers,joint,11.301742546881156,8.278446713800388,15.739484526739634
2093,glaciers,joint,11.493763335088252,8.418072371992075,15.978057725048103
2094,glaciers,joint,11.677500903834417,8.559760410044708,16.206892222113687
2095,glaciers,joint,11.870161657154606,8.700849437589017,16.47533324145187
2096,glaciers,joint,12.052974239581474,8.853664867463971,16.717243154738988
2097,glaciers,joint,12.252713078505995,8.998552202505659,16.96506974620147
2098,glaciers,joint,12.431368306404668,9.133928578543332,17.25965655680679
2099,glaciers,joint,12.615159864775247,9.270214954790506,17.504102732358565
2100,glaciers,joint,12.800463727768111,9.396432677313493,17.738684979865525
2101,glaciers,joint,12.98991750062248,9.52532226394285,17.96747419324172
2102,glaciers,joint,13.174218227097818,9.656498970967393,18.20217145095135
2103,glaciers,joint,13.359597614120716,9.813630615240292,18.455550173920294
2104,glaciers,joint,13.541246753065996,9.958642698449484,18.693394704781447
2105,glaciers,joint,13.718621718206787,10.106010606352203,18.94151163916185
2106,glaciers,joint,13.891018265011706,10.249753854136774,19.17501177770081
2107,glaciers,joint,14.069053214008761,10.404658871350783,19.44112010205502
2108,glaciers,joint,14.25132723628188,10.521903153700215,19.699116676394844
2109,glaciers,joint,14.429453057031285,10.644526892735664,19.92198024337371
2110,glaciers,joint,14.613239196337716,10.772654812459963,20.14490158724604
2111,glaciers,joint,14.79980474898998,10.896884996561527,20.355339161437044
2112,glaciers,joint,14.979836426964443,11.023965953180477,20.574750274994898
2113,glaciers,joint,15.153532144300675,11.152725794796497,20.78096211104717
2114,glaciers,joint,15.321259845117861,11.27820309846581,20.96128355550565
2115,glaciers,joint,15.50049730278575,11.412613690560834,21.15225488805327
2116,glaciers,joint,15.671983067727469,11.540588456060364,21.341700056578397
2117,glaciers,joint,15.829072680533956,11.667787886957539,21.523255669340013
2118,glaciers,joint,15.996627931407238,11.809835044816138,21.68825603031425
2119,glaciers,joint,16.16237912141431,11.944030397363937,21.840676312814626
2120,glaciers,joint,16.327237932237004,12.073960162100809,22.02666108278061
2121,glaciers,joint,16.49318880387687,12.195207120330304,22.202096773969338
2122,glaciers,joint,16.640681918282663,12.318510629063503,22.39767190790806
2123,glaciers,joint,16.799735801125742,12.430229763315475,22.57753704514172
2124,glaciers,joint,16.939364879666286,12.538554741747724,22.73971132181157
2125,glaciers,joint,17.083549368600842,12.657549036460777,22.950451833091655
2126,glaciers,joint,17.24814017517346,12.777858041638762,23.138451932952307
2127,glaciers,joint,17.404864353315997,12.895556915856602,23.29875588306788
2128,glaciers,joint,17.55194870775433,12.992129125289686,23.43682236716593
2129,glaciers,joint,17.687576293442778,13.093968816254668,23.585240354711857
2130,glaciers,joint,17.815744192894247,13.187110197225927,23.777825163908716
2131,glaciers,joint,17.952074570943818,13.279951865350533,23.914444464937727
2132,glaciers,joint,18.090031634922617,13.398156651550082,24.069331424988814
2133,glaciers,joint,18.231861005886504,13.525584986385851,24.243675534967117
2134,glaciers,joint,18.362064482430142,13.627175445881395,24.397967475603146
2135,glaciers,joint,18.502079420573594,13.760132584105813,24.53423645276508
2136,glaciers,joint,18.636926935007573,13.871053479597164,24.673420708264516
2137,glaciers,joint,18.77647903489119,13.97496240665502,24.83831217092758
2138,glaciers,joint,18.90769054983557,14.063632271778406,24.975144185034736
2139,glaciers,joint,19.035153307796655,14.156575694117386,25.09894247823062
2140,glaciers,joint,19.15663631605488,14.253109503091785,25.222579790234843
2141,glaciers,joint,19.291626292920533,14.348432300238384,25.348317404372978
2142,glaciers,joint,19.40504710947134,14.44129862269001,25.499765632502687
2143,glaciers,joint,19.516878458819992,14.531182454446409,25.648489565200492
2144,glaciers,joint,19.630245047822903,14.615119512677678,25.801737764365278
2145,glaciers,joint,19.749609071562613,14.70239077426246,25.94421904719039
2146,glaciers,joint,19.86685918567177,14.795962989375184,26.08480670632156
2147,glaciers,joint,19.983783258257066,14.907938550800717,26.211973526646638
2148,glaciers,joint,20.10226856530081,15.001579697715655,26.32597882979422
2149,glaciers,joint,20.202002227089768,15.074764940602627,26.442281976061725
2150,glaciers,joint,20.312665823901874,15.162404656553454,26.540975412172724
2151,glaciers,joint,20.42049317741119,15.237257234284247,26.648566411148046
2152,glaciers,joint,20.523491751800496,15.333663005064045,26.757555780105353
2153,glaciers,joint,20.630895563932764,15.415186769379977,26.863930739815636
2154,glaciers,joint,20.72439503517886,15.502174623558524,26.967174979125947
2155,glaciers,joint,20.821619578478355,15.59869936455841,27.076921529074763
2156,glaciers,joint,20.91978526680527,15.668827104152625,27.178943065881914
2157,glaciers,joint,21.01516350670414,15.75089090323984,27.275520162682117
2158,glaciers,joint,21.117456157559094,15.840951551661414,27.361924948707586
2159,glaciers,joint,21.20409983176586,15.91710377720478,27.46466672165785
2160,glaciers,joint,21.296417815661606,16.011256117722127,27.55891379182936
2161,glaciers,joint,21.382451690075808,16.103508603608088,27.636217107586116
2162,glaciers,joint,21.47233222896527,16.175844587387882,27.710343592323742
2163,glaciers,joint,21.570031569528403,16.2500019184276,27.799405758582132
2164,glaciers,joint,21.66866476156506,16.33890700437842,27.89316314236662
2165,glaciers,joint,21.76565133171465,16.412202555901956,27.977385801781097
2166,glaciers,joint,21.837966252092556,16.47293755097496,28.063909473907653
2167,glaciers,joint,21.93195483485276,16.536882076963735,28.145510489049734
2168,glaciers,joint,22.01376737113165,16.621174661758626,28.236785306866487
2169,glaciers,joint,22.089756953904473,16.69542827279391,28.321586366899563
2170,glaciers,joint,22.174147564761444,16.754240787524605,28.399246986700092
2171,glaciers,joint,22.255710370085765,16.81295212351264,28.481184400582787
2172,glaciers,joint,22.324173119598566,16.872676403434564,28.580223579631838
2173,glaciers,joint,22.40416908543498,16.92988978547203,28.67730020451242
2174,glaciers,joint,22.473468008300244,17.00062572673648,28.757955416315674
2175,glaciers,joint,22.54164732565603,17.07596450539298,28.849373124684163
2176,glaciers,joint,22.600312949196056,17.153685906118767,28.93225414794865
2177,glaciers,joint,22.673296539245637,17.22213046498596,29.017540469678536
2178,glaciers,joint,22.736043361540055,17.272162321232315,29.103580699954755
2179,glaciers,joint,22.801201304041268,17.351691726171637,29.175138478716185
2180,glaciers,joint,22.876699560554513,17.385233788239642,29.243876960093665
2181,glaciers,joint,22.935223890500858,17.440897791660852,29.312068771159502
2182,glaciers,joint,22.996061630719197,17.490737576603554,29.368897243712198
2183,glaciers,joint,23.062393119985906,17.554512922031943,29.413674047272053
2184,glaciers,joint,23.111108329993293,17.607546992196678,29.46563805006327
2185,glaciers,joint,23.18191423752931,17.6620072835998,29.526845180932572
2186,glaciers,joint,23.245738457625066,17.715927334646732,29.57712719626403
2187,glaciers,joint,23.304317578338157,17.771931377681927,29.626043822997566
2188,glaciers,joint,23.359819282216314,17.821959550168277,29.66892737932895
2189,glaciers,joint,23.414573388643973,17.868194728147134,29.713475628516303
2190,glaciers,joint,23.46061151896142,17.915862773580976,29.757636446964543
2191,glaciers,joint,23.509342908188998,17.970650650772377,29.812829643564744
2192,glaciers,joint,23.554060667281234,18.028208655142215,29.85919098691917
2193,glaciers,joint,23.61275983381135,18.08122950745841,29.917693070966852
2194,glaciers,joint,23.662107934047036,18.13487756006819,29.97859053459131
2195,glaciers,joint,23.719409680276787,18.18736620575302,30.062985793570636
2196,glaciers,joint,23.770722259016317,18.229162181559055,30.110411431012373
2197,glaciers,joint,23.818119338828637,18.27277107070115,30.15583592905885
2198,glaciers,joint,23.873231753361615,18.313176841651703,30.20053477154789
2199,glaciers,joint,23.92335203328213,18.355571202798238,30.246675245743564
2200,glaciers,joint,23.96524137266706,18.39600701082885,30.287487867339326
2201,glaciers,joint,24.023423632117208,18.44106615381705,30.33467868275914
2202,glaciers,joint,24.07973438092378,18.47780342565559,30.407095143238738
2203,glaciers,joint,24.12557490855972,18.51196500704154,30.43882412872804
2204,glaciers,joint,24.173761359882334,18.549122733484133,30.48955842659278
2205,glaciers,joint,24.227495254924595,18.59660854591771,30.55868785540232
2206,glaciers,joint,24.272065954664882,18.64059490846062,30.610435844932844
2207,glaciers,joint,24.318745111974643,18.676166164167018,30.655022845518054
2208,glaciers,joint,24.366204681191142,18.710633274322774,30.695338743303417
2209,glaciers,joint,24.412853806376965,18.74188904550762,30.751405386225173
2210,glaciers,joint,24.454189015280658,18.773062385603954,30.780056757645074
2211,glaciers,joint,24.501422759868188,18.802879732343,30.80584868900002
2212,glaciers,joint,24.54841052526797,18.837931114643517,30.843105430655456
2213,glaciers,joint,24.59596816200653,18.870020908341353,30.891755364014383
2214,glaciers,joint,24.634386679346836,18.900151901235507,30.941829607358383
2215,glaciers,joint,24.67728904826928,18.93406219528509,30.995529551619022
2216,glaciers,joint,24.712734555662987,18.965574056768347,31.02956719564188
2217,glaciers,joint,24.756203976314524,18.996186194442494,31.05563288331084
2218,glaciers,joint,24.784022113298818,19.024778600724698,31.08232891905871
2219,glaciers,joint,24.828350241049847,19.05846709556697,31.111030205125203
2220,glaciers,joint,24.866828773986526,19.09167814522034,31.138481461993525
2221,glaciers,joint,24.903179800233563,19.125219597881014,31.164642916668758
2222,glaciers,joint,24.934892636797304,19.1531211889178,31.18659482416926
2223,glaciers,joint,24.97463463688715,19.187918684333567,31.21486915288337
2224,glaciers,joint,25.01261786280721,19.21915474686351,31.252928940185246
2225,glaciers,joint,25.052593068738883,19.24983445231839,31.28341237143606
2226,glaciers,joint,25.085200526588814,19.28082962772723,31.3150379253019
2227,glaciers,joint,25.116003080353863,19.31577499876072,31.352258425734956
2228,glaciers,joint,25.13726581943841,19.350123293043435,31.388957056411
2229,glaciers,joint,25.16593358605372,19.38692348787997,31.41421801822154
2230,glaciers,joint,25.201190275760574,19.423735468733383,31.43214043396462
2231,glaciers,joint,25.242152505265377,19.454635641239797,31.438202490451758
2232,glaciers,joint,25.268566152985677,19.48574042874019,31.467186270896057
2233,glaciers,joint,25.29724909953614,19.51419340758584,31.494984030818852
2234,glaciers,joint,25.31871148557012,19.544190407189447,31.512016833545967
2235,glaciers,joint,25.34232125810444,19.57437822841016,31.527317523119933
2236,glaciers,joint,25.372543992026028,19.600468806402684,31.54876113363145
2237,glaciers,joint,25.398689071932118,19.62760086918441,31.56435503022882
2238,glaciers,joint,25.42388018090633,19.64460657847694,31.576514815040916
2239,glaciers,joint,25.452520843487413,19.66181840360106,31.592723373958588
2240,glaciers,joint,25.4741290840598,19.67776791064162,31.609592875296173
2241,glaciers,joint,25.498759057991045,19.69350096594731,31.629876940538107
2242,glaciers,joint,25.525401630333704,19.711762465417042,31.650740576733632
2243,glaciers,joint,25.551874507023186,19.72780921825633,31.67225731828142
2244,glaciers,joint,25.579238375051514,19.743280182009933,31.692189388634997
2245,glaciers,joint,25.5990733656304,19.76457303461125,31.711485603331752
2246,glaciers,joint,25.624409360529974,19.785721991303184,31.731565316761596
2247,glaciers,joint,25.65240081352374,19.804292334245645,31.75103065494056
2248,glaciers,joint,25.67284649444801,19.82504635312155,31.772425679458976
2249,glaciers,joint,25.704994316504006,19.84571430676861,31.789196214725635
2250,glaciers,joint,25.731743320820996,19.86655666176832,31.808170129992714
2251,glaciers,joint,25.750454351136163,19.885990118274712,31.84226467726212
2252,glaciers,joint,25.767841400762336,19.915928168280097,31.87412165243465
2253,glaciers,joint,25.790414275795058,19.945972210192352,31.9014747006282
2254,glaciers,joint,25.818695257309955,19.968760661332265,31.928769494648684
2255,glaciers,joint,25.84360422030843,19.98460961229967,31.94543791717124
2256,glaciers,joint,25.86616370891556,19.99996545183376,31.950965377535613
2257,glaciers,joint,25.8957633170766,20.014355672572957,31.972462689994313
2258,glaciers,joint,25.917821701514125,20.028832414956845,31.990497100758812
2259,glaciers,joint,25.94640497300791,20.047568331423694,32.005073279113724
2260,glaciers,joint,25.967646823441306,20.065186790684223,32.02093693584565
2261,glaciers,joint,25.9884253041184,20.083229880071112,32.04042547261215
2262,glaciers,joint,26.005877343622686,20.10069665902707,32.0518400344069
2263,glaciers,joint,26.02661873412075,20.118104082312307,32.06369364902126
2264,glaciers,joint,26.039120303709083,20.136077538323555,32.08304485847704
2265,glaciers,joint,26.058196507429912,20.156235029790334,32.09475635376703
2266,glaciers,joint,26.083221310113725,20.173852363572987,32.104639851460746
2267,glaciers,joint,26.102273912099506,20.187463091184526,32.11485264455763
2268,glaciers,joint,26.121490091250188,20.20364825707047,32.128299630495256
2269,glaciers,joint,26.138932881153615,20.227051006927404,32.13999679575353
2270,glaciers,joint,26.15625927684938,20.2519123244607,32.15120902632003
2271,glaciers,joint,26.169236555165817,20.269225677581424,32.16841254955015
2272,glaciers,joint,26.18712860436343,20.28632568257776,32.18675595343738
2273,glaciers,joint,26.203436879155397,20.30284405260434,32.2047962627528
2274,glaciers,joint,26.215511103405404,20.32035748633214,32.22274198886823
2275,glaciers,joint,26.224880152422784,20.337920886770547,32.23483033770222
2276,glaciers,joint,26.24190075977551,20.35204700638963,32.24553073333602
2277,glaciers,joint,26.25465166012306,20.362551315040804,32.26105645453189
2278,glaciers,joint,26.273247442916066,20.377945402125967,32.26507418716861
2279,glaciers,joint,26.28921820146168,20.396680628650703,32.28239473662762
2280,glaciers,joint,26.306042638113865,20.410860759122343,32.30129378848627
2281,glaciers,joint,26.317677402845177,20.4181795881159,32.320463639535376
2282,glaciers,joint,26.3307858496852,20.423633568311523,32.33946351940459
2283,glaciers,joint,26.34439955157823,20.43282625766468,32.351828524194254
2284,glaciers,joint,26.354482318872726,20.447371917916083,32.3727853736505
2285,glaciers,joint,26.370712107839935,20.461323368697524,32.39060169862654
2286,glaciers,joint,26.38241262533552,20.474779563879572,32.405943538710076
2287,glaciers,joint,26.39463162937004,20.487341102293712,32.420961568469764
2288,glaciers,joint,26.4035320765587,20.501481111534446,32.436703036756484
2289,glaciers,joint,26.41230138683256,20.50715261522923,32.45249777720092
2290,glaciers,joint,26.421659156430103,20.51095807559414,32.46599095439678
2291,glaciers,joint,26.43285140147478,20.514776106055706,32.47972201335036
2292,glaciers,joint,26.445383042558717,20.518551506591507,32.49206328487001
2293,glaciers,joint,26.45872116756616,20.524431573783573,32.50568624032795
2294,glaciers,joint,26.471450785401302,20.535373540369765,32.519294601333314
2295,glaciers,joint,26.485046138361277,20.54759741227148,32.54023722454509
2296,glaciers,joint,26.495392801717077,20.558097662288183,32.565878488103515
2297,glaciers,joint,26.508156150016536,20.569690538655475,32.58050258995962
2298,glaciers,joint,26.523296438021312,20.585729968600294,32.59102231121446
2299,glaciers,joint,26.53562583052466,20.600610742348206,32.603073220647474
2300,glaciers,joint,26.54866668242908,20.611198376362292,32.61517260444947
1990,gis,fixed,-0.524945807220234,-0.5418551406629009,-0.5116648105161671
1991,gis,fixed,-0.5271460777658685,-0.5430054649078523,-0.5147645328319294
1992,gis,fixed,-0.5031893649261585,-0.5178776302405472,-0.49103254705066945
1993,gis,fixed,-0.5136415940465091,-0.5280292836167109,-0.5017121359295387
1994,gis,fixed,-0.5256164082102939,-0.5454113015833543,-0.5079401084445034
1995,gis,fixed,-0.5226012719630542,-0.5418236360222155,-0.5054880251927141
1996,gis,fixed,-0.513361732080265,-0.5313877609700822,-0.4973264946313712
1997,gis,fixed,-0.464909141381165,-0.4793702449529952,-0.4521069711253093
1998,gis,fixed,-0.436852752424822,-0.4487381717481959,-0.4248882396121679
1999,gis,fixed,-0.3964279917183817,-0.406831057921695,-0.3853483824555132
2000,gis,fixed,-0.374957680223472,-0.3865724335390116,-0.3624309729515067
2001,gis,fixed,-0.3237612946467645,-0.337294832831802,-0.31026696466624853
2002,gis,fixed,-0.26210529188967957,-0.27671918806765233,-0.24804555242244886
2003,gis,fixed,-0.21078159996188495,-0.22798035642625875,-0.19453270004425377
2004,gis,fixed,-0.07853539771098372,-0.08369056734909486,-0.07283710916225665
2005,gis,fixed,-0.002207293765686291,-0.007418052670869368,0.003946133359568101
2006,gis,fixed,0.10332130217628599,0.09998984910708172,0.10757759082966523
2007,gis,fixed,0.16482305851487,0.1597487905020493,0.17109286632471568
2008,gis,fixed,0.23673082400225187,0.2294224496364333,0.24525995573215367
2009,gis,fixed,0.27762838910174814,0.26674683916702635,0.28981952895574653
2010,gis,fixed,0.33169000546045924,0.31705919806615895,0.34716451314026986
2011,gis,fixed,0.5413272565955176,0.5174880423851295,0.5655507379640187
2012,gis,fixed,0.5721421912716727,0.5519812933894487,0.5921928605418482
2013,gis,fixed,0.6514066066622513,0.6295142286815497,0.6719514317488408
2014,gis,fixed,0.708030839215608,0.6865087776449714,0.727632449434226
2015,gis,fixed,0.7814567232696863,0.7579412875200792,0.80253935614429
2016,gis,fixed,0.7805912073554735,0.7580528711817417,0.8007105159061523
2017,gis,fixed,0.8952506055759426,0.867201135536548,0.9205922512940758
2018,gis,fixed,0.9437300434607656,0.9159996283051176,0.9687587796846836
2019,gis,fixed,0.9733953095349839,0.9457135644943363,0.9998997737666406
2020,gis,fixed,1.0686389864508392,1.0375298199449725,1.0978245888896676
2021,gis,fixed,1.1219997454079311,1.0888161197080024,1.152979894781874
2022,gis,fixed,1.2175174269653737,1.180666640082949,1.2512659863213915
2023,gis,fixed,1.2579463451091777,1.2196798403219147,1.294192902718094
2024,gis,fixed,1.3025997205620623,1.2601947660715855,1.3421103728043702
2025,gis,fixed,1.3350079253554585,1.288535565716363,1.3773816584158087
2026,gis,fixed,1.4022855519652304,1.3529542877805074,1.4494317076083092
2027,gis,fixed,1.4719449111518759,1.419148913817871,1.5226273383512459
2028,gis,fixed,1.5429142714189696,1.4855171255030406,1.5972775301551552
2029,gis,fixed,1.613888698166423,1.5516181539466432,1.673023281414225
2030,gis,fixed,1.6852735679481352,1.6188725207706398,1.7502035736322783
2031,gis,fixed,1.7578175046753377,1.6871568626455509,1.8289904542864481
2032,gis,fixed,1.831244612526389,1.7546832233486462,1.9081562722140837
2033,gis,fixed,1.9069237968209896,1.8247806425934017,1.9898927066012044
2034,gis,fixed,1.9830973681755752,1.894897575459924,2.0708799625309586
2035,gis,fixed,2.060911200312069,1.9672486782818284,2.155448575964316
2036,gis,fixed,2.1406142808385735,2.0414590725269064,2.242541068488788
2037,gis,fixed,2.2237455634903585,2.1168540927184614,2.3322610823369283
2038,gis,fixed,2.3085467250892764,2.1940105715669334,2.4228847664894237
2039,gis,fixed,2.394565581246364,2.2734309108858137,2.518164281319073
2040,gis,fixed,2.4837967724002756,2.3537892344977402,2.6159796919055966
2041,gis,fixed,2.574949296316973,2.4354794823227084,2.715248732776204
2042,gis,fixed,2.6657724264121327,2.5174857809669047,2.815991245348925
2043,gis,fixed,2.759332733068753,2.601250846209911,2.920518773993605
2044,gis,fixed,2.854277134311594,2.685081441480028,3.026206350775216
2045,gis,fixed,2.9525778027706124,2.77062271255151,3.1342223986740443
2046,gis,fixed,3.05373922504143,2.8592718609136676,3.246045398809208
2047,gis,fixed,3.156417530403155,2.950457010446283,3.3596996440429283
2048,gis,fixed,3.2635705885981405,3.042438002217936,3.4799261835541873
2049,gis,fixed,3.3727238504230903,3.1384359018573766,3.603646660794355
2050,gis,fixed,3.486995508698791,3.2372803249364726,3.7336231734541774
2051,gis,fixed,3.6039161818493466,3.337930937743772,3.866359905386721
2052,gis,fixed,3.7219048613052133,3.440642930689519,4.001489700886818
2053,gis,fixed,3.841641836444481,3.5453243278740936,4.140471926033664
2054,gis,fixed,3.963337920999219,3.6508007594732494,4.282606005647761
2055,gis,fixed,4.087143941935759,3.755679234996115,4.430180087098797
2056,gis,fixed,4.212679385503165,3.864997613955888,4.575674871983874
2057,gis,fixed,4.3415983269100735,3.973901759270524,4.725225335136087
2058,gis,fixed,4.47304689015996,4.086363222469149,4.877163050889672
2059,gis,fixed,4.608482559796018,4.197931166653225,5.033267375470194
2060,gis,fixed,4.744167859914567,4.3108992452090815,5.1953977328660175
2061,gis,fixed,4.883784882554737,4.425736146684888,5.355539872370958
2062,gis,fixed,5.022730843599971,4.544117780466457,5.523964650055535
2063,gis,fixed,5.1648168846358296,4.66150675095051,5.687755478173578
2064,gis,fixed,5.305142723203726,4.779699734326663,5.851783157854707
2065,gis,fixed,5.449806586516797,4.901145132834196,6.022115215888582
2066,gis,fixed,5.5968338192475535,5.020944283924146,6.193609807565162
2067,gis,fixed,5.742463919285397,5.1412071869603055,6.366128239430465
2068,gis,fixed,5.892422491357262,5.264087734670098,6.543192116280372
2069,gis,fixed,6.043668497078884,5.389455883097977,6.723963329552625
2070,gis,fixed,6.199812174058306,5.5189757906314565,6.913169534925379
2071,gis,fixed,6.360245534234861,5.650596373555237,7.105243712835567
2072,gis,fixed,6.525148571551352,5.786217199761034,7.3007933104774665
2073,gis,fixed,6.6936899417769995,5.927127840908176,7.50304026875043
2074,gis,fixed,6.86522337047143,6.06298134811762,7.7089833647405825
2075,gis,fixed,7.039989254439357,6.2077561284981835,7.919116228468829
2076,gis,fixed,7.222228706144946,6.355097243233736,8.13814619388125
2077,gis,fixed,7.40520147898415,6.501859231006936,8.359462684772861
2078,gis,fixed,7.592060119988757,6.650747179448858,8.586520432409152
2079,gis,fixed,7.781604691898388,6.801742849315942,8.81726498326282
2080,gis,fixed,7.9753519945241855,6.958689303318046,9.050792942884748
2081,gis,fixed,8.172874653956418,7.117706800560729,9.2875245655316
2082,gis,fixed,8.376282415922425,7.283068419571263,9.531847915093167
2083,gis,fixed,8.584606380940224,7.44861565921407,9.784417375742759
2084,gis,fixed,8.796978416008171,7.617357767973247,10.042704259239287
2085,gis,fixed,9.013104806354601,7.786214627499979,10.305642571699765
2086,gis,fixed,9.230531165186594,7.954445999731434,10.571139012229393
2087,gis,fixed,9.452726514464878,8.131116369104534,10.83920360528347
2088,gis,fixed,9.675666101272757,8.311397662973661,11.111690057465859
2089,gis,fixed,9.898561512603072,8.490624602642862,11.384869723431184
2090,gis,fixed,10.122776259191351,8.67169044669217,11.660421750786377
2091,gis,fixed,10.3543618131269,8.8564285029806,11.940212088676237
2092,gis,fixed,10.582548693482618,9.042764372044555,12.227916379604034
2093,gis,fixed,10.82006657163571,9.23207223992692,12.52515084223778
2094,gis,fixed,11.05908562441158,9.42228487651983,12.821435230935533
2095,gis,fixed,11.301591562058697,9.61246653066192,13.121196181506118
2096,gis,fixed,11.54918171813199,9.807145208401485,13.421769746987282
2097,gis,fixed,11.800792580198225,10.008380085780459,13.728973065550555
2098,gis,fixed,12.055873189470756,10.2102002423304,14.037654036030624
2099,gis,fixed,12.310537809772237,10.4120357353083,14.350726306455401
2100,gis,fixed,12.56568198500322,10.610916302968281,14.65795782104448
2101,gis,fixed,12.823349336104647,10.81010092403566,14.969071653649566
2102,gis,fixed,13.081974402953536,11.014523489429218,15.286781368474164
2103,gis,fixed,13.342447461403912,11.225276834681818,15.610050782708738
2104,gis,fixed,13.607077794206939,11.43624952840053,15.941101164403527
2105,gis,fixed,13.877650369002353,11.64675719846477,16.280995782250834
2106,gis,fixed,14.148401684369794,11.86241245676593,16.610934180672523
2107,gis,fixed,14.414724704434597,12.079392196002392,16.945541893108704
2108,gis,fixed,14.687908403067748,12.295242249599106,17.277267473130337
2109,gis,fixed,14.96422968976073,12.513499338633494,17.609636487038287
2110,gis,fixed,15.238662798013761,12.730325384366305,17.93628216988426
2111,gis,fixed,15.507209537328457,12.94796950674482,18.27400265606059
2112,gis,fixed,15.778808990334719,13.162580561599766,18.61580530173157
2113,gis,fixed,16.05422206351281,13.37584470767617,18.95904211800434
2114,gis,fixed,16.339853203955972,13.601310118910366,19.306637939660796
2115,gis,fixed,16.62380383815367,13.827578341569641,19.655606156634335
2116,gis,fixed,16.90909162620212,14.052587833454695,19.99319829803004
2117,gis,fixed,17.178166840218683,14.278041898736172,20.335379486439553
2118,gis,fixed,17.469528213405056,14.506301759457756,20.688809165676087
2119,gis,fixed,17.759114846374104,14.734941682641521,21.03711712494497
2120,gis,fixed,18.038195133987774,14.95783601920522,21.386091314992434
2121,gis,fixed,18.320672784329446,15.187454027181053,21.72760840809948
2122,gis,fixed,18.595518394365335,15.420881326546112,22.06504581332323
2123,gis,fixed,18.88113668656206,15.651711080538456,22.398547303005135
2124,gis,fixed,19.164373059454707,15.88311436141234,22.75555235694399
2125,gis,fixed,19.45746047934283,16.126526712494805,23.09036697217255
2126,gis,fixed,19.75096359940729,16.36608633736327,23.46544907048704
2127,gis,fixed,20.045403136697452,16.608610092994482,23.843211058868093
2128,gis,fixed,20.34116484499055,16.84258072244258,24.218811852574266
2129,gis,fixed,20.63971965915902,17.078704377058504,24.579870102647295
2130,gis,fixed,20.938394609236,17.314217488998963,24.931464510055548
2131,gis,fixed,21.239484319299084,17.551199068901546,25.305146931825334
2132,gis,fixed,21.537630104663645,17.799684468583933,25.677805631967836
2133,gis,fixed,21.84013714843596,18.049915903973897,26.036322076255942
2134,gis,fixed,22.143216746630998,18.287969018446812,26.392682406886237
2135,gis,fixed,22.443492268926285,18.519778456705957,26.77841573882436
2136,gis,fixed,22.75190412326086,18.795197544577793,27.13995217562163
2137,gis,fixed,23.05914257848386,19.039334802795853,27.524924255041608
2138,gis,fixed,23.368566225029312,19.27414734888721,27.907151625336255
2139,gis,fixed,23.67218681572146,19.513929537745977,28.29266912129049
2140,gis,fixed,23.991062031479483,19.773410387629,28.690508414345683
2141,gis,fixed,24.312919387716747,20.04980871730099,29.08226831393796
2142,gis,fixed,24.630163082096637,20.330089711734814,29.475960062294654
2143,gis,fixed,24.95373349252838,20.598561714975897,29.860325807425276
2144,gis,fixed,25.279245211698232,20.858410684455,30.239498019181273
2145,gis,fixed,25.609006868575058,21.12467778469579,30.633087479099526
2146,gis,fixed,25.927731899560293,21.40789302147681,31.059581245740123
2147,gis,fixed,26.257360161548416,21.69536528196112,31.444884523608437
2148,gis,fixed,26.59503522956929,21.973234477996055,31.838129005162855
2149,gis,fixed,26.931010784637802,22.26618302472665,32.250926867317204
2150,gis,fixed,27.274576113481206,22.544074831528082,32.6646694262638
2151,gis,fixed,27.605105671406097,22.818717483205575,33.058888048116984
2152,gis,fixed,27.93112092829866,23.105906144796585,33.47890831860311
2153,gis,fixed,28.26693150239353,23.40010896011527,33.899170926393985
2154,gis,fixed,28.6140310287453,23.677623019566294,34.30957786085846
2155,gis,fixed,28.958783373903657,23.957281154199528,34.72098076625272
2156,gis,fixed,29.304871469593447,24.253985858594937,35.13054751103979
2157,gis,fixed,29.670496559980712,24.557905763148465,35.54592406043925
2158,gis,fixed,30.032990841891746,24.868865635033135,35.9457286408306
2159,gis,fixed,30.39283806938107,25.184795231137436,36.37479592108583
2160,gis,fixed,30.75297556324287,25.503527676394746,36.800134819356686
2161,gis,fixed,31.105628708819296,25.819566757148532,37.23329662627466
2162,gis,fixed,31.4701667933957,26.115214118078452,37.68061374123765
2163,gis,fixed,31.854187110497968,26.421004868891636,38.113649338550914
2164,gis,fixed,32.207556876488624,26.723866733387474,38.54242754944254
2165,gis,fixed,32.569929446367425,27.009576447433517,38.97019819229869
2166,gis,fixed,32.93493473599861,27.323251441310017,39.39425629962838
2167,gis,fixed,33.28870500732984,27.64903910546668,39.826476765457116
2168,gis,fixed,33.65947335086473,27.977418314090517,40.2456833555996
2169,gis,fixed,34.024744118502106,28.303783601133564,40.672021732104724
2170,gis,fixed,34.38942275162817,28.639120957772736,41.109266036410425
2171,gis,fixed,34.755435319477876,28.958807982270315,41.539933733462576
2172,gis,fixed,35.124950413893046,29.27505829503953,41.98727252898377
2173,gis,fixed,35.49755219260006,29.595117874736022,42.448810195909104
2174,gis,fixed,35.880087699573906,29.917269462895714,42.8982760060007
2175,gis,fixed,36.253671468749545,30.24117444813422,43.359602888265954
2176,gis,fixed,36.621897803983245,30.573104683585086,43.79846146002276
2177,gis,fixed,37.00908624282171,30.895440224030967,44.25161698187202
2178,gis,fixed,37.40361549550791,31.216974974553846,44.70401081876953
2179,gis,fixed,37.79397894252821,31.5554712324235,45.12642808476613
2180,gis,fixed,38.1680294198272,31.877579847374943,45.545293403641885
2181,gis,fixed,38.55074333684968,32.22108843377201,45.97953747701926
2182,gis,fixed,38.94090122330984,32.57209404718648,46.4185295672865
2183,gis,fixed,39.32944599208332,32.91086107515036,46.88783276741168
2184,gis,fixed,39.72002794737982,33.24629802069523,47.33837722111803
2185,gis,fixed,40.11973653227243,33.57870507021088,47.79953516129245
2186,gis,fixed,40.52250404931053,33.90428928378039,48.26004553713316
2187,gis,fixed,40.91929325363936,34.24465928268032,48.755750173121555
2188,gis,fixed,41.31024059906278,34.594128513999095,49.26008853940047
2189,gis,fixed,41.69039116920328,34.95407545946144,49.7584185608947
2190,gis,fixed,42.089908868882176,35.31608530221251,50.231139375143094
2191,gis,fixed,42.48667665660391,35.648441489477534,50.69224121850373
2192,gis,fixed,42.875570766495876,35.978869355956796,51.15348458224013
2193,gis,fixed,43.27641190305164,36.31271469896763,51.617377310127054
2194,gis,fixed,43.6842234571405,36.6638860253929,52.08793977493061
2195,gis,fixed,44.106935817280984,36.9996764746412,52.54888110553548
2196,gis,fixed,44.524526094340104,37.35970818343108,53.004740532722415
2197,gis,fixed,44.93765085987122,37.73911786557873,53.46500445326212
2198,gis,fixed,45.34533416816696,38.08134754554525,53.92174156410429
2199,gis,fixed,45.74131901479328,38.43106566378724,54.407097964849164
2200,gis,fixed,46.130586578004795,38.77621030986259,54.89347242503523
2201,gis,fixed,46.53195702901718,39.129404204253056,55.3513366656818
2202,gis,fixed,46.93978589157783,39.509443513123834,55.82210141992162
2203,gis,fixed,47.3483177466768,39.88870551133878,56.28411556661922
2204,gis,fixed,47.76125064221115,40.256184169075375,56.75219417507474
2205,gis,fixed,48.165595211358834,40.61866686071023,57.22490943295136
2206,gis,fixed,48.5925825562978,40.99972394560264,57.69836845446638
2207,gis,fixed,49.01047197080197,41.36318462039105,58.16150222285302
2208,gis,fixed,49.429972845487725,41.7214931862849,58.638562045650104
2209,gis,fixed,49.85180008381647,42.10701125443741,59.122759764458166
2210,gis,fixed,50.25963920425767,42.47846213844889,59.60862690147994
2211,gis,fixed,50.6678779958208,42.8331267199314,60.12250873082755
2212,gis,fixed,51.08139926637182,43.18544128230192,60.62921734569133
2213,gis,fixed,51.50235091296031,43.52885917503846,61.139907786848546
2214,gis,fixed,51.930910680327656,43.87448865497052,61.611210428850306
2215,gis,fixed,52.33725881592382,44.22886209619914,62.07372876272846
2216,gis,fixed,52.74857659447356,44.60736743775409,62.53642207348302
2217,gis,fixed,53.17389380225518,44.983659831665165,62.99876344489408
2218,gis,fixed,53.606963946600935,45.34593226309016,63.46032575073633
2219,gis,fixed,54.04005036802437,45.72660713469758,63.92021730649213
2220,gis,fixed,54.46431340265937,46.08717792717404,64.43334458817596
2221,gis,fixed,54.87665024737581,46.44578053581852,64.91180296684465
2222,gis,fixed,55.29354587102152,46.8038722428517,65.37542222015665
2223,gis,fixed,55.711143603047546,47.21401439858921,65.83698378852175
2224,gis,fixed,56.1385416848388,47.5823283040778,66.3192143065688
2225,gis,fixed,56.54594458142421,47.93137410178725,66.80738835297211
2226,gis,fixed,56.95626449593029,48.29165654664223,67.29534857258072
2227,gis,fixed,57.39302251404172,48.68827910197362,67.77061642245762
2228,gis,fixed,57.829410760303844,49.088138503725865,68.24977186181447
2229,gis,fixed,58.27009551911199,49.48919087490042,68.71391968567103
2230,gis,fixed,58.69516243377691,49.88008602296926,69.18716094247918
2231,gis,fixed,59.119924494146765,50.24771552972949,69.66682608843266
2232,gis,fixed,59.53815305551802,50.61647260080847,70.13658570845085
2233,gis,fixed,59.954347924033684,50.98478932359673,70.65491861905578
2234,gis,fixed,60.376738290887666,51.35232996224162,71.17213314584052
2235,gis,fixed,60.82084701644678,51.72166549310248,71.67722544080664
2236,gis,fixed,61.24029582259923,52.12581198764737,72.20351054605078
2237,gis,fixed,61.65299778702396,52.53291242718465,72.70784220381258
2238,gis,fixed,62.06232146363545,52.92814526823999,73.20889801592897
2239,gis,fixed,62.472814545607314,53.32010686071637,73.69465938938484
2240,gis,fixed,62.90493797170815,53.71694683849597,74.20595986567317
2241,gis,fixed,63.32896237264276,54.11027001324404,74.7173789771413
2242,gis,fixed,63.74592755997999,54.513871966943306,75.22335105252142
2243,gis,fixed,64.16544129836913,54.88939425740038,75.72965604432864
2244,gis,fixed,64.5766643866927,55.262539317236026,76.23422048438232
2245,gis,fixed,65.0072184342699,55.64372634486237,76.71213699591445
2246,gis,fixed,65.43958106432648,56.05314741177178,77.16767573045247
2247,gis,fixed,65.88208076071109,56.465241183140556,77.66120323121791
2248,gis,fixed,66.30922106173055,56.87108276176213,78.17538796690056
2249,gis,fixed,66.72214324175076,57.26030832126148,78.68985635491408
2250,gis,fixed,67.13869779597337,57.65540880861057,79.19848300005847
2251,gis,fixed,67.57482643593394,58.06274706909102,79.68872016637025
2252,gis,fixed,68.0124065223352,58.45391924327195,80.22024831209409
2253,gis,fixed,68.42993677309148,58.8411895966003,80.76253304283136
2254,gis,fixed,68.86827194271669,59.23012132500142,81.25349643284738
2255,gis,fixed,69.3154894475342,59.62300574536075,81.72145230279806
2256,gis,fixed,69.74604904724251,60.020372221771694,82.209546442197
2257,gis,fixed,70.17472773374398,60.41174427881768,82.717434690071
2258,gis,fixed,70.6025021268064,60.805480837621396,83.22347344121184
2259,gis,fixed,71.03312307166414,61.19974792718519,83.72881278290322
2260,gis,fixed,71.46774869241989,61.615585914807056,84.23101173532235
2261,gis,fixed,71.89760165928456,61.99214396110595,84.68551724350777
2262,gis,fixed,72.31424973844585,62.38425016374293,85.13462315954581
2263,gis,fixed,72.74382969440364,62.813370460398595,85.58184814576033
2264,gis,fixed,73.18176437076826,63.259247910602234,86.06064108086952
2265,gis,fixed,73.61204698515252,63.706066979869604,86.58724862885298
2266,gis,fixed,74.04762964489183,64.1538655785,87.0601439992075
2267,gis,fixed,74.48044620354867,64.58985571474591,87.53415398499314
2268,gis,fixed,74.91565236543033,64.99245331051173,88.0189944496616
2269,gis,fixed,75.34314606974024,65.39533879794118,88.55873004782202
2270,gis,fixed,75.76611195709432,65.79964843858035,89.09921006881989
2271,gis,fixed,76.21169097441148,66.20474966274224,89.62705316483826
2272,gis,fixed,76.66031083916232,66.61001235537282,90.0991039425945
2273,gis,fixed,77.10586909771487,67.01564262836503,90.56756205664634
2274,gis,fixed,77.54609419492951,67.42379541282587,91.03851661647424
2275,gis,fixed,77.9948102847715,67.83394323612306,91.5112409143382
2276,gis,fixed,78.43460889959815,68.25917750195619,91.9811354495191
2277,gis,fixed,78.8909610444003,68.6895165318192,92.4397684350213
2278,gis,fixed,79.33955555429978,69.0982610272918,92.93122627270805
2279,gis,fixed,79.76549966974899,69.54476487774852,93.40875774919434
2280,gis,fixed,80.20508557116983,69.975465105843,93.92135526175811
2281,gis,fixed,80.63928321204455,70.380530220649,94.41863762651546
2282,gis,fixed,81.0766364934737,70.78718568593887,94.91532125900586
2283,gis,fixed,81.52808930785017,71.19103153415791,95.41284154313058
2284,gis,fixed,81.96539756785778,71.61236202375055,95.91047579185728
2285,gis,fixed,82.40109011640112,72.0341990400831,96.46715164397266
2286,gis,fixed,82.84873613649155,72.47887958688723,97.02551504940348
2287,gis,fixed,83.30671684793694,72.92625182653855,97.57182777797001
2288,gis,fixed,83.77187683207657,73.37388795046674,98.06471028604707
2289,gis,fixed,84.21975259748234,73.82076651365041,98.55662145795327
2290,gis,fixed,84.66686899920907,74.23254382253803,99.04446468280634
2291,gis,fixed,85.11875561688181,74.64704172023167,99.53448676225038
2292,gis,fixed,85.56684749001789,75.08360616579174,100.02466079963632
2293,gis,fixed,86.02194767384864,75.52540349557205,100.51545957373888
2294,gis,fixed,86.48760457295978,75.96807426111884,101.00514374721205
2295,gis,fixed,86.95897202616058,76.41168073077415,101.49519753385297
2296,gis,fixed,87.43412369652117,76.85779735817911,101.9879845459961
2297,gis,fixed,87.91295878042447,77.30484413876205,102.48131092943734
2298,gis,fixed,88.37133929822988,77.7507867018371,102.97952162793358
2299,gis,fixed,88.84627801604232,78.18397204802304,103.47712758391609
2300,gis,fixed,89.31303929748867,78.61979912432022,103.97753482124601
1990,gis,joint,-0.524945807220234,-0.5418551406629009,-0.5116648105161671
1991,gis,joint,-0.5271460777658685,-0.5430054649078523,-0.5147645328319294
1992,gis,joint,-0.5031893649261585,-0.5178776302405472,-0.49103254705066945
1993,gis,joint,-0.5136415940465091,-0.5280292836167109,-0.5017121359295387
1994,gis,joint,-0.5256164082102939,-0.5454113015833543,-0.5079401084445034
1995,gis,joint,-0.5226012719630542,-0.5418236360222155,-0.5054880251927141
1996,gis,joint,-0.513361732080265,-0.5313877609700822,-0.4973264946313712
1997,gis,joint,-0.464909141381165,-0.4793702449529952,-0.4521069711253093
1998,gis,joint,-0.436852752424822,-0.4487381717481959,-0.4248882396121679
1999,gis,joint,-0.3964279917183817,-0.406831057921695,-0.3853483824555132
2000,gis,joint,-0.374957680223472,-0.3865724335390116,-0.3624309729515067
2001,gis,joint,-0.3237612946467645,-0.337294832831802,-0.31026696466624853
2002,gis,joint,-0.26210529188967957,-0.27671918806765233,-0.24804555242244886
2003,gis,joint,-0.21078159996188495,-0.22798035642625875,-0.19453270004425377
2004,gis,joint,-0.07853539771098372,-0.08369056734909486,-0.07283710916225665
2005,gis,joint,-0.002207293765686291,-0.007418052670869368,0.003946133359568101
2006,gis,joint,0.10332130217628599,0.09998984910708172,0.10757759082966523
2007,gis,joint,0.16482305851487,0.1597487905020493,0.17109286632471568
2008,gis,joint,0.23673082400225187,0.2294224496364333,0.24525995573215367
2009,gis,joint,0.27762838910174814,0.26674683916702635,0.28981952895574653
2010,gis,joint,0.33169000546045924,0.31705919806615895,0.34716451314026986
2011,gis,joint,0.5413272565955176,0.5174880423851295,0.5655507379640187
2012,gis,joint,0.5721421912716727,0.5519812933894487,0.5921928605418482
2013,gis,joint,0.6514066066622513,0.6295142286815497,0.6719514317488408
2014,gis,joint,0.708030839215608,0.6865087776449714,0.727632449434226
2015,gis,joint,0.7814567232696863,0.7579412875200792,0.80253935614429
2016,gis,joint,0.7805912073554735,0.7580528711817417,0.8007105159061523
2017,gis,joint,0.8952506055759426,0.867201135536548,0.9205922512940758
2018,gis,joint,0.9437300434607656,0.9159996283051176,0.9687587796846836
2019,gis,joint,0.9733953095349839,0.9457135644943363,0.9998997737666406
2020,gis,joint,1.0686389864508392,1.0375298199449725,1.0978245888896676
2021,gis,joint,1.1219997454079311,1.0888161197080024,1.152979894781874
2022,gis,joint,1.2175174269653737,1.180666640082949,1.2512659863213915
2023,gis,joint,1.2579463451091777,1.2196798403219147,1.294192902718094
2024,gis,joint,1.3025997205620623,1.2601947660715855,1.3421103728043702
2025,gis,joint,1.3350079253554585,1.288535565716363,1.3773816584158087
2026,gis,joint,1.4021728906053155,1.3511291804439076,1.4536487979223764
2027,gis,joint,1.4703444181054772,1.4097017419223798,1.5369126995561242
2028,gis,joint,1.5414470464796355,1.4645171109893116,1.6229883079893463
2029,gis,joint,1.6130787535288085,1.524678007106962,1.705297193181546
2030,gis,joint,1.6849389884806123,1.5830694588483551,1.7874169908021746
2031,gis,joint,1.7586485843730215,1.6397976972735697,1.8798882646994957
2032,gis,joint,1.8299134095871756,1.696119034440228,1.9708675224363272
2033,gis,joint,1.9070814392583548,1.7614100447409966,2.06436973447518
2034,gis,joint,1.9842837416630674,1.8224247113049876,2.1570090690471324
2035,gis,joint,2.0594957225277004,1.8862353799783043,2.2508980970902264
2036,gis,joint,2.1392264245580934,1.956654107724303,2.352256070347371
2037,gis,joint,2.22228382490014,2.0233852546179616,2.461250462973493
2038,gis,joint,2.3053576970972673,2.093601931642317,2.5649639558859882
2039,gis,joint,2.390865374097846,2.1626253303726526,2.6799091891756297
2040,gis,joint,2.4788624498699963,2.234067427328221,2.798329702009879
2041,gis,joint,2.5671608807383874,2.307646958547807,2.91698192368384
2042,gis,joint,2.6563715799632766,2.377451191754922,3.0386824957923597
2043,gis,joint,2.7508596156773866,2.449624539974083,3.1598151709894786
2044,gis,joint,2.8425203737566926,2.523665083953514,3.2807532834551614
2045,gis,joint,2.9387387416474833,2.600148187206286,3.4177754340785387
2046,gis,joint,3.0377116691639987,2.679350352290036,3.5483340672537516
2047,gis,joint,3.139303003257066,2.7548761651736875,3.692365820832178
2048,gis,joint,3.245284513352386,2.8384928241304115,3.8388038320484235
2049,gis,joint,3.3544260950250164,2.920595610955488,3.9856445474488913
2050,gis,joint,3.4638028469994144,3.009512533176683,4.143665195481404
2051,gis,joint,3.577103228699224,3.0973486878834975,4.293487131654763
2052,gis,joint,3.687529216078744,3.185989910356498,4.4525062580608985
2053,gis,joint,3.7980072845840724,3.271840686095746,4.6211642878188375
2054,gis,joint,3.9175718206507386,3.3637516195201114,4.7992637007735945
2055,gis,joint,4.035106989936771,3.447467391198281,4.981722148474065
2056,gis,joint,4.1572644359560424,3.5417807918767403,5.153374208038925
2057,gis,joint,4.275436077560597,3.6356814230989394,5.334473538991939
2058,gis,joint,4.399627475197127,3.7295525194208174,5.512476366027863
2059,gis,joint,4.528046956442092,3.829126777158499,5.7025805540063175
2060,gis,joint,4.664441231362584,3.926055294534761,5.91524888331223
2061,gis,joint,4.80186998380899,4.021060069672945,6.10960957487715
2062,gis,joint,4.932684583206742,4.125395963805311,6.324841825550829
2063,gis,joint,5.0698936228060685,4.218979264550228,6.558276239338324
2064,gis,joint,5.211430060294035,4.316824559496106,6.78094501323746
2065,gis,joint,5.354220531008545,4.41930904242795,6.992813043057096
2066,gis,joint,5.4876958401498825,4.526906517137999,7.230214111960844
2067,gis,joint,5.623452277896195,4.6310990500152815,7.488157810581521
2068,gis,joint,5.773164024453753,4.740738653446916,7.732695266599528
2069,gis,joint,5.916921496429961,4.847874808812619,7.996494105068826
2070,gis,joint,6.067476971404532,4.957698816765573,8.25149385251558
2071,gis,joint,6.228045330303292,5.067207738916609,8.514897829308794
2072,gis,joint,6.388930387688902,5.177276383811645,8.773946440083776
2073,gis,joint,6.553154458561693,5.287508273128904,9.050478428116097
2074,gis,joint,6.725168317606478,5.400047775818852,9.349391110688764
2075,gis,joint,6.894206951137969,5.516091120253934,9.636136311476786
2076,gis,joint,7.058628789213995,5.636783452498129,9.925652264172129
2077,gis,joint,7.234546025717285,5.7616438328692405,10.205582884334149
2078,gis,joint,7.411649739114631,5.885031468149468,10.505846174549097
2079,gis,joint,7.598056811717257,5.998290491533125,10.834290032069472
2080,gis,joint,7.777847983612542,6.11415510237614,11.134947293054148
2081,gis,joint,7.969639941899897,6.241354676955052,11.465107198660158
2082,gis,joint,8.16104801766257,6.358091510045796,11.785731924434156
2083,gis,joint,8.352241604667253,6.493549226819938,12.125347394103082
2084,gis,joint,8.552267216853544,6.626001402135761,12.483022867509199
2085,gis,joint,8.754438295840018,6.768291080975623,12.855104764354582
2086,gis,joint,8.952868598616583,6.896707345247296,13.179208768120391
2087,gis,joint,9.16669736647722,7.0301094352455875,13.535299298861602
2088,gis,joint,9.376956292911075,7.163356010313416,13.921954345187494
2089,gis,joint,9.581874939251163,7.289931873726115,14.272522065379286
2090,gis,joint,9.795505824342834,7.4093062182351,14.647574307170146
2091,gis,joint,10.023280178160867,7.542427134957704,15.032147621687141
2092,gis,joint,10.242852604628577,7.67981978140037,15.445194560024566
2093,gis,joint,10.465231296707945,7.820107198391311,15.871672465804133
2094,gis,joint,10.691581552255432,7.952522398833667,16.284039632579127
2095,gis,joint,10.91636445512747,8.091723862994417,16.667257696810843
2096,gis,joint,11.152512449047496,8.235209489927426,17.062278547057296
2097,gis,joint,11.395881457741979,8.3786202098224,17.53985351182927
2098,gis,joint,11.647477017319176,8.519115024510755,17.96422939521654
2099,gis,joint,11.879605158633687,8.65740125508674,18.443521205545693
2100,gis,joint,12.113051544300692,8.801671066781163,18.867987523900425
2101,gis,joint,12.350465268946587,8.951570448407143,19.286955076914335
2102,gis,joint,12.59002900185545,9.100403662381122,19.74033447337653
2103,gis,joint,12.823570429334179,9.253680228456805,20.25800250448564
2104,gis,joint,13.070428315806264,9.405601228308962,20.772091542993486
2105,gis,joint,13.323233155246559,9.563309637583172,21.278297922410015
2106,gis,joint,13.576925080279523,9.728914323558735,21.73116948024138
2107,gis,joint,13.833285180156725,9.877033480407484,22.240839031514554
2108,gis,joint,14.084647929211926,10.025759070852065,22.78734364298478
2109,gis,joint,14.357698558142136,10.187971332755504,23.31631968295953
2110,gis,joint,14.633469488603797,10.33797475044416,23.851138149001443
2111,gis,joint,14.889661273838792,10.476915453695659,24.433834808578865
2112,gis,joint,15.139450836886164,10.640245553741813,24.99381369720173
2113,gis,joint,15.408987847467525,10.790603458987011,25.536122227880846
2114,gis,joint,15.663088701229576,10.950827445482345,26.075285984784344
2115,gis,joint,15.913287192503503,11.091570012723537,26.668814846970534
2116,gis,joint,16.179324942000036,11.231446068387168,27.211341872258476
2117,gis,joint,16.454449876491132,11.378573864461982,27.768359007339605
2118,gis,joint,16.7165758884695,11.523113093049584,28.328880490354685
2119,gis,joint,16.980897055199215,11.678498850599599,28.848118034056668
2120,gis,joint,17.2442415569813,11.836038957792361,29.458040434799297
2121,gis,joint,17.505764197577427,11.981179050612301,30.049529388914657
2122,gis,joint,17.773106113993244,12.136735485534876,30.609827588974984
2123,gis,joint,18.06472736329835,12.263393549806164,31.211980339068493
2124,gis,joint,18.32011754498269,12.400094820607325,31.792899135702793
2125,gis,joint,18.591319566918962,12.560468435006742,32.35836306762228
2126,gis,joint,18.848844566479777,12.733460025838303,32.89608229163355
2127,gis,joint,19.143738980795053,12.893716774865162,33.49563742316364
2128,gis,joint,19.446543510560126,13.053354059367395,34.08648627582074
2129,gis,joint,19.727709549834334,13.212799943209395,34.70911834707096
2130,gis,joint,19.98334679306516,13.372680578788842,35.29017182772062
2131,gis,joint,20.277531292593395,13.51933194418062,35.84399036919539
2132,gis,joint,20.526396795377327,13.6712984887621,36.42662838860389
2133,gis,joint,20.78790373599307,13.829406395768329,37.02925747934883
2134,gis,joint,21.0813170863225,13.961390432954092,37.658680543169105
2135,gis,joint,21.362282959226082,14.089089992761577,38.213910931997646
2136,gis,joint,21.64046193494886,14.243076517897673,38.82429860310377
2137,gis,joint,21.920066186382478,14.408868526307504,39.42866309911895
2138,gis,joint,22.182006641775743,14.57106346844661,40.01484379285289
2139,gis,joint,22.478369888982172,14.734644076785191,40.5933623646353
2140,gis,joint,22.741217176588982,14.89303396354454,41.20072719396087
2141,gis,joint,23.029514243884982,15.048002621053442,41.82709697576772
2142,gis,joint,23.298603608010637,15.197792614807234,42.384978743950185
2143,gis,joint,23.602624748139185,15.354354081049113,43.00319231737981
2144,gis,joint,23.945974855088508,15.479246835445885,43.58896938176254
2145,gis,joint,24.259282421256685,15.61891462902976,44.166555417330095
2146,gis,joint,24.574367873354966,15.76825397249671,44.812737647799196
2147,gis,joint,24.87094490537116,15.907849313528972,45.39088709639831
2148,gis,joint,25.20337996670804,16.051451731266585,45.93531926749883
2149,gis,joint,25.519208084765573,16.19519961073217,46.44724850886923
2150,gis,joint,25.814850527641646,16.33731868833388,47.11289530851517
2151,gis,joint,26.093887336869653,16.484181457223414,47.72726182325998
2152,gis,joint,26.38413142733453,16.62278231992944,48.321597570489836
2153,gis,joint,26.71436113044817,16.76738311379328,48.983320964216134
2154,gis,joint,27.028143088493657,16.891955667716772,49.51410740716374
2155,gis,joint,27.325187518649702,17.035514283866537,50.08613942808758
2156,gis,joint,27.604542419618916,17.1448460378929,50.66011006411001
2157,gis,joint,27.908641276640548,17.27991370727843,51.24248894904033
2158,gis,joint,28.227891707104966,17.411659327191845,51.92838787563898
2159,gis,joint,28.537132409470537,17.53841495762829,52.62076371422568
2160,gis,joint,28.85748501363986,17.679522297016486,53.277679029030644
2161,gis,joint,29.15596572401489,17.85983033499392,53.81183832049223
2162,gis,joint,29.49324733910595,17.966777271450226,54.45155719155932
2163,gis,joint,29.81319388859616,18.099121994271066,55.05566558120811
2164,gis,joint,30.100419777778324,18.234278381456704,55.77674150096293
2165,gis,joint,30.436512267368503,18.375822468221056,56.50463866852451
2166,gis,joint,30.785850849261173,18.5002304755918,57.23117527613717
2167,gis,joint,31.097737656213184,18.637941689141673,57.83334075275955
2168,gis,joint,31.426744609934815,18.763074713314882,58.5738244881677
2169,gis,joint,31.77167037136997,18.904087876582896,59.29090061663791
2170,gis,joint,32.098673415409465,19.0257310517227,59.85864270352774
2171,gis,joint,32.40226491199448,19.16704715423697,60.464590097304146
2172,gis,joint,32.70510120940912,19.29145988347391,61.19182370711411
2173,gis,joint,33.04900959625445,19.443532054954662,61.934599899002016
2174,gis,joint,33.41512631320894,19.564103570988543,62.586564547948576
2175,gis,joint,33.77160731904772,19.749633471887364,63.30471808278748
2176,gis,joint,34.13528281135231,19.875423539106453,63.978925170685415
2177,gis,joint,34.50109496573303,19.9783986098066,64.6349112148697
2178,gis,joint,34.849672725098245,20.08745219232865,65.30551456780191
2179,gis,joint,35.20537546875914,20.234812042669788,65.97810284565972
2180,gis,joint,35.53941038038205,20.361950347902976,66.53868024468075
2181,gis,joint,35.87745395777658,20.493665403698234,67.11241330248482
2182,gis,joint,36.22573966943543,20.608076090159607,67.82084234534535
2183,gis,joint,36.60230428929346,20.750687956809056,68.57575158238308
2184,gis,joint,36.94976242499183,20.894624596575557,69.31657591218021
2185,gis,joint,37.30153094291535,21.04083620393661,70.00685425624116
2186,gis,joint,37.63159681906086,21.182527807743973,70.55115368440163
2187,gis,joint,38.002684983982206,21.347808882541763,71.16776747622687
2188,gis,joint,38.374598925990846,21.457200651244797,71.80169859134968
2189,gis,joint,38.68724140712808,21.561119380650613,72.3569700282717
2190,gis,joint,39.06038370500556,21.669483295548293,73.05404947542505
2191,gis,joint,39.44599579290491,21.80666672894273,73.76581716976285
2192,gis,joint,39.84536571495087,21.93597987567001,74.46098840828974
2193,gis,joint,40.17926649573285,22.053040474006846,75.05021085677998
2194,gis,joint,40.539967848737035,22.15020870067298,75.57383448389814
2195,gis,joint,40.911749714208305,22.239665049142044,76.12503794542909
2196,gis,joint,41.30810682590801,22.321953082060944,76.72393253960624
2197,gis,joint,41.723958422948705,22.466364608363175,77.35808239788848
2198,gis,joint,42.1284530164138,22.56458696142294,78.01071387710239
2199,gis,joint,42.52850749903811,22.64892381626728,78.67488174197817
2200,gis,joint,42.903905948909,22.73142295693785,79.3061185930262
2201,gis,joint,43.26946177008318,22.816193499043035,79.89890020933788
2202,gis,joint,43.64522201156012,22.927040451492886,80.47567987783935
2203,gis,joint,43.994612088621125,23.019322960178656,81.09334098222679
2204,gis,joint,44.38937564593286,23.116337565962382,81.72250219780676
2205,gis,joint,44.79418136075699,23.21214819230066,82.43086733639676
2206,gis,joint,45.21261795730261,23.32565176684259,83.14594693655094
2207,gis,joint,45.63483947439649,23.422096316554686,83.87230821246733
2208,gis,joint,46.01916928854208,23.521571380666558,84.48984269999858
2209,gis,joint,46.40593479793622,23.59434287326884,84.9674223925035
2210,gis,joint,46.82768054777795,23.67746471380334,85.51060962811778
2211,gis,joint,47.181368863962376,23.75199975377735,85.97085880359903
2212,gis,joint,47.58306446836714,23.837950789892837,86.52493961619298
2213,gis,joint,47.96618039885011,23.947467049776662,87.1058563888153
2214,gis,joint,48.33560238580553,23.99135703538886,87.81537974616194
2215,gis,joint,48.71948094548509,24.09396795755217,88.42840053526814
2216,gis,joint,49.11639147025019,24.199944434964642,89.01618942111575
2217,gis,joint,49.486490774115325,24.33179097222976,89.57434920411245
2218,gis,joint,49.87723108574666,24.418215478440448,90.11433623104425
2219,gis,joint,50.28505894162866,24.481249943765537,90.73859699794264
2220,gis,joint,50.69299233396662,24.603511528619418,91.28351074434543
2221,gis,joint,51.08512598637284,24.73442643594189,91.83199188512872
2222,gis,joint,51.450369252198485,24.8368040805507,92.4312258858573
2223,gis,joint,51.81766381050533,24.936430317014818,93.00519976228397
2224,gis,joint,52.218582210726396,25.04168528290025,93.47705357995005
2225,gis,joint,52.61487846652089,25.09433862659874,94.01240626433594
2226,gis,joint,53.02659765941679,25.15137710521735,94.64230076323709
2227,gis,joint,53.42814853881187,25.156564010968353,95.26806343973932
2228,gis,joint,53.84184954718085,25.16484341779382,95.91186900660186
2229,gis,joint,54.23049222640662,25.296813136700838,96.5882041228252
2230,gis,joint,54.626167414297356,25.410072892851993,97.15527335478154
2231,gis,joint,55.014982957114356,25.519107692180604,97.74996816972212
2232,gis,joint,55.414032945319136,25.615743794728196,98.329327813176
2233,gis,joint,55.800610901096796,25.664371537555727,98.89472023381268
2234,gis,joint,56.1679602553214,25.71774352675597,99.45901387750683
2235,gis,joint,56.560399332857344,25.79984041358263,100.02737590324661
2236,gis,joint,56.974986292469296,25.834301524127433,100.59753234951825
2237,gis,joint,57.36961437283284,25.833665216745548,101.20912815755923
2238,gis,joint,57.79207929444397,25.88522063372916,101.74892942784635
2239,gis,joint,58.18963729131204,25.913429159075157,102.30957183846715
2240,gis,joint,58.59725630115574,25.988877813416696,102.94967826641091
2241,gis,joint,59.00549197064895,26.07966906697037,103.66900834907442
2242,gis,joint,59.37596673885986,26.174137540118164,104.41290290110199
2243,gis,joint,59.77074861021875,26.284744580611612,104.96288613908705
2244,gis,joint,60.19094604802025,26.354050839378093,105.47424460315
2245,gis,joint,60.57569498079532,26.39490778028634,106.00587507458214
2246,gis,joint,60.985207575722896,26.450075486055283,106.52785596144322
2247,gis,joint,61.36552215269716,26.500317093912173,107.05816518637158
2248,gis,joint,61.76386669312744,26.585920919201318,107.60554955785373
2249,gis,joint,62.12617692418231,26.723158145864822,108.21440753799507
2250,gis,joint,62.529871921999344,26.8131451748881,108.85186317597362
2251,gis,joint,62.922366883803086,26.851214041346363,109.48098258266512
2252,gis,joint,63.312694150922695,26.916387492328397,110.12379683455525
2253,gis,joint,63.7130931384966,27.043081039715542,110.6836704609724
2254,gis,joint,64.13593609143865,27.11147743706367,111.29768545033518
2255,gis,joint,64.54794852695464,27.125279711381708,111.90079064380234
2256,gis,joint,65.023081821126,27.15084323829211,112.47939337663628
2257,gis,joint,65.4825648496452,27.172394616937037,113.11844011811478
2258,gis,joint,65.92878850150255,27.21462032500604,113.749315875288
2259,gis,joint,66.3145220587752,27.279828634877685,114.31270335091821
2260,gis,joint,66.71106144904792,27.353688999835782,114.80044369353014
2261,gis,joint,67.07584744682633,27.428066187815322,115.3162380348738
2262,gis,joint,67.46579897758829,27.49095800088229,115.90383663422756
2263,gis,joint,67.88275885920771,27.565688246100425,116.49841714048179
2264,gis,joint,68.26055631989408,27.600221260924535,117.1803764215069
2265,gis,joint,68.65106194796898,27.63705803932593,117.89147915658522
2266,gis,joint,69.06986125551524,27.702271722128955,118.57927211405531
2267,gis,joint,69.49180545650728,27.760746990295964,119.1744783671164
2268,gis,joint,69.94740669631082,27.794291157400107,119.67621091402566
2269,gis,joint,70.3654809095348,27.835818169624726,120.24118135423754
2270,gis,joint,70.77429029413146,27.857116933063043,120.79109825301333
2271,gis,joint,71.2063399639186,27.90124277214282,121.29730384434383
2272,gis,joint,71.60942963067723,27.905511519385175,121.86209271436266
2273,gis,joint,72.02056267977292,27.973940808243704,122.40858066117923
2274,gis,joint,72.41426306865327,28.04530769346283,122.95307332696039
2275,gis,joint,72.80768498437584,28.137210763936086,123.58343921808155
2276,gis,joint,73.25720635264035,28.24148859978985,124.23756819314072
2277,gis,joint,73.70268347752608,28.3490472981594,124.90730628512313
2278,gis,joint,74.10971734275375,28.46736175404719,125.5964146106241
2279,gis,joint,74.53270372632663,28.51059543130171,126.22628505130726
2280,gis,joint,74.94647670390307,28.57526428467343,126.84432105529275
2281,gis,joint,75.36845150447425,28.637865494090654,127.430676085067
2282,gis,joint,75.81098341639472,28.649147188173306,128.01139039076259
2283,gis,joint,76.24860534484549,28.645910279706182,128.50686957550366
2284,gis,joint,76.68276193347934,28.640841018389896,129.04315761413838
2285,gis,joint,77.09746207728833,28.707984738662855,129.52001147977995
2286,gis,joint,77.5198186306934,28.756758782865578,129.95413890443416
2287,gis,joint,77.94200746501738,28.75388054560283,130.41665557814005
2288,gis,joint,78.38511931434564,28.76203031772272,131.00268049220205
2289,gis,joint,78.75634592698435,28.81541784955088,131.48511587708228
2290,gis,joint,79.13480623463548,28.86676712813533,132.04276988644855
2291,gis,joint,79.54583478742748,28.90459794234774,132.5215531713834
2292,gis,joint,79.96640727958734,28.953405489752903,133.101575336707
2293,gis,joint,80.39471706192927,29.005287043588755,133.75288007231168
2294,gis,joint,80.83214360261687,29.05554176884548,134.37466294397785
2295,gis,joint,81.28580102104131,29.098124766909947,135.00770988382078
2296,gis,joint,81.73873869621255,29.159188260194473,135.4953109996955
2297,gis,joint,82.18753357539738,29.21439780737994,136.01656068928466
2298,gis,joint,82.63918798917565,29.317618838654013,136.59985261683633
2299,gis,joint,83.09376747805368,29.414423336201754,137.11090445379313
2300,gis,joint,83.54503576255524,29.477696290521664,137.71147669021587
1990,ais,fixed,-0.25875716530767534,-0.3158777184867341,-0.21989701747748616
1991,ais,fixed,-0.2513481145705504,-0.29367989898410196,-0.2113877393116115
1992,ais,fixed,-0.23974896993318096,-0.26594814520699533,-0.20202805417335287
1993,ais,fixed,-0.23346962230486756,-0.26170499440527234,-0.19386207160558586
1994,ais,fixed,-0.22961311951757113,-0.25890893750513877,-0.18912445475617173
1995,ais,fixed,-0.2243785527793717,-0.25495125569192856,-0.18305575620458453
1996,ais,fixed,-0.21812751008190828,-0.2508640843704501,-0.1747444569158437
1997,ais,fixed,-0.20959822075676726,-0.23960473656344808,-0.164809893942542
1998,ais,fixed,-0.1932809995827019,-0.2126122970218896,-0.1538253603463565
1999,ais,fixed,-0.17024476258446236,-0.18549092549686447,-0.14257403665002194
2000,ais,fixed,-0.14379979461408132,-0.15815737436453842,-0.12870678738728214
2001,ais,fixed,-0.11631680256750732,-0.130935598251153,-0.10620368622946921
2002,ais,fixed,-0.08696614610075493,-0.10394433068129984,-0.07927745110094221
2003,ais,fixed,-0.05670955074340289,-0.07635856817595993,-0.05082600852652003
2004,ais,fixed,-0.02639928573499506,-0.04588582032294495,-0.021015154630553944
2005,ais,fixed,0.004650203873346137,-0.014213293222199939,0.010466460495761498
2006,ais,fixed,0.03505425124618816,0.01668810998721221,0.04217821546403193
2007,ais,fixed,0.06569365566510321,0.04861855167687237,0.07448863793127758
2008,ais,fixed,0.09646698199544129,0.07930848096346409,0.10676936750484024
2009,ais,fixed,0.12747598090986667,0.11066097584146606,0.13927254993637572
2010,ais,fixed,0.15874896848143183,0.14160165497100835,0.17169452075418729
2011,ais,fixed,0.19065700588380735,0.1733242322036323,0.2048499753038603
2012,ais,fixed,0.22457192011251736,0.20680988443826415,0.23967674256514776
2013,ais,fixed,0.2573098513069172,0.23867169206160357,0.2738103694527747
2014,ais,fixed,0.2913310912055166,0.27154588701049065,0.30883419621627395
2015,ais,fixed,0.3259574089763612,0.3041494319406893,0.3441008271013326
2016,ais,fixed,0.36122315879124456,0.33781626621136696,0.3802072576200088
2017,ais,fixed,0.39661617766518104,0.3717826889968684,0.4170306062770415
2018,ais,fixed,0.43374490774070296,0.40656394522619393,0.45602870392663236
2019,ais,fixed,0.4707348503716129,0.4414638805616108,0.4949956522233755
2020,ais,fixed,0.5083885098614402,0.47629908131873566,0.5356359827895449
2021,ais,fixed,0.5463541376659029,0.5113873733473733,0.576097675541801
2022,ais,fixed,0.5846546461141924,0.5468779968921879,0.6168581861225148
2023,ais,fixed,0.6238670406828941,0.5832538149386287,0.6593578428911706
2024,ais,fixed,0.663776566536116,0.6199772883069213,0.7028740533014463
2025,ais,fixed,0.7048666711812552,0.6578488105201683,0.7483479300220085
2026,ais,fixed,0.7466189897628323,0.6961377070706837,0.7947323007256522
2027,ais,fixed,0.7892582863679565,0.734845147784122,0.8426720075455559
2028,ais,fixed,0.8322587403799363,0.772041208515089,0.8910754586527931
2029,ais,fixed,0.8755416900238283,0.8104875036917241,0.9400433211880346
2030,ais,fixed,0.9189307138091415,0.8476063232926684,0.9894080290511285
2031,ais,fixed,0.963750992697204,0.8855091352705926,1.0410280268073981
2032,ais,fixed,1.0086129335288498,0.9227321301153518,1.0926789043947944
2033,ais,fixed,1.0546548152838398,0.9609576319184582,1.1453370662660332
2034,ais,fixed,1.101196895500007,1.000308430109319,1.1993045900954116
2035,ais,fixed,1.1486209873040196,1.0394298369374004,1.2552919846206885
2036,ais,fixed,1.1966922839451968,1.0790799317483626,1.3123057044473432
2037,ais,fixed,1.245765897860195,1.1196449806927848,1.3706201048276578
2038,ais,fixed,1.2958415146353286,1.1606028299312825,1.429722499207078
2039,ais,fixed,1.347035738061122,1.2018846338408467,1.4928554513269574
2040,ais,fixed,1.3994511024048346,1.2417886578215984,1.558901807706012
2041,ais,fixed,1.4531261124590056,1.283183849418261,1.6283899842668454
2042,ais,fixed,1.5069818972090183,1.3264048580575625,1.6939783749447839
2043,ais,fixed,1.5623583491900777,1.3707330252677465,1.7713502549414957
2044,ais,fixed,1.6183718536686227,1.4147456633152053,1.8466767555082426
2045,ais,fixed,1.674837214818028,1.4567700377553428,1.9241466715419766
2046,ais,fixed,1.7329738743437164,1.5030289249465703,2.011165960212141
2047,ais,fixed,1.7929416397315356,1.5484975251609592,2.1357986768574744
2048,ais,fixed,1.857728266915514,1.5945676671854552,3.019416423952751
2049,ais,fixed,1.9235106284780048,1.6415036042715971,4.008093819099808
2050,ais,fixed,1.9913640543531201,1.68845466354589,5.115500868540996
2051,ais,fixed,2.060615014691521,1.7356760912807045,6.189470439225324
2052,ais,fixed,2.1329177133612855,1.7823054001404097,7.325984720566737
2053,ais,fixed,2.208823360960139,1.8339669200433832,8.27265208351012
2054,ais,fixed,2.283991813364785,1.8836468827757458,9.490527253318927
2055,ais,fixed,2.3658574646583754,1.938678326562231,10.695175127467106
2056,ais,fixed,2.448463574549176,1.9927771134429246,11.936937499888975
2057,ais,fixed,2.5390514231252466,2.0523841203892563,13.205095489476726
2058,ais,fixed,2.631257836246612,2.10495757043472,14.438000524717804
2059,ais,fixed,2.7375138175248734,2.1619309134523244,15.691393043457042
2060,ais,fixed,2.841003284925451,2.217309115277965,16.949072158912305
2061,ais,fixed,2.950313865888435,2.2758265280822325,18.172638607786602
2062,ais,fixed,3.059539148511873,2.333106727665093,19.463547030737825
2063,ais,fixed,3.207868222569278,2.397545818343495,20.64117506707937
2064,ais,fixed,3.362331396623087,2.463703912891595,21.977962600927636
2065,ais,fixed,3.6328966430553242,2.541765551050213,23.16949492949493
2066,ais,fixed,3.9885497764889437,2.619373011824188,24.358110243623177
2067,ais,fixed,4.674114227572555,2.6930979923912473,25.760010575202696
2068,ais,fixed,5.681040107669073,2.771804197260703,26.970130997997014
2069,ais,fixed,6.682661825792648,2.8504166114334213,28.32210049275666
2070,ais,fixed,7.647668396954396,2.931164070337668,29.646989072796007
2071,ais,fixed,8.582665941583535,3.0264654058599096,30.910908773652842
2072,ais,fixed,9.516995792887428,3.1364645906362747,32.19591574003722
2073,ais,fixed,10.536010580435875,3.2375074512966004,33.40510687584062
2074,ais,fixed,11.478301237979274,3.3263783041073802,34.71379293828204
2075,ais,fixed,12.371856154834227,3.440935792984766,36.10809015755122
2076,ais,fixed,13.229743962236785,3.570723772222082,37.466378945918265
2077,ais,fixed,14.184362237681073,3.6986031363862435,38.91987782775179
2078,ais,fixed,15.209112849021395,3.8090536195727056,40.27214472380056
2079,ais,fixed,16.31736179916675,3.9305736475862068,41.58527251216198
2080,ais,fixed,17.225196450705262,4.0482879142087045,42.98657672646316
2081,ais,fixed,18.34289442169939,4.15244055211863,44.4007746879365
2082,ais,fixed,19.348409247154578,4.295833529190784,45.71557845706517
2083,ais,fixed,20.344858640274442,4.4222300612406125,47.08373005245507
2084,ais,fixed,21.311521882845746,4.6834034674411855,48.482342157814486
2085,ais,fixed,22.42673227470081,4.832740612460242,49.83542133786521
2086,ais,fixed,23.41751447239068,5.0430200710798045,51.18417778915662
2087,ais,fixed,24.340008548530776,5.210097391724524,52.578804289310426
2088,ais,fixed,25.34131801823407,5.581921025713598,53.994387789430604
2089,ais,fixed,26.404005857188633,5.764280918334353,55.377700440667695
2090,ais,fixed,27.544847541164327,6.056906169419112,56.8019226400953
2091,ais,fixed,28.594891712727126,6.345349693834383,58.27280972616388
2092,ais,fixed,29.594789071470572,6.914874141667695,59.68160958561609
2093,ais,fixed,30.602668588936126,7.353550840622024,61.08007538140556
2094,ais,fixed,31.557464047845592,8.289567029985003,62.55680629775436
2095,ais,fixed,32.662149619781175,9.455631085868875,64.04676338640104
2096,ais,fixed,33.63099065830342,10.501334171577573,65.56778579017364
2097,ais,fixed,34.71187973892857,11.303125477671893,66.99506935204396
2098,ais,fixed,35.7688685496359,12.197400339318124,68.42386160293937
2099,ais,fixed,36.77570494490054,13.007707896109107,69.89044867907332
2100,ais,fixed,37.85033698689601,13.885524033038271,71.31548107588948
2101,ais,fixed,38.96673656234945,14.741915401494438,72.84416970861554
2102,ais,fixed,39.99814433486672,15.653336142180978,74.31568676374722
2103,ais,fixed,41.08848670625654,16.52010187292571,75.74608848848753
2104,ais,fixed,42.33226948349555,17.400222737457216,77.47618480431808
2105,ais,fixed,43.359680638522406,18.26228347908767,79.22196887760839
2106,ais,fixed,44.47208263056156,19.171941484812553,80.66561860575597
2107,ais,fixed,45.55303367084994,19.87363393895488,82.3116233307338
2108,ais,fixed,46.660031949717485,20.663230751316174,83.88452839225937
2109,ais,fixed,47.864796603049484,21.593836362450677,85.39320647770971
2110,ais,fixed,49.04734942142845,22.58264744120157,86.89931353971322
2111,ais,fixed,50.344122460866345,23.171735631150902,88.26957796714863
2112,ais,fixed,51.55245191410346,23.807878561671153,89.82464327954018
2113,ais,fixed,52.65753718854465,24.60485246095229,91.47629747079597
2114,ais,fixed,53.81817833437474,25.5824906799179,93.11407995945316
2115,ais,fixed,55.003945347838666,26.458450594320368,94.60857465132727
2116,ais,fixed,56.24529156270215,27.227101663663316,96.08167191090104
2117,ais,fixed,57.33861201837438,27.916293217247546,97.66498297531172
2118,ais,fixed,58.53973614614465,28.908636994955103,99.1827966900668
2119,ais,fixed,59.63372206687072,29.808367068650284,100.73177603316677
2120,ais,fixed,60.692473173597406,30.646322377614936,102.282991625542
2121,ais,fixed,61.89799393624792,31.58925775017165,103.83743901215473
2122,ais,fixed,63.13095621146855,32.36813289392701,105.39557037179617
2123,ais,fixed,64.34453628680939,33.221694414073696,106.9606618592999
2124,ais,fixed,65.39058600796032,34.030870332554954,108.45795997144849
2125,ais,fixed,66.52882503728169,34.72931565767895,110.01611400208938
2126,ais,fixed,67.67209016551044,35.586357882558204,111.61523952822522
2127,ais,fixed,68.89260698215583,36.45370936591827,113.25952054429656
2128,ais,fixed,70.03166236345913,37.112454767956585,114.92800573521072
2129,ais,fixed,71.1707204021798,38.11780863196714,116.55437851665606
2130,ais,fixed,72.37216691210615,38.87855239149913,118.10208202158472
2131,ais,fixed,73.54379758754929,39.62579653332384,119.64361169727472
2132,ais,fixed,74.82471966420535,40.37194391644191,121.19852257327501
2133,ais,fixed,76.05354901416246,41.11501459861092,122.82456411757909
2134,ais,fixed,77.29963483813904,42.03218346722408,124.48651984049451
2135,ais,fixed,78.58494708255327,42.80034916642437,126.10222822684993
2136,ais,fixed,79.92759544177034,43.483444127434986,127.69544450415552
2137,ais,fixed,81.13009843086923,44.32400299031227,129.3657507118107
2138,ais,fixed,82.33787491721765,45.14316426618652,131.00268565067472
2139,ais,fixed,83.4490673864179,45.98281852443531,132.62860873280846
2140,ais,fixed,84.73131292388047,46.72898934338247,134.25598156956212
2141,ais,fixed,85.98045597855734,47.555118620687644,136.01431382695455
2142,ais,fixed,87.12251518240132,48.34511284033619,137.79604286618255
2143,ais,fixed,88.31170929538992,49.09241393611105,139.5925998362186
2144,ais,fixed,89.54505655635919,49.79419676524256,141.3751780715732
2145,ais,fixed,90.77451731271084,50.66052795572822,143.17002142942385
2146,ais,fixed,92.07885130737995,51.65257075088787,144.7951793682719
2147,ais,fixed,93.31239545189437,52.681703786513225,146.49448816989153
2148,ais,fixed,94.67660741481677,53.46757186761215,148.05822683008034
2149,ais,fixed,95.81798160045167,54.36941661426491,149.7645475185475
2150,ais,fixed,97.03898639587196,55.19920870351438,151.57557687197686
2151,ais,fixed,98.27455644619775,56.06707253289225,153.3888824385306
2152,ais,fixed,99.3616096584386,56.828289192865945,155.20224666749695
2153,ais,fixed,100.6090873521484,57.60557528240847,156.87195598277975
2154,ais,fixed,101.84802993077233,58.359147659239895,158.50994998461664
2155,ais,fixed,103.0783021873119,59.12650651072019,160.5048618537854
2156,ais,fixed,104.35433395738787,59.96850176698492,162.22171610534198
2157,ais,fixed,105.66464234371401,60.80995059464532,163.93348650160743
2158,ais,fixed,106.94638568378238,61.523861660658106,165.94152802194077
2159,ais,fixed,108.28337245554499,62.241325838214166,167.54679150574628
2160,ais,fixed,109.56750208635182,62.99834828177413,169.37912102488957
2161,ais,fixed,110.87166090718421,63.768763089007,171.0577556606118
2162,ais,fixed,112.20511051640653,64.52268141528312,172.72653923763067
2163,ais,fixed,113.47478289667787,65.33272463088592,174.4416715095765
2164,ais,fixed,114.78503381485656,66.13389855293052,176.14489168226189
2165,ais,fixed,116.08607194235992,66.92302700639331,178.07818589717934
2166,ais,fixed,117.28566583736676,67.78890205840892,179.64506230530012
2167,ais,fixed,118.54045378875804,68.60973592922574,181.42114024480318
2168,ais,fixed,119.8834011837416,69.43722964233594,183.42632073219707
2169,ais,fixed,121.20062627913444,70.26937368022931,185.4312277207415
2170,ais,fixed,122.42327528810094,71.09265400201512,187.35081306591658
2171,ais,fixed,123.67721136285104,71.85771941461222,189.12587816156477
2172,ais,fixed,124.87297343006952,72.6293742891208,190.90247882004635
2173,ais,fixed,126.10787512186232,73.50326629685823,192.6827965427027
2174,ais,fixed,127.42920577506356,74.4177197860656,194.63075002014915
2175,ais,fixed,128.80347332141565,75.26028441199064,196.57655834753265
2176,ais,fixed,130.18429838632616,76.14365017618714,198.51902527163676
2177,ais,fixed,131.48871447729823,77.03060172777363,200.33777169940333
2178,ais,fixed,132.76140992893448,77.91558448409386,202.01551608643842
2179,ais,fixed,133.95332924445523,78.77891051065158,203.6913325217795
2180,ais,fixed,135.2379588048061,79.6365881216438,205.37398723475485
2181,ais,fixed,136.5851549329265,80.53047310365072,207.22626306456348
2182,ais,fixed,137.904336184807,81.37370337331303,208.99821089146033
2183,ais,fixed,139.25184973489087,82.14247732856388,210.72509024507707
2184,ais,fixed,140.528186770466,82.99673850276324,212.76966375391456
2185,ais,fixed,141.72264454568878,83.87709821622441,214.69896092549632
2186,ais,fixed,142.98583814498116,84.74392786081195,216.52914352239625
2187,ais,fixed,144.31102387295311,85.69535930729302,218.39944022462683
2188,ais,fixed,145.63316169177256,86.6029726550957,220.30742143158247
2189,ais,fixed,146.94789044569322,87.47408594316867,222.1773121830814
2190,ais,fixed,148.32793108154144,88.28102845273776,224.0493031399251
2191,ais,fixed,149.69299449363137,89.0860875969547,225.8940357172951
2192,ais,fixed,151.04746793719463,89.88957723162031,227.7233386191148
2193,ais,fixed,152.33708732571887,90.67127902391763,229.55734221643047
2194,ais,fixed,153.57443474745514,91.50582741997734,231.39456159564176
2195,ais,fixed,154.834254922238,92.3155015430921,233.23571370827432
2196,ais,fixed,156.088552317424,93.13024246221998,235.07783462093593
2197,ais,fixed,157.4503228662332,93.94683651872448,236.9121376564055
2198,ais,fixed,158.77637186848264,94.76491747394337,238.70875105516956
2199,ais,fixed,160.22410277781663,95.58384576342247,240.58161220893302
2200,ais,fixed,161.6090866930195,96.40310458779106,242.4506544186961
2201,ais,fixed,162.93820252545126,97.23440810031217,244.30126394072576
2202,ais,fixed,164.19885667554297,98.03034169414259,246.15454394397634
2203,ais,fixed,165.51010203146117,98.76162199843579,248.00889775135346
2204,ais,fixed,166.8810610012498,99.49375170640808,249.8678302193519
2205,ais,fixed,168.299273162363,100.33622061966278,251.73470622808517
2206,ais,fixed,169.7559324812034,101.27154766041087,253.60415115773807
2207,ais,fixed,171.16128963916293,102.1576176903113,255.47396222948512
2208,ais,fixed,172.46140935749253,102.9901388477132,257.2131502649853
2209,ais,fixed,173.7506268505835,103.82268361276306,258.9362251925959
2210,ais,fixed,175.05294134846037,104.65677487363024,260.8440023404295
2211,ais,fixed,176.36908047283794,105.68192021805581,262.61791214323046
2212,ais,fixed,177.77059987495437,106.43557610432815,264.3070315270428
2213,ais,fixed,179.2291242303159,107.50986875629529,265.9961795923647
2214,ais,fixed,180.54586578924415,108.30612707143095,267.6850611034903
2215,ais,fixed,181.8080350843434,109.10978964946243,269.46817507346947
2216,ais,fixed,183.20661015165842,110.03598493388697,271.5905818992059
2217,ais,fixed,184.52562811821213,110.9385715292306,273.37736256109076
2218,ais,fixed,186.01528321012583,111.79890529660592,275.2387315500442
2219,ais,fixed,187.3765691350681,112.72937806342118,277.1835432665245
2220,ais,fixed,188.7388914144187,113.63985503284623,279.1265161667993
2221,ais,fixed,190.10775125339686,114.43369557417023,280.8849354496141
2222,ais,fixed,191.4901264692876,115.22770484464243,282.6112810222393
2223,ais,fixed,192.82686010564208,116.07588676100546,284.48561735728106
2224,ais,fixed,194.15132484755094,116.9305962810908,286.50685039906256
2225,ais,fixed,195.48192411818104,117.7895619600404,288.3435090426585
2226,ais,fixed,196.74632239946686,118.65091603733511,290.16799041880705
2227,ais,fixed,198.07542497651878,119.52263893144274,291.9943804151543
2228,ais,fixed,199.49194003895104,120.46485303701238,293.8214706739496
2229,ais,fixed,200.87221295812628,121.32065856771457,295.6479673119621
2230,ais,fixed,202.17313192957113,122.14795983398106,297.49281650223554
2231,ais,fixed,203.4737317377859,122.97530849296587,299.4796601552242
2232,ais,fixed,204.79518803102883,123.831510620006,301.46616659833114
2233,ais,fixed,206.1433768687873,124.69072111917109,303.45173358539495
2234,ais,fixed,207.4702630761533,125.55190503535745,305.4362802846811
2235,ais,fixed,208.76969164562433,126.41483642371948,307.4202755550626
2236,ais,fixed,210.0697867802433,127.28154621736651,309.4039199734396
2237,ais,fixed,211.38407502733912,128.1305508406108,311.38722453770583
2238,ais,fixed,212.76654442566763,128.9615234341947,313.36969994290524
2239,ais,fixed,214.08824980166253,129.88656293168597,315.35136893652736
2240,ais,fixed,215.40697223386604,130.75694238211707,317.3317632441663
2241,ais,fixed,216.77160314168412,131.63107008504045,319.30921171063557
2242,ais,fixed,218.18092127685514,132.49520734572823,321.28642284705904
2243,ais,fixed,219.50771466272846,133.36256942371963,323.25156110715386
2244,ais,fixed,220.84755105316572,134.22921515108825,325.189926997627
2245,ais,fixed,222.186898589156,135.09579792068595,327.1229085928252
2246,ais,fixed,223.5959423374834,135.961757227179,329.01823853056294
2247,ais,fixed,224.9703459796193,136.7096437392039,330.90874098227124
2248,ais,fixed,226.2931386882772,137.4534014762207,332.799204037612
2249,ais,fixed,227.57516910727264,138.1993985379044,334.68848150075814
2250,ais,fixed,228.93006288819106,138.9890239046957,336.5791364534058
2251,ais,fixed,230.2859571106927,139.90646549119043,338.4718990538421
2252,ais,fixed,231.63341772602035,140.83086443669904,340.36054972434863
2253,ais,fixed,232.98073116721812,141.64172749712932,342.2018068712492
2254,ais,fixed,234.25466208834422,142.40315353754343,343.9650875533641
2255,ais,fixed,235.58428806413474,143.29844987443673,345.7196582749262
2256,ais,fixed,236.9363584255815,144.20232135845404,347.4721302155315
2257,ais,fixed,238.31464069378308,145.10902364832947,349.2236774523369
2258,ais,fixed,239.6433933528775,146.0192389850505,350.97682042635444
2259,ais,fixed,241.03684482751873,146.92942057001318,352.96110067250845
2260,ais,fixed,242.20677094968877,147.83884580084793,354.9746082480562
2261,ais,fixed,243.47207217626482,148.71966661906956,356.98746106783494
2262,ais,fixed,244.7892493573155,149.49050098630383,359.0002002427769
2263,ais,fixed,246.15371120179714,150.2607547736182,361.00991012765746
2264,ais,fixed,247.52081129809488,151.03115090904058,362.947301987017
2265,ais,fixed,248.8777360075381,151.90920385361744,364.8419424941147
2266,ais,fixed,250.161634073276,152.80104131398878,366.8622904422693
2267,ais,fixed,251.47510607063896,153.63393593658267,368.743337943702
2268,ais,fixed,252.79698916162351,154.44816969366227,370.61596158216156
2269,ais,fixed,254.0769043024866,155.2626095687346,372.4882529677723
2270,ais,fixed,255.3378080849123,156.07694910735208,374.3681344624016
2271,ais,fixed,256.5931682747019,156.8909693549708,376.24058578416464
2272,ais,fixed,257.869771186594,157.70388813479425,378.0241129429384
2273,ais,fixed,259.193199705231,158.51657878728483,379.7760535203277
2274,ais,fixed,260.53501407225815,159.32932104647708,381.6040641479127
2275,ais,fixed,261.8825577500189,160.17678640182578,383.44555499884746
2276,ais,fixed,263.2116457111188,161.03338302297414,385.34504510671115
2277,ais,fixed,264.5724357321762,161.8893705167279,387.22553385201894
2278,ais,fixed,265.93824507946147,162.74516160393463,389.1946921937679
2279,ais,fixed,267.25770523505975,163.57190941334963,391.12750192919594
2280,ais,fixed,268.5763287716783,164.35374062493125,392.9949094657914
2281,ais,fixed,269.94870626717847,165.13549468512116,394.96382807363386
2282,ais,fixed,271.304461649042,165.91870549696225,396.8721867586556
2283,ais,fixed,272.6452581586239,166.74984661161517,399.00748476643673
2284,ais,fixed,274.0215615768574,167.57808065518734,401.05625541638835
2285,ais,fixed,275.43774295811727,168.34389831663646,402.9079134066833
2286,ais,fixed,276.80237359055786,169.1097808718418,404.84500650516566
2287,ais,fixed,278.1300358417791,169.87638668360793,406.8573925156266
2288,ais,fixed,279.4051091310505,170.66288261849394,408.86261482041255
2289,ais,fixed,280.6795103036807,171.5260741825364,410.82496331425034
2290,ais,fixed,281.9860734009566,172.38882697624797,412.80739738268585
2291,ais,fixed,283.29117813590915,173.25204463451877,414.8880852153085
2292,ais,fixed,284.5621171305642,174.11516522371127,416.89118657683275
2293,ais,fixed,285.9073128178296,174.97807054636922,418.6632911449237
2294,ais,fixed,287.2608354508646,175.84048575138348,420.4341463261111
2295,ais,fixed,288.6148237712697,176.7028317556083,422.20431026968816
2296,ais,fixed,289.96575668872777,177.56534784400705,423.9743480371681
2297,ais,fixed,291.30892437762566,178.4280853824111,425.8177224910843
2298,ais,fixed,292.6325998142278,179.29261364937662,427.6887560744564
2299,ais,fixed,293.95521757679603,180.15752996329357,429.55859515489414
2300,ais,fixed,295.2783749697112,181.02285234208944,431.4258072085834
1990,ais,joint,-0.25875716530767534,-0.3158777184867341,-0.21989701747748616
1991,ais,joint,-0.2513481145705504,-0.29367989898410196,-0.2113877393116115
1992,ais,joint,-0.23974896993318096,-0.26594814520699533,-0.20202805417335287
1993,ais,joint,-0.23346962230486756,-0.26170499440527234,-0.19386207160558586
1994,ais,joint,-0.22961311951757113,-0.25890893750513877,-0.18912445475617173
1995,ais,joint,-0.2243785527793717,-0.25495125569192856,-0.18305575620458453
1996,ais,joint,-0.21812751008190828,-0.2508640843704501,-0.1747444569158437
1997,ais,joint,-0.20959822075676726,-0.23960473656344808,-0.164809893942542
1998,ais,joint,-0.1932809995827019,-0.2126122970218896,-0.1538253603463565
1999,ais,joint,-0.17024476258446236,-0.18549092549686447,-0.14257403665002194
2000,ais,joint,-0.14379979461408132,-0.15815737436453842,-0.12870678738728214
2001,ais,joint,-0.11631680256750732,-0.130935598251153,-0.10620368622946921
2002,ais,joint,-0.08696614610075493,-0.10394433068129984,-0.07927745110094221
2003,ais,joint,-0.05670955074340289,-0.07635856817595993,-0.05082600852652003
2004,ais,joint,-0.02639928573499506,-0.04588582032294495,-0.021015154630553944
2005,ais,joint,0.004650203873346137,-0.014213293222199939,0.010466460495761498
2006,ais,joint,0.03505425124618816,0.01668810998721221,0.04217821546403193
2007,ais,joint,0.06569365566510321,0.04861855167687237,0.07448863793127758
2008,ais,joint,0.09646698199544129,0.07930848096346409,0.10676936750484024
2009,ais,joint,0.12747598090986667,0.11066097584146606,0.13927254993637572
2010,ais,joint,0.15874896848143183,0.14160165497100835,0.17169452075418729
2011,ais,joint,0.19065700588380735,0.1733242322036323,0.2048499753038603
2012,ais,joint,0.22457192011251736,0.20680988443826415,0.23967674256514776
2013,ais,joint,0.2573098513069172,0.23867169206160357,0.2738103694527747
2014,ais,joint,0.2913310912055166,0.27154588701049065,0.30883419621627395
2015,ais,joint,0.3259574089763612,0.3041494319406893,0.3441008271013326
2016,ais,joint,0.36114718460515727,0.33733625977891046,0.3816240084317874
2017,ais,joint,0.3964941145220606,0.3709072490751723,0.41947485229601866
2018,ais,joint,0.4337066866116245,0.40519511195880853,0.4592422072676165
2019,ais,joint,0.470551042977696,0.4387029998447693,0.5003723943838193
2020,ais,joint,0.5078547791131865,0.47347902587518237,0.5429672415586385
2021,ais,joint,0.5455000375419512,0.5083312795147874,0.5865489430925453
2022,ais,joint,0.5833117482630893,0.5429935099259199,0.6309295181043244
2023,ais,joint,0.6220355054262181,0.5782312757759406,0.677344455968574
2024,ais,joint,0.6617230759155159,0.6142361672094657,0.722341474709284
2025,ais,joint,0.7017531047448505,0.6499969150645157,0.7711601929988282
2026,ais,joint,0.7432867806353696,0.6865443038598,0.8196165863561591
2027,ais,joint,0.7849702655873996,0.7236180154069037,0.872032552177034
2028,ais,joint,0.8274309781871969,0.7615936302535615,0.9239118997894031
2029,ais,joint,0.8708026723158854,0.7980719934320093,0.9791363371864577
2030,ais,joint,0.9136394143033144,0.8347561281027718,1.0352493059596029
2031,ais,joint,0.9575380191140298,0.8730623054919759,1.0906202768631397
2032,ais,joint,1.0022779112178979,0.9096321558220626,1.1484944543703681
2033,ais,joint,1.046652541586925,0.9478718548087498,1.2052086114781106
2034,ais,joint,1.0921117548508348,0.9849936731170076,1.2650435764777148
2035,ais,joint,1.1390907300654536,1.0241174084674889,1.3250094248047466
2036,ais,joint,1.1865379657445017,1.0618281208367348,1.3896634921215674
2037,ais,joint,1.2347230261118758,1.1006346710818224,1.458213885559384
2038,ais,joint,1.2843839440711347,1.1403250922614134,1.540070516967727
2039,ais,joint,1.3354003275256252,1.1796721878369125,1.6275848714224177
2040,ais,joint,1.387301318258628,1.2213420163390842,1.7387192649954883
2041,ais,joint,1.4398731894879069,1.2618153862437795,1.8513322489430932
2042,ais,joint,1.4927064214047772,1.3028022734514337,1.9873447548757976
2043,ais,joint,1.5457334044202249,1.3441315833809608,2.436853550928436
2044,ais,joint,1.6009670315195739,1.3861998637905117,3.1676445329713303
2045,ais,joint,1.6565173876634716,1.4274152285786659,4.0595674892382725
2046,ais,joint,1.7135466766737164,1.4694775767622528,5.1758108333464055
2047,ais,joint,1.7735404267163097,1.5128669481781136,6.163705646281073
2048,ais,joint,1.8346797804956125,1.5573100204515877,7.358814584181187
2049,ais,joint,1.8971017578219338,1.6031874052291883,8.466336806680916
2050,ais,joint,1.9633743785099957,1.650950970928607,9.44980240190419
2051,ais,joint,2.0292327760221376,1.6965916874558506,10.480414976741008
2052,ais,joint,2.0975565544053167,1.741570666911335,11.606332402424252
2053,ais,joint,2.17074570169577,1.7899114287596274,12.825990011525219
2054,ais,joint,2.2419666110963368,1.8381918384459341,14.032317380594273
2055,ais,joint,2.3191311656294373,1.887046465034656,15.125217821487881
2056,ais,joint,2.39973055153325,1.9353515941760993,16.452720751293867
2057,ais,joint,2.49066771713147,1.9844474042243376,17.980859546149382
2058,ais,joint,2.5860350622372934,2.0359520189340263,19.180762354625944
2059,ais,joint,2.6868850192939187,2.0857153679419187,20.299889824976677
2060,ais,joint,2.7989374328439585,2.13639889807046,21.629135027741015
2061,ais,joint,2.9177936935694926,2.192972176904228,22.954243248894894
2062,ais,joint,3.0477999847556445,2.2465713456330514,24.171434839301405
2063,ais,joint,3.1816363749218737,2.3029033166166886,25.368061573611364
2064,ais,joint,3.363715856146331,2.3636250793520928,26.557165498195083
2065,ais,joint,3.5816512926288784,2.423270987151311,27.781678793508696
2066,ais,joint,3.824334517478005,2.477844149070123,28.997293959136396
2067,ais,joint,4.213465232300139,2.5360004519000143,30.44144213135753
2068,ais,joint,4.907573072088908,2.592893192611988,31.558678212468763
2069,ais,joint,5.630604656826198,2.6569297390425484,32.60158044613138
2070,ais,joint,6.412468615878016,2.7210765099499215,33.86035433982007
2071,ais,joint,7.2435539468693655,2.7899616907682945,35.09887659168911
2072,ais,joint,8.153545233993658,2.8538917436461686,36.61438682383922
2073,ais,joint,9.160691506308517,2.923829600516017,37.86014281141436
2074,ais,joint,10.081552699996465,2.9906350722581942,39.13251456014202
2075,ais,joint,11.09152482999282,3.063118680430708,40.478363817310665
2076,ais,joint,11.985074530867658,3.160822000646524,41.83155527948784
2077,ais,joint,13.007339241828518,3.227455202026511,43.20652337983216
2078,ais,joint,13.950881860493439,3.3129159275113125,44.93497491994497
2079,ais,joint,14.86030705584539,3.3815333531910525,46.46940417891698
2080,ais,joint,15.908647734212186,3.4626119522598375,47.90577714185295
2081,ais,joint,16.897609892797885,3.5447576931308067,49.356125280908635
2082,ais,joint,17.902667253632124,3.6415805626639677,50.84448622911324
2083,ais,joint,18.92833946083809,3.759027943883349,52.32833095634457
2084,ais,joint,19.872894740426524,3.8807581768084147,53.62875865029609
2085,ais,joint,20.842676629822293,3.989259945158346,55.27379321430904
2086,ais,joint,21.92712964959746,4.088485661142585,56.70388633781734
2087,ais,joint,22.93936501145486,4.184605688766117,58.177447749471995
2088,ais,joint,23.919255386490025,4.286258227938562,59.563472304202506
2089,ais,joint,24.971528101768442,4.41539944169977,61.04497450914694
2090,ais,joint,26.005875479153104,4.551809629389543,62.490998947472285
2091,ais,joint,27.012571544985317,4.658538502563139,63.958163137674376
2092,ais,joint,28.01216110971218,4.792634399385343,65.62588736782277
2093,ais,joint,29.13827565089324,4.897451666206208,67.11716067035732
2094,ais,joint,30.089352576301707,5.050347668561704,68.61485875082583
2095,ais,joint,31.093709353722257,5.232376724927654,70.06364749609587
2096,ais,joint,32.38401027701762,5.501930776907835,71.50144980780794
2097,ais,joint,33.42877609167927,5.618599106996482,73.06610729146956
2098,ais,joint,34.53146513755118,5.80592850786371,74.52992750135627
2099,ais,joint,35.50481927630737,5.952364553640686,75.92626727802622
2100,ais,joint,36.52826061726677,6.240099360879658,77.37614880342217
2101,ais,joint,37.57488916800206,6.50001912894589,79.14341098216217
2102,ais,joint,38.71812887857591,6.731526186220522,80.74347064710649
2103,ais,joint,39.75104014946271,7.260991877253991,82.27270961515052
2104,ais,joint,40.928674941719095,7.597803258279692,83.87060093281148
2105,ais,joint,42.00148761032195,7.8805369098063744,85.62717891374545
2106,ais,joint,43.212298750355814,8.798134826045954,87.24608223974671
2107,ais,joint,44.29892049080153,9.622831897379626,88.71161789542182
2108,ais,joint,45.41843586823487,10.412100536180766,90.18234266595717
2109,ais,joint,46.61042818074005,11.524202790317366,91.9493891682194
2110,ais,joint,47.639641969153075,12.357261368265984,93.65377510170484
2111,ais,joint,48.81363937636647,13.15672098451834,95.09187125873287
2112,ais,joint,49.76074050557297,14.085944326989967,96.59189222151926
2113,ais,joint,50.85907073894003,14.941975077722956,98.00381682847393
2114,ais,joint,52.00166753952815,15.557089722318079,99.62638404720812
2115,ais,joint,53.07756799468574,16.487337991637887,101.33013181837579
2116,ais,joint,54.272870776955585,17.228873795339368,103.03213681350623
2117,ais,joint,55.39308669769124,18.34067274791932,104.66693138356075
2118,ais,joint,56.60803375002314,19.27833758711812,106.47572806044944
2119,ais,joint,57.770823518015455,20.53763950735435,108.20569117412292
2120,ais,joint,58.88895546356444,21.250831867232314,109.92979217675911
2121,ais,joint,60.140386213386066,21.928503930912413,111.65259218955141
2122,ais,joint,61.270009960387114,22.766708981418823,113.38048439881527
2123,ais,joint,62.395226031082146,23.57078574762745,115.12507330319339
2124,ais,joint,63.49112888993769,24.774937552282196,117.01039060565714
2125,ais,joint,64.56845264309209,25.880027412741562,118.89550371204322
2126,ais,joint,65.79700992318753,26.71353339311278,120.88466944951072
2127,ais,joint,66.97525716098967,27.536384070332243,122.64535762367287
2128,ais,joint,68.12504412242228,28.309612678813927,124.38407072497688
2129,ais,joint,69.30485254355253,28.94930329930366,126.13033645797037
2130,ais,joint,70.45905333672759,29.590422986342084,127.88996950897982
2131,ais,joint,71.63636737022327,30.55868008095129,129.64626421601653
2132,ais,joint,72.78664013804516,31.304635391709553,131.40874949650026
2133,ais,joint,73.95862892387797,32.24449857624799,133.37995773717688
2134,ais,joint,75.19763571198283,33.18503760633985,134.96697848720783
2135,ais,joint,76.5318971743399,33.987585045955086,136.68772287753592
2136,ais,joint,77.82316315519796,34.690385858256995,138.47844978349116
2137,ais,joint,79.0578152640872,35.48572447848399,140.29388416891618
2138,ais,joint,80.17080593236761,36.160277972236344,141.9781186510259
2139,ais,joint,81.36464137578659,37.00406632939171,143.7626021547037
2140,ais,joint,82.61177977210716,37.781672245561154,145.53916257562528
2141,ais,joint,83.8515636522141,38.542459326332455,147.2780838229165
2142,ais,joint,85.05006564843818,39.339306588662865,148.88144908636252
2143,ais,joint,86.2189523202328,40.06807709627339,150.58846012990068
2144,ais,joint,87.48507294916261,40.918924744579556,152.3011887447373
2145,ais,joint,88.76913660785122,41.632347833223555,154.01224314203486
2146,ais,joint,89.97032327100649,42.35540447019621,155.72575661118398
2147,ais,joint,91.27547992875782,43.13340604475713,157.4449898314428
2148,ais,joint,92.51537690262313,43.90752745235361,159.16294707324047
2149,ais,joint,93.68916418958312,44.80191431751685,160.88347606091293
2150,ais,joint,94.9239381860588,45.55693359117608,162.73974966594722
2151,ais,joint,96.20360483807666,46.23490443853985,164.66544741629787
2152,ais,joint,97.37725167623566,47.03305567323398,166.58304226211092
2153,ais,joint,98.52310247111069,47.768725625367416,168.2484194019505
2154,ais,joint,99.68758272232861,48.63410636190393,170.3847402089503
2155,ais,joint,100.95832886099237,49.457688968545376,172.28923002081478
2156,ais,joint,102.3730155340105,50.139403583775305,174.07275098262363
2157,ais,joint,103.66679664752988,50.879543717154405,176.1177777587422
2158,ais,joint,104.91944801248914,51.6646049851324,178.0407590719868
2159,ais,joint,106.13335861527548,52.6876420085957,179.97021480410808
2160,ais,joint,107.27109204335743,53.330100790408,181.83772143241055
2161,ais,joint,108.47270563473349,53.99343508585641,183.6522418371086
2162,ais,joint,109.85007117890427,54.770998145435264,185.31630032390464
2163,ais,joint,111.03464350120151,55.55276750313192,187.02966201245835
2164,ais,joint,112.28244309043575,56.41834800279634,188.73956406308452
2165,ais,joint,113.64640665417711,57.193178104492354,190.4535316294898
2166,ais,joint,114.89688762733843,58.01124225515169,192.1643128962555
2167,ais,joint,116.23037425385203,58.83658648284525,193.9417482264762
2168,ais,joint,117.48445010621717,59.663620116239116,195.99843569562972
2169,ais,joint,118.87849036680873,60.49418112357916,198.08667811862097
2170,ais,joint,120.19265442008589,61.34183610467877,200.06308827962758
2171,ais,joint,121.45093358521694,62.18055132149737,201.87721500050043
2172,ais,joint,122.68585331839265,63.00222621468319,203.7176322138016
2173,ais,joint,123.88922056282371,63.98291941998669,205.7005371233691
2174,ais,joint,125.15913651369581,64.69321705967438,207.78203458540756
2175,ais,joint,126.50571856197023,65.63220902779392,209.68980034452952
2176,ais,joint,127.78527550532822,66.36338745227425,211.63209672991175
2177,ais,joint,128.96830606327097,67.19405247317556,213.91542064077413
2178,ais,joint,130.25355190835302,67.93845080089898,216.01751943682837
2179,ais,joint,131.61246619722021,68.63960886597013,217.92412587448865
2180,ais,joint,132.90704463827254,69.35053856568626,220.03037263329713
2181,ais,joint,134.20986410706078,70.05960665653183,222.52442297613396
2182,ais,joint,135.43916418197838,70.83105235057938,224.4498599606029
2183,ais,joint,136.64453868327757,71.5574801022442,226.25021177655532
2184,ais,joint,137.90791000513696,72.30539438132327,228.424175314867
2185,ais,joint,139.2029598070099,73.01948459709496,230.24878969418518
2186,ais,joint,140.46541387946644,73.73198426593076,232.49419802584342
2187,ais,joint,141.82342074998792,74.4771888575858,234.9240945131475
2188,ais,joint,143.1117158046537,75.27735257847614,237.59931701300846
2189,ais,joint,144.31793702689887,76.07027193022549,239.79043061037038
2190,ais,joint,145.64917221174568,76.86667013266356,241.97634916206425
2191,ais,joint,146.9598923038148,77.6522121648843,244.4512285812237
2192,ais,joint,148.16944646308568,78.4785704624321,246.6600412529222
2193,ais,joint,149.46561835852637,79.25200601853275,248.66286482494004
2194,ais,joint,150.71012036340682,80.03503695887778,250.95517668231832
2195,ais,joint,152.0017501581794,80.83284936079012,252.8640873469076
2196,ais,joint,153.32262405457163,81.62122478424459,254.7873434703025
2197,ais,joint,154.71042529975443,82.41365305234096,256.70686399656523
2198,ais,joint,156.00300096227903,83.16791625450962,258.8637505441733
2199,ais,joint,157.30936858927595,83.91250411687618,261.1202369624429
2200,ais,joint,158.57944057580016,84.63867197061177,263.38915493852767
2201,ais,joint,159.74504174638435,85.35069894828743,265.42313637777704
2202,ais,joint,161.0672663338937,86.07226529547651,267.4332493171101
2203,ais,joint,162.4509175410197,86.78137099708508,269.3276595071325
2204,ais,joint,163.74074590558206,87.4971681992973,271.1193917331842
2205,ais,joint,165.1635443491346,88.4103585135168,272.91875029965416
2206,ais,joint,166.5893998013554,89.46198398938944,275.01003908218036
2207,ais,joint,167.9492667318117,90.26143294692218,277.1045651519202
2208,ais,joint,169.2734371743792,91.05659929858518,279.0407127499326
2209,ais,joint,170.56984672934504,91.8534676127565,280.923255404708
2210,ais,joint,171.86867569377165,92.61426923124154,282.91200780958985
2211,ais,joint,173.26675340022462,93.31036958647309,285.3847433036937
2212,ais,joint,174.6588315698462,94.01431809778384,287.99545933865045
2213,ais,joint,176.03269022856603,94.97620367130658,290.22225903109495
2214,ais,joint,177.3181737018266,95.76462069980303,292.2243852091498
2215,ais,joint,178.5790376676979,96.51090691586151,294.21991644814085
2216,ais,joint,180.02878333884476,97.2640984906169,296.21951215587546
2217,ais,joint,181.43723810908102,98.01079949954965,298.2196406679039
2218,ais,joint,182.74731798960423,98.75755258864523,300.27959229969656
2219,ais,joint,184.11372766542473,99.51167723714035,302.38703850240705
2220,ais,joint,185.46807312799302,100.2627951358021,304.4998147347904
2221,ais,joint,186.68272106124758,101.02047736973037,306.5850753125896
2222,ais,joint,187.97735254310828,101.77726033368877,308.64725129004273
2223,ais,joint,189.21184424757803,102.47110687794826,310.7100619167161
2224,ais,joint,190.47046841576093,103.16428589850443,312.9226806241195
2225,ais,joint,191.7700253690611,104.01513874458203,314.9002830353552
2226,ais,joint,193.08273293945595,104.81776622146647,317.155969440934
2227,ais,joint,194.50863830305485,105.57561723405075,319.2262479220317
2228,ais,joint,195.97369697716118,106.33099617396502,321.32822723586366
2229,ais,joint,197.34561173571453,107.09156605968114,323.48674955215415
2230,ais,joint,198.76513208934023,107.84882801842686,325.8501641120197
2231,ais,joint,200.2616695006855,108.59860097746781,328.28722273294755
2232,ais,joint,201.61681176035637,109.35092558025914,330.72934907588046
2233,ais,joint,202.90294343615466,110.10832003899083,333.0858170321811
2234,ais,joint,204.19988769630294,110.8787204662689,335.1997906472357
2235,ais,joint,205.6024031748493,111.64426889504006,337.31628386975217
2236,ais,joint,206.90587464237845,112.42506983372053,339.42168325863855
2237,ais,joint,208.30922015527818,113.1972354848924,341.4955216435725
2238,ais,joint,209.59601278339045,113.92269932493289,343.6323564287011
2239,ais,joint,210.878639666095,114.58609711470714,345.7786657533902
2240,ais,joint,212.17150982823853,115.26688603799211,347.94080021501844
2241,ais,joint,213.55267976564426,115.95336277019848,350.1219938973053
2242,ais,joint,214.8098618684507,116.63716831472088,352.28958783820303
2243,ais,joint,216.06155446748636,117.32000924030348,354.8992944284274
2244,ais,joint,217.37840969199698,118.01708475589597,357.2819454488053
2245,ais,joint,218.70381671077195,118.70153668993571,359.30631168480807
2246,ais,joint,220.081668487005,119.39029200539147,361.72819367247064
2247,ais,joint,221.45667699790286,120.0772622062026,364.0657033425223
2248,ais,joint,222.76835168723184,120.82272687318171,366.37324151424536
2249,ais,joint,224.0554737724077,121.56764570064531,368.6761033415946
2250,ais,joint,225.33666478983486,122.31986127574562,370.9611431452675
2251,ais,joint,226.64809594102633,123.06390128845706,373.2356598910288
2252,ais,joint,227.95835708760484,123.81482701042222,375.5118840492538
2253,ais,joint,229.2830459436775,124.61916497461118,377.78612214742157
2254,ais,joint,230.62646979637765,125.4209597911798,380.04535319909655
2255,ais,joint,231.89451960804587,126.0943774675385,382.34770184977793
2256,ais,joint,233.2097201238534,126.90503875485435,384.6636283477196
2257,ais,joint,234.50377585221287,127.58489371137391,386.92446088770106
2258,ais,joint,235.75408371858254,128.34701438588206,389.123233367354
2259,ais,joint,237.03882833772485,129.22497140872304,391.6180870780933
2260,ais,joint,238.35439671298823,130.10241881571505,394.02941203316686
2261,ais,joint,239.70883459461095,130.98098223802216,396.49122279028757
2262,ais,joint,241.0894541198549,131.81798248477077,399.3716607263339
2263,ais,joint,242.43375784548897,132.55615024082456,402.1960948995381
2264,ais,joint,243.82888017915258,133.2786168832621,404.48180607248395
2265,ais,joint,245.18242244709643,134.0165672643104,406.47169472645237
2266,ais,joint,246.58841139438948,134.75577304343338,408.46218519212846
2267,ais,joint,247.97766966706027,135.58946205919057,410.43668814911814
2268,ais,joint,249.24056357112386,136.42286550263117,412.40274401686133
2269,ais,joint,250.51397917744313,137.26048546635317,415.3605074166679
2270,ais,joint,251.80956865810646,138.0928881629734,417.7292914925188
2271,ais,joint,253.02736583417,138.92733434849583,419.8568466468038
2272,ais,joint,254.30579884436492,139.70336348125542,421.97627576818513
2273,ais,joint,255.58318977082925,140.39865059815335,424.1659939937693
2274,ais,joint,256.8150644880568,141.17506602834237,426.3242282613571
2275,ais,joint,258.09609410558767,141.66682205250183,428.59145259719435
2276,ais,joint,259.3748917405288,142.51035278917539,430.99137659007204
2277,ais,joint,260.7066567193117,143.1803289212375,433.34538808653605
2278,ais,joint,262.0379345838239,143.848059035502,436.13285033792096
2279,ais,joint,263.43026009190703,144.60383494111278,438.98181817314764
2280,ais,joint,264.7858902273603,145.36330888076088,441.2167089656482
2281,ais,joint,266.2430376899328,146.12797930989055,443.3318599224848
2282,ais,joint,267.659650418693,146.7998907344416,445.45321471596617
2283,ais,joint,269.0116346492746,147.2615863654887,448.0218972095303
2284,ais,joint,270.3155128408076,147.9947116159788,450.65466272974453
2285,ais,joint,271.66523846870996,148.7405753891861,452.94927038057506
2286,ais,joint,272.9784632471524,149.49479527758254,455.0165515695359
2287,ais,joint,274.32376899759754,150.24770467543826,458.05202309676355
2288,ais,joint,275.5916327416633,151.00998458232579,460.1190151677506
2289,ais,joint,276.8946074181854,151.76593521887204,462.26708150128127
2290,ais,joint,278.1592071456963,152.51468776399614,464.7245281256721
2291,ais,joint,279.43104675456186,153.26226857738962,467.2010047700404
2292,ais,joint,280.70815177526805,153.9983022174329,469.637084758274
2293,ais,joint,282.10793316997547,154.75080309132306,472.05300064853805
2294,ais,joint,283.51779680206624,155.52159075896972,474.45082692101454
2295,ais,joint,284.90477965475634,156.29755571835017,476.87243306972937
2296,ais,joint,286.23402512559755,157.05767348853976,479.29353083743916
2297,ais,joint,287.5483401459654,157.82935521110386,482.18258497628136
2298,ais,joint,288.8980973659789,158.6080013694018,484.5359483534241
2299,ais,joint,290.13809630133994,159.39031950201158,486.6450488624484
2300,ais,joint,291.5226912623387,160.15305455327194,489.08326362253104
1990,te,fixed,-1.4288379638848365,-1.5369499386463272,-1.2908702212659173
1991,te,fixed,-1.3154833420067058,-1.415018422586111,-1.1884610541497989
1992,te,fixed,-1.315194570426271,-1.414707801316205,-1.1882001661811463
1993,te,fixed,-1.4940371531212726,-1.6070823766341018,-1.3497738156295258
1994,te,fixed,-1.4800298434504835,-1.592015214168327,-1.3371190434362463
1995,te,fixed,-1.351547745812343,-1.4538116130089676,-1.221043100607908
1996,te,fixed,-1.2121377942576976,-1.3038533098952705,-1.095094490927405
1997,te,fixed,-1.072099523762581,-1.1532191465501016,-0.9685782324090266
1998,te,fixed,-0.9304926473410621,-1.000897689863573,-0.840644831618064
1999,te,fixed,-0.7824671865581514,-0.8416719913457207,-0.7069126211480276
2000,te,fixed,-0.6280952037084608,-0.6756195658317335,-0.5674467050012898
2001,te,fixed,-0.46898148604299605,-0.5044666256209177,-0.4236969131278874
2002,te,fixed,-0.31713821091543704,-0.34113424064100034,-0.2865155341920097
2003,te,fixed,-0.16369926012506886,-0.17608544437160017,-0.147892557084763
2004,te,fixed,-0.02745878868912066,-0.02953643776114576,-0.024807384410788523
2005,te,fixed,0.10215662567028871,0.09229244275134156,0.10988623169654284
2006,te,fixed,0.2205957631080694,0.19929516763356991,0.23728697945060614
2007,te,fixed,0.3413605667189007,0.3083989937486027,0.3671893632000224
2008,te,fixed,0.4650080975408609,0.4201071926525289,0.5001925935970407
2009,te,fixed,0.5969006388890253,0.5392642687778882,0.6420646871840701
2010,te,fixed,0.7365842156842942,0.6654600826087818,0.792317319191188
2011,te,fixed,0.8877945081822128,0.8020695993406625,0.9549688273758491
2012,te,fixed,1.0377524927411699,0.9375477302421553,1.1162732726614253
2013,te,fixed,1.1986417442915593,1.0829016115062582,1.2893360912240732
2014,te,fixed,1.3673231943865414,1.2352952812653821,1.470780699309215
2015,te,fixed,1.539321735694371,1.3906857458858677,1.6557933838767382
2016,te,fixed,1.7143617257726071,1.5488239787953115,1.8440776462013089
2017,te,fixed,1.886403678189188,1.7042536627737477,2.0291370265472324
2018,te,fixed,2.0611391780318042,1.8621168068433358,2.217093759606216
2019,te,fixed,2.2382091788600618,2.0220890338740785,2.4075616319527477
2020,te,fixed,2.4047764218994265,2.1725726431514203,2.5867320630587294
2021,te,fixed,2.5834838891339635,2.334024223807708,2.778961299504116
2022,te,fixed,2.765551857024416,2.498511817178461,2.9748053064185678
2023,te,fixed,2.9552118916430414,2.669858391836789,3.178815828212241
2024,te,fixed,3.151293244629288,2.847006246186408,3.3897335327100424
2025,te,fixed,3.351654552808734,3.028020785805385,3.6052550320662267
2026,te,fixed,3.5537519620586866,3.210603789609714,3.8226439933048932
2027,te,fixed,3.7471377707961633,3.3853163798574593,4.030662197178773
2028,te,fixed,3.9370883701273574,3.556925462472803,4.234985269050513
2029,te,fixed,4.1313359908140335,3.732416648621323,4.44393049324155
2030,te,fixed,4.325937085364883,3.908227177408262,4.653255936636993
2031,te,fixed,4.524831598086738,4.087916554465247,4.867199656534952
2032,te,fixed,4.722354637810712,4.266366887140026,5.079668131938274
2033,te,fixed,4.92599568447195,4.450344475646767,5.29871752877883
2034,te,fixed,5.136682730426594,4.640687705952521,5.525346055272593
2035,te,fixed,5.355698618987918,4.838555550784431,5.760933620129618
2036,te,fixed,5.579326626793128,5.040590171373527,6.0014822768445635
2037,te,fixed,5.806722438584664,5.246028779040547,6.246083825666235
2038,te,fixed,6.040486674142982,5.457220879269167,6.497535660360084
2039,te,fixed,6.277410406631811,5.671267397286834,6.752386052998386
2040,te,fixed,6.509707050295479,5.881133615419891,7.002259251535122
2041,te,fixed,6.745864031690685,6.094487419372774,7.25628487742164
2042,te,fixed,6.985191619884127,6.310705678220217,7.513721011740318
2043,te,fixed,7.230159269971656,6.5320193979451,7.777223959092512
2044,te,fixed,7.482036284109041,6.759575317643166,8.048159062449045
2045,te,fixed,7.739193585867124,6.991901663534796,8.324773982509635
2046,te,fixed,8.007344004418199,7.234159637410604,8.61321380546865
2047,te,fixed,8.281732789246828,7.482053604632465,8.908364016106244
2048,te,fixed,8.561057514765363,7.734406901051605,9.20882364175958
2049,te,fixed,8.844848547802385,7.990795240995876,9.51408751480837
2050,te,fixed,9.131579643162304,8.249839752596571,9.822513907835637
2051,te,fixed,9.420760353460585,8.51109734577644,10.133575264115827
2052,te,fixed,9.713408457815653,8.775487523508534,10.448366372276595
2053,te,fixed,10.007585175908261,9.04125871294629,10.764801755610277
2054,te,fixed,10.304536158380426,9.309536285447761,11.084221315999521
2055,te,fixed,10.605654519774998,9.58157883724545,11.408123576975541
2056,te,fixed,10.910031318948814,9.856565194011502,11.735530823031375
2057,te,fixed,11.223978700021732,10.140198002989777,12.073232802034147
2058,te,fixed,11.54627978827929,10.43137789016333,12.419920565338158
2059,te,fixed,11.872159582379478,10.725790925475224,12.77045781463309
2060,te,fixed,12.200596093162542,11.022513802430156,13.123745232700275
2061,te,fixed,12.53016385667225,11.320258699022348,13.478249498900524
2062,te,fixed,12.858349527985698,11.616754957417427,13.83126709791392
2063,te,fixed,13.190141586764495,11.916509372652563,14.188163959050588
2064,te,fixed,13.525632382623323,12.219605377118654,14.549039419490965
2065,te,fixed,13.864176520499537,12.525459894715844,14.913199250829166
2066,te,fixed,14.208140077583918,12.836210535630869,15.283188557748243
2067,te,fixed,14.55438903928547,13.149025903854666,15.655636192745742
2068,te,fixed,14.908453033836057,13.468901690011092,16.036490179311052
2069,te,fixed,15.270916120359667,13.796365556823055,16.426378768972658
2070,te,fixed,15.641576190607308,14.131234911493685,16.825084561109403
2071,te,fixed,16.01678287780889,14.470211864493653,17.228680986631478
2072,te,fixed,16.39622654341873,14.813016675790788,17.636834978420143
2073,te,fixed,16.781771569076042,15.161333703443855,18.05155198518156
2074,te,fixed,17.165834529007768,15.508311772754919,18.464674786803155
2075,te,fixed,17.553768586562455,15.85878714880852,18.88196158980523
2076,te,fixed,17.94374825731585,16.211110614868957,19.30144878582577
2077,te,fixed,18.337165514281672,16.56653973586496,19.724633670493876
2078,te,fixed,18.734829905866206,16.925805890690956,20.15238704610124
2079,te,fixed,19.136856075144387,17.289012652554852,20.58483223010681
2080,te,fixed,19.54993843836103,17.662208028856796,21.029170166842135
2081,te,fixed,19.973007829966782,18.04442609203599,21.48425079313211
2082,te,fixed,20.40411941615016,18.4339098002752,21.947982120743767
2083,te,fixed,20.840403998334104,18.82806700310278,22.417277855297755
2084,te,fixed,21.27389030767708,19.21969613264795,22.883563587752164
2085,te,fixed,21.705087210784388,19.609256919659746,23.347386687730133
2086,te,fixed,22.137632799551774,20.00003616404771,23.812660520677756
2087,te,fixed,22.57243440079058,20.392853581686783,24.28036106562294
2088,te,fixed,23.01125825658502,20.789304867377698,24.75238820605954
2089,te,fixed,23.455217701335137,21.190395852614056,25.229939516016998
2090,te,fixed,23.903783954217698,21.595648815333913,25.712446204859592
2091,te,fixed,24.35918414539167,22.007075835334806,26.202303916913483
2092,te,fixed,24.823883377816045,22.426903986702506,26.70216427534192
2093,te,fixed,25.291434974190295,22.849309079456262,27.205092819742855
2094,te,fixed,25.76302994826109,23.275367123764866,27.71237068104305
2095,te,fixed,26.239783458749294,23.70608559928741,28.225197395628665
2096,te,fixed,26.713883572848527,24.13440688879564,28.73516994653701
2097,te,fixed,27.1825515546887,24.55782056949978,29.23929934688994
2098,te,fixed,27.654108086689064,24.983843883681367,29.746535857428682
2099,te,fixed,28.129083156870564,25.412955644033783,30.257449567328422
2100,te,fixed,28.607646137720806,25.845308868538122,30.772222664521593
2101,te,fixed,29.09071665942066,26.28173438843283,31.29184436233104
2102,te,fixed,29.58003000401804,26.723799927964993,31.81818124164592
2103,te,fixed,30.076485937449398,27.172318372208238,32.352201148531194
2104,te,fixed,30.570289469753632,27.618440529597127,32.8833679623068
2105,te,fixed,31.065176057499457,28.065541163239363,33.41569978011825
2106,te,fixed,31.560991065487208,28.513480569418036,33.949030266407135
2107,te,fixed,32.05607869699885,28.960762834159823,34.48157833981324
2108,te,fixed,32.546321676495495,29.403668243599167,35.008915194169035
2109,te,fixed,33.03679455851373,29.84678135630958,35.5364993464518
2110,te,fixed,33.526284418270166,30.289006366802187,36.06302609681555
2111,te,fixed,34.01900073695397,30.734146291270182,36.59302343375092
2112,te,fixed,34.51313788515125,31.180569850800225,37.12454910622101
2113,te,fixed,35.01065072836366,31.630043150245665,37.65970589318938
2114,te,fixed,35.5148356546415,32.08554428039039,38.20203960148635
2115,te,fixed,36.01725405852032,32.5394494624866,38.74247312476484
2116,te,fixed,36.52233986900568,32.99576448799642,39.28577588201099
2117,te,fixed,37.027260938812184,33.4519306800892,39.828901433595846
2118,te,fixed,37.52747406014812,33.90384352041116,40.36696281324808
2119,te,fixed,38.024748538446005,34.353101471316236,40.90186319959581
2120,te,fixed,38.52169899164895,34.802066684796515,41.43641504372786
2121,te,fixed,39.01871239935996,35.25108877393506,41.971034605774584
2122,te,fixed,39.516422449207475,35.70074023786041,42.50640352087324
2123,te,fixed,40.018126153042054,36.1539997309229,43.04606826685373
2124,te,fixed,40.52424571556332,36.611248689987846,43.59048299422407
2125,te,fixed,41.03246889386608,37.07039814094759,44.13716050591849
2126,te,fixed,41.53704786976937,37.526255271520654,44.67991807931627
2127,te,fixed,42.04416944889829,37.98440949306655,45.225410640144716
2128,te,fixed,42.54987317493399,38.441282768569266,45.76937806706734
2129,te,fixed,43.052782329551164,38.895631314804874,46.310339473378235
2130,te,fixed,43.54952338785176,39.34440735242985,46.8446660788965
2131,te,fixed,44.047818839943034,39.79458769250702,47.38066469026959
2132,te,fixed,44.54443456523253,40.24325049920177,47.91485647954655
2133,te,fixed,45.04347738941905,40.6941060455699,48.45165901237539
2134,te,fixed,45.544865623262126,41.147080530235336,48.99098441855924
2135,te,fixed,46.05099238323253,41.60433599176804,49.535406887968435
2136,te,fixed,46.556032406984514,42.060609651684175,50.07866039406166
2137,te,fixed,47.06184902030188,42.51758491413989,50.62274924979917
2138,te,fixed,47.566780960112304,42.97376092663549,51.16588649385883
2139,te,fixed,48.06653972158546,43.42526327981234,51.70345913484308
2140,te,fixed,48.567822909511605,43.878142861732016,52.24267154688788
2141,te,fixed,49.06485683698149,44.32718348925374,52.77731318130596
2142,te,fixed,49.56149638146046,44.77586781517122,53.31153059203386
2143,te,fixed,50.05675916349372,45.223308318004605,53.844267068597134
2144,te,fixed,50.55076669431088,45.66961477593154,54.37565331628326
2145,te,fixed,51.04477664136287,46.11592341678311,54.907042163026865
2146,te,fixed,51.539278211044234,46.562676209475825,55.43895983066488
2147,te,fixed,52.03383052050254,47.00947484254285,55.9709320772678
2148,te,fixed,52.52661170804084,47.45467337216737,56.50099919131187
2149,te,fixed,53.019711045646346,47.90015933147816,57.03140852801424
2150,te,fixed,53.51164827443327,48.34459539450559,57.56056782578809
2151,te,fixed,54.002527820478704,48.788075904006995,58.08858941203289
2152,te,fixed,54.490713347754834,49.22912252758659,58.61371313855751
2153,te,fixed,54.97837181366382,49.66969298253068,59.138269924003886
2154,te,fixed,55.4631472366661,50.107658779473674,59.65972552322021
2155,te,fixed,55.949137182880975,50.54672182599137,60.182487541655696
2156,te,fixed,56.435840295996854,50.986429176438925,60.70601668824179
2157,te,fixed,56.92566635617108,51.42895792403726,61.23290507738093
2158,te,fixed,57.41831287040547,51.8740347843319,61.76282732816451
2159,te,fixed,57.911200101168355,52.31932911771042,62.29300850911584
2160,te,fixed,58.40330607981491,52.76391763621156,62.822349325083465
2161,te,fixed,58.89329734196031,53.206595633977145,63.349415416079566
2162,te,fixed,59.37475409097095,53.641563206112174,63.86730123627492
2163,te,fixed,59.85553964160145,54.0759243903828,64.38446507235784
2164,te,fixed,60.33172870807441,54.50613292426796,64.8966846346865
2165,te,fixed,60.80786050254654,54.936289716302575,65.40884259157048
2166,te,fixed,61.281855640678586,55.36451616626047,65.91870222358219
2167,te,fixed,61.75455891149059,55.79157549083719,66.42717224008227
2168,te,fixed,62.230535528591666,56.22159208933525,66.9391632782134
2169,te,fixed,62.71251090710485,56.65702821241702,67.45760696963158
2170,te,fixed,63.20061914785107,57.09800501220799,67.9826475617978
2171,te,fixed,63.68525429245552,57.53584407595169,68.50395226855439
2172,te,fixed,64.1676380954849,57.97164918632167,69.0228352876297
2173,te,fixed,64.63904983229068,58.39754168664639,69.52991604715186
2174,te,fixed,65.10864814808104,58.82179586880871,70.03504617448979
2175,te,fixed,65.57373656596866,59.24197562612315,70.5353251658136
2176,te,fixed,66.03312417923325,59.65700504511293,71.02947200532101
2177,te,fixed,66.49095068643638,60.07062409751261,71.52193961882378
2178,te,fixed,66.94840483231438,60.48390674357487,72.01400669655533
2179,te,fixed,67.4056975992307,60.89704359333186,72.50590018470464
2180,te,fixed,67.86666170774919,61.31349728213298,73.00174280382105
2181,te,fixed,68.32991260139715,61.73201694545373,73.50004523598368
2182,te,fixed,68.79281175938937,62.150218836504095,73.99796931867057
2183,te,fixed,69.25217049475421,62.565222166026935,74.49208509525315
2184,te,fixed,69.70620519690274,62.97541554780927,74.98047399955773
2185,te,fixed,70.15846416742343,63.3840046615519,75.46695281280547
2186,te,fixed,70.60634498269032,63.78863837210393,75.9487222008988
2187,te,fixed,71.04946511330037,64.1889710868736,76.42537069062844
2188,te,fixed,71.49137157552087,64.5882073243504,76.90071368064153
2189,te,fixed,71.93160825345835,64.98593501091986,77.37426054337058
2190,te,fixed,72.37148229489034,65.38333507694877,77.84741733096944
2191,te,fixed,72.81535219733499,65.78434516603133,78.32487232346867
2192,te,fixed,73.26098958260087,66.18695207084681,78.80422853407822
2193,te,fixed,73.70405060092148,66.58723138117449,79.28081343883045
2194,te,fixed,74.14530586719248,66.98587930179478,79.75545596063095
2195,te,fixed,74.5857308853563,67.38377714257051,80.22920541421122
2196,te,fixed,75.0165443026695,67.77299147294805,80.6926160122242
2197,te,fixed,75.44788669236743,68.16268369845194,81.1565956069288
2198,te,fixed,75.87278750601094,68.54655634264789,81.61364622845944
2199,te,fixed,76.29612596922803,68.92901749604391,82.06901628546653
2200,te,fixed,76.71762742636193,69.30981902356983,82.52241034067482
2201,te,fixed,77.13625156509264,69.6880210648435,82.97270936729691
2202,te,fixed,77.55879287748272,70.06976203982148,83.42722195764533
2203,te,fixed,77.98572421816078,70.45546914457117,83.88645674454678
2204,te,fixed,78.41454264447489,70.84288111909201,84.34772140203245
2205,te,fixed,78.8407430552691,71.22792787211202,84.80616995377741
2206,te,fixed,79.26438142167447,71.61065997022311,85.26186260592718
2207,te,fixed,79.67654363186097,71.98302404292336,85.70521076692937
2208,te,fixed,80.08797195879296,72.354725095699,86.14776951593981
2209,te,fixed,80.49006957284473,72.71799640367169,86.58029155053526
2210,te,fixed,80.89078842520584,73.08002208236124,87.01133050044972
2211,te,fixed,81.28979622909358,73.44050193039875,87.44052893666522
2212,te,fixed,81.68678477793557,73.7991575014548,87.86755533238545
2213,te,fixed,82.08425337272743,74.15824676550977,88.29509809637966
2214,te,fixed,82.48119815980336,74.51686280040984,88.72207741913195
2215,te,fixed,82.874949265845,74.87259353421378,89.14562141332094
2216,te,fixed,83.26561015620437,75.22553244172084,89.56584137292845
2217,te,fixed,83.65318043895866,75.57567916885208,89.98273687637712
2218,te,fixed,84.03966728022112,75.9248470709565,90.39846696052949
2219,te,fixed,84.42280017344787,76.27098488024957,90.81058932263221
2220,te,fixed,84.80415760459138,76.6155186650205,91.22080188361758
2221,te,fixed,85.18442194175722,76.95906490431706,91.62983864247258
2222,te,fixed,85.56230185170594,77.30045695526817,92.03631055817694
2223,te,fixed,85.93714123728844,77.6391020730746,92.43951189047277
2224,te,fixed,86.31015371993459,77.97609669260389,92.84074808856384
2225,te,fixed,86.68283311484569,78.31279038715142,93.2416259960811
2226,te,fixed,87.0544999550819,78.64856929870024,93.6414147347179
2227,te,fixed,87.42423059674275,78.98259896985475,94.03912077373667
2228,te,fixed,87.79254449208894,79.31534869487477,94.43530286937181
2229,te,fixed,88.1594736837734,79.64684742239378,94.82999548876
2230,te,fixed,88.52268715792914,79.97498921985512,95.2206912435826
2231,te,fixed,88.8844744668673,80.30184256176273,95.60985292344425
2232,te,fixed,89.24461581758018,80.62720887819076,95.99724410486083
2233,te,fixed,89.60091016943073,80.9490996596749,96.38049720707252
2234,te,fixed,89.95294480792317,81.26714204318527,96.75916828784453
2235,te,fixed,90.30194562538777,81.58244354961893,97.13457599574959
2236,te,fixed,90.64809434553246,81.8951683555509,97.5069158044865
2237,te,fixed,90.99278669938934,82.20657742105621,97.8776890520504
2238,te,fixed,91.34266734270648,82.5226737978822,98.25404315718471
2239,te,fixed,91.69321273316079,82.83937073425783,98.63111230705994
2240,te,fixed,92.04047697578751,83.15310334848549,99.00465204346789
2241,te,fixed,92.384044517288,83.46349621284548,99.37421537057486
2242,te,fixed,92.72540709681252,83.77189702504437,99.74140689887794
2243,te,fixed,93.06393811866651,84.07773969309466,100.10555262177978
2244,te,fixed,93.39488153493849,84.37672741023789,100.46153662849784
2245,te,fixed,93.7221388608929,84.67238496374875,100.81355563958265
2246,te,fixed,94.04535232788967,84.964389130914,101.16122481609288
2247,te,fixed,94.3661762038434,85.25423444452377,101.50632359490939
2248,te,fixed,94.6861761485209,85.54333538517055,101.85053610029503
2249,te,fixed,95.01084182875255,85.83665154072578,102.19976737068757
2250,te,fixed,95.33720589715651,86.13150208910318,102.55082553654567
2251,te,fixed,95.66176904830621,86.42472561572353,102.89994652006861
2252,te,fixed,95.98115211843633,86.71326924686174,103.24349547554745
2253,te,fixed,96.29475821380125,86.99659372447667,103.58083034570986
2254,te,fixed,96.60194904149586,87.2741223888459,103.91126454168705
2255,te,fixed,96.90385299232989,87.54687467403474,104.23601183315026
2256,te,fixed,97.20384627231483,87.81790078161349,104.55870388425839
2257,te,fixed,97.50048829994992,88.0858992317729,104.87779111296979
2258,te,fixed,97.79405234903123,88.35111691115412,105.19356747014162
2259,te,fixed,98.08591030486951,88.6147932366395,105.50750864377859
2260,te,fixed,98.37752078844004,88.8782459856319,105.82118362034048
2261,te,fixed,98.66720315615319,89.13995679648549,106.13278459157529
2262,te,fixed,98.95766316245312,89.40237015760717,106.44522204084917
2263,te,fixed,99.24548778839053,89.66240260912423,106.75482470564164
2264,te,fixed,99.53052149979163,89.91991363515001,107.0614252833999
2265,te,fixed,99.81370783841425,90.17575566961231,107.3660387082757
2266,te,fixed,100.09203975065702,90.42721201821416,107.66543040016617
2267,te,fixed,100.36785862879319,90.6763979897857,107.96211891107073
2268,te,fixed,100.64250838300543,90.92452772734298,108.25754983714863
2269,te,fixed,100.91467391992695,91.1704131221512,108.55030857945965
2270,te,fixed,101.18536494941375,91.41496638708426,108.84148124681424
2271,te,fixed,101.45546467253756,91.65898544184448,109.13201786704433
2272,te,fixed,101.72576855030233,91.90318893819517,109.4227740891263
2273,te,fixed,101.99482046135064,92.14626135698971,109.71218361535
2274,te,fixed,102.26217311981333,92.38779860201605,109.99976531628967
2275,te,fixed,102.52778505887272,92.62776321046766,110.28547458757127
2276,te,fixed,102.7933065753015,92.86764612744406,110.5710865944604
2277,te,fixed,103.05668018136019,93.10558853499614,110.85438817091935
2278,te,fixed,103.31645839627437,93.34028272023085,111.13382231360441
2279,te,fixed,103.57477325986846,93.57365485447717,111.41168238156685
2280,te,fixed,103.83123094019636,93.80534913396713,111.68754474385574
2281,te,fixed,104.08744712212956,94.03682523400353,111.96314733495132
2282,te,fixed,104.34181325548046,94.26662992504667,112.23675989489792
2283,te,fixed,104.5964480249677,94.49667731288082,112.51066141713672
2284,te,fixed,104.84899122926157,94.7248350958107,112.78231311743846
2285,te,fixed,105.09831953770254,94.95008841131613,113.05050666915461
2286,te,fixed,105.34471961803303,95.17269624667301,113.31555043053169
2287,te,fixed,105.59152488307176,95.3956701423441,113.58103003462026
2288,te,fixed,105.83719089428234,95.61761478985801,113.8452841840768
2289,te,fixed,106.08236025169118,95.83911074016542,114.10900410078658
2290,te,fixed,106.32451670866206,96.05788471390633,114.36948314816036
2291,te,fixed,106.56530665931626,96.27542413036647,114.62849229352098
2292,te,fixed,106.80401592321678,96.49108376994639,114.88526331849341
2293,te,fixed,107.04272628491913,96.706744401325,115.142035524332
2294,te,fixed,107.28069199457259,96.92173228381301,115.39800673457157
2295,te,fixed,107.5181061478126,97.13622186784627,115.65338465528687
2296,te,fixed,107.75680004160276,97.35186762144453,115.91013914718084
2297,te,fixed,107.99685625627765,97.56874415103442,116.16835903896835
2298,te,fixed,108.23815324518577,97.78674164643674,116.42791358725984
2299,te,fixed,108.47693756854356,98.00246909777744,116.68476535100821
2300,te,fixed,108.71537271782921,98.21788109108638,116.94124152068483
1990,te,joint,-1.4288379638848365,-1.5369499386463272,-1.2908702212659173
1991,te,joint,-1.3154833420067058,-1.415018422586111,-1.1884610541497989
1992,te,joint,-1.315194570426271,-1.414707801316205,-1.1882001661811463
1993,te,joint,-1.4940371531212726,-1.6070823766341018,-1.3497738156295258
1994,te,joint,-1.4800298434504835,-1.592015214168327,-1.3371190434362463
1995,te,joint,-1.351547745812343,-1.4538116130089676,-1.221043100607908
1996,te,joint,-1.2121377942576976,-1.3038533098952705,-1.095094490927405
1997,te,joint,-1.072099523762581,-1.1532191465501016,-0.9685782324090266
1998,te,joint,-0.9304926473410621,-1.000897689863573,-0.840644831618064
1999,te,joint,-0.7824671865581514,-0.8416719913457207,-0.7069126211480276
2000,te,joint,-0.6280952037084608,-0.6756195658317335,-0.5674467050012898
2001,te,joint,-0.46898148604299605,-0.5044666256209177,-0.4236969131278874
2002,te,joint,-0.31713821091543704,-0.34113424064100034,-0.2865155341920097
2003,te,joint,-0.16369926012506886,-0.17608544437160017,-0.147892557084763
2004,te,joint,-0.02745878868912066,-0.02953643776114576,-0.024807384410788523
2005,te,joint,0.10215662567028871,0.09229244275134156,0.10988623169654284
2006,te,joint,0.2205957631080694,0.19929516763356991,0.23728697945060614
2007,te,joint,0.3413605667189007,0.3083989937486027,0.3671893632000224
2008,te,joint,0.4650080975408609,0.4201071926525289,0.5001925935970407
2009,te,joint,0.5969006388890253,0.5392642687778882,0.6420646871840701
2010,te,joint,0.7365842156842942,0.6654600826087818,0.792317319191188
2011,te,joint,0.8877945081822128,0.8020695993406625,0.9549688273758491
2012,te,joint,1.0377524927411699,0.9375477302421553,1.1162732726614253
2013,te,joint,1.1986417442915593,1.0829016115062582,1.2893360912240732
2014,te,joint,1.3673231943865414,1.2352952812653821,1.470780699309215
2015,te,joint,1.534857903373642,1.1272084808689715,1.9223721396817661
2016,te,joint,1.708653336732034,1.261745871048477,2.13799935613478
2017,te,joint,1.8783117002763323,1.3780677647206414,2.3612891143753716
2018,te,joint,2.046409261410445,1.5096112357621272,2.5803407606329896
2019,te,joint,2.218766017219924,1.6323360464883514,2.801266925894213
2020,te,joint,2.3869989461338954,1.7615921891492246,3.0109860095275125
2021,te,joint,2.5618964232878865,1.8935501295063768,3.2389081774854955
2022,te,joint,2.741511660732525,2.028126541513416,3.458973561306988
2023,te,joint,2.923356894275887,2.1602098320203167,3.7045063076755707
2024,te,joint,3.117607036787959,2.308240065723013,3.9604112341084354
2025,te,joint,3.314575606404369,2.4557617461790793,4.223178131958882
2026,te,joint,3.514013377381075,2.599633446298256,4.499123400928371
2027,te,joint,3.7122017034203685,2.7300506084089076,4.747105214948122
2028,te,joint,3.901351009396179,2.8587163568448064,4.993395771432145
2029,te,joint,4.096645011756712,3.0161197602634426,5.2380757162933
2030,te,joint,4.296653291652731,3.1394152798534933,5.495866332340059
2031,te,joint,4.500809700127327,3.2828129001692408,5.743569227762401
2032,te,joint,4.687506429245929,3.4104763808146985,6.0014236638595255
2033,te,joint,4.888278173679349,3.5646482606108143,6.268037014631689
2034,te,joint,5.100030538052215,3.7164354057486593,6.517930537426238
2035,te,joint,5.322545108986955,3.886224910155177,6.812411972575948
2036,te,joint,5.535730127644745,4.039896173060959,7.092573313978367
2037,te,joint,5.7614470256685255,4.216059977350838,7.369415081157794
2038,te,joint,5.994319088845359,4.377839954785591,7.675890608921477
2039,te,joint,6.232215280573319,4.547404758802271,7.9810455633276
2040,te,joint,6.458990257820371,4.732910656731766,8.28909807224034
2041,te,joint,6.702893151150361,4.924244773681027,8.602160832883298
2042,te,joint,6.933719248809246,5.08606746750964,8.906956574688525
2043,te,joint,7.168648901916985,5.286866924005954,9.226165395185037
2044,te,joint,7.417203975612566,5.4511057047860865,9.57308961677897
2045,te,joint,7.679001556555326,5.617036360362797,9.915708942353042
2046,te,joint,7.946948464463546,5.841172860858417,10.241768501753338
2047,te,joint,8.216859489317699,6.045841591843717,10.60488974798757
2048,te,joint,8.490142987678997,6.273343942255289,10.967552706018608
2049,te,joint,8.767801949301301,6.4391654157112574,11.309489039063022
2050,te,joint,9.06218457962585,6.649934733583155,11.6454283879505
2051,te,joint,9.330950797895058,6.838529379206866,12.028453702878029
2052,te,joint,9.618346750302981,7.052757541377385,12.426378429396781
2053,te,joint,9.908737185659795,7.253652216949135,12.79392611683446
2054,te,joint,10.204366429151317,7.487132826031825,13.17396505404331
2055,te,joint,10.502130783034476,7.710892488409109,13.57404176009723
2056,te,joint,10.810193673025754,7.938612538399265,13.998270364072265
2057,te,joint,11.12339405935315,8.143291704881909,14.403694396011927
2058,te,joint,11.439812590348442,8.382180065865514,14.798683114367847
2059,te,joint,11.750025982110735,8.636341147176788,15.244265733552453
2060,te,joint,12.073411690212787,8.8715573960319,15.670696291031197
2061,te,joint,12.402202408340425,9.102564809530442,16.088322664888462
2062,te,joint,12.73748382479707,9.31555774600052,16.487900388767425
2063,te,joint,13.065364253108966,9.556545337721786,16.9452202605633
2064,te,joint,13.388022591552142,9.791540449873423,17.4153712354382
2065,te,joint,13.726469385279545,10.041467176099337,17.841743486806877
2066,te,joint,14.052881683392009,10.285685074201904,18.290952952179936
2067,te,joint,14.389128828168111,10.530755505175746,18.760582097278537
2068,te,joint,14.733753162622303,10.7706268994953,19.229555267968006
2069,te,joint,15.110792191228683,11.029014306186014,19.742497712812764
2070,te,joint,15.474674727477636,11.283932521219489,20.22673154990605
2071,te,joint,15.829669032620878,11.544541646305742,20.706784265681385
2072,te,joint,16.208608752747608,11.821025206884869,21.197326112729314
2073,te,joint,16.588411908710192,12.092605826946649,21.740839206603237
2074,te,joint,16.956614831239353,12.34906327986251,22.26889795544897
2075,te,joint,17.339618194997996,12.605603297017716,22.78411752913411
2076,te,joint,17.716062234111355,12.848500821259085,23.328773041853495
2077,te,joint,18.109596769155175,13.10874813973706,23.84910749892949
2078,te,joint,18.502456881162963,13.360073495095833,24.399402097942776
2079,te,joint,18.887836169419984,13.651348521534754,24.932001597616402
2080,te,joint,19.279722162647026,13.898434773288184,25.45785816256758
2081,te,joint,19.703157682181526,14.195801207410803,26.029205634984034
2082,te,joint,20.13290531909287,14.481499302736426,26.598098965669763
2083,te,joint,20.569678022503773,14.781546293667471,27.19127352725683
2084,te,joint,21.00696791805533,15.077192128367397,27.801646535261707
2085,te,joint,21.42744879185522,15.373832050835656,28.42950918172309
2086,te,joint,21.86893226127014,15.69507213618014,29.076040050769528
2087,te,joint,22.29590922149673,16.02350975008319,29.70804104248205
2088,te,joint,22.719964702455414,16.338561759355105,30.37221546026256
2089,te,joint,23.156923250755874,16.644574340381165,30.993992104368772
2090,te,joint,23.589252154988927,16.970332344495773,31.60943490015977
2091,te,joint,24.019448192192005,17.278418471326194,32.25406277945442
2092,te,joint,24.46945364781675,17.582573806576903,32.941397697799786
2093,te,joint,24.911854396520162,17.884798223699228,33.585612435613356
2094,te,joint,25.356391549343776,18.197749014698555,34.22379583623425
2095,te,joint,25.85189219946846,18.534201715064473,34.86726779091142
2096,te,joint,26.31540358100407,18.83299506227623,35.50393081717046
2097,te,joint,26.784016643675734,19.1479156631658,36.173640128076066
2098,te,joint,27.234849548325478,19.440660817062604,36.847673348167945
2099,te,joint,27.688874728899645,19.72258492474644,37.51810390833314
2100,te,joint,28.1479287773132,20.054204969882043,38.11337520277681
2101,te,joint,28.607824848790635,20.356847435375713,38.84224049345211
2102,te,joint,29.06863288660785,20.671514656532505,39.57746781227818
2103,te,joint,29.559246818533918,20.99293527962618,40.25162225175944
2104,te,joint,30.029695776324832,21.295504343307933,40.901581637986595
2105,te,joint,30.534557135179583,21.60006838328058,41.62910656075629
2106,te,joint,30.99372897934595,21.935218927160392,42.31251335482397
2107,te,joint,31.48043912200899,22.26190385305773,42.99411585940691
2108,te,joint,31.954493449937615,22.58894181243787,43.65756828920787
2109,te,joint,32.42830761535526,22.87194417098704,44.325825556749884
2110,te,joint,32.90025226024491,23.1657225742658,45.03810817152135
2111,te,joint,33.378644354902846,23.468950726803918,45.766527599728384
2112,te,joint,33.85452001194304,23.791666150774653,46.482299073202014
2113,te,joint,34.35211798208434,24.127293425892958,47.1648615421637
2114,te,joint,34.849617351004625,24.444391853466495,47.83763743112115
2115,te,joint,35.330540268594504,24.754770352661716,48.53111076504094
2116,te,joint,35.7975702604233,25.06859186076494,49.20783250187346
2117,te,joint,36.28496510360086,25.331935937292336,49.94026699739382
2118,te,joint,36.756993487984246,25.62096152180343,50.68706005112218
2119,te,joint,37.22947947572711,25.93169443929107,51.35887835610666
2120,te,joint,37.72107293506704,26.261638885921258,52.02396034008205
2121,te,joint,38.20759176429616,26.56998462288329,52.68188488064872
2122,te,joint,38.67645929902042,26.87128023868094,53.356792992961694
2123,te,joint,39.17654801818711,27.182298010884285,54.032654482707834
2124,te,joint,39.66970671025119,27.50743638274821,54.709229803445886
2125,te,joint,40.16930387387461,27.830478901789487,55.38078035217331
2126,te,joint,40.664087764172166,28.15871937448144,56.081559225207876
2127,te,joint,41.14724860124355,28.490014985881444,56.80203138733429
2128,te,joint,41.655767395265016,28.831335842856298,57.53061687545665
2129,te,joint,42.168218133422954,29.1407937965989,58.20735705275278
2130,te,joint,42.64412276677882,29.448162591665444,58.92185712813326
2131,te,joint,43.16715948846576,29.722415977947627,59.6953203846046
2132,te,joint,43.65511570463876,30.002693820564595,60.45522485239518
2133,te,joint,44.12493003548027,30.286863099035006,61.18300140023425
2134,te,joint,44.61633635316224,30.569437694325824,61.93878082160692
2135,te,joint,45.095786267880925,30.860679627205382,62.70067088303138
2136,te,joint,45.60242078355493,31.179732591387406,63.37540092522761
2137,te,joint,46.110626174574946,31.453563663279006,64.06150973591423
2138,te,joint,46.60031018353307,31.755187733858666,64.85736918105859
2139,te,joint,47.09809484537647,32.03898221138987,65.56652424538369
2140,te,joint,47.58484130658056,32.31352417409991,66.22299244707459
2141,te,joint,48.0571881324086,32.58120512935365,66.86002036737715
2142,te,joint,48.54186300452232,32.88293905886279,67.50049210970901
2143,te,joint,49.003949020107,33.14708507328205,68.15067638446112
2144,te,joint,49.452845789053185,33.4431696679006,68.8433651679922
2145,te,joint,49.92597069687589,33.771791357857744,69.56108250341543
2146,te,joint,50.398390381895084,34.132988382420336,70.26900154002936
2147,te,joint,50.871483142849556,34.415576128223705,70.96870841538362
2148,te,joint,51.34582353528629,34.673753492126075,71.67307194729264
2149,te,joint,51.83383332112613,34.91087189730193,72.37507730131394
2150,te,joint,52.32721660730738,35.19893401441752,73.09037196073446
2151,te,joint,52.78499898049633,35.50661080088077,73.80014516793034
2152,te,joint,53.278304884496606,35.82331204263325,74.51991919869981
2153,te,joint,53.760846528943176,36.09326160904968,75.22554514616014
2154,te,joint,54.22810104870875,36.39470841517241,75.93065115603866
2155,te,joint,54.707111511407476,36.69579946114402,76.62101192462923
2156,te,joint,55.16413851703884,36.98353378133101,77.37890984570507
2157,te,joint,55.633136827492024,37.26699416197489,78.10866820694739
2158,te,joint,56.0884606654769,37.55757630797522,78.84300232367765
2159,te,joint,56.567830546368086,37.85673763372758,79.57751547556714
2160,te,joint,57.03910578763007,38.15005466672526,80.24039587187539
2161,te,joint,57.50555962950755,38.453473863511796,80.99594340543055
2162,te,joint,57.9530143547631,38.75769597333698,81.72296426841456
2163,te,joint,58.42228933761983,39.02177524069325,82.43877561279906
2164,te,joint,58.884803203390604,39.28772662217942,83.14163936185533
2165,te,joint,59.34827875125119,39.569919186889685,83.84818341537704
2166,te,joint,59.78952419140494,39.81151490694312,84.55135017417373
2167,te,joint,60.23479372976188,40.07094341466389,85.2942527384823
2168,te,joint,60.67909980994946,40.33187601818747,85.99315534417265
2169,te,joint,61.13923458728588,40.61359589298102,86.74407564758636
2170,te,joint,61.594068784833055,40.90728901532019,87.4701317959077
2171,te,joint,62.05324358641376,41.20712718953433,88.16581240805358
2172,te,joint,62.50829699971996,41.49575993099298,88.87137250124806
2173,te,joint,62.95032879562031,41.73617422520105,89.531335119701
2174,te,joint,63.40635649946093,41.97894223161504,90.23101703391282
2175,te,joint,63.83427044659706,42.234665321295935,90.91765683843873
2176,te,joint,64.23791166657546,42.51473754714269,91.5718023247245
2177,te,joint,64.67786234060458,42.8017856913963,92.22500481312635
2178,te,joint,65.12718326373042,43.035808900087524,92.91615961664289
2179,te,joint,65.56735790225756,43.26041857891877,93.56108607965993
2180,te,joint,66.0151266966146,43.467189899586984,94.25149504202183
2181,te,joint,66.44989428384187,43.766408882203585,95.04452144655869
2182,te,joint,66.90321154772398,43.965418629863194,95.80430349248465
2183,te,joint,67.28632506483513,44.17709575045904,96.4492047976711
2184,te,joint,67.73722827784158,44.39703121046865,97.09940656287962
2185,te,joint,68.2038453665101,44.64836633548927,97.80909726357264
2186,te,joint,68.63508941059976,44.9243449276332,98.46204652235674
2187,te,joint,69.0966745257563,45.22077773232454,99.11193956131338
2188,te,joint,69.56879752625028,45.44332878253452,99.74440484188851
2189,te,joint,70.01698908161637,45.55690669233559,100.41912153129114
2190,te,joint,70.42077638047893,45.76880665835531,101.10046481377337
2191,te,joint,70.85016249697333,45.98078102917411,101.77326817312799
2192,te,joint,71.25665001481492,46.22362798609007,102.37859555892446
2193,te,joint,71.67130384215506,46.43420658503349,102.9998223569184
2194,te,joint,72.07318903780781,46.66408426676302,103.62165559191212
2195,te,joint,72.49223954477253,46.89626900527334,104.23864406883997
2196,te,joint,72.88162870194294,47.10570488696626,104.88881345168241
2197,te,joint,73.31060973459083,47.340190370842016,105.52850186132628
2198,te,joint,73.68936780491062,47.670177405093256,106.18744620178929
2199,te,joint,74.10082072356428,47.9407267526845,106.80754789226887
2200,te,joint,74.51721304586594,48.178264333400016,107.43637970670584
2201,te,joint,74.93291014359183,48.39100986436862,108.0749632753417
2202,te,joint,75.33842162080785,48.58911334170338,108.66826419184679
2203,te,joint,75.72360086745752,48.83336098494913,109.29246236025993
2204,te,joint,76.1305314861777,49.05793491149945,109.94091713721667
2205,te,joint,76.51672653732331,49.25472467280125,110.57477937049954
2206,te,joint,76.88810989735114,49.50030159608602,111.2705238756995
2207,te,joint,77.24083034890961,49.77218454316909,111.99299753680341
2208,te,joint,77.63467826942568,50.028859356703755,112.69785788957607
2209,te,joint,77.9893111839915,50.24141034550227,113.25630321106394
2210,te,joint,78.33335206708699,50.44153176597362,113.83227274168691
2211,te,joint,78.66495140810672,50.70591917555543,114.48281729485458
2212,te,joint,79.02929244971739,50.92363272090651,115.15285047051223
2213,te,joint,79.40215726410473,51.184236411635816,115.82763893139116
2214,te,joint,79.79958264880284,51.40648941075853,116.45142493641227
2215,te,joint,80.17113241866147,51.59049842799068,117.13859746502239
2216,te,joint,80.57119381416888,51.766022847494426,117.79862961909073
2217,te,joint,80.94512970337473,51.94231104931783,118.42314881659114
2218,te,joint,81.3321237741128,52.10962239026047,119.04599022918347
2219,te,joint,81.69861235723087,52.278404058553015,119.66040904940753
2220,te,joint,82.0706075511719,52.47210581590569,120.25950755950454
2221,te,joint,82.41011004873846,52.692955942618646,120.85138395057221
2222,te,joint,82.76292158652436,52.890658342002695,121.44395621880682
2223,te,joint,83.10858190396587,52.98981425844748,122.03307913844728
2224,te,joint,83.4688981549606,53.187239558987734,122.62363922100369
2225,te,joint,83.86488738216752,53.40162098337505,123.21716884938654
2226,te,joint,84.24323570114393,53.61300379314947,123.70039443682224
2227,te,joint,84.55217213471448,53.73853965935411,124.1881420235968
2228,te,joint,84.89387418770885,53.93126437510377,124.76538061274165
2229,te,joint,85.2758113579497,54.124603378408544,125.4548443692416
2230,te,joint,85.57879215670528,54.220531550093185,126.1400176095916
2231,te,joint,85.8984170618323,54.42953834955407,126.76418407987765
2232,te,joint,86.23516083532752,54.62221253246417,127.33795232048725
2233,te,joint,86.57861758142765,54.74785703321039,127.90522479223199
2234,te,joint,86.90072507413123,54.9319267807341,128.4773095518297
2235,te,joint,87.22574478140564,55.023535827540904,129.03001165336232
2236,te,joint,87.57469990505614,55.17556883446562,129.57551926918026
2237,te,joint,87.95050751952726,55.3712683148736,130.10659643409798
2238,te,joint,88.28113921140867,55.531051608681466,130.68046598110683
2239,te,joint,88.60679531760653,55.70871218467534,131.23847514022526
2240,te,joint,88.92794543896991,55.86832725973929,131.7973554182351
2241,te,joint,89.24285805381513,56.05980074384717,132.33614162885993
2242,te,joint,89.56830140547754,56.21549260933667,132.8838921192579
2243,te,joint,89.8926500273787,56.36573319733933,133.39003769801013
2244,te,joint,90.2504992833442,56.5352113377144,133.92082454111076
2245,te,joint,90.59899205327365,56.70324928495575,134.49342248082922
2246,te,joint,90.94749987079175,56.799394620224895,134.9759332818126
2247,te,joint,91.28979595944821,56.88905419271079,135.47158579470354
2248,te,joint,91.6448029963229,56.999400719562445,135.99725633418805
2249,te,joint,91.97223648155295,57.08284759748162,136.61824749486874
2250,te,joint,92.27296634785839,57.21314593082863,137.21774293277315
2251,te,joint,92.57143549427329,57.32778992369973,137.7587496406232
2252,te,joint,92.83753441734817,57.45241126196458,138.2789950340067
2253,te,joint,93.10059487707768,57.48893807857182,138.80308549133147
2254,te,joint,93.37885268365486,57.59557764544894,139.33487627594218
2255,te,joint,93.66664990812032,57.71195974236265,139.8557835748243
2256,te,joint,94.00225958412821,57.776422832782885,140.37112774225045
2257,te,joint,94.32183645204148,57.858029237137714,140.9729210683072
2258,te,joint,94.60297160429229,57.91225022744034,141.5560478248365
2259,te,joint,94.86236909305616,58.006753145935356,142.05540591278762
2260,te,joint,95.16443499816958,58.096510774241786,142.44861431116368
2261,te,joint,95.43542541726933,58.168784986706584,142.88037713606346
2262,te,joint,95.70916635609552,58.19806154738522,143.40476063935523
2263,te,joint,95.94412283654108,58.26099060977276,143.96525797250533
2264,te,joint,96.22531890038502,58.36907505406895,144.4773851842071
2265,te,joint,96.51031656980996,58.600628364384356,144.86355487416884
2266,te,joint,96.7453314135681,58.80466354685949,145.2259209051294
2267,te,joint,97.00312733161849,58.91262690080132,145.71095463307566
2268,te,joint,97.20328439235277,59.02031296812139,146.25751321029014
2269,te,joint,97.48555557117172,59.11891048136683,146.7261730025227
2270,te,joint,97.75193240398968,59.19193487226216,147.13774642925188
2271,te,joint,97.97685298306708,59.27180213476085,147.52973393234322
2272,te,joint,98.21209341866083,59.36254479658377,147.95107409657297
2273,te,joint,98.43824455512636,59.56563393095356,148.40461521044423
2274,te,joint,98.76462614399165,59.71014524489066,148.86242450930771
2275,te,joint,99.03481505404439,59.75000478255116,149.30300559294375
2276,te,joint,99.28180721575998,59.865891293053686,149.75026030102612
2277,te,joint,99.52733267231636,59.95092896515081,150.21802518078994
2278,te,joint,99.76521534896419,59.976335563750844,150.7004895542017
2279,te,joint,100.06840627918774,59.9785885998838,151.18599448964636
2280,te,joint,100.2976944724073,59.998586513126526,151.68092192202198
2281,te,joint,100.57500493243089,60.131271280981395,152.16630743807474
2282,te,joint,100.78551792546176,60.25426903017079,152.6449517557151
2283,te,joint,101.03444424225745,60.39099789986475,153.1577181432484
2284,te,joint,101.2497090794863,60.54692764654398,153.66638679628275
2285,te,joint,101.4979328507296,60.71497434597476,154.13280894927942
2286,te,joint,101.73652264825665,60.842796658916676,154.61536730748549
2287,te,joint,101.96371426500583,60.972304258349475,155.11075477895793
2288,te,joint,102.15923319154655,60.93930708752731,155.54996739062784
2289,te,joint,102.352095716947,60.99837555850032,155.98569842013515
2290,te,joint,102.54572326325413,61.054190558606,156.50719817230726
2291,te,joint,102.77802254683499,61.07847843828454,156.98426379864148
2292,te,joint,102.9995921935089,61.21936855566152,157.42723494469493
2293,te,joint,103.23500790295012,61.37610885212715,157.74959309256545
2294,te,joint,103.47378806486262,61.543136490114385,158.19893187656456
2295,te,joint,103.73568160984885,61.70272495168659,158.65796106725685
2296,te,joint,103.99194016102976,61.81236743973908,159.1116497548101
2297,te,joint,104.23409435536853,61.939815581575935,159.59097209580563
2298,te,joint,104.4375493219423,62.072456643755004,160.03997564970922
2299,te,joint,104.74995367624638,62.20523165728248,160.46473485073787
2300,te,joint,105.03018865195935,62.32657690071776,160.9158214526967
1990,lws,fixed,0.0,0.0,0.0
1991,lws,fixed,0.0,0.0,0.0
1992,lws,fixed,0.0,0.0,0.0
1993,lws,fixed,0.0,0.0,0.0
1994,lws,fixed,0.0,0.0,0.0
1995,lws,fixed,0.0,0.0,0.0
1996,lws,fixed,0.0,0.0,0.0
1997,lws,fixed,0.0,0.0,0.0
1998,lws,fixed,0.0,0.0,0.0
1999,lws,fixed,0.0,0.0,0.0
2000,lws,fixed,0.0,0.0,0.0
2001,lws,fixed,0.0,0.0,0.0
2002,lws,fixed,0.0,0.0,0.0
2003,lws,fixed,0.0,0.0,0.0
2004,lws,fixed,0.0,0.0,0.0
2005,lws,fixed,0.0,0.0,0.0
2006,lws,fixed,0.0,0.0,0.0
2007,lws,fixed,0.0,0.0,0.0
2008,lws,fixed,0.0,0.0,0.0
2009,lws,fixed,0.0,0.0,0.0
2010,lws,fixed,0.0,0.0,0.0
2011,lws,fixed,0.0,0.0,0.0
2012,lws,fixed,0.0,0.0,0.0
2013,lws,fixed,0.0,0.0,0.0
2014,lws,fixed,0.0,0.0,0.0
2015,lws,fixed,0.0,0.0,0.0
2016,lws,fixed,0.0,0.0,0.0
2017,lws,fixed,0.0,0.0,0.0
2018,lws,fixed,0.0,0.0,0.0
2019,lws,fixed,0.04799015733533104,0.04799015733533104,0.04799015733533104
2020,lws,fixed,0.05791438615406403,0.05791438615406403,0.05791438615406403
2021,lws,fixed,0.10102015996102251,0.10102015996102251,0.10102015996102251
2022,lws,fixed,0.14663197191904284,0.14663197191904284,0.14663197191904284
2023,lws,fixed,0.1515911834031945,0.1515911834031945,0.1515911834031945
2024,lws,fixed,0.18566222490860249,0.18566222490860249,0.18566222490860249
2025,lws,fixed,0.23005486383340987,0.23005486383340987,0.23005486383340987
2026,lws,fixed,0.2845140413515041,0.2845140413515041,0.2845140413515041
2027,lws,fixed,0.3262964981037485,0.3262964981037485,0.3262964981037485
2028,lws,fixed,0.37745799761464527,0.37745799761464527,0.37745799761464527
2029,lws,fixed,0.40306914028751295,0.40306914028751295,0.40306914028751295
2030,lws,fixed,0.4610753742637405,0.4610753742637405,0.4610753742637405
2031,lws,fixed,0.5064181640970788,0.5064181640970788,0.5064181640970788
2032,lws,fixed,0.5565419669634262,0.5565419669634262,0.5565419669634262
2033,lws,fixed,0.5801526451796354,0.5801526451796354,0.5801526451796354
2034,lws,fixed,0.6235381018243776,0.6235381018243776,0.6235381018243776
2035,lws,fixed,0.6436840480074949,0.6436840480074949,0.6436840480074949
2036,lws,fixed,0.6885424380555962,0.6885424380555962,0.6885424380555962
2037,lws,fixed,0.7127950522864109,0.7127950522864109,0.7127950522864109
2038,lws,fixed,0.7426108117832914,0.7426108117832914,0.7426108117832914
2039,lws,fixed,0.7869911126050508,0.7869911126050508,0.7869911126050508
2040,lws,fixed,0.8201880512157937,0.8201880512157937,0.8201880512157937
2041,lws,fixed,0.8608159531665907,0.8608159531665907,0.8608159531665907
2042,lws,fixed,0.9306795072924124,0.9306795072924124,0.9306795072924124
2043,lws,fixed,0.9728876477034785,0.9728876477034785,0.9728876477034785
2044,lws,fixed,0.9622962692122209,0.9622962692122209,0.9622962692122209
2045,lws,fixed,0.9455552480933574,0.9455552480933574,0.9455552480933574
2046,lws,fixed,0.9387829953722603,0.9387829953722603,0.9387829953722603
2047,lws,fixed,0.9603173485071256,0.9603173485071256,0.9603173485071256
2048,lws,fixed,0.9946407104756743,0.9946407104756743,0.9946407104756743
2049,lws,fixed,1.0123001628645185,1.0123001628645185,1.0123001628645185
2050,lws,fixed,1.0367873592541808,1.0367873592541808,1.0367873592541808
2051,lws,fixed,1.1022903300529752,1.1022903300529752,1.1022903300529752
2052,lws,fixed,1.1578796789786756,1.1578796789786756,1.1578796789786756
2053,lws,fixed,1.1766512302147847,1.1766512302147847,1.1766512302147847
2054,lws,fixed,1.192925264386108,1.192925264386108,1.192925264386108
2055,lws,fixed,1.2618508262448935,1.2618508262448935,1.2618508262448935
2056,lws,fixed,1.2922674666460656,1.2922674666460656,1.2922674666460656
2057,lws,fixed,1.3192290446266437,1.3192290446266437,1.3192290446266437
2058,lws,fixed,1.3331261967500805,1.3331261967500805,1.3331261967500805
2059,lws,fixed,1.3527843645529898,1.3527843645529898,1.3527843645529898
2060,lws,fixed,1.3922663725651958,1.3922663725651958,1.3922663725651958
2061,lws,fixed,1.4415463962689319,1.4415463962689319,1.4415463962689319
2062,lws,fixed,1.447167856015673,1.447167856015673,1.447167856015673
2063,lws,fixed,1.4915359460153184,1.4915359460153184,1.4915359460153184
2064,lws,fixed,1.5241440890351976,1.5241440890351976,1.5241440890351976
2065,lws,fixed,1.5432725899488295,1.5432725899488295,1.5432725899488295
2066,lws,fixed,1.5846986584738234,1.5846986584738234,1.5846986584738234
2067,lws,fixed,1.6084997967528067,1.6084997967528067,1.6084997967528067
2068,lws,fixed,1.658356216029776,1.658356216029776,1.658356216029776
2069,lws,fixed,1.703984258039325,1.703984258039325,1.703984258039325
2070,lws,fixed,1.7402566206886732,1.7402566206886732,1.7402566206886732
2071,lws,fixed,1.7497460676796563,1.7497460676796563,1.7497460676796563
2072,lws,fixed,1.792107082795087,1.792107082795087,1.792107082795087
2073,lws,fixed,1.767318354602176,1.767318354602176,1.767318354602176
2074,lws,fixed,1.7999543919591257,1.7999543919591257,1.7999543919591257
2075,lws,fixed,1.8585156903768523,1.8585156903768523,1.8585156903768523
2076,lws,fixed,1.9108383241124354,1.9108383241124354,1.9108383241124354
2077,lws,fixed,1.936024301647267,1.936024301647267,1.936024301647267
2078,lws,fixed,1.9689902526904426,1.9689902526904426,1.9689902526904426
2079,lws,fixed,1.9929289610182945,1.9929289610182945,1.9929289610182945
2080,lws,fixed,2.0051310144705425,2.0051310144705425,2.0051310144705425
2081,lws,fixed,2.012287947331182,2.012287947331182,2.012287947331182
2082,lws,fixed,2.0445192998875332,2.0445192998875332,2.0445192998875332
2083,lws,fixed,2.0765315529975927,2.0765315529975927,2.0765315529975927
2084,lws,fixed,2.12285065315953,2.12285065315953,2.12285065315953
2085,lws,fixed,2.168309478867345,2.168309478867345,2.168309478867345
2086,lws,fixed,2.188905417474962,2.188905417474962,2.188905417474962
2087,lws,fixed,2.242030917090907,2.242030917090907,2.242030917090907
2088,lws,fixed,2.2721112956899256,2.2721112956899256,2.2721112956899256
2089,lws,fixed,2.309270289105232,2.309270289105232,2.309270289105232
2090,lws,fixed,2.368107784941434,2.368107784941434,2.368107784941434
2091,lws,fixed,2.391292200183621,2.391292200183621,2.391292200183621
2092,lws,fixed,2.3862527731812118,2.3862527731812118,2.3862527731812118
2093,lws,fixed,2.4130628770181146,2.4130628770181146,2.4130628770181146
2094,lws,fixed,2.4019303203389546,2.4019303203389546,2.4019303203389546
2095,lws,fixed,2.431707812103944,2.431707812103944,2.431707812103944
2096,lws,fixed,2.467323321382365,2.467323321382365,2.467323321382365
2097,lws,fixed,2.504706159104757,2.504706159104757,2.504706159104757
2098,lws,fixed,2.543462500832068,2.543462500832068,2.543462500832068
2099,lws,fixed,2.5953821924803715,2.5953821924803715,2.5953821924803715
2100,lws,fixed,2.596380650083528,2.596380650083528,2.596380650083528
2101,lws,fixed,2.6439945460779772,2.6439945460779772,2.6439945460779772
2102,lws,fixed,2.682727721997994,2.682727721997994,2.682727721997994
2103,lws,fixed,2.7042226285783593,2.7042226285783593,2.7042226285783593
2104,lws,fixed,2.7145332680885415,2.7145332680885415,2.7145332680885415
2105,lws,fixed,2.722074181430264,2.722074181430264,2.722074181430264
2106,lws,fixed,2.7516842095651906,2.7516842095651906,2.7516842095651906
2107,lws,fixed,2.7898153994354655,2.7898153994354655,2.7898153994354655
2108,lws,fixed,2.8192113133504284,2.8192113133504284,2.8192113133504284
2109,lws,fixed,2.879204985614669,2.879204985614669,2.879204985614669
2110,lws,fixed,2.9193133107850935,2.9193133107850935,2.9193133107850935
2111,lws,fixed,2.9720856215931226,2.9720856215931226,2.9720856215931226
2112,lws,fixed,3.001654499001692,3.001654499001692,3.001654499001692
2113,lws,fixed,3.020382376334686,3.020382376334686,3.020382376334686
2114,lws,fixed,3.0870486403985082,3.0870486403985082,3.0870486403985082
2115,lws,fixed,3.1524626466668244,3.1524626466668244,3.1524626466668244
2116,lws,fixed,3.2088149105341177,3.2088149105341177,3.2088149105341177
2117,lws,fixed,3.2342713686394085,3.2342713686394085,3.2342713686394085
2118,lws,fixed,3.240410064624602,3.240410064624602,3.240410064624602
2119,lws,fixed,3.2481015415255485,3.2481015415255485,3.2481015415255485
2120,lws,fixed,3.275185202412382,3.275185202412382,3.275185202412382
2121,lws,fixed,3.318941835361753,3.318941835361753,3.318941835361753
2122,lws,fixed,3.3930045339144,3.3930045339144,3.3930045339144
2123,lws,fixed,3.402871459621438,3.402871459621438,3.402871459621438
2124,lws,fixed,3.418352831291919,3.418352831291919,3.418352831291919
2125,lws,fixed,3.416339303207685,3.416339303207685,3.416339303207685
2126,lws,fixed,3.4836403760724224,3.4836403760724224,3.4836403760724224
2127,lws,fixed,3.547029786706335,3.547029786706335,3.547029786706335
2128,lws,fixed,3.568611071090668,3.568611071090668,3.568611071090668
2129,lws,fixed,3.627399972426858,3.627399972426858,3.627399972426858
2130,lws,fixed,3.6697723321948086,3.6697723321948086,3.6697723321948086
2131,lws,fixed,3.7155165177929357,3.7155165177929357,3.7155165177929357
2132,lws,fixed,3.725133457810019,3.725133457810019,3.725133457810019
2133,lws,fixed,3.729741535909395,3.729741535909395,3.729741535909395
2134,lws,fixed,3.746984424753355,3.746984424753355,3.746984424753355
2135,lws,fixed,3.788720765804733,3.788720765804733,3.788720765804733
2136,lws,fixed,3.8184897820045234,3.8184897820045234,3.8184897820045234
2137,lws,fixed,3.8186881696532615,3.8186881696532615,3.8186881696532615
2138,lws,fixed,3.850861385526544,3.850861385526544,3.850861385526544
2139,lws,fixed,3.8947730791384085,3.8947730791384085,3.8947730791384085
2140,lws,fixed,3.9198728634877917,3.9198728634877917,3.9198728634877917
2141,lws,fixed,3.9244427138611306,3.9244427138611306,3.9244427138611306
2142,lws,fixed,3.9597114084129115,3.9597114084129115,3.9597114084129115
2143,lws,fixed,3.9932849913182284,3.9932849913182284,3.9932849913182284
2144,lws,fixed,4.0260222952927975,4.0260222952927975,4.0260222952927975
2145,lws,fixed,4.059316538503893,4.059316538503893,4.059316538503893
2146,lws,fixed,4.079487812157288,4.079487812157288,4.079487812157288
2147,lws,fixed,4.125418166896138,4.125418166896138,4.125418166896138
2148,lws,fixed,4.153147261683872,4.153147261683872,4.153147261683872
2149,lws,fixed,4.20592350070585,4.20592350070585,4.20592350070585
2150,lws,fixed,4.2307986469202445,4.2307986469202445,4.2307986469202445
2151,lws,fixed,4.263482571569279,4.263482571569279,4.263482571569279
2152,lws,fixed,4.295805886617335,4.295805886617335,4.295805886617335
2153,lws,fixed,4.351237344427586,4.351237344427586,4.351237344427586
2154,lws,fixed,4.392877111944913,4.392877111944913,4.392877111944913
2155,lws,fixed,4.437298525869313,4.437298525869313,4.437298525869313
2156,lws,fixed,4.470487414392425,4.470487414392425,4.470487414392425
2157,lws,fixed,4.516634119818392,4.516634119818392,4.516634119818392
2158,lws,fixed,4.562377184208207,4.562377184208207,4.562377184208207
2159,lws,fixed,4.626120358682517,4.626120358682517,4.626120358682517
2160,lws,fixed,4.64664774326856,4.64664774326856,4.64664774326856
2161,lws,fixed,4.634313539723813,4.634313539723813,4.634313539723813
2162,lws,fixed,4.6844452393474,4.6844452393474,4.6844452393474
2163,lws,fixed,4.747942202617905,4.747942202617905,4.747942202617905
2164,lws,fixed,4.750748028339521,4.750748028339521,4.750748028339521
2165,lws,fixed,4.760026303662078,4.760026303662078,4.760026303662078
2166,lws,fixed,4.79510377968571,4.79510377968571,4.79510377968571
2167,lws,fixed,4.8069909267172335,4.8069909267172335,4.8069909267172335
2168,lws,fixed,4.815646054346008,4.815646054346008,4.815646054346008
2169,lws,fixed,4.846885962131313,4.846885962131313,4.846885962131313
2170,lws,fixed,4.858678539468278,4.858678539468278,4.858678539468278
2171,lws,fixed,4.8868981273175995,4.8868981273175995,4.8868981273175995
2172,lws,fixed,4.899277769248436,4.899277769248436,4.899277769248436
2173,lws,fixed,4.926630517537223,4.926630517537223,4.926630517537223
2174,lws,fixed,4.956666017741132,4.956666017741132,4.956666017741132
2175,lws,fixed,4.990182844459308,4.990182844459308,4.990182844459308
2176,lws,fixed,5.035739745861833,5.035739745861833,5.035739745861833
2177,lws,fixed,5.048450874618085,5.048450874618085,5.048450874618085
2178,lws,fixed,5.064962215464753,5.064962215464753,5.064962215464753
2179,lws,fixed,5.1068961074516865,5.1068961074516865,5.1068961074516865
2180,lws,fixed,5.1351373310154775,5.1351373310154775,5.1351373310154775
2181,lws,fixed,5.161954258346175,5.161954258346175,5.161954258346175
2182,lws,fixed,5.179233134410224,5.179233134410224,5.179233134410224
2183,lws,fixed,5.203674639450711,5.203674639450711,5.203674639450711
2184,lws,fixed,5.230249301661413,5.230249301661413,5.230249301661413
2185,lws,fixed,5.270951274600753,5.270951274600753,5.270951274600753
2186,lws,fixed,5.261842885208832,5.261842885208832,5.261842885208832
2187,lws,fixed,5.25823502301279,5.25823502301279,5.25823502301279
2188,lws,fixed,5.291437135563975,5.291437135563975,5.291437135563975
2189,lws,fixed,5.326312862414746,5.326312862414746,5.326312862414746
2190,lws,fixed,5.386381911381347,5.386381911381347,5.386381911381347
2191,lws,fixed,5.430434980657028,5.430434980657028,5.430434980657028
2192,lws,fixed,5.435040533546584,5.435040533546584,5.435040533546584
2193,lws,fixed,5.4807767117318615,5.4807767117318615,5.4807767117318615
2194,lws,fixed,5.528918395240164,5.528918395240164,5.528918395240164
2195,lws,fixed,5.548761347253193,5.548761347253193,5.548761347253193
2196,lws,fixed,5.535600061309528,5.535600061309528,5.535600061309528
2197,lws,fixed,5.578691853107875,5.578691853107875,5.578691853107875
2198,lws,fixed,5.600370736311279,5.600370736311279,5.600370736311279
2199,lws,fixed,5.622257887735048,5.622257887735048,5.622257887735048
2200,lws,fixed,5.648882730278795,5.648882730278795,5.648882730278795
2201,lws,fixed,5.664855491638205,5.664855491638205,5.664855491638205
2202,lws,fixed,5.700468838201828,5.700468838201828,5.700468838201828
2203,lws,fixed,5.7502186084000195,5.7502186084000195,5.7502186084000195
2204,lws,fixed,5.778135732783894,5.778135732783894,5.778135732783894
2205,lws,fixed,5.817768366812955,5.817768366812955,5.817768366812955
2206,lws,fixed,5.842371122134262,5.842371122134262,5.842371122134262
2207,lws,fixed,5.866341318539312,5.866341318539312,5.866341318539312
2208,lws,fixed,5.880603783845598,5.880603783845598,5.880603783845598
2209,lws,fixed,5.944043730060743,5.944043730060743,5.944043730060743
2210,lws,fixed,5.9548525219191175,5.9548525219191175,5.9548525219191175
2211,lws,fixed,5.958460641838878,5.958460641838878,5.958460641838878
2212,lws,fixed,6.001791357154143,6.001791357154143,6.001791357154143
2213,lws,fixed,6.019523976538539,6.019523976538539,6.019523976538539
2214,lws,fixed,6.061145438098416,6.061145438098416,6.061145438098416
2215,lws,fixed,6.120332933322187,6.120332933322187,6.120332933322187
2216,lws,fixed,6.172108733307293,6.172108733307293,6.172108733307293
2217,lws,fixed,6.221320341997893,6.221320341997893,6.221320341997893
2218,lws,fixed,6.222699570968258,6.222699570968258,6.222699570968258
2219,lws,fixed,6.252429344024669,6.252429344024669,6.252429344024669
2220,lws,fixed,6.267552540130812,6.267552540130812,6.267552540130812
2221,lws,fixed,6.317278628779411,6.317278628779411,6.317278628779411
2222,lws,fixed,6.330072423811241,6.330072423811241,6.330072423811241
2223,lws,fixed,6.352609251334046,6.352609251334046,6.352609251334046
2224,lws,fixed,6.37631254365486,6.37631254365486,6.37631254365486
2225,lws,fixed,6.423890119943558,6.423890119943558,6.423890119943558
2226,lws,fixed,6.439910770832584,6.439910770832584,6.439910770832584
2227,lws,fixed,6.497700010517156,6.497700010517156,6.497700010517156
2228,lws,fixed,6.509580807431561,6.509580807431561,6.509580807431561
2229,lws,fixed,6.5327799839008005,6.5327799839008005,6.5327799839008005
2230,lws,fixed,6.5344608263916415,6.5344608263916415,6.5344608263916415
2231,lws,fixed,6.565676548195805,6.565676548195805,6.565676548195805
2232,lws,fixed,6.605096361007136,6.605096361007136,6.605096361007136
2233,lws,fixed,6.638157600393324,6.638157600393324,6.638157600393324
2234,lws,fixed,6.664482283402768,6.664482283402768,6.664482283402768
2235,lws,fixed,6.700531184538167,6.700531184538167,6.700531184538167
2236,lws,fixed,6.771599544614483,6.771599544614483,6.771599544614483
2237,lws,fixed,6.789120904235318,6.789120904235318,6.789120904235318
2238,lws,fixed,6.835553528386609,6.835553528386609,6.835553528386609
2239,lws,fixed,6.8505641517453,6.8505641517453,6.8505641517453
2240,lws,fixed,6.859586474629643,6.859586474629643,6.859586474629643
2241,lws,fixed,6.8891329380224136,6.8891329380224136,6.8891329380224136
2242,lws,fixed,6.931110954367381,6.931110954367381,6.931110954367381
2243,lws,fixed,6.942856381131531,6.942856381131531,6.942856381131531
2244,lws,fixed,6.976684991419059,6.976684991419059,6.976684991419059
2245,lws,fixed,6.983990674035943,6.983990674035943,6.983990674035943
2246,lws,fixed,6.977637518447098,6.977637518447098,6.977637518447098
2247,lws,fixed,7.057207813075548,7.057207813075548,7.057207813075548
2248,lws,fixed,7.085326276369168,7.085326276369168,7.085326276369168
2249,lws,fixed,7.11118272697457,7.11118272697457,7.11118272697457
2250,lws,fixed,7.1304760604740585,7.1304760604740585,7.1304760604740585
2251,lws,fixed,7.160267688479771,7.160267688479771,7.160267688479771
2252,lws,fixed,7.170799967569505,7.170799967569505,7.170799967569505
2253,lws,fixed,7.197364544759702,7.197364544759702,7.197364544759702
2254,lws,fixed,7.254937352541667,7.254937352541667,7.254937352541667
2255,lws,fixed,7.3132398458127135,7.3132398458127135,7.3132398458127135
2256,lws,fixed,7.353558633602041,7.353558633602041,7.353558633602041
2257,lws,fixed,7.369373574211477,7.369373574211477,7.369373574211477
2258,lws,fixed,7.429170453684257,7.429170453684257,7.429170453684257
2259,lws,fixed,7.4361825074976435,7.4361825074976435,7.4361825074976435
2260,lws,fixed,7.491574423880658,7.491574423880658,7.491574423880658
2261,lws,fixed,7.5305034856872375,7.5305034856872375,7.5305034856872375
2262,lws,fixed,7.556704000242766,7.556704000242766,7.556704000242766
2263,lws,fixed,7.610409506865716,7.610409506865716,7.610409506865716
2264,lws,fixed,7.630744358203974,7.630744358203974,7.630744358203974
2265,lws,fixed,7.633446388116356,7.633446388116356,7.633446388116356
2266,lws,fixed,7.688909598966955,7.688909598966955,7.688909598966955
2267,lws,fixed,7.722507848404509,7.722507848404509,7.722507848404509
2268,lws,fixed,7.725402933108569,7.725402933108569,7.725402933108569
2269,lws,fixed,7.740197104703818,7.740197104703818,7.740197104703818
2270,lws,fixed,7.773058132510188,7.773058132510188,7.773058132510188
2271,lws,fixed,7.745844012639393,7.745844012639393,7.745844012639393
2272,lws,fixed,7.775345087956423,7.775345087956423,7.775345087956423
2273,lws,fixed,7.780871101589891,7.780871101589891,7.780871101589891
2274,lws,fixed,7.807165424708307,7.807165424708307,7.807165424708307
2275,lws,fixed,7.8533246412006195,7.8533246412006195,7.8533246412006195
2276,lws,fixed,7.865225345047305,7.865225345047305,7.865225345047305
2277,lws,fixed,7.872838551560976,7.872838551560976,7.872838551560976
2278,lws,fixed,7.9118231976985,7.9118231976985,7.9118231976985
2279,lws,fixed,7.9348017492461915,7.9348017492461915,7.9348017492461915
2280,lws,fixed,7.977922534412187,7.977922534412187,7.977922534412187
2281,lws,fixed,8.006532087991166,8.006532087991166,8.006532087991166
2282,lws,fixed,8.03185951279863,8.03185951279863,8.03185951279863
2283,lws,fixed,8.0499034600549,8.0499034600549,8.0499034600549
2284,lws,fixed,8.116341279421354,8.116341279421354,8.116341279421354
2285,lws,fixed,8.139714457125011,8.139714457125011,8.139714457125011
2286,lws,fixed,8.137398765347529,8.137398765347529,8.137398765347529
2287,lws,fixed,8.159170684039587,8.159170684039587,8.159170684039587
2288,lws,fixed,8.172828626575052,8.172828626575052,8.172828626575052
2289,lws,fixed,8.172231570806126,8.172231570806126,8.172231570806126
2290,lws,fixed,8.194764805358153,8.194764805358153,8.194764805358153
2291,lws,fixed,8.230681629244744,8.230681629244744,8.230681629244744
2292,lws,fixed,8.25136918701114,8.25136918701114,8.25136918701114
2293,lws,fixed,8.28024664797876,8.28024664797876,8.28024664797876
2294,lws,fixed,8.326013651481444,8.326013651481444,8.326013651481444
2295,lws,fixed,8.335626014481752,8.335626014481752,8.335626014481752
2296,lws,fixed,8.384229880799591,8.384229880799591,8.384229880799591
2297,lws,fixed,8.452894857111993,8.452894857111993,8.452894857111993
2298,lws,fixed,8.469119132579559,8.469119132579559,8.469119132579559
2299,lws,fixed,8.464544351169279,8.464544351169279,8.464544351169279
2300,lws,fixed,8.483616077316128,8.483616077316128,8.483616077316128
1990,lws,joint,0.0,0.0,0.0
1991,lws,joint,0.0,0.0,0.0
1992,lws,joint,0.0,0.0,0.0
1993,lws,joint,0.0,0.0,0.0
1994,lws,joint,0.0,0.0,0.0
1995,lws,joint,0.0,0.0,0.0
1996,lws,joint,0.0,0.0,0.0
1997,lws,joint,0.0,0.0,0.0
1998,lws,joint,0.0,0.0,0.0
1999,lws,joint,0.0,0.0,0.0
2000,lws,joint,0.0,0.0,0.0
2001,lws,joint,0.0,0.0,0.0
2002,lws,joint,0.0,0.0,0.0
2003,lws,joint,0.0,0.0,0.0
2004,lws,joint,0.0,0.0,0.0
2005,lws,joint,0.0,0.0,0.0
2006,lws,joint,0.0,0.0,0.0
2007,lws,joint,0.0,0.0,0.0
2008,lws,joint,0.0,0.0,0.0
2009,lws,joint,0.0,0.0,0.0
2010,lws,joint,0.0,0.0,0.0
2011,lws,joint,0.0,0.0,0.0
2012,lws,joint,0.0,0.0,0.0
2013,lws,joint,0.0,0.0,0.0
2014,lws,joint,0.0,0.0,0.0
2015,lws,joint,0.0,0.0,0.0
2016,lws,joint,0.0,0.0,0.0
2017,lws,joint,0.0,0.0,0.0
2018,lws,joint,0.0,0.0,0.0
2019,lws,joint,0.04799015733533104,0.04799015733533104,0.04799015733533104
2020,lws,joint,0.05791438615406403,0.05791438615406403,0.05791438615406403
2021,lws,joint,0.10102015996102251,0.10102015996102251,0.10102015996102251
2022,lws,joint,0.14663197191904284,0.14663197191904284,0.14663197191904284
2023,lws,joint,0.1515911834031945,0.1515911834031945,0.1515911834031945
2024,lws,joint,0.18566222490860249,0.18566222490860249,0.18566222490860249
2025,lws,joint,0.23005486383340987,0.23005486383340987,0.23005486383340987
2026,lws,joint,0.2845140413515041,0.2845140413515041,0.2845140413515041
2027,lws,joint,0.3262964981037485,0.3262964981037485,0.3262964981037485
2028,lws,joint,0.37745799761464527,0.37745799761464527,0.37745799761464527
2029,lws,joint,0.40306914028751295,0.40306914028751295,0.40306914028751295
2030,lws,joint,0.4610753742637405,0.4610753742637405,0.4610753742637405
2031,lws,joint,0.5064181640970788,0.5064181640970788,0.5064181640970788
2032,lws,joint,0.5565419669634262,0.5565419669634262,0.5565419669634262
2033,lws,joint,0.5801526451796354,0.5801526451796354,0.5801526451796354
2034,lws,joint,0.6235381018243776,0.6235381018243776,0.6235381018243776
2035,lws,joint,0.6436840480074949,0.6436840480074949,0.6436840480074949
2036,lws,joint,0.6885424380555962,0.6885424380555962,0.6885424380555962
2037,lws,joint,0.7127950522864109,0.7127950522864109,0.7127950522864109
2038,lws,joint,0.7426108117832914,0.7426108117832914,0.7426108117832914
2039,lws,joint,0.7869911126050508,0.7869911126050508,0.7869911126050508
2040,lws,joint,0.8201880512157937,0.8201880512157937,0.8201880512157937
2041,lws,joint,0.8608159531665907,0.8608159531665907,0.8608159531665907
2042,lws,joint,0.9306795072924124,0.9306795072924124,0.9306795072924124
2043,lws,joint,0.9728876477034785,0.9728876477034785,0.9728876477034785
2044,lws,joint,0.9622962692122209,0.9622962692122209,0.9622962692122209
2045,lws,joint,0.9455552480933574,0.9455552480933574,0.9455552480933574
2046,lws,joint,0.9387829953722603,0.9387829953722603,0.9387829953722603
2047,lws,joint,0.9603173485071256,0.9603173485071256,0.9603173485071256
2048,lws,joint,0.9946407104756743,0.9946407104756743,0.9946407104756743
2049,lws,joint,1.0123001628645185,1.0123001628645185,1.0123001628645185
2050,lws,joint,1.0367873592541808,1.0367873592541808,1.0367873592541808
2051,lws,joint,1.1022903300529752,1.1022903300529752,1.1022903300529752
2052,lws,joint,1.1578796789786756,1.1578796789786756,1.1578796789786756
2053,lws,joint,1.1766512302147847,1.1766512302147847,1.1766512302147847
2054,lws,joint,1.192925264386108,1.192925264386108,1.192925264386108
2055,lws,joint,1.2618508262448935,1.2618508262448935,1.2618508262448935
2056,lws,joint,1.2922674666460656,1.2922674666460656,1.2922674666460656
2057,lws,joint,1.3192290446266437,1.3192290446266437,1.3192290446266437
2058,lws,joint,1.3331261967500805,1.3331261967500805,1.3331261967500805
2059,lws,joint,1.3527843645529898,1.3527843645529898,1.3527843645529898
2060,lws,joint,1.3922663725651958,1.3922663725651958,1.3922663725651958
2061,lws,joint,1.4415463962689319,1.4415463962689319,1.4415463962689319
2062,lws,joint,1.447167856015673,1.447167856015673,1.447167856015673
2063,lws,joint,1.4915359460153184,1.4915359460153184,1.4915359460153184
2064,lws,joint,1.5241440890351976,1.5241440890351976,1.5241440890351976
2065,lws,joint,1.5432725899488295,1.5432725899488295,1.5432725899488295
2066,lws,joint,1.5846986584738234,1.5846986584738234,1.5846986584738234
2067,lws,joint,1.6084997967528067,1.6084997967528067,1.6084997967528067
2068,lws,joint,1.658356216029776,1.658356216029776,1.658356216029776
2069,lws,joint,1.703984258039325,1.703984258039325,1.703984258039325
2070,lws,joint,1.7402566206886732,1.7402566206886732,1.7402566206886732
2071,lws,joint,1.7497460676796563,1.7497460676796563,1.7497460676796563
2072,lws,joint,1.792107082795087,1.792107082795087,1.792107082795087
2073,lws,joint,1.767318354602176,1.767318354602176,1.767318354602176
2074,lws,joint,1.7999543919591257,1.7999543919591257,1.7999543919591257
2075,lws,joint,1.8585156903768523,1.8585156903768523,1.8585156903768523
2076,lws,joint,1.9108383241124354,1.9108383241124354,1.9108383241124354
2077,lws,joint,1.936024301647267,1.936024301647267,1.936024301647267
2078,lws,joint,1.9689902526904426,1.9689902526904426,1.9689902526904426
2079,lws,joint,1.9929289610182945,1.9929289610182945,1.9929289610182945
2080,lws,joint,2.0051310144705425,2.0051310144705425,2.0051310144705425
2081,lws,joint,2.012287947331182,2.012287947331182,2.012287947331182
2082,lws,joint,2.0445192998875332,2.0445192998875332,2.0445192998875332
2083,lws,joint,2.0765315529975927,2.0765315529975927,2.0765315529975927
2084,lws,joint,2.12285065315953,2.12285065315953,2.12285065315953
2085,lws,joint,2.168309478867345,2.168309478867345,2.168309478867345
2086,lws,joint,2.188905417474962,2.188905417474962,2.188905417474962
2087,lws,joint,2.242030917090907,2.242030917090907,2.242030917090907
2088,lws,joint,2.2721112956899256,2.2721112956899256,2.2721112956899256
2089,lws,joint,2.309270289105232,2.309270289105232,2.309270289105232
2090,lws,joint,2.368107784941434,2.368107784941434,2.368107784941434
2091,lws,joint,2.391292200183621,2.391292200183621,2.391292200183621
2092,lws,joint,2.3862527731812118,2.3862527731812118,2.3862527731812118
2093,lws,joint,2.4130628770181146,2.4130628770181146,2.4130628770181146
2094,lws,joint,2.4019303203389546,2.4019303203389546,2.4019303203389546
2095,lws,joint,2.431707812103944,2.431707812103944,2.431707812103944
2096,lws,joint,2.467323321382365,2.467323321382365,2.467323321382365
2097,lws,joint,2.504706159104757,2.504706159104757,2.504706159104757
2098,lws,joint,2.543462500832068,2.543462500832068,2.543462500832068
2099,lws,joint,2.5953821924803715,2.5953821924803715,2.5953821924803715
2100,lws,joint,2.596380650083528,2.596380650083528,2.596380650083528
2101,lws,joint,2.6439945460779772,2.6439945460779772,2.6439945460779772
2102,lws,joint,2.682727721997994,2.682727721997994,2.682727721997994
2103,lws,joint,2.7042226285783593,2.7042226285783593,2.7042226285783593
2104,lws,joint,2.7145332680885415,2.7145332680885415,2.7145332680885415
2105,lws,joint,2.722074181430264,2.722074181430264,2.722074181430264
2106,lws,joint,2.7516842095651906,2.7516842095651906,2.7516842095651906
2107,lws,joint,2.7898153994354655,2.7898153994354655,2.7898153994354655
2108,lws,joint,2.8192113133504284,2.8192113133504284,2.8192113133504284
2109,lws,joint,2.879204985614669,2.879204985614669,2.879204985614669
2110,lws,joint,2.9193133107850935,2.9193133107850935,2.9193133107850935
2111,lws,joint,2.9720856215931226,2.9720856215931226,2.9720856215931226
2112,lws,joint,3.001654499001692,3.001654499001692,3.001654499001692
2113,lws,joint,3.020382376334686,3.020382376334686,3.020382376334686
2114,lws,joint,3.0870486403985082,3.0870486403985082,3.0870486403985082
2115,lws,joint,3.1524626466668244,3.1524626466668244,3.1524626466668244
2116,lws,joint,3.2088149105341177,3.2088149105341177,3.2088149105341177
2117,lws,joint,3.2342713686394085,3.2342713686394085,3.2342713686394085
2118,lws,joint,3.240410064624602,3.240410064624602,3.240410064624602
2119,lws,joint,3.2481015415255485,3.2481015415255485,3.2481015415255485
2120,lws,joint,3.275185202412382,3.275185202412382,3.275185202412382
2121,lws,joint,3.318941835361753,3.318941835361753,3.318941835361753
2122,lws,joint,3.3930045339144,3.3930045339144,3.3930045339144
2123,lws,joint,3.402871459621438,3.402871459621438,3.402871459621438
2124,lws,joint,3.418352831291919,3.418352831291919,3.418352831291919
2125,lws,joint,3.416339303207685,3.416339303207685,3.416339303207685
2126,lws,joint,3.4836403760724224,3.4836403760724224,3.4836403760724224
2127,lws,joint,3.547029786706335,3.547029786706335,3.547029786706335
2128,lws,joint,3.568611071090668,3.568611071090668,3.568611071090668
2129,lws,joint,3.627399972426858,3.627399972426858,3.627399972426858
2130,lws,joint,3.6697723321948086,3.6697723321948086,3.6697723321948086
2131,lws,joint,3.7155165177929357,3.7155165177929357,3.7155165177929357
2132,lws,joint,3.725133457810019,3.725133457810019,3.725133457810019
2133,lws,joint,3.729741535909395,3.729741535909395,3.729741535909395
2134,lws,joint,3.746984424753355,3.746984424753355,3.746984424753355
2135,lws,joint,3.788720765804733,3.788720765804733,3.788720765804733
2136,lws,joint,3.8184897820045234,3.8184897820045234,3.8184897820045234
2137,lws,joint,3.8186881696532615,3.8186881696532615,3.8186881696532615
2138,lws,joint,3.850861385526544,3.850861385526544,3.850861385526544
2139,lws,joint,3.8947730791384085,3.8947730791384085,3.8947730791384085
2140,lws,joint,3.9198728634877917,3.9198728634877917,3.9198728634877917
2141,lws,joint,3.9244427138611306,3.9244427138611306,3.9244427138611306
2142,lws,joint,3.9597114084129115,3.9597114084129115,3.9597114084129115
2143,lws,joint,3.9932849913182284,3.9932849913182284,3.9932849913182284
2144,lws,joint,4.0260222952927975,4.0260222952927975,4.0260222952927975
2145,lws,joint,4.059316538503893,4.059316538503893,4.059316538503893
2146,lws,joint,4.079487812157288,4.079487812157288,4.079487812157288
2147,lws,joint,4.125418166896138,4.125418166896138,4.125418166896138
2148,lws,joint,4.153147261683872,4.153147261683872,4.153147261683872
2149,lws,joint,4.20592350070585,4.20592350070585,4.20592350070585
2150,lws,joint,4.2307986469202445,4.2307986469202445,4.2307986469202445
2151,lws,joint,4.263482571569279,4.263482571569279,4.263482571569279
2152,lws,joint,4.295805886617335,4.295805886617335,4.295805886617335
2153,lws,joint,4.351237344427586,4.351237344427586,4.351237344427586
2154,lws,joint,4.392877111944913,4.392877111944913,4.392877111944913
2155,lws,joint,4.437298525869313,4.437298525869313,4.437298525869313
2156,lws,joint,4.470487414392425,4.470487414392425,4.470487414392425
2157,lws,joint,4.516634119818392,4.516634119818392,4.516634119818392
2158,lws,joint,4.562377184208207,4.562377184208207,4.562377184208207
2159,lws,joint,4.626120358682517,4.626120358682517,4.626120358682517
2160,lws,joint,4.64664774326856,4.64664774326856,4.64664774326856
2161,lws,joint,4.634313539723813,4.634313539723813,4.634313539723813
2162,lws,joint,4.6844452393474,4.6844452393474,4.6844452393474
2163,lws,joint,4.747942202617905,4.747942202617905,4.747942202617905
2164,lws,joint,4.750748028339521,4.750748028339521,4.750748028339521
2165,lws,joint,4.760026303662078,4.760026303662078,4.760026303662078
2166,lws,joint,4.79510377968571,4.79510377968571,4.79510377968571
2167,lws,joint,4.8069909267172335,4.8069909267172335,4.8069909267172335
2168,lws,joint,4.815646054346008,4.815646054346008,4.815646054346008
2169,lws,joint,4.846885962131313,4.846885962131313,4.846885962131313
2170,lws,joint,4.858678539468278,4.858678539468278,4.858678539468278
2171,lws,joint,4.8868981273175995,4.8868981273175995,4.8868981273175995
2172,lws,joint,4.899277769248436,4.899277769248436,4.899277769248436
2173,lws,joint,4.926630517537223,4.926630517537223,4.926630517537223
2174,lws,joint,4.956666017741132,4.956666017741132,4.956666017741132
2175,lws,joint,4.990182844459308,4.990182844459308,4.990182844459308
2176,lws,joint,5.035739745861833,5.035739745861833,5.035739745861833
2177,lws,joint,5.048450874618085,5.048450874618085,5.048450874618085
2178,lws,joint,5.064962215464753,5.064962215464753,5.064962215464753
2179,lws,joint,5.1068961074516865,5.1068961074516865,5.1068961074516865
2180,lws,joint,5.1351373310154775,5.1351373310154775,5.1351373310154775
2181,lws,joint,5.161954258346175,5.161954258346175,5.161954258346175
2182,lws,joint,5.179233134410224,5.179233134410224,5.179233134410224
2183,lws,joint,5.203674639450711,5.203674639450711,5.203674639450711
2184,lws,joint,5.230249301661413,5.230249301661413,5.230249301661413
2185,lws,joint,5.270951274600753,5.270951274600753,5.270951274600753
2186,lws,joint,5.261842885208832,5.261842885208832,5.261842885208832
2187,lws,joint,5.25823502301279,5.25823502301279,5.25823502301279
2188,lws,joint,5.291437135563975,5.291437135563975,5.291437135563975
2189,lws,joint,5.326312862414746,5.326312862414746,5.326312862414746
2190,lws,joint,5.386381911381347,5.386381911381347,5.386381911381347
2191,lws,joint,5.430434980657028,5.430434980657028,5.430434980657028
2192,lws,joint,5.435040533546584,5.435040533546584,5.435040533546584
2193,lws,joint,5.4807767117318615,5.4807767117318615,5.4807767117318615
2194,lws,joint,5.528918395240164,5.528918395240164,5.528918395240164
2195,lws,joint,5.548761347253193,5.548761347253193,5.548761347253193
2196,lws,joint,5.535600061309528,5.535600061309528,5.535600061309528
2197,lws,joint,5.578691853107875,5.578691853107875,5.578691853107875
2198,lws,joint,5.600370736311279,5.600370736311279,5.600370736311279
2199,lws,joint,5.622257887735048,5.622257887735048,5.622257887735048
2200,lws,joint,5.648882730278795,5.648882730278795,5.648882730278795
2201,lws,joint,5.664855491638205,5.664855491638205,5.664855491638205
2202,lws,joint,5.700468838201828,5.700468838201828,5.700468838201828
2203,lws,joint,5.7502186084000195,5.7502186084000195,5.7502186084000195
2204,lws,joint,5.778135732783894,5.778135732783894,5.778135732783894
2205,lws,joint,5.817768366812955,5.817768366812955,5.817768366812955
2206,lws,joint,5.842371122134262,5.842371122134262,5.842371122134262
2207,lws,joint,5.866341318539312,5.866341318539312,5.866341318539312
2208,lws,joint,5.880603783845598,5.880603783845598,5.880603783845598
2209,lws,joint,5.944043730060743,5.944043730060743,5.944043730060743
2210,lws,joint,5.9548525219191175,5.9548525219191175,5.9548525219191175
2211,lws,joint,5.958460641838878,5.958460641838878,5.958460641838878
2212,lws,joint,6.001791357154143,6.001791357154143,6.001791357154143
2213,lws,joint,6.019523976538539,6.019523976538539,6.019523976538539
2214,lws,joint,6.061145438098416,6.061145438098416,6.061145438098416
2215,lws,joint,6.120332933322187,6.120332933322187,6.120332933322187
2216,lws,joint,6.172108733307293,6.172108733307293,6.172108733307293
2217,lws,joint,6.221320341997893,6.221320341997893,6.221320341997893
2218,lws,joint,6.222699570968258,6.222699570968258,6.222699570968258
2219,lws,joint,6.252429344024669,6.252429344024669,6.252429344024669
2220,lws,joint,6.267552540130812,6.267552540130812,6.267552540130812
2221,lws,joint,6.317278628779411,6.317278628779411,6.317278628779411
2222,lws,joint,6.330072423811241,6.330072423811241,6.330072423811241
2223,lws,joint,6.352609251334046,6.352609251334046,6.352609251334046
2224,lws,joint,6.37631254365486,6.37631254365486,6.37631254365486
2225,lws,joint,6.423890119943558,6.423890119943558,6.423890119943558
2226,lws,joint,6.439910770832584,6.439910770832584,6.439910770832584
2227,lws,joint,6.497700010517156,6.497700010517156,6.497700010517156
2228,lws,joint,6.509580807431561,6.509580807431561,6.509580807431561
2229,lws,joint,6.5327799839008005,6.5327799839008005,6.5327799839008005
2230,lws,joint,6.5344608263916415,6.5344608263916415,6.5344608263916415
2231,lws,joint,6.565676548195805,6.565676548195805,6.565676548195805
2232,lws,joint,6.605096361007136,6.605096361007136,6.605096361007136
2233,lws,joint,6.638157600393324,6.638157600393324,6.638157600393324
2234,lws,joint,6.664482283402768,6.664482283402768,6.664482283402768
2235,lws,joint,6.700531184538167,6.700531184538167,6.700531184538167
2236,lws,joint,6.771599544614483,6.771599544614483,6.771599544614483
2237,lws,joint,6.789120904235318,6.789120904235318,6.789120904235318
2238,lws,joint,6.835553528386609,6.835553528386609,6.835553528386609
2239,lws,joint,6.8505641517453,6.8505641517453,6.8505641517453
2240,lws,joint,6.859586474629643,6.859586474629643,6.859586474629643
2241,lws,joint,6.8891329380224136,6.8891329380224136,6.8891329380224136
2242,lws,joint,6.931110954367381,6.931110954367381,6.931110954367381
2243,lws,joint,6.942856381131531,6.942856381131531,6.942856381131531
2244,lws,joint,6.976684991419059,6.976684991419059,6.976684991419059
2245,lws,joint,6.983990674035943,6.983990674035943,6.983990674035943
2246,lws,joint,6.977637518447098,6.977637518447098,6.977637518447098
2247,lws,joint,7.057207813075548,7.057207813075548,7.057207813075548
2248,lws,joint,7.085326276369168,7.085326276369168,7.085326276369168
2249,lws,joint,7.11118272697457,7.11118272697457,7.11118272697457
2250,lws,joint,7.1304760604740585,7.1304760604740585,7.1304760604740585
2251,lws,joint,7.160267688479771,7.160267688479771,7.160267688479771
2252,lws,joint,7.170799967569505,7.170799967569505,7.170799967569505
2253,lws,joint,7.197364544759702,7.197364544759702,7.197364544759702
2254,lws,joint,7.254937352541667,7.254937352541667,7.254937352541667
2255,lws,joint,7.3132398458127135,7.3132398458127135,7.3132398458127135
2256,lws,joint,7.353558633602041,7.353558633602041,7.353558633602041
2257,lws,joint,7.369373574211477,7.369373574211477,7.369373574211477
2258,lws,joint,7.429170453684257,7.429170453684257,7.429170453684257
2259,lws,joint,7.4361825074976435,7.4361825074976435,7.4361825074976435
2260,lws,joint,7.491574423880658,7.491574423880658,7.491574423880658
2261,lws,joint,7.5305034856872375,7.5305034856872375,7.5305034856872375
2262,lws,joint,7.556704000242766,7.556704000242766,7.556704000242766
2263,lws,joint,7.610409506865716,7.610409506865716,7.610409506865716
2264,lws,joint,7.630744358203974,7.630744358203974,7.630744358203974
2265,lws,joint,7.633446388116356,7.633446388116356,7.633446388116356
2266,lws,joint,7.688909598966955,7.688909598966955,7.688909598966955
2267,lws,joint,7.722507848404509,7.722507848404509,7.722507848404509
2268,lws,joint,7.725402933108569,7.725402933108569,7.725402933108569
2269,lws,joint,7.740197104703818,7.740197104703818,7.740197104703818
2270,lws,joint,7.773058132510188,7.773058132510188,7.773058132510188
2271,lws,joint,7.745844012639393,7.745844012639393,7.745844012639393
2272,lws,joint,7.775345087956423,7.775345087956423,7.775345087956423
2273,lws,joint,7.780871101589891,7.780871101589891,7.780871101589891
2274,lws,joint,7.807165424708307,7.807165424708307,7.807165424708307
2275,lws,joint,7.8533246412006195,7.8533246412006195,7.8533246412006195
2276,lws,joint,7.865225345047305,7.865225345047305,7.865225345047305
2277,lws,joint,7.872838551560976,7.872838551560976,7.872838551560976
2278,lws,joint,7.9118231976985,7.9118231976985,7.9118231976985
2279,lws,joint,7.9348017492461915,7.9348017492461915,7.9348017492461915
2280,lws,joint,7.977922534412187,7.977922534412187,7.977922534412187
2281,lws,joint,8.006532087991166,8.006532087991166,8.006532087991166
2282,lws,joint,8.03185951279863,8.03185951279863,8.03185951279863
2283,lws,joint,8.0499034600549,8.0499034600549,8.0499034600549
2284,lws,joint,8.116341279421354,8.116341279421354,8.116341279421354
2285,lws,joint,8.139714457125011,8.139714457125011,8.139714457125011
2286,lws,joint,8.137398765347529,8.137398765347529,8.137398765347529
2287,lws,joint,8.159170684039587,8.159170684039587,8.159170684039587
2288,lws,joint,8.172828626575052,8.172828626575052,8.172828626575052
2289,lws,joint,8.172231570806126,8.172231570806126,8.172231570806126
2290,lws,joint,8.194764805358153,8.194764805358153,8.194764805358153
2291,lws,joint,8.230681629244744,8.230681629244744,8.230681629244744
2292,lws,joint,8.25136918701114,8.25136918701114,8.25136918701114
2293,lws,joint,8.28024664797876,8.28024664797876,8.28024664797876
2294,lws,joint,8.326013651481444,8.326013651481444,8.326013651481444
2295,lws,joint,8.335626014481752,8.335626014481752,8.335626014481752
2296,lws,joint,8.384229880799591,8.384229880799591,8.384229880799591
2297,lws,joint,8.452894857111993,8.452894857111993,8.452894857111993
2298,lws,joint,8.469119132579559,8.469119132579559,8.469119132579559
2299,lws,joint,8.464544351169279,8.464544351169279,8.464544351169279
2300,lws,joint,8.483616077316128,8.483616077316128,8.483616077316128
1990,total,fixed,-2.8821119214957402,-3.1456514039836434,-2.6478989839683513
1991,total,fixed,-2.7307410964867698,-2.979465163356445,-2.5114302524432497
1992,total,fixed,-2.6573552367140145,-2.8918912103445797,-2.4452340730010276
1993,total,fixed,-2.8215550632535393,-3.0582255160015355,-2.6047662881379705
1994,total,fixed,-2.7783416829703853,-3.0044022140624853,-2.5710319589200066
1995,total,fixed,-2.607993686791782,-2.8200142938176014,-2.413421607796837
1996,total,fixed,-2.4087582307709834,-2.603851303386505,-2.232799123612593
1997,total,fixed,-2.1748152540507775,-2.3477895591471882,-2.012511419474775
1998,total,fixed,-1.9439230186444334,-2.0994946178893565,-1.8004870381032236
1999,total,fixed,-1.6600287269284193,-1.783429703540085,-1.543274318425214
2000,total,fixed,-1.419846822162274,-1.5260095112947605,-1.3233949816868749
2001,total,fixed,-1.135732296290219,-1.221721673199053,-1.0574553764812924
2002,total,fixed,-0.8373146318823572,-0.90219140152509,-0.778693766481088
2003,total,fixed,-0.5431401275081242,-0.5869525869783037,-0.5034259442240383
2004,total,fixed,-0.18314834800533042,-0.20650665020732745,-0.16552967626122486
2005,total,fixed,0.10300985512422578,0.08135246942543493,0.11966378750134118
2006,total,fixed,0.42698985580961146,0.3940213687776598,0.46327572575561327
2007,total,fixed,0.7190952832948927,0.6648017165842555,0.780075470395018
2008,total,fixed,1.0065411174049004,0.9309685258685666,1.089480206877797
2009,total,fixed,1.2530104008953593,1.1625270394794713,1.3552824052927108
2010,total,fixed,1.5352394752477814,1.4253200347949957,1.6608439008777969
2011,total,fixed,2.0224811972054475,1.882676945829941,2.1792857851301046
2012,total,fixed,2.2969726033603894,2.1373847092952656,2.477152413486165
2013,total,fixed,2.6194354259167554,2.4413369541655414,2.8227859406340237
2014,total,fixed,2.9326822535166226,2.730838748991906,3.157838780764697
2015,total,fixed,3.2825266101799393,3.0529585557081504,3.53089759186961
2016,total,fixed,3.563889243031822,3.3102183802009395,3.838666911522948
2017,total,fixed,4.010778026884661,3.722635299169172,4.327765934793111
2018,total,fixed,4.349057853432751,4.035509864273634,4.693263079708321
2019,total,fixed,4.705283259730116,4.369664511656415,5.074151517090471
2020,total,fixed,5.1066867369349085,4.739281395023848,5.506113337752066
2021,total,fixed,5.487692383686826,5.094232774912339,5.913853489641134
2022,total,fixed,5.9166220415898705,5.4974702819668275,6.366256992097606
2023,total,fixed,6.261103533697078,5.817689165971597,6.739801301532726
2024,total,fixed,6.665766333086287,6.196110967087671,7.175434756660951
2025,total,fixed,7.074770051928963,6.5766101866744835,7.617099494768938
2026,total,fixed,7.530343882267366,7.002373522468289,8.109236353320181
2027,total,fixed,7.970333089597927,7.41527209233512,8.584900758353422
2028,total,fixed,8.419661249986735,7.831583000492644,9.067736521400967
2029,total,fixed,8.851514969172165,8.228521256666232,9.525309254304355
2030,total,fixed,9.316153854039307,8.663029688955987,10.01788787249574
2031,total,fixed,9.776356175618984,9.090048353391703,10.515432750502933
2032,total,fixed,10.236905973226627,9.520543624952566,11.008520924135336
2033,total,fixed,10.684084777797775,9.936086566972385,11.489791973300608
2034,total,fixed,11.161024003659428,10.381783375602694,11.998201735378782
2035,total,fixed,11.627592430106889,10.814068536826545,12.504032546400097
2036,total,fixed,12.131919959684481,11.28240386120107,13.045220663616306
2037,total,fixed,12.626199015929934,11.746172821000549,13.57744328704417
2038,total,fixed,13.139269746400345,12.215569990033579,14.130961712764986
2039,total,fixed,13.668445294869823,12.707144127629428,14.700725310502651
2040,total,fixed,14.192054384501649,13.18991807413227,15.274944424374965
2041,total,fixed,14.731986220552324,13.68960029026728,15.914269942387348
2042,total,fixed,15.302727670047199,14.221095989734918,16.532035753663283
2043,total,fixed,15.866029912066793,14.73619480188684,17.167546936435087
2044,total,fixed,16.38166995248079,15.210649430579371,17.774386962137154
2045,total,fixed,16.902869733926256,15.687961213692073,18.399422091240066
2046,total,fixed,17.45025095397639,16.1975521842646,19.011932996330003
2047,total,fixed,18.03844886668272,16.74496918955788,19.73973958588598
2048,total,fixed,18.674081571256593,17.31980869465527,20.57968163661601
2049,total,fixed,19.30047877531286,17.910869267597533,21.56596761802651
2050,total,fixed,19.950098850027594,18.49116397350365,23.08012950041297
2051,total,fixed,20.65380155370422,19.121687446591668,24.761618021906944
2052,total,fixed,21.34699610862903,19.761812287973857,26.59688701331616
2053,total,fixed,22.036555062949088,20.384785818158395,28.10180839197384
2054,total,fixed,22.743108024732308,20.98125348323943,29.87872941655281
2055,total,fixed,23.497491671307934,21.66815953946891,31.622850889525
2056,total,fixed,24.21218644939224,22.32521165868703,33.494948169800566
2057,total,fixed,24.94381613704941,22.979221534169163,35.36088034986393
2058,total,fixed,25.7146014436198,23.642043997729235,37.21909538839434
2059,total,fixed,26.514911045745585,24.336138335632686,39.133447207771624
2060,total,fixed,27.371949623637917,25.039759462519672,40.85896655206901
2061,total,fixed,28.25072710974378,25.761070923266754,42.81480030664474
2062,total,fixed,29.092752548398728,26.45450952650604,44.698627748841545
2063,total,fixed,29.975178712805004,27.22323438609223,46.590129480354534
2064,total,fixed,30.92638869322351,27.968815386999303,48.50056850208306
2065,total,fixed,31.958768548287736,28.69830105451634,50.45177989871845
2066,total,fixed,33.10767630265728,29.457178726305067,52.48953168037963
2067,total,fixed,34.18866418882557,30.21777216404372,54.555800934207525
2068,total,fixed,35.51235269884903,31.05111228250494,56.501804658368
2069,total,fixed,36.9697610356264,31.854706645989552,58.575748195177184
2070,total,fixed,38.50463603230419,32.69702582711253,60.627117323016854
2071,total,fixed,40.13261045446114,33.53730187370417,62.58204937784369
2072,total,fixed,41.853766808364966,34.49186060723669,64.62126811997075
2073,total,fixed,43.512166704861734,35.372338942454334,66.64562231161376
2074,total,fixed,45.264213313179596,36.26302302169314,68.73709030448053
2075,total,fixed,47.03171360646405,37.204470251280085,70.94838531327015
2076,total,fixed,48.84916047076936,38.13761962188684,73.1281388200926
2077,total,fixed,50.558092065943825,39.101638081820354,75.31388455794675
2078,total,fixed,52.34808267923767,40.09760481344921,77.5420801823574
2079,total,fixed,54.15852655416114,41.06337212412759,79.76340600969418
2080,total,fixed,55.940616787150304,42.053397081089244,81.91449408159701
2081,total,fixed,57.738424771047804,43.023369138327844,84.07497158460671
2082,total,fixed,59.608491359151635,44.05180065810981,86.2926186460916
2083,total,fixed,61.5937847067776,45.29906161243647,88.53647856207348
2084,total,fixed,63.5517549898952,46.63624795092802,90.84053473422678
2085,total,fixed,65.35422780139848,47.784068024827164,93.17039500468117
2086,total,fixed,67.18790701672839,48.99780071646035,95.39329807641657
2087,total,fixed,69.01188234114595,50.36392499037549,97.69583312471283
2088,total,fixed,70.97404689613607,51.68015798179303,99.95063355027978
2089,total,fixed,73.00137047547722,53.085987566366164,102.25003228251288
2090,total,fixed,75.05317004632883,54.34238652198028,104.72959206662902
2091,total,fixed,76.98595056588081,55.57674332896294,107.18694185774716
2092,total,fixed,78.8939593269342,56.96805087936846,109.24806129141082
2093,total,fixed,80.89776949348229,58.64845194972234,111.6099855053833
2094,total,fixed,82.87718764161701,60.263398010907295,114.5320911689391
2095,total,fixed,84.91205698433905,61.83923804204575,116.95845633797978
2096,total,fixed,86.97390516665354,63.347319920547406,119.4178655062595
2097,total,fixed,89.0117511815993,65.21016546240011,121.90821859519403
2098,total,fixed,90.99928269878411,67.09171767086983,124.28344561298076
2099,total,fixed,92.99351857981286,68.88712895620104,126.6833907413637
2100,total,fixed,94.96611419240156,70.72240537649657,129.07594503183412
2101,total,fixed,97.03313829386875,72.68949839514244,131.5919020125582
2102,total,fixed,99.08483086154584,74.63727516445395,133.98264902849374
2103,total,fixed,101.1718464642739,76.37636788604956,136.43225591024964
2104,total,fixed,103.19564850768131,77.9844260752476,138.88070115555587
2105,total,fixed,105.18512920235054,79.66974792769635,141.4929971581517
2106,total,fixed,107.27829245586867,81.41935123581607,144.1172048189574
2107,total,fixed,109.43563934466843,83.11720569649255,146.6200571042363
2108,total,fixed,111.5731304735588,85.03277525763716,149.1519137719503
2109,total,fixed,113.70189502818148,86.82584598477308,151.6331402163239
2110,total,fixed,115.85314263735917,88.55854760668241,154.09504091661594
2111,total,fixed,118.01567628934441,90.22596373226747,156.57382527202378
2112,total,fixed,120.13487557456682,91.95700290909214,159.1901437824894
2113,total,fixed,122.27114986391304,93.84159369532634,161.8176716376644
2114,total,fixed,124.40438062753152,95.69836366117961,164.5197436632947
2115,total,fixed,126.59796509623715,97.70121699763399,167.03857052756535
2116,total,fixed,128.77256874305505,99.62356521814995,169.60924251764217
2117,total,fixed,130.8870634109175,101.40072043994113,172.05719084282282
2118,total,fixed,132.9624646019674,102.97987783693715,174.69399495578813
2119,total,fixed,135.11513554318776,104.78524241874223,177.28636089534814
2120,total,fixed,137.294995229354,106.62260604676058,179.869895468132
2121,total,fixed,139.5392748015974,108.37520613313286,182.65283445673714
2122,total,fixed,141.66452407463885,110.10771025494986,185.27527647818
2123,total,fixed,143.77811721124,111.9200025998804,187.8382202039725
2124,total,fixed,145.87158595746666,113.68611388651289,190.41095418829116
2125,total,fixed,147.9516524727871,115.46365496181564,193.07217793320692
2126,total,fixed,150.18276968670364,117.11772224495546,195.81854765546552
2127,total,fixed,152.3043736832628,118.90063169842267,198.4202109153061
2128,total,fixed,154.47403550855702,120.67786070949364,200.8131336329832
2129,total,fixed,156.71483549048915,122.70060153612029,203.43568364061127
2130,total,fixed,158.9740953150487,124.62863859814561,206.03679110484512
2131,total,fixed,161.18367445245332,126.45280318368651,208.64507449748976
2132,total,fixed,163.35274413685795,128.23687338647778,211.26694206783588
2133,total,fixed,165.47887795963487,130.01966635845494,213.82748008251406
2134,total,fixed,167.62772865673182,131.81041350251022,216.53958491742165
2135,total,fixed,169.76766283311383,133.5914676534088,219.3363430139903
2136,total,fixed,171.92928426575583,135.36848827072873,221.84738187754215
2137,total,fixed,174.12501084281433,137.0988981580833,224.54370090735634
2138,total,fixed,176.45133943650103,138.95856665126504,227.27798983801802
2139,total,fixed,178.80456190403845,140.7961297343948,230.02425353181948
2140,total,fixed,180.97108586063132,142.53718160254385,232.74949470489375
2141,total,fixed,183.0824952092388,144.19486144370677,235.33509694547632
2142,total,fixed,185.28244135929293,146.05538316657237,237.93974439176492
2143,total,fixed,187.69486394351833,147.9599539326263,240.568946994733
2144,total,fixed,189.99090739435877,149.65309125965328,243.33737621869489
2145,total,fixed,192.1774382618646,151.5680457143623,246.09807862243508
2146,total,fixed,194.4461523360289,153.33262169214487,248.66126532289354
2147,total,fixed,196.67150893044965,155.03266344131438,251.17181482505222
2148,total,fixed,198.85473020144798,156.80657736747574,253.7138684538928
2149,total,fixed,201.1706272757874,158.51415203024135,256.4077693978952
2150,total,fixed,203.3102161247523,160.2442608345092,258.99814213460166
2151,total,fixed,205.46156926458661,161.98217646176914,261.6462707699384
2152,total,fixed,207.58499574329798,163.7219913368265,264.4348232287344
2153,total,fixed,209.78797236460503,165.50244739071988,267.23350680388285
2154,total,fixed,211.99004990822652,167.28578334666145,269.83638574897356
2155,total,fixed,214.26894427497928,169.07625321744612,272.2885763243066
2156,total,fixed,216.41211537004946,171.1368500083143,274.7266153794743
2157,total,fixed,218.6088488718509,172.87317706705835,277.17946501591143
2158,total,fixed,220.8172262888988,174.5978441005265,279.7420905195499
2159,total,fixed,223.01170970693073,176.34649723150653,282.53609246454135
2160,total,fixed,225.2601113020927,178.11591373078912,285.4246663296693
2161,total,fixed,227.5231472788887,179.8212540508016,288.2876989468923
2162,total,fixed,229.849097400146,181.552303634245,291.0603477427736
2163,total,fixed,232.14785407407317,183.35153930557777,294.01842622182386
2164,total,fixed,234.3063771041352,185.20984998448998,296.91319384474957
2165,total,fixed,236.47169056444267,186.97015457951727,299.810772615633
2166,total,fixed,238.69136040570777,188.69191900113896,302.5583596751008
2167,total,fixed,240.81493727551944,190.39232289789018,305.2342221355312
2168,total,fixed,243.0649452907792,192.12883850227948,307.9843005635796
2169,total,fixed,245.3850590183901,193.9868805499696,310.65959219703535
2170,total,fixed,247.61362334825208,195.82767379296016,313.31598723687404
2171,total,fixed,249.8344466670299,197.47687362486766,316.2214432380216
2172,total,fixed,251.9928843496392,199.24316896653372,319.0601315383412
2173,total,fixed,254.27661301822633,201.04357984592454,321.6781078516048
2174,total,fixed,256.42748482740546,202.769672571658,324.29189805227406
2175,total,fixed,258.55690650884833,204.58211260982512,326.90047656492214
2176,total,fixed,260.71019918428755,206.4995291810791,329.5132386548618
2177,total,fixed,262.85346642476463,208.3283491223735,332.1691375263394
2178,total,fixed,265.12816439573504,210.02817848457568,335.0080513589771
2179,total,fixed,267.519507807653,211.65800119073097,337.87562415383894
2180,total,fixed,269.74237774851815,213.37659554979498,340.7388407137915
2181,total,fixed,272.01424961429984,215.25268919110567,343.60789551226
2182,total,fixed,274.192818529905,217.05912498397635,346.4832679905078
2183,total,fixed,276.4372592173489,218.84788401328515,349.3798207486885
2184,total,fixed,278.70613750915754,220.72080840059803,352.2701534397896
2185,total,fixed,281.0008182145954,222.46019468165542,355.16163983874594
2186,total,fixed,283.1781996540682,224.1444995449661,357.998991223775
2187,total,fixed,285.49709337254853,225.83054708923586,360.8390760095687
2188,total,fixed,287.8784276029752,227.55241568224807,363.7074657771631
2189,total,fixed,290.21332980659986,229.32533045001236,366.5697535579128
2190,total,fixed,292.5164388422306,231.13654652589364,369.3845923777943
2191,total,fixed,294.795378404757,232.78072830034188,372.0963291226905
2192,total,fixed,296.9386357912669,234.50799967954563,374.7703319733581
2193,total,fixed,299.3035907032027,236.27884315288895,377.69969660380184
2194,total,fixed,301.59457081783717,238.06037271698062,380.64365619928446
2195,total,fixed,303.79842611092937,239.80424871803095,383.4347390862596
2196,total,fixed,305.9177051721445,241.5116693832926,386.1731783599016
2197,total,fixed,308.16744847747157,243.2822004939843,388.9626675641941
2198,total,fixed,310.41702124298104,245.03653142322952,391.724805127666
2199,total,fixed,312.66513968019194,246.8017233268173,394.3541307188483
2200,total,fixed,314.93564460449494,248.53454270251882,396.9635368816093
2201,total,fixed,317.16969959635753,250.2739162631899,399.55859810340075
2202,total,fixed,319.36035718615517,251.99848040247932,402.1783405005012
2203,total,fixed,321.6251302599834,254.0056567612925,404.81555810390455
2204,total,fixed,323.74037450550696,255.77070029814968,407.43650480129867
2205,total,fixed,325.9228051761403,257.5359032805693,410.07315361276136
2206,total,fixed,328.08348557361535,259.2861419079259,412.68303275381095
2207,total,fixed,330.5216093965191,261.02734258587265,415.28218339063085
2208,total,fixed,332.75149071131943,262.7590006679564,417.8687413146879
2209,total,fixed,334.9991661196283,264.53029394467274,420.722100488008
2210,total,fixed,337.1953104654155,266.2483363736479,423.6341212156989
2211,total,fixed,339.3469187637671,267.95463894879333,426.4389406726389
2212,total,fixed,341.58661434156056,269.70011017389584,429.00504789359655
2213,total,fixed,343.7388241138472,271.42508843416766,431.54621726065017
2214,total,fixed,345.98221947251653,273.1668092327259,434.32889518394165
2215,total,fixed,348.28383233843687,274.8697322692009,437.19262330078004
2216,total,fixed,350.6605585980684,276.59785876540315,440.1078320010572
2217,total,fixed,353.0112873330736,278.35836067723386,443.0576218015312
2218,total,fixed,355.1222809002655,280.07035050475406,445.94253223716856
2219,total,fixed,357.362832685473,281.7835460953055,448.84972005794964
2220,total,fixed,359.55371657926094,283.42651745439235,451.7416096021501
2221,total,fixed,361.70882840923196,285.08473112943136,454.66717541446644
2222,total,fixed,363.8228443803618,286.7633801136266,457.39004225934843
2223,total,fixed,365.9447187027639,288.45241021375614,460.00859481807174
2224,total,fixed,368.0745300232313,290.26177422013376,462.6239159374684
2225,total,fixed,370.3073303952084,292.0397350503808,465.3429785249791
2226,total,fixed,372.4300548343048,293.7840464123749,468.1058718130715
2227,total,fixed,374.7242735440608,295.6081139328914,470.93665956630025
2228,total,fixed,376.9736586699331,297.30462277983384,473.72837621448565
2229,total,fixed,379.2319828633643,299.0495164482295,476.52856530492863
2230,total,fixed,381.385994972224,300.76528229723965,479.2925165036884
2231,total,fixed,383.52915286456766,302.4326271012827,481.9293154895256
2232,total,fixed,385.732585296057,304.08466271129174,484.5396697304958
2233,total,fixed,387.8964724957672,305.7237028868758,487.56245442511903
2234,total,fixed,389.9848868407411,307.3492300993995,490.3518912149341
2235,total,fixed,392.13718864644693,308.9814950803106,492.8894260886321
2236,total,fixed,394.4397974225345,310.6526249086613,495.6284125165869
2237,total,fixed,396.616083385132,312.4654704817248,498.1878683227352
2238,total,fixed,398.87416224249563,314.21030697218475,500.7702121537983
2239,total,fixed,401.1093793934243,315.85241934263416,503.31950087574114
2240,total,fixed,403.2314371389358,317.5173508318459,506.0231616694834
2241,total,fixed,405.3830733951452,319.34077002066704,508.84220266072475
2242,total,fixed,407.5987694594316,321.1772556878252,511.7222325389728
2243,total,fixed,409.7331310772894,322.88646928988567,514.5697462427809
2244,total,fixed,411.8650252408527,324.50163235487923,517.4280091526082
2245,total,fixed,413.9579908837683,326.0850859463155,520.2542241004537
2246,total,fixed,416.0488325347113,327.6481789325576,523.0594823822506
2247,total,fixed,418.18632786829914,329.2944997115169,525.9479599089417
2248,total,fixed,420.28995029261404,330.89027484592737,528.7691269438318
2249,total,fixed,422.3554622336608,332.4903143489544,531.3826195906122
2250,total,fixed,424.408943297919,334.087855906122,533.9521422146148
2251,total,fixed,426.4813917189358,335.69704032290247,536.6587005611431
2252,total,fixed,428.7116553214847,337.3389388669367,539.4177703947311
2253,total,fixed,430.97943078035337,339.02697674974064,542.1946873552122
2254,total,fixed,433.14669179049196,340.7395947733188,544.9952475893749
2255,total,fixed,435.2819836623124,342.3521068607968,547.7874779914482
2256,total,fixed,437.3679422000366,343.9186420208118,550.5497120998679
2257,total,fixed,439.41882123377894,345.4626013682485,553.2740944556188
2258,total,fixed,441.5629552674647,347.1585926576114,556.0366135932212
2259,total,fixed,443.5402869383464,348.89945786259864,558.5596264902018
2260,total,fixed,445.7461733279707,350.6861812619233,561.1279569805014
2261,total,fixed,447.88445030508353,352.46382895208285,563.8526903529382
2262,total,fixed,449.9694059309588,354.1620756856602,566.5769236862559
2263,total,fixed,452.0875143300205,355.8007585084546,569.3190308514021
2264,total,fixed,454.1763712311133,357.41336289055045,572.026030824328
2265,total,fixed,456.1942909086853,359.138688660948,574.7128305645513
2266,total,fixed,458.27327320399263,360.81301316887584,577.4470869933615
2267,total,fixed,460.3440981951311,362.4715075461874,580.1581603904666
2268,total,fixed,462.42158784344736,364.102247625304,582.8355042833899
2269,total,fixed,464.4650389753524,365.7415499302503,585.5202647785146
2270,total,fixed,466.52064577636025,367.28025107074404,588.1338849998442
2271,total,fixed,468.579709082112,368.9565149804708,590.697064129015
2272,total,fixed,470.6545125008031,370.62285694372093,593.3488865473546
2273,total,fixed,472.72003266890056,372.2371260955392,595.89863616007
2274,total,fixed,474.81225847397263,373.8655186315549,598.4693809303453
2275,total,fixed,476.9253053461209,375.43951359139555,601.0596746958603
2276,total,fixed,478.9481021646368,376.97981600835027,603.6156042958066
2277,total,fixed,480.9840042392948,378.51350770006195,606.1640300976145
2278,total,fixed,483.0859008234082,380.15556355209725,608.7402189984405
2279,total,fixed,485.1389290163355,381.8417107143861,611.2965629218518
2280,total,fixed,487.2545938533375,383.4107926517719,613.9088560582278
2281,total,fixed,489.3716498345707,384.96520633903486,616.8011444743377
2282,total,fixed,491.4378475152007,386.51412672108455,619.6642698539479
2283,total,fixed,493.4511937036418,388.06234001528907,622.2132569838581
2284,total,fixed,495.5445401028468,389.65649071484717,624.807172515838
2285,total,fixed,497.62365499754037,391.2365383470091,627.3569572360786
2286,total,fixed,499.6765797417073,392.8224931478938,629.8816033362858
2287,total,fixed,501.7555222414797,394.36455484299796,632.4327898529979
2288,total,fixed,503.82457683718224,395.897039030463,634.9737561000811
2289,total,fixed,505.8778605329109,397.41403371933046,637.4986140947393
2290,total,fixed,507.95416892540754,398.95084239423494,640.0396826447164
2291,total,fixed,510.0486769621358,400.5021502379045,642.5940370632208
2292,total,fixed,512.1257926246914,402.03647379612295,645.1308812965608
2293,total,fixed,514.2112859687907,403.5800686460309,647.676151681343
2294,total,fixed,516.2631024378851,405.1511761683651,650.3829171528398
2295,total,fixed,518.3187000335952,406.710202540105,653.0861947221587
2296,total,fixed,520.4174024719564,408.22882896021,655.7633021604037
2297,total,fixed,522.5382716846432,409.81296523072086,658.3494925939235
2298,total,fixed,524.6139348618057,411.35316449988574,660.8895528952297
2299,total,fixed,526.6651970515356,412.8725527635424,663.4047004057352
2300,total,fixed,528.7429946836019,414.47815029102037,665.9455510571096
1990,total,joint,-2.8821119214957402,-3.1456514039836434,-2.6478989839683513
1991,total,joint,-2.7307410964867698,-2.979465163356445,-2.5114302524432497
1992,total,joint,-2.6573552367140145,-2.8918912103445797,-2.4452340730010276
1993,total,joint,-2.8215550632535393,-3.0582255160015355,-2.6047662881379705
1994,total,joint,-2.7783416829703853,-3.0044022140624853,-2.5710319589200066
1995,total,joint,-2.607993686791782,-2.8200142938176014,-2.413421607796837
1996,total,joint,-2.4087582307709834,-2.603851303386505,-2.232799123612593
1997,total,joint,-2.1748152540507775,-2.3477895591471882,-2.012511419474775
1998,total,joint,-1.9439230186444334,-2.0994946178893565,-1.8004870381032236
1999,total,joint,-1.6600287269284193,-1.783429703540085,-1.543274318425214
2000,total,joint,-1.419846822162274,-1.5260095112947605,-1.3233949816868749
2001,total,joint,-1.135732296290219,-1.221721673199053,-1.0574553764812924
2002,total,joint,-0.8373146318823572,-0.90219140152509,-0.778693766481088
2003,total,joint,-0.5431401275081242,-0.5869525869783037,-0.5034259442240383
2004,total,joint,-0.18314834800533042,-0.20650665020732745,-0.16552967626122486
2005,total,joint,0.10300985512422578,0.08135246942543493,0.11966378750134118
2006,total,joint,0.42698985580961146,0.3940213687776598,0.46327572575561327
2007,total,joint,0.7190952832948927,0.6648017165842555,0.780075470395018
2008,total,joint,1.0065411174049004,0.9309685258685666,1.089480206877797
2009,total,joint,1.2530104008953593,1.1625270394794713,1.3552824052927108
2010,total,joint,1.5352394752477814,1.4253200347949957,1.6608439008777969
2011,total,joint,2.0224811972054475,1.882676945829941,2.1792857851301046
2012,total,joint,2.2969726033603894,2.1373847092952656,2.477152413486165
2013,total,joint,2.6194354259167554,2.4413369541655414,2.8227859406340237
2014,total,joint,2.9326822535166226,2.730838748991906,3.157838780764697
2015,total,joint,3.286968859007448,2.85452124520903,3.716345002256195
2016,total,joint,3.5673206286882966,3.0839624486780943,4.046775328344017
2017,total,joint,4.0067815463544605,3.473706114094526,4.5446873994682075
2018,total,joint,4.351799923233623,3.75409589541578,4.933346956702438
2019,total,joint,4.703527897809512,4.058832636185951,5.3418623349197
2020,total,joint,5.107084676167615,4.4226251382177315,5.7911698698400755
2021,total,joint,5.484418656447632,4.747965876912721,6.218397962125661
2022,total,joint,5.910159133657442,5.125541605073375,6.706958468108106
2023,total,joint,6.253836590469636,5.4233218477676655,7.1079290885833455
2024,total,joint,6.651459338673838,5.751636958838124,7.589214151267393
2025,total,joint,7.063575395754755,6.109582129262588,8.058948272833163
2026,total,joint,7.516429851072236,6.488456161823227,8.576973846013194
2027,total,joint,7.954623921440285,6.84956036041798,9.114802897959558
2028,total,joint,8.40470040830947,7.237588490623756,9.653057321331215
2029,total,joint,8.832146507782511,7.61344450592138,10.167279894220218
2030,total,joint,9.298905615135773,8.020454264985581,10.720343179227477
2031,total,joint,9.749524674796316,8.39844487616333,11.255306353318325
2032,total,joint,10.214125678730841,8.804804516373611,11.801116229884686
2033,total,joint,10.663331415184954,9.179331537824114,12.359902157429543
2034,total,joint,11.138646618735034,9.585476564663855,12.919499991959167
2035,total,joint,11.604303120697612,9.986529975231026,13.50466922046598
2036,total,joint,12.102970670145897,10.417725818089401,14.15426650665741
2037,total,joint,12.579586821137683,10.83929224244544,14.753708512676566
2038,total,joint,13.085472116492287,11.267456742137533,15.413890631676528
2039,total,joint,13.625462821309174,11.716954117144386,16.21063530574183
2040,total,joint,14.15212170022426,12.164402373941021,16.965944142370915
2041,total,joint,14.693181944877116,12.60942189342199,17.713166571890383
2042,total,joint,15.247838537488363,13.109144463498836,18.548858485118206
2043,total,joint,15.811263866696306,13.562101319131227,19.516611060935
2044,total,joint,16.319728933846463,13.983100944164033,20.49788939568398
2045,total,joint,16.83813698445911,14.388279924357395,21.50024344971695
2046,total,joint,17.3992210794295,14.828143007446231,22.756180044876746
2047,total,joint,18.010103215537146,15.3175248689098,24.154196776162852
2048,total,joint,18.638501470141772,15.804026914850594,25.88949289016853
2049,total,joint,19.262468975372308,16.25281320762657,27.326164957540982
2050,total,joint,19.913503610164877,16.790426468412246,28.92163655120444
2051,total,joint,20.612041861444755,17.34927460099558,30.569600463151485
2052,total,joint,21.322394585416017,17.918567892487506,32.58067209778188
2053,total,joint,21.9855742871974,18.42381947573401,34.42284667823203
2054,total,joint,22.67859873499046,18.929078602402555,36.13078137738257
2055,total,joint,23.50828617147044,19.504410410109948,37.925968435624554
2056,total,joint,24.228159452986016,20.022112360483096,40.035877161380846
2057,total,joint,24.987856685399578,20.578096403956277,41.97113596099872
2058,total,joint,25.755941990592802,21.135969829362857,43.96554288720049
2059,total,joint,26.550645518434067,21.701835907806718,46.013091479022194
2060,total,joint,27.397397866640663,22.320389373228902,48.076262327286464
2061,total,joint,28.300462748604865,22.888517762488423,49.925273595236014
2062,total,joint,29.186297352244416,23.41234604327873,51.953778524109104
2063,total,joint,30.16073537726424,24.036020460068634,53.866842349877054
2064,total,joint,31.25858643963568,24.664855369151596,55.87522192064815
2065,total,joint,32.33051170080745,25.271496063523916,57.81680628985045
2066,total,joint,33.39312303042553,25.944526458511287,60.070921431857634
2067,total,joint,34.55307629413575,26.548552012856184,62.012517773181315
2068,total,joint,35.779704970374034,27.247777144221416,64.16026342026029
2069,total,joint,37.0302720467955,27.911293952194754,66.65127835972021
2070,total,joint,38.225404212496215,28.61754898815126,68.96862929874892
2071,total,joint,39.599448373348665,29.261961302803886,71.10574627039955
2072,total,joint,41.023323371920775,30.04949947915778,73.30421664480046
2073,total,joint,42.49883359760962,30.75106863355764,75.57734039334836
2074,total,joint,44.00000042571298,31.51114239491283,77.99953859373647
2075,total,joint,45.75227457469735,32.23054216161361,80.10534806729876
2076,total,joint,47.45855043292116,33.0300773472916,82.43502454803904
2077,total,joint,49.24720453827551,33.769827267343146,84.69391188607509
2078,total,joint,51.01689008852184,34.631121970224065,87.02011695790999
2079,total,joint,52.76682171578656,35.42096454451769,89.45873152194311
2080,total,joint,54.430498425244195,36.394810341704876,91.79540996666628
2081,total,joint,56.160752756131515,37.17337997933674,94.10676603038992
2082,total,joint,58.021665741393264,37.92778528502421,96.53778502354449
2083,total,joint,59.92236020374064,38.770691607352624,98.88232457760493
2084,total,joint,61.80033034981571,39.66341020100925,101.53983227080775
2085,total,joint,63.68026296186962,40.67105568236166,104.13871220219495
2086,total,joint,65.60824667098251,41.59164312930945,106.86388121094481
2087,total,joint,67.72615093911877,42.64345400218384,109.30239547739973
2088,total,joint,69.54490576896568,43.49775245094573,111.83957162215985
2089,total,joint,71.46963741192249,44.307543162397714,114.35511143709113
2090,total,joint,73.36536477903262,45.29827641864356,116.79516686420818
2091,total,joint,75.25070571268118,46.47203753392308,119.4490077963396
2092,total,joint,77.2894655341488,47.462553041159744,122.01913104645502
2093,total,joint,79.41205972836573,48.45892658767036,124.73282980745937
2094,total,joint,81.46539645561253,49.45832124742745,127.11159931978175
2095,total,joint,83.48830791556908,50.416215009095986,129.87757307439662
2096,total,joint,85.37885233196968,51.605386673291626,132.72877517893514
2097,total,joint,87.33758266324594,52.729493309294,135.34315483436507
2098,total,joint,89.27274680499202,53.8629527179762,137.8392230407468
2099,total,joint,91.22844995906524,55.16446071728249,140.55564049007543
2100,total,joint,93.13315319479793,56.512888193853726,143.21692590499896
2101,total,joint,95.13624507049005,57.862539172103105,146.08382883022932
2102,total,joint,97.21702595302466,59.26468383397192,148.90461608275956
2103,total,joint,99.1709861802876,60.6041108897393,151.55023390274982
2104,total,joint,101.13329545573231,61.80393075243031,154.01686896539155
2105,total,joint,103.12611736825116,63.144904221887565,156.8695243715365
2106,total,joint,105.21506200066784,64.51888473894176,159.83196305951995
2107,total,joint,107.33683003034932,66.10676984001708,163.05574812465818
2108,total,joint,109.50301560786467,67.9896295252071,166.10538932279604
2109,total,joint,111.65950037005348,69.36541755523672,168.8763071134443
2110,total,joint,113.8002715698745,70.62533748394142,171.4470814495177
2111,total,joint,115.98127553326458,72.06453001719888,174.06184879170047
2112,total,joint,118.05439880693027,73.98488961606829,176.89997300313775
2113,total,joint,120.15889995056261,75.63341160578739,179.82039565826148
2114,total,joint,122.3959014694475,77.17887890359498,182.50244928292864
2115,total,joint,124.49130121004205,78.83370859105277,185.65660909013243
2116,total,joint,126.73800605252872,80.47010890312926,188.47588352105032
2117,total,joint,128.7205858206177,81.7576134674424,191.00875275594802
2118,total,joint,130.8372037603174,83.21442112234851,193.97481063827334
2119,total,joint,132.9684850562596,84.78940640209763,197.0898787007936
2120,total,joint,135.07941010194008,86.37403413927308,199.9762976974444
2121,total,joint,137.19981432013716,87.96430397788323,202.7124596989542
2122,total,joint,139.4058854160606,89.89180361212614,205.5130557445968
2123,total,joint,141.38892177079688,91.3623156020346,208.47245959188217
2124,total,joint,143.4668703460816,92.74323594152449,211.4166999618846
2125,total,joint,145.472810239772,94.55090313592099,214.39243640948035
2126,total,joint,147.55022040974524,96.33486664414217,217.48599306476788
2127,total,joint,149.69499383388336,97.76719089813467,220.60323712617213
2128,total,joint,151.88170112409472,99.37947136977463,223.63146585619668
2129,total,joint,154.11252270776316,100.99074695400748,226.91158060908012
2130,total,joint,156.2737989568099,102.73196657390268,230.1242217295339
2131,total,joint,158.5305138408453,104.50102316386203,233.52163247491066
2132,total,joint,160.5690159255781,106.23474314187675,236.70867545753293
2133,total,joint,162.7105685105018,107.95623085285035,239.82165394913133
2134,total,joint,164.81458085135,109.20153563466276,242.8544868326435
2135,total,joint,167.13303774969935,111.02589037633996,245.86373628831655
2136,total,joint,169.32862736378343,112.75554435117591,248.7601992949079
2137,total,joint,171.53012387233827,114.24507491085481,251.68389197059034
2138,total,joint,173.59527146917495,115.77403045867939,254.6535026223283
2139,total,joint,175.6326171626149,117.27348108067066,257.8234909210695
2140,total,joint,177.8388569542376,119.24266661279955,260.83136767308224
2141,total,joint,180.00935929715038,120.91443066839281,263.81349133086565
2142,total,joint,182.16266874720458,122.3331611099648,266.7903584211082
2143,total,joint,184.30183786155695,123.72293767507661,269.77603204850243
2144,total,joint,186.4109919746284,125.11307189416722,272.4482019956709
2145,total,joint,188.60422710280614,126.47393016681151,275.32086811983635
2146,total,joint,190.68402624714275,127.85936909587646,278.58441935863976
2147,total,joint,192.8762142526072,129.48870707164943,281.4614037750295
2148,total,joint,195.0723339296825,131.18786263671421,284.3919582443623
2149,total,joint,197.2293474463915,132.55417905570803,287.53846951034774
2150,total,joint,199.36721167061188,134.15304224682185,290.3447789613458
2151,total,joint,201.61340355124943,135.90151368933365,293.1487450086302
2152,total,joint,203.79313539022135,137.36882867530528,296.3401042530435
2153,total,joint,205.906191201779,138.84579234594165,299.5205595692147
2154,total,joint,208.11712557927953,140.45037861418302,302.45991676508845
2155,total,joint,210.40090052897358,142.0145884868367,305.41981261315414
2156,total,joint,212.5953406276321,143.78921457515048,308.3442154934505
2157,total,joint,214.78494260165422,145.38642696258927,311.66880199865363
2158,total,joint,216.92448981382182,146.80050874756512,315.0228113333955
2159,total,joint,219.20558610393073,148.35503082565833,318.13996201055556
2160,total,joint,221.47709821262947,149.8370980909467,321.2008748952657
2161,total,joint,223.6399755325615,151.5316065153446,324.18155859333683
2162,total,joint,225.74103179455352,152.87160761901364,327.2649647312855
2163,total,joint,228.00991853000352,154.63048334676267,330.8077470816433
2164,total,joint,230.20367769749834,156.29483797966455,334.31621885072406
2165,total,joint,232.36102813365252,157.88824654023074,337.4048998380995
2166,total,joint,234.58799761934705,159.4866767233029,340.4653627211591
2167,total,joint,236.88860502002842,160.87480961405745,343.62010595793396
2168,total,joint,239.1522006278986,162.13532255921635,346.63194909998685
2169,total,joint,241.39765996920448,163.59099596846053,350.28663846468766
2170,total,joint,243.68022247922113,164.9373300615645,353.65588150988117
2171,total,joint,245.9013754112703,166.34559834679416,357.06104294145337
2172,total,joint,247.86001163800046,167.65276976024714,360.49912472262605
2173,total,joint,250.04802165413489,169.0446833761348,363.8805414008026
2174,total,joint,252.256869866797,170.43208632181484,367.2502992285218
2175,total,joint,254.40076744299984,171.92626547090921,370.61707748013896
2176,total,joint,256.5934832895896,173.39616568452774,373.9105234474285
2177,total,joint,258.64747884024985,174.63074906869866,377.3220879494056
2178,total,joint,260.72737845105036,175.87416623246182,380.6529923839563
2179,total,joint,262.9896489155195,177.07066085544292,383.7706575266392
2180,total,joint,265.17793812868047,178.58012214713452,386.6733661500665
2181,total,joint,267.3516210182413,179.8792812024764,389.72805021494827
2182,total,joint,269.5196593774816,181.48030663527618,393.26020316194604
2183,total,joint,271.59773830260144,183.11141718852275,397.20025810045615
2184,total,joint,273.80102908585013,184.4282587718859,401.1807880155045
2185,total,joint,276.138442754587,185.7921777186928,404.6166720881196
2186,total,joint,278.39787843502364,187.1697429639907,407.7079133378297
2187,total,joint,280.6147396342048,188.72776609182287,411.16406741837375
2188,total,joint,282.85898514573233,190.33468030829044,414.1581575024261
2189,total,joint,285.1001442246568,191.53606828674992,417.0148052432468
2190,total,joint,287.416929271651,192.944415976186,420.0080183181799
2191,total,joint,289.6354565898596,194.21430631838155,423.07640444253315
2192,total,joint,291.7497228251752,195.503441119299,426.07470362138116
2193,total,joint,293.87344658632895,196.97136957861218,429.0816514514356
2194,total,joint,295.9878346207839,198.38386131453234,432.10364622951903
2195,total,joint,298.01635789349154,199.78570575075466,435.1052977014016
2196,total,joint,300.1784075854184,201.16266342876241,438.0485130498118
2197,total,joint,302.3568173668456,202.50792533613824,441.4467640256653
2198,total,joint,304.5321975490197,203.91844644646,444.63948237509135
2199,total,joint,306.77039975828734,205.22868985163268,447.72530775261106
2200,total,joint,308.99909249402754,206.5226954179556,450.8028385415612
2201,total,joint,311.16570151582016,207.83060063344982,453.9665178666985
2202,total,joint,313.2289793892264,209.27950912395139,457.45535995523096
2203,total,joint,315.4860783254657,210.50695645018936,460.8568349657647
2204,total,joint,317.60989781969283,211.78490567974484,464.30937793563646
2205,total,joint,319.7799692462117,213.3333181521874,468.0576610813137
2206,total,joint,321.8696841501764,214.8106434077206,471.3886970468886
2207,total,joint,324.0522375621067,216.29504685471542,474.81798445081296
2208,total,joint,326.17713985694473,217.7139586081263,478.2278662607153
2209,total,joint,328.2784041511899,218.97796551823686,481.72358639947964
2210,total,joint,330.3465036324834,220.13294966345157,484.8110535722399
2211,total,joint,332.4325935967526,221.5895190757597,487.58878719391583
2212,total,joint,334.6360795424009,223.11955441723367,490.36814996201997
2213,total,joint,336.8069744999906,224.6395723948495,493.31823528247617
2214,total,joint,338.8782669836007,226.08823165845888,496.67551349454
2215,total,joint,341.08724067328234,227.43848711190262,500.18794627901883
2216,total,joint,343.2349989720599,228.78798681790295,503.6120320207823
2217,total,joint,345.345154847696,230.16217442006493,506.9584624348383
2218,total,joint,347.50644383172937,231.4468700381037,510.37248034192635
2219,total,joint,349.7105281758797,232.72710871319114,513.6140640400387
2220,total,joint,351.8506909311418,234.09526660113858,517.1687353969553
2221,total,joint,354.0581036639617,235.5439570723773,520.5825300682998
2222,total,joint,356.2012378372176,236.93104200719483,523.5464470287196
2223,total,joint,358.29724346024483,238.29112416379735,526.5526677935865
2224,total,joint,360.37476187679704,239.66963663776085,529.8909780082885
2225,total,joint,362.46920326382855,241.08914476543578,532.989263258506
2226,total,joint,364.515898855697,242.5195943286679,536.12353104618
2227,total,joint,366.60415032312983,243.96379637557203,539.3935707924334
2228,total,joint,368.64109364163085,245.395422776994,542.488561817725
2229,total,joint,370.59912976013794,246.8690033548148,545.8246664381469
2230,total,joint,372.5696758270832,248.13917673434415,549.269526375271
2231,total,joint,374.7084804166411,249.37477237984564,552.6938613557201
2232,total,joint,376.9823734967475,250.6442961156401,556.2026161091372
2233,total,joint,379.2614416991876,252.08777014967754,559.5516063922738
2234,total,joint,381.42941736133025,253.48612512742858,563.241076995166
2235,total,joint,383.5045429006318,254.87779182853666,566.6965639785024
2236,total,joint,385.64522111071,256.3323756009497,570.2929856066442
2237,total,joint,387.6900342037525,257.78476324307684,573.9059792121179
2238,total,joint,389.8496907188031,259.32251233165965,577.4214008983214
2239,total,joint,392.05557792749175,260.9269685303569,580.937657477397
2240,total,joint,394.32033525725035,262.1909185405842,584.3936069858175
2241,total,joint,396.5688081462848,263.47087205094306,587.9206387090434
2242,total,joint,398.6535066530436,264.8889125201149,591.4066320533256
2243,total,joint,400.65150762889704,266.29906419453596,594.8519447616511
2244,total,joint,402.5904813661366,267.60665945351496,598.1470390867673
2245,total,joint,404.54954510921,268.8149776169268,601.367276369744
2246,total,joint,406.5599896978741,270.0723200581535,604.7998072813311
2247,total,joint,408.63072181005884,271.3672611433624,608.2686941559325
2248,total,joint,410.83521698937795,272.642546446027,611.4026116290039
2249,total,joint,413.066994047015,273.9220062360503,614.4880831053142
2250,total,joint,415.1463087592616,275.1323099282007,617.6825568429781
2251,total,joint,417.2247724629419,276.43353492828015,621.205459632826
2252,total,joint,419.284373405386,277.77539363971437,624.8204298294858
2253,total,joint,421.2830671343656,279.16012442452757,628.3608762977733
2254,total,joint,423.35759499269795,280.53915760178467,631.6359745830964
2255,total,joint,425.43943834094534,281.80980840074625,634.7826673071637
2256,total,joint,427.59509280484576,283.0169976504414,637.8224336017344
2257,total,joint,429.6544401913344,284.06044298786566,640.7760531594523
2258,total,joint,431.7112350516228,285.30727160296567,643.9005542472082
2259,total,joint,433.73535761640767,286.67763679146884,646.8388617392951
2260,total,joint,435.74959296727735,288.0689699664679,649.8987894133502
2261,total,joint,437.85132299184636,289.46397789090474,652.8577487469656
2262,total,joint,439.8455261494421,290.6979939565489,655.8776179822249
2263,total,joint,441.75500991275203,292.0538016953537,659.24829094817
2264,total,joint,443.68557191047563,293.3865416309499,662.718323111674
2265,total,joint,445.6767166195009,294.7428204502273,665.6030251265474
2266,total,joint,447.8182457834024,296.0270885279524,668.4867365902003
2267,total,joint,449.82500596831744,297.3007669693682,671.6289784834439
2268,total,joint,451.7984594965096,298.52189887534644,674.753911220813
2269,total,joint,453.7305986269116,299.7613477969941,678.1362210059979
2270,total,joint,455.7204246441877,301.0396611590393,681.7654659608731
2271,total,joint,457.7124837735735,302.24825745771454,685.361820710918
2272,total,joint,459.71717913929956,303.48247103752595,688.8099939398714
2273,total,joint,461.78726367205104,304.7296267729401,691.9418067889919
2274,total,joint,463.83381665020676,305.98664052288086,694.8489634102255
2275,total,joint,465.9791708258124,307.22830562949105,697.7642018400627
2276,total,joint,468.05948454845213,308.4841845088405,700.6442204018485
2277,total,joint,470.1409652163819,309.3645777033098,703.4938482060563
2278,total,joint,472.2405311854058,309.8303177288325,706.502850240547
2279,total,joint,474.1858497722817,310.2926308769128,709.5752991364113
2280,total,joint,476.1665976187217,311.53590753702497,712.8677271169928
2281,total,joint,478.1464165119942,312.81454793729574,716.613873565084
2282,total,joint,480.11049516385924,314.04933739676875,720.2161624411416
2283,total,joint,482.05740973201,315.33428667063225,723.1562013772868
2284,total,joint,484.06426367182127,316.6485578988156,726.2837139734678
2285,total,joint,486.0887481493675,317.9323359396223,729.5641569761348
2286,total,joint,488.0938445824302,319.1996763929656,732.9047846889579
2287,total,joint,490.0974215465218,320.47595563169233,735.8710913558092
2288,total,joint,491.9228393353533,321.73393879911833,738.7843294998995
2289,total,joint,493.80443689834306,323.00233791617893,741.6805213182168
2290,total,joint,495.7346469184656,324.3149288311397,745.5444258469211
2291,total,joint,497.6870749000685,325.47442736021725,749.7097399510714
2292,total,joint,499.6936846047398,326.56719751678423,753.3177693260064
2293,total,joint,501.7447976696926,327.69858544310705,756.3453736559611
2294,total,joint,503.81645520417555,328.8174885800411,759.4086835468439
2295,total,joint,505.9131883566111,329.8850907887805,762.7184043392813
2296,total,joint,508.09116066658873,331.1018638083907,766.9045651676744
2297,total,joint,510.17347049453934,332.43365512617703,769.9110143615176
2298,total,joint,512.1098219688188,333.69821470046145,772.855988582992
2299,total,joint,514.0419055305929,334.9079894101768,775.7950296145248
2300,total,joint,516.0149141558074,336.1595906601917,778.7522792525634
