year,component,arm,med_cm,p05_cm,p95_cm
1990,glaciers,fixed,-0.6663032249651273,-0.8935106608068273,-0.47346467776828005
1991,glaciers,fixed,-0.6370501069386558,-0.8489612692546618,-0.45471000340967366
1992,glaciers,fixed,-0.602868735317756,-0.8014307116258246,-0.4305631039506545
1993,glaciers,fixed,-0.5857504108715501,-0.7748643218140299,-0.4187794742498588
1994,glaciers,fixed,-0.5485075630263041,-0.7251191186855072,-0.39222173631381224
1995,glaciers,fixed,-0.5161184319248777,-0.6793880478951293,-0.3693433169592634
1996,glaciers,fixed,-0.4722576976513566,-0.6218539572377627,-0.336731880819197
1997,glaciers,fixed,-0.43440363945829485,-0.5709872072528429,-0.3112049011903739
1998,glaciers,fixed,-0.3895835677327757,-0.5116632658560535,-0.27998467176716074
1999,glaciers,fixed,-0.3157287465349665,-0.41468542256579066,-0.22671699187670763
2000,glaciers,fixed,-0.27504943738271637,-0.3619900669230506,-0.19773182608692358
2001,glaciers,fixed,-0.22833118303044975,-0.3001763590261149,-0.164308425438073
2002,glaciers,fixed,-0.1708002877792516,-0.22476919630227576,-0.12408883147229904
2003,glaciers,fixed,-0.10978395427046772,-0.14412650543412786,-0.07979588309134794
2004,glaciers,fixed,-0.04937321266096584,-0.06609841694440469,-0.035411335257465246
2005,glaciers,fixed,0.00028835833475993056,-0.010465469875598021,0.00995228114450324
2006,glaciers,fixed,0.07049868188633024,0.04730262151045674,0.09662303327872225
2007,glaciers,fixed,0.15024733200883955,0.10602210046047117,0.19813498489726897
2008,glaciers,fixed,0.21121740304421044,0.1504878041838873,0.27760379401005275
2009,glaciers,fixed,0.2544047884290368,0.18169024105228954,0.33455048856778147
2010,glaciers,fixed,0.3125217737860715,0.22330299454275912,0.4107741736809663
2011,glaciers,fixed,0.40642729616264406,0.2921593014472437,0.5333574328193293
2012,glaciers,fixed,0.4672273114588217,0.33703380613724065,0.6135147134045351
2013,glaciers,fixed,0.5171195379542153,0.3752563177365244,0.6783925926943968
2014,glaciers,fixed,0.5712665732271844,0.4134450078316112,0.7512496114055064
2015,glaciers,fixed,0.6400300592718979,0.4635455064768339,0.8418138242631682
2016,glaciers,fixed,0.7124937617223428,0.5178917432598251,0.9338709892590102
2017,glaciers,fixed,0.8365301435948993,0.6091950500995631,1.0958186177355174
2018,glaciers,fixed,0.9140843511370571,0.6651639233683766,1.1965066827882407
2019,glaciers,fixed,0.9781604732522016,0.710549028825108,1.281863120615112
2020,glaciers,fixed,1.0702991056101179,0.7776480421548378,1.4026699210602835
2021,glaciers,fixed,1.1382099813342053,0.8277626943655043,1.4904695261438257
2022,glaciers,fixed,1.2045975583518496,0.8774373454495303,1.5762381633483538
2023,glaciers,fixed,1.2772601034514048,0.9296009010293038,1.6683411785370916
2024,glaciers,fixed,1.3669966042368566,0.9954885921504647,1.7876915547239296
2025,glaciers,fixed,1.458809151002336,1.0616505673374244,1.9055012342002442
2026,glaciers,fixed,1.549255590863186,1.1295983869689137,2.0239767211438338
2027,glaciers,fixed,1.6439651507491573,1.1998758706875094,2.145645436016307
2028,glaciers,fixed,1.740416323158327,1.2698833554202758,2.267232566914031
2029,glaciers,fixed,1.8364212127249162,1.340583996937187,2.391943018401471
2030,glaciers,fixed,1.933628800619128,1.4117136275083617,2.515668454069782
2031,glaciers,fixed,2.032190818097529,1.4849215115916394,2.641389286241271
2032,glaciers,fixed,2.12973273424297,1.5561568962926817,2.768339576529836
2033,glaciers,fixed,2.230716337462908,1.6298458463520187,2.897985517441322
2034,glaciers,fixed,2.331103470915305,1.704401841362905,3.028443419231457
2035,glaciers,fixed,2.4349749574711543,1.7834745937994958,3.1579595347758684
2036,glaciers,fixed,2.5409986320804343,1.8659745060164186,3.2915853096034517
2037,glaciers,fixed,2.6527919087463125,1.954580792711997,3.4283660351390086
2038,glaciers,fixed,2.7621248250468855,2.0344433847432066,3.5686812102359045
2039,glaciers,fixed,2.874677957846888,2.119462474360961,3.7134743034320197
2040,glaciers,fixed,2.989885634695619,2.209277213639082,3.857829847986549
2041,glaciers,fixed,3.1078247591688632,2.300831017677871,4.002491334192955
2042,glaciers,fixed,3.223351747583069,2.395564929248545,4.146460759625667
2043,glaciers,fixed,3.3406631255663983,2.4874323819047244,4.2955372765461135
2044,glaciers,fixed,3.4619792918922307,2.584814039382683,4.4461542953873
2045,glaciers,fixed,3.5863028671821624,2.67982460784187,4.6010013421602824
2046,glaciers,fixed,3.7131376186194873,2.7756500813951765,4.766003964456266
2047,glaciers,fixed,3.8423807962794285,2.8758813353427755,4.932420621156834
2048,glaciers,fixed,3.973546630006308,2.976708997878091,5.096821746818493
2049,glaciers,fixed,4.107364484400511,3.082373789132231,5.2617694362981
2050,glaciers,fixed,4.245626328327791,3.1894504052937016,5.435377599156263
2051,glaciers,fixed,4.388577657341422,3.296984081919622,5.604799150149174
2052,glaciers,fixed,4.53315941434405,3.4059901682394838,5.784130554452334
2053,glaciers,fixed,4.676435091339097,3.521134143025714,5.970617459918513
2054,glaciers,fixed,4.825464795403651,3.6381099001737853,6.151734868899942
2055,glaciers,fixed,4.977206547494591,3.757905726346685,6.3316192688941415
2056,glaciers,fixed,5.1263469244436015,3.871034236665336,6.50708593075863
2057,glaciers,fixed,5.279289564128897,3.9849389595766658,6.6934659953836775
2058,glaciers,fixed,5.437182323714987,4.101046696198226,6.881668667184757
2059,glaciers,fixed,5.592821294348756,4.225371934931151,7.068564815721364
2060,glaciers,fixed,5.753816656155243,4.35493464934831,7.259992703331245
2061,glaciers,fixed,5.912209468135195,4.487874600077967,7.4581448315480054
2062,glaciers,fixed,6.072298469198477,4.616402002239236,7.658301294137304
2063,glaciers,fixed,6.235387885673445,4.744613285516588,7.859987177303148
2064,glaciers,fixed,6.400435153120239,4.874530630613886,8.063146740390026
2065,glaciers,fixed,6.566749298901266,5.0087166793601945,8.261176874088013
2066,glaciers,fixed,6.739679326078354,5.140267250039319,8.470445418034906
2067,glaciers,fixed,6.915349972180255,5.274315857523699,8.671554875474916
2068,glaciers,fixed,7.087395042687751,5.4173650146362435,8.879575776071075
2069,glaciers,fixed,7.264170771597071,5.564679642415527,9.08844343334971
2070,glaciers,fixed,7.439686529680769,5.692901109869793,9.289290366351864
2071,glaciers,fixed,7.615260325124131,5.844437861298101,9.49158173980197
2072,glaciers,fixed,7.793219128134672,5.9918551944351455,9.704133647528414
2073,glaciers,fixed,7.971833533617776,6.13432400128193,9.926701829034155
2074,glaciers,fixed,8.153229412614367,6.28040752378093,10.140090605301546
2075,glaciers,fixed,8.338064928650418,6.423883201458838,10.36016274850905
2076,glaciers,fixed,8.524441389262282,6.572290177320118,10.57136160524845
2077,glaciers,fixed,8.708411545672373,6.725933475251477,10.781370720720563
2078,glaciers,fixed,8.895772206207907,6.8822464309468465,11.004848349653734
2079,glaciers,fixed,9.086875288451251,7.046196675644109,11.212919794647869
2080,glaciers,fixed,9.274509945794625,7.202872575764803,11.454335729984193
2081,glaciers,fixed,9.46440341624261,7.368936305420111,11.672239110551564
2082,glaciers,fixed,9.655761892580655,7.535657994749604,11.888239069647353
2083,glaciers,fixed,9.844054127681893,7.704134825033323,12.115553347987154
2084,glaciers,fixed,10.04435206577293,7.869588308775586,12.344394349489349
2085,glaciers,fixed,10.24221019542533,8.03447838055771,12.571092732121114
2086,glaciers,fixed,10.436483138162437,8.20042970811577,12.807939838521364
2087,glaciers,fixed,10.634366172857174,8.363665538571523,13.041498163928132
2088,glaciers,fixed,10.83418006822167,8.528784031176862,13.265955983477104
2089,glaciers,fixed,11.033490178389545,8.68303490345805,13.493093657708402
2090,glaciers,fixed,11.232056140657214,8.842656790559758,13.725428705458237
2091,glaciers,fixed,11.426539443123694,8.996336299732171,13.972369895501537
2092,glaciers,fixed,11.622145943625977,9.149325731129581,14.223064151809135
2093,glaciers,fixed,11.817549975326823,9.311505198294851,14.434165738083125
2094,glaciers,fixed,12.016918295435932,9.46716456115164,14.64604810622972
2095,glaciers,fixed,12.21121735996731,9.622682135899073,14.868452489935642
2096,glaciers,fixed,12.410327665010627,9.784346601970533,15.098279214678602
2097,glaciers,fixed,12.604378839750941,9.945285631361987,15.308060847834946
2098,glaciers,fixed,12.798239985391874,10.110003726127463,15.530869605424785
2099,glaciers,fixed,12.981945637910208,10.275171044498274,15.763777570027168
2100,glaciers,fixed,13.173985499017315,10.425758570690274,15.99213028745621
2101,glaciers,fixed,13.371046548994176,10.580029673965523,16.216898393798296
2102,glaciers,fixed,13.563573191608008,10.749135131376091,16.441060148987496
2103,glaciers,fixed,13.759459194180213,10.92329270450028,16.655575912939362
2104,glaciers,fixed,13.955799824373635,11.089847900371902,16.887614669695274
2105,glaciers,fixed,14.145212820492834,11.23881377734241,17.112906794434558
2106,glaciers,fixed,14.33628262795338,11.389455935562243,17.345098139297885
2107,glaciers,fixed,14.5236883070083,11.536897462813128,17.567140306147778
2108,glaciers,fixed,14.713562255732736,11.690218622196388,17.785091290803244
2109,glaciers,fixed,14.897614314175001,11.846286084022642,18.00349178431294
2110,glaciers,fixed,15.087627165684147,11.990148837933395,18.207845481648192
2111,glaciers,fixed,15.263627954279377,12.133340371259704,18.42385472141672
2112,glaciers,fixed,15.440226385170792,12.281314079908737,18.609507191994997
2113,glaciers,fixed,15.611714543607263,12.417913813264681,18.817196527564096
2114,glaciers,fixed,15.786398896167334,12.55008358696287,19.01902345266645
2115,glaciers,fixed,15.96081109621117,12.685339916875453,19.24537765215622
2116,glaciers,fixed,16.13001443799197,12.835166962706582,19.45623204478317
2117,glaciers,fixed,16.298553189959307,12.996166385559226,19.6480714140503
2118,glaciers,fixed,16.470829276817092,13.145782809100979,19.85656244700312
2119,glaciers,fixed,16.64167372499042,13.291747116792552,20.06693521592887
2120,glaciers,fixed,16.798796216650583,13.425437720426883,20.2732428217142
2121,glaciers,fixed,16.96390871261498,13.551954254480885,20.4628626629845
2122,glaciers,fixed,17.11622568312748,13.677109070237217,20.637567537571087
2123,glaciers,fixed,17.27094354431579,13.8180928621433,20.845203354528614
2124,glaciers,fixed,17.42803625961554,13.956298545111482,21.05278288584679
2125,glaciers,fixed,17.574266150947512,14.073798488404345,21.25178637248114
2126,glaciers,fixed,17.722774505245603,14.173966588456679,21.41646212822688
2127,glaciers,fixed,17.869886292955606,14.288825167625921,21.587779196110745
2128,glaciers,fixed,18.026175750516654,14.40840551021486,21.750956464158637
2129,glaciers,fixed,18.178343535177177,14.53080674774148,21.917709803318314
2130,glaciers,fixed,18.319835435501265,14.652268825414167,22.103431509580496
2131,glaciers,fixed,18.459446656077937,14.763798848831506,22.24197221057439
2132,glaciers,fixed,18.603016389535924,14.880776654481267,22.385245922105078
2133,glaciers,fixed,18.741317901261375,15.006264856476653,22.53874508709167
2134,glaciers,fixed,18.869184261040182,15.124567195517,22.68087696212991
2135,glaciers,fixed,19.000456761323015,15.241005605043602,22.840480993977103
2136,glaciers,fixed,19.135620826611905,15.357228493873356,23.031923792192504
2137,glaciers,fixed,19.263469989334837,15.472438921518048,23.190399242990313
2138,glaciers,fixed,19.397479592471335,15.590115952870422,23.357092592675897
2139,glaciers,fixed,19.522080183569873,15.712178938720179,23.522050884599313
2140,glaciers,fixed,19.657811739031814,15.833102289471157,23.683100063729743
2141,glaciers,fixed,19.787524052015222,15.950930674224006,23.826765509678392
2142,glaciers,fixed,19.904931676740496,16.066171024301223,23.971474864015907
2143,glaciers,fixed,20.029249569591226,16.153018181924573,24.108249746834776
2144,glaciers,fixed,20.149458656396497,16.233138690706078,24.231954390378572
2145,glaciers,fixed,20.260284309381902,16.33352193016946,24.356023943622976
2146,glaciers,fixed,20.38144882611522,16.423817461205246,24.498297976443094
2147,glaciers,fixed,20.502298613039102,16.506135666055407,24.625583032292017
2148,glaciers,fixed,20.613534647077064,16.587069202337677,24.763385044094182
2149,glaciers,fixed,20.71957380638851,16.667053529713108,24.88375793677905
2150,glaciers,fixed,20.827746501689614,16.75262257605907,25.001802072496012
2151,glaciers,fixed,20.938411224069107,16.848990577181794,25.118001663136543
2152,glaciers,fixed,21.044624968294492,16.942939191233275,25.232705811038496
2153,glaciers,fixed,21.143208473454134,17.032162581926876,25.35543143083518
2154,glaciers,fixed,21.238260413614988,17.108750185935182,25.46905739061455
2155,glaciers,fixed,21.332337621402928,17.20252462015832,25.60224050126166
2156,glaciers,fixed,21.43318755330744,17.27731294134813,25.72851155626162
2157,glaciers,fixed,21.53547273495279,17.369059043552834,25.84246744802579
2158,glaciers,fixed,21.632167950079854,17.429174388312855,25.954407731410736
2159,glaciers,fixed,21.73901691753619,17.48422318364079,26.06480568175509
2160,glaciers,fixed,21.830026533847267,17.548530828079347,26.173429141417756
2161,glaciers,fixed,21.92297278957649,17.618443675137787,26.287597398363168
2162,glaciers,fixed,22.00074544404859,17.698144100465893,26.406708192919965
2163,glaciers,fixed,22.09433895480352,17.793412383635122,26.524738683323307
2164,glaciers,fixed,22.17279243432688,17.875020333517515,26.633120514605512
2165,glaciers,fixed,22.26593072581958,17.95422175087908,26.74754215545888
2166,glaciers,fixed,22.333423531012514,18.03192647861096,26.856935064361156
2167,glaciers,fixed,22.40970081163327,18.109138651162596,26.968581260727536
2168,glaciers,fixed,22.491205959904097,18.17702027997292,27.07775929961401
2169,glaciers,fixed,22.574922466287976,18.241216296527497,27.18422607671981
2170,glaciers,fixed,22.6572264629435,18.304733451654542,27.27350471146663
2171,glaciers,fixed,22.739164329671862,18.367689074412663,27.351372148682195
2172,glaciers,fixed,22.819595870070714,18.429723687290647,27.45271688699965
2173,glaciers,fixed,22.897812573440916,18.49101750020135,27.531450458996986
2174,glaciers,fixed,22.971540415534754,18.555513386167924,27.608130580764723
2175,glaciers,fixed,23.037170710753898,18.616006049523087,27.706350328483488
2176,glaciers,fixed,23.113624461949115,18.683262940146392,27.803040647212548
2177,glaciers,fixed,23.192066899963976,18.744690867233874,27.890083619433106
2178,glaciers,fixed,23.269608795762004,18.811202607360983,27.983896637261918
2179,glaciers,fixed,23.34245120017097,18.87630846087814,28.075878361345143
2180,glaciers,fixed,23.407179762322585,18.921349190736887,28.170543359965155
2181,glaciers,fixed,23.48028522861818,18.96481321925114,28.26070699610559
2182,glaciers,fixed,23.553128932868255,19.00903402302522,28.34834372400787
2183,glaciers,fixed,23.62072122073972,19.051670634543193,28.420041871584974
2184,glaciers,fixed,23.688801703008508,19.110982319234058,28.482047163186504
2185,glaciers,fixed,23.7541848617131,19.17527745787245,28.54189803043433
2186,glaciers,fixed,23.821420397040438,19.239519047656206,28.60039511789853
2187,glaciers,fixed,23.887067293225233,19.28721499718404,28.66997812327683
2188,glaciers,fixed,23.94841027780722,19.33127499555572,28.735456348611596
2189,glaciers,fixed,24.00555046877903,19.395721025222556,28.78932198142988
2190,glaciers,fixed,24.057176784112045,19.438654224821963,28.841398177095005
2191,glaciers,fixed,24.113593439999867,19.47161400563335,28.892413340110597
2192,glaciers,fixed,24.16669950201488,19.50430588221295,28.962891505378536
2193,glaciers,fixed,24.222715527913408,19.536621134686836,29.035192622745473
2194,glaciers,fixed,24.27981210120056,19.587232941299046,29.08614830873716
2195,glaciers,fixed,24.337663007121577,19.639492786283263,29.13608399626362
2196,glaciers,fixed,24.39065536071825,19.69189638963246,29.193855340313178
2197,glaciers,fixed,24.44108683514365,19.751868865666747,29.244926521827104
2198,glaciers,fixed,24.491529726932455,19.793507987279742,29.327731166104677
2199,glaciers,fixed,24.536775306951082,19.842183140633107,29.387483174260847
2200,glaciers,fixed,24.586029636346723,19.87950820135959,29.449778367466234
2201,glaciers,fixed,24.633075716435947,19.916197951584206,29.52070815613882
2202,glaciers,fixed,24.680061985389695,19.95344982373669,29.5847850248246
2203,glaciers,fixed,24.731987078614594,19.990386804901185,29.648022954469937
2204,glaciers,fixed,24.779503878200558,20.032930475874856,29.717313937875993
2205,glaciers,fixed,24.823573308633076,20.086619415102014,29.76731410880183
2206,glaciers,fixed,24.870186372440237,20.13175300333085,29.817540093167516
2207,glaciers,fixed,24.918059690337508,20.15289297683573,29.863670761721444
2208,glaciers,fixed,24.967871787197552,20.173551130961624,29.914901661481707
2209,glaciers,fixed,25.014781015786767,20.199168286918997,29.97019827551529
2210,glaciers,fixed,25.0608195521494,20.22621413540454,30.02462416043994
2211,glaciers,fixed,25.112824638719363,20.260172462373326,30.07787353720365
2212,glaciers,fixed,25.15621865758183,20.281989400389534,30.121196314578988
2213,glaciers,fixed,25.20027759365558,20.304094288054102,30.1692425073098
2214,glaciers,fixed,25.238206103323506,20.331634281125556,30.227566652197662
2215,glaciers,fixed,25.27642393194024,20.359852857258137,30.284935277014704
2216,glaciers,fixed,25.315662174525475,20.39124926648656,30.334184753184427
2217,glaciers,fixed,25.355182185807628,20.422138983890676,30.37546920811961
2218,glaciers,fixed,25.39534116325685,20.45251227965145,30.423390489100566
2219,glaciers,fixed,25.439744274826687,20.482452794905015,30.47464730666727
2220,glaciers,fixed,25.479027164842392,20.51169171761069,30.525227668304392
2221,glaciers,fixed,25.515450722142926,20.540628612477075,30.57305271969701
2222,glaciers,fixed,25.551280216616853,20.56903043195741,30.623345060588658
2223,glaciers,fixed,25.584900225308708,20.597103320425997,30.67297949114176
2224,glaciers,fixed,25.622728617469534,20.628850241184725,30.72082761487637
2225,glaciers,fixed,25.660624074198935,20.665148599226324,30.768113173637992
2226,glaciers,fixed,25.697485613547208,20.690766428199883,30.810037037201653
2227,glaciers,fixed,25.731915964377386,20.715970200411753,30.84596178257419
2228,glaciers,fixed,25.769189890404128,20.740949695657754,30.886416122362448
2229,glaciers,fixed,25.803751030647607,20.765635761628253,30.926177868244558
2230,glaciers,fixed,25.830526825409194,20.790030358092704,30.965355829272625
2231,glaciers,fixed,25.859453631065414,20.814361403172594,31.003916017050436
2232,glaciers,fixed,25.88396390595303,20.841035551983023,31.04132531059383
2233,glaciers,fixed,25.91133292782419,20.86721304868397,31.07797042614059
2234,glaciers,fixed,25.94992505284951,20.893058212235825,31.113925654221
2235,glaciers,fixed,25.979047421596757,20.91883897693439,31.14932381193591
2236,glaciers,fixed,26.00384775898774,20.946715173072455,31.184188811840244
2237,glaciers,fixed,26.028376246254133,20.968912298000433,31.218403042402517
2238,glaciers,fixed,26.05722136643851,20.986346169333604,31.25238514415915
2239,glaciers,fixed,26.08252626989329,21.002707451081747,31.286347310488274
2240,glaciers,fixed,26.10608566948368,21.01899849166561,31.326642696874295
2241,glaciers,fixed,26.1256468220906,21.03501447098765,31.36964670872246
2242,glaciers,fixed,26.14964457787193,21.055230253593884,31.391247847896665
2243,glaciers,fixed,26.17530948841661,21.075884766117188,31.416459584045917
2244,glaciers,fixed,26.201300479125155,21.096146975183153,31.447171878713363
2245,glaciers,fixed,26.226093883181747,21.116058809400293,31.477325808215788
2246,glaciers,fixed,26.255816640889805,21.135603974288625,31.506899380743047
2247,glaciers,fixed,26.279511335708357,21.15484548849882,31.535985460017258
2248,glaciers,fixed,26.302648720087596,21.173779987327446,31.564580623061126
2249,glaciers,fixed,26.32542610852111,21.192409317509487,31.592688974985524
2250,glaciers,fixed,26.347974387753947,21.210808173923063,31.62041990026941
2251,glaciers,fixed,26.37320337887477,21.22900317594425,31.648321711189254
2252,glaciers,fixed,26.39413461476978,21.246909280657768,31.67494572423525
2253,glaciers,fixed,26.419803526035153,21.264555342548242,31.701653849489986
2254,glaciers,fixed,26.43621145709637,21.281933384514794,31.727914550004478
2255,glaciers,fixed,26.45367671304011,21.2989562627339,31.753599197914923
2256,glaciers,fixed,26.47271880769689,21.315727660195392,31.778881140432784
2257,glaciers,fixed,26.493261826060422,21.332192537747126,31.803682329067133
2258,glaciers,fixed,26.514392113637086,21.34837417541313,31.82803755986963
2259,glaciers,fixed,26.534670062159645,21.36429147553976,31.851975238953827
2260,glaciers,fixed,26.554567220167442,21.379921152707695,31.880372912256426
2261,glaciers,fixed,26.574470562187297,21.39528668690386,31.904783489627324
2262,glaciers,fixed,26.591091513183382,21.410466590773197,31.930160642293803
2263,glaciers,fixed,26.610618697797385,21.425363127346895,31.953448580694683
2264,glaciers,fixed,26.62829388908059,21.44006367527255,31.976429058002157
2265,glaciers,fixed,26.641412518635914,21.454547240203798,31.99906677058725
2266,glaciers,fixed,26.65852441864376,21.468820816189663,32.02137339883179
2267,glaciers,fixed,26.678945331053956,21.483149509158494,32.043389127615754
2268,glaciers,fixed,26.699031184328543,21.497406040048382,32.06504458019516
2269,glaciers,fixed,26.718785969079516,21.511439025544277,32.086344258095814
2270,glaciers,fixed,26.737110694332358,21.525300469039404,32.10734665221761
2271,glaciers,fixed,26.754793339009343,21.538962142273707,32.12998654525248
2272,glaciers,fixed,26.772168434178404,21.55239696095385,32.15782067931579
2273,glaciers,fixed,26.791864730614904,21.565624021849295,32.18526828832396
2274,glaciers,fixed,26.814586062501682,21.578737065909657,32.212488218751545
2275,glaciers,fixed,26.83228017127646,21.59178792910686,32.23945355710002
2276,glaciers,fixed,26.847028942188217,21.60525631096405,32.26611391294018
2277,glaciers,fixed,26.859268906067552,21.620917833796366,32.29244794945865
2278,glaciers,fixed,26.870320454279334,21.636377089481574,32.318494151684654
2279,glaciers,fixed,26.88303661184036,21.65158398366545,32.344160589320545
2280,glaciers,fixed,26.897727468121175,21.665388885373808,32.36952435913838
2281,glaciers,fixed,26.913286872086836,21.676391721437415,32.394576270579975
2282,glaciers,fixed,26.930215011917344,21.687235949489477,32.417158979889074
2283,glaciers,fixed,26.946068016298053,21.697961527628504,32.43814039657282
2284,glaciers,fixed,26.957872323915595,21.708545326725403,32.45871471308294
2285,glaciers,fixed,26.972319966843706,21.719033786224987,32.47869795608803
2286,glaciers,fixed,26.984399324958925,21.729459110382134,32.49511352086709
2287,glaciers,fixed,26.996362058781855,21.739798275876364,32.51190839979871
2288,glaciers,fixed,27.008141353945256,21.750002754774357,32.53743176781023
2289,glaciers,fixed,27.019966137867456,21.76007132484661,32.548447100409525
2290,glaciers,fixed,27.032713942242815,21.770013939626953,32.55901100781627
2291,glaciers,fixed,27.044806779537346,21.78034336848451,32.56945629636911
2292,glaciers,fixed,27.056069401804745,21.7922708387527,32.57974635578788
2293,glaciers,fixed,27.066634992976407,21.80406979723815,32.590384608099846
2294,glaciers,fixed,27.07826065485733,21.815680747924407,32.60314074890623
2295,glaciers,fixed,27.09031787931221,21.82713359846735,32.615728121422
2296,glaciers,fixed,27.102746560441332,21.83847589316374,32.628217081377535
2297,glaciers,fixed,27.11409296516036,21.84630841369405,32.64055102625874
2298,glaciers,fixed,27.128471343535587,21.851449969487394,32.65285481256574
2299,glaciers,fixed,27.1422786508113,21.86113366302756,32.664983088761915
2300,glaciers,fixed,27.15472515820906,21.871025017312245,32.67703096150272
1990,glaciers,joint,-0.6663032249651273,-0.8935106608068273,-0.47346467776828005
1991,glaciers,joint,-0.6370501069386558,-0.8489612692546618,-0.45471000340967366
1992,glaciers,joint,-0.602868735317756,-0.8014307116258246,-0.4305631039506545
1993,glaciers,joint,-0.5857504108715501,-0.7748643218140299,-0.4187794742498588
1994,glaciers,joint,-0.5485075630263041,-0.7251191186855072,-0.39222173631381224
1995,glaciers,joint,-0.5161184319248777,-0.6793880478951293,-0.3693433169592634
1996,glaciers,joint,-0.4722576976513566,-0.6218539572377627,-0.336731880819197
1997,glaciers,joint,-0.43440363945829485,-0.5709872072528429,-0.3112049011903739
1998,glaciers,joint,-0.3895835677327757,-0.5116632658560535,-0.27998467176716074
1999,glaciers,joint,-0.3157287465349665,-0.41468542256579066,-0.22671699187670763
2000,glaciers,joint,-0.27504943738271637,-0.3619900669230506,-0.19773182608692358
2001,glaciers,joint,-0.22833118303044975,-0.3001763590261149,-0.164308425438073
2002,glaciers,joint,-0.1708002877792516,-0.22476919630227576,-0.12408883147229904
2003,glaciers,joint,-0.10978395427046772,-0.14412650543412786,-0.07979588309134794
2004,glaciers,joint,-0.04937321266096584,-0.06609841694440469,-0.035411335257465246
2005,glaciers,joint,0.00028835833475993056,-0.010465469875598021,0.00995228114450324
2006,glaciers,joint,0.07049868188633024,0.04730262151045674,0.09662303327872225
2007,glaciers,joint,0.15024733200883955,0.10602210046047117,0.19813498489726897
2008,glaciers,joint,0.21121740304421044,0.1504878041838873,0.27760379401005275
2009,glaciers,joint,0.2544047884290368,0.18169024105228954,0.33455048856778147
2010,glaciers,joint,0.3125217737860715,0.22330299454275912,0.4107741736809663
2011,glaciers,joint,0.40642729616264406,0.2921593014472437,0.5333574328193293
2012,glaciers,joint,0.4672273114588217,0.33703380613724065,0.6135147134045351
2013,glaciers,joint,0.5171195379542153,0.3752563177365244,0.6783925926943968
2014,glaciers,joint,0.5712665732271844,0.4134450078316112,0.7512496114055064
2015,glaciers,joint,0.6400300592718979,0.4635455064768339,0.8418138242631682
2016,glaciers,joint,0.7124937617223428,0.5178917432598251,0.9338709892590102
2017,glaciers,joint,0.8365301435948993,0.6091950500995631,1.0958186177355174
2018,glaciers,joint,0.9140843511370571,0.6651639233683766,1.1965066827882407
2019,glaciers,joint,0.9781604732522016,0.710549028825108,1.281863120615112
2020,glaciers,joint,1.0702991056101179,0.7776480421548378,1.4026699210602835
2021,glaciers,joint,1.1382099813342053,0.8277626943655043,1.4904695261438257
2022,glaciers,joint,1.2045975583518496,0.8774373454495303,1.5762381633483538
2023,glaciers,joint,1.2772601034514048,0.9296009010293038,1.6683411785370916
2024,glaciers,joint,1.3669966042368566,0.9954885921504647,1.7876915547239296
2025,glaciers,joint,1.458809151002336,1.0616505673374244,1.9055012342002442
2026,glaciers,joint,1.553898891889725,1.132592897201483,2.029890594400924
2027,glaciers,joint,1.652730530748568,1.2017309663536115,2.161090002069219
2028,glaciers,joint,1.755281110447404,1.2738802200425823,2.285767409115463
2029,glaciers,joint,1.861505145260343,1.347732856049828,2.423003565961972
2030,glaciers,joint,1.9682301540329261,1.4243870001075525,2.562567008668387
2031,glaciers,joint,2.0762247764693686,1.5075581062356,2.7025267388409864
2032,glaciers,joint,2.186430265447549,1.5874692704864182,2.8437628124719105
2033,glaciers,joint,2.2977588313605395,1.6777762065310424,2.989075074627294
2034,glaciers,joint,2.412526360922108,1.7615221670036854,3.1521793082133804
2035,glaciers,joint,2.5314850596400382,1.8484828434433547,3.313526244624987
2036,glaciers,joint,2.654327103108998,1.9352630315511363,3.47222967206311
2037,glaciers,joint,2.785754430379685,2.0298104981485996,3.6426122881608265
2038,glaciers,joint,2.9099499179823476,2.120207492912069,3.8099677693017666
2039,glaciers,joint,3.0418234957403762,2.217662240791631,3.985501675167751
2040,glaciers,joint,3.1741960614067484,2.3188403478829067,4.172644390634013
2041,glaciers,joint,3.3134917151645675,2.41154389845085,4.359809635614105
2042,glaciers,joint,3.4559244587432203,2.5055432702891665,4.54198890419266
2043,glaciers,joint,3.5946971307423867,2.6067953956708285,4.740655745317918
2044,glaciers,joint,3.7359953952289846,2.7096884576010583,4.946026282037149
2045,glaciers,joint,3.884434383125353,2.821164702979398,5.1640860886101745
2046,glaciers,joint,4.03021465331027,2.9309624965902117,5.364979074884869
2047,glaciers,joint,4.183491510283454,3.044659938661174,5.581192061527187
2048,glaciers,joint,4.335263415879496,3.15591677319973,5.794892276509795
2049,glaciers,joint,4.491455465314623,3.2751481708449286,6.035212269912009
2050,glaciers,joint,4.649560517056081,3.3932593458782736,6.246651699692736
2051,glaciers,joint,4.809913105248309,3.509139922067522,6.478315098753033
2052,glaciers,joint,4.972563485665067,3.6318647075811827,6.718583627583651
2053,glaciers,joint,5.140063802868037,3.758525534426631,6.965527480239379
2054,glaciers,joint,5.309044167421121,3.8810445124402264,7.188333109094025
2055,glaciers,joint,5.479021086113022,3.9957139920050246,7.427492381096025
2056,glaciers,joint,5.656823238713791,4.112108789550486,7.69290047475851
2057,glaciers,joint,5.832864453439038,4.23834001353084,7.944754001181702
2058,glaciers,joint,6.014293831321838,4.381908449197282,8.200154311560842
2059,glaciers,joint,6.198072217163341,4.509946400547409,8.470211008492841
2060,glaciers,joint,6.3835538234687945,4.647481605649723,8.731566801465236
2061,glaciers,joint,6.5722000194801735,4.787720848611914,9.006131834269098
2062,glaciers,joint,6.758634445044159,4.931197236778667,9.267444398086313
2063,glaciers,joint,6.950370981704673,5.066854100580731,9.5371762386838
2064,glaciers,joint,7.134850093374068,5.208379334053006,9.79307813892353
2065,glaciers,joint,7.322656682635742,5.354279111408785,10.062391198734053
2066,glaciers,joint,7.520778422303533,5.4993319159650635,10.347115426277771
2067,glaciers,joint,7.714266345732572,5.647624386842099,10.62726369368584
2068,glaciers,joint,7.90266503292219,5.786474928388279,10.912835359746106
2069,glaciers,joint,8.102192457822841,5.919512733327176,11.195433892382265
2070,glaciers,joint,8.302257819993216,6.087737183037978,11.499068693498073
2071,glaciers,joint,8.508913510891052,6.245434670211284,11.78028979587935
2072,glaciers,joint,8.720907547047243,6.398189792788463,12.061464885374647
2073,glaciers,joint,8.92576473447021,6.534364384151641,12.331853077605944
2074,glaciers,joint,9.129188298615269,6.673723959507653,12.63000018248681
2075,glaciers,joint,9.332649041624785,6.8371541639580835,12.938611485245877
2076,glaciers,joint,9.547347381119286,7.002434263688073,13.203021836867483
2077,glaciers,joint,9.752115636386108,7.149372281462272,13.443207402934332
2078,glaciers,joint,9.955021279635027,7.3150688814936045,13.751050191411686
2079,glaciers,joint,10.15877395844389,7.4825177721965375,14.044954333166425
2080,glaciers,joint,10.368713125870595,7.639225574228219,14.34511651325155
2081,glaciers,joint,10.593574028565587,7.796033198926845,14.645776380550497
2082,glaciers,joint,10.796679974371035,7.937355245506422,14.925645311244189
2083,glaciers,joint,11.01299689236631,8.099353454427623,15.232591665528657
2084,glaciers,joint,11.22583821174809,8.250246744853092,15.50288851220134
2085,glaciers,joint,11.436611366740737,8.425648029505577,15.758160195062201
2086,glaciers,joint,11.646713079767032,8.585368978645299,16.05468754021953
2087,glaciers,joint,11.86142240973111,8.740416844577366,16.348151663047652
2088,glaciers,joint,12.079483149741865,8.912411727450259,16.62474264988092
2089,glaciers,joint,12.292786283090155,9.059451823795849,16.913497773144183
2090,glaciers,joint,12.502544582197217,9.187088324159943,17.164765747649874
2091,glaciers,joint,12.717318696923174,9.335553608006455,17.407896199832916
2092,glaciers,joint,12.933895162630138,9.491936506198144,17.68245638716381
2093,glaciers,joint,13.145237306575417,9.645743062233304,17.942910685170116
2094,glaciers,joint,13.358775060989466,9.800233251298044,18.23550138331788
2095,glaciers,joint,13.564021538605187,9.970381177241398,18.520830616999493
2096,glaciers,joint,13.772001291672746,10.126898734621212,18.827750800565255
2097,glaciers,joint,13.977592800216343,10.278974448140564,19.081840062123728
2098,glaciers,joint,14.190143119716145,10.438900483591327,19.339355988008464
2099,glaciers,joint,14.395095916190975,10.594731827398222,19.579585247399894
2100,glaciers,joint,14.591256695694284,10.752723799069233,19.804692432802472
2101,glaciers,joint,14.778231559721238,10.905981112752984,20.042075145097456
2102,glaciers,joint,14.978868460240946,11.060622985650427,20.303756383670294
2103,glaciers,joint,15.173850543055638,11.203010347230215,20.565916203658485
2104,glaciers,joint,15.369583252018469,11.360227803742353,20.798732663515263
2105,glaciers,joint,15.560242307371034,11.51799317996453,21.021877774810118
2106,glaciers,joint,15.744396063826633,11.675102563041506,21.253701950599023
2107,glaciers,joint,15.937627560409219,11.833522441730643,21.46612925614267
2108,glaciers,joint,16.13247806489931,11.993582981786746,21.67901289432909
2109,glaciers,joint,16.325748103473117,12.140640562489533,21.887620537167287
2110,glaciers,joint,16.513057231971956,12.27304447217815,22.09023197530916
2111,glaciers,joint,16.678339096185038,12.412032577267098,22.30370945798929
2112,glaciers,joint,16.858186095893743,12.543193267876664,22.53983431122328
2113,glaciers,joint,17.03263516257439,12.67287194420086,22.766929108701945
2114,glaciers,joint,17.217929543485972,12.809017098142263,22.969196239611396
2115,glaciers,joint,17.371228427770255,12.944994114196243,23.16631033867939
2116,glaciers,joint,17.536881059538075,13.07110889733083,23.36569457725045
2117,glaciers,joint,17.71092219525285,13.19830860305847,23.537367915848538
2118,glaciers,joint,17.87429997700349,13.32220981140298,23.700359082842397
2119,glaciers,joint,18.037583717678096,13.445576469933957,23.890640362096562
2120,glaciers,joint,18.196026382590173,13.567570815139428,24.081856543281646
2121,glaciers,joint,18.352901056880757,13.680668321452991,24.267516368530163
2122,glaciers,joint,18.511110575525123,13.79528304743956,24.45069957853212
2123,glaciers,joint,18.658550727325682,13.912594035554056,24.6290973798391
2124,glaciers,joint,18.811431008040653,14.041408284353933,24.775847233205766
2125,glaciers,joint,18.958246398296787,14.156319186157049,24.940329698665
2126,glaciers,joint,19.116279306155572,14.26960636834976,25.103829306095232
2127,glaciers,joint,19.254772148545054,14.385875403700526,25.269450654789445
2128,glaciers,joint,19.389923471461962,14.518843965503613,25.425975022202685
2129,glaciers,joint,19.53424611833388,14.645629550663964,25.58278236281339
2130,glaciers,joint,19.690303965816177,14.754950044887753,25.718145966711212
2131,glaciers,joint,19.827301797203923,14.885484888020429,25.872784976781904
2132,glaciers,joint,19.957162052713556,14.99731845492676,26.0180869241411
2133,glaciers,joint,20.08084567755725,15.101636873164122,26.177274933694797
2134,glaciers,joint,20.208898150798127,15.192230618830143,26.31586631309159
2135,glaciers,joint,20.33218843330983,15.282650450233511,26.400062349585525
2136,glaciers,joint,20.469447648217496,15.379060704918516,26.480620866492334
2137,glaciers,joint,20.60850317627048,15.495421216517855,26.621503288840287
2138,glaciers,joint,20.75084695910519,15.596109627402367,26.75678696192707
2139,glaciers,joint,20.872570837284773,15.698038996566865,26.86516881472001
2140,glaciers,joint,20.97890848180253,15.780369250352388,27.010610606160437
2141,glaciers,joint,21.08688958503602,15.879921591745614,27.154630463223214
2142,glaciers,joint,21.189239488993156,15.9626223461256,27.28909865657404
2143,glaciers,joint,21.29726259510907,16.044987570199815,27.418167271415438
2144,glaciers,joint,21.420810886708708,16.12644187236021,27.564963580115435
2145,glaciers,joint,21.523671970534426,16.201878494458455,27.706296784256978
2146,glaciers,joint,21.623485631175996,16.278718177381393,27.81675920287277
2147,glaciers,joint,21.72424440000331,16.354898654428276,27.91982869278646
2148,glaciers,joint,21.83412782865186,16.43039081498784,28.024906049927743
2149,glaciers,joint,21.925573406328592,16.512960820020794,28.125174716045702
2150,glaciers,joint,22.02015713769925,16.597973711994918,28.221405421724178
2151,glaciers,joint,22.12278316993565,16.67997615103553,28.309570580067646
2152,glaciers,joint,22.22406198637296,16.762436814339537,28.429620470481858
2153,glaciers,joint,22.31997397732618,16.849588565410247,28.51882609068451
2154,glaciers,joint,22.404938681804783,16.942290588255638,28.62426280234031
2155,glaciers,joint,22.49785203384873,17.017147626868585,28.713174114465026
2156,glaciers,joint,22.588302331395013,17.10542585474638,28.799995962139665
2157,glaciers,joint,22.68311604916626,17.193052885852197,28.88489717681152
2158,glaciers,joint,22.78240710270005,17.279589691196446,28.982680666793357
2159,glaciers,joint,22.87534854850109,17.35969506357121,29.08175817238816
2160,glaciers,joint,22.964582412216053,17.42176655642446,29.16417136292684
2161,glaciers,joint,23.040582326676933,17.486869356137564,29.21768627945445
2162,glaciers,joint,23.126174516088042,17.554399239168745,29.277042162161592
2163,glaciers,joint,23.201794735322522,17.636671021505283,29.360437464836927
2164,glaciers,joint,23.284900063802713,17.707642178773156,29.450149264365002
2165,glaciers,joint,23.368511257634864,17.779392044598197,29.50524487865382
2166,glaciers,joint,23.44677583334014,17.842606797178824,29.64816682156802
2167,glaciers,joint,23.516117711297092,17.90470772102095,29.728292635243175
2168,glaciers,joint,23.601298678778356,17.964854217334643,29.770686435967658
2169,glaciers,joint,23.677573379952634,18.03555850797431,29.811458817466843
2170,glaciers,joint,23.742662452654343,18.116777371326222,29.85067003689723
2171,glaciers,joint,23.80222073569505,18.15991799969545,29.925566758574274
2172,glaciers,joint,23.87160386430748,18.236078407423825,29.991543836409114
2173,glaciers,joint,23.93650845172808,18.301501034558044,30.044325548829555
2174,glaciers,joint,24.014006525513935,18.371703154592655,30.134497627378423
2175,glaciers,joint,24.080916071285987,18.43020704471183,30.177435597189604
2176,glaciers,joint,24.144624048499796,18.49655982522847,30.238548022234113
2177,glaciers,joint,24.20427149937352,18.543861008003834,30.289793580218536
2178,glaciers,joint,24.26662385178969,18.589780757384318,30.359115257088266
2179,glaciers,joint,24.340172917656986,18.631560198246763,30.409191208531006
2180,glaciers,joint,24.407455695247705,18.682584534225917,30.459499483444183
2181,glaciers,joint,24.47169645518846,18.733630541601745,30.52197915433995
2182,glaciers,joint,24.532319477069684,18.776043772152633,30.580719631108707
2183,glaciers,joint,24.59224439463521,18.834879428049344,30.64571916383087
2184,glaciers,joint,24.65247935532573,18.882259935835975,30.69488244929422
2185,glaciers,joint,24.700786172893878,18.924684555390193,30.74998247948608
2186,glaciers,joint,24.757196783286773,18.985670751578816,30.809198527494196
2187,glaciers,joint,24.80945425142524,19.032571881821347,30.876739156991935
2188,glaciers,joint,24.86135804398227,19.07995216627144,30.934131650628384
2189,glaciers,joint,24.919681140400947,19.147237140869013,30.990576506192813
2190,glaciers,joint,24.974539417141898,19.20683494909847,31.045608723983097
2191,glaciers,joint,25.02858487282549,19.26051811784971,31.108201439806543
2192,glaciers,joint,25.079148384409972,19.308730248611102,31.15962884902289
2193,glaciers,joint,25.128419630752553,19.356215944737976,31.20087202092879
2194,glaciers,joint,25.185962310160335,19.40353829350542,31.24212854663693
2195,glaciers,joint,25.238454524105613,19.441078676487166,31.28250698540688
2196,glaciers,joint,25.289550962914,19.494747846275263,31.322053908278978
2197,glaciers,joint,25.32580575323421,19.54885345217081,31.364968174535253
2198,glaciers,joint,25.3610814518427,19.601957875242498,31.432280696958475
2199,glaciers,joint,25.414162929186745,19.654690402177977,31.49392587436969
2200,glaciers,joint,25.46296079406578,19.707290214261928,31.541232236972792
2201,glaciers,joint,25.49622409077878,19.759750897446313,31.587635163072658
2202,glaciers,joint,25.537894801784628,19.811528019129558,31.632857627089106
2203,glaciers,joint,25.568929478131423,19.86262180283838,31.689722269670547
2204,glaciers,joint,25.59959729963753,19.91408825553341,31.718836826326175
2205,glaciers,joint,25.64754376447251,19.969988971216146,31.75415290132067
2206,glaciers,joint,25.694428903264946,20.016356012301674,31.799693197016563
2207,glaciers,joint,25.728899550190107,20.052814485160834,31.841571370896006
2208,glaciers,joint,25.781485439209657,20.073018879962884,31.88077745877966
2209,glaciers,joint,25.807014590521355,20.09286077282546,31.919020399171135
2210,glaciers,joint,25.84569928547905,20.113540663569715,31.94786998754518
2211,glaciers,joint,25.87880683922173,20.151815011625878,31.98280496392544
2212,glaciers,joint,25.920060589045303,20.19631960499345,32.00599589729755
2213,glaciers,joint,25.956182844878704,20.24030266996833,32.03211470927858
2214,glaciers,joint,25.988818510299446,20.274344464876002,32.08395748621618
2215,glaciers,joint,26.026353488483245,20.31218613355924,32.117181505781666
2216,glaciers,joint,26.049786562114207,20.357794839480793,32.145214911886725
2217,glaciers,joint,26.08590348252053,20.403208431640927,32.189138531337846
2218,glaciers,joint,26.116370750967995,20.444712590607978,32.22551632161037
2219,glaciers,joint,26.144738219998786,20.477283424920927,32.246110516944995
2220,glaciers,joint,26.172908800584047,20.505857018012254,32.26560221653488
2221,glaciers,joint,26.203278132984597,20.52674052834484,32.28422114136141
2222,glaciers,joint,26.240821415352066,20.561878650560665,32.30241052440052
2223,glaciers,joint,26.27039487489653,20.59238343248284,32.331625459199024
2224,glaciers,joint,26.30423110317991,20.6207274980193,32.34619573893393
2225,glaciers,joint,26.3345223414634,20.6624860561675,32.369634386646496
2226,glaciers,joint,26.357101540571552,20.691577022122313,32.38709281086234
2227,glaciers,joint,26.393354523625522,20.721231445741754,32.41998000281861
2228,glaciers,joint,26.413454828921047,20.75042963677941,32.45229811200177
2229,glaciers,joint,26.441435108667143,20.773486187739017,32.484062403900765
2230,glaciers,joint,26.46516780200711,20.79592648064741,32.51358875496836
2231,glaciers,joint,26.487976819708038,20.831073427906468,32.52787048024901
2232,glaciers,joint,26.512847379498385,20.861126114060266,32.54740087224193
2233,glaciers,joint,26.53612783724863,20.88751673678114,32.55627114025026
2234,glaciers,joint,26.562852406285884,20.911102547835643,32.57570033756949
2235,glaciers,joint,26.585169234825393,20.934338912953418,32.59287045750311
2236,glaciers,joint,26.60644010729913,20.95770907206897,32.617770609850375
2237,glaciers,joint,26.635852377826883,20.980741452327205,32.6453018287619
2238,glaciers,joint,26.665118557822844,21.003406170282986,32.667327519552735
2239,glaciers,joint,26.691033118312568,21.024111244853867,32.69206310600652
2240,glaciers,joint,26.70979208178756,21.040480504031127,32.72400315083784
2241,glaciers,joint,26.739246655066474,21.049638952949067,32.75526421685261
2242,glaciers,joint,26.75684009784007,21.058587682521566,32.77407254495245
2243,glaciers,joint,26.77636034522953,21.079522689123504,32.803871121080824
2244,glaciers,joint,26.80017407494359,21.101400957416004,32.82415575960636
2245,glaciers,joint,26.82416294024106,21.118853010783727,32.83556674180557
2246,glaciers,joint,26.842498740164935,21.133545148220517,32.85019441701061
2247,glaciers,joint,26.867272593337717,21.14798017914473,32.87133577215972
2248,glaciers,joint,26.891172808277503,21.162165178162862,32.89209569475281
2249,glaciers,joint,26.907259680281214,21.17610196916293,32.91020487583169
2250,glaciers,joint,26.923277408587275,21.18979741906327,32.926390208780354
2251,glaciers,joint,26.93128869043542,21.203256835479316,32.93998043246542
2252,glaciers,joint,26.950772062075885,21.21648692985167,32.952627967911795
2253,glaciers,joint,26.969878642671837,21.229512602239485,32.969103175131735
2254,glaciers,joint,26.995574448413606,21.242368883522627,32.98903056560408
2255,glaciers,joint,27.02097269018088,21.25558713845075,33.00459546147427
2256,glaciers,joint,27.03858057932579,21.2686776560586,33.01947668630944
2257,glaciers,joint,27.05703822641644,21.28489891607939,33.033907019144515
2258,glaciers,joint,27.075907319619226,21.305469769425752,33.04810800512474
2259,glaciers,joint,27.09202628923762,21.325935185776764,33.06207529866201
2260,glaciers,joint,27.10535449715693,21.34609041334013,33.08033412490683
2261,glaciers,joint,27.123921813530558,21.36590786934196,33.094088754053516
2262,glaciers,joint,27.13842466448841,21.384756979215023,33.10453160343129
2263,glaciers,joint,27.152016664473948,21.39580595305082,33.13329507443699
2264,glaciers,joint,27.16936774469758,21.420475829801184,33.14616353277311
2265,glaciers,joint,27.19054838217263,21.444094164008906,33.15883354093217
2266,glaciers,joint,27.206778364926276,21.462010080903024,33.17669197625139
2267,glaciers,joint,27.222643711221192,21.480257173031617,33.20501377788335
2268,glaciers,joint,27.240591245633244,21.494521101780432,33.23271177928732
2269,glaciers,joint,27.255025889776366,21.516783011089636,33.251660603350054
2270,glaciers,joint,27.26822506965775,21.531190966757066,33.261034474147095
2271,glaciers,joint,27.281686127982578,21.543923938547664,33.27021172358216
2272,glaciers,joint,27.295856150324056,21.55645216428808,33.27923195449644
2273,glaciers,joint,27.31078862519783,21.56878048196838,33.28809705850742
2274,glaciers,joint,27.330499136356938,21.580925870682275,33.296818184695915
2275,glaciers,joint,27.350737368871954,21.59402604759266,33.30541819755522
2276,glaciers,joint,27.366826090646228,21.60953242513365,33.31385343263521
2277,glaciers,joint,27.37898942356496,21.620917227365,33.32644235120946
2278,glaciers,joint,27.393260585014104,21.627485204057212,33.34646419806238
2279,glaciers,joint,27.4061746145049,21.638498583185854,33.3490572485908
2280,glaciers,joint,27.413607083272595,21.649371652403747,33.358807841133824
2281,glaciers,joint,27.42160841933338,21.660166442322296,33.363051631937374
2282,glaciers,joint,27.432521539990212,21.671242984809506,33.36719926040005
2283,glaciers,joint,27.439918780871338,21.682161226265816,33.37125479277272
2284,glaciers,joint,27.446476097924183,21.6929319507442,33.37830846897822
2285,glaciers,joint,27.452938973117554,21.704709117599894,33.38572687959917
2286,glaciers,joint,27.46761854861598,21.722691167602203,33.393075943080106
2287,glaciers,joint,27.479788720058362,21.740611883185995,33.40037730260921
2288,glaciers,joint,27.50218979169572,21.758465138987415,33.4076331490772
2289,glaciers,joint,27.523867131711313,21.773071598718904,33.414833325787356
2290,glaciers,joint,27.53265858748472,21.782612430271044,33.42391453956478
2291,glaciers,joint,27.54407096814075,21.7920281499818,33.43776258561667
2292,glaciers,joint,27.555816127689624,21.805111990457604,33.451407447071254
2293,glaciers,joint,27.567504194689967,21.81868150892405,33.46484996188594
2294,glaciers,joint,27.575117361607518,21.83209094895688,33.47809565641794
2295,glaciers,joint,27.58252508992455,21.845358699423628,33.48796852627956
2296,glaciers,joint,27.597136768653833,21.858513740506964,33.49387308329118
2297,glaciers,joint,27.609406969507567,21.871485413991813,33.49972434160071
2298,glaciers,joint,27.620323949633246,21.875275923343608,33.509291229823134
2299,glaciers,joint,27.629599731228176,21.886743871729,33.53002102046762
2300,glaciers,joint,27.63876104038241,21.906284519847397,33.54745602258237
1990,gis,fixed,-0.524945807220234,-0.5418551406629009,-0.5116648105161671
1991,gis,fixed,-0.5271460777658685,-0.5430054649078523,-0.5147645328319294
1992,gis,fixed,-0.5031893649261585,-0.5178776302405472,-0.49103254705066945
1993,gis,fixed,-0.5136415940465091,-0.5280292836167109,-0.5017121359295387
1994,gis,fixed,-0.5256164082102939,-0.5454113015833543,-0.5079401084445034
1995,gis,fixed,-0.5226012719630542,-0.5418236360222155,-0.5054880251927141
1996,gis,fixed,-0.513361732080265,-0.5313877609700822,-0.4973264946313712
1997,gis,fixed,-0.464909141381165,-0.4793702449529952,-0.4521069711253093
1998,gis,fixed,-0.436852752424822,-0.4487381717481959,-0.4248882396121679
1999,gis,fixed,-0.3964279917183817,-0.406831057921695,-0.3853483824555132
2000,gis,fixed,-0.374957680223472,-0.3865724335390116,-0.3624309729515067
2001,gis,fixed,-0.3237612946467645,-0.337294832831802,-0.31026696466624853
2002,gis,fixed,-0.26210529188967957,-0.27671918806765233,-0.24804555242244886
2003,gis,fixed,-0.21078159996188495,-0.22798035642625875,-0.19453270004425377
2004,gis,fixed,-0.07853539771098372,-0.08369056734909486,-0.07283710916225665
2005,gis,fixed,-0.002207293765686291,-0.007418052670869368,0.003946133359568101
2006,gis,fixed,0.10332130217628599,0.09998984910708172,0.10757759082966523
2007,gis,fixed,0.16482305851487,0.1597487905020493,0.17109286632471568
2008,gis,fixed,0.23673082400225187,0.2294224496364333,0.24525995573215367
2009,gis,fixed,0.27762838910174814,0.26674683916702635,0.28981952895574653
2010,gis,fixed,0.33169000546045924,0.31705919806615895,0.34716451314026986
2011,gis,fixed,0.5413272565955176,0.5174880423851295,0.5655507379640187
2012,gis,fixed,0.5721421912716727,0.5519812933894487,0.5921928605418482
2013,gis,fixed,0.6514066066622513,0.6295142286815497,0.6719514317488408
2014,gis,fixed,0.708030839215608,0.6865087776449714,0.727632449434226
2015,gis,fixed,0.7814567232696863,0.7579412875200792,0.80253935614429
2016,gis,fixed,0.7805912073554735,0.7580528711817417,0.8007105159061523
2017,gis,fixed,0.8952506055759426,0.867201135536548,0.9205922512940758
2018,gis,fixed,0.9437300434607656,0.9159996283051176,0.9687587796846836
2019,gis,fixed,0.9733953095349839,0.9457135644943363,0.9998997737666406
2020,gis,fixed,1.0686389864508392,1.0375298199449725,1.0978245888896676
2021,gis,fixed,1.1219997454079311,1.0888161197080024,1.152979894781874
2022,gis,fixed,1.2175174269653737,1.180666640082949,1.2512659863213915
2023,gis,fixed,1.2579463451091777,1.2196798403219147,1.294192902718094
2024,gis,fixed,1.3025997205620623,1.2601947660715855,1.3421103728043702
2025,gis,fixed,1.3350079253554585,1.288535565716363,1.3773816584158087
2026,gis,fixed,1.4024129855541885,1.3531239589000328,1.4495698756780038
2027,gis,fixed,1.4721846599414832,1.4193554451492896,1.5228853525504646
2028,gis,fixed,1.5431762891743914,1.4857861705143423,1.5975237099342916
2029,gis,fixed,1.6142157724129014,1.551896044168175,1.6733238064167688
2030,gis,fixed,1.6855551055587035,1.6192719750106774,1.7505218466899948
2031,gis,fixed,1.7580969905599146,1.6874601032540855,1.829314300180824
2032,gis,fixed,1.8314659845830223,1.7549624264541452,1.9084139485600935
2033,gis,fixed,1.9071349492076837,1.824935550300003,1.9900855719096637
2034,gis,fixed,1.983218126505669,1.89504203913902,2.07104265946058
2035,gis,fixed,2.06099914672831,1.9673230732577363,2.1555326633072114
2036,gis,fixed,2.1406807822935403,2.041521057363884,2.2426181170719346
2037,gis,fixed,2.223831605702337,2.116928156778843,2.332360215234712
2038,gis,fixed,2.3087305464400165,2.1941781592119303,2.423087556973709
2039,gis,fixed,2.3949551156194424,2.2737424043460437,2.518572570260605
2040,gis,fixed,2.484365011857223,2.3544650432624796,2.616744092215952
2041,gis,fixed,2.575884953304575,2.436413490406619,2.7162399987831134
2042,gis,fixed,2.6670255921444124,2.5186670594007388,2.8177468392600056
2043,gis,fixed,2.760853744457073,2.6027556700083827,2.9223661285192017
2044,gis,fixed,2.856733413830764,2.6869828163206186,3.028708018970697
2045,gis,fixed,2.9555829993098,2.7732828439829222,3.1372004479526465
2046,gis,fixed,3.0564801263970924,2.861892723793606,3.249528104605475
2047,gis,fixed,3.1602361365945524,2.9529457128985337,3.364389750756657
2048,gis,fixed,3.2673464612479024,3.045795419696464,3.484721690993137
2049,gis,fixed,3.3766039695301435,3.1425068123569706,3.6091014443425187
2050,gis,fixed,3.491850776976599,3.2413439787391427,3.739859346261774
2051,gis,fixed,3.6091786664847865,3.3423389547716402,3.873508614465931
2052,gis,fixed,3.727365744458588,3.446269585687683,4.008345065888889
2053,gis,fixed,3.84741888802597,3.5503073421303064,4.147897312238113
2054,gis,fixed,3.9696613436583648,3.6551046401011322,4.290803828647505
2055,gis,fixed,4.09257023639956,3.7607539257945226,4.438444736795113
2056,gis,fixed,4.218673418337063,3.869674305408578,4.582648958583477
2057,gis,fixed,4.346924579648413,3.9783822582531343,4.73175161665344
2058,gis,fixed,4.4791620575584705,4.090884899831185,4.884158169146247
2059,gis,fixed,4.6138706028349254,4.202097093265012,5.040538686146947
2060,gis,fixed,4.749589323899393,4.314827254569965,5.20204229792215
2061,gis,fixed,4.888523928505067,4.429685004955937,5.361794346066186
2062,gis,fixed,5.026933766359374,4.547499026100576,5.5292610611974435
2063,gis,fixed,5.168418905967668,4.664273249652606,5.692038751439248
2064,gis,fixed,5.3081894894013,4.782059052724551,5.855616809238238
2065,gis,fixed,5.452054347063678,4.903123294188523,6.025109197630497
2066,gis,fixed,5.5982428778894455,5.022383233542442,6.195671188031918
2067,gis,fixed,5.7446135790995925,5.142788690302958,6.368766031741955
2068,gis,fixed,5.8950263197973385,5.266222529622483,6.546458551934684
2069,gis,fixed,6.046846570356619,5.391884232023669,6.7278135445109
2070,gis,fixed,6.203283494749989,5.521823853160965,6.917566101803185
2071,gis,fixed,6.364309266275562,5.653604490029936,7.110076631603526
2072,gis,fixed,6.529708640337103,5.789771800639802,7.30613088990265
2073,gis,fixed,6.698225800568698,5.930967345160144,7.508854145227532
2074,gis,fixed,6.870193407846717,6.066830443530833,7.715225883702036
2075,gis,fixed,7.045128689714087,6.211955096227873,7.9256310252894355
2076,gis,fixed,7.227686552877218,6.359230514376102,8.145076579877921
2077,gis,fixed,7.410796381888894,6.506110385165481,8.366699114667494
2078,gis,fixed,7.597937600257003,6.655086382145715,8.593890248092226
2079,gis,fixed,7.787365065674248,6.806121689686953,8.824568816694388
2080,gis,fixed,7.981311418104837,6.963213317636433,9.057786762215446
2081,gis,fixed,8.17879706074235,7.122187973394356,9.29453044370142
2082,gis,fixed,8.382182646706633,7.287696981390882,9.539038842784038
2083,gis,fixed,8.590333864765654,7.452968159184291,9.791373712351724
2084,gis,fixed,8.802375395976117,7.621629583404254,10.049418848679155
2085,gis,fixed,9.018294771693228,7.790168884280676,10.3120419925334
2086,gis,fixed,9.235629726948908,7.958420994919076,10.577168131792797
2087,gis,fixed,9.45735633341096,8.134879897451569,10.84501318161162
2088,gis,fixed,9.679852016856344,8.314437414592657,11.116771504250698
2089,gis,fixed,9.902488042093896,8.493941099994935,11.389388058085716
2090,gis,fixed,10.126809421115638,8.67441494742902,11.664288238911983
2091,gis,fixed,10.357302059187749,8.858743184926494,11.943483299770689
2092,gis,fixed,10.585239432355152,9.044631161085778,12.231313895011631
2093,gis,fixed,10.822087496011925,9.233938700183876,12.526693468440152
2094,gis,fixed,11.0602775625991,9.422500024504233,12.821957551522514
2095,gis,fixed,11.302094890684533,9.612112131974044,13.12065555464032
2096,gis,fixed,11.548473462563225,9.807226195332735,13.419889735283395
2097,gis,fixed,11.79938266885236,10.007563431053933,13.72595223049328
2098,gis,fixed,12.053163285064551,10.20864978281832,14.03610743473384
2099,gis,fixed,12.30731546128519,10.409754294376606,14.34573373275309
2100,gis,fixed,12.561557362697041,10.60887926560587,14.652822898030054
2101,gis,fixed,12.8179045671519,10.807607531357721,14.959840819097028
2102,gis,fixed,13.07560000845324,11.011472645889574,15.280664640138163
2103,gis,fixed,13.335697478087013,11.221394018956763,15.599948245640812
2104,gis,fixed,13.598638333906855,11.43155078132768,15.931157091629265
2105,gis,fixed,13.868156416237543,11.642751722925057,16.267513288691664
2106,gis,fixed,14.137259917578785,11.856736488409037,16.596757832905414
2107,gis,fixed,14.403069240732254,12.07219192161877,16.928137460347696
2108,gis,fixed,14.675460148551828,12.28619127384116,17.258021636487282
2109,gis,fixed,14.952290436364205,12.503280240730854,17.58742481318591
2110,gis,fixed,15.22384765168605,12.719372246013412,17.91495937797885
2111,gis,fixed,15.486866527044054,12.936126615466383,18.250783032548547
2112,gis,fixed,15.760275965053097,13.14720328258026,18.592062678996243
2113,gis,fixed,16.033143074026253,13.360946780681271,18.934453838314194
2114,gis,fixed,16.321117019921502,13.587759792149694,19.281035338113735
2115,gis,fixed,16.602295211505766,13.812723133488946,19.627643031021005
2116,gis,fixed,16.88302625983716,14.036557453696236,19.960588494745068
2117,gis,fixed,17.15275153490301,14.261205607136471,20.30226218608361
2118,gis,fixed,17.4422172733872,14.487307052227761,20.656406894854808
2119,gis,fixed,17.728947862912374,14.716497122646926,20.999915426762634
2120,gis,fixed,18.010509154216777,14.937333320500848,21.34790513111496
2121,gis,fixed,18.287454620063983,15.167964671857709,21.682616143287703
2122,gis,fixed,18.56281509918906,15.400746402601838,22.019551186927657
2123,gis,fixed,18.84737460284316,15.627932727852748,22.357546281846307
2124,gis,fixed,19.131546679626453,15.860926794794242,22.70664839992159
2125,gis,fixed,19.421810476577058,16.10427063389639,23.044805473631754
2126,gis,fixed,19.714199856401734,16.343394455421205,23.421781687217397
2127,gis,fixed,20.007510209304137,16.579486768681118,23.795021854719494
2128,gis,fixed,20.303145434350398,16.817363538501393,24.169170610713408
2129,gis,fixed,20.600683095102525,17.050556589955146,24.522568275246627
2130,gis,fixed,20.89828360857107,17.284427103738363,24.879000476051043
2131,gis,fixed,21.201256157050786,17.526057998875626,25.25127209913748
2132,gis,fixed,21.495116948861245,17.773818077649107,25.617960251809038
2133,gis,fixed,21.7973323652203,18.022710821459107,25.973308857364362
2134,gis,fixed,22.103223233491168,18.25145621369555,26.337393289701186
2135,gis,fixed,22.400305775928544,18.500849331125345,26.716255046009564
2136,gis,fixed,22.70603211508562,18.77066963998229,27.079959524026695
2137,gis,fixed,23.011710480275738,19.003247129805793,27.461878296084368
2138,gis,fixed,23.3182823976258,19.23795677292771,27.84671709195755
2139,gis,fixed,23.622134194904262,19.482720540662214,28.23600739309487
2140,gis,fixed,23.94574330468061,19.748579781897917,28.627560534614794
2141,gis,fixed,24.264899207579475,20.026472763815242,29.020127930595706
2142,gis,fixed,24.580553507785122,20.30660870662824,29.408483431859914
2143,gis,fixed,24.905951939405412,20.564806495298086,29.79021347297912
2144,gis,fixed,25.233028613472754,20.824548097987154,30.16456453008667
2145,gis,fixed,25.55200619541276,21.096825623472494,30.56764741887653
2146,gis,fixed,25.87592733010468,21.380134578576612,30.984729999415496
2147,gis,fixed,26.20655844675148,21.66650794207594,31.36882185350393
2148,gis,fixed,26.540401137052115,21.946123632463014,31.76665568660489
2149,gis,fixed,26.877569031968918,22.234179289283798,32.178307653647565
2150,gis,fixed,27.21974062874981,22.509184427401983,32.590817628797105
2151,gis,fixed,27.548852893701778,22.78393849419479,32.979973789575396
2152,gis,fixed,27.87284761853208,23.07683479450932,33.40078331378199
2153,gis,fixed,28.209877640518062,23.36484866854558,33.81924189600041
2154,gis,fixed,28.561046997504864,23.642023989482848,34.22857187342202
2155,gis,fixed,28.901886917004372,23.92196221626593,34.63885973251385
2156,gis,fixed,29.25644978008807,24.223026336301505,35.04982060337905
2157,gis,fixed,29.620314238761495,24.53296739719475,35.45929609822296
2158,gis,fixed,29.977328014032924,24.8402230401436,35.86158753116669
2159,gis,fixed,30.338273512338294,25.156058857191905,36.28961505087956
2160,gis,fixed,30.69436171714267,25.474698394201283,36.713106260310425
2161,gis,fixed,31.046531623116657,25.78102145748812,37.1454757933478
2162,gis,fixed,31.41896499410376,26.08298333088106,37.59234577921528
2163,gis,fixed,31.794371624340442,26.385388495271055,38.024825766691855
2164,gis,fixed,32.148196503182646,26.685052771435153,38.45372261217531
2165,gis,fixed,32.508471194465315,26.971055044809944,38.88040467857034
2166,gis,fixed,32.87162104132932,27.2954880004519,39.30346263902712
2167,gis,fixed,33.235050138334174,27.620829220411455,39.73006074977089
2168,gis,fixed,33.59941900373879,27.94971398208894,40.15345155064545
2169,gis,fixed,33.96339188858056,28.27403543892104,40.579020393525205
2170,gis,fixed,34.32594497709019,28.608494055597074,41.01749794999724
2171,gis,fixed,34.691119295138265,28.923542563319607,41.443933873281125
2172,gis,fixed,35.05930581162542,29.24005028744138,41.88819493199162
2173,gis,fixed,35.43535558283956,29.560376896973874,42.354547834916005
2174,gis,fixed,35.814655937720104,29.88261706819966,42.80264650148142
2175,gis,fixed,36.18736366008544,30.213670089678498,43.257833386562524
2176,gis,fixed,36.55935326816183,30.53617968556612,43.69888459520366
2177,gis,fixed,36.94972337166134,30.858517572625072,44.15124751054798
2178,gis,fixed,37.34871353577496,31.183029433866114,44.60286997886941
2179,gis,fixed,37.72687370588295,31.517539286545997,45.02164974229486
2180,gis,fixed,38.10258418697325,31.845610417939294,45.440076988800186
2181,gis,fixed,38.49069071262334,32.19470877622238,45.87402497176555
2182,gis,fixed,38.876229337014955,32.54583546725552,46.31721070508404
2183,gis,fixed,39.26587140534306,32.877538362648465,46.78221244932722
2184,gis,fixed,39.66080394515049,33.21218849868098,47.235660641508446
2185,gis,fixed,40.06065078248145,33.544817496523066,47.69606910772805
2186,gis,fixed,40.457112468975225,33.87174544630187,48.15622604072216
2187,gis,fixed,40.8515362605375,34.21642578516525,48.6549835352588
2188,gis,fixed,41.24350130438978,34.576109624431815,49.158375679024736
2189,gis,fixed,41.626194665759044,34.93624414635814,49.65807629001443
2190,gis,fixed,42.02051256809169,35.28219099642477,50.12222314872149
2191,gis,fixed,42.42110963051376,35.61651041386103,50.58242689318327
2192,gis,fixed,42.81209320852052,35.94949433014228,51.043119229409854
2193,gis,fixed,43.21701750694611,36.279000220858066,51.50647049919084
2194,gis,fixed,43.62284862370241,36.636577512561615,51.97612982829175
2195,gis,fixed,44.04223097056419,36.969987944922394,52.43691321924601
2196,gis,fixed,44.46126926315945,37.34195726318354,52.89201159203772
2197,gis,fixed,44.88086711931859,37.707308799701906,53.35185341709229
2198,gis,fixed,45.27492250968632,38.05079129219886,53.80689185764261
2199,gis,fixed,45.67657444506781,38.3998286147765,54.29553764882891
2200,gis,fixed,46.0676159612502,38.745325169599255,54.782844227238066
2201,gis,fixed,46.468273761372885,39.10444601653495,55.23999474611615
2202,gis,fixed,46.87260417392559,39.48415108750956,55.70674447608757
2203,gis,fixed,47.280894232228164,39.86124775039694,56.16881756577424
2204,gis,fixed,47.69415601935049,40.22884144307088,56.63639786052095
2205,gis,fixed,48.104750561586826,40.589849077519105,57.10875812713233
2206,gis,fixed,48.526156250883346,40.9723347689489,57.58187619727454
2207,gis,fixed,48.942782721686,41.33190508173702,58.04487391548562
2208,gis,fixed,49.365948835524975,41.69150959121816,58.52314474696309
2209,gis,fixed,49.78486432717192,42.09290439621917,59.0053848981148
2210,gis,fixed,50.19275374242007,42.45122579869699,59.48828308212844
2211,gis,fixed,50.60222670101548,42.80632534045368,60.00583527769606
2212,gis,fixed,51.014878987438266,43.16033497697026,60.5075698801564
2213,gis,fixed,51.43781576967938,43.50429940937853,61.01805496965379
2214,gis,fixed,51.86435958419554,43.85047208254291,61.496531523678186
2215,gis,fixed,52.27079355578719,44.20478182240854,61.95926759961158
2216,gis,fixed,52.68932626111503,44.583480162848794,62.4218789881383
2217,gis,fixed,53.113795735875556,44.96000154893318,62.88415147584794
2218,gis,fixed,53.54428594801134,45.32331383038006,63.34565891310735
2219,gis,fixed,53.977885151915814,45.70551079545593,63.805512061086084
2220,gis,fixed,54.40517021935594,46.063485689399094,64.30706024108464
2221,gis,fixed,54.81315028779641,46.422594578110136,64.79397864155435
2222,gis,fixed,55.22990837201212,46.78841072253581,65.25790296459323
2223,gis,fixed,55.655637375505435,47.20350782826086,65.71942301022112
2224,gis,fixed,56.075541182098796,47.56111799790057,66.19634777931147
2225,gis,fixed,56.48110710492055,47.911126468366234,66.68426449372151
2226,gis,fixed,56.89627059417567,48.27771501818636,67.17222521696237
2227,gis,fixed,57.32959433940245,48.674620269911664,67.65112140939698
2228,gis,fixed,57.77412457228725,49.07472281063403,68.12579533694273
2229,gis,fixed,58.20832557607032,49.476046672487335,68.59464676596723
2230,gis,fixed,58.63120196830073,49.86228457072024,69.06626151136823
2231,gis,fixed,59.055674883184125,50.23043519416345,69.54828535084897
2232,gis,fixed,59.47694819793537,50.59991492789713,70.01612865176237
2233,gis,fixed,59.89208519560279,50.968754196488895,70.5337216465785
2234,gis,fixed,60.31878488677401,51.33682315991838,71.05052437383205
2235,gis,fixed,60.7598675728822,51.70745851031474,71.55342835251716
2236,gis,fixed,61.17620271830826,52.11309527665696,72.07723993828473
2237,gis,fixed,61.58975260367072,52.52107035613681,72.58196761634899
2238,gis,fixed,61.99914360386988,52.91171691424899,73.08906357373733
2239,gis,fixed,62.41799715019485,53.31778658635309,73.56830519155137
2240,gis,fixed,62.8432351252122,53.70163790919229,74.07700909266426
2241,gis,fixed,63.27572018450859,54.10213824896272,74.59005913919965
2242,gis,fixed,63.68578277857902,54.500466693217284,75.09579157600487
2243,gis,fixed,64.11005588643985,54.875938943272075,75.6018622559352
2244,gis,fixed,64.51894537600606,55.250813898748085,76.10633527704591
2245,gis,fixed,64.94757108852843,55.63771783094971,76.58917921226777
2246,gis,fixed,65.37858350079958,56.04199897208407,77.0401874558146
2247,gis,fixed,65.8244571396755,56.45439831496464,77.5335849232881
2248,gis,fixed,66.25112176287364,56.86142622661703,78.039538393246
2249,gis,fixed,66.66589446631056,57.25184808056213,78.55367103220544
2250,gis,fixed,67.08199463225317,57.659784450619206,79.06982409140618
2251,gis,fixed,67.51698894424521,58.05387259602961,79.55996143260869
2252,gis,fixed,67.95211998323744,58.44552422285238,80.09239757334774
2253,gis,fixed,68.37216184361881,58.83411971599856,80.63465869242431
2254,gis,fixed,68.81601025954127,59.223295842816306,81.12900065676499
2255,gis,fixed,69.25786990088639,59.61669523948265,81.5941266949111
2256,gis,fixed,69.68995256547721,60.01390945058169,82.0807396522733
2257,gis,fixed,70.11738017452765,60.40628732766915,82.58658100702122
2258,gis,fixed,70.54639558198161,60.80049784336498,83.09235753326242
2259,gis,fixed,70.97795849172581,61.19516070572984,83.59770410422975
2260,gis,fixed,71.41116334701661,61.609409850809314,84.10007748145719
2261,gis,fixed,71.84147221525262,61.988705912712156,84.56449713914361
2262,gis,fixed,72.25778443412604,62.381635805122365,85.01379606407572
2263,gis,fixed,72.689523790802,62.822823105806826,85.46122183848263
2264,gis,fixed,73.12898362851469,63.26888560162519,85.92493120007789
2265,gis,fixed,73.55915945867514,63.71588820763332,86.46199826953729
2266,gis,fixed,73.99604458574694,64.16243366337109,86.93496295186875
2267,gis,fixed,74.42528087635226,64.58480330727251,87.40904069305108
2268,gis,fixed,74.86083690917567,64.98783728106854,87.8949401046004
2269,gis,fixed,75.28799316338393,65.3911593904414,88.43428992987073
2270,gis,fixed,75.71304140698433,65.7959014659676,88.97438499699987
2271,gis,fixed,76.15950244132571,66.20152701153692,89.50003386022081
2272,gis,fixed,76.6084094939905,66.60722095818164,89.97251254377201
2273,gis,fixed,77.05656151442886,67.01328212807914,90.44110143724524
2274,gis,fixed,77.49550812005845,67.42185721525057,90.91217935850132
2275,gis,fixed,77.94188260200175,67.83242122405204,91.38502297328208
2276,gis,fixed,78.38306805254543,68.26102051502822,91.8584850200995
2277,gis,fixed,78.83797428543653,68.68920011358104,92.32156887403197
2278,gis,fixed,79.29045704390364,69.10093353519889,92.80202318658203
2279,gis,fixed,79.71626859228998,69.54771013682134,93.28243288454883
2280,gis,fixed,80.15410253780257,69.97858327737045,93.79174462368576
2281,gis,fixed,80.58862559650532,70.38411696128188,94.28900730255302
2282,gis,fixed,81.02742672112879,70.79081955859277,94.78567607405121
2283,gis,fixed,81.48021048581664,71.19555422037301,95.28318134504487
2284,gis,fixed,81.9177764551281,71.61766546747083,95.78056192914644
2285,gis,fixed,82.35087535447516,72.04110172601379,96.33365676186993
2286,gis,fixed,82.79877632148916,72.48597256632812,96.89156245955986
2287,gis,fixed,83.26473890890661,72.93357957826535,97.44417765911842
2288,gis,fixed,83.72341264311866,73.38145177711006,97.9371049979424
2289,gis,fixed,84.17013855495148,73.8260579508862,98.42938546612592
2290,gis,fixed,84.61974107580278,74.2382840791365,98.91784533007959
2291,gis,fixed,85.07471055009503,74.65322131882124,99.40794819172422
2292,gis,fixed,85.52622437001102,75.09025197013707,99.89820522260311
2293,gis,fixed,85.97847392936032,75.53234920861566,100.38908719938621
2294,gis,fixed,86.44314359764587,75.97531656007685,100.87886133413828
2295,gis,fixed,86.91295402618694,76.41921850554506,101.36900563878795
2296,gis,fixed,87.38850407589157,76.86562271936259,101.8618746721557
2297,gis,fixed,87.8685227611345,77.31295552442161,102.35528354671791
2298,gis,fixed,88.32742781416394,77.75941720662394,102.85356061087715
2299,gis,fixed,88.79709829917391,78.1929296676659,103.3512388479173
2300,gis,fixed,89.26684572138545,78.62912842390024,103.851710785164
1990,gis,joint,-0.524945807220234,-0.5418551406629009,-0.5116648105161671
1991,gis,joint,-0.5271460777658685,-0.5430054649078523,-0.5147645328319294
1992,gis,joint,-0.5031893649261585,-0.5178776302405472,-0.49103254705066945
1993,gis,joint,-0.5136415940465091,-0.5280292836167109,-0.5017121359295387
1994,gis,joint,-0.5256164082102939,-0.5454113015833543,-0.5079401084445034
1995,gis,joint,-0.5226012719630542,-0.5418236360222155,-0.5054880251927141
1996,gis,joint,-0.513361732080265,-0.5313877609700822,-0.4973264946313712
1997,gis,joint,-0.464909141381165,-0.4793702449529952,-0.4521069711253093
1998,gis,joint,-0.436852752424822,-0.4487381717481959,-0.4248882396121679
1999,gis,joint,-0.3964279917183817,-0.406831057921695,-0.3853483824555132
2000,gis,joint,-0.374957680223472,-0.3865724335390116,-0.3624309729515067
2001,gis,joint,-0.3237612946467645,-0.337294832831802,-0.31026696466624853
2002,gis,joint,-0.26210529188967957,-0.27671918806765233,-0.24804555242244886
2003,gis,joint,-0.21078159996188495,-0.22798035642625875,-0.19453270004425377
2004,gis,joint,-0.07853539771098372,-0.08369056734909486,-0.07283710916225665
2005,gis,joint,-0.002207293765686291,-0.007418052670869368,0.003946133359568101
2006,gis,joint,0.10332130217628599,0.09998984910708172,0.10757759082966523
2007,gis,joint,0.16482305851487,0.1597487905020493,0.17109286632471568
2008,gis,joint,0.23673082400225187,0.2294224496364333,0.24525995573215367
2009,gis,joint,0.27762838910174814,0.26674683916702635,0.28981952895574653
2010,gis,joint,0.33169000546045924,0.31705919806615895,0.34716451314026986
2011,gis,joint,0.5413272565955176,0.5174880423851295,0.5655507379640187
2012,gis,joint,0.5721421912716727,0.5519812933894487,0.5921928605418482
2013,gis,joint,0.6514066066622513,0.6295142286815497,0.6719514317488408
2014,gis,joint,0.708030839215608,0.6865087776449714,0.727632449434226
2015,gis,joint,0.7814567232696863,0.7579412875200792,0.80253935614429
2016,gis,joint,0.7805912073554735,0.7580528711817417,0.8007105159061523
2017,gis,joint,0.8952506055759426,0.867201135536548,0.9205922512940758
2018,gis,joint,0.9437300434607656,0.9159996283051176,0.9687587796846836
2019,gis,joint,0.9733953095349839,0.9457135644943363,0.9998997737666406
2020,gis,joint,1.0686389864508392,1.0375298199449725,1.0978245888896676
2021,gis,joint,1.1219997454079311,1.0888161197080024,1.152979894781874
2022,gis,joint,1.2175174269653737,1.180666640082949,1.2512659863213915
2023,gis,joint,1.2579463451091777,1.2196798403219147,1.294192902718094
2024,gis,joint,1.3025997205620623,1.2601947660715855,1.3421103728043702
2025,gis,joint,1.3350079253554585,1.288535565716363,1.3773816584158087
2026,gis,joint,1.4048341184505704,1.3558247681571514,1.4521231638447
2027,gis,joint,1.4764398180991662,1.4228139166519285,1.5291371980203146
2028,gis,joint,1.550490758753393,1.4913794572868462,1.610206178815945
2029,gis,joint,1.6267775342619677,1.5595616932549596,1.6950970882761076
2030,gis,joint,1.704002340897755,1.6293085858009986,1.7852410684634246
2031,gis,joint,1.782569660596427,1.699566866254122,1.881384302531668
2032,gis,joint,1.8639692640623924,1.771391102519797,1.9792471751323348
2033,gis,joint,1.9469878416748445,1.8419227961668125,2.08222558868383
2034,gis,joint,2.0330541438001135,1.9162104402159872,2.1911571504982073
2035,gis,joint,2.1221828930972717,1.9905011840325189,2.3061068185238325
2036,gis,joint,2.2133639448685853,2.065670530153234,2.423427745087772
2037,gis,joint,2.3085754627869397,2.1449605381357015,2.5487586553976014
2038,gis,joint,2.40593672494474,2.22435716685249,2.676756635790217
2039,gis,joint,2.5065789284127233,2.3076205656788926,2.8147106736114034
2040,gis,joint,2.608969189061616,2.3905813384849917,2.953931908918949
2041,gis,joint,2.7145663485263856,2.473987805692064,3.098881479471224
2042,gis,joint,2.8220139660460046,2.5582490316890674,3.2471718009915844
2043,gis,joint,2.930022658473912,2.643890311893611,3.3969949312625616
2044,gis,joint,3.042095712331066,2.7304673787307583,3.5511516688985036
2045,gis,joint,3.156353987913964,2.8215683420973,3.7063230632934365
2046,gis,joint,3.276787606273606,2.9145689083089135,3.8723002615529127
2047,gis,joint,3.3996941443763538,3.006733048490045,4.045867847640632
2048,gis,joint,3.5273117281431667,3.1005220705613508,4.224258063242555
2049,gis,joint,3.655907767681726,3.195777041572881,4.401446025754965
2050,gis,joint,3.790726307905259,3.293803533800715,4.585278868728761
2051,gis,joint,3.927007153845906,3.397110276979307,4.774915317440567
2052,gis,joint,4.062721262514907,3.5001441880183655,4.971697816809195
2053,gis,joint,4.198171783966995,3.6025040979227887,5.184866553686981
2054,gis,joint,4.337038068378117,3.7067666260120182,5.401312814284682
2055,gis,joint,4.480055858124031,3.8104893195975698,5.616388251423733
2056,gis,joint,4.6255217272204385,3.9179827018640743,5.836414209355763
2057,gis,joint,4.773436972072249,4.02756137863358,6.061137943161689
2058,gis,joint,4.925236437888783,4.140199628387038,6.302597844690975
2059,gis,joint,5.077116303795533,4.255414821149229,6.551066756426382
2060,gis,joint,5.234171282043504,4.368850681967091,6.808570438451685
2061,gis,joint,5.391177702586534,4.482009311738733,7.074141708228914
2062,gis,joint,5.553644826791546,4.600068163016084,7.345939619181293
2063,gis,joint,5.718341334591427,4.719480339480223,7.624908327210536
2064,gis,joint,5.8863363268062265,4.8403815381057,7.911213818000884
2065,gis,joint,6.058548020149809,4.966111120825671,8.20488893690206
2066,gis,joint,6.234341870332964,5.09138050958585,8.49539554339552
2067,gis,joint,6.414237535822166,5.213226647087508,8.797160839059867
2068,gis,joint,6.598412635494686,5.346706082050929,9.112982877842986
2069,gis,joint,6.7885345562985195,5.480588047022493,9.436196731940125
2070,gis,joint,6.9840377302224645,5.6103565593870846,9.761706475644246
2071,gis,joint,7.182819809474369,5.74316979673318,10.090175113666893
2072,gis,joint,7.385644449442257,5.875341163849905,10.430711337521398
2073,gis,joint,7.59199221916329,6.0084290901636175,10.773858359014124
2074,gis,joint,7.7988960263860685,6.145491992542439,11.133725123804258
2075,gis,joint,8.01391807011708,6.292043090997163,11.502239410593438
2076,gis,joint,8.232143140282734,6.43508588311292,11.878826185277989
2077,gis,joint,8.45019685399864,6.578284430206166,12.262229331585656
2078,gis,joint,8.678682729450923,6.724016676395651,12.650597723517931
2079,gis,joint,8.906211829966185,6.875056207759338,13.04068720823477
2080,gis,joint,9.139376811415415,7.028884378756827,13.445993442449067
2081,gis,joint,9.375398804218513,7.190042372224004,13.849473934666335
2082,gis,joint,9.618866628638182,7.34772415205904,14.261315841627669
2083,gis,joint,9.865884877152263,7.505745798862454,14.675632931071638
2084,gis,joint,10.117282371763629,7.668100204248439,15.116336564139726
2085,gis,joint,10.373687049777072,7.8301900664534365,15.567276875872794
2086,gis,joint,10.626456222760332,7.9935048254081735,16.04861645430377
2087,gis,joint,10.888096636274932,8.157358870497776,16.535338164226943
2088,gis,joint,11.150873018540771,8.322643372861474,17.00366522858149
2089,gis,joint,11.423382623751806,8.494330650034334,17.47651513823131
2090,gis,joint,11.694765046129602,8.665506009465608,17.999029783478797
2091,gis,joint,11.965760816304151,8.841476009637509,18.529456005686548
2092,gis,joint,12.245168477466509,9.016993968608281,19.036521014734262
2093,gis,joint,12.522140751337503,9.194091802122102,19.553906499030745
2094,gis,joint,12.808137684201483,9.374267472924519,20.06899521397171
2095,gis,joint,13.09815363064851,9.552501729521152,20.61440591830121
2096,gis,joint,13.388529892020063,9.734803583787349,21.16372712602544
2097,gis,joint,13.687195415017346,9.915114012015065,21.719922460141444
2098,gis,joint,13.979343338231942,10.093613295580269,22.296276762596058
2099,gis,joint,14.276824439200354,10.282022207648321,22.885387985304455
2100,gis,joint,14.577335337126232,10.455261181319175,23.462218885061496
2101,gis,joint,14.871053025864146,10.635065493730917,24.04440679006402
2102,gis,joint,15.170753247811223,10.817820076005672,24.622430347880574
2103,gis,joint,15.47121122259271,11.005590703541634,25.208365765256342
2104,gis,joint,15.763250409270478,11.19513831437076,25.77522285862852
2105,gis,joint,16.077030300561372,11.390865010169614,26.356055065148492
2106,gis,joint,16.408593472694953,11.585483242551488,27.028963813093185
2107,gis,joint,16.720113776038296,11.774091183023533,27.63768148139905
2108,gis,joint,17.03317959850067,11.95949295027187,28.261679108014437
2109,gis,joint,17.34504442077727,12.160312545228958,28.9067255261226
2110,gis,joint,17.667352571180203,12.34139105421511,29.55484271000901
2111,gis,joint,17.985719964389904,12.524269501077203,30.20746138156825
2112,gis,joint,18.29447520031934,12.716903372971228,30.805695464495873
2113,gis,joint,18.625082399827022,12.911204602278715,31.453488052272792
2114,gis,joint,18.944107075599845,13.106489433757446,32.13544878922721
2115,gis,joint,19.29700561444954,13.301609754790379,32.82247554872171
2116,gis,joint,19.640998774239954,13.496289102252693,33.51384919698439
2117,gis,joint,19.98909601981122,13.690235281595903,34.18617157771273
2118,gis,joint,20.321561293778807,13.883940944067042,34.85770029076647
2119,gis,joint,20.66569891569509,14.06449419452436,35.530480588865885
2120,gis,joint,21.01878207292292,14.24815523555787,36.218304005526285
2121,gis,joint,21.374682529455885,14.447389451308096,36.885771926587715
2122,gis,joint,21.738251876977564,14.656882714694463,37.519181711259
2123,gis,joint,22.10328734218701,14.843180463246902,38.16060663526255
2124,gis,joint,22.45025616225582,15.025369021216893,38.78636514656006
2125,gis,joint,22.79877027954219,15.223089828156402,39.39481796366738
2126,gis,joint,23.15047982161297,15.42164134665562,40.017339534421595
2127,gis,joint,23.524298767919344,15.617843040849312,40.72426538679323
2128,gis,joint,23.870625908641642,15.803121343011103,41.40423850242998
2129,gis,joint,24.231508817888642,15.98717075079267,42.045049911641144
2130,gis,joint,24.62065528736929,16.171221078104594,42.63603124838782
2131,gis,joint,24.976605730558695,16.356778529339692,43.27272757403745
2132,gis,joint,25.34027122907467,16.546725528881613,43.98502724244729
2133,gis,joint,25.698625493595287,16.733726041233645,44.63285052544867
2134,gis,joint,26.0940530888104,16.915168217394864,45.28997429117619
2135,gis,joint,26.46537715649583,17.10072431738708,45.94240047388333
2136,gis,joint,26.835498496744776,17.293667075411932,46.595996907065405
2137,gis,joint,27.211860165847426,17.477773384259475,47.32209613298311
2138,gis,joint,27.59675532862265,17.66615940476265,47.9636814519606
2139,gis,joint,27.963763270222064,17.86857670437094,48.65233575240222
2140,gis,joint,28.337059395330066,18.042169064082582,49.33029973778673
2141,gis,joint,28.717470888072874,18.226832241204786,49.97423937533951
2142,gis,joint,29.097688453039524,18.399182216088736,50.62336351681749
2143,gis,joint,29.520007159223063,18.572474491587446,51.28606414084986
2144,gis,joint,29.92537661155975,18.746593216213796,51.96898534869952
2145,gis,joint,30.324641772722103,18.915155994571023,52.67191207765198
2146,gis,joint,30.728724855569787,19.097321995070253,53.28215182677606
2147,gis,joint,31.129385121860796,19.27276400218234,53.9493737838441
2148,gis,joint,31.521988536980878,19.44842187258915,54.6680429785173
2149,gis,joint,31.919784196905013,19.634846541154698,55.285197444473496
2150,gis,joint,32.30760997308288,19.846467918456362,55.95064811909865
2151,gis,joint,32.71138485261781,20.061970495877546,56.720512098231815
2152,gis,joint,33.12689558935012,20.277423447626965,57.50315765161245
2153,gis,joint,33.539930279298666,20.43802446711253,58.19953048981943
2154,gis,joint,33.96891727961541,20.591565376486553,58.875921214388306
2155,gis,joint,34.39751209290739,20.750444793500137,59.5523068706577
2156,gis,joint,34.820337716301694,20.96088046291026,60.30530035079347
2157,gis,joint,35.249230892195655,21.182817423568586,61.141067901958124
2158,gis,joint,35.65568794091128,21.404699719445507,61.98501811372772
2159,gis,joint,36.0751806089408,21.569760482067316,62.65009537619195
2160,gis,joint,36.48133575443581,21.73904344343551,63.3111172152072
2161,gis,joint,36.886557813586066,21.97756542696078,64.03516532689677
2162,gis,joint,37.34074338489886,22.186332039984368,64.64491206302137
2163,gis,joint,37.74114418489433,22.383364160275256,65.31606891531703
2164,gis,joint,38.175675383299364,22.58402116522305,66.0434824875845
2165,gis,joint,38.625100593197146,22.787160171884956,66.61796784819273
2166,gis,joint,39.05861826176111,22.965415628960944,67.32716853793099
2167,gis,joint,39.48196486479337,23.141237134316285,67.92553094718512
2168,gis,joint,39.89937367842157,23.316027701754738,68.63627555028815
2169,gis,joint,40.347266652919274,23.531003825959704,69.37192414674205
2170,gis,joint,40.802284231738064,23.700374103212276,69.95360417689055
2171,gis,joint,41.25615130094016,23.86437443381634,70.6436474021615
2172,gis,joint,41.716120787316285,24.02890427897643,71.38294145027537
2173,gis,joint,42.171295542675466,24.23536603066258,72.03007415126655
2174,gis,joint,42.60266242012449,24.394584037316292,72.84090858822151
2175,gis,joint,43.04367573674073,24.59827940195193,73.64950965515528
2176,gis,joint,43.46692963217848,24.831908799578514,74.40993663860452
2177,gis,joint,43.90788281754219,25.023586364122625,75.0600462575614
2178,gis,joint,44.344137499930284,25.229113483714055,75.81690055774014
2179,gis,joint,44.768055025043125,25.4207853461699,76.57350885821776
2180,gis,joint,45.211577482447005,25.64644807625407,77.29628370769771
2181,gis,joint,45.66090301345967,25.88460715063722,77.9290700762757
2182,gis,joint,46.100206633461056,26.105121432792444,78.55833204243203
2183,gis,joint,46.53476392831815,26.297485204834707,79.23918651911193
2184,gis,joint,46.97071828863976,26.51421152389207,79.88045180629261
2185,gis,joint,47.39127350686421,26.735996181621925,80.51985671951446
2186,gis,joint,47.821786707047124,26.96533574802893,81.15871349421303
2187,gis,joint,48.253054800637,27.19330712003291,81.79919267129883
2188,gis,joint,48.699817086815926,27.35095604126896,82.44104325130083
2189,gis,joint,49.15732051317912,27.510000773193408,83.17418394598559
2190,gis,joint,49.623790332579816,27.67287625351659,83.93571332484599
2191,gis,joint,50.09778744820327,27.88560566378222,84.72182439265347
2192,gis,joint,50.569266537474256,28.117366680004164,85.50779902961537
2193,gis,joint,51.01380418967866,28.351402501979525,86.29122362370136
2194,gis,joint,51.47163692699975,28.587247196932466,87.07400095899001
2195,gis,joint,51.93993832979521,28.824935495102885,87.75327000739507
2196,gis,joint,52.39981868697271,29.070379003117523,88.415389078746
2197,gis,joint,52.81092073882936,29.304198246529257,89.12409707748158
2198,gis,joint,53.26693667468789,29.549322197289122,89.86691128048747
2199,gis,joint,53.71196376444418,29.796477750883785,90.59149538011539
2200,gis,joint,54.16225819454322,30.04649988171152,91.2220063103327
2201,gis,joint,54.64174891620658,30.300617560815226,91.90599238304219
2202,gis,joint,55.12940556164801,30.55563154247789,92.64427464590241
2203,gis,joint,55.5791124776454,30.814836084731414,93.13621998353524
2204,gis,joint,56.05922999824513,31.082460773231265,93.74120700084354
2205,gis,joint,56.54035744949117,31.320922422955576,94.3802139599587
2206,gis,joint,57.00125664869283,31.577403566015793,95.03126832979513
2207,gis,joint,57.481484485065636,31.830595008258538,95.70514154689275
2208,gis,joint,57.960514312185,32.05986037809514,96.29931504414942
2209,gis,joint,58.4273552204697,32.2700397958498,96.97917076911484
2210,gis,joint,58.88920421529542,32.47636136225862,97.67489302849647
2211,gis,joint,59.347821003996685,32.65997644521913,98.33783494237431
2212,gis,joint,59.80752313054926,32.90497861710874,98.99656559373032
2213,gis,joint,60.26797752259277,33.14449313976701,99.65521972510477
2214,gis,joint,60.753289030452365,33.34183574764992,100.3129153258466
2215,gis,joint,61.23877971841366,33.59225061504758,100.96911419262554
2216,gis,joint,61.71293777358219,33.77211434845226,101.62156379834518
2217,gis,joint,62.196476399826054,33.94958828824013,102.32242853639802
2218,gis,joint,62.659927606144805,34.2158629529402,103.03309353460797
2219,gis,joint,63.12733040861735,34.484238645220756,103.65748418022196
2220,gis,joint,63.56484617307654,34.75185069529387,104.26351197546165
2221,gis,joint,64.02138734046264,34.98258572116366,104.86958215274005
2222,gis,joint,64.49103166534627,35.21607206918912,105.49271111998651
2223,gis,joint,64.9804565628084,35.46151250840983,106.13211445335925
2224,gis,joint,65.48143893934177,35.72384165734638,106.78027304940306
2225,gis,joint,65.9600753040863,35.98751916893733,107.43231185969654
2226,gis,joint,66.43708998868158,36.2521910392642,108.08233634663935
2227,gis,joint,66.88638956087385,36.51762221391609,108.72952085821403
2228,gis,joint,67.35059513069362,36.78466520130209,109.48063337947437
2229,gis,joint,67.80876633955667,37.077600396683486,110.2509565512797
2230,gis,joint,68.26863303288496,37.38702249047458,111.01861283678085
2231,gis,joint,68.74165159232146,37.69907398222725,111.78109309429024
2232,gis,joint,69.23012800023051,38.01922559239635,112.46234252538197
2233,gis,joint,69.69771017450205,38.34792721703726,113.24662751090932
2234,gis,joint,70.16224127093275,38.6784928921128,113.93688086518229
2235,gis,joint,70.62717011990412,38.96544921922046,114.54645166603608
2236,gis,joint,71.09957125080783,39.24792827530532,115.14650643845918
2237,gis,joint,71.58080763389991,39.51244523650778,115.74366249793361
2238,gis,joint,72.04400803239679,39.82522479758092,116.33771673267552
2239,gis,joint,72.50582703863503,40.148264498667906,116.92913718756748
2240,gis,joint,73.00411708139984,40.472477429281895,117.51865102422704
2241,gis,joint,73.48803686495103,40.768298677729966,118.10742910214714
2242,gis,joint,73.97051042075235,41.016694829232044,118.69733410204626
2243,gis,joint,74.45441209384865,41.267068827389714,119.28960559126875
2244,gis,joint,74.94261355541559,41.519126040697124,119.88346695344835
2245,gis,joint,75.43946790453376,41.772489592768366,120.47744834033075
2246,gis,joint,75.92122808007028,42.02662790323096,121.0696895313819
2247,gis,joint,76.39129293568442,42.28220499920154,121.65874732155704
2248,gis,joint,76.86398993528985,42.58532921528215,122.24453680977444
2249,gis,joint,77.34876700267333,42.92409327605704,122.82707634779594
2250,gis,joint,77.83648379442394,43.19932010329419,123.40653476749897
2251,gis,joint,78.31816664173539,43.464012540134014,123.98303645156103
2252,gis,joint,78.79881596252679,43.72962270315831,124.5566475256508
2253,gis,joint,79.26992105721298,43.99699883419939,125.12824454820245
2254,gis,joint,79.74852920903615,44.273528325717194,125.69934145650252
2255,gis,joint,80.22832816022411,44.61230223701268,126.26730891405262
2256,gis,joint,80.7073284044613,44.891120094176365,126.83436811676268
2257,gis,joint,81.17946208642104,45.14756185525421,127.40162251998511
2258,gis,joint,81.6504952400297,45.45549283313254,127.96839149823344
2259,gis,joint,82.13638295778688,45.76711222798875,128.53555801882894
2260,gis,joint,82.61875860249631,46.09774819477835,129.1051081859542
2261,gis,joint,83.10078982474576,46.43421236130583,129.67173709356126
2262,gis,joint,83.58256362040765,46.7716493562138,130.24288057136883
2263,gis,joint,84.06630567976187,47.11034681682369,130.8135342101495
2264,gis,joint,84.54717202912491,47.45055177269661,131.38315726908482
2265,gis,joint,85.03111315783693,47.792722735607484,131.95025820442325
2266,gis,joint,85.50560222213323,48.13733440474612,132.51957426053787
2267,gis,joint,85.98967796199241,48.48452136582493,133.04874903993223
2268,gis,joint,86.47646210255337,48.834297469000305,133.62296248543782
2269,gis,joint,86.96156551634414,49.18582781913792,134.2601166948214
2270,gis,joint,87.43481994846702,49.538612025290114,134.91891576262432
2271,gis,joint,87.92742435788645,49.892345687761434,135.61369297602877
2272,gis,joint,88.41752802443818,50.247020469510204,136.20207054687737
2273,gis,joint,88.89012367947768,50.57864773834687,136.78328799153434
2274,gis,joint,89.34949637041352,50.874540387348844,137.36253173210113
2275,gis,joint,89.82112191071008,51.17283640609176,137.9143394489188
2276,gis,joint,90.30917190694421,51.47423894697758,138.51161895287757
2277,gis,joint,90.77907061245878,51.77930487494168,139.1096826544268
2278,gis,joint,91.27014784405918,52.12645360661741,139.80483403996618
2279,gis,joint,91.7700881024507,52.50279900204787,140.51219703580378
2280,gis,joint,92.24841772584077,52.88102238061691,141.17355420002016
2281,gis,joint,92.74306086183793,53.2624016596713,141.73845440316515
2282,gis,joint,93.23902180992985,53.64466489390493,142.30250779965576
2283,gis,joint,93.7242681414172,54.02796541359727,142.8659080163655
2284,gis,joint,94.2310075075157,54.412427005380536,143.42889095580722
2285,gis,joint,94.71622365922775,54.7983588962726,144.05671163309052
2286,gis,joint,95.20388307237687,55.18626175162589,144.67965686014946
2287,gis,joint,95.69276652940775,55.576462292220576,145.3030908583173
2288,gis,joint,96.17772543525501,55.96876565973758,145.92808717111964
2289,gis,joint,96.6811660470503,56.36282274163031,146.55404090414905
2290,gis,joint,97.18784187300314,56.7578438595342,147.17942840134498
2291,gis,joint,97.7034429285689,57.15379673333803,147.80369387965493
2292,gis,joint,98.2161565290447,57.550570088563575,148.42524370811677
2293,gis,joint,98.7251288565406,57.94809174296364,149.04269872113971
2294,gis,joint,99.21673532393596,58.31128360802084,149.55809185285062
2295,gis,joint,99.71803458996048,58.673701039140276,150.21689833196294
2296,gis,joint,100.22126112162327,59.03799079735274,150.83454744530877
2297,gis,joint,100.70633267286554,59.40443617385001,151.3926984380123
2298,gis,joint,101.18120348020602,59.773185302414916,151.95159624909095
2299,gis,joint,101.66213525970764,60.144006208361645,152.51206005615856
2300,gis,joint,102.1547931429653,60.516403867519095,153.22195899007292
1990,ais,fixed,-0.2655162785755049,-0.321807772507647,-0.22719334314011172
1991,ais,fixed,-0.25772651241478073,-0.29679368702404785,-0.21867974737008344
1992,ais,fixed,-0.24486820224777356,-0.26950171008248575,-0.20992645772176233
1993,ais,fixed,-0.23895233379146508,-0.26521223234459823,-0.20189108036254927
1994,ais,fixed,-0.23509395298643243,-0.2625945980166728,-0.1972698951009263
1995,ais,fixed,-0.2296121569607784,-0.25899531723633784,-0.19082090799283735
1996,ais,fixed,-0.22267712041412202,-0.2551736867479753,-0.18172708093600612
1997,ais,fixed,-0.2138989822119562,-0.24091276523190466,-0.17224131132297055
1998,ais,fixed,-0.19554129838145146,-0.21411393769590464,-0.16178589569216478
1999,ais,fixed,-0.17165105546603499,-0.18600009744432888,-0.14976397203974692
2000,ais,fixed,-0.14508983818347987,-0.15951459500674797,-0.13229770080934455
2001,ais,fixed,-0.11713131236018082,-0.13224493145550173,-0.10761008621500584
2002,ais,fixed,-0.08749690328710924,-0.10451297436501145,-0.08014903032730492
2003,ais,fixed,-0.05703135337680609,-0.0762505598688438,-0.05117336355822938
2004,ais,fixed,-0.026206564961970824,-0.04463736385249314,-0.020985651941976147
2005,ais,fixed,0.004991863180985878,-0.01236748694714367,0.010641797386160067
2006,ais,fixed,0.03563364979494643,0.01973791127658634,0.042506834510393575
2007,ais,fixed,0.06660552513475804,0.05173489010062895,0.07506071151643769
2008,ais,fixed,0.09776291088909872,0.08346667466697619,0.10759259616163867
2009,ais,fixed,0.12908152294065556,0.11495784273218441,0.14033205868930693
2010,ais,fixed,0.16064039611564546,0.1463239460920051,0.17296596777023168
2011,ais,fixed,0.19303932244983668,0.1778643813657972,0.206433564301868
2012,ais,fixed,0.2274492491318369,0.21130371702215248,0.24188486253113334
2013,ais,fixed,0.2607498246946344,0.24345133611400047,0.27623047673501205
2014,ais,fixed,0.2952412067009927,0.2765539343244894,0.31144918242865494
2015,ais,fixed,0.3301963708394836,0.30971696778242863,0.34723332041839733
2016,ais,fixed,0.36598011244436573,0.3429671284683269,0.38450784897586426
2017,ais,fixed,0.4021365049875508,0.3766635936762731,0.42231934743795063
2018,ais,fixed,0.43987663577900527,0.4121371285543251,0.46245459207685174
2019,ais,fixed,0.4773903067286861,0.4465891380259314,0.5029343004099
2020,ais,fixed,0.5153126600113562,0.48219079569494055,0.5434767307749497
2021,ais,fixed,0.554177921148878,0.5180841984784422,0.5854805767829583
2022,ais,fixed,0.5928691220866811,0.554150191975242,0.6273531900003291
2023,ais,fixed,0.6330156721978439,0.5905393239474006,0.671463191271471
2024,ais,fixed,0.6738233717815421,0.6281721527969347,0.7166838075923299
2025,ais,fixed,0.7155040196891109,0.6661154547209027,0.7633181397029103
2026,ais,fixed,0.7577683422693607,0.7034374927784879,0.8104832893049874
2027,ais,fixed,0.8009877272772196,0.7414155317629936,0.8595005503656982
2028,ais,fixed,0.8442265626637817,0.7794280256366057,0.9091660920656836
2029,ais,fixed,0.8885844770494661,0.8164669464319391,0.9597894631829792
2030,ais,fixed,0.9328442272571333,0.8540143337902543,1.0110680142580915
2031,ais,fixed,0.9782792167195434,0.8920803768091434,1.063359850129646
2032,ais,fixed,1.0239240934128597,0.9303746551634894,1.115990100122706
2033,ais,fixed,1.071203357706946,0.9692591305188739,1.1716362696233629
2034,ais,fixed,1.1184691748084399,1.00867748369461,1.2275138933780851
2035,ais,fixed,1.166503624833883,1.0487420234744789,1.2850257816617991
2036,ais,fixed,1.2157286360269086,1.0883635413090575,1.3429299696029395
2037,ais,fixed,1.26566868910005,1.129100360893982,1.4022383677620942
2038,ais,fixed,1.316981677555156,1.1692744208268808,1.4644665638626584
2039,ais,fixed,1.3691061440105308,1.2104383287210236,1.5277859963363223
2040,ais,fixed,1.4231024087390471,1.2539644548416478,1.5982381894384305
2041,ais,fixed,1.4771351670975643,1.2961850752829236,1.6711758897116291
2042,ais,fixed,1.5317346817594901,1.3396230830888503,1.7433088787257174
2043,ais,fixed,1.5877978819101402,1.3811947524588488,1.8193233048072797
2044,ais,fixed,1.6448379647891307,1.427352601454009,1.8957338320748405
2045,ais,fixed,1.7025939271704154,1.471970965520857,1.9827804116452294
2046,ais,fixed,1.7639433910057467,1.517276675801683,2.0938422481432966
2047,ais,fixed,1.8268507702036167,1.5616868858601642,2.76905731099878
2048,ais,fixed,1.893918777070554,1.6093740339231506,3.6817363429045815
2049,ais,fixed,1.9591450912472417,1.6553821385056326,4.794758077416802
2050,ais,fixed,2.030247635586675,1.7018815536743594,5.908914063148179
2051,ais,fixed,2.102027133431667,1.7497153901062985,6.99500991771416
2052,ais,fixed,2.176467150507953,1.80067972868454,8.105281070064148
2053,ais,fixed,2.254542022437812,1.8536933817320804,9.21398312583858
2054,ais,fixed,2.333559287634622,1.905971017991137,10.431705993270324
2055,ais,fixed,2.4187381034417523,1.962497280949377,11.655280339652371
2056,ais,fixed,2.5068845538411977,2.01781520062697,12.941179694625294
2057,ais,fixed,2.5980993050758334,2.0731219687992457,14.213428015926333
2058,ais,fixed,2.6989504822872905,2.1290881757213738,15.380376907390264
2059,ais,fixed,2.805839813326765,2.185472817625552,16.556063613066602
2060,ais,fixed,2.913616169151423,2.241809875010916,17.8697555295864
2061,ais,fixed,3.025895893815118,2.3005650877624224,19.13253099407001
2062,ais,fixed,3.1641402596034274,2.364097966024953,20.3990159560908
2063,ais,fixed,3.3276079767590776,2.4315114639769164,21.54834981470979
2064,ais,fixed,3.5762689772152783,2.5061569770073886,22.834104491420927
2065,ais,fixed,3.8964891813979463,2.5871565436423642,24.191045143432255
2066,ais,fixed,4.552306974296155,2.6590954200724592,25.51239288472611
2067,ais,fixed,5.596608894730341,2.736835371651575,26.78394996040274
2068,ais,fixed,6.601463253511721,2.8148394156805296,28.12906832459361
2069,ais,fixed,7.438328068414272,2.8962468827364036,29.481870125331675
2070,ais,fixed,8.473627001049177,2.987373258052762,30.7159530389981
2071,ais,fixed,9.409766206955453,3.0975556044106956,31.97706056016574
2072,ais,fixed,10.446255436850032,3.1855106701934073,33.16068223421378
2073,ais,fixed,11.365408885572027,3.285872580312973,34.415622589505794
2074,ais,fixed,12.268549844266838,3.3928985975739687,35.79208283670833
2075,ais,fixed,13.114246652127598,3.5308498277781495,37.20625807914458
2076,ais,fixed,14.045859784068465,3.6562406878858558,38.556640083835454
2077,ais,fixed,15.062130256477698,3.769930686288568,39.9261831686609
2078,ais,fixed,16.064882259997166,3.875912581641504,41.334172860205996
2079,ais,fixed,16.998429122403557,3.995076918480889,42.720826456275645
2080,ais,fixed,18.085908923648184,4.107518341290541,44.08735865775721
2081,ais,fixed,19.14509209385045,4.241008292899652,45.47958542239131
2082,ais,fixed,20.175074277220695,4.367204743642578,46.87877890740216
2083,ais,fixed,21.182425459725792,4.547242434442059,48.250866656344634
2084,ais,fixed,22.221185399038617,4.762285270809112,49.556790949448214
2085,ais,fixed,23.168475963123342,4.959050867823504,51.00316841390203
2086,ais,fixed,24.185138050754183,5.125270269595275,52.4973887618968
2087,ais,fixed,25.166646530934692,5.468565013288695,53.929667751195694
2088,ais,fixed,26.251821745900784,5.714455707683972,55.30181690676079
2089,ais,fixed,27.177407290563377,5.959371830850038,56.54119750920979
2090,ais,fixed,28.23367516382119,6.188179361210818,57.93753581264632
2091,ais,fixed,29.309888832490053,6.661215755813927,59.446486024122244
2092,ais,fixed,30.286592161985727,7.1398858409118,60.91222073789113
2093,ais,fixed,31.351233525391308,7.6275581744376275,62.38217520819624
2094,ais,fixed,32.42729428034548,8.796641938784077,63.75315574044577
2095,ais,fixed,33.46366358163776,9.698185513905717,65.35841749269815
2096,ais,fixed,34.55472113713232,10.7303437088979,66.90464819501244
2097,ais,fixed,35.66125564150689,11.629096273655321,68.30995554512916
2098,ais,fixed,36.66628480243128,12.711114561646761,69.74660695889416
2099,ais,fixed,37.65508175289774,13.614567841330846,71.13182358774381
2100,ais,fixed,38.7440261994691,14.407466103692247,72.74599776095563
2101,ais,fixed,39.804180406538705,15.114666800516655,74.10059581075876
2102,ais,fixed,40.8643965235656,15.972915626687103,75.60709150036953
2103,ais,fixed,42.067244023329025,16.91237858384578,77.35925294634482
2104,ais,fixed,43.17142861587628,17.882290236295493,78.85235007138029
2105,ais,fixed,44.279439458632645,18.85949460285091,80.35784289889935
2106,ais,fixed,45.349401182711404,19.624513559770726,81.71310871051162
2107,ais,fixed,46.37987083819249,20.512680229502507,83.20975584883428
2108,ais,fixed,47.50306653662256,21.152273246180002,84.76119986386317
2109,ais,fixed,48.79949540790251,21.98345314393689,86.31084523168673
2110,ais,fixed,49.92987125435988,22.878325108350595,88.03059074593953
2111,ais,fixed,51.13026799307247,23.653470393051716,89.7470726185037
2112,ais,fixed,52.32717179717393,24.45379603988806,91.36377799221356
2113,ais,fixed,53.45208316916008,25.257295098944315,93.02762341221073
2114,ais,fixed,54.557204778352975,26.10278594268567,94.81890081734599
2115,ais,fixed,55.79150774195887,26.795105021189002,96.3606204507607
2116,ais,fixed,56.95859794706632,27.663101841036674,97.85737692777259
2117,ais,fixed,58.044367803371514,28.3397161880947,99.34910540646909
2118,ais,fixed,59.198526489514855,29.128551898274495,101.00763692247116
2119,ais,fixed,60.32391463047303,30.10395227386963,102.55977927073704
2120,ais,fixed,61.496718666403254,31.178549172933504,104.11188174680453
2121,ais,fixed,62.70225701020422,32.07561703434793,105.59848192270982
2122,ais,fixed,63.84638191034345,32.95399447014465,106.98928513704632
2123,ais,fixed,65.08812035058747,33.677514914212225,108.40324091720704
2124,ais,fixed,66.26574782842434,34.44509885588585,109.9710388181402
2125,ais,fixed,67.49107934531567,35.25014560978267,111.54343601247307
2126,ais,fixed,68.64723996211944,35.89887340295757,113.20956497791138
2127,ais,fixed,69.79412134415698,36.66250235276304,114.92286769673069
2128,ais,fixed,70.92514587405817,37.65781531251434,116.49898261566129
2129,ais,fixed,72.09159450722126,38.652493587240095,118.11791527570364
2130,ais,fixed,73.33382245143883,39.49778845158804,119.58496018707301
2131,ais,fixed,74.55328339726518,40.231192632546836,121.13521183786426
2132,ais,fixed,75.81353157273264,40.8640472022472,122.82665277761885
2133,ais,fixed,77.10816637671536,41.501553613944644,124.47712765147732
2134,ais,fixed,78.38147855240499,42.46053242396839,126.0294132136119
2135,ais,fixed,79.63641560901763,43.31057971050339,127.60657303449085
2136,ais,fixed,80.92552439145979,44.02850565168217,129.3450888016041
2137,ais,fixed,82.02296142717479,44.75451673963097,131.21134018566056
2138,ais,fixed,83.28639428080342,45.5069375321155,132.8311184317839
2139,ais,fixed,84.61992218240317,46.4182843777459,134.4529082727283
2140,ais,fixed,85.82148525294446,47.28502595287992,136.07869062624025
2141,ais,fixed,86.92841427140064,48.102884376187625,137.7090119472649
2142,ais,fixed,88.11435079495246,48.87056410453766,139.4505615979349
2143,ais,fixed,89.26878416919303,49.670446159732265,141.12463408493977
2144,ais,fixed,90.52996112085975,50.42305557327899,142.99163137245145
2145,ais,fixed,91.74666731322665,51.48426792183181,144.6155297048712
2146,ais,fixed,93.02844349180151,52.21203530111576,146.11673309522354
2147,ais,fixed,94.23961080958478,53.260189621492195,147.76367316324493
2148,ais,fixed,95.44269580582656,54.01462492702295,149.45868374756228
2149,ais,fixed,96.66870476614926,54.82305469013992,151.0066921682411
2150,ais,fixed,97.88264576840297,55.74752175524816,152.6421318348052
2151,ais,fixed,99.07748545036364,56.58302750419353,154.3534450100751
2152,ais,fixed,100.29817028743778,57.43574743347216,156.307607670738
2153,ais,fixed,101.54566609523408,58.20166604803092,158.2540727704656
2154,ais,fixed,102.8300858513726,58.97062603704973,159.7804524344121
2155,ais,fixed,104.12571358171346,59.75305245590232,161.43962046031228
2156,ais,fixed,105.35426009604143,60.55942842094501,163.53370420131574
2157,ais,fixed,106.67884682635238,61.33716169389834,165.6480045351047
2158,ais,fixed,107.92297845700595,62.055563867484075,167.42788746938652
2159,ais,fixed,109.20378516654242,62.82632931973598,168.89589647237648
2160,ais,fixed,110.5245995654827,63.55564220370619,170.6768084422435
2161,ais,fixed,111.83547345943609,64.30489982939883,172.5751413521377
2162,ais,fixed,113.15984214762173,65.11254602316457,174.2743522052716
2163,ais,fixed,114.37729316755237,65.92372891596493,175.9711129382951
2164,ais,fixed,115.70945988110086,66.74312267621073,177.72855023419197
2165,ais,fixed,117.01614135302913,67.56629334847916,179.66946259594445
2166,ais,fixed,118.23553495234822,68.38480687951672,181.2822386442823
2167,ais,fixed,119.47855319195895,69.20704425889862,183.20449781912083
2168,ais,fixed,120.68853124545922,70.04049179827949,185.20826181551973
2169,ais,fixed,121.91624147083269,70.86933186806102,187.15979408820843
2170,ais,fixed,123.23334775093907,71.68931346798858,188.92944763168043
2171,ais,fixed,124.5140156251712,72.44104878160249,190.68969231161475
2172,ais,fixed,125.75184107939245,73.32226351366873,192.51766013925905
2173,ais,fixed,127.13348734182183,74.2022172309887,194.39272804557245
2174,ais,fixed,128.41028219283686,75.00704749101637,196.13974437025297
2175,ais,fixed,129.66439160463477,75.89670469094743,197.88215673941454
2176,ais,fixed,130.99010903941468,76.7469330651097,199.62536114478732
2177,ais,fixed,132.33394036352001,77.62726425270932,201.4042867923072
2178,ais,fixed,133.6922371955136,78.51267624974479,203.24810722490295
2179,ais,fixed,134.99231556564771,79.38777581184834,205.09396154986558
2180,ais,fixed,136.27173273911814,80.2117623722133,206.8439376732615
2181,ais,fixed,137.59241896348595,81.03810930714869,208.69537555401044
2182,ais,fixed,138.87650810240874,81.87899772400885,210.51003532009028
2183,ais,fixed,140.16318527365587,82.7389263666104,212.36844251842422
2184,ais,fixed,141.38590259151272,83.58739614116362,214.29944049170962
2185,ais,fixed,142.66242385482417,84.38684023535541,216.1782775118526
2186,ais,fixed,143.95887150806072,85.34315447670579,218.05563446763526
2187,ais,fixed,145.26262347701226,86.1952128259236,219.9348736519172
2188,ais,fixed,146.59535927000718,86.99134887224054,221.8151490703599
2189,ais,fixed,147.8339189834501,87.85913529100725,223.69550842834585
2190,ais,fixed,149.19731316710306,88.57945257473992,225.57689988400014
2191,ais,fixed,150.57531081402476,89.37030572415411,227.45248181633912
2192,ais,fixed,151.86740033093588,90.2047120606024,229.30256696980732
2193,ais,fixed,153.14041672974975,91.04570803708937,231.15707246565916
2194,ais,fixed,154.4914220763929,91.89211491796449,233.01415139010612
2195,ais,fixed,155.8816995975483,92.74049231613417,234.8746908480686
2196,ais,fixed,157.26696693741775,93.58970539259752,236.73149378764865
2197,ais,fixed,158.5990555276827,94.4408956428214,238.48535388115127
2198,ais,fixed,159.8386806345663,95.29321325336922,240.3581531660346
2199,ais,fixed,161.19306607279708,96.1464861258984,242.23157150015547
2200,ais,fixed,162.52970392422202,96.97177314097101,244.10499365601308
2201,ais,fixed,163.8169668603826,97.79911266079829,245.97886532775934
2202,ais,fixed,165.14230644058077,98.60602602758182,247.85385221433054
2203,ais,fixed,166.4987207466815,99.37181881811797,249.72917728382507
2204,ais,fixed,167.82544118607626,100.12195864387483,251.60639225495115
2205,ais,fixed,169.13170475215804,101.05371062428179,253.48709017260882
2206,ais,fixed,170.50885264679783,101.89945338790018,255.30947690560927
2207,ais,fixed,171.78374143695834,102.7314967317368,256.987402839829
2208,ais,fixed,173.1486415175831,103.56382527469859,258.682849371078
2209,ais,fixed,174.54668808307065,104.44804235673956,260.45727333917193
2210,ais,fixed,176.03324470288788,105.57180475033908,262.3642916524386
2211,ais,fixed,177.45136124892815,106.30116639412894,264.1487715575878
2212,ais,fixed,178.89053880223463,107.28097864763453,265.8372358683906
2213,ais,fixed,180.21960720202296,108.13340467671414,267.52540917904696
2214,ais,fixed,181.51591028328858,108.9299036387437,269.44136382199883
2215,ais,fixed,182.8539205601414,109.83066441860078,271.33831187174997
2216,ais,fixed,184.14603321416487,110.6918962420727,273.11741377874296
2217,ais,fixed,185.37715770841425,111.62057875531818,275.24002205395453
2218,ais,fixed,186.93465938486986,112.54728091981333,277.1748219715267
2219,ais,fixed,188.39699733603663,113.41765149712158,278.9716926903118
2220,ais,fixed,189.78377602657645,114.2362253111347,280.697710510761
2221,ais,fixed,191.17480010994126,115.02999444726726,282.581875467565
2222,ais,fixed,192.5389267062613,115.82371158824748,284.5298779652367
2223,ais,fixed,193.9038236803202,116.6752429231384,286.36153449539984
2224,ais,fixed,195.23420965750387,117.53418407945239,288.1720010595226
2225,ais,fixed,196.53022282085107,118.39391306304488,289.85388938063016
2226,ais,fixed,197.822735460791,119.25396555969559,291.53484934319283
2227,ais,fixed,199.16353087450418,120.13171684100132,293.21542622565255
2228,ais,fixed,200.53526031520806,121.01027698412193,294.8960540859405
2229,ais,fixed,201.88034517362482,121.88901148626965,296.8466138201214
2230,ais,fixed,203.18008371760362,122.7683017826159,298.86607229287193
2231,ais,fixed,204.48029891200068,123.62945505472398,300.88524108217075
2232,ais,fixed,205.7891384291318,124.45207491370942,302.7398852514167
2233,ais,fixed,207.1118682906759,125.2905509013998,304.568624029939
2234,ais,fixed,208.4340241451115,126.12733678231146,306.39667514038365
2235,ais,fixed,209.7562255178383,126.93227662635533,308.2898856661396
2236,ais,fixed,211.08144491181378,127.79499239191196,310.21568759038973
2237,ais,fixed,212.41049300299773,128.68608219973942,312.14181869109706
2238,ais,fixed,213.7494111729113,129.56139848290832,314.0688782986168
2239,ais,fixed,215.118745705347,130.47092723490897,315.9946056227954
2240,ais,fixed,216.44787023934873,131.3443231866752,318.1153943288324
2241,ais,fixed,217.76024914791418,132.21003809078886,320.2373689036001
2242,ais,fixed,219.14222653670328,133.07674268611322,322.35491211493553
2243,ais,fixed,220.41137497208985,133.94397925688438,324.46733677533194
2244,ais,fixed,221.65912737515958,134.8112514954897,326.5485230399891
2245,ais,fixed,223.0002769498846,135.67554911468685,328.26819777970775
2246,ais,fixed,224.4198170080361,136.43343403893664,329.97838774244974
2247,ais,fixed,225.813622213197,137.19206265278427,331.68812499722003
2248,ais,fixed,227.12228966621572,137.95452650569462,333.3974015495303
2249,ais,fixed,228.43054558340367,138.71674248948642,335.2244184119652
2250,ais,fixed,229.68343201041483,139.48777593206265,337.08921655867096
2251,ais,fixed,231.04931304084243,140.22951587531315,339.0140644005544
2252,ais,fixed,232.35882887897515,140.9788876215239,340.93881386902103
2253,ais,fixed,233.66828248697328,141.8023951456672,342.8635657089071
2254,ais,fixed,234.97728663024452,142.66742537688026,344.7876433945733
2255,ais,fixed,236.28431403916198,143.5325042727604,346.7083892451692
2256,ais,fixed,237.6861317613064,144.39973323797847,348.6898330478426
2257,ais,fixed,239.05026008776187,145.2660717949329,350.6407952565335
2258,ais,fixed,240.3687647773039,146.1537569051281,352.5634891992481
2259,ais,fixed,241.70711367783872,147.05243551691484,354.59187653038407
2260,ais,fixed,243.06474594207725,147.950728417987,356.61875440853913
2261,ais,fixed,244.44331939986236,148.8512424582535,358.64456838112926
2262,ais,fixed,245.75840373327813,149.76044670280965,360.67128003430776
2263,ais,fixed,247.0103852909445,150.66915043957516,362.6961850242956
2264,ais,fixed,248.27149235558824,151.5778128455952,364.70599366950506
2265,ais,fixed,249.55548712979066,152.43999669930736,366.5886837879425
2266,ais,fixed,250.8884029792919,153.27662051605148,368.4699038639375
2267,ais,fixed,252.29156264821972,154.10410973102904,370.4643443720883
2268,ais,fixed,253.58129204163976,154.9323525307275,372.27677448625417
2269,ais,fixed,254.8846047543168,155.76400703281828,374.09864705609255
2270,ais,fixed,256.21629579444743,156.59553708741973,375.9891972121329
2271,ais,fixed,257.53575938398615,157.42677248972402,377.8429978495374
2272,ais,fixed,258.8313100162783,158.2575230952078,379.6491532015199
2273,ais,fixed,260.1561452458343,159.0878714405514,381.364954294037
2274,ais,fixed,261.5276236144041,159.91235299618836,383.08045012115434
2275,ais,fixed,262.8995479917661,160.7470263328048,384.8644315119641
2276,ais,fixed,264.17114538306987,161.56911611606026,386.7605601794528
2277,ais,fixed,265.48414520629046,162.3867561080998,388.7432230661666
2278,ais,fixed,266.8593215652787,163.2042234597711,390.75142245871064
2279,ais,fixed,268.1920424288039,164.02128508732596,392.61083262146707
2280,ais,fixed,269.5435617870676,164.83811052976665,394.43572279910563
2281,ais,fixed,270.89430622470087,165.65466880381845,396.31290134389775
2282,ais,fixed,272.2438292755755,166.47484304168367,398.31789347404623
2283,ais,fixed,273.636951393123,167.34442547679504,400.29108360544075
2284,ais,fixed,274.95623898174904,168.1256890326564,402.3375031252507
2285,ais,fixed,276.28964884956997,168.92354306246503,404.29694329277027
2286,ais,fixed,277.63087204886347,169.73802643639038,406.1571300143125
2287,ais,fixed,278.89572748508544,170.55251728085838,408.0978195201819
2288,ais,fixed,280.2452986905555,171.36674076307324,410.1808939009865
2289,ais,fixed,281.62258986020413,172.1807552692748,412.25989246786884
2290,ais,fixed,282.93510660321056,172.99570794236936,414.14759121804514
2291,ais,fixed,284.21878156220396,173.81065450907815,415.9540664617377
2292,ais,fixed,285.541665446178,174.6253826147091,417.9608368069423
2293,ais,fixed,286.8432306343921,175.43993300034467,419.9869380320755
2294,ais,fixed,288.1245333343833,176.2295883967759,421.85335945829155
2295,ais,fixed,289.37813716242414,176.99292226522275,423.6153289632436
2296,ais,fixed,290.6138521069672,177.758921185026,425.37734386315253
2297,ais,fixed,291.8729815485144,178.57327698789885,427.19046691099913
2298,ais,fixed,293.1860455888085,179.43455126805284,429.1673927566611
2299,ais,fixed,294.50010385445216,180.29698522723916,431.1432583151154
2300,ais,fixed,295.80603492950524,181.13998188857616,433.0458674415848
1990,ais,joint,-0.2655162785755049,-0.321807772507647,-0.22719334314011172
1991,ais,joint,-0.25772651241478073,-0.29679368702404785,-0.21867974737008344
1992,ais,joint,-0.24486820224777356,-0.26950171008248575,-0.20992645772176233
1993,ais,joint,-0.23895233379146508,-0.26521223234459823,-0.20189108036254927
1994,ais,joint,-0.23509395298643243,-0.2625945980166728,-0.1972698951009263
1995,ais,joint,-0.2296121569607784,-0.25899531723633784,-0.19082090799283735
1996,ais,joint,-0.22267712041412202,-0.2551736867479753,-0.18172708093600612
1997,ais,joint,-0.2138989822119562,-0.24091276523190466,-0.17224131132297055
1998,ais,joint,-0.19554129838145146,-0.21411393769590464,-0.16178589569216478
1999,ais,joint,-0.17165105546603499,-0.18600009744432888,-0.14976397203974692
2000,ais,joint,-0.14508983818347987,-0.15951459500674797,-0.13229770080934455
2001,ais,joint,-0.11713131236018082,-0.13224493145550173,-0.10761008621500584
2002,ais,joint,-0.08749690328710924,-0.10451297436501145,-0.08014903032730492
2003,ais,joint,-0.05703135337680609,-0.0762505598688438,-0.05117336355822938
2004,ais,joint,-0.026206564961970824,-0.04463736385249314,-0.020985651941976147
2005,ais,joint,0.004991863180985878,-0.01236748694714367,0.010641797386160067
2006,ais,joint,0.03563364979494643,0.01973791127658634,0.042506834510393575
2007,ais,joint,0.06660552513475804,0.05173489010062895,0.07506071151643769
2008,ais,joint,0.09776291088909872,0.08346667466697619,0.10759259616163867
2009,ais,joint,0.12908152294065556,0.11495784273218441,0.14033205868930693
2010,ais,joint,0.16064039611564546,0.1463239460920051,0.17296596777023168
2011,ais,joint,0.19303932244983668,0.1778643813657972,0.206433564301868
2012,ais,joint,0.2274492491318369,0.21130371702215248,0.24188486253113334
2013,ais,joint,0.2607498246946344,0.24345133611400047,0.27623047673501205
2014,ais,joint,0.2952412067009927,0.2765539343244894,0.31144918242865494
2015,ais,joint,0.3301963708394836,0.30971696778242863,0.34723332041839733
2016,ais,joint,0.36426482438068375,0.34127397564626244,0.38306339665099914
2017,ais,joint,0.3999406493182958,0.37459326553329814,0.4209409279767648
2018,ais,joint,0.4370626362329672,0.4099661755360006,0.4614495182083852
2019,ais,joint,0.4742065296950494,0.4443173657430208,0.5017474775317728
2020,ais,joint,0.5118779131931344,0.4786914567547954,0.5435445938009228
2021,ais,joint,0.5508998851124256,0.5144388137528374,0.5879046196455521
2022,ais,joint,0.5904517655923103,0.550154276675849,0.6325823225798733
2023,ais,joint,0.6311342498222936,0.5874203826111098,0.678761567383973
2024,ais,joint,0.671947221321933,0.6238795043269333,0.7278334292770585
2025,ais,joint,0.7140806739632144,0.6611810002525603,0.7786810484876878
2026,ais,joint,0.7568413362343842,0.6983185918828277,0.8299704547512328
2027,ais,joint,0.8009544167371974,0.7370921150088785,0.8835511401943755
2028,ais,joint,0.845990979206094,0.7745444554137538,0.9374887125477688
2029,ais,joint,0.8908033632247708,0.8120147555581151,0.9949153100107303
2030,ais,joint,0.9370349854190185,0.8504115499230168,1.0534822490444178
2031,ais,joint,0.9838716444289372,0.8909963049019598,1.114667745503073
2032,ais,joint,1.0316210344664738,0.9292918993302243,1.176779481091924
2033,ais,joint,1.079895926512179,0.9683692077244022,1.24026328334619
2034,ais,joint,1.1301503876770012,1.0077326075684216,1.3118205452951268
2035,ais,joint,1.1817601237554396,1.048588810746453,1.3849086134810566
2036,ais,joint,1.2338152839400438,1.0899090568505965,1.4728965639438447
2037,ais,joint,1.2883074143232203,1.1303318366197757,1.5766175368058806
2038,ais,joint,1.344509064831186,1.1734352537805688,1.7840293078728124
2039,ais,joint,1.4014826275281993,1.217302831132556,2.7611703135736625
2040,ais,joint,1.460260297217054,1.2606388525849903,3.886250125417997
2041,ais,joint,1.5202461163263141,1.3055633610154194,4.969744141506588
2042,ais,joint,1.5813877541250165,1.3497109938231966,5.735713254696878
2043,ais,joint,1.643717493388841,1.3943588568072052,6.602263955488926
2044,ais,joint,1.7089059259039676,1.4408015146893098,7.522277897858052
2045,ais,joint,1.7796590569639745,1.4874821661044844,8.544996402070478
2046,ais,joint,1.8514789103742784,1.534759926152315,9.597722987315251
2047,ais,joint,1.9253333670060528,1.5846009562847996,10.685841754156538
2048,ais,joint,2.0105683320309864,1.6331262078211521,11.703923084301321
2049,ais,joint,2.090674990303935,1.6817801325320658,12.837549953775648
2050,ais,joint,2.179086219651012,1.7335897688278872,14.008496051862632
2051,ais,joint,2.276535118503412,1.7855142712983247,15.208649485807454
2052,ais,joint,2.367245739525793,1.83965076533296,16.408368238768322
2053,ais,joint,2.477995870763272,1.89110481417302,17.783200833766347
2054,ais,joint,2.5953449204555916,1.9458349739027205,19.10070835040293
2055,ais,joint,2.7334536837257337,2.001582555408299,20.29242736421754
2056,ais,joint,2.9015295143898885,2.0569679407679655,21.46558369636277
2057,ais,joint,3.177581237786784,2.119789517059259,23.066468330254455
2058,ais,joint,3.5299409058474414,2.1808778524677632,24.241361877985852
2059,ais,joint,4.332481978239263,2.2410360197966823,25.371590755564487
2060,ais,joint,5.335627121884798,2.305024025608209,26.680699809509434
2061,ais,joint,6.37220202166117,2.373820210250734,28.037639708969174
2062,ais,joint,7.372109589580573,2.436210280950085,29.212370540915206
2063,ais,joint,8.413263473743164,2.5094572156320125,30.53574331527049
2064,ais,joint,9.351209458379353,2.5741790544368315,31.653776773801784
2065,ais,joint,10.376759283887369,2.662169325641563,33.05421193932936
2066,ais,joint,11.382556265059112,2.737151856022546,34.533588560975346
2067,ais,joint,12.3729260045458,2.8106322532608115,35.91601400219596
2068,ais,joint,13.317413096994237,2.8925743286332852,37.36918643954088
2069,ais,joint,14.29463317318919,2.976504622888338,38.62313817348389
2070,ais,joint,15.24045143339424,3.0631280089436084,39.98792919500068
2071,ais,joint,16.22737571165262,3.1482294162774154,41.48052113992882
2072,ais,joint,17.185217255859936,3.2385478153896194,42.9797510302962
2073,ais,joint,18.131469269213312,3.3563050110300656,44.44004663037439
2074,ais,joint,19.163434761948196,3.446873998974688,45.9684666027436
2075,ais,joint,20.123063101141163,3.546456774634427,47.48426986102916
2076,ais,joint,21.256391847925826,3.6480248050855932,48.984705391931584
2077,ais,joint,22.33396535218599,3.799259086568063,50.48860228442422
2078,ais,joint,23.320814551872157,3.9716452528583797,52.093426573047836
2079,ais,joint,24.420939839707465,4.103158237524858,53.58030589894163
2080,ais,joint,25.39569712586556,4.2514193858692755,55.05472961679609
2081,ais,joint,26.355125201275527,4.421025997623241,56.557039841359824
2082,ais,joint,27.38139832010436,4.581560891288777,58.081513599771895
2083,ais,joint,28.39738821635847,4.757666081770889,59.59927857495335
2084,ais,joint,29.43037074101521,4.996901128729707,61.16114940044375
2085,ais,joint,30.41330214073536,5.308407133836517,62.642957724647644
2086,ais,joint,31.449814519585374,5.5053220211703096,64.1345224332784
2087,ais,joint,32.50674265009506,5.95132170764876,65.59649885385286
2088,ais,joint,33.488736608293905,6.370069959964588,67.11386631353935
2089,ais,joint,34.6003588559566,6.839702857310452,68.61090170917379
2090,ais,joint,35.73256723937973,7.565591921121673,70.11765396042333
2091,ais,joint,36.80900018027252,8.493267579219564,71.61688656721348
2092,ais,joint,37.889965681707544,9.259655992109582,73.05013018276722
2093,ais,joint,38.97635019974855,10.382931760084272,74.59479377048713
2094,ais,joint,40.15918008884729,11.242597589041475,76.18423088042677
2095,ais,joint,41.27258777968987,12.07698192945365,77.82172847345137
2096,ais,joint,42.438056731290615,12.971829517885674,79.45439048605307
2097,ais,joint,43.52361580298904,14.183500978761002,81.14804631703159
2098,ais,joint,44.64226583266195,15.025957183898093,82.70880011972937
2099,ais,joint,45.75015531962747,16.288168502332535,84.33105177308205
2100,ais,joint,46.93957501827117,17.11301298144031,85.96766410912059
2101,ais,joint,48.16437551412956,17.92215671354971,87.6096659091143
2102,ais,joint,49.36684071100585,18.679830746157503,89.26115264989107
2103,ais,joint,50.51918907590567,19.765472285870928,90.88563170935392
2104,ais,joint,51.62371322039579,20.745907350975642,92.46880846040588
2105,ais,joint,52.76223756244141,21.41256281009858,94.13899979187178
2106,ais,joint,53.8737798829042,22.030531933619507,95.79053735986577
2107,ais,joint,55.00616864993243,23.114920510977,97.37148659216541
2108,ais,joint,56.208521849262,23.984530615027488,99.07708013902442
2109,ais,joint,57.36382447375108,24.843097694079102,100.79304494299033
2110,ais,joint,58.479373922119805,25.6436369078391,102.64613613888451
2111,ais,joint,59.68743985497049,26.42108753552577,104.28284958207392
2112,ais,joint,60.95891800080368,27.083044767384923,106.00168995355774
2113,ais,joint,62.236069130809085,27.81432302394834,107.74770812503887
2114,ais,joint,63.385292298153544,28.795636416151876,109.4629517417676
2115,ais,joint,64.56875508601016,29.471978470169105,111.18185828016841
2116,ais,joint,65.76909682263955,30.29399587971453,112.897954058521
2117,ais,joint,66.89235324314527,31.176513714719132,114.62573739247576
2118,ais,joint,68.10094545543745,31.85239771135087,116.37545681767399
2119,ais,joint,69.43495139013973,32.561416652552026,118.17835223419941
2120,ais,joint,70.66151705732442,33.7117855492381,119.91262187664074
2121,ais,joint,71.8693535007053,34.50137344133298,121.71882690744542
2122,ais,joint,73.13269814341984,35.394612958166626,123.47393313894538
2123,ais,joint,74.3717246106522,36.11889891153266,125.26472876323238
2124,ais,joint,75.6230015352657,36.80277075479434,127.06218044959628
2125,ais,joint,76.97204594193627,37.5545853817687,128.9168666921083
2126,ais,joint,78.24923221409216,38.39237701393997,130.77898838147243
2127,ais,joint,79.47735009238663,39.37129616287833,132.65595302737304
2128,ais,joint,80.65485995574174,40.26174397508451,134.5634331894242
2129,ais,joint,81.86053352058501,40.975171626515944,136.48775223520943
2130,ais,joint,83.12138769600853,41.74938690249596,138.40601068576356
2131,ais,joint,84.44578144986633,42.521604940969596,140.32411319432242
2132,ais,joint,85.64053583349676,43.23386696338919,142.25689039848703
2133,ais,joint,86.93640000133041,43.9764381147392,144.17073227064253
2134,ais,joint,88.28267429078855,44.720390953157576,145.99128466126103
2135,ais,joint,89.60419334963478,45.45118411000656,147.89017944806974
2136,ais,joint,90.90806120946175,46.152430544545,150.02997291083568
2137,ais,joint,92.26138179662138,46.86968989933464,151.89895502398872
2138,ais,joint,93.47123452185889,47.67609597912948,153.74158821145434
2139,ais,joint,94.67251248953963,48.64955735451919,155.58659319958764
2140,ais,joint,95.8995972694605,49.63105496393005,157.48204887411435
2141,ais,joint,97.24955487898748,50.557756458365816,159.77540357904064
2142,ais,joint,98.52725077234737,51.37662832396218,161.8768406861781
2143,ais,joint,99.90986138258425,52.21769923110955,163.87299015272265
2144,ais,joint,101.14106919631803,52.96242744141961,165.97840437345684
2145,ais,joint,102.4379665437639,53.84805887098599,168.19994908149238
2146,ais,joint,103.8442994323093,54.680976922070485,170.4413484195384
2147,ais,joint,105.23595739634797,55.35609575268197,172.69792161649656
2148,ais,joint,106.60640003312517,56.10230900618756,174.92319719099714
2149,ais,joint,107.95628887857677,56.993797505378325,176.71591436498085
2150,ais,joint,109.27359735286072,57.77582230743561,179.00405521738546
2151,ais,joint,110.57304688798357,58.78876980144114,181.10474718204097
2152,ais,joint,111.94125294739104,59.71768012117171,182.75731293306433
2153,ais,joint,113.28551174176944,60.720070744850894,184.45084509955822
2154,ais,joint,114.78037605969041,61.57120634331314,186.64165032256543
2155,ais,joint,116.17071928801587,62.40653138615192,189.26951070298102
2156,ais,joint,117.52498734522325,63.33574186558391,191.64100080793787
2157,ais,joint,118.88218854987568,64.25052039170079,193.64246731707067
2158,ais,joint,120.28245605442497,65.16490990851037,195.63939795549123
2159,ais,joint,121.76567744237244,66.07730681877078,197.64150419471125
2160,ais,joint,123.2021389853721,67.00917936241467,199.64836805186795
2161,ais,joint,124.66332593689015,67.90395738499892,201.65998357849446
2162,ais,joint,125.94867718965422,68.71092355378309,203.67670519017966
2163,ais,joint,127.27489435486417,69.42029256899025,205.8990381203563
2164,ais,joint,128.639367754734,70.13178130614276,207.9513830297976
2165,ais,joint,129.9084829841629,70.90802578156566,210.28114497790924
2166,ais,joint,131.2455679970535,71.68977654623444,212.60474386498709
2167,ais,joint,132.6232536688462,72.4578214966954,214.91348357337637
2168,ais,joint,133.91490552499718,73.18187714480129,217.20681518279426
2169,ais,joint,135.342748973924,74.00373453121938,219.6739520223205
2170,ais,joint,136.7548750488794,74.75864291027474,222.05836576180164
2171,ais,joint,138.14272446162101,75.51407794540604,224.41622529615196
2172,ais,joint,139.70907842967995,76.44271757005905,226.68683934239544
2173,ais,joint,141.1423474146771,77.24585398483063,229.08154201467093
2174,ais,joint,142.6742023401734,78.07329731668375,231.55563565816226
2175,ais,joint,144.19949701781326,78.95318927759021,233.89989284548747
2176,ais,joint,145.68256996043226,79.6990878413812,236.01652438360176
2177,ais,joint,147.169198879151,80.47109174109931,238.26273477084084
2178,ais,joint,148.54949180448781,81.34477139447948,240.74181028580531
2179,ais,joint,149.89494942420916,82.22085276754305,242.833231853718
2180,ais,joint,151.15441544290582,83.09882517273861,245.04389066094402
2181,ais,joint,152.4200805205815,83.97215601960824,247.2466256690956
2182,ais,joint,153.8681577798519,84.69893661691236,249.5171333998827
2183,ais,joint,155.35303791010338,85.42793795210662,251.78187416247061
2184,ais,joint,156.69469634393158,86.28163640866633,254.0349243026185
2185,ais,joint,158.1445442737938,87.17909621554743,256.31000532128127
2186,ais,joint,159.65597683235364,88.16858366518912,258.64957953797784
2187,ais,joint,161.24448119481326,89.0198301852404,261.03468040180144
2188,ais,joint,162.77589982604474,89.91738632927591,263.9491306893832
2189,ais,joint,164.28544601182455,90.70614827653482,266.5733335257145
2190,ais,joint,165.67594541748417,91.4959420262394,268.9093796812294
2191,ais,joint,167.11742429465164,92.30065365809823,270.91488193708307
2192,ais,joint,168.45593006580486,93.16128896709262,272.9191166811119
2193,ais,joint,169.7593281165889,93.96036510816676,275.67573654048954
2194,ais,joint,171.19628694443747,94.69590958319596,277.82945228385836
2195,ais,joint,172.68092380177782,95.5504939437028,279.97977139496027
2196,ais,joint,174.01139691810005,96.47743995485445,282.0648215398689
2197,ais,joint,175.37752573854573,97.41131262620448,284.29439978379963
2198,ais,joint,176.8412541904496,98.35155278461826,286.524145943438
2199,ais,joint,178.2438997811343,99.30951842071957,288.8413577721737
2200,ais,joint,179.7108966051124,100.25374142297937,291.2074002397663
2201,ais,joint,181.12524674855564,101.20066745361466,293.5515473330893
2202,ais,joint,182.56193953674637,102.14979240443353,295.7964532000073
2203,ais,joint,184.07084341488968,103.10095565540902,298.043426236955
2204,ais,joint,185.53995694278413,104.05417442557243,300.2925672418324
2205,ais,joint,186.96808661908224,105.01306879141401,302.75458080646365
2206,ais,joint,188.36970388380468,105.92830729904802,305.52469673062706
2207,ais,joint,189.82917362551115,106.95645436470556,308.0664918532372
2208,ais,joint,191.23384731179584,107.87884085709099,310.7466725004903
2209,ais,joint,192.71190770761433,108.69529977732148,313.36821000703054
2210,ais,joint,194.13454617518073,109.4399535773937,316.0839651969785
2211,ais,joint,195.57923944486623,110.21334144058162,318.7720367600728
2212,ais,joint,197.02578982708573,111.0679323249969,321.49312128345144
2213,ais,joint,198.47399329912878,111.89546490015569,324.2408086708412
2214,ais,joint,199.92354000335155,112.71712217339169,326.9499380271361
2215,ais,joint,201.3654195816453,113.65261133981174,329.0670560781598
2216,ais,joint,202.81816649221292,114.51811771776231,331.18108230473297
2217,ais,joint,204.29176021946762,115.38454687032196,333.84343266829745
2218,ais,joint,205.75999676691214,116.25135519964275,336.5245112147272
2219,ais,joint,207.2114907469012,117.09648862435684,338.8833225278867
2220,ais,joint,208.63779401192278,117.98357519134878,341.29256475364195
2221,ais,joint,210.0955300561617,118.851692302818,344.37719252533043
2222,ais,joint,211.53662587247868,119.71698265147703,347.13048889968917
2223,ais,joint,213.0350316366788,120.55804764592916,349.5067441060703
2224,ais,joint,214.59197452533903,121.39970573022502,351.6087841158382
2225,ais,joint,215.9739158417558,122.24573434542617,354.0547254095115
2226,ais,joint,217.35273554185397,123.18581436237328,356.45101114075237
2227,ais,joint,218.96564863264655,124.08669924969804,358.89574543480967
2228,ais,joint,220.36664695862606,124.9638173213169,361.2066633810612
2229,ais,joint,221.89986113922026,125.84174736752716,363.5091121180569
2230,ais,joint,223.36459782762552,126.69213504543873,366.5284822628119
2231,ais,joint,224.87849614796988,127.53540886092458,368.9850887306397
2232,ais,joint,226.3670615360343,128.46255401367088,372.1189603203716
2233,ais,joint,227.90804908032334,129.34094312578733,375.4046473263637
2234,ais,joint,229.37040690134035,130.2178420297602,378.41344511883517
2235,ais,joint,230.82670241272695,131.1017603422343,380.63116553626327
2236,ais,joint,232.387469096727,132.0818991725187,382.8450888511162
2237,ais,joint,233.96555573584817,132.89705707179812,385.05840306564977
2238,ais,joint,235.36577836240474,133.74252599000005,387.89966283127785
2239,ais,joint,236.87423016718742,134.81075552726637,390.80110839308657
2240,ais,joint,238.25458767723063,135.63727926740046,393.68475579036306
2241,ais,joint,239.64527123895752,136.46389032697806,396.1033445594214
2242,ais,joint,241.1049707824962,137.29098152193933,398.46194908250845
2243,ais,joint,242.51414471185151,138.13931370905465,401.83229080212936
2244,ais,joint,243.87887533074644,139.01868852501235,405.3141218981917
2245,ais,joint,245.25916085750606,139.8322714849776,407.7061035781455
2246,ais,joint,246.6638951011484,140.63524590382255,410.2926028648855
2247,ais,joint,248.0276881040913,141.43763165037683,413.6144114851792
2248,ais,joint,249.42270961196868,142.30551411500093,416.9388169044166
2249,ais,joint,250.81829261897735,143.21824592060904,419.95429722386245
2250,ais,joint,252.21324179860943,144.1311958173536,422.89552265777047
2251,ais,joint,253.60756187653976,145.04435795203173,425.95901553728413
2252,ais,joint,255.00128719118467,145.95775023244315,428.735168830895
2253,ais,joint,256.38398318164496,146.87716724390148,431.6532065588915
2254,ais,joint,257.7973935108432,147.8041594266061,434.56728651295214
2255,ais,joint,259.1888774120544,148.63326204895455,437.2939409232601
2256,ais,joint,260.62454378803307,149.57934669412552,439.8539545188293
2257,ais,joint,262.0160486481527,150.45596688131744,442.4122209388448
2258,ais,joint,263.4536589242252,151.34015516776125,445.2786146281625
2259,ais,joint,265.06359887523297,152.22403453720597,448.5749720588219
2260,ais,joint,266.59243968394446,153.13417727744633,451.29571494979075
2261,ais,joint,268.0984421147241,154.09291861204335,453.5652416878406
2262,ais,joint,269.5787776021095,154.99944670240637,456.4475695992341
2263,ais,joint,271.1069707521058,155.83733925245636,459.67879437019667
2264,ais,joint,272.54370922139935,156.67498934992565,462.279768373236
2265,ais,joint,274.00786745055757,157.51251213144224,464.857230043184
2266,ais,joint,275.4786086306183,158.36839264237682,467.42225494076644
2267,ais,joint,276.90641620024996,159.2305284710946,469.97985365932016
2268,ais,joint,278.3747295653417,160.01935198546997,472.5402293329141
2269,ais,joint,279.97859390789563,160.8517049528153,475.1018708903393
2270,ais,joint,281.4220369817815,161.68380916667604,477.66345764572725
2271,ais,joint,282.85733405540805,162.5156001672925,480.13087114418755
2272,ais,joint,284.29613580437854,163.3470670946713,482.4857167415045
2273,ais,joint,285.7838240602791,164.17821589894606,485.037561904618
2274,ais,joint,287.3310413801071,165.0090949628175,487.93872366332846
2275,ais,joint,288.7485183587555,165.83980743287984,490.52556633488734
2276,ais,joint,290.3311237949699,166.671405767911,493.1139326295538
2277,ais,joint,291.8962449728855,167.506534031597,495.7044270526846
2278,ais,joint,293.4925486606394,168.34157066827106,498.70494213039456
2279,ais,joint,294.92094927182836,169.1764584262217,501.77561748622384
2280,ais,joint,296.35562276712733,170.01320143816818,504.8349868714472
2281,ais,joint,297.77692307509784,170.8504345259114,507.9404606111749
2282,ais,joint,299.2006190588032,171.68734822604034,511.02591857147445
2283,ais,joint,300.687289877285,172.52397948032592,514.1147342939488
2284,ais,joint,302.2246281266748,173.42946061834104,516.9614894963994
2285,ais,joint,303.6088275917406,174.22322910272658,519.848267581509
2286,ais,joint,305.0502339408186,175.0188913515,523.0836508920822
2287,ais,joint,306.6272034458957,175.84773710678272,526.0140049306351
2288,ais,joint,308.1482310436353,176.68041847668803,528.7177244967068
2289,ais,joint,309.6355506131489,177.51371966463338,531.2905801480716
2290,ais,joint,311.1228746623232,178.35629275003134,533.8628299138929
2291,ais,joint,312.56242944814846,179.33320416442191,536.4340203939399
2292,ais,joint,313.9768919893735,180.1267988956777,538.9924682273515
2293,ais,joint,315.39094899132,180.94916082859174,541.9568346580832
2294,ais,joint,316.8046428126796,181.80958093064757,544.97346344743
2295,ais,joint,318.2182661304753,182.66995966380514,548.0025754130564
2296,ais,joint,319.7387088855064,183.53222240654125,551.0756873775491
2297,ais,joint,321.2334829826067,184.39451143572154,554.1504661039403
2298,ais,joint,322.7778894326179,185.25686322326993,557.2032324893512
2299,ais,joint,324.23959230238376,186.11921863453412,560.2618533950978
2300,ais,joint,325.7518907975703,186.98144913931344,563.3230378298703
1990,te,fixed,-1.467349264826543,-1.5783751688793028,-1.3256628939302793
1991,te,fixed,-1.352576633375244,-1.454918350593385,-1.2219726394006543
1992,te,fixed,-1.350643995743924,-1.4528394813556114,-1.2202266161077218
1993,te,fixed,-1.5275716483887203,-1.6431542348479646,-1.3800702400108
1994,te,fixed,-1.511529529935968,-1.6258983012887256,-1.3655771389593865
1995,te,fixed,-1.3808536853985123,-1.4853349649826733,-1.2475192761254927
1996,te,fixed,-1.239067671789877,-1.3328208168253783,-1.119424035527488
1997,te,fixed,-1.0965587846638485,-1.1795290994570966,-0.9906757216483063
1998,te,fixed,-0.9524074719894003,-1.0244706836179738,-0.8604435738532501
1999,te,fixed,-0.8017658252946718,-0.8624308474034135,-0.7243477948245516
2000,te,fixed,-0.6447302072064254,-0.693513244647534,-0.5824754424711371
2001,te,fixed,-0.4829039466338927,-0.5194425189635089,-0.43627502921788325
2002,te,fixed,-0.3281543822893047,-0.35298394252822424,-0.2964679906204657
2003,te,fixed,-0.17151288476283744,-0.18449028117686833,-0.1549517027821667
2004,te,fixed,-0.03182267854545606,-0.034230518137284574,-0.028749899662210945
2005,te,fixed,0.10133233819643728,0.09154774798492901,0.10899957511659196
2006,te,fixed,0.22338362049291882,0.20181383117009444,0.2402857780162246
2007,te,fixed,0.3479902191231038,0.31438849086600995,0.37432064338254434
2008,te,fixed,0.4756776999656981,0.4297465446232184,0.5116695036503326
2009,te,fixed,0.6117143211690247,0.5526475507215977,0.6579992358500838
2010,te,fixed,0.7556643461900442,0.6826978470791314,0.8128411337533686
2011,te,fixed,0.9113230161326601,0.8233262085795947,0.9802776025938308
2012,te,fixed,1.065941966681553,0.9630152453716213,1.1465956824365322
2013,te,fixed,1.2316486605122292,1.1127213995592273,1.3248404515101997
2014,te,fixed,1.4051013501105567,1.269425600777532,1.5114173114302494
2015,te,fixed,1.5818849228167893,1.4291390570150837,1.701577083281344
2016,te,fixed,1.7618051478205015,1.5916862922728077,1.8951108399214895
2017,te,fixed,1.93870104746932,1.751501229230284,2.0853914378507543
2018,te,fixed,2.118294128946771,1.9137529097457595,2.278573297890078
2019,te,fixed,2.3002477622713124,2.0781372086281755,2.474294319197691
2020,te,fixed,2.47172321677615,2.233055095395757,2.658744337983588
2021,te,fixed,2.6553213753002236,2.3989251251041006,2.8562343162817134
2022,te,fixed,2.8422458745341572,2.567800306044895,3.057302320415627
2023,te,fixed,3.036755516439615,2.7435282127994003,3.266529391468456
2024,te,fixed,3.237691795178054,2.92506220416271,3.4826693661085453
2025,te,fixed,3.4428741972932935,3.110432315759017,3.703376743931089
2026,te,fixed,3.6497284160504933,3.2973128143782557,3.9258824351735124
2027,te,fixed,3.847809629743269,3.476267424075918,4.138951318368891
2028,te,fixed,4.042404155312724,3.652072018178391,4.348269695745789
2029,te,fixed,4.241251490727677,3.8317187733411253,4.562162668700579
2030,te,fixed,4.4404139299931735,4.011650206114306,4.776394587607258
2031,te,fixed,4.643836302231584,4.195430235270221,4.9952087641854455
2032,te,fixed,4.845846301214397,4.377934269090734,5.21250370132333
2033,te,fixed,5.053933742977323,4.5659289114369095,5.4363359264841495
2034,te,fixed,5.269026640908377,4.760252567276843,5.667703670507112
2035,te,fixed,5.49240757008981,4.962063967006882,5.9079865535757445
2036,te,fixed,5.720359348637015,5.168004857610842,6.153186135969179
2037,te,fixed,5.952032277130339,5.37730758613885,6.402388426385454
2038,te,fixed,6.190027971967204,5.592322558458807,6.658391890615282
2039,te,fixed,6.431137968441975,5.810151117305735,6.91774529782835
2040,te,fixed,6.66757578629929,6.023758640319242,7.172073009461547
2041,te,fixed,6.907828854727322,6.240813015581142,7.430504649796811
2042,te,fixed,7.151205045490544,6.460688946346024,7.692295721224178
2043,te,fixed,7.400172233536644,6.685616011026764,7.960100828636095
2044,te,fixed,7.655998237657387,6.91673960858785,8.235283719401728
2045,te,fixed,7.917052441450606,7.1525865739755305,8.516090397726867
2046,te,fixed,8.189046104326252,7.39831669079339,8.808664261268616
2047,te,fixed,8.46721944731685,7.649629781495601,9.107885385880968
2048,te,fixed,8.750267921323449,7.905347263467075,9.412350514715861
2049,te,fixed,9.03771973204266,8.165042898581307,9.721552155500566
2050,te,fixed,9.328046417463458,8.427335812208531,10.033846196268962
2051,te,fixed,9.620755367506419,8.69178096040514,10.348702753961893
2052,te,fixed,9.916856377842018,8.959290633573222,10.66720802969734
2053,te,fixed,10.214408492533055,9.228111293324616,10.987274206533145
2054,te,fixed,10.514654974708783,9.499366154041441,11.310238618189798
2055,te,fixed,10.81898639962412,9.774311517860385,11.637597056777224
2056,te,fixed,11.126491315163609,10.052123941939293,11.968369105825296
2057,te,fixed,11.443474917320419,10.338499796302306,12.30933703934954
2058,te,fixed,11.768720962483265,10.632340277096718,12.659192587559406
2059,te,fixed,12.097454392886405,10.929331403290092,13.012799391451571
2060,te,fixed,12.428652893557741,11.228549574035034,13.369057783342667
2061,te,fixed,12.760890485559216,11.528706502070273,13.726433888645978
2062,te,fixed,13.09165520647979,11.82753277857878,14.082225679160175
2063,te,fixed,13.4259414753486,12.129540564463461,14.441805472960807
2064,te,fixed,13.763846765743935,12.43481792131196,14.805278118892856
2065,te,fixed,14.104730075072787,12.742785741359791,15.171954113373053
2066,te,fixed,14.450961543638613,13.055585305574624,15.544382931629567
2067,te,fixed,14.79940422368789,13.370382568009314,15.919190271061835
2068,te,fixed,15.15558947097055,13.692174779997655,16.302326013388694
2069,te,fixed,15.5201028467526,14.021490961358642,16.69442002593912
2070,te,fixed,15.892743575507591,14.35814972333105,17.09525634165397
2071,te,fixed,16.2698625412636,14.69885430640739,17.50090973688233
2072,te,fixed,16.65114940518028,15.043324337880872,17.911046391223515
2073,te,fixed,17.038470768968708,15.393246181513296,18.32767414143565
2074,te,fixed,17.42424519310304,15.741770457063105,18.742637903941322
2075,te,fixed,17.813827566580123,16.09373498863555,19.161697741479028
2076,te,fixed,18.205394014546414,16.44749201364647,19.582891777044463
2077,te,fixed,18.600334913580696,16.804297654740452,20.00771558903872
2078,te,fixed,18.99946146777568,17.164884786626253,20.437041760716184
2079,te,fixed,19.40288975485056,17.529358278627654,20.870995152731393
2080,te,fixed,19.817315474747296,17.90376729788892,21.31677809024304
2081,te,fixed,20.24167068451163,18.28714702139127,21.773241825177866
2082,te,fixed,20.67400623319258,18.677736507038418,22.238289725510228
2083,te,fixed,21.11145303677653,19.072943707859963,22.708835620092557
2084,te,fixed,21.546039844159598,19.46556707201006,23.176305118962723
2085,te,fixed,21.97827551083502,19.856066320198632,23.641245579790994
2086,te,fixed,22.411798089572507,20.24772821698719,24.10757032593701
2087,te,fixed,22.84751144842504,20.641369353467947,24.576251615965887
2088,te,fixed,23.28718290802967,21.03858639885007,25.049190493532244
2089,te,fixed,23.73192659126156,21.440385896967577,25.52758538080001
2090,te,fixed,24.18121435310892,21.846290700176404,26.010868171053126
2091,te,fixed,24.637273880233515,22.2583133910413,26.501435107227923
2092,te,fixed,25.102564859968453,22.678676150951766,27.00193198709242
2093,te,fixed,25.570639297725457,23.10155359983582,27.505422933285203
2094,te,fixed,26.04268689763466,23.52802056470151,28.013187668025324
2095,te,fixed,26.519821548161993,23.95908337760805,28.526424361331095
2096,te,fixed,26.994230071102788,24.387683296183827,29.03672865660941
2097,te,fixed,27.463129742166092,24.811306294337726,29.54110727678031
2098,te,fixed,27.9348404261668,25.237468875694347,30.04850960311726
2099,te,fixed,28.409891174754577,25.66664900699121,30.559504717574274
2100,te,fixed,28.888450348666005,26.098998792152482,31.074273719779406
2101,te,fixed,29.37143655356039,26.535348136822233,31.59380472101426
2102,te,fixed,29.860590604022697,26.977269763566113,32.11997025332037
2103,te,fixed,30.35681486903998,27.425578909159338,32.653740962771224
2104,te,fixed,30.850316697533756,27.871428495077986,33.184583244539226
2105,te,fixed,31.344833706335923,28.318195236099196,33.71651751948779
2106,te,fixed,31.840213275362068,28.765741249042996,34.249379619645936
2107,te,fixed,32.334804497206946,29.212575037139725,34.78139372291256
2108,te,fixed,32.82449147651501,29.654978133437485,35.308132507733994
2109,te,fixed,33.31435023675308,30.097536423600985,35.8350560711633
2110,te,fixed,33.80316931978422,30.53915542716931,36.36086129097367
2111,te,fixed,34.2951596439587,30.983639458725303,36.890077701558546
2112,te,fixed,34.78852001701462,31.429361248058907,37.42076782476691
2113,te,fixed,35.285206252447665,31.878087756479747,37.95503545928563
2114,te,fixed,35.78851585887629,32.33279808713844,38.49642761730008
2115,te,fixed,36.290011382222644,32.78586950149664,39.03586843096866
2116,te,fixed,36.79412793294172,33.241308858385814,39.578128590120436
2117,te,fixed,37.298037586898815,33.69656129634108,40.120166197818726
2118,te,fixed,37.79719790279296,34.14752298948754,40.65709511227892
2119,te,fixed,38.29337907921086,34.59579320709087,41.19081947286317
2120,te,fixed,38.78919668886662,35.04373496372204,41.72415275767335
2121,te,fixed,39.285038746631315,35.4916988077673,42.257512340440655
2122,te,fixed,39.781543048195445,35.94026094974523,42.79158427519794
2123,te,fixed,40.282007197364756,36.39240057880251,43.32991567652013
2124,te,fixed,40.78685418073228,36.84849983819872,43.87296153597004
2125,te,fixed,41.29377263293583,37.30647054663414,44.41823560042353
2126,te,fixed,41.7970156440674,37.761120712398004,44.95955612425671
2127,te,fixed,42.302774060268455,38.21804339721629,45.503582379435855
2128,te,fixed,42.807087945402714,38.67366103402708,46.04605480416635
2129,te,fixed,43.30858128745837,39.12673047771868,46.58549327149847
2130,te,fixed,43.80388132906975,39.574204642367526,47.118269826858466
2131,te,fixed,44.30071138875415,40.02306108745568,47.65269216798484
2132,te,fixed,44.795841368419005,40.47038161123823,48.185285793786065
2133,te,fixed,45.29337853103763,40.919876881822525,48.72046874027068
2134,te,fixed,45.7932418140129,41.371473663967514,49.25815381129971
2135,te,fixed,46.297825063010755,41.82733465502768,49.800915981112624
2136,te,fixed,46.801303789791305,42.28219777587787,50.34249005584618
2137,te,fixed,47.30554532965172,42.73775005303136,50.884884661350846
2138,te,fixed,47.80888877629067,43.19249095630984,51.42631322007026
2139,te,fixed,48.307046199970586,43.64254659591682,51.96216335921365
2140,te,fixed,48.80671586697743,44.09396845753596,52.49964016446426
2141,te,fixed,49.30212480332919,44.54154100211391,53.03253385400515
2142,te,fixed,49.79713188050835,44.988750490801564,53.56499527799439
2143,te,fixed,50.29075503523211,45.434709687761696,54.09596806605241
2144,te,fixed,50.78311629357967,45.879528836308,54.62558347727206
2145,te,fixed,51.2754739440406,46.32434472534305,55.15519500761698
2146,te,fixed,51.76831785755395,46.76959992415986,55.685329593750936
2147,te,fixed,52.261211155563075,47.214899738934946,56.21551730102225
2148,te,fixed,52.752332238610094,47.65859846276894,56.7437986999884
2149,te,fixed,53.24377085473013,48.10258405887158,57.27242165793427
2150,te,fixed,53.734047315403586,48.54551971656525,57.79979452679551
2151,te,fixed,54.2232657046338,48.98749946956393,58.32602926601514
2152,te,fixed,54.70979196758217,49.427047046390825,58.84936818119572
2153,te,fixed,55.19579178970497,49.86611901520465,59.372140822792446
2154,te,fixed,55.678908268808215,50.302586054883264,59.891811955338454
2155,te,fixed,56.1632382347958,50.740149407875535,60.41278839236235
2156,te,fixed,56.64827972014149,51.17835557634055,60.93453018533383
2157,te,fixed,57.13644533857537,51.61938421346385,61.45963249662829
2158,te,fixed,57.62743168026355,52.06296120648435,61.987768959129674
2159,te,fixed,58.11865833026536,52.506755303790875,62.51616391269671
2160,te,fixed,58.60910281421019,52.949842760528924,63.04371751818672
2161,te,fixed,59.097431237013666,53.39101848172888,63.56899495232378
2162,te,fixed,59.57722681340417,53.82448528308238,64.08509390849316
2163,te,fixed,60.05635204350455,54.257346466384206,64.6004717971129
2164,te,fixed,60.530881084270995,54.68605526565618,65.1109057291096
2165,te,fixed,61.00535270444853,55.11471218883711,65.6212778958307
2166,te,fixed,61.47768715862313,55.541438309491205,66.12935118945346
2167,te,fixed,61.94873234871525,55.9669996566346,66.63603766777418
2168,te,fixed,62.423052733691776,56.39551994779544,67.1462471561939
2169,te,fixed,62.90337318934879,56.82946094638615,67.66291070623387
2170,te,fixed,63.38982744840574,57.26894347197449,68.1861721694015
2171,te,fixed,63.87280922654977,57.705288817338264,68.70569840893917
2172,te,fixed,64.35354345404608,58.139603634205955,69.22280703856067
2173,te,fixed,64.8233086709228,58.564008601585144,69.72811669543302
2174,te,fixed,65.29126305019875,58.98677758476355,70.23147849900798
2175,te,fixed,65.75470972682183,59.40547412637196,70.72999152792069
2176,te,fixed,66.21245748127822,59.8190220303432,71.22237442990799
2177,te,fixed,66.66864922719746,60.2311641730347,71.71308358911539
2178,te,fixed,67.12447300267968,60.64297387629538,72.20339693567301
2179,te,fixed,67.58013930831528,61.05464131490401,72.69354089754374
2180,te,fixed,68.03948048621835,61.469628782303126,73.1876377881921
2181,te,fixed,68.5011116959906,61.88668515745834,73.68419798428855
2182,te,fixed,68.96239765452265,62.30342961862742,74.18038680596335
2183,te,fixed,69.42014894337773,62.71698071571792,74.67277350977702
2184,te,fixed,69.87258149861887,63.1257266529438,75.15943904190556
2185,te,fixed,70.3232432481905,63.53287277244073,75.64419978165462
2186,te,fixed,70.76953146955086,63.936067669005126,76.12425607339357
2187,te,fixed,71.21106690022032,64.33496870151646,76.5991999580259
2188,te,fixed,71.65139581882963,64.73277972205344,77.07284604074948
2189,te,fixed,72.09006161156884,65.12908820716355,77.5447031584059
2190,te,fixed,72.528371077873,65.52507477250695,78.01617698844936
2191,te,fixed,72.9706824016964,65.92467677839146,78.49195547362106
2192,te,fixed,73.41477047811298,66.32588397469719,78.96964514806552
2193,te,fixed,73.85629073157216,66.72477129550062,79.4445727071151
2194,te,fixed,74.29601326963729,67.12203448723751,79.91756652795614
2195,te,fixed,74.73491323168338,67.51855453040577,80.389675533168
2196,te,fixed,75.16420898623001,67.90639774262938,80.85145363557622
2197,te,fixed,75.59404439052324,68.29472849634152,81.31381221993264
2198,te,fixed,76.01744813908283,68.67724863116628,81.76925250204972
2199,te,fixed,76.43929895557605,69.05836578411989,82.22302235063657
2200,te,fixed,76.85932178798522,69.43783146204362,82.67482590206667
2201,te,fixed,77.27647601265177,69.81470552327954,83.12354379465688
2202,te,fixed,77.69755585936345,70.19512615083443,83.5764843386001
2203,te,fixed,78.1230339591713,70.57952033878661,84.03415592622858
2204,te,fixed,78.55040716468125,70.96562664216323,84.4938660113398
2205,te,fixed,78.97517021358641,71.34937482410193,84.9507684442644
2206,te,fixed,79.39737890499504,71.73081529578228,85.40492324610918
2207,te,fixed,79.80811897222178,72.1018945467998,85.84674165874945
2208,te,fixed,80.21813255185116,72.47231745942956,86.28777861464204
2209,te,fixed,80.61882268497624,72.8343171919954,86.71878667230055
2210,te,fixed,81.01814120359207,73.19507775233193,87.14831933324574
2211,te,fixed,81.41575570218913,73.55429883180761,87.57601904074939
2212,te,fixed,81.81135788438917,73.9117019029588,88.00155417141428
2213,te,fixed,82.20744696725143,74.26954485993431,88.42761304372229
2214,te,fixed,82.6030190153038,74.62692070667316,88.85311576016137
2215,te,fixed,82.99540407773657,74.98141730122533,89.27519035005545
2216,te,fixed,83.38470555462462,75.33312805941604,89.69394803717009
2217,te,fixed,83.77092295568026,75.68205253829952,90.10938829412038
2218,te,fixed,84.1560633715663,76.03000402505981,90.52367007660946
2219,te,fixed,84.53785625425996,76.3749312144386,90.9343510372666
2220,te,fixed,84.91788002965812,76.71826012046847,91.3431290324245
2221,te,fixed,85.29681699268824,77.06060715608513,91.75073798235502
2222,te,fixed,85.6733757530994,77.40080562691102,92.15578878471273
2223,te,fixed,86.0469001777713,77.73826275564903,92.55757566054679
2224,te,fixed,86.41860382665446,78.0740749216238,92.95740399292976
2225,te,fixed,86.78998048670849,78.40959167261597,93.3568805951141
2226,te,fixed,87.16035063146902,78.74419909683182,93.75527452476476
2227,te,fixed,87.52879057707969,79.07706270077786,94.15159220816501
2228,te,fixed,87.895819727088,79.40865173470449,94.54639234915018
2229,te,fixed,88.26147010045888,79.73899512584447,94.93970938937666
2230,te,fixed,88.62341062758429,80.06598689128242,95.32903588056713
2231,te,fixed,88.9839308461002,80.3916954922641,95.71683459654065
2232,te,fixed,89.3428108961559,80.71592229847506,96.10286904191248
2233,te,fixed,89.69784969755537,81.03667876471175,96.48477159337071
2234,te,fixed,90.04863450249039,81.35359199784841,96.86209827284742
2235,te,fixed,90.39639116672454,81.66776948574642,97.23616768958195
2236,te,fixed,90.74130138878945,81.9793753822354,97.60717529019178
2237,te,fixed,91.08476085603228,82.28967060792367,97.97662236568179
2238,te,fixed,91.43341419678787,82.60465818979237,98.35165630530793
2239,te,fixed,91.78273784343102,82.92025135321146,98.72741126902417
2240,te,fixed,92.12878588009156,83.23288519759649,99.09964277613504
2241,te,fixed,92.47114271967243,83.542184264693,99.46790379445116
2242,te,fixed,92.8113000704626,83.84949622432617,99.83379890127318
2243,te,fixed,93.14863129215532,84.15425494420401,100.19665404201604
2244,te,fixed,93.47838030717236,84.45216359076595,100.55135327398575
2245,te,fixed,93.80444859127459,84.74674691559758,100.90209327524025
2246,te,fixed,94.12647835000402,85.0376816726606,101.24848917906675
2247,te,fixed,94.44612382512493,85.32646237112,101.59232039421721
2248,te,fixed,94.7649506412886,85.6145034598434,101.93527100718194
2249,te,fixed,95.08844846349828,85.90676452505157,102.28324605443332
2250,te,fixed,95.4136499002657,86.20056470481065,102.63305361898628
2251,te,fixed,95.73705560464742,86.49274254703344,102.98092957838195
2252,te,fixed,96.05528640546166,86.7802451712945,103.32323907893371
2253,te,fixed,96.36774537056797,87.06253328486522,103.65934002206932
2254,te,fixed,96.67379419244251,87.33903021481608,103.98854580319508
2255,te,fixed,96.97456121112695,87.61075534934642,104.31207013737291
2256,te,fixed,97.2734226202829,87.88075887886914,104.63354467547737
2257,te,fixed,97.56893778670295,88.14773927686117,104.95141977984782
2258,te,fixed,97.86137994493384,88.41194339450415,105.26598935912224
2259,te,fixed,98.15212097066089,88.6746106399845,105.57872909095174
2260,te,fixed,98.44261944308451,88.93705875296389,105.89120791686032
2261,te,fixed,98.73119469835308,89.19776935349105,106.20161800680083
2262,te,fixed,99.02055247338453,89.45918691413891,106.51286982528711
2263,te,fixed,99.30727969901741,89.71822792967113,106.8212920557873
2264,te,fixed,99.59122082031779,89.97475186544544,107.12671737341763
2265,te,fixed,99.873319337432,90.22961111779614,107.4301606675698
2266,te,fixed,100.15056818952074,90.48008898588728,107.72838735035546
2267,te,fixed,100.42530873177273,90.72830074504522,108.02391593388339
2268,te,fixed,100.6988848466654,90.97546051325602,108.31819198451139
2269,te,fixed,100.96998142027871,91.22038016321633,108.60980088119089
2270,te,fixed,101.23960813144369,91.46397187977067,108.89982869935977
2271,te,fixed,101.5086481589727,91.70703356251144,109.18922544290643
2272,te,fixed,101.77789693677457,91.95028383872311,109.478846731662
2273,te,fixed,102.04589830115701,92.19240715101199,109.7671262223782
2274,te,fixed,102.31220494360193,92.4329993827041,110.05358276126663
2275,te,fixed,102.57677538012871,92.67202305548724,110.33817172549172
2276,te,fixed,102.84125987295205,92.91096908323973,110.62266824314617
2277,te,fixed,103.10360090609788,93.14797862250433,110.90485911782146
2278,te,fixed,103.36235097547274,93.38174393932049,111.18318732109033
2279,te,fixed,103.61964210996567,93.6141911951378,111.45994620024133
2280,te,fixed,103.8750804436114,93.84496455545398,111.73471208773026
2281,te,fixed,104.13028163464298,94.0755236715056,112.00922288938341
2282,te,fixed,104.38363710896874,94.304415292157,112.28174831953224
2283,te,fixed,104.63726552457022,94.5335534990371,112.55456734285788
2284,te,fixed,104.88880665578661,94.76080596846893,112.82514114895898
2285,te,fixed,105.13713715206599,94.98515781996066,113.09226138978943
2286,te,fixed,105.38254366256686,95.20686802399881,113.35623640360572
2287,te,fixed,105.62835958212068,95.42894810479562,113.62065180411012
2288,te,fixed,105.87304046115165,95.65000274390634,113.88384628208445
2289,te,fixed,106.11722886246788,95.87061245865709,114.14651101937962
2290,te,fixed,106.35840850160815,96.0885039355152,114.40593933871929
2291,te,fixed,106.59822577643243,96.30516459714411,114.66390221144796
2292,te,fixed,106.83596647371863,96.51994919432501,114.91963138392478
2293,te,fixed,107.07371236810343,96.73473848677573,115.17536614673487
2294,te,fixed,107.31071767486291,96.94885870230107,115.43030428590109
2295,te,fixed,107.5471754752881,97.1624842783776,115.68465349206848
2296,te,fixed,107.78491703691705,97.37726965644082,115.94038359428794
2297,te,fixed,108.02402491101928,97.5932894166588,116.19758339001011
2298,te,fixed,108.26437754343569,97.81043374206968,116.45612212776977
2299,te,fixed,108.5022214703602,98.0253116010965,116.71196234067966
2300,te,fixed,108.73972016161125,98.2398775602008,116.96743119591247
1990,te,joint,-1.467349264826543,-1.5783751688793028,-1.3256628939302793
1991,te,joint,-1.352576633375244,-1.454918350593385,-1.2219726394006543
1992,te,joint,-1.350643995743924,-1.4528394813556114,-1.2202266161077218
1993,te,joint,-1.5275716483887203,-1.6431542348479646,-1.3800702400108
1994,te,joint,-1.511529529935968,-1.6258983012887256,-1.3655771389593865
1995,te,joint,-1.3808536853985123,-1.4853349649826733,-1.2475192761254927
1996,te,joint,-1.239067671789877,-1.3328208168253783,-1.119424035527488
1997,te,joint,-1.0965587846638485,-1.1795290994570966,-0.9906757216483063
1998,te,joint,-0.9524074719894003,-1.0244706836179738,-0.8604435738532501
1999,te,joint,-0.8017658252946718,-0.8624308474034135,-0.7243477948245516
2000,te,joint,-0.6447302072064254,-0.693513244647534,-0.5824754424711371
2001,te,joint,-0.4829039466338927,-0.5194425189635089,-0.43627502921788325
2002,te,joint,-0.3281543822893047,-0.35298394252822424,-0.2964679906204657
2003,te,joint,-0.17151288476283744,-0.18449028117686833,-0.1549517027821667
2004,te,joint,-0.03182267854545606,-0.034230518137284574,-0.028749899662210945
2005,te,joint,0.10133233819643728,0.09154774798492901,0.10899957511659196
2006,te,joint,0.22338362049291882,0.20181383117009444,0.2402857780162246
2007,te,joint,0.3479902191231038,0.31438849086600995,0.37432064338254434
2008,te,joint,0.4756776999656981,0.4297465446232184,0.5116695036503326
2009,te,joint,0.6117143211690247,0.5526475507215977,0.6579992358500838
2010,te,joint,0.7556643461900442,0.6826978470791314,0.8128411337533686
2011,te,joint,0.9113230161326601,0.8233262085795947,0.9802776025938308
2012,te,joint,1.065941966681553,0.9630152453716213,1.1465956824365322
2013,te,joint,1.2316486605122292,1.1127213995592273,1.3248404515101997
2014,te,joint,1.4051013501105567,1.269425600777532,1.5114173114302494
2015,te,joint,1.3180003156258928,0.9256281969986873,1.7103398164183268
2016,te,joint,1.4531985949968862,1.0151026062464727,1.8860319839065547
2017,te,joint,1.5895884650525467,1.1102268002296576,2.066560492167831
2018,te,joint,1.732477162704492,1.208830472356669,2.2537754377047348
2019,te,joint,1.8776973523906957,1.3070497348832857,2.4493617299369297
2020,te,joint,2.027004029104659,1.4145663418498782,2.6467262324374827
2021,te,joint,2.1842995531926848,1.5242817700265958,2.855391334933587
2022,te,joint,2.3419174634524333,1.6419368625257447,3.070466676865248
2023,te,joint,2.504687575315611,1.759570860885326,3.295435187615893
2024,te,joint,2.670354766343129,1.8780672114899177,3.519950915508364
2025,te,joint,2.8342264399766863,1.9935361787319477,3.748282717936376
2026,te,joint,3.0072493998404086,2.10789381255974,3.9767435255118735
2027,te,joint,3.175844898963983,2.2067644312462815,4.206666569567054
2028,te,joint,3.348749786604265,2.314490046464833,4.443147889960965
2029,te,joint,3.524907747922698,2.4223259659965475,4.688737879051398
2030,te,joint,3.7040327712186327,2.536963447247138,4.9387414311665445
2031,te,joint,3.8826959085086328,2.6570293572395047,5.194939371782061
2032,te,joint,4.065480693797067,2.773914022292301,5.4510782790431
2033,te,joint,4.249888160072805,2.885464057238764,5.709921351102016
2034,te,joint,4.4484632160516515,3.019774615887208,5.9825625947656444
2035,te,joint,4.651167557987577,3.150260389077261,6.259368270518658
2036,te,joint,4.857735219384592,3.281670245585516,6.556593316978027
2037,te,joint,5.067932063527639,3.4143512367838027,6.852670049640104
2038,te,joint,5.279563586998342,3.546689702536792,7.148684004650042
2039,te,joint,5.493760679667206,3.67979458940192,7.447488596081123
2040,te,joint,5.709764992088287,3.8152155119361026,7.752650518694875
2041,te,joint,5.924565182027535,3.9498505119359013,8.048966756579246
2042,te,joint,6.143017489245466,4.086518680192078,8.355792919871403
2043,te,joint,6.366208074734439,4.217374838886612,8.669633310962425
2044,te,joint,6.595865794243423,4.359301027770359,8.9948230461566
2045,te,joint,6.831357033994399,4.515410778163998,9.323550317815174
2046,te,joint,7.070404789269998,4.67715276484438,9.665751598669582
2047,te,joint,7.326215718626292,4.837706062432064,10.00570445557677
2048,te,joint,7.573203034159814,4.995296860453034,10.374463855008749
2049,te,joint,7.821399366529282,5.151301686302298,10.723959571485487
2050,te,joint,8.065233353383913,5.317221125128377,11.060570529665553
2051,te,joint,8.316692401106458,5.483142456985474,11.41019746351804
2052,te,joint,8.57413857043165,5.648802458509087,11.74722248957402
2053,te,joint,8.834109492940994,5.81902245679613,12.120352601491254
2054,te,joint,9.097362772968452,5.991180929005136,12.490594627236312
2055,te,joint,9.372240962137784,6.163873972496623,12.888333420524384
2056,te,joint,9.647045865374272,6.3281980190474565,13.293218733969637
2057,te,joint,9.919755557498572,6.5073378667098885,13.703847638642563
2058,te,joint,10.201111698431284,6.670885686515909,14.09925699388061
2059,te,joint,10.476103335366258,6.843315806343471,14.51257656065027
2060,te,joint,10.765835321207183,7.021601268691934,14.92317631455818
2061,te,joint,11.056343506275681,7.201062909744918,15.351741385831696
2062,te,joint,11.341865849624472,7.3798632991872894,15.771284248459379
2063,te,joint,11.6406118336876,7.550305283566775,16.187733193951654
2064,te,joint,11.940464160479522,7.732661408281825,16.636604192195023
2065,te,joint,12.250268638045714,7.92763451539597,17.079552857516095
2066,te,joint,12.560851349564759,8.108933156846735,17.512172162067824
2067,te,joint,12.878955190267039,8.300494107318496,17.97706757545678
2068,te,joint,13.203816464418487,8.49224098482877,18.457965585642086
2069,te,joint,13.5278552010971,8.695448387123015,18.919858109789324
2070,te,joint,13.865791705222483,8.895871572047007,19.406607028033346
2071,te,joint,14.187077580960043,9.09763731710936,19.89493292612336
2072,te,joint,14.516349249189812,9.301419333293794,20.38680889936373
2073,te,joint,14.856131534211379,9.501007065371347,20.873976012619607
2074,te,joint,15.186953368785952,9.714962976444227,21.376722047298472
2075,te,joint,15.512960818530974,9.922491269736677,21.897413826228398
2076,te,joint,15.846800733486221,10.137545295504383,22.36716347806748
2077,te,joint,16.187813516644233,10.352823272180938,22.884389047428904
2078,te,joint,16.530674884058598,10.571590966881281,23.40946065555675
2079,te,joint,16.879762559794145,10.79396629202647,23.942484814905438
2080,te,joint,17.237654906499117,11.024819015152321,24.50506656612358
2081,te,joint,17.594923770707265,11.258302630371555,25.04951720421034
2082,te,joint,17.96622208176187,11.482767377308885,25.61296362574523
2083,te,joint,18.323378040570375,11.728506126477942,26.175295795662517
2084,te,joint,18.681802680670675,11.93912021391176,26.708366434829077
2085,te,joint,19.05016700880424,12.148722526461961,27.266115592979876
2086,te,joint,19.420350362072323,12.37717822229371,27.78634075838508
2087,te,joint,19.816231843335068,12.608529480273432,28.358128530023837
2088,te,joint,20.18908136075089,12.84163643999384,28.934975259916683
2089,te,joint,20.579043914905263,13.076475418277866,29.51629246815661
2090,te,joint,20.95918694930576,13.314209663474806,30.10425579239284
2091,te,joint,21.330100783993352,13.5634507254978,30.692263405606976
2092,te,joint,21.724987294469877,13.795090000373184,31.28807352719799
2093,te,joint,22.10072046994035,14.036083757413815,31.902075428487425
2094,te,joint,22.493084444259807,14.260340837497822,32.52496615319522
2095,te,joint,22.898206839914156,14.495848052860595,33.12719951637989
2096,te,joint,23.304713104572635,14.710822323092268,33.753333688707876
2097,te,joint,23.65290847322214,14.92465666501475,34.365125792168676
2098,te,joint,24.05635233434544,15.117081261620982,34.93339504558965
2099,te,joint,24.431099014936805,15.330538408787591,35.501519159087046
2100,te,joint,24.809768962197378,15.568092634069552,36.09237197786252
2101,te,joint,25.208565839018995,15.785891545745047,36.70671552537964
2102,te,joint,25.580081830763735,16.00577347987502,37.311907740708506
2103,te,joint,25.97509398016335,16.259833081694794,37.89390236894392
2104,te,joint,26.353755260545185,16.52877473166196,38.47633701468916
2105,te,joint,26.742335123787264,16.794245863609536,39.05200557043204
2106,te,joint,27.117833887127453,17.057378404463694,39.61637926648395
2107,te,joint,27.5320929418906,17.32017539190667,40.199890373043395
2108,te,joint,27.917302143217633,17.54296370325359,40.80159877813638
2109,te,joint,28.29204868806393,17.757006838779883,41.4561206265256
2110,te,joint,28.707845922004868,17.968151395657998,42.07706684070113
2111,te,joint,29.09571164816994,18.186026326118714,42.713522105922316
2112,te,joint,29.481515090202304,18.421798944463173,43.38054086681699
2113,te,joint,29.887291706901493,18.678085905681545,44.04684673909576
2114,te,joint,30.308853032673017,18.93318596671441,44.688400423968
2115,te,joint,30.693742696654574,19.181996090884407,45.298553569422886
2116,te,joint,31.11876033685093,19.433394399728943,45.904548428372465
2117,te,joint,31.522775280977818,19.678684511972016,46.50225063866738
2118,te,joint,31.910897528365357,19.892333223457726,47.141734116732
2119,te,joint,32.30722516851188,20.105975971625583,47.72130635102709
2120,te,joint,32.70333746772179,20.318313207924607,48.32600763583739
2121,te,joint,33.11578113575657,20.554653824722383,48.94465629613954
2122,te,joint,33.51087618561775,20.80487009364225,49.598393066317385
2123,te,joint,33.897097058463345,21.05593294696664,50.17588776009518
2124,te,joint,34.29672879777054,21.30157397037315,50.78791130685071
2125,te,joint,34.70501929284936,21.548059930657708,51.457733988976756
2126,te,joint,35.05697073848902,21.791360510498322,52.1026569441686
2127,te,joint,35.44387629207293,22.033474811183403,52.69430527301406
2128,te,joint,35.81854122710757,22.267375083062156,53.27637833805225
2129,te,joint,36.22637431792289,22.49379425596125,53.95987974010068
2130,te,joint,36.65570721096698,22.70428549259634,54.59204989479052
2131,te,joint,37.0212573664277,22.932356825481175,55.27818194498433
2132,te,joint,37.4455789439644,23.176869136825935,55.941500879732665
2133,te,joint,37.85977762786538,23.360032026518677,56.62190592134119
2134,te,joint,38.23756972949538,23.59863816984509,57.25062634494372
2135,te,joint,38.640319756776826,23.83296583075588,57.886255848696614
2136,te,joint,39.042723918675286,24.042150183503352,58.41427534458453
2137,te,joint,39.43207135007161,24.239273601509833,59.05355285165764
2138,te,joint,39.81098341720923,24.43556256894471,59.72135495750403
2139,te,joint,40.21560144426836,24.652715950386934,60.37620492367523
2140,te,joint,40.59478763634408,24.892498734368356,61.0273232439698
2141,te,joint,40.98030230820898,25.13636021561398,61.61931216678047
2142,te,joint,41.326211626035104,25.366741150493336,62.31424964609393
2143,te,joint,41.71329146193375,25.607571586918453,62.916020203992645
2144,te,joint,42.097558466556734,25.84663419876821,63.5934673210895
2145,te,joint,42.484496830593365,26.08299173112819,64.27113689797578
2146,te,joint,42.86560887372107,26.320023769973535,64.94756568909403
2147,te,joint,43.24814704911249,26.556540102427608,65.60920564922571
2148,te,joint,43.64661121333738,26.759059657645388,66.21647727317821
2149,te,joint,44.06576258968163,26.967894453394702,66.76008753459634
2150,te,joint,44.453584246775705,27.186422559258833,67.31045265077204
2151,te,joint,44.794061374531466,27.361528497398844,67.85274525231058
2152,te,joint,45.192392580797986,27.535759987277686,68.36107832653137
2153,te,joint,45.60599841835237,27.718531947065152,68.94486512035502
2154,te,joint,45.984519880311126,27.951318553418425,69.53383409782363
2155,te,joint,46.36133934115047,28.151762110584855,70.1638813122618
2156,te,joint,46.738905235427794,28.35505387260071,70.78617652745129
2157,te,joint,47.13156141049236,28.592244879263134,71.41957517444601
2158,te,joint,47.51102851293462,28.789020008891917,72.16224086258876
2159,te,joint,47.92159922481712,29.024308174491487,72.92039000400155
2160,te,joint,48.31026393251069,29.25934907535438,73.61665415387073
2161,te,joint,48.664394101882706,29.479612022284353,74.23016202813528
2162,te,joint,49.04713496362116,29.677181055931594,74.83994335188315
2163,te,joint,49.4430887258703,29.876445057380757,75.44817535228844
2164,te,joint,49.846197799171165,30.08267043153812,76.05954173555727
2165,te,joint,50.23140918644485,30.319870181268374,76.67169590651004
2166,te,joint,50.63818800447795,30.55240557663417,77.25000642478078
2167,te,joint,51.00382804300115,30.785093338405,77.80088714278574
2168,te,joint,51.40222283854066,31.017037267470197,78.3848568278364
2169,te,joint,51.778756167210105,31.177919625173285,79.00741586056951
2170,te,joint,52.138082436183424,31.39229254114371,79.56278563822343
2171,te,joint,52.5064555658319,31.63951696855194,80.14157192165955
2172,te,joint,52.86708157958694,31.889270539425723,80.70487149273512
2173,te,joint,53.26768994183658,32.144450235069115,81.26637292284099
2174,te,joint,53.68246537444096,32.39419793912577,81.83918320922817
2175,te,joint,54.075879147751145,32.61062301021312,82.46700898165022
2176,te,joint,54.44605308464774,32.82634130525284,83.17243444731136
2177,te,joint,54.86454997992147,33.08099569319924,83.75965574703096
2178,te,joint,55.24216101477518,33.3319268218097,84.3203689777975
2179,te,joint,55.62414508150275,33.445404455813794,84.9321966558082
2180,te,joint,56.03483167680249,33.64892591784402,85.54160829980776
2181,te,joint,56.423272229284194,33.83548740151011,86.0839903294206
2182,te,joint,56.79635935534949,34.05111402201072,86.60435991383662
2183,te,joint,57.165256617280505,34.26886228725583,87.266945313098
2184,te,joint,57.55340030581432,34.49684775124483,87.84105506415841
2185,te,joint,57.908664302965704,34.71744777519197,88.56134880633228
2186,te,joint,58.29089455518789,34.94058608392545,89.11415021337018
2187,te,joint,58.65849386030608,35.164561241971626,89.64047490349014
2188,te,joint,59.025774175719754,35.38805598617819,90.19983389858372
2189,te,joint,59.41108740152059,35.611279560692516,90.7987297673711
2190,te,joint,59.77981778476128,35.83117613358194,91.39093712325155
2191,te,joint,60.15035176319244,35.99678652883638,91.97618792832422
2192,te,joint,60.522876841375776,36.160286178334445,92.53308698371639
2193,te,joint,60.885827003573354,36.32276057823938,93.19619078326002
2194,te,joint,61.22665488512464,36.484677631958,93.81562872749683
2195,te,joint,61.585576119408216,36.658132838676735,94.32689365572239
2196,te,joint,61.95763162163938,36.85467948759638,94.9430965015047
2197,te,joint,62.336346155453256,37.05432113115586,95.51109188085617
2198,te,joint,62.70274797611786,37.25521134400896,96.05195529153131
2199,te,joint,63.07640685808694,37.45428081494815,96.64793484309484
2200,te,joint,63.42396548052544,37.6542388724391,97.30492456465093
2201,te,joint,63.76774597501321,37.850455448614184,97.92326293823282
2202,te,joint,64.11368641539536,38.04424458931922,98.53073737955927
2203,te,joint,64.46567545940287,38.23449217705855,99.08139028440016
2204,te,joint,64.81070521695025,38.365643969227314,99.7586749775426
2205,te,joint,65.17187660573171,38.54444987900199,100.40409381804017
2206,te,joint,65.51574371409802,38.76056193800698,101.01424027438489
2207,te,joint,65.86649484875824,38.97706366934579,101.53066931278101
2208,te,joint,66.2320436110439,39.167286297852854,102.04596101338815
2209,te,joint,66.60317233942033,39.35874082688278,102.61400744287977
2210,te,joint,66.9863176895339,39.552408246391074,103.20317331080496
2211,te,joint,67.35900401315374,39.73121139002369,103.7015504929334
2212,te,joint,67.69700306463793,39.89626803225065,104.23767948412244
2213,te,joint,68.05403533891447,40.09841763145155,104.78884688528399
2214,te,joint,68.44723735800434,40.3067019996386,105.40016523715002
2215,te,joint,68.81675548687542,40.4875119828519,105.97958940870554
2216,te,joint,69.17895111617413,40.66733054214752,106.56036100366235
2217,te,joint,69.50381715522549,40.84700856738317,107.11806030422287
2218,te,joint,69.828314222817,41.02690462546988,107.69011710741053
2219,te,joint,70.15329612448838,41.208147106192705,108.27738209709722
2220,te,joint,70.48383198216445,41.391908919649076,108.90016750647922
2221,te,joint,70.80716773947162,41.57526350927026,109.52591260893142
2222,te,joint,71.13558272355343,41.74714146016675,110.15470440409113
2223,te,joint,71.43858992273843,41.91699731468025,110.78187097038273
2224,te,joint,71.75091547338839,42.08151185365563,111.40273441240473
2225,te,joint,72.1095105727482,42.244352587542856,112.03016162926905
2226,te,joint,72.42649932957401,42.428192155791116,112.63517368717498
2227,te,joint,72.77425140344207,42.610942105574125,113.20585464168246
2228,te,joint,73.10037903385896,42.79297266713404,113.73018344174461
2229,te,joint,73.4198942994214,42.97549578533146,114.21925505081764
2230,te,joint,73.73967874876365,43.127636770871064,114.74341478598271
2231,te,joint,74.06715834067808,43.30453865041238,115.26818597839905
2232,te,joint,74.4188964492322,43.4792419069305,115.79233204778139
2233,te,joint,74.7489060672674,43.64306882998352,116.31552025400114
2234,te,joint,75.07715379313885,43.807949914378206,116.90796741613082
2235,te,joint,75.40790741903294,43.97042391450613,117.50145196975504
2236,te,joint,75.73759889662747,44.130039929357345,118.08811104369386
2237,te,joint,76.02826987989778,44.28753011056515,118.59784829928903
2238,te,joint,76.3501179551534,44.444018912548046,119.10229749650013
2239,te,joint,76.68594327874044,44.60007896194132,119.6892929462068
2240,te,joint,77.00199627618368,44.75668576315677,120.27491573848216
2241,te,joint,77.31214338997273,44.92449305199631,120.86304504827758
2242,te,joint,77.59163564226884,45.089898755941185,121.4331596146374
2243,te,joint,77.88209981938896,45.249412140930005,121.9694632713224
2244,te,joint,78.20012693434552,45.40702700394538,122.50291995150585
2245,te,joint,78.51163749260482,45.56161640451803,123.03175199610826
2246,te,joint,78.82633691075213,45.712831234453894,123.58414957575349
2247,te,joint,79.10535787334486,45.86200049725698,124.13287724147635
2248,te,joint,79.40978105740567,46.00948153993444,124.74431094941333
2249,te,joint,79.73583150848,46.15541505920815,125.18739700233245
2250,te,joint,80.04142419461718,46.300099486511776,125.67414911806769
2251,te,joint,80.36742489336012,46.4437225592641,126.18941836022837
2252,te,joint,80.644315170114,46.58733203886359,126.70328745159556
2253,te,joint,80.92742212675839,46.73217561136247,127.27735349594892
2254,te,joint,81.21221684660944,46.878643575105976,127.89558247662252
2255,te,joint,81.50571097725948,47.025132467029145,128.46685758867065
2256,te,joint,81.82202981133811,47.17085708900733,128.99228065965647
2257,te,joint,82.13361746759387,47.31544654724845,129.51578210883932
2258,te,joint,82.45781118292632,47.45784609739422,130.04316231028156
2259,te,joint,82.74482034690601,47.59371780206653,130.62966028368513
2260,te,joint,83.00077451239413,47.72288156396848,131.24445525018527
2261,te,joint,83.26294007434909,47.85065171248398,131.85639959208575
2262,te,joint,83.53778579741328,47.97769740908134,132.39243138262708
2263,te,joint,83.81181630498179,48.10516830472412,132.94094250465176
2264,te,joint,84.10259295181555,48.23377153268415,133.5036697657145
2265,te,joint,84.42462997635684,48.36414720556815,133.97834255715074
2266,te,joint,84.74769818393673,48.49791503777061,134.5455762725685
2267,te,joint,85.05977889854779,48.65435639256245,135.11520842895476
2268,te,joint,85.35366863493584,48.836944013411944,135.68281570925706
2269,te,joint,85.65417843577659,48.97702961587165,136.2465527220723
2270,te,joint,85.94168053082561,49.114364664606924,136.8067665632319
2271,te,joint,86.22635356357068,49.26554755198079,137.36410718946118
2272,te,joint,86.52655293977782,49.39855810820047,137.91715326708572
2273,te,joint,86.83324202935859,49.53133347479951,138.46058873338995
2274,te,joint,87.12942056486641,49.67771411659344,138.89045351879403
2275,te,joint,87.42281998790226,49.85962611246212,139.2638511057735
2276,te,joint,87.74158663657536,50.0440776745392,139.80343897872095
2277,te,joint,88.04633459751523,50.215567452402894,140.34439652061704
2278,te,joint,88.32636510156587,50.37694478886526,140.82947473371334
2279,te,joint,88.61208776020317,50.5369263502432,141.30511384881376
2280,te,joint,88.90329348336732,50.69441135515066,141.73647835827688
2281,te,joint,89.17408097854869,50.8500357117892,142.16221303830272
2282,te,joint,89.44975696082942,51.00511205085302,142.70277232975715
2283,te,joint,89.72813799309071,51.16011648888629,143.25064831811162
2284,te,joint,89.99341288507604,51.31604297086346,143.7928775710681
2285,te,joint,90.28050035788388,51.47458326246521,144.33618682872435
2286,te,joint,90.58197627341855,51.636223091632445,144.86576406383733
2287,te,joint,90.85086545432263,51.79911082630381,145.43996483366124
2288,te,joint,91.11694459893,51.961352680886264,145.99344417069827
2289,te,joint,91.36915124033135,52.10786815038111,146.55555437751602
2290,te,joint,91.64142166657312,52.25470494207688,147.08872964995896
2291,te,joint,91.91124416811523,52.4163690858954,147.6334136011019
2292,te,joint,92.17821771847164,52.57678028941296,148.17270298506833
2293,te,joint,92.4578655578524,52.73074236329141,148.70944664738238
2294,te,joint,92.74829257735071,52.88173693648907,149.25253515726703
2295,te,joint,93.0209456200947,53.03517464342489,149.77913111137417
2296,te,joint,93.29619127196995,53.19133367638491,150.3248346046452
2297,te,joint,93.57347595752042,53.34971881886735,150.87162262434572
2298,te,joint,93.83058063647478,53.50843222990001,151.42114465297274
2299,te,joint,94.0987716418219,53.66489346535776,151.98423471795056
2300,te,joint,94.37362219728738,53.80870045683831,152.52767430215354
1990,lws,fixed,0.0,0.0,0.0
1991,lws,fixed,0.0,0.0,0.0
1992,lws,fixed,0.0,0.0,0.0
1993,lws,fixed,0.0,0.0,0.0
1994,lws,fixed,0.0,0.0,0.0
1995,lws,fixed,0.0,0.0,0.0
1996,lws,fixed,0.0,0.0,0.0
1997,lws,fixed,0.0,0.0,0.0
1998,lws,fixed,0.0,0.0,0.0
1999,lws,fixed,0.0,0.0,0.0
2000,lws,fixed,0.0,0.0,0.0
2001,lws,fixed,0.0,0.0,0.0
2002,lws,fixed,0.0,0.0,0.0
2003,lws,fixed,0.0,0.0,0.0
2004,lws,fixed,0.0,0.0,0.0
2005,lws,fixed,0.0,0.0,0.0
2006,lws,fixed,0.0,0.0,0.0
2007,lws,fixed,0.0,0.0,0.0
2008,lws,fixed,0.0,0.0,0.0
2009,lws,fixed,0.0,0.0,0.0
2010,lws,fixed,0.0,0.0,0.0
2011,lws,fixed,0.0,0.0,0.0
2012,lws,fixed,0.0,0.0,0.0
2013,lws,fixed,0.0,0.0,0.0
2014,lws,fixed,0.0,0.0,0.0
2015,lws,fixed,0.0,0.0,0.0
2016,lws,fixed,0.0,0.0,0.0
2017,lws,fixed,0.0,0.0,0.0
2018,lws,fixed,0.0,0.0,0.0
2019,lws,fixed,0.03,0.03,0.03
2020,lws,fixed,0.06,0.06,0.06
2021,lws,fixed,0.09,0.09,0.09
2022,lws,fixed,0.12,0.12,0.12
2023,lws,fixed,0.15,0.15,0.15
2024,lws,fixed,0.17999999999999997,0.17999999999999997,0.17999999999999997
2025,lws,fixed,0.21,0.21,0.21
2026,lws,fixed,0.24,0.24,0.24
2027,lws,fixed,0.26999999999999996,0.26999999999999996,0.26999999999999996
2028,lws,fixed,0.3,0.3,0.3
2029,lws,fixed,0.32999999999999996,0.32999999999999996,0.32999999999999996
2030,lws,fixed,0.35999999999999993,0.35999999999999993,0.35999999999999993
2031,lws,fixed,0.38999999999999996,0.38999999999999996,0.38999999999999996
2032,lws,fixed,0.42,0.42,0.42
2033,lws,fixed,0.44999999999999996,0.44999999999999996,0.44999999999999996
2034,lws,fixed,0.48,0.48,0.48
2035,lws,fixed,0.5099999999999999,0.5099999999999999,0.5099999999999999
2036,lws,fixed,0.5399999999999999,0.5399999999999999,0.5399999999999999
2037,lws,fixed,0.57,0.57,0.57
2038,lws,fixed,0.6,0.6,0.6
2039,lws,fixed,0.6299999999999999,0.6299999999999999,0.6299999999999999
2040,lws,fixed,0.6599999999999999,0.6599999999999999,0.6599999999999999
2041,lws,fixed,0.69,0.69,0.69
2042,lws,fixed,0.7199999999999999,0.7199999999999999,0.7199999999999999
2043,lws,fixed,0.7499999999999999,0.7499999999999999,0.7499999999999999
2044,lws,fixed,0.7799999999999999,0.7799999999999999,0.7799999999999999
2045,lws,fixed,0.8099999999999999,0.8099999999999999,0.8099999999999999
2046,lws,fixed,0.84,0.84,0.84
2047,lws,fixed,0.8699999999999999,0.8699999999999999,0.8699999999999999
2048,lws,fixed,0.8999999999999999,0.8999999999999999,0.8999999999999999
2049,lws,fixed,0.9299999999999999,0.9299999999999999,0.9299999999999999
2050,lws,fixed,0.96,0.96,0.96
2051,lws,fixed,0.9899999999999999,0.9899999999999999,0.9899999999999999
2052,lws,fixed,1.0199999999999998,1.0199999999999998,1.0199999999999998
2053,lws,fixed,1.0499999999999998,1.0499999999999998,1.0499999999999998
2054,lws,fixed,1.0799999999999998,1.0799999999999998,1.0799999999999998
2055,lws,fixed,1.1099999999999999,1.1099999999999999,1.1099999999999999
2056,lws,fixed,1.14,1.14,1.14
2057,lws,fixed,1.17,1.17,1.17
2058,lws,fixed,1.2,1.2,1.2
2059,lws,fixed,1.2299999999999998,1.2299999999999998,1.2299999999999998
2060,lws,fixed,1.2599999999999998,1.2599999999999998,1.2599999999999998
2061,lws,fixed,1.2899999999999998,1.2899999999999998,1.2899999999999998
2062,lws,fixed,1.3199999999999998,1.3199999999999998,1.3199999999999998
2063,lws,fixed,1.3499999999999999,1.3499999999999999,1.3499999999999999
2064,lws,fixed,1.38,1.38,1.38
2065,lws,fixed,1.4099999999999997,1.4099999999999997,1.4099999999999997
2066,lws,fixed,1.4399999999999997,1.4399999999999997,1.4399999999999997
2067,lws,fixed,1.4699999999999998,1.4699999999999998,1.4699999999999998
2068,lws,fixed,1.4999999999999998,1.4999999999999998,1.4999999999999998
2069,lws,fixed,1.5299999999999998,1.5299999999999998,1.5299999999999998
2070,lws,fixed,1.5599999999999998,1.5599999999999998,1.5599999999999998
2071,lws,fixed,1.5899999999999999,1.5899999999999999,1.5899999999999999
2072,lws,fixed,1.6199999999999999,1.6199999999999999,1.6199999999999999
2073,lws,fixed,1.6500000000000001,1.6500000000000001,1.6500000000000001
2074,lws,fixed,1.6800000000000002,1.6800000000000002,1.6800000000000002
2075,lws,fixed,1.7100000000000004,1.7100000000000004,1.7100000000000004
2076,lws,fixed,1.7400000000000007,1.7400000000000007,1.7400000000000007
2077,lws,fixed,1.7700000000000007,1.7700000000000007,1.7700000000000007
2078,lws,fixed,1.800000000000001,1.800000000000001,1.800000000000001
2079,lws,fixed,1.830000000000001,1.830000000000001,1.830000000000001
2080,lws,fixed,1.8600000000000012,1.8600000000000012,1.8600000000000012
2081,lws,fixed,1.8900000000000015,1.8900000000000015,1.8900000000000015
2082,lws,fixed,1.9200000000000015,1.9200000000000015,1.9200000000000015
2083,lws,fixed,1.9500000000000017,1.9500000000000017,1.9500000000000017
2084,lws,fixed,1.980000000000002,1.980000000000002,1.980000000000002
2085,lws,fixed,2.010000000000002,2.010000000000002,2.010000000000002
2086,lws,fixed,2.0400000000000023,2.0400000000000023,2.0400000000000023
2087,lws,fixed,2.0700000000000025,2.0700000000000025,2.0700000000000025
2088,lws,fixed,2.1000000000000028,2.1000000000000028,2.1000000000000028
2089,lws,fixed,2.1300000000000026,2.1300000000000026,2.1300000000000026
2090,lws,fixed,2.160000000000003,2.160000000000003,2.160000000000003
2091,lws,fixed,2.190000000000003,2.190000000000003,2.190000000000003
2092,lws,fixed,2.2200000000000033,2.2200000000000033,2.2200000000000033
2093,lws,fixed,2.2500000000000036,2.2500000000000036,2.2500000000000036
2094,lws,fixed,2.2800000000000034,2.2800000000000034,2.2800000000000034
2095,lws,fixed,2.3100000000000036,2.3100000000000036,2.3100000000000036
2096,lws,fixed,2.340000000000004,2.340000000000004,2.340000000000004
2097,lws,fixed,2.370000000000004,2.370000000000004,2.370000000000004
2098,lws,fixed,2.4000000000000044,2.4000000000000044,2.4000000000000044
2099,lws,fixed,2.430000000000004,2.430000000000004,2.430000000000004
2100,lws,fixed,2.4600000000000044,2.4600000000000044,2.4600000000000044
2101,lws,fixed,2.4900000000000047,2.4900000000000047,2.4900000000000047
2102,lws,fixed,2.520000000000005,2.520000000000005,2.520000000000005
2103,lws,fixed,2.550000000000005,2.550000000000005,2.550000000000005
2104,lws,fixed,2.5800000000000054,2.5800000000000054,2.5800000000000054
2105,lws,fixed,2.610000000000005,2.610000000000005,2.610000000000005
2106,lws,fixed,2.6400000000000055,2.6400000000000055,2.6400000000000055
2107,lws,fixed,2.6700000000000057,2.6700000000000057,2.6700000000000057
2108,lws,fixed,2.700000000000006,2.700000000000006,2.700000000000006
2109,lws,fixed,2.730000000000006,2.730000000000006,2.730000000000006
2110,lws,fixed,2.760000000000006,2.760000000000006,2.760000000000006
2111,lws,fixed,2.7900000000000063,2.7900000000000063,2.7900000000000063
2112,lws,fixed,2.8200000000000065,2.8200000000000065,2.8200000000000065
2113,lws,fixed,2.8500000000000068,2.8500000000000068,2.8500000000000068
2114,lws,fixed,2.880000000000007,2.880000000000007,2.880000000000007
2115,lws,fixed,2.9100000000000072,2.9100000000000072,2.9100000000000072
2116,lws,fixed,2.940000000000007,2.940000000000007,2.940000000000007
2117,lws,fixed,2.9700000000000073,2.9700000000000073,2.9700000000000073
2118,lws,fixed,3.0000000000000075,3.0000000000000075,3.0000000000000075
2119,lws,fixed,3.030000000000008,3.030000000000008,3.030000000000008
2120,lws,fixed,3.060000000000008,3.060000000000008,3.060000000000008
2121,lws,fixed,3.090000000000008,3.090000000000008,3.090000000000008
2122,lws,fixed,3.120000000000008,3.120000000000008,3.120000000000008
2123,lws,fixed,3.1500000000000083,3.1500000000000083,3.1500000000000083
2124,lws,fixed,3.1800000000000086,3.1800000000000086,3.1800000000000086
2125,lws,fixed,3.210000000000009,3.210000000000009,3.210000000000009
2126,lws,fixed,3.2400000000000087,3.2400000000000087,3.2400000000000087
2127,lws,fixed,3.270000000000009,3.270000000000009,3.270000000000009
2128,lws,fixed,3.300000000000009,3.300000000000009,3.300000000000009
2129,lws,fixed,3.3300000000000094,3.3300000000000094,3.3300000000000094
2130,lws,fixed,3.3600000000000096,3.3600000000000096,3.3600000000000096
2131,lws,fixed,3.3900000000000095,3.3900000000000095,3.3900000000000095
2132,lws,fixed,3.4200000000000097,3.4200000000000097,3.4200000000000097
2133,lws,fixed,3.45000000000001,3.45000000000001,3.45000000000001
2134,lws,fixed,3.48000000000001,3.48000000000001,3.48000000000001
2135,lws,fixed,3.5100000000000104,3.5100000000000104,3.5100000000000104
2136,lws,fixed,3.5400000000000107,3.5400000000000107,3.5400000000000107
2137,lws,fixed,3.5700000000000105,3.5700000000000105,3.5700000000000105
2138,lws,fixed,3.6000000000000107,3.6000000000000107,3.6000000000000107
2139,lws,fixed,3.630000000000011,3.630000000000011,3.630000000000011
2140,lws,fixed,3.6600000000000112,3.6600000000000112,3.6600000000000112
2141,lws,fixed,3.6900000000000115,3.6900000000000115,3.6900000000000115
2142,lws,fixed,3.7200000000000113,3.7200000000000113,3.7200000000000113
2143,lws,fixed,3.7500000000000115,3.7500000000000115,3.7500000000000115
2144,lws,fixed,3.780000000000012,3.780000000000012,3.780000000000012
2145,lws,fixed,3.810000000000012,3.810000000000012,3.810000000000012
2146,lws,fixed,3.8400000000000123,3.8400000000000123,3.8400000000000123
2147,lws,fixed,3.8700000000000125,3.8700000000000125,3.8700000000000125
2148,lws,fixed,3.9000000000000123,3.9000000000000123,3.9000000000000123
2149,lws,fixed,3.9300000000000126,3.9300000000000126,3.9300000000000126
2150,lws,fixed,3.960000000000013,3.960000000000013,3.960000000000013
2151,lws,fixed,3.990000000000013,3.990000000000013,3.990000000000013
2152,lws,fixed,4.020000000000013,4.020000000000013,4.020000000000013
2153,lws,fixed,4.050000000000013,4.050000000000013,4.050000000000013
2154,lws,fixed,4.080000000000013,4.080000000000013,4.080000000000013
2155,lws,fixed,4.110000000000014,4.110000000000014,4.110000000000014
2156,lws,fixed,4.140000000000014,4.140000000000014,4.140000000000014
2157,lws,fixed,4.170000000000014,4.170000000000014,4.170000000000014
2158,lws,fixed,4.200000000000014,4.200000000000014,4.200000000000014
2159,lws,fixed,4.230000000000015,4.230000000000015,4.230000000000015
2160,lws,fixed,4.260000000000015,4.260000000000015,4.260000000000015
2161,lws,fixed,4.290000000000014,4.290000000000014,4.290000000000014
2162,lws,fixed,4.3200000000000145,4.3200000000000145,4.3200000000000145
2163,lws,fixed,4.350000000000015,4.350000000000015,4.350000000000015
2164,lws,fixed,4.380000000000015,4.380000000000015,4.380000000000015
2165,lws,fixed,4.410000000000015,4.410000000000015,4.410000000000015
2166,lws,fixed,4.4400000000000155,4.4400000000000155,4.4400000000000155
2167,lws,fixed,4.470000000000016,4.470000000000016,4.470000000000016
2168,lws,fixed,4.500000000000016,4.500000000000016,4.500000000000016
2169,lws,fixed,4.530000000000016,4.530000000000016,4.530000000000016
2170,lws,fixed,4.5600000000000165,4.5600000000000165,4.5600000000000165
2171,lws,fixed,4.590000000000016,4.590000000000016,4.590000000000016
2172,lws,fixed,4.620000000000016,4.620000000000016,4.620000000000016
2173,lws,fixed,4.650000000000016,4.650000000000016,4.650000000000016
2174,lws,fixed,4.680000000000017,4.680000000000017,4.680000000000017
2175,lws,fixed,4.710000000000017,4.710000000000017,4.710000000000017
2176,lws,fixed,4.740000000000017,4.740000000000017,4.740000000000017
2177,lws,fixed,4.770000000000017,4.770000000000017,4.770000000000017
2178,lws,fixed,4.800000000000018,4.800000000000018,4.800000000000018
2179,lws,fixed,4.830000000000018,4.830000000000018,4.830000000000018
2180,lws,fixed,4.860000000000018,4.860000000000018,4.860000000000018
2181,lws,fixed,4.890000000000018,4.890000000000018,4.890000000000018
2182,lws,fixed,4.920000000000018,4.920000000000018,4.920000000000018
2183,lws,fixed,4.950000000000018,4.950000000000018,4.950000000000018
2184,lws,fixed,4.980000000000018,4.980000000000018,4.980000000000018
2185,lws,fixed,5.010000000000018,5.010000000000018,5.010000000000018
2186,lws,fixed,5.040000000000019,5.040000000000019,5.040000000000019
2187,lws,fixed,5.070000000000019,5.070000000000019,5.070000000000019
2188,lws,fixed,5.100000000000019,5.100000000000019,5.100000000000019
2189,lws,fixed,5.130000000000019,5.130000000000019,5.130000000000019
2190,lws,fixed,5.16000000000002,5.16000000000002,5.16000000000002
2191,lws,fixed,5.19000000000002,5.19000000000002,5.19000000000002
2192,lws,fixed,5.22000000000002,5.22000000000002,5.22000000000002
2193,lws,fixed,5.2500000000000195,5.2500000000000195,5.2500000000000195
2194,lws,fixed,5.28000000000002,5.28000000000002,5.28000000000002
2195,lws,fixed,5.31000000000002,5.31000000000002,5.31000000000002
2196,lws,fixed,5.34000000000002,5.34000000000002,5.34000000000002
2197,lws,fixed,5.3700000000000205,5.3700000000000205,5.3700000000000205
2198,lws,fixed,5.400000000000021,5.400000000000021,5.400000000000021
2199,lws,fixed,5.430000000000021,5.430000000000021,5.430000000000021
2200,lws,fixed,5.460000000000021,5.460000000000021,5.460000000000021
2201,lws,fixed,5.4900000000000215,5.4900000000000215,5.4900000000000215
2202,lws,fixed,5.520000000000022,5.520000000000022,5.520000000000022
2203,lws,fixed,5.550000000000022,5.550000000000022,5.550000000000022
2204,lws,fixed,5.580000000000021,5.580000000000021,5.580000000000021
2205,lws,fixed,5.610000000000022,5.610000000000022,5.610000000000022
2206,lws,fixed,5.640000000000022,5.640000000000022,5.640000000000022
2207,lws,fixed,5.670000000000022,5.670000000000022,5.670000000000022
2208,lws,fixed,5.700000000000022,5.700000000000022,5.700000000000022
2209,lws,fixed,5.730000000000023,5.730000000000023,5.730000000000023
2210,lws,fixed,5.760000000000023,5.760000000000023,5.760000000000023
2211,lws,fixed,5.790000000000023,5.790000000000023,5.790000000000023
2212,lws,fixed,5.820000000000023,5.820000000000023,5.820000000000023
2213,lws,fixed,5.850000000000024,5.850000000000024,5.850000000000024
2214,lws,fixed,5.880000000000023,5.880000000000023,5.880000000000023
2215,lws,fixed,5.910000000000023,5.910000000000023,5.910000000000023
2216,lws,fixed,5.9400000000000235,5.9400000000000235,5.9400000000000235
2217,lws,fixed,5.970000000000024,5.970000000000024,5.970000000000024
2218,lws,fixed,6.000000000000024,6.000000000000024,6.000000000000024
2219,lws,fixed,6.030000000000024,6.030000000000024,6.030000000000024
2220,lws,fixed,6.0600000000000245,6.0600000000000245,6.0600000000000245
2221,lws,fixed,6.090000000000025,6.090000000000025,6.090000000000025
2222,lws,fixed,6.120000000000025,6.120000000000025,6.120000000000025
2223,lws,fixed,6.150000000000025,6.150000000000025,6.150000000000025
2224,lws,fixed,6.1800000000000255,6.1800000000000255,6.1800000000000255
2225,lws,fixed,6.210000000000025,6.210000000000025,6.210000000000025
2226,lws,fixed,6.240000000000025,6.240000000000025,6.240000000000025
2227,lws,fixed,6.270000000000025,6.270000000000025,6.270000000000025
2228,lws,fixed,6.300000000000025,6.300000000000025,6.300000000000025
2229,lws,fixed,6.330000000000025,6.330000000000025,6.330000000000025
2230,lws,fixed,6.360000000000024,6.360000000000024,6.360000000000024
2231,lws,fixed,6.390000000000024,6.390000000000024,6.390000000000024
2232,lws,fixed,6.420000000000023,6.420000000000023,6.420000000000023
2233,lws,fixed,6.450000000000022,6.450000000000022,6.450000000000022
2234,lws,fixed,6.480000000000022,6.480000000000022,6.480000000000022
2235,lws,fixed,6.510000000000021,6.510000000000021,6.510000000000021
2236,lws,fixed,6.5400000000000205,6.5400000000000205,6.5400000000000205
2237,lws,fixed,6.57000000000002,6.57000000000002,6.57000000000002
2238,lws,fixed,6.60000000000002,6.60000000000002,6.60000000000002
2239,lws,fixed,6.630000000000019,6.630000000000019,6.630000000000019
2240,lws,fixed,6.660000000000019,6.660000000000019,6.660000000000019
2241,lws,fixed,6.690000000000018,6.690000000000018,6.690000000000018
2242,lws,fixed,6.7200000000000175,6.7200000000000175,6.7200000000000175
2243,lws,fixed,6.750000000000017,6.750000000000017,6.750000000000017
2244,lws,fixed,6.780000000000016,6.780000000000016,6.780000000000016
2245,lws,fixed,6.8100000000000165,6.8100000000000165,6.8100000000000165
2246,lws,fixed,6.840000000000016,6.840000000000016,6.840000000000016
2247,lws,fixed,6.870000000000015,6.870000000000015,6.870000000000015
2248,lws,fixed,6.900000000000015,6.900000000000015,6.900000000000015
2249,lws,fixed,6.930000000000014,6.930000000000014,6.930000000000014
2250,lws,fixed,6.960000000000013,6.960000000000013,6.960000000000013
2251,lws,fixed,6.990000000000013,6.990000000000013,6.990000000000013
2252,lws,fixed,7.020000000000012,7.020000000000012,7.020000000000012
2253,lws,fixed,7.050000000000011,7.050000000000011,7.050000000000011
2254,lws,fixed,7.080000000000012,7.080000000000012,7.080000000000012
2255,lws,fixed,7.110000000000011,7.110000000000011,7.110000000000011
2256,lws,fixed,7.14000000000001,7.14000000000001,7.14000000000001
2257,lws,fixed,7.17000000000001,7.17000000000001,7.17000000000001
2258,lws,fixed,7.200000000000009,7.200000000000009,7.200000000000009
2259,lws,fixed,7.230000000000008,7.230000000000008,7.230000000000008
2260,lws,fixed,7.260000000000008,7.260000000000008,7.260000000000008
2261,lws,fixed,7.290000000000008,7.290000000000008,7.290000000000008
2262,lws,fixed,7.320000000000007,7.320000000000007,7.320000000000007
2263,lws,fixed,7.350000000000007,7.350000000000007,7.350000000000007
2264,lws,fixed,7.380000000000006,7.380000000000006,7.380000000000006
2265,lws,fixed,7.4100000000000055,7.4100000000000055,7.4100000000000055
2266,lws,fixed,7.440000000000005,7.440000000000005,7.440000000000005
2267,lws,fixed,7.470000000000004,7.470000000000004,7.470000000000004
2268,lws,fixed,7.5000000000000036,7.5000000000000036,7.5000000000000036
2269,lws,fixed,7.530000000000003,7.530000000000003,7.530000000000003
2270,lws,fixed,7.560000000000003,7.560000000000003,7.560000000000003
2271,lws,fixed,7.5900000000000025,7.5900000000000025,7.5900000000000025
2272,lws,fixed,7.620000000000002,7.620000000000002,7.620000000000002
2273,lws,fixed,7.650000000000001,7.650000000000001,7.650000000000001
2274,lws,fixed,7.680000000000001,7.680000000000001,7.680000000000001
2275,lws,fixed,7.71,7.71,7.71
2276,lws,fixed,7.739999999999999,7.739999999999999,7.739999999999999
2277,lws,fixed,7.77,7.77,7.77
2278,lws,fixed,7.799999999999999,7.799999999999999,7.799999999999999
2279,lws,fixed,7.829999999999998,7.829999999999998,7.829999999999998
2280,lws,fixed,7.859999999999998,7.859999999999998,7.859999999999998
2281,lws,fixed,7.889999999999997,7.889999999999997,7.889999999999997
2282,lws,fixed,7.919999999999996,7.919999999999996,7.919999999999996
2283,lws,fixed,7.949999999999996,7.949999999999996,7.949999999999996
2284,lws,fixed,7.979999999999995,7.979999999999995,7.979999999999995
2285,lws,fixed,8.009999999999994,8.009999999999994,8.009999999999994
2286,lws,fixed,8.039999999999994,8.039999999999994,8.039999999999994
2287,lws,fixed,8.069999999999993,8.069999999999993,8.069999999999993
2288,lws,fixed,8.099999999999993,8.099999999999993,8.099999999999993
2289,lws,fixed,8.129999999999992,8.129999999999992,8.129999999999992
2290,lws,fixed,8.159999999999993,8.159999999999993,8.159999999999993
2291,lws,fixed,8.189999999999992,8.189999999999992,8.189999999999992
2292,lws,fixed,8.219999999999992,8.219999999999992,8.219999999999992
2293,lws,fixed,8.249999999999991,8.249999999999991,8.249999999999991
2294,lws,fixed,8.27999999999999,8.27999999999999,8.27999999999999
2295,lws,fixed,8.30999999999999,8.30999999999999,8.30999999999999
2296,lws,fixed,8.33999999999999,8.33999999999999,8.33999999999999
2297,lws,fixed,8.369999999999989,8.369999999999989,8.369999999999989
2298,lws,fixed,8.399999999999988,8.399999999999988,8.399999999999988
2299,lws,fixed,8.429999999999987,8.429999999999987,8.429999999999987
2300,lws,fixed,8.459999999999987,8.459999999999987,8.459999999999987
1990,lws,joint,0.0,0.0,0.0
1991,lws,joint,0.0,0.0,0.0
1992,lws,joint,0.0,0.0,0.0
1993,lws,joint,0.0,0.0,0.0
1994,lws,joint,0.0,0.0,0.0
1995,lws,joint,0.0,0.0,0.0
1996,lws,joint,0.0,0.0,0.0
1997,lws,joint,0.0,0.0,0.0
1998,lws,joint,0.0,0.0,0.0
1999,lws,joint,0.0,0.0,0.0
2000,lws,joint,0.0,0.0,0.0
2001,lws,joint,0.0,0.0,0.0
2002,lws,joint,0.0,0.0,0.0
2003,lws,joint,0.0,0.0,0.0
2004,lws,joint,0.0,0.0,0.0
2005,lws,joint,0.0,0.0,0.0
2006,lws,joint,0.0,0.0,0.0
2007,lws,joint,0.0,0.0,0.0
2008,lws,joint,0.0,0.0,0.0
2009,lws,joint,0.0,0.0,0.0
2010,lws,joint,0.0,0.0,0.0
2011,lws,joint,0.0,0.0,0.0
2012,lws,joint,0.0,0.0,0.0
2013,lws,joint,0.0,0.0,0.0
2014,lws,joint,0.0,0.0,0.0
2015,lws,joint,0.0,0.0,0.0
2016,lws,joint,0.0,0.0,0.0
2017,lws,joint,0.0,0.0,0.0
2018,lws,joint,0.0,0.0,0.0
2019,lws,joint,0.03,0.03,0.03
2020,lws,joint,0.06,0.06,0.06
2021,lws,joint,0.09,0.09,0.09
2022,lws,joint,0.12,0.12,0.12
2023,lws,joint,0.15,0.15,0.15
2024,lws,joint,0.17999999999999997,0.17999999999999997,0.17999999999999997
2025,lws,joint,0.21,0.21,0.21
2026,lws,joint,0.24,0.24,0.24
2027,lws,joint,0.26999999999999996,0.26999999999999996,0.26999999999999996
2028,lws,joint,0.3,0.3,0.3
2029,lws,joint,0.32999999999999996,0.32999999999999996,0.32999999999999996
2030,lws,joint,0.35999999999999993,0.35999999999999993,0.35999999999999993
2031,lws,joint,0.38999999999999996,0.38999999999999996,0.38999999999999996
2032,lws,joint,0.42,0.42,0.42
2033,lws,joint,0.44999999999999996,0.44999999999999996,0.44999999999999996
2034,lws,joint,0.48,0.48,0.48
2035,lws,joint,0.5099999999999999,0.5099999999999999,0.5099999999999999
2036,lws,joint,0.5399999999999999,0.5399999999999999,0.5399999999999999
2037,lws,joint,0.57,0.57,0.57
2038,lws,joint,0.6,0.6,0.6
2039,lws,joint,0.6299999999999999,0.6299999999999999,0.6299999999999999
2040,lws,joint,0.6599999999999999,0.6599999999999999,0.6599999999999999
2041,lws,joint,0.69,0.69,0.69
2042,lws,joint,0.7199999999999999,0.7199999999999999,0.7199999999999999
2043,lws,joint,0.7499999999999999,0.7499999999999999,0.7499999999999999
2044,lws,joint,0.7799999999999999,0.7799999999999999,0.7799999999999999
2045,lws,joint,0.8099999999999999,0.8099999999999999,0.8099999999999999
2046,lws,joint,0.84,0.84,0.84
2047,lws,joint,0.8699999999999999,0.8699999999999999,0.8699999999999999
2048,lws,joint,0.8999999999999999,0.8999999999999999,0.8999999999999999
2049,lws,joint,0.9299999999999999,0.9299999999999999,0.9299999999999999
2050,lws,joint,0.96,0.96,0.96
2051,lws,joint,0.9899999999999999,0.9899999999999999,0.9899999999999999
2052,lws,joint,1.0199999999999998,1.0199999999999998,1.0199999999999998
2053,lws,joint,1.0499999999999998,1.0499999999999998,1.0499999999999998
2054,lws,joint,1.0799999999999998,1.0799999999999998,1.0799999999999998
2055,lws,joint,1.1099999999999999,1.1099999999999999,1.1099999999999999
2056,lws,joint,1.14,1.14,1.14
2057,lws,joint,1.17,1.17,1.17
2058,lws,joint,1.2,1.2,1.2
2059,lws,joint,1.2299999999999998,1.2299999999999998,1.2299999999999998
2060,lws,joint,1.2599999999999998,1.2599999999999998,1.2599999999999998
2061,lws,joint,1.2899999999999998,1.2899999999999998,1.2899999999999998
2062,lws,joint,1.3199999999999998,1.3199999999999998,1.3199999999999998
2063,lws,joint,1.3499999999999999,1.3499999999999999,1.3499999999999999
2064,lws,joint,1.38,1.38,1.38
2065,lws,joint,1.4099999999999997,1.4099999999999997,1.4099999999999997
2066,lws,joint,1.4399999999999997,1.4399999999999997,1.4399999999999997
2067,lws,joint,1.4699999999999998,1.4699999999999998,1.4699999999999998
2068,lws,joint,1.4999999999999998,1.4999999999999998,1.4999999999999998
2069,lws,joint,1.5299999999999998,1.5299999999999998,1.5299999999999998
2070,lws,joint,1.5599999999999998,1.5599999999999998,1.5599999999999998
2071,lws,joint,1.5899999999999999,1.5899999999999999,1.5899999999999999
2072,lws,joint,1.6199999999999999,1.6199999999999999,1.6199999999999999
2073,lws,joint,1.6500000000000001,1.6500000000000001,1.6500000000000001
2074,lws,joint,1.6800000000000002,1.6800000000000002,1.6800000000000002
2075,lws,joint,1.7100000000000004,1.7100000000000004,1.7100000000000004
2076,lws,joint,1.7400000000000007,1.7400000000000007,1.7400000000000007
2077,lws,joint,1.7700000000000007,1.7700000000000007,1.7700000000000007
2078,lws,joint,1.800000000000001,1.800000000000001,1.800000000000001
2079,lws,joint,1.830000000000001,1.830000000000001,1.830000000000001
2080,lws,joint,1.8600000000000012,1.8600000000000012,1.8600000000000012
2081,lws,joint,1.8900000000000015,1.8900000000000015,1.8900000000000015
2082,lws,joint,1.9200000000000015,1.9200000000000015,1.9200000000000015
2083,lws,joint,1.9500000000000017,1.9500000000000017,1.9500000000000017
2084,lws,joint,1.980000000000002,1.980000000000002,1.980000000000002
2085,lws,joint,2.010000000000002,2.010000000000002,2.010000000000002
2086,lws,joint,2.0400000000000023,2.0400000000000023,2.0400000000000023
2087,lws,joint,2.0700000000000025,2.0700000000000025,2.0700000000000025
2088,lws,joint,2.1000000000000028,2.1000000000000028,2.1000000000000028
2089,lws,joint,2.1300000000000026,2.1300000000000026,2.1300000000000026
2090,lws,joint,2.160000000000003,2.160000000000003,2.160000000000003
2091,lws,joint,2.190000000000003,2.190000000000003,2.190000000000003
2092,lws,joint,2.2200000000000033,2.2200000000000033,2.2200000000000033
2093,lws,joint,2.2500000000000036,2.2500000000000036,2.2500000000000036
2094,lws,joint,2.2800000000000034,2.2800000000000034,2.2800000000000034
2095,lws,joint,2.3100000000000036,2.3100000000000036,2.3100000000000036
2096,lws,joint,2.340000000000004,2.340000000000004,2.340000000000004
2097,lws,joint,2.370000000000004,2.370000000000004,2.370000000000004
2098,lws,joint,2.4000000000000044,2.4000000000000044,2.4000000000000044
2099,lws,joint,2.430000000000004,2.430000000000004,2.430000000000004
2100,lws,joint,2.4600000000000044,2.4600000000000044,2.4600000000000044
2101,lws,joint,2.4900000000000047,2.4900000000000047,2.4900000000000047
2102,lws,joint,2.520000000000005,2.520000000000005,2.520000000000005
2103,lws,joint,2.550000000000005,2.550000000000005,2.550000000000005
2104,lws,joint,2.5800000000000054,2.5800000000000054,2.5800000000000054
2105,lws,joint,2.610000000000005,2.610000000000005,2.610000000000005
2106,lws,joint,2.6400000000000055,2.6400000000000055,2.6400000000000055
2107,lws,joint,2.6700000000000057,2.6700000000000057,2.6700000000000057
2108,lws,joint,2.700000000000006,2.700000000000006,2.700000000000006
2109,lws,joint,2.730000000000006,2.730000000000006,2.730000000000006
2110,lws,joint,2.760000000000006,2.760000000000006,2.760000000000006
2111,lws,joint,2.7900000000000063,2.7900000000000063,2.7900000000000063
2112,lws,joint,2.8200000000000065,2.8200000000000065,2.8200000000000065
2113,lws,joint,2.8500000000000068,2.8500000000000068,2.8500000000000068
2114,lws,joint,2.880000000000007,2.880000000000007,2.880000000000007
2115,lws,joint,2.9100000000000072,2.9100000000000072,2.9100000000000072
2116,lws,joint,2.940000000000007,2.940000000000007,2.940000000000007
2117,lws,joint,2.9700000000000073,2.9700000000000073,2.9700000000000073
2118,lws,joint,3.0000000000000075,3.0000000000000075,3.0000000000000075
2119,lws,joint,3.030000000000008,3.030000000000008,3.030000000000008
2120,lws,joint,3.060000000000008,3.060000000000008,3.060000000000008
2121,lws,joint,3.090000000000008,3.090000000000008,3.090000000000008
2122,lws,joint,3.120000000000008,3.120000000000008,3.120000000000008
2123,lws,joint,3.1500000000000083,3.1500000000000083,3.1500000000000083
2124,lws,joint,3.1800000000000086,3.1800000000000086,3.1800000000000086
2125,lws,joint,3.210000000000009,3.210000000000009,3.210000000000009
2126,lws,joint,3.2400000000000087,3.2400000000000087,3.2400000000000087
2127,lws,joint,3.270000000000009,3.270000000000009,3.270000000000009
2128,lws,joint,3.300000000000009,3.300000000000009,3.300000000000009
2129,lws,joint,3.3300000000000094,3.3300000000000094,3.3300000000000094
2130,lws,joint,3.3600000000000096,3.3600000000000096,3.3600000000000096
2131,lws,joint,3.3900000000000095,3.3900000000000095,3.3900000000000095
2132,lws,joint,3.4200000000000097,3.4200000000000097,3.4200000000000097
2133,lws,joint,3.45000000000001,3.45000000000001,3.45000000000001
2134,lws,joint,3.48000000000001,3.48000000000001,3.48000000000001
2135,lws,joint,3.5100000000000104,3.5100000000000104,3.5100000000000104
2136,lws,joint,3.5400000000000107,3.5400000000000107,3.5400000000000107
2137,lws,joint,3.5700000000000105,3.5700000000000105,3.5700000000000105
2138,lws,joint,3.6000000000000107,3.6000000000000107,3.6000000000000107
2139,lws,joint,3.630000000000011,3.630000000000011,3.630000000000011
2140,lws,joint,3.6600000000000112,3.6600000000000112,3.6600000000000112
2141,lws,joint,3.6900000000000115,3.6900000000000115,3.6900000000000115
2142,lws,joint,3.7200000000000113,3.7200000000000113,3.7200000000000113
2143,lws,joint,3.7500000000000115,3.7500000000000115,3.7500000000000115
2144,lws,joint,3.780000000000012,3.780000000000012,3.780000000000012
2145,lws,joint,3.810000000000012,3.810000000000012,3.810000000000012
2146,lws,joint,3.8400000000000123,3.8400000000000123,3.8400000000000123
2147,lws,joint,3.8700000000000125,3.8700000000000125,3.8700000000000125
2148,lws,joint,3.9000000000000123,3.9000000000000123,3.9000000000000123
2149,lws,joint,3.9300000000000126,3.9300000000000126,3.9300000000000126
2150,lws,joint,3.960000000000013,3.960000000000013,3.960000000000013
2151,lws,joint,3.990000000000013,3.990000000000013,3.990000000000013
2152,lws,joint,4.020000000000013,4.020000000000013,4.020000000000013
2153,lws,joint,4.050000000000013,4.050000000000013,4.050000000000013
2154,lws,joint,4.080000000000013,4.080000000000013,4.080000000000013
2155,lws,joint,4.110000000000014,4.110000000000014,4.110000000000014
2156,lws,joint,4.140000000000014,4.140000000000014,4.140000000000014
2157,lws,joint,4.170000000000014,4.170000000000014,4.170000000000014
2158,lws,joint,4.200000000000014,4.200000000000014,4.200000000000014
2159,lws,joint,4.230000000000015,4.230000000000015,4.230000000000015
2160,lws,joint,4.260000000000015,4.260000000000015,4.260000000000015
2161,lws,joint,4.290000000000014,4.290000000000014,4.290000000000014
2162,lws,joint,4.3200000000000145,4.3200000000000145,4.3200000000000145
2163,lws,joint,4.350000000000015,4.350000000000015,4.350000000000015
2164,lws,joint,4.380000000000015,4.380000000000015,4.380000000000015
2165,lws,joint,4.410000000000015,4.410000000000015,4.410000000000015
2166,lws,joint,4.4400000000000155,4.4400000000000155,4.4400000000000155
2167,lws,joint,4.470000000000016,4.470000000000016,4.470000000000016
2168,lws,joint,4.500000000000016,4.500000000000016,4.500000000000016
2169,lws,joint,4.530000000000016,4.530000000000016,4.530000000000016
2170,lws,joint,4.5600000000000165,4.5600000000000165,4.5600000000000165
2171,lws,joint,4.590000000000016,4.590000000000016,4.590000000000016
2172,lws,joint,4.620000000000016,4.620000000000016,4.620000000000016
2173,lws,joint,4.650000000000016,4.650000000000016,4.650000000000016
2174,lws,joint,4.680000000000017,4.680000000000017,4.680000000000017
2175,lws,joint,4.710000000000017,4.710000000000017,4.710000000000017
2176,lws,joint,4.740000000000017,4.740000000000017,4.740000000000017
2177,lws,joint,4.770000000000017,4.770000000000017,4.770000000000017
2178,lws,joint,4.800000000000018,4.800000000000018,4.800000000000018
2179,lws,joint,4.830000000000018,4.830000000000018,4.830000000000018
2180,lws,joint,4.860000000000018,4.860000000000018,4.860000000000018
2181,lws,joint,4.890000000000018,4.890000000000018,4.890000000000018
2182,lws,joint,4.920000000000018,4.920000000000018,4.920000000000018
2183,lws,joint,4.950000000000018,4.950000000000018,4.950000000000018
2184,lws,joint,4.980000000000018,4.980000000000018,4.980000000000018
2185,lws,joint,5.010000000000018,5.010000000000018,5.010000000000018
2186,lws,joint,5.040000000000019,5.040000000000019,5.040000000000019
2187,lws,joint,5.070000000000019,5.070000000000019,5.070000000000019
2188,lws,joint,5.100000000000019,5.100000000000019,5.100000000000019
2189,lws,joint,5.130000000000019,5.130000000000019,5.130000000000019
2190,lws,joint,5.16000000000002,5.16000000000002,5.16000000000002
2191,lws,joint,5.19000000000002,5.19000000000002,5.19000000000002
2192,lws,joint,5.22000000000002,5.22000000000002,5.22000000000002
2193,lws,joint,5.2500000000000195,5.2500000000000195,5.2500000000000195
2194,lws,joint,5.28000000000002,5.28000000000002,5.28000000000002
2195,lws,joint,5.31000000000002,5.31000000000002,5.31000000000002
2196,lws,joint,5.34000000000002,5.34000000000002,5.34000000000002
2197,lws,joint,5.3700000000000205,5.3700000000000205,5.3700000000000205
2198,lws,joint,5.400000000000021,5.400000000000021,5.400000000000021
2199,lws,joint,5.430000000000021,5.430000000000021,5.430000000000021
2200,lws,joint,5.460000000000021,5.460000000000021,5.460000000000021
2201,lws,joint,5.4900000000000215,5.4900000000000215,5.4900000000000215
2202,lws,joint,5.520000000000022,5.520000000000022,5.520000000000022
2203,lws,joint,5.550000000000022,5.550000000000022,5.550000000000022
2204,lws,joint,5.580000000000021,5.580000000000021,5.580000000000021
2205,lws,joint,5.610000000000022,5.610000000000022,5.610000000000022
2206,lws,joint,5.640000000000022,5.640000000000022,5.640000000000022
2207,lws,joint,5.670000000000022,5.670000000000022,5.670000000000022
2208,lws,joint,5.700000000000022,5.700000000000022,5.700000000000022
2209,lws,joint,5.730000000000023,5.730000000000023,5.730000000000023
2210,lws,joint,5.760000000000023,5.760000000000023,5.760000000000023
2211,lws,joint,5.790000000000023,5.790000000000023,5.790000000000023
2212,lws,joint,5.820000000000023,5.820000000000023,5.820000000000023
2213,lws,joint,5.850000000000024,5.850000000000024,5.850000000000024
2214,lws,joint,5.880000000000023,5.880000000000023,5.880000000000023
2215,lws,joint,5.910000000000023,5.910000000000023,5.910000000000023
2216,lws,joint,5.9400000000000235,5.9400000000000235,5.9400000000000235
2217,lws,joint,5.970000000000024,5.970000000000024,5.970000000000024
2218,lws,joint,6.000000000000024,6.000000000000024,6.000000000000024
2219,lws,joint,6.030000000000024,6.030000000000024,6.030000000000024
2220,lws,joint,6.0600000000000245,6.0600000000000245,6.0600000000000245
2221,lws,joint,6.090000000000025,6.090000000000025,6.090000000000025
2222,lws,joint,6.120000000000025,6.120000000000025,6.120000000000025
2223,lws,joint,6.150000000000025,6.150000000000025,6.150000000000025
2224,lws,joint,6.1800000000000255,6.1800000000000255,6.1800000000000255
2225,lws,joint,6.210000000000025,6.210000000000025,6.210000000000025
2226,lws,joint,6.240000000000025,6.240000000000025,6.240000000000025
2227,lws,joint,6.270000000000025,6.270000000000025,6.270000000000025
2228,lws,joint,6.300000000000025,6.300000000000025,6.300000000000025
2229,lws,joint,6.330000000000025,6.330000000000025,6.330000000000025
2230,lws,joint,6.360000000000024,6.360000000000024,6.360000000000024
2231,lws,joint,6.390000000000024,6.390000000000024,6.390000000000024
2232,lws,joint,6.420000000000023,6.420000000000023,6.420000000000023
2233,lws,joint,6.450000000000022,6.450000000000022,6.450000000000022
2234,lws,joint,6.480000000000022,6.480000000000022,6.480000000000022
2235,lws,joint,6.510000000000021,6.510000000000021,6.510000000000021
2236,lws,joint,6.5400000000000205,6.5400000000000205,6.5400000000000205
2237,lws,joint,6.57000000000002,6.57000000000002,6.57000000000002
2238,lws,joint,6.60000000000002,6.60000000000002,6.60000000000002
2239,lws,joint,6.630000000000019,6.630000000000019,6.630000000000019
2240,lws,joint,6.660000000000019,6.660000000000019,6.660000000000019
2241,lws,joint,6.690000000000018,6.690000000000018,6.690000000000018
2242,lws,joint,6.7200000000000175,6.7200000000000175,6.7200000000000175
2243,lws,joint,6.750000000000017,6.750000000000017,6.750000000000017
2244,lws,joint,6.780000000000016,6.780000000000016,6.780000000000016
2245,lws,joint,6.8100000000000165,6.8100000000000165,6.8100000000000165
2246,lws,joint,6.840000000000016,6.840000000000016,6.840000000000016
2247,lws,joint,6.870000000000015,6.870000000000015,6.870000000000015
2248,lws,joint,6.900000000000015,6.900000000000015,6.900000000000015
2249,lws,joint,6.930000000000014,6.930000000000014,6.930000000000014
2250,lws,joint,6.960000000000013,6.960000000000013,6.960000000000013
2251,lws,joint,6.990000000000013,6.990000000000013,6.990000000000013
2252,lws,joint,7.020000000000012,7.020000000000012,7.020000000000012
2253,lws,joint,7.050000000000011,7.050000000000011,7.050000000000011
2254,lws,joint,7.080000000000012,7.080000000000012,7.080000000000012
2255,lws,joint,7.110000000000011,7.110000000000011,7.110000000000011
2256,lws,joint,7.14000000000001,7.14000000000001,7.14000000000001
2257,lws,joint,7.17000000000001,7.17000000000001,7.17000000000001
2258,lws,joint,7.200000000000009,7.200000000000009,7.200000000000009
2259,lws,joint,7.230000000000008,7.230000000000008,7.230000000000008
2260,lws,joint,7.260000000000008,7.260000000000008,7.260000000000008
2261,lws,joint,7.290000000000008,7.290000000000008,7.290000000000008
2262,lws,joint,7.320000000000007,7.320000000000007,7.320000000000007
2263,lws,joint,7.350000000000007,7.350000000000007,7.350000000000007
2264,lws,joint,7.380000000000006,7.380000000000006,7.380000000000006
2265,lws,joint,7.4100000000000055,7.4100000000000055,7.4100000000000055
2266,lws,joint,7.440000000000005,7.440000000000005,7.440000000000005
2267,lws,joint,7.470000000000004,7.470000000000004,7.470000000000004
2268,lws,joint,7.5000000000000036,7.5000000000000036,7.5000000000000036
2269,lws,joint,7.530000000000003,7.530000000000003,7.530000000000003
2270,lws,joint,7.560000000000003,7.560000000000003,7.560000000000003
2271,lws,joint,7.5900000000000025,7.5900000000000025,7.5900000000000025
2272,lws,joint,7.620000000000002,7.620000000000002,7.620000000000002
2273,lws,joint,7.650000000000001,7.650000000000001,7.650000000000001
2274,lws,joint,7.680000000000001,7.680000000000001,7.680000000000001
2275,lws,joint,7.71,7.71,7.71
2276,lws,joint,7.739999999999999,7.739999999999999,7.739999999999999
2277,lws,joint,7.77,7.77,7.77
2278,lws,joint,7.799999999999999,7.799999999999999,7.799999999999999
2279,lws,joint,7.829999999999998,7.829999999999998,7.829999999999998
2280,lws,joint,7.859999999999998,7.859999999999998,7.859999999999998
2281,lws,joint,7.889999999999997,7.889999999999997,7.889999999999997
2282,lws,joint,7.919999999999996,7.919999999999996,7.919999999999996
2283,lws,joint,7.949999999999996,7.949999999999996,7.949999999999996
2284,lws,joint,7.979999999999995,7.979999999999995,7.979999999999995
2285,lws,joint,8.009999999999994,8.009999999999994,8.009999999999994
2286,lws,joint,8.039999999999994,8.039999999999994,8.039999999999994
2287,lws,joint,8.069999999999993,8.069999999999993,8.069999999999993
2288,lws,joint,8.099999999999993,8.099999999999993,8.099999999999993
2289,lws,joint,8.129999999999992,8.129999999999992,8.129999999999992
2290,lws,joint,8.159999999999993,8.159999999999993,8.159999999999993
2291,lws,joint,8.189999999999992,8.189999999999992,8.189999999999992
2292,lws,joint,8.219999999999992,8.219999999999992,8.219999999999992
2293,lws,joint,8.249999999999991,8.249999999999991,8.249999999999991
2294,lws,joint,8.27999999999999,8.27999999999999,8.27999999999999
2295,lws,joint,8.30999999999999,8.30999999999999,8.30999999999999
2296,lws,joint,8.33999999999999,8.33999999999999,8.33999999999999
2297,lws,joint,8.369999999999989,8.369999999999989,8.369999999999989
2298,lws,joint,8.399999999999988,8.399999999999988,8.399999999999988
2299,lws,joint,8.429999999999987,8.429999999999987,8.429999999999987
2300,lws,joint,8.459999999999987,8.459999999999987,8.459999999999987
1990,total,fixed,-2.9274777893690187,-3.1887632812606217,-2.6889195106835118
1991,total,fixed,-2.773144421273086,-3.022482851808572,-2.5513415982089525
1992,total,fixed,-2.6970339904071494,-2.9308146477151142,-2.4846000235526704
1993,total,fixed,-2.859873342574943,-3.0994128542438815,-2.642709187855397
1994,total,fixed,-2.8131471453667807,-3.0401492615851415,-2.6070273237570563
1995,total,fixed,-2.641500209141017,-2.8544584180065105,-2.448865130422506
1996,total,fixed,-2.4395692022876085,-2.634567261718681,-2.263649800868371
1997,total,fixed,-2.202275270398733,-2.3784860251541526,-2.0413417473376816
1998,total,fixed,-1.9688750114542355,-2.1229390500128953,-1.8244886464630168
1999,total,fixed,-1.681387033674084,-1.8057237151778565,-1.564828940355154
2000,total,fixed,-1.4379147563721562,-1.5457411568790869,-1.3402490717834274
2001,total,fixed,-1.1510307975656575,-1.2373126228016198,-1.0719732460587041
2002,total,fixed,-0.8489250487762723,-0.9139655744724364,-0.7897941405799315
2003,total,fixed,-0.5509328579631818,-0.5949008916784285,-0.5115363350098207
2004,total,fixed,-0.18720078431932397,-0.20981800012289342,-0.1701711803388414
2005,total,fixed,0.10257907596119065,0.0824612368483355,0.1190966317569801
2006,total,fixed,0.4306441365529077,0.3981920913794224,0.4668658812263617
2007,total,fixed,0.726773937244781,0.6721257343266521,0.7878761326059133
2008,total,fixed,1.0186329154087188,0.9433497753789167,1.1016268979734227
2009,total,fixed,1.2698593281950918,1.17915079711409,1.3721582513063117
2010,total,fixed,1.5565626882126633,1.4451417584479038,1.6825314399572995
2011,total,fixed,2.0485609977245263,1.9074520318074217,2.2059763768983176
2012,total,fixed,2.328083275769986,2.1670869084227053,2.5092140521036206
2013,total,fixed,2.656051758457955,2.4763269479387735,2.8587722581741204
2014,total,fixed,2.975081149826236,2.771293031536068,3.200461558270525
2015,total,fixed,3.3300320680984834,3.0985825140768015,3.580719412537735
2016,total,fixed,3.617075204788602,3.36040324536886,3.895345690115787
2017,total,fixed,4.069167975878181,3.7765405895288024,4.387379559465095
2018,total,fixed,4.412550377498656,4.094323545004704,4.758295696771977
2019,total,fixed,4.75779558671829,4.414839967328219,5.126171350341314
2020,total,fixed,5.183508779560635,4.811800682533185,5.583008393246591
2021,total,fixed,5.557067126496171,5.159091539826128,5.984236834532117
2022,total,fixed,5.975609132012479,5.553709631063527,6.427078203233246
2023,total,fixed,6.351318017350494,5.90353053378105,6.829626385247527
2024,total,fixed,6.7572502630537485,6.282365141801258,7.270441462463054
2025,total,fixed,7.156894331950745,6.654782346755464,7.703788624022142
2026,total,fixed,7.593200708898293,7.0631354434067894,8.176324858018074
2027,total,fixed,8.027358434876456,7.465611371718986,8.645783058085915
2028,total,fixed,8.462210509449426,7.86864021923713,9.111279592885523
2029,total,fixed,8.904253709808865,8.27465303302255,9.581489750792318
2030,total,fixed,9.347892386622597,8.68456378520889,10.057672188889867
2031,total,fixed,9.796480180702552,9.100633134982058,10.538638831885358
2032,total,fixed,10.243887189469412,9.518832000644469,11.021657070146938
2033,total,fixed,10.705466086762787,9.948192831310635,11.517371147432058
2034,total,fixed,11.177617865306644,10.38659324490656,12.02462615037531
2035,total,fixed,11.66069683709296,10.836391687676272,12.54269796694822
2036,total,fixed,12.156875407775544,11.30290556297385,13.074803165476565
2037,total,fixed,12.663387389928875,11.761967979080394,13.622104678423065
2038,total,fixed,13.17579142156529,12.240063281764817,14.177420154696463
2039,total,fixed,13.700254028331337,12.726407442147025,14.759903435699599
2040,total,fixed,14.230729345491243,13.203636555188693,15.361714739408807
2041,total,fixed,14.765297737689036,13.697886002020391,15.968599641891625
2042,total,fixed,15.304568352477343,14.203129109475448,16.595580549854944
2043,total,fixed,15.8560298706702,14.710363452531867,17.225202692105977
2044,total,fixed,16.42069004670254,15.230448384399093,17.879135337487252
2045,total,fixed,16.99108879747761,15.764595607456153,18.520877852697925
2046,total,fixed,17.583058151758102,16.316323829655257,19.247726041853355
2047,total,fixed,18.201454870778925,16.880726547070676,20.05665745584849
2048,total,fixed,18.83575803339944,17.46457568584261,21.074802492324395
2049,total,fixed,19.4855152187653,18.04616245924383,22.493168025655038
2050,total,fixed,20.152125485049602,18.655264096788297,24.131786739276905
2051,total,fixed,20.817649836095804,19.270832899205516,25.82850770530589
2052,total,fixed,21.518663672672147,19.885861327576045,27.445436881172462
2053,total,fixed,22.23599585517733,20.51446245610274,29.05625421939967
2054,total,fixed,22.949214467332496,21.153782987805524,30.853089223461673
2055,total,fixed,23.662388293311786,21.805551527998418,32.58105181617396
2056,total,fixed,24.3789681445636,22.44942473989023,34.4413717869021
2057,total,fixed,25.13877140625101,23.122279314203237,36.3181542524608
2058,total,fixed,25.94162055767277,23.817942502784092,38.19265840369277
2059,total,fixed,26.775260745964285,24.50254746418144,40.0666971348208
2060,total,fixed,27.625444361871118,25.201760745505528,41.947941237970156
2061,total,fixed,28.516139374072907,25.92467456867912,43.97613076972744
2062,total,fixed,29.37456577708361,26.66304857168238,45.963403380342065
2063,total,fixed,30.306321317557128,27.41435099410088,47.80854221224492
2064,total,fixed,31.34127409628528,28.148442784072888,49.7513705690389
2065,total,fixed,32.45398173006003,28.887208661595373,51.64415124126945
2066,total,fixed,33.569612361634015,29.668730846996635,53.829496788684516
2067,total,fixed,34.83011558338505,30.451984121530618,55.810682815076575
2068,total,fixed,36.23516587802067,31.236714655337618,57.74586810341651
2069,total,fixed,37.729582222876545,32.049644291882416,59.80310593024112
2070,total,fixed,39.4239588759903,32.909310156995275,61.87325441387018
2071,total,fixed,41.15425234895968,33.77141317983197,63.883086731522624
2072,total,fixed,42.8196832709139,34.748218682217576,66.00147493863196
2073,total,fixed,44.554622644574884,35.636510974689536,68.10706099960501
2074,total,fixed,46.125423240283226,36.52268816520631,70.26051690368216
2075,total,fixed,47.87376811561336,37.440234827645725,72.42778625375776
2076,total,fixed,49.740154767892065,38.400836109971756,74.60442704080307
2077,total,fixed,51.521130074903965,39.40380890911767,76.80087401449386
2078,total,fixed,53.37901248759336,40.34671611016756,79.02459772476897
2079,total,fixed,55.16149249461533,41.317076672174046,81.27568241106692
2080,total,fixed,57.00382961221841,42.33856164653853,83.44306410735187
2081,total,fixed,58.79150426653963,43.32963833962188,85.64380953907539
2082,total,fixed,60.72184558914077,44.37778130786168,87.82611490579154
2083,total,fixed,62.541614538586984,45.69272408294691,90.0839088728784
2084,total,fixed,64.45663374103081,46.98487300641066,92.34994909873323
2085,total,fixed,66.3430024033099,48.15782842347627,94.62358167615582
2086,total,fixed,68.15993671057902,49.53085795576733,96.90873843199158
2087,total,fixed,70.00304747992114,50.84436660948624,99.18948992843309
2088,total,fixed,71.96265812742487,52.005355319363865,101.48852051220935
2089,total,fixed,73.91420528428563,53.40294455075045,103.91965224721977
2090,total,fixed,75.83620752197308,54.65303487749472,106.39565448277364
2091,total,fixed,77.87429999057552,56.0276487850808,108.81838773965234
2092,total,fixed,79.87779484204208,57.3869166342358,111.13393677884591
2093,total,fixed,81.94159706085907,59.139636830197134,113.4884674581617
2094,total,fixed,83.89762640056387,60.695688804897344,115.99925289084626
2095,total,fixed,85.90614805617221,62.47190710400772,118.45155293121418
2096,total,fixed,87.8966406108984,64.31861552932426,120.83726786925955
2097,total,fixed,89.94372206599813,66.11064903117342,123.27705398470762
2098,total,fixed,91.91225902800215,67.701540240116,125.5940042353512
2099,total,fixed,93.88008328148506,69.76719364685603,128.12909070217646
2100,total,fixed,95.85229205542265,71.53408048231927,130.51438513719245
2101,total,fixed,97.98620342579497,73.2582368764224,132.85026150054964
2102,total,fixed,100.05826239313578,75.00529075553247,135.37043399140188
2103,total,fixed,102.08011436338452,76.98524261534372,137.92099049955937
2104,total,fixed,104.24891011463109,78.65764517772136,140.48167699577593
2105,total,fixed,106.31240712221029,80.23660719845793,143.13235902330834
2106,total,fixed,108.31314989394318,82.10527502612085,145.64369027702244
2107,total,fixed,110.44965596227149,83.84611051399196,148.16378179850187
2108,total,fixed,112.61091692967925,85.69406085394934,150.65830705865702
2109,total,fixed,114.68411657053255,87.44570334309132,153.10760724804499
2110,total,fixed,116.79540133691935,89.14956988783773,155.5560632581628
2111,total,fixed,118.92162634586981,90.95120213851598,158.25616469212974
2112,total,fixed,121.10396374562006,92.72856421458928,160.7879946579841
2113,total,fixed,123.22570307903078,94.46522046618878,163.4425917905594
2114,total,fixed,125.41768946111324,96.24079575489516,165.91450724304647
2115,total,fixed,127.55481285067054,98.13630572047711,168.42636175472333
2116,total,fixed,129.65368371616057,100.15969588617062,170.8745137717235
2117,total,fixed,131.76316580607,101.90122014644125,173.55530404309505
2118,total,fixed,133.88854532809125,103.65173751325045,176.12678604587407
2119,total,fixed,135.97700115943178,105.36790746944601,178.81573710168252
2120,total,fixed,138.0916956313473,106.93578973206266,181.4788905185352
2121,total,fixed,140.38275469231974,108.71669259595436,184.12649521246325
2122,total,fixed,142.49169169647823,110.6603220427523,186.702414895479
2123,total,fixed,144.54233711881625,112.32130222905731,189.28282334530525
2124,total,fixed,146.7133748242769,114.09982777878402,191.86315352158158
2125,total,fixed,148.77502032027883,115.91162749061539,194.47182049156407
2126,total,fixed,150.9408988487579,117.71508634054463,197.03742461253958
2127,total,fixed,153.13321499912848,119.50877582468718,199.63240305322577
2128,total,fixed,155.33032232236334,121.16922009096851,202.22521688460625
2129,total,fixed,157.52164729340836,122.95775893746708,204.81662502068076
2130,total,fixed,159.72152282677885,124.81107095085258,207.40276613311906
2131,total,fixed,161.9140901283052,126.60431999690593,209.85578751674953
2132,total,fixed,164.07788390373895,128.48702744463705,212.58198401696805
2133,total,fixed,166.2966088748757,130.3731470594514,215.27813185476285
2134,total,fixed,168.4855914581164,132.09349631933617,218.0487542659799
2135,total,fixed,170.62047921308687,133.82959725188147,220.67638735372407
2136,total,fixed,172.8206065938429,135.66932846461336,223.34924097895518
2137,total,fixed,175.0638100645414,137.63378788103518,226.0764049765267
2138,total,fixed,177.18571714633617,139.36667148765076,228.80649054029357
2139,total,fixed,179.3330319931984,140.9995387728534,231.3779458815807
2140,total,fixed,181.60395232796623,142.6337532818657,233.93299752147362
2141,total,fixed,183.9136827987315,144.57340744744246,236.5871712656748
2142,total,fixed,186.09527026554173,146.46488895622224,239.2423958837634
2143,total,fixed,188.24745362430818,148.2242791930734,241.8978823416326
2144,total,fixed,190.61106178217693,149.9226757662366,244.55677250593033
2145,total,fixed,192.82206882137547,151.81833927567453,247.22093994944967
2146,total,fixed,195.13921644207502,153.72717280419602,249.83961224170042
2147,total,fixed,197.40991215364653,155.6336728652398,252.42071748670185
2148,total,fixed,199.53626632234452,157.32710631915552,255.01647944629
2149,total,fixed,201.76699019397176,158.9778488943956,257.63324798958905
2150,total,fixed,203.94240039438506,160.62912895487906,260.3290019712625
2151,total,fixed,206.13297683611347,162.2817474116573,263.0983444244047
2152,total,fixed,208.28711956915072,163.93275534564805,265.6694432708344
2153,total,fixed,210.4429580729124,165.59288252345547,268.4468014993597
2154,total,fixed,212.5914226736878,167.28787748987645,271.0628214561535
2155,total,fixed,214.82744896434684,168.99134537201508,273.4966085521702
2156,total,fixed,216.97701666502797,171.01603490463714,275.9264859303153
2157,total,fixed,219.1392754390061,172.88408433847735,278.4630423845416
2158,total,fixed,221.42873719007528,174.93067414490974,281.07460464871957
2159,total,fixed,223.62211490931935,176.6619442374476,283.89163498642733
2160,total,fixed,225.86273048118528,178.38158038717165,286.80477130491664
2161,total,fixed,228.18080099522209,180.14746778740732,289.5391599392559
2162,total,fixed,230.48631829636778,181.94809429335115,292.1540274928319
2163,total,fixed,232.77386508720255,183.7257368538261,295.01690191809877
2164,total,fixed,235.03384438195343,185.43318795907166,298.0630550637642
2165,total,fixed,237.19314326402443,187.19329701010847,300.99134505773407
2166,total,fixed,239.35846489924586,189.0363350288869,303.53245183041
2167,total,fixed,241.5694309821289,190.85730345549644,306.4159769000199
2168,total,fixed,243.7644160178831,192.6174631470491,309.20507632519366
2169,total,fixed,245.93442337656387,194.31961346786224,311.8748625634838
2170,total,fixed,248.11783967578344,196.0335656803259,314.74721133257765
2171,total,fixed,250.29249660375956,197.7686593275945,317.7390054797235
2172,total,fixed,252.5023152091493,199.49195649352114,320.36100915820305
2173,total,fixed,254.75343375682002,201.23437342713396,322.97184433551877
2174,total,fixed,256.99764331015706,202.9891179627629,325.5829063124609
2175,total,fixed,259.1962409101353,204.78188808600146,328.18861206970377
2176,total,fixed,261.4251912908343,206.56865994898396,330.78306438314445
2177,total,fixed,263.67222692755115,208.36711907889085,333.4206093467637
2178,total,fixed,265.9748469288452,210.16787660296154,336.2703166166765
2179,total,fixed,268.2382003929765,211.94974791842282,339.1232332184468
2180,total,fixed,270.48847610765927,213.70411599044175,342.10207573826534
2181,total,fixed,272.76985759353073,215.49806498658495,345.03734204948154
2182,total,fixed,274.99499752998406,217.52945809685463,347.768063854783
2183,total,fixed,277.30316426370825,219.29116664912505,350.6517328286868
2184,total,fixed,279.56292854980904,221.02791714923544,353.53093935830344
2185,total,fixed,281.8626912271371,222.75735739225894,356.4089279438376
2186,total,fixed,284.1272685663537,224.481110354049,359.2824827218756
2187,total,fixed,286.3084241974153,226.23372628623167,362.1536882926544
2188,total,fixed,288.52822729476713,228.00911443088867,365.01425708770586
2189,total,fixed,290.8086768838201,229.77091915212986,367.56375426556934
2190,total,fixed,293.21661295924326,231.47388697641094,370.33011177363437
2191,total,fixed,295.45190930810065,233.08490505661928,373.3236108789118
2192,total,fixed,297.53543761396475,234.9120456714898,376.2789758316053
2193,total,fixed,299.7098736097121,236.63129391768697,378.9804085524894
2194,total,fixed,302.02259149703815,238.35190421319248,381.67643997145206
2195,total,fixed,304.44580438111734,240.09638499461855,384.49030850553766
2196,total,fixed,306.76946696838604,241.83131225605905,387.44180837713833
2197,total,fixed,309.0168642772096,243.6317341103576,390.31069116081744
2198,total,fixed,311.2233094403037,245.43190542368188,393.0857665513952
2199,total,fixed,313.49928477091873,247.23175356706054,395.7538063095485
2200,total,fixed,315.80669559184935,249.0275497354161,398.3648286365965
2201,total,fixed,318.057320870239,250.7900830285022,400.97214572680554
2202,total,fixed,320.3081381247108,252.57841810912777,403.58459861391873
2203,total,fixed,322.49242588570417,254.3649593126725,406.20026879533566
2204,total,fixed,324.67441328010716,256.1567496466726,408.8214070661628
2205,total,fixed,326.83729770128934,257.95269602573495,411.44685633753335
2206,total,fixed,328.99550274601427,259.74841344839376,414.0603147181727
2207,total,fixed,331.20395021211823,261.53630851944126,416.6638030715129
2208,total,fixed,333.41485242242004,263.32304606593436,419.2644338242203
2209,total,fixed,335.73262782963326,265.10002131427007,422.15238966813735
2210,total,fixed,337.9893251758079,266.8756007283038,425.08115529307645
2211,total,fixed,340.2445673297857,268.5929678160875,427.81349441751274
2212,total,fixed,342.50103621350024,270.2794008518161,430.364436666159
2213,total,fixed,344.6160455787741,271.98769291621153,432.91572065701774
2214,total,fixed,346.91315236585274,273.6838290257408,435.72110946796226
2215,total,fixed,349.1949587481808,275.38194672131704,438.55328681715264
2216,total,fixed,351.5312969260632,277.0788238612724,441.3842574198656
2217,total,fixed,353.811832246691,278.80591441914265,444.20113803161576
2218,total,fixed,355.97399754801006,280.5125723653001,447.0121157418129
2219,total,fixed,358.08439254537956,282.1861125993064,449.8178569692548
2220,total,fixed,360.1935940405019,283.8600155954735,452.62324900099003
2221,total,fixed,362.40553363467194,285.51499065400077,455.42820020058724
2222,total,fixed,364.6615728459775,287.202588267954,458.2288202410877
2223,total,fixed,366.7895299781329,288.9674307783208,461.0280520956374
2224,total,fixed,368.92652705860166,290.7191502615559,463.8104928232681
2225,total,fixed,371.14288916637844,292.4717840916961,466.4404904546137
2226,total,fixed,373.3844285330121,294.1681476126998,469.1981373232811
2227,total,fixed,375.64909034248706,295.8361901604695,472.0917657038675
2228,total,fixed,377.91451480269694,297.5099179335049,474.72413861634203
2229,total,fixed,380.1568412967067,299.23338724985905,477.3494844420563
2230,total,fixed,382.32594002299106,301.0063574881566,479.9704547242424
2231,total,fixed,384.4954731054654,302.66655892663806,482.790465715878
2232,total,fixed,386.67494208170507,304.3251471525342,485.8683969223322
2233,total,fixed,388.792647483392,305.97714116868326,488.710271407919
2234,total,fixed,390.8856296754769,307.62281314704035,491.6542701608865
2235,total,fixed,392.9745209866096,309.27457698602103,494.1882544698553
2236,total,fixed,395.1677689560869,310.9810500359128,496.77698771237147
2237,total,fixed,397.33888520205494,312.6015896761985,499.37655204722296
2238,total,fixed,399.5622746362883,314.3172268963032,501.91902274420113
2239,total,fixed,401.80698553628304,316.13920867690774,504.59421861865326
2240,total,fixed,404.03507076015455,317.96479956751654,507.44909818347037
2241,total,fixed,406.1621703622763,319.60646964219546,510.13851916954394
2242,total,fixed,408.25078172552475,321.23031343457575,512.7458664901482
2243,total,fixed,410.40207100018284,322.8527678234005,515.5080303039784
2244,total,fixed,412.5589040003677,324.4669502701476,518.3019614228815
2245,total,fixed,414.7042559339335,326.0757805163406,521.0898178516761
2246,total,fixed,416.8361260019358,327.6781629365893,523.8703230599962
2247,total,fixed,418.9498314785826,329.2780006164423,526.6476079224016
2248,total,fixed,421.1371472462292,330.9492429527018,529.4228909288016
2249,total,fixed,423.26960377150755,332.6432905251467,532.1887533997689
2250,total,fixed,425.37101430389913,334.3417499203866,534.9576708109281
2251,total,fixed,427.4342510022209,336.04205468243856,537.7581586114618
2252,total,fixed,429.609034550958,337.7371327286811,540.5089526891787
2253,total,fixed,431.7557560542889,339.4273538144044,543.2616128135004
2254,total,fixed,433.9043877524369,341.11103921114,546.0262899628169
2255,total,fixed,436.0171894834442,342.73123504627057,548.7798012636885
2256,total,fixed,438.12889700256756,344.2967329721928,551.5309614622208
2257,total,fixed,440.1818877366427,345.8574673064884,554.2755029207507
2258,total,fixed,442.24816386826944,347.5016917642572,557.0063512922453
2259,total,fixed,444.3650071317067,349.26504186199696,559.7273880800798
2260,total,fixed,446.49130849880396,351.04033944812596,562.4451464652243
2261,total,fixed,448.59072037034986,352.81283090255033,565.0158888500099
2262,total,fixed,450.67777583542613,354.50419445994913,567.5570573511482
2263,total,fixed,452.80149183453386,356.20304302096315,570.092365698982
2264,total,fixed,454.8882259198383,357.8199280327496,572.6264078470873
2265,total,fixed,456.9178084348208,359.4717499019822,575.1587110663376
2266,total,fixed,458.9915552878407,361.12561168105464,577.8383644870146
2267,total,fixed,461.11362506630167,362.7838053354126,580.6534476068762
2268,total,fixed,463.1952770024386,364.44022785278895,583.4633061915432
2269,total,fixed,465.23098480355696,366.0890021466939,586.268022418751
2270,total,fixed,467.312922155956,367.7299990323096,589.069722203441
2271,total,fixed,469.36705487969186,369.3702420681631,591.8701919171856
2272,total,fixed,471.4198449769119,371.00950162616067,594.4613545069572
2273,total,fixed,473.47842044018466,372.57657383094664,597.0290663031473
2274,total,fixed,475.57676350369,374.13458334450075,599.597556370169
2275,total,fixed,477.6748272269971,375.6925549836192,602.1657615609037
2276,total,fixed,479.77302644603856,377.25100704391264,604.8637769895523
2277,total,fixed,481.8593365392246,378.81352168503776,607.5611560055063
2278,total,fixed,483.91583106534455,380.37774742097633,610.2548066471286
2279,total,fixed,486.0164132683793,381.9392362376429,612.945438904492
2280,total,fixed,488.0580807254492,383.4990962301211,615.6337472054398
2281,total,fixed,490.17562786779865,385.1028879860254,618.321154134709
2282,total,fixed,492.27193877356024,386.6394655931905,620.9993854654142
2283,total,fixed,494.3447402172379,388.17719033084984,623.583541037794
2284,total,fixed,496.3768759994825,389.7125421315149,626.1329712694588
2285,total,fixed,498.5240325823021,391.29728124523234,628.683339388014
2286,total,fixed,500.5975441949016,392.9513746440399,631.2387865029228
2287,total,fixed,502.65819514401994,394.6115408030076,633.7968481939898
2288,total,fixed,504.71692649831357,396.2715427393745,636.3526536068148
2289,total,fixed,506.7299477690437,397.8951311843375,638.9066602727295
2290,total,fixed,508.7239199637859,399.44547449724257,641.456829268412
2291,total,fixed,510.7188523289033,400.9964194507234,644.00785833454
2292,total,fixed,512.7114908255342,402.5454812068523,646.5553315991322
2293,total,fixed,514.7044880505712,404.14451944041326,649.133852892809
2294,total,fixed,516.8065647960025,405.65014192769706,651.8562237709159
2295,total,fixed,518.8918479196582,407.17806494200323,654.5781538436736
2296,total,fixed,520.8946579296969,408.7228662407259,657.3047599054748
2297,total,fixed,522.9496201592542,410.2695723840092,659.8547862024807
2298,total,fixed,525.0320332909889,411.82205025059994,662.4067685554588
2299,total,fixed,527.1669342815751,413.3767309633356,664.9549960177217
2300,total,fixed,529.3633509588071,414.9137932191192,667.4997255867738
1990,total,joint,-2.9274777893690187,-3.1887632812606217,-2.6889195106835118
1991,total,joint,-2.773144421273086,-3.022482851808572,-2.5513415982089525
1992,total,joint,-2.6970339904071494,-2.9308146477151142,-2.4846000235526704
1993,total,joint,-2.859873342574943,-3.0994128542438815,-2.642709187855397
1994,total,joint,-2.8131471453667807,-3.0401492615851415,-2.6070273237570563
1995,total,joint,-2.641500209141017,-2.8544584180065105,-2.448865130422506
1996,total,joint,-2.4395692022876085,-2.634567261718681,-2.263649800868371
1997,total,joint,-2.202275270398733,-2.3784860251541526,-2.0413417473376816
1998,total,joint,-1.9688750114542355,-2.1229390500128953,-1.8244886464630168
1999,total,joint,-1.681387033674084,-1.8057237151778565,-1.564828940355154
2000,total,joint,-1.4379147563721562,-1.5457411568790869,-1.3402490717834274
2001,total,joint,-1.1510307975656575,-1.2373126228016198,-1.0719732460587041
2002,total,joint,-0.8489250487762723,-0.9139655744724364,-0.7897941405799315
2003,total,joint,-0.5509328579631818,-0.5949008916784285,-0.5115363350098207
2004,total,joint,-0.18720078431932397,-0.20981800012289342,-0.1701711803388414
2005,total,joint,0.10257907596119065,0.0824612368483355,0.1190966317569801
2006,total,joint,0.4306441365529077,0.3981920913794224,0.4668658812263617
2007,total,joint,0.726773937244781,0.6721257343266521,0.7878761326059133
2008,total,joint,1.0186329154087188,0.9433497753789167,1.1016268979734227
2009,total,joint,1.2698593281950918,1.17915079711409,1.3721582513063117
2010,total,joint,1.5565626882126633,1.4451417584479038,1.6825314399572995
2011,total,joint,2.0485609977245263,1.9074520318074217,2.2059763768983176
2012,total,joint,2.328083275769986,2.1670869084227053,2.5092140521036206
2013,total,joint,2.656051758457955,2.4763269479387735,2.8587722581741204
2014,total,joint,2.975081149826236,2.771293031536068,3.200461558270525
2015,total,joint,3.069085756064017,2.645068314185198,3.5159170467015173
2016,total,joint,3.308895266254434,2.835049548386128,3.809655229687865
2017,total,joint,3.719913801463391,3.195545685206498,4.282868341869599
2018,total,joint,4.025965426566152,3.4513680277170486,4.638827454348374
2019,total,joint,4.336845481440305,3.7051433865901435,5.007089361732845
2020,total,joint,4.7415112417041625,4.0558639267221785,5.476773802565162
2021,total,joint,5.089418518068206,4.349296531668083,5.873682588575002
2022,total,joint,5.481498608050301,4.686499183734432,6.329616020814674
2023,total,joint,5.829487243548363,4.97347046963967,6.737553238306376
2024,total,joint,6.204823974235628,5.286373521428736,7.180518548020555
2025,total,joint,6.569728097340872,5.588144856829296,7.612691854732635
2026,total,joint,6.980316989682574,5.936811119740723,8.091095917260116
2027,total,joint,7.399407695395054,6.28456815357559,8.606144429105965
2028,total,joint,7.82148185117299,6.642515237355488,9.111414264325315
2029,total,joint,8.250014703947132,7.0022429421764185,9.640388850169881
2030,total,joint,8.692996188618675,7.358693049767296,10.177895745692224
2031,total,joint,9.136812564150976,7.7327986173492285,10.733738328944877
2032,total,joint,9.591417216200837,8.102972233480813,11.28583057230081
2033,total,joint,10.059281148024402,8.472324475717127,11.884555358937913
2034,total,joint,10.542616903919601,8.866291495151868,12.514024888933076
2035,total,joint,11.038791266981843,9.279204691846799,13.151821825857521
2036,total,joint,11.558994612186464,9.70762522237142,13.825230033443825
2037,total,joint,12.067568546732048,10.133848257517872,14.581320105547071
2038,total,joint,12.624481858074006,10.565865117893699,15.443820964453154
2039,total,joint,13.162922981762545,10.999675496563949,16.407992675015496
2040,total,joint,13.720657689251258,11.441407834510354,17.39099831087093
2041,total,joint,14.293156694799105,11.890120071219476,18.649307455564596
2042,total,joint,14.892902899092359,12.339859330496353,19.8926344922734
2043,total,joint,15.456281607721532,12.799079979917416,21.127044748905575
2044,total,joint,16.059734605799107,13.298752409667786,22.644328524771534
2045,total,joint,16.6752376270203,13.785948169278267,24.34374166948661
2046,total,joint,17.328708208938455,14.275672106817503,26.066321105614364
2047,total,joint,18.05538045084021,14.770539945805188,27.91538648865191
2048,total,joint,18.762285205345524,15.27336380176477,29.719819296661584
2049,total,joint,19.490992565952496,15.812808873924721,31.41470244660156
2050,total,joint,20.27646792916711,16.328448362427412,33.105191068546716
2051,total,joint,21.10426154022099,16.840548965595946,34.88171553978191
2052,total,joint,21.94804773754952,17.369425507217517,36.65529603198124
2053,total,joint,22.749555293621967,17.945424900503294,38.73709778373979
2054,total,joint,23.615742435901748,18.49515481002791,40.69013226523521
2055,total,joint,24.44530230113213,19.07090242367849,42.43052581360498
2056,total,joint,25.37757671853131,19.66256078347464,44.28041024729683
2057,total,joint,26.47202148875838,20.21613255395995,46.13099270338614
2058,total,joint,27.58950039322749,20.80660119889378,48.21834430657561
2059,total,joint,28.71183727630556,21.419092441597265,50.3437498265758
2060,total,joint,30.110037285169906,22.011058014122586,52.364854639478516
2061,total,joint,31.4559436774146,22.63507182348369,54.427888151345186
2062,total,joint,32.97902149921654,23.232544295328367,56.70025649218836
2063,total,joint,34.53481971717562,23.88432044999716,58.93853421607731
2064,total,joint,36.13489382496823,24.527321433936677,61.173956461170896
2065,total,joint,37.75045374142118,25.193273371242054,63.29786589373955
2066,total,joint,39.387040721953966,25.890625394503974,65.46447534431019
2067,total,joint,40.99888371282751,26.579407255755793,67.67509293192556
2068,total,joint,42.63586513240273,27.29443835684917,69.90069422925986
2069,total,joint,44.40334024014379,28.05855124305328,72.22223857490951
2070,total,joint,46.212619480416734,28.79508208987237,74.37052984887956
2071,total,joint,47.932699899921104,29.795231574430787,76.62206362582957
2072,total,joint,49.68899867543726,30.587498921994506,78.98048377040361
2073,total,joint,51.58967724818394,31.49690875967512,81.23301501116642
2074,total,joint,53.41011056594323,32.220646154379324,83.73597762014803
2075,total,joint,55.176624242829206,33.093590902184516,86.14844187243102
2076,total,joint,57.10281667013143,34.04610350263489,88.69167946971181
2077,total,joint,58.978877979819124,34.98032353145151,91.17578051724362
2078,total,joint,60.83638772105891,35.78936582383703,93.6485242867932
2079,total,joint,62.67440311437004,36.881655674078914,96.13290780449599
2080,total,joint,64.50893029516112,37.83577190751624,98.70586962369038
2081,total,joint,66.40225670809447,38.79568361038727,101.29192851639597
2082,total,joint,68.38409434591586,39.8423780603801,103.89577415561826
2083,total,joint,70.36796166132349,41.00112288752117,106.51946022304081
2084,total,joint,72.39413390329167,42.240338032898734,109.1488592444307
2085,total,joint,74.39939633603683,43.43477081659983,111.79363192535187
2086,total,joint,76.3377716290617,44.75702070871042,114.33093185732406
2087,total,joint,78.27557073264148,46.27580063382761,117.11097928542655
2088,total,joint,80.12964552398245,47.6085376618983,119.92017695905975
2089,total,joint,82.0891356742254,48.89453569802814,122.47211032824949
2090,total,joint,84.18120964367412,50.31141547881337,125.34231853065671
2091,total,joint,86.28800392093297,51.62650424326037,128.21744744852373
2092,total,joint,88.34556332221649,53.290223538557804,130.93183707660566
2093,total,joint,90.45986888777517,54.73711051211112,133.64502313974506
2094,total,joint,92.41629433018782,56.14014873506722,136.45407986516415
2095,total,joint,94.40656353428571,57.77526467856091,139.33776019523708
2096,total,joint,96.49891710230143,59.33992770681967,142.30390183629248
2097,total,joint,98.45186725799641,60.84898174432153,145.1199833031203
2098,total,joint,100.46511506273988,62.216237577857825,147.94317087812632
2099,total,joint,102.46359037558437,63.76567842470963,150.71476220126078
2100,total,joint,104.57799639944787,65.39344506490785,153.52989727643018
2101,total,joint,106.77860974247027,66.93264302703855,156.43308254126674
2102,total,joint,108.9462697354093,68.78693216697599,159.43869700692048
2103,total,joint,111.12054789203684,70.3071618376808,162.33404004807284
2104,total,joint,113.20414830601962,72.18813050517205,165.32942439908948
2105,total,joint,115.2785079585313,73.91968545536851,168.19190982185864
2106,total,joint,117.38959994283371,75.44429585930196,171.15923153183638
2107,total,joint,119.42639953506729,77.11182309650854,173.98760655589638
2108,total,joint,121.46315950122752,78.75895270839105,176.92755290192335
2109,total,joint,123.62796118740727,80.14821299747925,179.9818769824232
2110,total,joint,125.73377374746492,81.98690061967781,183.1075771112988
2111,total,joint,127.81317168014213,83.53203245230866,186.14732697079805
2112,total,joint,130.0797158226864,85.3669708720365,189.32643204756124
2113,total,joint,132.29771530420828,86.88672891701707,192.6314283426341
2114,total,joint,134.4813853217724,88.43992436629344,195.75124910706342
2115,total,joint,136.60983573260762,89.95336271627244,198.7510337868571
2116,total,joint,138.79709077286518,91.3229911233283,201.93362217121037
2117,total,joint,140.9330465817531,93.00277565388222,205.10773168138275
2118,total,joint,143.05945904240997,94.80135802682666,208.13284031856998
2119,total,joint,145.1617318649185,96.2828493840847,211.07003385352894
2120,total,joint,147.29603575500727,97.7999175459865,214.0762666424162
2121,total,joint,149.49711261468957,99.77912414953622,217.06258531862372
2122,total,joint,151.6419777481948,101.13886028690162,220.1389211551388
2123,total,joint,153.8678633190756,102.78133019278313,223.29264867166444
2124,total,joint,156.03434087069363,104.24257233785586,226.34837580630278
2125,total,joint,158.12534378277067,105.70445353591938,229.5181345861374
2126,total,joint,160.20353267945006,107.16385287477391,232.68877442964933
2127,total,joint,162.4655149345494,108.83463096761636,235.86034113699185
2128,total,joint,164.60782947851237,110.29894768567213,239.2215280507967
2129,total,joint,166.8095274143588,111.70745848012629,242.48702660271348
2130,total,joint,168.99809442947003,113.3011355835579,245.42593588323936
2131,total,joint,171.19345170687808,114.89932332125586,248.6271697676363
2132,total,joint,173.4361836294086,116.6407554412097,251.8172855288327
2133,total,joint,175.69882075783335,118.56497908396705,255.0835771266279
2134,total,joint,177.88716564106969,120.29252514598954,258.0875292585008
2135,total,joint,180.12231137562634,121.89363452937786,261.3034288210512
2136,total,joint,182.30042697938734,123.59668155755527,264.50211520574544
2137,total,joint,184.4597344689939,125.12639661849806,267.6867430654773
2138,total,joint,186.70606299063553,126.48581203316608,270.90248016259693
2139,total,joint,188.89425796287063,127.93167909813259,274.1274133571458
2140,total,joint,191.07252373540894,129.72973382481507,277.42767692237817
2141,total,joint,193.21170543448233,131.49961007603628,280.6304339398104
2142,total,joint,195.4163124189455,133.12896082724131,283.9142236799245
2143,total,joint,197.6335994291013,134.46375509205265,287.50377664238937
2144,total,joint,199.89326372875263,136.10224780257397,290.7362479169316
2145,total,joint,202.17234797570873,137.74640987571942,294.1655409152093
2146,total,joint,204.48003696022,139.3511429956625,297.3258602150388
2147,total,joint,206.7491449177785,140.8416070641862,300.4083275435319
2148,total,joint,209.13180853247837,142.22246233987394,303.6420788013179
2149,total,joint,211.38304219346816,143.80443844808627,306.8091165626124
2150,total,joint,213.65504245119257,145.27274030133105,310.0819471307245
2151,total,joint,215.95009161195475,146.67189312142568,313.3203964341444
2152,total,joint,218.2147494449568,148.0936356017435,316.6076315155352
2153,total,joint,220.48420108023703,149.70149798853168,319.79371802059967
2154,total,joint,222.7521085871779,151.0877843270807,323.0366728022458
2155,total,joint,225.1054289538215,152.58448117013816,326.303932966056
2156,total,joint,227.49635746331995,154.24891951359427,329.6795502745694
2157,total,joint,229.74998169096693,155.77868127073043,332.9799093465098
2158,total,joint,232.06005162760238,157.16074218904316,336.30873180877
2159,total,joint,234.33690346732678,158.77775407764005,339.66472376263533
2160,total,joint,236.55513871664166,160.4322070578814,343.00958471178046
2161,total,joint,238.71680280564624,162.0970928904832,346.591323946359
2162,total,joint,240.91939187507427,163.72543042830787,349.927999411528
2163,total,joint,243.20839753216126,165.35725747779006,353.18087909721106
2164,total,joint,245.53923399535938,166.98725739707515,356.4542121277901
2165,total,joint,247.77956416408153,168.53039522706194,359.6690530397771
2166,total,joint,249.9673484589444,170.07409087773138,363.17072436593355
2167,total,joint,252.28085582128875,171.62536148400503,366.53464661591596
2168,total,joint,254.6544877785696,173.17960231697643,370.05871113394505
2169,total,joint,256.96232357052173,174.73265793526843,373.2109467999245
2170,total,joint,259.3345478838497,176.37427726778793,376.3542249907292
2171,total,joint,261.7353546726072,177.91344209939348,379.94129249910145
2172,total,joint,263.98657253708825,179.41036572949992,383.2481229726055
2173,total,joint,266.3369086980879,181.08620321529256,386.69156663290687
2174,total,joint,268.59004212031755,182.59112919463917,390.21606506857574
2175,total,joint,270.95812960790937,184.09935112883093,393.37276488610723
2176,total,joint,273.2191506605356,185.60940984496781,396.4251201088382
2177,total,joint,275.4742774500537,187.1189915475126,399.9169436686608
2178,total,joint,277.77296031215985,188.6466156633086,403.6569661209673
2179,total,joint,280.0293714298316,190.19302568825998,407.16594776828407
2180,total,joint,282.2803884476324,192.1269586831409,410.77856745145255
2181,total,joint,284.57126237350417,193.52945056483637,414.2046128566229
2182,total,joint,286.95304951281236,194.9301015378863,417.622073572784
2183,total,joint,289.2427908207347,196.38521251716637,421.28984132070985
2184,total,joint,291.52072787684847,197.93520499614093,425.07090194711293
2185,total,joint,293.800013674091,199.52838535473003,428.7817623325706
2186,total,joint,296.08329912211275,201.0927650503051,432.29706974754066
2187,total,joint,298.3706687994538,202.75440780574715,435.79870189529123
2188,total,joint,300.66773117792377,204.4194311000549,439.2612977228365
2189,total,joint,303.0606711706165,206.0848509496765,442.9857891190814
2190,total,joint,305.4536606007247,207.74812225633664,446.733400684845
2191,total,joint,307.84500825897635,209.4074375331081,450.4476818707713
2192,total,joint,310.2179547972851,211.05831577259977,454.0871400757678
2193,total,joint,312.50578029431006,212.69850989558205,457.507533063127
2194,total,joint,314.7931206424798,214.30684176128472,460.9754323609179
2195,total,joint,317.10526239589217,215.95744750179526,464.401277503302
2196,total,joint,319.3864050911759,217.61183895377582,467.94408467986983
2197,total,joint,321.67311991163257,219.27173190472152,471.41376247419976
2198,total,joint,324.0927107881639,220.93688365844224,474.9573918958189
2199,total,joint,326.480550829094,222.60509206799563,478.5855123503108
2200,total,joint,328.78646243241997,224.1889996953383,482.20911949200797
2201,total,joint,331.1035883320373,225.72174286371143,486.397230778017
2202,total,joint,333.38919926238344,227.26827300055308,490.4201636072988
2203,total,joint,335.6348656752692,228.80894789818117,493.9033118321086
2204,total,joint,337.92097368616896,230.33170743728772,497.36665690782985
2205,total,joint,340.2677022394878,231.8524892734849,500.831244422347
2206,total,joint,342.6136130444828,233.37201086675296,504.16120235628404
2207,total,joint,344.9759118790939,234.89148056673938,507.6158461622496
2208,total,joint,347.3622459123407,236.41328406920863,511.26223100475045
2209,total,joint,349.8004227415943,237.93866418800852,514.7648281427643
2210,total,joint,352.2151937198895,239.46715139298587,518.2582200119517
2211,total,joint,354.60096917544627,240.99656231970232,521.4649161879327
2212,total,joint,357.0563421208875,242.52509003247303,525.2765401691934
2213,total,joint,359.38876154026093,244.05148256530936,528.833136006352
2214,total,joint,361.6830665132153,245.5754951944378,532.5203855633725
2215,total,joint,364.0197773473683,247.09594643717634,536.2741329598185
2216,total,joint,366.3095657067527,248.6126772191286,540.0875253614183
2217,total,joint,368.6040674132446,250.12796516967458,544.4351153608212
2218,total,joint,371.02568394441215,251.64328369277237,548.2446145720875
2219,total,joint,373.5056073375037,253.16299008547168,551.9746452447091
2220,total,joint,375.9147124738404,254.68894326225055,555.6919906747792
2221,total,joint,378.24953683342574,256.2139974905651,559.4208001238744
2222,total,joint,380.57309588593876,257.73868272253117,563.1622236171494
2223,total,joint,382.89545929768303,259.26973460131273,566.9140193628656
2224,total,joint,385.19863461966213,260.79666284930187,570.6442497347505
2225,total,joint,387.45025774384743,262.31898881512853,574.2255993075325
2226,total,joint,389.69766826424245,263.83668621647746,577.8997455507873
2227,total,joint,391.93709939153143,265.3513772690878,581.7080945051616
2228,total,joint,394.2571657416946,266.86431986189314,585.5132705282143
2229,total,joint,396.6669738789685,268.3787882318254,589.3181888012957
2230,total,joint,399.0448450081973,270.04528686844867,593.1296777701773
2231,total,joint,401.40149306034,271.8758922367553,596.9525555310267
2232,total,joint,403.8826243540286,273.7082518358964,600.7860796027629
2233,total,joint,406.1191546536124,275.5234254893944,604.6284734342265
2234,total,joint,408.33379126294966,277.1348923663189,608.4395559485644
2235,total,joint,410.61779644793705,278.7453350315506,612.2462224988951
2236,total,joint,412.90278412279997,280.3539815901086,616.0527051805129
2237,total,joint,415.0697140139386,281.96060710959483,619.857567977202
2238,total,joint,417.1766794024171,283.56581204654526,623.503885655739
2239,total,joint,419.50685552636287,285.1701136812142,626.9875074620377
2240,total,joint,421.7987049805823,286.77439397967544,630.4621322600276
2241,total,joint,424.2236621287207,288.3800526682664,633.9151906075717
2242,total,joint,426.5472177261694,289.9880238029041,637.3697099528607
2243,total,joint,428.893977390147,291.5974402514086,640.8253059101903
2244,total,joint,431.2224930383102,293.20685629041515,644.2797731934263
2245,total,joint,433.54753561173544,294.824073092752,647.6292622261874
2246,total,joint,435.98078270544625,296.4065218740588,650.9246461832469
2247,total,joint,438.41046052936235,297.8867789737935,654.6393831911606
2248,total,joint,440.80163000622224,299.36211754509833,658.0989874875061
2249,total,joint,443.09331685612074,300.83297074538945,661.5512480412433
2250,total,joint,445.36333461275126,302.3108852642784,664.9964022196739
2251,total,joint,447.66708308446033,303.7862526030299,668.4346140631629
2252,total,joint,449.8135855873153,305.35618738336984,671.8670035746795
2253,total,joint,452.1488252454451,306.9714350435152,675.295928040355
2254,total,joint,454.6629106324176,308.5899929541596,678.7237529580674
2255,total,joint,457.1570457551019,310.21068121736596,682.1509344551198
2256,total,joint,459.45540667074124,311.78064903554434,685.5767391998615
2257,total,joint,461.64613927100356,313.29658365155507,689.0004900525678
2258,total,joint,463.83412485346037,314.8111477248654,692.9029802377828
2259,total,joint,466.01867659246057,316.32371180525456,697.133979526897
2260,total,joint,468.24269015192,317.833830186246,701.3654070027424
2261,total,joint,470.53949806703406,319.34166563549303,705.5966827345788
2262,total,joint,472.8506978916712,320.8495046347801,709.8285729744483
2263,total,joint,475.1554261984399,322.35893432958085,714.0623679499208
2264,total,joint,477.42605718196467,323.8720730417098,718.2899452704527
2265,total,joint,479.7024278747547,325.3915481340425,722.5067423070486
2266,total,joint,481.94319155985556,326.9175871804318,726.730835910478
2267,total,joint,484.1713679404528,328.4493121526805,730.3444764409269
2268,total,joint,486.40125322925417,329.9821688256718,733.7415139120724
2269,total,joint,488.62866596112843,331.51292354433184,737.1367868827656
2270,total,joint,490.90856359764354,333.04346328528425,740.6403945956386
2271,total,joint,493.19942453973135,334.5715212127563,745.4660463394304
2272,total,joint,495.33152773009647,336.0981455536737,750.2927938196015
2273,total,joint,497.55225355457793,337.6247443297125,755.1219764240722
2274,total,joint,499.7389483815583,339.11830074627085,759.3730548667028
2275,total,joint,501.8592371449131,340.6120737929892,763.3122685788982
2276,total,joint,504.08421617596457,342.1087916104272,767.1957655508259
2277,total,joint,506.3609031531556,343.60739190187894,771.0753171563615
2278,total,joint,508.65295224939916,345.02156682821584,774.9586551564562
2279,total,joint,510.8988487872086,346.4230607759483,778.8230817269075
2280,total,joint,513.3148411961043,347.82422878819074,782.3206232796551
2281,total,joint,515.7649483163477,349.2258916255208,786.6190277888936
2282,total,joint,518.1600559199544,350.67176711033005,790.4101764508083
2283,total,joint,520.5014696696988,352.2783411211725,793.9537207712945
2284,total,joint,522.7961654934757,353.89088320625024,797.4964967290972
2285,total,joint,525.1577746311818,355.50637735238723,801.0274884559594
2286,total,joint,527.597462460514,357.11547159692907,804.5507783438902
2287,total,joint,530.0715464986148,358.62736106184525,808.0783881040365
2288,total,joint,532.3959790453475,360.14170654429086,811.6084567516518
2289,total,joint,534.6180916132632,361.655506446298,815.5928253795455
2290,total,joint,536.8093450921166,363.168369972804,819.0470227982967
2291,total,joint,539.1485284621169,364.7424650760539,822.468310730571
2292,total,joint,541.4691373313394,366.422620364214,825.8526372918632
2293,total,joint,543.9284450153675,368.10372779615386,829.6311891679928
2294,total,joint,546.2902973232605,369.64132818040514,833.5914639622748
2295,total,joint,548.5556326530846,371.1428043134832,837.5572175383293
2296,total,joint,550.7692562448542,372.7357329564841,841.5342808277131
2297,total,joint,553.1169110966575,374.36170096596385,845.4989587539998
2298,total,joint,555.4807217918394,375.99527607953627,849.5809367449523
2299,total,joint,557.8129110892028,377.6293000353288,853.632225283171
2300,total,joint,560.1534315376302,379.26318727665694,857.6790646132047
