year,component,arm,med_cm,p05_cm,p95_cm
1990,glaciers,fixed,-0.7162579834974032,-0.8844516141366328,-0.6337470257475025
1991,glaciers,fixed,-0.6830345143194441,-0.8389024867569739,-0.6067012386885188
1992,glaciers,fixed,-0.6461995712779358,-0.7873418727377302,-0.5756142292914666
1993,glaciers,fixed,-0.6261952401999853,-0.7549186301704006,-0.5603397395455014
1994,glaciers,fixed,-0.5853912315003673,-0.703660740230961,-0.5235090151201762
1995,glaciers,fixed,-0.5483537646297014,-0.6559674632414048,-0.4918238786112418
1996,glaciers,fixed,-0.5002641651494208,-0.5988946387709492,-0.44898618206039687
1997,glaciers,fixed,-0.45985440160634017,-0.5438809159165954,-0.4144463705784489
1998,glaciers,fixed,-0.4121658996318813,-0.4842311966499757,-0.3718595875847505
1999,glaciers,fixed,-0.33435028688972324,-0.39461031770036176,-0.30135681328272973
2000,glaciers,fixed,-0.29035450585623623,-0.340909686235991,-0.26194709472523786
2001,glaciers,fixed,-0.23995109298077644,-0.2805585444116514,-0.21631804068826382
2002,glaciers,fixed,-0.1792299726909483,-0.20750514435560963,-0.16200254102845504
2003,glaciers,fixed,-0.1152390226089306,-0.13085012775015076,-0.10441052840925508
2004,glaciers,fixed,-0.05096006162909772,-0.057870897537196694,-0.044920257172280036
2005,glaciers,fixed,0.0022810614620336622,-0.007194535258798185,0.011424497934949814
2006,glaciers,fixed,0.07608760930669112,0.06335943624722515,0.09519064430776555
2007,glaciers,fixed,0.1587967712448255,0.14153658476311776,0.1881254155894232
2008,glaciers,fixed,0.2233945275566933,0.20038458984718,0.26368518293760324
2009,glaciers,fixed,0.2700896434391149,0.24328124728962833,0.3199563630578843
2010,glaciers,fixed,0.3315422556971299,0.2985972849613532,0.3928553293427421
2011,glaciers,fixed,0.42839634739754207,0.386879257874812,0.5001100933117862
2012,glaciers,fixed,0.49229658280335453,0.4453457721341849,0.5744157948818653
2013,glaciers,fixed,0.5464129662020838,0.49426344021056595,0.637120431657849
2014,glaciers,fixed,0.6036035163200237,0.5463348774709097,0.7077067695990311
2015,glaciers,fixed,0.6764547264732332,0.6121293122678391,0.7886876383697181
2016,glaciers,fixed,0.7520595438868929,0.6813823227622352,0.8723857058230939
2017,glaciers,fixed,0.8794214118614527,0.7969770505386331,1.011477768462493
2018,glaciers,fixed,0.9606810026562531,0.8700502389883408,1.1026638294379711
2019,glaciers,fixed,1.0282184872276532,0.9307526914399574,1.183044144926175
2020,glaciers,fixed,1.1229268827488323,1.0166881777173669,1.2884667875942346
2021,glaciers,fixed,1.193773467158965,1.0807755185795995,1.3703287665720068
2022,glaciers,fixed,1.2639941422895347,1.1446532464400678,1.449718135430493
2023,glaciers,fixed,1.3376174110327548,1.212031582846255,1.5357723620785877
2024,glaciers,fixed,1.4314743253442956,1.2959096312258913,1.6399966736071014
2025,glaciers,fixed,1.5259794388717256,1.3802580706249268,1.7472691766584703
2026,glaciers,fixed,1.6211375692250547,1.46652683014061,1.8559871348304495
2027,glaciers,fixed,1.718152203669514,1.5545791566925888,1.9645046813435036
2028,glaciers,fixed,1.815251373978723,1.642533079993416,2.0731257619827734
2029,glaciers,fixed,1.9138721967790584,1.7304192534278158,2.1814535439243175
2030,glaciers,fixed,2.01290518678527,1.8191356279194923,2.29141443810904
2031,glaciers,fixed,2.1111805767128624,1.9073669604022274,2.4026952563842094
2032,glaciers,fixed,2.211423795207883,1.9958182776468114,2.514863128701721
2033,glaciers,fixed,2.311305721188854,2.08612111030812,2.6253050276539422
2034,glaciers,fixed,2.4123513588567165,2.1765963512865576,2.7379369370820568
2035,glaciers,fixed,2.514859718076567,2.2678308507222344,2.8547839210600685
2036,glaciers,fixed,2.6178763809530454,2.3614459299462007,2.973798851180885
2037,glaciers,fixed,2.72386938423518,2.456622538090137,3.0942007126378144
2038,glaciers,fixed,2.8319978619187345,2.552444617595982,3.217893107583115
2039,glaciers,fixed,2.9411678682738276,2.649991469257023,3.341401033899209
2040,glaciers,fixed,3.0532500190911023,2.749105363164295,3.469005323206321
2041,glaciers,fixed,3.164058231221786,2.84796470958346,3.593620106479785
2042,glaciers,fixed,3.27583228428113,2.947626849757184,3.7172021481405944
2043,glaciers,fixed,3.387524228860692,3.0478894185229346,3.8430670780664378
2044,glaciers,fixed,3.4997295087059004,3.1451721253551,3.9679316947666834
2045,glaciers,fixed,3.612015899485632,3.243953804360239,4.091550074502473
2046,glaciers,fixed,3.7246452189397443,3.3428338640852,4.218563394114076
2047,glaciers,fixed,3.8383282613683156,3.4409726053591574,4.34606325230359
2048,glaciers,fixed,3.9505315174834874,3.5399097480829886,4.472497745432499
2049,glaciers,fixed,4.063634692694389,3.6390122163703835,4.596605516670616
2050,glaciers,fixed,4.175883323106106,3.7384842984565054,4.726311155518497
2051,glaciers,fixed,4.285198139662596,3.835705870025875,4.849438027127855
2052,glaciers,fixed,4.397500201669004,3.9315417336588383,4.975693842068837
2053,glaciers,fixed,4.506842853359694,4.023271680817394,5.1003637689195145
2054,glaciers,fixed,4.613711148850156,4.116807031966864,5.225674185100296
2055,glaciers,fixed,4.722103565318699,4.2082086756752695,5.343776095443754
2056,glaciers,fixed,4.827405112905284,4.3026326250147715,5.4637403111856235
2057,glaciers,fixed,4.9299914372544915,4.391507318498397,5.581835204417883
2058,glaciers,fixed,5.034098652374189,4.482223263120347,5.703263412683332
2059,glaciers,fixed,5.1381531542839465,4.571991715466904,5.822764388558859
2060,glaciers,fixed,5.242634505667734,4.658753410731656,5.936615705787318
2061,glaciers,fixed,5.343262730242589,4.742055624902086,6.0509711574662255
2062,glaciers,fixed,5.4435956774941445,4.829792110193773,6.166446687258446
2063,glaciers,fixed,5.54279810985335,4.914837737300401,6.279888514198094
2064,glaciers,fixed,5.636769654781624,5.000543307037458,6.391329307264062
2065,glaciers,fixed,5.731438225440002,5.079224062445596,6.501166650799193
2066,glaciers,fixed,5.824502279087325,5.161399978094289,6.608646608454043
2067,glaciers,fixed,5.916159993218133,5.2419158183140135,6.714710616674568
2068,glaciers,fixed,6.007218793622019,5.322749517226642,6.819620668160879
2069,glaciers,fixed,6.095588482395746,5.399655907400474,6.921852389664043
2070,glaciers,fixed,6.18246237325404,5.474680412788371,7.024972701879601
2071,glaciers,fixed,6.267360714296753,5.546881058259091,7.126518934715161
2072,glaciers,fixed,6.351355628005761,5.620114282458482,7.224924757848551
2073,glaciers,fixed,6.435185626983251,5.692383338149867,7.323912634741558
2074,glaciers,fixed,6.518095083712373,5.7634412696692054,7.421359024155664
2075,glaciers,fixed,6.599554329223366,5.833128795438012,7.513016857314695
2076,glaciers,fixed,6.678005456756042,5.902539677563088,7.603500496978668
2077,glaciers,fixed,6.755569673120181,5.965022681794713,7.697053710234969
2078,glaciers,fixed,6.831265984774108,6.027122592746149,7.784275909910692
2079,glaciers,fixed,6.90369234239948,6.085870865981769,7.867327224344513
2080,glaciers,fixed,6.976806567623619,6.1478091656431895,7.9501366841058445
2081,glaciers,fixed,7.046917966734458,6.209136484634996,8.03553696844766
2082,glaciers,fixed,7.116987182369865,6.269314366262796,8.118941235038065
2083,glaciers,fixed,7.186367552574767,6.327885208885372,8.202307987123714
2084,glaciers,fixed,7.256055064533738,6.382632276285498,8.285275192185651
2085,glaciers,fixed,7.322159896555559,6.435584043104883,8.365167247260143
2086,glaciers,fixed,7.386720966953092,6.488322220222172,8.443599798223701
2087,glaciers,fixed,7.4499965592088415,6.539870738040864,8.517723841564337
2088,glaciers,fixed,7.51232663832813,6.5943737853552635,8.589479241862842
2089,glaciers,fixed,7.572513627945347,6.647375272288292,8.659330584703968
2090,glaciers,fixed,7.633302082633212,6.695508550076554,8.727640771223884
2091,glaciers,fixed,7.690308268576859,6.741855977050815,8.796224470129353
2092,glaciers,fixed,7.746427273798298,6.788789371870106,8.86354128936528
2093,glaciers,fixed,7.800662631376623,6.833230434619517,8.930175129037714
2094,glaciers,fixed,7.85543717280815,6.876422407256962,8.994878524278622
2095,glaciers,fixed,7.908689286282295,6.919072791590628,9.058089152534137
2096,glaciers,fixed,7.960843241549125,6.9621019661297465,9.12060001332047
2097,glaciers,fixed,8.013293786770568,7.003882953410048,9.181828353600153
2098,glaciers,fixed,8.061306864286827,7.046957995729292,9.240111370913608
2099,glaciers,fixed,8.109681063181206,7.086700048602342,9.297128453251783
2100,glaciers,fixed,8.156183529492994,7.125739391125746,9.353173676006362
2101,glaciers,fixed,8.19938682690894,7.163810703271363,9.407717523941589
2102,glaciers,fixed,8.245240627529876,7.199198293945302,9.462029510572709
2103,glaciers,fixed,8.291112612814976,7.2338815331127195,9.515239281469862
2104,glaciers,fixed,8.334899889602235,7.268217437820414,9.56794668194082
2105,glaciers,fixed,8.377698198503762,7.301850820026458,9.619745829878728
2106,glaciers,fixed,8.421103799245294,7.334688753042437,9.671296216662666
2107,glaciers,fixed,8.462081956631941,7.367074480966115,9.723574925649292
2108,glaciers,fixed,8.502220083241411,7.4000686093981765,9.774635655383653
2109,glaciers,fixed,8.541219396199008,7.430986670610314,9.821849143695314
2110,glaciers,fixed,8.579993613849126,7.45899049720411,9.869675753260568
2111,glaciers,fixed,8.617065651395432,7.486785217190663,9.916559702989206
2112,glaciers,fixed,8.654217972486563,7.5143573973955755,9.962800871486593
2113,glaciers,fixed,8.69096568005709,7.5413559830971915,10.001868705887558
2114,glaciers,fixed,8.726781513909966,7.567797231757987,10.044466852510231
2115,glaciers,fixed,8.76206755526653,7.594141695166737,10.088942770674791
2116,glaciers,fixed,8.797097814251355,7.622345725381816,10.127874125286548
2117,glaciers,fixed,8.831119285063913,7.650043365720087,10.16767001011879
2118,glaciers,fixed,8.863287059626641,7.677304305654204,10.206133142404875
2119,glaciers,fixed,8.89359343591456,7.703858467260618,10.243637279925093
2120,glaciers,fixed,8.92524964387895,7.7265627502077034,10.281473752190022
2121,glaciers,fixed,8.954553840862612,7.747797142856897,10.319786651953114
2122,glaciers,fixed,8.984303309409508,7.771590862444028,10.3562379571835
2123,glaciers,fixed,9.014038954405844,7.792866920672677,10.393743137162932
2124,glaciers,fixed,9.042539146308755,7.812232360093638,10.428146475480084
2125,glaciers,fixed,9.069592427265672,7.8331144582699785,10.460288601394018
2126,glaciers,fixed,9.09646574803982,7.855385933087719,10.49425622811085
2127,glaciers,fixed,9.123244038236013,7.876592328870987,10.528143266379868
2128,glaciers,fixed,9.150242364657505,7.8966670622820905,10.561036657987241
2129,glaciers,fixed,9.175824526496971,7.915058817878252,10.59484341071154
2130,glaciers,fixed,9.199369105194279,7.934688090000935,10.628855366124716
2131,glaciers,fixed,9.223117505207744,7.95392703790199,10.661875172810015
2132,glaciers,fixed,9.246311265540669,7.972578349174242,10.690830809680595
2133,glaciers,fixed,9.266460142966206,7.9908106923256055,10.715006382789914
2134,glaciers,fixed,9.287909380480173,8.009154173865232,10.738498384044789
2135,glaciers,fixed,9.30919643879285,8.025393943101781,10.767275546670435
2136,glaciers,fixed,9.329210888423294,8.042010745387255,10.796091698175548
2137,glaciers,fixed,9.349046491256487,8.05885674936617,10.822901045877497
2138,glaciers,fixed,9.3699667527574,8.075101687057469,10.850743435286354
2139,glaciers,fixed,9.389173607217948,8.091095443368243,10.879074226435433
2140,glaciers,fixed,9.407335829382912,8.106723220760788,10.902329740241914
2141,glaciers,fixed,9.425435129817306,8.122124809102631,10.923581456992466
2142,glaciers,fixed,9.443429148881862,8.135025020604083,10.947841195724159
2143,glaciers,fixed,9.46068813315026,8.147384630378198,10.971369140131426
2144,glaciers,fixed,9.47638026026846,8.159357568971009,10.993061056794495
2145,glaciers,fixed,9.491508256393015,8.171939564694112,11.013268220612611
2146,glaciers,fixed,9.505874868711874,8.184593142783475,11.032915007421014
2147,glaciers,fixed,9.520684353192689,8.196924401333638,11.052080620281359
2148,glaciers,fixed,9.535281327796772,8.208916020188731,11.070738051836889
2149,glaciers,fixed,9.547340197985438,8.220549642407274,11.08885853717956
2150,glaciers,fixed,9.560451591292926,8.231839732454237,11.107191932406472
2151,glaciers,fixed,9.574319397110713,8.242793059889314,11.126020318961867
2152,glaciers,fixed,9.587548364155413,8.253376038878764,11.14424564199542
2153,glaciers,fixed,9.600494412485856,8.260248165114858,11.161881536976324
2154,glaciers,fixed,9.613281685883338,8.26672402883198,11.17895695416583
2155,glaciers,fixed,9.625423298048805,8.272958221849803,11.195440146543634
2156,glaciers,fixed,9.638725055452573,8.278982266133218,11.212295894456023
2157,glaciers,fixed,9.65142143030415,8.286931508770952,11.229497278100961
2158,glaciers,fixed,9.662686687083445,8.29575588747865,11.246369766095128
2159,glaciers,fixed,9.674076940973874,8.304504056260368,11.261053177249053
2160,glaciers,fixed,9.68462611518881,8.313098457093846,11.272821829682648
2161,glaciers,fixed,9.694218981865536,8.321016237219498,11.28759983872665
2162,glaciers,fixed,9.703799266044125,8.32707593200021,11.30218578974854
2163,glaciers,fixed,9.71443609867995,8.332796283804464,11.31628484841109
2164,glaciers,fixed,9.723696134663104,8.338260217886802,11.330004953620083
2165,glaciers,fixed,9.73257829662295,8.34340015487943,11.343253702256368
2166,glaciers,fixed,9.7410239613236,8.348235342833933,11.35605401938524
2167,glaciers,fixed,9.748843413267657,8.352787569029132,11.368275062145845
2168,glaciers,fixed,9.756031817805786,8.357093435476527,11.377340940004627
2169,glaciers,fixed,9.762638308455768,8.361218811546456,11.386037652942578
2170,glaciers,fixed,9.769724565754345,8.365272219314686,11.395260008780273
2171,glaciers,fixed,9.775917067092701,8.369812680138603,11.405829345172517
2172,glaciers,fixed,9.782810286808466,8.374600720787305,11.416180958163187
2173,glaciers,fixed,9.789491255397845,8.379248224320794,11.426202504515594
2174,glaciers,fixed,9.797071169036268,8.3836434454193,11.434669114274847
2175,glaciers,fixed,9.803253312088593,8.387829440999992,11.442194852338744
2176,glaciers,fixed,9.80908814674007,8.391782755670507,11.45107755633315
2177,glaciers,fixed,9.814567104908082,8.395356045792488,11.45800355863079
2178,glaciers,fixed,9.819726597320013,8.397908528923036,11.464537307037068
2179,glaciers,fixed,9.825144161387573,8.400336399000569,11.472476810634712
2180,glaciers,fixed,9.831649190020451,8.402703860461125,11.480202002576114
2181,glaciers,fixed,9.836975176979088,8.40499286588231,11.487761791155368
2182,glaciers,fixed,9.841532892193788,8.4077297234587,11.495177072901381
2183,glaciers,fixed,9.846480955485353,8.411614609893162,11.502418181309668
2184,glaciers,fixed,9.851385082107736,8.414793762352037,11.509459710251715
2185,glaciers,fixed,9.856601301048308,8.416160056727747,11.516220546315012
2186,glaciers,fixed,9.85989727133395,8.417531269116525,11.522708738263281
2187,glaciers,fixed,9.864143408061574,8.421044232826992,11.528909945290856
2188,glaciers,fixed,9.868041215472598,8.424653285141199,11.534800918142462
2189,glaciers,fixed,9.871882728163108,8.428096955266358,11.540236578435374
2190,glaciers,fixed,9.87536606671459,8.430799686038949,11.54498589732508
2191,glaciers,fixed,9.877949388016912,8.43260767331865,11.549517623917769
2192,glaciers,fixed,9.881272423127909,8.434343027790101,11.554752306246291
2193,glaciers,fixed,9.883383547385822,8.436026008013048,11.559569913454768
2194,glaciers,fixed,9.88556365151012,8.437635177729941,11.563940380884478
2195,glaciers,fixed,9.887585772597408,8.439171027739715,11.568154268608614
2196,glaciers,fixed,9.890027595042124,8.440628844441791,11.57219810706612
2197,glaciers,fixed,9.892298005560761,8.441980119086148,11.57600258437019
2198,glaciers,fixed,9.894665412045185,8.44324954169757,11.579616901084899
2199,glaciers,fixed,9.896316814262136,8.444422815053487,11.582998942370335
2200,glaciers,fixed,9.89892310021747,8.44550978543973,11.586162986348223
2201,glaciers,fixed,9.901099821470877,8.446518782874394,11.589120804918673
2202,glaciers,fixed,9.902897777623867,8.447603172713073,11.591885514111103
2203,glaciers,fixed,9.904855926026558,8.44871461300667,11.594509903703027
2204,glaciers,fixed,9.906062407507576,8.449779833287959,11.596982177255464
2205,glaciers,fixed,9.906672750430783,8.450832071712574,11.599434922312836
2206,glaciers,fixed,9.908506446167868,8.45183031040319,11.600956189811154
2207,glaciers,fixed,9.910321528026415,8.452757339339293,11.602197899526105
2208,glaciers,fixed,9.911175243465657,8.453526653571734,11.603717458276709
2209,glaciers,fixed,9.911963822960937,8.45415392802928,11.605838131144836
2210,glaciers,fixed,9.912732575485087,8.454592361712255,11.60964358294013
2211,glaciers,fixed,9.913494205656292,8.454850665311492,11.611369184327756
2212,glaciers,fixed,9.914181021697072,8.454952941292843,11.612717364748327
2213,glaciers,fixed,9.9148002934476,8.455219523104514,11.615165880869323
2214,glaciers,fixed,9.915366145791483,8.455599646442803,11.618486062011865
2215,glaciers,fixed,9.915884816984732,8.45528323165474,11.62122048702872
2216,glaciers,fixed,9.916351047220394,8.454899142760572,11.622459694375369
2217,glaciers,fixed,9.916760019378033,8.454438225646754,11.62363990926128
2218,glaciers,fixed,9.917108278532012,8.453894623982812,11.624731478256562
2219,glaciers,fixed,9.917397593517851,8.453269847369263,11.625708888471074
2220,glaciers,fixed,9.917972880846971,8.452565509161152,11.626587183648693
2221,glaciers,fixed,9.919005685539142,8.451787003502217,11.627848651509744
2222,glaciers,fixed,9.91976431320294,8.450933265185041,11.630629569362183
2223,glaciers,fixed,9.919815707426569,8.450006760117065,11.632798105489023
2224,glaciers,fixed,9.919828261741992,8.449006225766531,11.633053101338772
2225,glaciers,fixed,9.919849578344426,8.447933722409912,11.633206232186692
2226,glaciers,fixed,9.919845407806529,8.446792237812668,11.634738412573522
2227,glaciers,fixed,9.919820777178893,8.445600425163438,11.636381865334636
2228,glaciers,fixed,9.919779173534181,8.444453348705515,11.637971442177163
2229,glaciers,fixed,9.919719080460435,8.443255054814799,11.63928149153688
2230,glaciers,fixed,9.919375916533546,8.442014048387659,11.639215815835911
2231,glaciers,fixed,9.918856295338507,8.440868850749737,11.639107285839174
2232,glaciers,fixed,9.918288291802,8.44144906760045,11.638959863842562
2233,glaciers,fixed,9.917662918935871,8.442133729070491,11.638766829206709
2234,glaciers,fixed,9.916763874057832,8.442745844204005,11.640117176003828
2235,glaciers,fixed,9.916295025730857,8.443284510023528,11.640081518271424
2236,glaciers,fixed,9.916146670911047,8.443758996240614,11.639844645625656
2237,glaciers,fixed,9.916166182424757,8.44417201397053,11.639476155495132
2238,glaciers,fixed,9.916075026223861,8.444538166533443,11.639176984238352
2239,glaciers,fixed,9.915935807328387,8.442633888841948,11.638754675684595
2240,glaciers,fixed,9.91612745697231,8.439457661309829,11.638352757675923
2241,glaciers,fixed,9.916314678289327,8.43625726491441,11.63765394449301
2242,glaciers,fixed,9.916494777245626,8.434101642871195,11.637615519747985
2243,glaciers,fixed,9.916632560548083,8.43311411534504,11.63726461582705
2244,glaciers,fixed,9.915247408517484,8.432054605224945,11.637472384401518
2245,glaciers,fixed,9.914870074174566,8.430863744952273,11.63762121512167
2246,glaciers,fixed,9.91442829767336,8.429338363545336,11.637630219673438
2247,glaciers,fixed,9.913925478259728,8.426771376177186,11.637547047402673
2248,glaciers,fixed,9.913373160449446,8.424127844978354,11.637419872613128
2249,glaciers,fixed,9.91250348951699,8.4214323865166,11.6372604760881
2250,glaciers,fixed,9.911806146197772,8.418780816028802,11.63618809530563
2251,glaciers,fixed,9.911248286281161,8.417722273091238,11.634778528637245
2252,glaciers,fixed,9.909568463653791,8.417314496119548,11.633397339458565
2253,glaciers,fixed,9.908745257496122,8.416901135024055,11.63199982020972
2254,glaciers,fixed,9.908483490686358,8.4164703035911,11.630539657291358
2255,glaciers,fixed,9.907943213964558,8.41600755764792,11.62896207132213
2256,glaciers,fixed,9.90702262273874,8.415514255280003,11.627274570332466
2257,glaciers,fixed,9.905389592797624,8.413789699005736,11.625496977932269
2258,glaciers,fixed,9.90363713821684,8.411958450344548,11.623801708281794
2259,glaciers,fixed,9.902401086957987,8.410120948136115,11.623092678988408
2260,glaciers,fixed,9.901180610452418,8.408232349921695,11.62234726627682
2261,glaciers,fixed,9.900503485415665,8.406303812948385,11.621578009131122
2262,glaciers,fixed,9.898879432647213,8.40435696037603,11.620794610467376
2263,glaciers,fixed,9.897442782273249,8.402401499835664,11.620121601267362
2264,glaciers,fixed,9.896589782199012,8.40042833372625,11.620357171991103
2265,glaciers,fixed,9.895731111887768,8.398430499899483,11.620572618802925
2266,glaciers,fixed,9.89431492253647,8.396415788446538,11.62077197851258
2267,glaciers,fixed,9.892474577921625,8.394360466210426,11.620942792154427
2268,glaciers,fixed,9.890368491035561,8.392261196131884,11.62108325738376
2269,glaciers,fixed,9.888570741005449,8.390127561765162,11.621198304175948
2270,glaciers,fixed,9.886964658005764,8.387969061876595,11.621292226554843
2271,glaciers,fixed,9.885611871300314,8.385810623629451,11.621368488114141
2272,glaciers,fixed,9.884370887609212,8.38363981656803,11.621430645316476
2273,glaciers,fixed,9.882916656844149,8.381470812377124,11.621486055150983
2274,glaciers,fixed,9.88150456598652,8.378759434921648,11.621544212234786
2275,glaciers,fixed,9.880239725488146,8.375193148291604,11.621601878687196
2276,glaciers,fixed,9.87925459120168,8.371652041342488,11.621625826527296
2277,glaciers,fixed,9.87808758143327,8.36809922700182,11.621652738085446
2278,glaciers,fixed,9.876646527167333,8.364491196392954,11.621679538448697
2279,glaciers,fixed,9.87420904877864,8.362446584010083,11.621672748924812
2280,glaciers,fixed,9.872016896575616,8.361137219813394,11.620890092597257
2281,glaciers,fixed,9.87081487068947,8.360744101544212,11.619236307741508
2282,glaciers,fixed,9.869703974825,8.360349146807453,11.617578580456476
2283,glaciers,fixed,9.868895892227222,8.359953572444315,11.615922093625297
2284,glaciers,fixed,9.868094001539347,8.357911430558953,11.614275575139501
2285,glaciers,fixed,9.867607187820063,8.355819139315772,11.61264143097145
2286,glaciers,fixed,9.866358767086831,8.353799763026789,11.61102031234002
2287,glaciers,fixed,9.865110892577901,8.351795692351619,11.60940573311384
2288,glaciers,fixed,9.863924718984467,8.350452156618305,11.607802175442034
2289,glaciers,fixed,9.862798419240832,8.349748122791206,11.606203723182105
2290,glaciers,fixed,9.861035178805519,8.34904766466198,11.606159294744733
2291,glaciers,fixed,9.859238753722718,8.348347391001578,11.606277063583546
2292,glaciers,fixed,9.857934511077984,8.345372163478913,11.605464508269208
2293,glaciers,fixed,9.85661699241953,8.340394037117122,11.604243006651425
2294,glaciers,fixed,9.853001321518956,8.337725818558473,11.60313497442685
2295,glaciers,fixed,9.85057923221419,8.335791796625369,11.602971566531519
2296,glaciers,fixed,9.849354794020117,8.334169100757077,11.602989969840761
2297,glaciers,fixed,9.847979045516723,8.332586305238806,11.604087380167243
2298,glaciers,fixed,9.844816024007729,8.331069633788221,11.60523245803403
2299,glaciers,fixed,9.84308543115706,8.329608934662973,11.606417712926607
2300,glaciers,fixed,9.841748658499059,8.328189331125065,11.607631505787227
1990,glaciers,joint,-0.7162579834974032,-0.8844516141366328,-0.6337470257475025
1991,glaciers,joint,-0.6830345143194441,-0.8389024867569739,-0.6067012386885188
1992,glaciers,joint,-0.6461995712779358,-0.7873418727377302,-0.5756142292914666
1993,glaciers,joint,-0.6261952401999853,-0.7549186301704006,-0.5603397395455014
1994,glaciers,joint,-0.5853912315003673,-0.703660740230961,-0.5235090151201762
1995,glaciers,joint,-0.5483537646297014,-0.6559674632414048,-0.4918238786112418
1996,glaciers,joint,-0.5002641651494208,-0.5988946387709492,-0.44898618206039687
1997,glaciers,joint,-0.45985440160634017,-0.5438809159165954,-0.4144463705784489
1998,glaciers,joint,-0.4121658996318813,-0.4842311966499757,-0.3718595875847505
1999,glaciers,joint,-0.33435028688972324,-0.39461031770036176,-0.30135681328272973
2000,glaciers,joint,-0.29035450585623623,-0.340909686235991,-0.26194709472523786
2001,glaciers,joint,-0.23995109298077644,-0.2805585444116514,-0.21631804068826382
2002,glaciers,joint,-0.1792299726909483,-0.20750514435560963,-0.16200254102845504
2003,glaciers,joint,-0.1152390226089306,-0.13085012775015076,-0.10441052840925508
2004,glaciers,joint,-0.05096006162909772,-0.057870897537196694,-0.044920257172280036
2005,glaciers,joint,0.0022810614620336622,-0.007194535258798185,0.011424497934949814
2006,glaciers,joint,0.07608760930669112,0.06335943624722515,0.09519064430776555
2007,glaciers,joint,0.1587967712448255,0.14153658476311776,0.1881254155894232
2008,glaciers,joint,0.2233945275566933,0.20038458984718,0.26368518293760324
2009,glaciers,joint,0.2700896434391149,0.24328124728962833,0.3199563630578843
2010,glaciers,joint,0.3315422556971299,0.2985972849613532,0.3928553293427421
2011,glaciers,joint,0.42839634739754207,0.386879257874812,0.5001100933117862
2012,glaciers,joint,0.49229658280335453,0.4453457721341849,0.5744157948818653
2013,glaciers,joint,0.5464129662020838,0.49426344021056595,0.637120431657849
2014,glaciers,joint,0.6036035163200237,0.5463348774709097,0.7077067695990311
2015,glaciers,joint,0.6764547264732332,0.6121293122678391,0.7886876383697181
2016,glaciers,joint,0.7520595438868929,0.6813823227622352,0.8723857058230939
2017,glaciers,joint,0.8794214118614527,0.7969770505386331,1.011477768462493
2018,glaciers,joint,0.9606810026562531,0.8700502389883408,1.1026638294379711
2019,glaciers,joint,1.0282184872276532,0.9307526914399574,1.183044144926175
2020,glaciers,joint,1.1229268827488323,1.0166881777173669,1.2884667875942346
2021,glaciers,joint,1.193773467158965,1.0807755185795995,1.3703287665720068
2022,glaciers,joint,1.2639941422895347,1.1446532464400678,1.449718135430493
2023,glaciers,joint,1.3376174110327548,1.212031582846255,1.5357723620785877
2024,glaciers,joint,1.4314743253442956,1.2959096312258913,1.6399966736071014
2025,glaciers,joint,1.5259794388717256,1.3802580706249268,1.7472691766584703
2026,glaciers,joint,1.615471495283872,1.462739222244275,1.853271332965045
2027,glaciers,joint,1.7083367983031728,1.544382977627264,1.9587333931309074
2028,glaciers,joint,1.8022181747914083,1.6269475960375717,2.0647624317290694
2029,glaciers,joint,1.8977227062489086,1.7084665482209171,2.1694877571027527
2030,glaciers,joint,1.9945304626418525,1.797969103824804,2.2818846411383062
2031,glaciers,joint,2.091495737794356,1.8834014593605979,2.3957493759247304
2032,glaciers,joint,2.1900243941444146,1.9717000793625663,2.510040705830652
2033,glaciers,joint,2.290931899856811,2.0599633790067995,2.6293175009375465
2034,glaciers,joint,2.3943192394056525,2.146907835793121,2.7482348899976787
2035,glaciers,joint,2.5005404351902905,2.235062489020694,2.8715380282122402
2036,glaciers,joint,2.607193924588834,2.3228920236892137,2.9946081077266617
2037,glaciers,joint,2.7166516346265634,2.414870765273747,3.12315972178195
2038,glaciers,joint,2.828565581698943,2.5077113925077112,3.258193405039966
2039,glaciers,joint,2.939811395269741,2.602046489151759,3.3881904046762568
2040,glaciers,joint,3.0511956537771954,2.6957310535841357,3.5287715651235585
2041,glaciers,joint,3.160899590192188,2.7879277847643715,3.6813276364198133
2042,glaciers,joint,3.273239447025344,2.881366385106148,3.820607904015438
2043,glaciers,joint,3.384266290111278,2.9737191720289244,3.9684657267616537
2044,glaciers,joint,3.494863900939937,3.0621075753220053,4.113621069734822
2045,glaciers,joint,3.6050757119977312,3.1511133650143632,4.247511516840926
2046,glaciers,joint,3.7140377058263363,3.2411592198612356,4.391227016913066
2047,glaciers,joint,3.822972761523126,3.327840154756206,4.53793059571971
2048,glaciers,joint,3.934014932927301,3.411132052790216,4.676445299656989
2049,glaciers,joint,4.040807193287221,3.50126043788061,4.82602542967073
2050,glaciers,joint,4.1462247318093715,3.5839767732409564,4.982282361502929
2051,glaciers,joint,4.24993906062733,3.6645583852357477,5.135338241746982
2052,glaciers,joint,4.35105217790996,3.7427076001916793,5.280609877324403
2053,glaciers,joint,4.45317427405785,3.822105349306445,5.417914891435108
2054,glaciers,joint,4.552061731297261,3.8981013965458153,5.56041251810115
2055,glaciers,joint,4.652390104343903,3.9717614498701055,5.702502536261161
2056,glaciers,joint,4.749387776883977,4.045691233043825,5.831675594749952
2057,glaciers,joint,4.844731311303324,4.119441435723341,5.95695762329459
2058,glaciers,joint,4.939666481458173,4.189828951839434,6.086451847313902
2059,glaciers,joint,5.031394384824017,4.2622571784066094,6.215406390451232
2060,glaciers,joint,5.124202262332018,4.332149513460906,6.3424139139355304
2061,glaciers,joint,5.217926174881294,4.399709356719275,6.467709371727933
2062,glaciers,joint,5.307533960493151,4.463919622422757,6.589829978418527
2063,glaciers,joint,5.389926431490361,4.533600129248826,6.702194892556258
2064,glaciers,joint,5.473838936773788,4.596573762017013,6.808003092410679
2065,glaciers,joint,5.554588704074224,4.659004444926547,6.9347521670361365
2066,glaciers,joint,5.63498875079396,4.716828996929463,7.047680138136235
2067,glaciers,joint,5.711620388679642,4.77353422621189,7.1553525786212475
2068,glaciers,joint,5.786085155610655,4.830510280359292,7.263811203674083
2069,glaciers,joint,5.861152559331722,4.887781716083914,7.376429769289944
2070,glaciers,joint,5.934405238627124,4.9407479369286875,7.480096949094637
2071,glaciers,joint,6.00426166267611,4.993819946239969,7.5887813392999
2072,glaciers,joint,6.074013958293759,5.043616964553383,7.6915065644209974
2073,glaciers,joint,6.141732370300782,5.092082586926279,7.786105614361199
2074,glaciers,joint,6.206401407090013,5.138406090806618,7.88027592580146
2075,glaciers,joint,6.270369037716002,5.185607130931151,7.979283957138385
2076,glaciers,joint,6.333161255677862,5.231409060115309,8.065694782483856
2077,glaciers,joint,6.392601837978238,5.275759715707993,8.149263388562819
2078,glaciers,joint,6.451245771611477,5.321547096862387,8.237532269898791
2079,glaciers,joint,6.507113062850048,5.368747426819576,8.326888872545755
2080,glaciers,joint,6.561415456463118,5.412886152539558,8.408510498321494
2081,glaciers,joint,6.616070938646862,5.452930716121962,8.482686328327468
2082,glaciers,joint,6.67073199956658,5.492088507504664,8.556916568305308
2083,glaciers,joint,6.723427296523049,5.531258392268683,8.628233955536775
2084,glaciers,joint,6.773358810198239,5.570422384906616,8.69684033587352
2085,glaciers,joint,6.822648438242165,5.608534630457541,8.77244332778911
2086,glaciers,joint,6.8707702438541665,5.643779001837543,8.850450104158558
2087,glaciers,joint,6.915881642588785,5.676885074907036,8.926173398926739
2088,glaciers,joint,6.958894532074783,5.710108429555354,8.997853232258686
2089,glaciers,joint,7.0055408291402035,5.741346309439749,9.059752765949064
2090,glaciers,joint,7.047065846730915,5.771694342353254,9.112135644884841
2091,glaciers,joint,7.0902531038747245,5.803652109265465,9.176513167974894
2092,glaciers,joint,7.125971216685825,5.8328271093101565,9.239786914523746
2093,glaciers,joint,7.165331772574269,5.8639477759936325,9.295466991585583
2094,glaciers,joint,7.206788761034491,5.894312101527111,9.349246288208077
2095,glaciers,joint,7.2472494557066955,5.921849577009405,9.402122685315756
2096,glaciers,joint,7.285239845414346,5.947654648245399,9.451991387300477
2097,glaciers,joint,7.323984067297847,5.97442578656682,9.504716739995665
2098,glaciers,joint,7.359232711374869,5.997349237110647,9.557939014140448
2099,glaciers,joint,7.392065447818245,6.022635940330099,9.609399942484249
2100,glaciers,joint,7.421685171274978,6.045096883620162,9.658906518400876
2101,glaciers,joint,7.453253404158666,6.068088906604498,9.709450355221607
2102,glaciers,joint,7.479251434147642,6.0906395539297575,9.752140968900816
2103,glaciers,joint,7.506941015857482,6.112444368030719,9.79166839286493
2104,glaciers,joint,7.536716558056935,6.13397572094412,9.829679127151874
2105,glaciers,joint,7.565920494410131,6.1560268894427885,9.866618691192846
2106,glaciers,joint,7.59088623100662,6.174618497340523,9.902427115606724
2107,glaciers,joint,7.616227762971163,6.193057276703121,9.937102197002895
2108,glaciers,joint,7.641099624010261,6.21007487668286,9.972955221291128
2109,glaciers,joint,7.664651669228017,6.2256610179961065,10.003243747654327
2110,glaciers,joint,7.686213169880218,6.238961417480983,10.032618262183094
2111,glaciers,joint,7.708585309855575,6.258142100341204,10.059655138187791
2112,glaciers,joint,7.730846336883653,6.274969831113215,10.09587839196492
2113,glaciers,joint,7.752126767548116,6.292233216582609,10.1265081050323
2114,glaciers,joint,7.773085015905757,6.3079232641488865,10.159130053551985
2115,glaciers,joint,7.792735618473333,6.323274050813166,10.192379870022352
2116,glaciers,joint,7.8111550869083395,6.33816569533385,10.219562372946166
2117,glaciers,joint,7.831295511692819,6.352394600394153,10.249435416607984
2118,glaciers,joint,7.848566882431477,6.366052522401691,10.278242995000706
2119,glaciers,joint,7.8668690227106435,6.373836402205442,10.304767237225793
2120,glaciers,joint,7.886163685427948,6.384662574180444,10.332910049978306
2121,glaciers,joint,7.9033147793543925,6.397411423087083,10.358476987670619
2122,glaciers,joint,7.919348589289784,6.409476404505247,10.382670644737379
2123,glaciers,joint,7.935015668605032,6.420686733821175,10.406302026962239
2124,glaciers,joint,7.951790765181311,6.436610028680281,10.429157086280847
2125,glaciers,joint,7.966329397187664,6.447680776446439,10.451172581693427
2126,glaciers,joint,7.978700779289766,6.455984791640096,10.471737355902341
2127,glaciers,joint,7.992581797510361,6.465794456356519,10.483485303122764
2128,glaciers,joint,8.008397298575606,6.474988745318183,10.497452897460647
2129,glaciers,joint,8.022558573779959,6.486733956404545,10.517864038676507
2130,glaciers,joint,8.02997223462602,6.495888286866338,10.538624644274037
2131,glaciers,joint,8.038459411695717,6.504059283375061,10.561036474615127
2132,glaciers,joint,8.04986260262585,6.5120416602092694,10.5770937613572
2133,glaciers,joint,8.061897643348779,6.519826735221364,10.593479958376738
2134,glaciers,joint,8.07179331581753,6.5273998497299734,10.611207264007719
2135,glaciers,joint,8.083579643357256,6.53817294102571,10.62830389965064
2136,glaciers,joint,8.09042178925598,6.545253090602058,10.644596256079412
2137,glaciers,joint,8.101954991261504,6.5512512097176065,10.659446024822087
2138,glaciers,joint,8.112459517266362,6.556924830603996,10.673550527735514
2139,glaciers,joint,8.120375143237752,6.562871231714339,10.68880119770796
2140,glaciers,joint,8.12791041804621,6.569539598553761,10.700208194389004
2141,glaciers,joint,8.136794441673079,6.5760286758428546,10.709373814738308
2142,glaciers,joint,8.145936052681463,6.582346108234589,10.725871697358064
2143,glaciers,joint,8.153638245088061,6.587206559901906,10.743414388816863
2144,glaciers,joint,8.162287090662224,6.592876168728751,10.754494156975582
2145,glaciers,joint,8.16924001138846,6.598903015866217,10.758649543525946
2146,glaciers,joint,8.177477968976469,6.604925325976931,10.770235217904936
2147,glaciers,joint,8.18542670942349,6.611264844367618,10.785001140374657
2148,glaciers,joint,8.18966713830739,6.616060921064542,10.791220830643447
2149,glaciers,joint,8.197176508658572,6.621215671183989,10.795841420023836
2150,glaciers,joint,8.204038493768257,6.626013856299095,10.802677836718823
2151,glaciers,joint,8.207805130601109,6.63115970945595,10.807935563278798
2152,glaciers,joint,8.213593706316132,6.634876485998186,10.812715710554642
2153,glaciers,joint,8.218823112008405,6.637895384842945,10.818989946084509
2154,glaciers,joint,8.22319126998596,6.639829734553432,10.82312458063342
2155,glaciers,joint,8.225973631204905,6.641691646025677,10.831287685375699
2156,glaciers,joint,8.230058003787217,6.643464334372641,10.83907660417436
2157,glaciers,joint,8.233118687741333,6.645431517388293,10.8465979114957
2158,glaciers,joint,8.238178401075759,6.649422339031258,10.853817495310802
2159,glaciers,joint,8.242548981171801,6.6558336170459045,10.860705421639404
2160,glaciers,joint,8.245951930682981,6.655985085476997,10.865718493349892
2161,glaciers,joint,8.248083124216286,6.658515677638444,10.87011021507054
2162,glaciers,joint,8.251101850782069,6.661395242631189,10.874189162186868
2163,glaciers,joint,8.251367620590546,6.664206579019425,10.878003249324262
2164,glaciers,joint,8.253074864401944,6.666668617363883,10.881607829925407
2165,glaciers,joint,8.256415448544773,6.669106110353416,10.885041364554118
2166,glaciers,joint,8.260385937602084,6.671429776838513,10.888281934896114
2167,glaciers,joint,8.26378580438637,6.673639882323546,10.891320732893679
2168,glaciers,joint,8.26627580871213,6.67570692144965,10.894045161721142
2169,glaciers,joint,8.267461458737033,6.6776251837979945,10.896492322592746
2170,glaciers,joint,8.267516616129459,6.6793999657834595,10.898712950979709
2171,glaciers,joint,8.268818164224601,6.6810408601971565,10.900726007221689
2172,glaciers,joint,8.270613647373526,6.680401009490802,10.902552861753485
2173,glaciers,joint,8.271919751968948,6.6752600271315865,10.904217115966539
2174,glaciers,joint,8.27343893386281,6.673554050054053,10.905747948000318
2175,glaciers,joint,8.275805768957603,6.675417093524469,10.90715985105874
2176,glaciers,joint,8.278071181747078,6.677225281524418,10.90845773919234
2177,glaciers,joint,8.280222440071284,6.67857974554752,10.909144766425351
2178,glaciers,joint,8.279932107372755,6.677594933489069,10.898259956367307
2179,glaciers,joint,8.278168479477344,6.678750677514051,10.88284145295505
2180,glaciers,joint,8.279718137341456,6.679917849052075,10.871067417960699
2181,glaciers,joint,8.28110623611321,6.68095656724386,10.872118663461379
2182,glaciers,joint,8.280116423895745,6.68166545710674,10.879124397643734
2183,glaciers,joint,8.280082043244914,6.682250920355401,10.88586941827865
2184,glaciers,joint,8.277708425378423,6.682711283781089,10.892372560940668
2185,glaciers,joint,8.27756356105338,6.683047891893986,10.898659270560353
2186,glaciers,joint,8.276578329931644,6.683267164582938,10.904763037694853
2187,glaciers,joint,8.275914045461004,6.683386675436033,10.910733994747574
2188,glaciers,joint,8.270185054011264,6.683689267386497,10.912901628006042
2189,glaciers,joint,8.271053447624398,6.6844935290387335,10.912560066225357
2190,glaciers,joint,8.269674486468668,6.685232741853604,10.910250263632651
2191,glaciers,joint,8.268312619392503,6.683876472388678,10.903096229718445
2192,glaciers,joint,8.268637408869125,6.681733066506516,10.905235688051974
2193,glaciers,joint,8.265737891881564,6.679675451519495,10.90712674385691
2194,glaciers,joint,8.26415830594248,6.6763308332710185,10.907774762107799
2195,glaciers,joint,8.263486991939704,6.67231083027042,10.906487402086741
2196,glaciers,joint,8.259176661929597,6.668240533481039,10.90868329815444
2197,glaciers,joint,8.258725761284374,6.662407099830871,10.90330749942961
2198,glaciers,joint,8.256976704408702,6.660629435688368,10.897704438944167
2199,glaciers,joint,8.245191717582516,6.655851769342376,10.864674375806779
2200,glaciers,joint,8.239245321266626,6.654588904945465,10.845699749309466
2201,glaciers,joint,8.233669387423108,6.645364475245463,10.825775121403675
2202,glaciers,joint,8.232535933987053,6.640696368470499,10.804098449581927
2203,glaciers,joint,8.223429649860314,6.631815758858881,10.789903723665246
2204,glaciers,joint,8.211724374818914,6.620156197321583,10.781788215603502
2205,glaciers,joint,8.203218498220961,6.59963746284606,10.781003458214183
2206,glaciers,joint,8.195237221778047,6.583166016207113,10.7782057663929
2207,glaciers,joint,8.185765924466391,6.570539416352997,10.766354829439297
2208,glaciers,joint,8.177611868049896,6.562946963436396,10.76117606102303
2209,glaciers,joint,8.16745419579526,6.548735050685885,10.745609968657257
2210,glaciers,joint,8.160864709727889,6.528729866018144,10.740902964527587
2211,glaciers,joint,8.151301883876162,6.512535938635009,10.724543338175952
2212,glaciers,joint,8.141828103443576,6.506623831284872,10.72434481866658
2213,glaciers,joint,8.133581948596687,6.4967333132987175,10.716248673991332
2214,glaciers,joint,8.123329914509018,6.4843012295434965,10.690436386977485
2215,glaciers,joint,8.111798328403324,6.460510704008254,10.661171779344821
2216,glaciers,joint,8.098548425794162,6.431119123584165,10.657213522391725
2217,glaciers,joint,8.078292346342757,6.423534407987725,10.640421419907035
2218,glaciers,joint,8.077198870773103,6.391976029662328,10.621802718489844
2219,glaciers,joint,8.060853099014945,6.380147965865552,10.594337990326464
2220,glaciers,joint,8.048851466915266,6.3640516968684935,10.581313100295231
2221,glaciers,joint,8.039419968818919,6.351894285552637,10.568112492443495
2222,glaciers,joint,8.025279669002371,6.336175391785258,10.554542929211959
2223,glaciers,joint,8.009600072257404,6.303756016083889,10.533086494807346
2224,glaciers,joint,7.98789790507689,6.282337007344523,10.518290247154484
2225,glaciers,joint,7.975836471641959,6.265015113156369,10.502659516902616
2226,glaciers,joint,7.961242446889155,6.2512116943672,10.485918155020329
2227,glaciers,joint,7.941881007675866,6.214597456692904,10.464243431814616
2228,glaciers,joint,7.931682515666526,6.177836075999299,10.430702268226737
2229,glaciers,joint,7.9175719428442335,6.1509585470114345,10.38548690665165
2230,glaciers,joint,7.894444098144088,6.1198131242881955,10.340681969412783
2231,glaciers,joint,7.8744912792195745,6.0974284639507745,10.317393429518356
2232,glaciers,joint,7.859172259680527,6.073546276970408,10.296265866343322
2233,glaciers,joint,7.836245060058003,6.046517516311304,10.261085195727585
2234,glaciers,joint,7.812616468389507,6.024693960474492,10.240612318197375
2235,glaciers,joint,7.79803559893999,5.985129104255884,10.217669791559027
2236,glaciers,joint,7.771382556052329,5.93370398879663,10.206173871201694
2237,glaciers,joint,7.756081848830698,5.8950249880399035,10.195449970213195
2238,glaciers,joint,7.7341274037436865,5.859402927064502,10.184263441167358
2239,glaciers,joint,7.712914404886323,5.82560546111413,10.172277348080573
2240,glaciers,joint,7.692867552333992,5.798774560450629,10.143582490194175
2241,glaciers,joint,7.664780090477342,5.751818444473656,10.112157947046912
2242,glaciers,joint,7.643447840516735,5.719231249396908,10.100407021465376
2243,glaciers,joint,7.6239950316067375,5.689085863849604,10.085047666228487
2244,glaciers,joint,7.602682408343588,5.640109388613749,10.072274477220963
2245,glaciers,joint,7.572520811814257,5.590134915424044,10.030534285091838
2246,glaciers,joint,7.546234320709315,5.537555292246088,9.995093421986176
2247,glaciers,joint,7.5225998527143485,5.498114847801522,9.985732559244466
2248,glaciers,joint,7.4910998019365405,5.4678384972075005,9.976460620186598
2249,glaciers,joint,7.4656738579385316,5.422061030495249,9.9476565274286
2250,glaciers,joint,7.441905937046524,5.390327070185676,9.913114846924797
2251,glaciers,joint,7.416346806979003,5.355169082015054,9.87923505206577
2252,glaciers,joint,7.397842528622635,5.311080026033327,9.858608842455943
2253,glaciers,joint,7.373789792673925,5.272987944936944,9.822039505435248
2254,glaciers,joint,7.351684598115826,5.240802995043923,9.792907161852876
2255,glaciers,joint,7.315571433292656,5.206667979409683,9.775977189983724
2256,glaciers,joint,7.287568186468587,5.1728372445352235,9.753701452521154
2257,glaciers,joint,7.268883331171636,5.139287978054201,9.742703772850922
2258,glaciers,joint,7.243225800237139,5.097393039205874,9.698359342548153
2259,glaciers,joint,7.222070514603164,5.056832661733586,9.669104816550249
2260,glaciers,joint,7.190547708365618,5.011633366947909,9.651326272743628
2261,glaciers,joint,7.164889079517507,4.948285685013625,9.632751511955865
2262,glaciers,joint,7.138959114233243,4.897101622260582,9.607637218385062
2263,glaciers,joint,7.1135503675079805,4.875689411523013,9.571398912956012
2264,glaciers,joint,7.088851497572827,4.835791239271484,9.535789550771629
2265,glaciers,joint,7.059060138842159,4.794568678525469,9.509202845016478
2266,glaciers,joint,7.03093206592235,4.760702130688196,9.498037284397205
2267,glaciers,joint,7.009646562767745,4.709385014708299,9.483916890837675
2268,glaciers,joint,6.989843382588832,4.672638381940684,9.44354414185852
2269,glaciers,joint,6.969901775008685,4.63459952037633,9.4269067058821
2270,glaciers,joint,6.95160284438713,4.589425376987652,9.401096048367224
2271,glaciers,joint,6.930096055131481,4.549936130118091,9.38573840195163
2272,glaciers,joint,6.906514956246838,4.513907875498901,9.375825640518206
2273,glaciers,joint,6.888799543356566,4.469590088057505,9.351109748743278
2274,glaciers,joint,6.870354230669454,4.432522572200717,9.324662840692099
2275,glaciers,joint,6.848076058272343,4.394443268558468,9.302271292047996
2276,glaciers,joint,6.826888254953033,4.356323773186013,9.295713052245217
2277,glaciers,joint,6.806200797950842,4.3206248593324945,9.266426349503497
2278,glaciers,joint,6.789880054822903,4.2794757431383275,9.243439522035915
2279,glaciers,joint,6.773786800535969,4.236047076433568,9.228896179175706
2280,glaciers,joint,6.748452931994231,4.193213815159195,9.21326807377555
2281,glaciers,joint,6.723340485748265,4.1515417119814195,9.181405709835559
2282,glaciers,joint,6.696653059114413,4.110332426879665,9.145542453906486
2283,glaciers,joint,6.675130221467555,4.0696016910334105,9.133698039701319
2284,glaciers,joint,6.652691181357188,4.029439346430718,9.12267170435796
2285,glaciers,joint,6.627006635998459,4.005466929942497,9.112474891917278
2286,glaciers,joint,6.606089478941228,3.974426311225326,9.10116982773297
2287,glaciers,joint,6.592332532069193,3.931779708509143,9.071988363454276
2288,glaciers,joint,6.574566556520362,3.902928185304265,9.043845696288164
2289,glaciers,joint,6.5474190394421665,3.8649585356193867,9.029468059783992
2290,glaciers,joint,6.520266994910955,3.8345650504947035,9.005849985941666
2291,glaciers,joint,6.498493471444455,3.796917899885387,8.989896261191017
2292,glaciers,joint,6.480279660791506,3.7602458960443217,8.98155793563238
2293,glaciers,joint,6.45457517130766,3.717216408486678,8.975906588117228
2294,glaciers,joint,6.43444070671954,3.6804468168323607,8.954889869605859
2295,glaciers,joint,6.4170742601358075,3.6467706971104974,8.94060580135678
2296,glaciers,joint,6.397966873157905,3.617859925288277,8.929013809937976
2297,glaciers,joint,6.38513873257034,3.582576451967464,8.910315745800723
2298,glaciers,joint,6.370651144567504,3.5483775469118166,8.90410512619825
2299,glaciers,joint,6.353531780438516,3.5148695379499384,8.87882000406927
2300,glaciers,joint,6.3366170640262425,3.4817712797977705,8.857351230941557
1990,gis,fixed,-0.5563192242575261,-0.603613807061761,-0.5055416674091412
1991,gis,fixed,-0.5437878231692088,-0.5871094919065578,-0.49502117765544174
1992,gis,fixed,-0.5118017118204246,-0.5518079548998036,-0.4653224144341454
1993,gis,fixed,-0.5065250841974196,-0.5439794922523714,-0.4628790439494265
1994,gis,fixed,-0.5035861636702554,-0.5396899560169758,-0.46120787678647285
1995,gis,fixed,-0.4870955817831031,-0.5216813978427116,-0.44530679690307134
1996,gis,fixed,-0.46527583929004157,-0.5001831958925177,-0.42460203551670767
1997,gis,fixed,-0.41767800055354387,-0.45003788318277427,-0.3808388598650934
1998,gis,fixed,-0.3824825156128848,-0.41379611972826796,-0.3474745511706483
1999,gis,fixed,-0.3398005284739374,-0.3692369062291292,-0.30737743657691374
2000,gis,fixed,-0.3091489744999074,-0.3399955748117344,-0.2776671901566129
2001,gis,fixed,-0.2599326862394915,-0.28891819329203855,-0.23136205817496777
2002,gis,fixed,-0.20397994058094815,-0.22987965211521497,-0.17991119598713767
2003,gis,fixed,-0.15450572379184013,-0.17776360409702527,-0.13276807888483436
2004,gis,fixed,-0.05881316794769553,-0.06854049279774786,-0.04948470104643716
2005,gis,fixed,0.006034636572167518,0.0011204214553141244,0.010275478274125182
2006,gis,fixed,0.08775116194999422,0.08048720074947288,0.09465083405109707
2007,gis,fixed,0.14449993000945538,0.13223600655720055,0.15578591676207645
2008,gis,fixed,0.20741733905633586,0.18891546121920025,0.22419723975375114
2009,gis,fixed,0.251881198513904,0.22965494615074758,0.27151493551318473
2010,gis,fixed,0.3043041068089245,0.2766703898546088,0.3278330291898429
2011,gis,fixed,0.44206570115866084,0.3960041459955292,0.4882220925756716
2012,gis,fixed,0.48120137869686586,0.4327710152185539,0.5269462766257781
2013,gis,fixed,0.5493798534992944,0.49318512549351856,0.6012068084663987
2014,gis,fixed,0.6045291024948294,0.5420459427851381,0.6608379999992054
2015,gis,fixed,0.6696894626674865,0.6001338905831073,0.7322939252730196
2016,gis,fixed,0.6869848168019517,0.6174811142852884,0.7478726546271709
2017,gis,fixed,0.7750696655171518,0.6947992461148023,0.8468270782913487
2018,gis,fixed,0.825936445280218,0.740635571808119,0.901617081030915
2019,gis,fixed,0.864982918135154,0.7749934439749626,0.9422648888228489
2020,gis,fixed,0.9427177151549273,0.8427771512907234,1.0288710166907156
2021,gis,fixed,0.9967008744902581,0.8908908460281822,1.0880210974593356
2022,gis,fixed,1.0747875606022514,0.9592724659196656,1.1745871994591053
2023,gis,fixed,1.1207808697681867,0.9998508517489502,1.2252069088423434
2024,gis,fixed,1.169924014318454,1.043179654850145,1.278096573034429
2025,gis,fixed,1.2107023176416174,1.0799545436842724,1.3216029271410306
2026,gis,fixed,1.2729571799230612,1.1340955633195735,1.3900459434638832
2027,gis,fixed,1.336594857851976,1.1884222340028767,1.461635359430389
2028,gis,fixed,1.4002806856689265,1.2428755823626045,1.5324924527484072
2029,gis,fixed,1.4642845043588566,1.2973351296508333,1.60439246853254
2030,gis,fixed,1.529746154189986,1.3527594032712522,1.6770242062284972
2031,gis,fixed,1.5948334497455217,1.4095059297899588,1.7504749727985174
2032,gis,fixed,1.660372734775644,1.4663586630226118,1.8246344908663465
2033,gis,fixed,1.7266880990628715,1.5235753218623678,1.8979638132808496
2034,gis,fixed,1.7934454579117265,1.5813952805339515,1.9719934593937807
2035,gis,fixed,1.861568106214663,1.6395480361029198,2.050610977399728
2036,gis,fixed,1.930250453431984,1.698323808145376,2.128664317721225
2037,gis,fixed,2.0003488775139124,1.7582332349818997,2.207639980171084
2038,gis,fixed,2.0722837067569926,1.8172663641766187,2.289261707603504
2039,gis,fixed,2.14498674353696,1.8784903991497257,2.3711840704255525
2040,gis,fixed,2.219071877621137,1.9403099438330025,2.4542950171425932
2041,gis,fixed,2.2935462439339966,1.9998265992045978,2.540787078218854
2042,gis,fixed,2.368851272986206,2.0596280579823496,2.626233274334621
2043,gis,fixed,2.4431057586314755,2.120897637837171,2.713108565178155
2044,gis,fixed,2.5193087338534115,2.18287909254868,2.799780462702458
2045,gis,fixed,2.5955038323371262,2.246966424325425,2.8882864530865646
2046,gis,fixed,2.6720622140945065,2.3107721954282328,2.9778733304580625
2047,gis,fixed,2.747549020560495,2.3743429450956146,3.065890888540679
2048,gis,fixed,2.8242473656075635,2.4360636378296974,3.1588649302206
2049,gis,fixed,2.902350329428655,2.4995015979547333,3.2500682436170285
2050,gis,fixed,2.980990661630342,2.5621963366822658,3.3420617928448344
2051,gis,fixed,3.058955875626242,2.6248472422389546,3.4338364769569774
2052,gis,fixed,3.13765902925872,2.6872854547177627,3.527366729346046
2053,gis,fixed,3.2171088427304024,2.747910308777725,3.618220558057952
2054,gis,fixed,3.29431787405097,2.809638403406879,3.7105727962378845
2055,gis,fixed,3.371289519606042,2.8695146726911154,3.8003588166426994
2056,gis,fixed,3.447513965703276,2.9311931625156022,3.888879606058355
2057,gis,fixed,3.5234959335758824,2.9885808739786963,3.980148660299499
2058,gis,fixed,3.600653652894912,3.048355890750656,4.069697292303134
2059,gis,fixed,3.6766336058487936,3.10941099453735,4.159516027225609
2060,gis,fixed,3.7528882124120946,3.1720611468569033,4.252176369855978
2061,gis,fixed,3.8307803421160154,3.23575923182387,4.345709978685619
2062,gis,fixed,3.907923243956609,3.299092868070628,4.440269795268718
2063,gis,fixed,3.9834853865577897,3.3583059440886314,4.532505046293151
2064,gis,fixed,4.057944627692361,3.415172455168324,4.623560587057872
2065,gis,fixed,4.132217006742472,3.4704793292165745,4.712318113012054
2066,gis,fixed,4.205160773515869,3.5270520269818704,4.8007477271439845
2067,gis,fixed,4.278704233733518,3.5852237307942607,4.889932785988805
2068,gis,fixed,4.350820204085988,3.639715620741292,4.978315087381467
2069,gis,fixed,4.42264261675932,3.6937945148491127,5.064933536148757
2070,gis,fixed,4.493910890689881,3.7466111437720686,5.153121882590498
2071,gis,fixed,4.5646174438702944,3.7994909718600463,5.241207668031864
2072,gis,fixed,4.634025567035158,3.8574419366894976,5.328688238678036
2073,gis,fixed,4.7041731114936525,3.910229431281443,5.414073346726874
2074,gis,fixed,4.7726107965237805,3.961683867241697,5.498790520695977
2075,gis,fixed,4.841198267650797,4.012034461987019,5.582418571538328
2076,gis,fixed,4.909762032984759,4.062475499579716,5.665149415362989
2077,gis,fixed,4.9776543107017055,4.114346408776368,5.745884173077916
2078,gis,fixed,5.043997699890456,4.165021014123783,5.8250427564840805
2079,gis,fixed,5.108526461730008,4.214002607552464,5.903674423769694
2080,gis,fixed,5.173494076050194,4.262594748186332,5.9803242899882285
2081,gis,fixed,5.237622458949583,4.311907907238718,6.058077958901793
2082,gis,fixed,5.302613349732358,4.361268308322532,6.138587297030311
2083,gis,fixed,5.365826375447435,4.410633690112609,6.217371531834976
2084,gis,fixed,5.428719824288102,4.457009937985264,6.296781905647039
2085,gis,fixed,5.490122778925428,4.503679422496298,6.372788542693323
2086,gis,fixed,5.552673271228091,4.550432234671195,6.448047453811979
2087,gis,fixed,5.613076812848728,4.599384949255992,6.521919718847066
2088,gis,fixed,5.67234436094528,4.6473295135099795,6.5953569376616725
2089,gis,fixed,5.729848541840993,4.692087861494365,6.667886196659392
2090,gis,fixed,5.785423704915376,4.7325545564957645,6.7357694250099724
2091,gis,fixed,5.843082404880393,4.770630210491314,6.811757530117012
2092,gis,fixed,5.898202081230508,4.808747829072102,6.886862294699334
2093,gis,fixed,5.9533794771512545,4.848156454685167,6.957478297385999
2094,gis,fixed,6.007164097122262,4.887727106561302,7.0254567415514355
2095,gis,fixed,6.059378342388529,4.9243436953518716,7.0932235533332655
2096,gis,fixed,6.112375488722375,4.966366480356089,7.158175293932126
2097,gis,fixed,6.164095713007533,5.000818420696876,7.223078101843889
2098,gis,fixed,6.213633930592176,5.037656832389017,7.290073955532482
2099,gis,fixed,6.263120888541026,5.075885243501607,7.351374604490603
2100,gis,fixed,6.313419849026998,5.113736476197346,7.411621835706524
2101,gis,fixed,6.362127982176574,5.147229436232816,7.468822558545942
2102,gis,fixed,6.409604103839622,5.176631114018282,7.540358898144354
2103,gis,fixed,6.457027781671419,5.2101662088301675,7.611415467555313
2104,gis,fixed,6.503188021230935,5.243536755707362,7.669399958107584
2105,gis,fixed,6.550655382341889,5.276419355735743,7.734167363900821
2106,gis,fixed,6.595461026555894,5.308832600936333,7.792617187526764
2107,gis,fixed,6.63850042893697,5.340493763759122,7.851905136952813
2108,gis,fixed,6.6828121355155,5.371821338612647,7.9110120896843386
2109,gis,fixed,6.726335240737507,5.403097984120999,7.970364653017855
2110,gis,fixed,6.767430424517084,5.431821389775138,8.019531996861184
2111,gis,fixed,6.812312478750474,5.460886541982205,8.072988531802848
2112,gis,fixed,6.853703357061529,5.4891843940476255,8.125907674951259
2113,gis,fixed,6.893864074316166,5.516747900213219,8.183444914029272
2114,gis,fixed,6.934255791187198,5.543960159377545,8.240085893418726
2115,gis,fixed,6.971806170084762,5.567181898302849,8.296282469519044
2116,gis,fixed,7.011193543205655,5.591381636636622,8.352019741464861
2117,gis,fixed,7.04658596026932,5.6195476844961,8.405976249366152
2118,gis,fixed,7.085533419522438,5.650789102487937,8.455004641131634
2119,gis,fixed,7.1255207210968,5.67681929789562,8.504378169439065
2120,gis,fixed,7.157768946202454,5.701173276959038,8.557836327930604
2121,gis,fixed,7.191200497874387,5.725029772873345,8.611526797475397
2122,gis,fixed,7.226221051191349,5.74813682080716,8.659514855988512
2123,gis,fixed,7.2603786114885,5.77068550359345,8.708048148442716
2124,gis,fixed,7.292528270030067,5.793086056039503,8.753212205951604
2125,gis,fixed,7.327437384282781,5.813973829373664,8.802269032149152
2126,gis,fixed,7.3623902932957765,5.833965756752213,8.842044072418782
2127,gis,fixed,7.3957502822204155,5.85749209812182,8.88442145349354
2128,gis,fixed,7.430287267098135,5.880982100580755,8.930524829701648
2129,gis,fixed,7.4645816016771835,5.901371879156446,8.973916098337908
2130,gis,fixed,7.495880224317318,5.923174684614222,9.01639283906946
2131,gis,fixed,7.526680165559332,5.9430093044018415,9.057902348648014
2132,gis,fixed,7.556632968468152,5.960432990511901,9.096823668985289
2133,gis,fixed,7.585257060035545,5.9789548461001205,9.135076875536186
2134,gis,fixed,7.614781104442152,5.999201995968971,9.180417333666995
2135,gis,fixed,7.641408818671408,6.0171752992733545,9.218180501640113
2136,gis,fixed,7.665998344780228,6.034998270101154,9.255872690093412
2137,gis,fixed,7.6928895029933155,6.052594646945791,9.29369385544971
2138,gis,fixed,7.720028808430167,6.069927807770756,9.335512407079534
2139,gis,fixed,7.744206179291147,6.086722840182961,9.368371592832752
2140,gis,fixed,7.769449808566252,6.101198368997918,9.40657638226758
2141,gis,fixed,7.797013682206231,6.115822194130456,9.456628142668428
2142,gis,fixed,7.823780835427856,6.131658318329014,9.503254799122871
2143,gis,fixed,7.843351712152105,6.14800160842953,9.539372084150894
2144,gis,fixed,7.866679165836735,6.161966501932208,9.568827803268722
2145,gis,fixed,7.891907371777691,6.175023694098874,9.603943019721846
2146,gis,fixed,7.915089947176707,6.191387984387523,9.633090393651173
2147,gis,fixed,7.935034332457439,6.206222069807265,9.667917448235267
2148,gis,fixed,7.95509976352059,6.2179716778133,9.702620338101452
2149,gis,fixed,7.976205502062216,6.23296848357752,9.736148285527607
2150,gis,fixed,7.994843289121877,6.2498488286561935,9.768976428837446
2151,gis,fixed,8.01567877603281,6.2640148107959375,9.801249769860132
2152,gis,fixed,8.035403902081375,6.2768992291772685,9.831687730489714
2153,gis,fixed,8.052975889137628,6.284967430293229,9.85744870759824
2154,gis,fixed,8.069410322939419,6.292341701144324,9.88288651235351
2155,gis,fixed,8.088768561325399,6.302099411120446,9.908594845830866
2156,gis,fixed,8.104749181772236,6.310221083326659,9.926995210826908
2157,gis,fixed,8.121023923127309,6.3172041158311645,9.946437064433004
2158,gis,fixed,8.135915743556318,6.32493028657942,9.965790432270259
2159,gis,fixed,8.150530125541456,6.331821714748675,9.985300532992971
2160,gis,fixed,8.168502682493454,6.338462411674114,10.011928057902313
2161,gis,fixed,8.183873323465638,6.344901485578418,10.039456814149359
2162,gis,fixed,8.20073009648074,6.3513658930905015,10.063347027337112
2163,gis,fixed,8.21445153298012,6.361059874652516,10.079591293448718
2164,gis,fixed,8.227532285295055,6.367658889937401,10.102464442371947
2165,gis,fixed,8.238712997479514,6.378131017900152,10.129953450197632
2166,gis,fixed,8.249556046731655,6.381706531917928,10.154679370153648
2167,gis,fixed,8.260132864076539,6.3833354043249955,10.173753031466473
2168,gis,fixed,8.268488151624615,6.388486382369006,10.183586986583986
2169,gis,fixed,8.275049752465787,6.393706017215342,10.192324662650892
2170,gis,fixed,8.286632269587134,6.396565102621581,10.21981077797033
2171,gis,fixed,8.295244174593835,6.400051141275669,10.247277735466046
2172,gis,fixed,8.306868912238983,6.407113343311582,10.274439306819405
2173,gis,fixed,8.318086190900537,6.413435697762694,10.29169366303355
2174,gis,fixed,8.326874270061921,6.420260044858509,10.30504593507811
2175,gis,fixed,8.333792392399255,6.425841961863038,10.318280111163764
2176,gis,fixed,8.341653347962236,6.427455963747453,10.340749876903047
2177,gis,fixed,8.350409929102053,6.429499658958429,10.359727768222793
2178,gis,fixed,8.355884152666126,6.431518866061808,10.3721620112202
2179,gis,fixed,8.359283389713934,6.433141523303855,10.383677240525975
2180,gis,fixed,8.362485661663287,6.434470579184447,10.396586795063913
2181,gis,fixed,8.366564418329844,6.4356548040429695,10.415565481382902
2182,gis,fixed,8.367918273181349,6.436726010328209,10.42936333122804
2183,gis,fixed,8.367725293528729,6.435580201552788,10.438216305633429
2184,gis,fixed,8.371624540730012,6.432100349276576,10.448549601154705
2185,gis,fixed,8.372683132386062,6.4267730722415,10.466801097803797
2186,gis,fixed,8.374110749468073,6.421924709638754,10.480463221791057
2187,gis,fixed,8.377005252364604,6.421846433648134,10.484191493471032
2188,gis,fixed,8.377906755173564,6.411595016400484,10.491586444271315
2189,gis,fixed,8.376683663642005,6.40639043953161,10.501929278123338
2190,gis,fixed,8.376437311332662,6.407048035082272,10.501803840191963
2191,gis,fixed,8.37957339038283,6.4014572391062075,10.500692903511448
2192,gis,fixed,8.377707582167108,6.394224576832826,10.50716743061403
2193,gis,fixed,8.374849734396207,6.389517016198444,10.517871705877512
2194,gis,fixed,8.377293947603738,6.383222723922478,10.5258091993628
2195,gis,fixed,8.379586905191932,6.3768647232415,10.538914092285232
2196,gis,fixed,8.379884766024965,6.371247711859741,10.537964045344925
2197,gis,fixed,8.378098201397304,6.363989773676908,10.542558820714984
2198,gis,fixed,8.376549113422561,6.358367774756444,10.550112683130823
2199,gis,fixed,8.3746431758475,6.357915443536114,10.548212833441053
2200,gis,fixed,8.371891070700915,6.357306376742103,10.542313776036064
2201,gis,fixed,8.36662033685474,6.356519702552774,10.536456775490583
2202,gis,fixed,8.362536275403459,6.349805393455614,10.542449489271243
2203,gis,fixed,8.35562034772552,6.345151673185698,10.548130008603923
2204,gis,fixed,8.350064347348127,6.3420155794928705,10.553763738274448
2205,gis,fixed,8.349772713671918,6.328946570143358,10.556016435124286
2206,gis,fixed,8.347585329014539,6.315430197207744,10.558627678050037
2207,gis,fixed,8.343771619679373,6.301812572837685,10.563020316824709
2208,gis,fixed,8.336858774080657,6.291442736566831,10.569513136189139
2209,gis,fixed,8.330441095516179,6.2881172799177305,10.57546996683433
2210,gis,fixed,8.322456771160233,6.292249205043185,10.580752339442522
2211,gis,fixed,8.311740507952806,6.282255688732012,10.585427074980842
2212,gis,fixed,8.302654350873084,6.270898501308262,10.584531038998449
2213,gis,fixed,8.296692724696424,6.260896604628838,10.57981782541284
2214,gis,fixed,8.29391657731217,6.244863061938005,10.585638530108126
2215,gis,fixed,8.286873349987259,6.226357464339554,10.584249649315408
2216,gis,fixed,8.287752194402698,6.2152534838587785,10.591895421195677
2217,gis,fixed,8.273987838675676,6.202908754106647,10.601123601014544
2218,gis,fixed,8.26632780855781,6.187890001488031,10.603266303261995
2219,gis,fixed,8.260713437977596,6.180603045295565,10.6018688051653
2220,gis,fixed,8.251419121245059,6.17393807842438,10.60022909669996
2221,gis,fixed,8.248750291611444,6.160776375020079,10.587876003887828
2222,gis,fixed,8.238805718374802,6.143983516136324,10.582435496139073
2223,gis,fixed,8.226474563071433,6.131262338978666,10.582744551350473
2224,gis,fixed,8.212109267641985,6.115327620531796,10.578176338374384
2225,gis,fixed,8.197557755090685,6.109459395293976,10.572079576421157
2226,gis,fixed,8.194572540482312,6.093585205336611,10.55869583411974
2227,gis,fixed,8.187655260981025,6.075526126325851,10.554187416352535
2228,gis,fixed,8.176012588388861,6.056380409050844,10.551622657997928
2229,gis,fixed,8.171447535755267,6.045147578235751,10.548898359157858
2230,gis,fixed,8.163396400434907,6.030342859883536,10.54604445408281
2231,gis,fixed,8.15375106231483,6.01564688198836,10.543003057731601
2232,gis,fixed,8.140870306985011,6.0030359480016084,10.539468222040842
2233,gis,fixed,8.133131290550857,5.987031891704961,10.536880508435805
2234,gis,fixed,8.119032791685843,5.9832502889211305,10.533607101177312
2235,gis,fixed,8.111099177443394,5.9780924851742245,10.529931393479073
2236,gis,fixed,8.096578756780971,5.965818630155231,10.525542181650051
2237,gis,fixed,8.086374217011578,5.953047171698415,10.522185380840464
2238,gis,fixed,8.078025299350585,5.937487412709214,10.513801845337914
2239,gis,fixed,8.066645896779576,5.925139337551277,10.498840488290778
2240,gis,fixed,8.05866878301077,5.90622929360492,10.496141234752132
2241,gis,fixed,8.054172136098316,5.892220387898154,10.500502979371966
2242,gis,fixed,8.047859557115085,5.8787045752568075,10.497803830586635
2243,gis,fixed,8.038683590538671,5.86341061917743,10.489890025977246
2244,gis,fixed,8.028295068212888,5.851526206927403,10.481820091402321
2245,gis,fixed,8.018889496210296,5.839795695403865,10.473422082181274
2246,gis,fixed,8.004874285910862,5.828054958024989,10.467825312047234
2247,gis,fixed,7.994519346311401,5.819549929726399,10.46466270074565
2248,gis,fixed,7.987111885113284,5.804385280896398,10.46136098965719
2249,gis,fixed,7.977251595572055,5.7936374437461975,10.455392089968187
2250,gis,fixed,7.965513772535303,5.784543302163643,10.4482523795833
2251,gis,fixed,7.955663943827414,5.778895864718148,10.440826457221881
2252,gis,fixed,7.944242629894799,5.770848244199217,10.427910741776032
2253,gis,fixed,7.935706256847481,5.7573552234763845,10.412559525329675
2254,gis,fixed,7.92947493311742,5.749801031030021,10.415425665761328
2255,gis,fixed,7.921391424376866,5.739030731839447,10.411663019308254
2256,gis,fixed,7.90963467474624,5.730221453348356,10.406371024493584
2257,gis,fixed,7.900620345073671,5.7198283788738005,10.40299504698743
2258,gis,fixed,7.891373233337987,5.70736481057492,10.398659018379991
2259,gis,fixed,7.884017411024471,5.702395442869564,10.393608765890109
2260,gis,fixed,7.873920097408669,5.691606349966307,10.382371345771535
2261,gis,fixed,7.861671057307556,5.669420126631131,10.378985000252268
2262,gis,fixed,7.848120025553044,5.6499583547512655,10.3793151355244
2263,gis,fixed,7.838441144103142,5.632294612180025,10.374756066437797
2264,gis,fixed,7.828712796748796,5.62150118055472,10.370275466729481
2265,gis,fixed,7.818898998827642,5.6084351474407965,10.365348435442924
2266,gis,fixed,7.805044878821537,5.596756031568283,10.36326091366301
2267,gis,fixed,7.7963514585743,5.58534317493145,10.357796598599176
2268,gis,fixed,7.781459540251111,5.573624038028401,10.356579169153362
2269,gis,fixed,7.7723872111190975,5.558456240267345,10.35012940226099
2270,gis,fixed,7.759740458887622,5.535024511724554,10.346640506045844
2271,gis,fixed,7.750275972468942,5.50614575247784,10.337988597238272
2272,gis,fixed,7.740848791086902,5.495198648091297,10.333319055260372
2273,gis,fixed,7.727876032541743,5.4889757242454955,10.330045529831851
2274,gis,fixed,7.716605182031808,5.482789334368778,10.326795965153739
2275,gis,fixed,7.702494810432155,5.465691907253744,10.322895955677438
2276,gis,fixed,7.693300039926627,5.445315604637947,10.320748970859968
2277,gis,fixed,7.681411574439913,5.427872914385148,10.317882916889028
2278,gis,fixed,7.67061844824437,5.408947992382259,10.315027667816095
2279,gis,fixed,7.663551158873441,5.391240425694235,10.312114561510645
2280,gis,fixed,7.651857126256829,5.373602261661593,10.308498062634772
2281,gis,fixed,7.639832681235081,5.360186761880112,10.305827781274193
2282,gis,fixed,7.629260299262596,5.353817410052462,10.302893497660628
2283,gis,fixed,7.621015629410153,5.3476839536910115,10.299519381526006
2284,gis,fixed,7.608918609535434,5.333260117608303,10.294113561111217
2285,gis,fixed,7.595530910040534,5.3147250515118065,10.288523622228595
2286,gis,fixed,7.5859648375880155,5.296352496373238,10.2868668897007
2287,gis,fixed,7.57789736626466,5.284366982063918,10.281547437901242
2288,gis,fixed,7.567135824037896,5.27660370595326,10.284289817770174
2289,gis,fixed,7.556462023924729,5.270826022002438,10.281673134109077
2290,gis,fixed,7.5480611859321876,5.264147812143156,10.27908218746313
2291,gis,fixed,7.536496445510579,5.246827240310837,10.276113139239865
2292,gis,fixed,7.5309715200239475,5.230205101818176,10.272985767595
2293,gis,fixed,7.520743410075635,5.220470059745009,10.269869720531986
2294,gis,fixed,7.514774518804025,5.218164659476934,10.266768555410005
2295,gis,fixed,7.5088083072002245,5.21612315887079,10.261217153335673
2296,gis,fixed,7.503495682033467,5.204388252100405,10.256769464225469
2297,gis,fixed,7.4926614519427215,5.19704508884675,10.252113723009119
2298,gis,fixed,7.481231934867965,5.175273180499114,10.241428684598077
2299,gis,fixed,7.475986658090721,5.16269553971939,10.235550896795559
2300,gis,fixed,7.466337810783472,5.145673254951964,10.237295079123392
1990,gis,joint,-0.5563192242575261,-0.603613807061761,-0.5055416674091412
1991,gis,joint,-0.5437878231692088,-0.5871094919065578,-0.49502117765544174
1992,gis,joint,-0.5118017118204246,-0.5518079548998036,-0.4653224144341454
1993,gis,joint,-0.5065250841974196,-0.5439794922523714,-0.4628790439494265
1994,gis,joint,-0.5035861636702554,-0.5396899560169758,-0.46120787678647285
1995,gis,joint,-0.4870955817831031,-0.5216813978427116,-0.44530679690307134
1996,gis,joint,-0.46527583929004157,-0.5001831958925177,-0.42460203551670767
1997,gis,joint,-0.41767800055354387,-0.45003788318277427,-0.3808388598650934
1998,gis,joint,-0.3824825156128848,-0.41379611972826796,-0.3474745511706483
1999,gis,joint,-0.3398005284739374,-0.3692369062291292,-0.30737743657691374
2000,gis,joint,-0.3091489744999074,-0.3399955748117344,-0.2776671901566129
2001,gis,joint,-0.2599326862394915,-0.28891819329203855,-0.23136205817496777
2002,gis,joint,-0.20397994058094815,-0.22987965211521497,-0.17991119598713767
2003,gis,joint,-0.15450572379184013,-0.17776360409702527,-0.13276807888483436
2004,gis,joint,-0.05881316794769553,-0.06854049279774786,-0.04948470104643716
2005,gis,joint,0.006034636572167518,0.0011204214553141244,0.010275478274125182
2006,gis,joint,0.08775116194999422,0.08048720074947288,0.09465083405109707
2007,gis,joint,0.14449993000945538,0.13223600655720055,0.15578591676207645
2008,gis,joint,0.20741733905633586,0.18891546121920025,0.22419723975375114
2009,gis,joint,0.251881198513904,0.22965494615074758,0.27151493551318473
2010,gis,joint,0.3043041068089245,0.2766703898546088,0.3278330291898429
2011,gis,joint,0.44206570115866084,0.3960041459955292,0.4882220925756716
2012,gis,joint,0.48120137869686586,0.4327710152185539,0.5269462766257781
2013,gis,joint,0.5493798534992944,0.49318512549351856,0.6012068084663987
2014,gis,joint,0.6045291024948294,0.5420459427851381,0.6608379999992054
2015,gis,joint,0.6696894626674865,0.6001338905831073,0.7322939252730196
2016,gis,joint,0.6869848168019517,0.6174811142852884,0.7478726546271709
2017,gis,joint,0.7750696655171518,0.6947992461148023,0.8468270782913487
2018,gis,joint,0.825936445280218,0.740635571808119,0.901617081030915
2019,gis,joint,0.864982918135154,0.7749934439749626,0.9422648888228489
2020,gis,joint,0.9427177151549273,0.8427771512907234,1.0288710166907156
2021,gis,joint,0.9967008744902581,0.8908908460281822,1.0880210974593356
2022,gis,joint,1.0747875606022514,0.9592724659196656,1.1745871994591053
2023,gis,joint,1.1207808697681867,0.9998508517489502,1.2252069088423434
2024,gis,joint,1.169924014318454,1.043179654850145,1.278096573034429
2025,gis,joint,1.2107023176416174,1.0799545436842724,1.3216029271410306
2026,gis,joint,1.2702905921694359,1.1309670588747878,1.3860616562238108
2027,gis,joint,1.3307843636578425,1.182563817604627,1.4534814035377133
2028,gis,joint,1.392180593626584,1.235480313304962,1.5222307180148076
2029,gis,joint,1.4541095229142722,1.2880000381180563,1.5916780212055284
2030,gis,joint,1.5178749213228446,1.3408253874286578,1.6625927557182985
2031,gis,joint,1.581728221252725,1.3950386067310532,1.7334508743904038
2032,gis,joint,1.645906967756987,1.4495819644995722,1.80673741447567
2033,gis,joint,1.7126296684363171,1.5053666291394023,1.8815791564392281
2034,gis,joint,1.7793540862312622,1.5611980070059914,1.9588219725370768
2035,gis,joint,1.847441079833776,1.6178729438623594,2.0360402555449006
2036,gis,joint,1.9162574561023722,1.6757169179486366,2.1195261579252085
2037,gis,joint,1.9876031110984864,1.7344646532392622,2.203142549197514
2038,gis,joint,2.0599923226059293,1.7930518568994414,2.2873727089665365
2039,gis,joint,2.1324864026251613,1.852975054698661,2.373462816683777
2040,gis,joint,2.205879493118622,1.9131099644818061,2.464691983574761
2041,gis,joint,2.2792948301830647,1.973270766423177,2.5572864981187644
2042,gis,joint,2.354776486567765,2.0334978915284334,2.651419493451583
2043,gis,joint,2.4286333452041804,2.0938857047753223,2.7411899496825645
2044,gis,joint,2.502250733667978,2.1552088161830736,2.83338826266288
2045,gis,joint,2.5774560731942664,2.214716798326424,2.9307460020165905
2046,gis,joint,2.6530153101149208,2.2733859175357614,3.023989789189717
2047,gis,joint,2.729614689637242,2.3323326977926184,3.12128045766405
2048,gis,joint,2.8047777317715483,2.391186398073394,3.2188652971513254
2049,gis,joint,2.879039029693831,2.450004008562583,3.316897911838336
2050,gis,joint,2.9556624877990347,2.508495760590629,3.4094490802294684
2051,gis,joint,3.029711884126096,2.568362297644335,3.5112267656980887
2052,gis,joint,3.1039825842568654,2.627342324787213,3.6108525629714974
2053,gis,joint,3.177887168391781,2.6823789522696355,3.7125848323689428
2054,gis,joint,3.251239718309225,2.7427825931940406,3.802344463497163
2055,gis,joint,3.322439566266699,2.798431535949783,3.901120458740619
2056,gis,joint,3.3935282015183748,2.853844045373671,4.001917682600479
2057,gis,joint,3.465845371247543,2.9090329957968155,4.100935331665252
2058,gis,joint,3.5376350517700716,2.9598761910182736,4.196856644892592
2059,gis,joint,3.6062208105076015,3.014591738236452,4.292359540196894
2060,gis,joint,3.6769973909952625,3.0649942525212444,4.389295088784401
2061,gis,joint,3.7468961780384618,3.115389461036661,4.48847013916544
2062,gis,joint,3.8163965571698326,3.165049160544223,4.580531297700384
2063,gis,joint,3.884251844195656,3.215944871967539,4.676180869152413
2064,gis,joint,3.951158248377987,3.2653348757575515,4.765418844011923
2065,gis,joint,4.015345283679677,3.3124927141854004,4.853755373895729
2066,gis,joint,4.078451474924636,3.358432056371939,4.940373384771156
2067,gis,joint,4.141932240352064,3.40382709705529,5.024122191861876
2068,gis,joint,4.209596306874131,3.4487737940471934,5.108605803212194
2069,gis,joint,4.273671807929854,3.4979810233983,5.192235580026182
2070,gis,joint,4.335342085160399,3.5429878080781467,5.274349736135706
2071,gis,joint,4.395346194708937,3.5877114068995666,5.364216742585037
2072,gis,joint,4.457641792999848,3.630221991821816,5.454544395826621
2073,gis,joint,4.516996437318969,3.671771012961856,5.536263263124317
2074,gis,joint,4.5748429207507595,3.7121514007930254,5.6150801110381074
2075,gis,joint,4.6328500793268175,3.7573242717796274,5.69814001319667
2076,gis,joint,4.690637630259297,3.797966235465279,5.780172683159436
2077,gis,joint,4.745292412209157,3.8374287317385694,5.867598288758291
2078,gis,joint,4.801287997673301,3.877068963451948,5.943843049422261
2079,gis,joint,4.8532444685751255,3.9156550855614825,6.025252223843007
2080,gis,joint,4.905420248147673,3.9527500006733156,6.1054419097111365
2081,gis,joint,4.958745829769398,3.992548832683688,6.176211078552072
2082,gis,joint,5.009596155210016,4.028042370856825,6.242364055441137
2083,gis,joint,5.059170843845711,4.062803098755255,6.3153551907309735
2084,gis,joint,5.108679013299199,4.100132198652998,6.38920353806603
2085,gis,joint,5.160044844250013,4.13142870192573,6.461356016875396
2086,gis,joint,5.20939036406395,4.169229318740092,6.53622448174913
2087,gis,joint,5.25425883111067,4.20359553872123,6.601160524908032
2088,gis,joint,5.3010198362170335,4.2359234557123315,6.669507783192585
2089,gis,joint,5.343928360152791,4.267139442720641,6.735843196939296
2090,gis,joint,5.388061056183833,4.297977498856625,6.803220657225731
2091,gis,joint,5.431709604540013,4.328296815246376,6.870406814422318
2092,gis,joint,5.4706964664403674,4.356434722174234,6.930439454187745
2093,gis,joint,5.512375778771219,4.3861821272477055,6.996770571509857
2094,gis,joint,5.555422533681121,4.412254657298078,7.05950775005576
2095,gis,joint,5.596691707524517,4.436115459260036,7.114927409481183
2096,gis,joint,5.634204714802856,4.459098091200074,7.1697484978466175
2097,gis,joint,5.672020310341933,4.483896147715049,7.229200493294669
2098,gis,joint,5.709022077555282,4.511349439038296,7.283334357030852
2099,gis,joint,5.745969382579117,4.5376190089515465,7.327983627785483
2100,gis,joint,5.783237138325937,4.56047732866679,7.382586252003018
2101,gis,joint,5.816421719309456,4.582283362916078,7.4334275850633045
2102,gis,joint,5.8507686263017735,4.603274420244765,7.490598536157584
2103,gis,joint,5.886665351374159,4.624375313862421,7.544521811327146
2104,gis,joint,5.91769293548904,4.64603912097111,7.593751977716092
2105,gis,joint,5.948807452556235,4.6655733341560595,7.64710372959309
2106,gis,joint,5.978347923259335,4.684228946571785,7.702597854157933
2107,gis,joint,6.011270439742585,4.703301630008633,7.75026365530057
2108,gis,joint,6.04241906094383,4.723854528090339,7.79149923853877
2109,gis,joint,6.073410027349805,4.741305603194856,7.82805752199934
2110,gis,joint,6.102525440325468,4.755994532861422,7.872818674835244
2111,gis,joint,6.129042012675564,4.771908922268034,7.916437670864405
2112,gis,joint,6.155449904408611,4.786031008295186,7.9575735358626
2113,gis,joint,6.182360286664354,4.798314079821821,8.002908346295744
2114,gis,joint,6.212039875468369,4.813798737935848,8.045025749847248
2115,gis,joint,6.238351863487477,4.8287593556049275,8.086331451149775
2116,gis,joint,6.261178552441777,4.839914588919398,8.126479149106133
2117,gis,joint,6.283649853852983,4.852014351025431,8.164552447486514
2118,gis,joint,6.305933600266293,4.865771558676955,8.20343820120959
2119,gis,joint,6.329058990453573,4.883795216874113,8.244164942643952
2120,gis,joint,6.350637033922432,4.901366362210194,8.282534749655513
2121,gis,joint,6.370600426255921,4.915260523592146,8.31702081307778
2122,gis,joint,6.387477793700223,4.926623587153273,8.349560889449915
2123,gis,joint,6.405674633769111,4.930789365358515,8.381260321062594
2124,gis,joint,6.425267399763349,4.9346300384533945,8.411744712349778
2125,gis,joint,6.439234658009376,4.9482315339340275,8.442283244557105
2126,gis,joint,6.463428981596321,4.960738832860582,8.470936211982181
2127,gis,joint,6.478928269172542,4.971702340767924,8.498025081143098
2128,gis,joint,6.495006085372806,4.9798979462324064,8.523532111279467
2129,gis,joint,6.509153373692347,4.983396653052652,8.54747917997347
2130,gis,joint,6.5237751020458905,4.98601879356281,8.578515258667299
2131,gis,joint,6.536923106860712,4.99189537795969,8.600295875597027
2132,gis,joint,6.549293701528386,5.001898701012076,8.62783431228437
2133,gis,joint,6.567244525207643,5.005041154230291,8.64456924759975
2134,gis,joint,6.583501187880943,5.013277425757246,8.664688471411964
2135,gis,joint,6.602083445536526,5.020834029829994,8.69443644636835
2136,gis,joint,6.6134759638420135,5.031924616310657,8.724167145953261
2137,gis,joint,6.626345805499772,5.03921895227091,8.739271110722498
2138,gis,joint,6.637214896604466,5.049947138480496,8.75835037903611
2139,gis,joint,6.648088920192969,5.060448919384792,8.783350015119622
2140,gis,joint,6.661486669050547,5.061695875479409,8.811404483034384
2141,gis,joint,6.669013576154277,5.059378453307831,8.834279032893301
2142,gis,joint,6.675566097491579,5.056623362224048,8.845182247821011
2143,gis,joint,6.687903299972067,5.056812216209439,8.866337018558868
2144,gis,joint,6.698382352785259,5.060718192097048,8.897503278814678
2145,gis,joint,6.707576801991924,5.063098700506263,8.908258870895168
2146,gis,joint,6.718526557145405,5.063639201548567,8.917172537767584
2147,gis,joint,6.726302618346162,5.065408813472214,8.925214158392036
2148,gis,joint,6.732953586764221,5.061605376889493,8.917028576250658
2149,gis,joint,6.736340817766408,5.057386587805223,8.926934762555051
2150,gis,joint,6.7392615589649045,5.052758523120223,8.938931780673526
2151,gis,joint,6.740978898008029,5.047783902067282,8.948609869573877
2152,gis,joint,6.741451747423379,5.046023607120561,8.958551564539057
2153,gis,joint,6.74443351813707,5.046050605186286,8.976753173106523
2154,gis,joint,6.742343893197804,5.0450142840767,9.001264377433493
2155,gis,joint,6.744995834123362,5.045441032890078,8.995070425326885
2156,gis,joint,6.748902799365166,5.044143644136242,9.019520416857953
2157,gis,joint,6.751035819920454,5.03348187921717,9.046007190312293
2158,gis,joint,6.747416536662959,5.02596977671289,9.06958320366408
2159,gis,joint,6.749458801819568,5.022995230867406,9.062690782523505
2160,gis,joint,6.750177489149362,5.01963118377797,9.079737170598758
2161,gis,joint,6.749478088538144,5.015905176781787,9.089910422439198
2162,gis,joint,6.751140714059724,5.011751199333883,9.093666770865362
2163,gis,joint,6.750016717934421,5.009733535309783,9.099825290304311
2164,gis,joint,6.75229613370139,5.00078084387924,9.10740381961624
2165,gis,joint,6.749356156476852,4.99780950703158,9.11213759800995
2166,gis,joint,6.755722811563038,4.986410315231254,9.125574048191144
2167,gis,joint,6.755706818507626,4.967751640973518,9.136229561317778
2168,gis,joint,6.750936375521304,4.958745205502646,9.139497251567013
2169,gis,joint,6.745572179255937,4.9489760728934025,9.147459535349599
2170,gis,joint,6.744686324639982,4.950297515984034,9.133257753872078
2171,gis,joint,6.741281227415609,4.949293540181572,9.133058266948451
2172,gis,joint,6.7358831717598004,4.930523911076232,9.134182669645739
2173,gis,joint,6.73077812416533,4.909926124220198,9.127688494246975
2174,gis,joint,6.719059014643385,4.894846030195833,9.120812519989448
2175,gis,joint,6.7135870710156285,4.88689634143259,9.121122429915177
2176,gis,joint,6.7148153926502605,4.878963939005589,9.125218436357494
2177,gis,joint,6.71289343030754,4.874060497963466,9.129382177506725
2178,gis,joint,6.705929767072567,4.866219320472397,9.1413617953372
2179,gis,joint,6.70297181009178,4.859851697823472,9.152789907105687
2180,gis,joint,6.697682022383869,4.849739212923532,9.151019511902636
2181,gis,joint,6.691758145700909,4.847263571598074,9.153201286962087
2182,gis,joint,6.683558120749334,4.831270982465361,9.139561264547266
2183,gis,joint,6.679777578653625,4.819198152649321,9.142800789872796
2184,gis,joint,6.669466309784532,4.802235553385651,9.14330246002847
2185,gis,joint,6.668093105169822,4.784364156345174,9.142140706526407
2186,gis,joint,6.663721239405259,4.767901478065367,9.147875983421537
2187,gis,joint,6.655536541658438,4.758503981960629,9.149541975738952
2188,gis,joint,6.6397780867588585,4.745720751301373,9.134308403423493
2189,gis,joint,6.631013318031214,4.725880027328494,9.122149379661108
2190,gis,joint,6.6161771280938595,4.7044984056262225,9.12421718768254
2191,gis,joint,6.613724920603062,4.688006167123253,9.110565191734667
2192,gis,joint,6.599711918198944,4.6686150650195275,9.103558865056684
2193,gis,joint,6.599282714825897,4.653435599763341,9.099662367172701
2194,gis,joint,6.58973237110531,4.638792638399971,9.1011072517981
2195,gis,joint,6.583186777864524,4.616304224456233,9.094426813225986
2196,gis,joint,6.56977125617738,4.592087291960063,9.076364917090938
2197,gis,joint,6.554887106719241,4.572977227733488,9.060271426552283
2198,gis,joint,6.544106153264952,4.560904876475634,9.072362690774465
2199,gis,joint,6.533448817367872,4.544152869226713,9.06294887611736
2200,gis,joint,6.525056184828257,4.52651812364231,9.046582811860809
2201,gis,joint,6.509874985193708,4.505417639813959,9.04372578755937
2202,gis,joint,6.500923091565103,4.4807768015974165,9.04752213706286
2203,gis,joint,6.492797141709131,4.452800322725787,9.041407625611848
2204,gis,joint,6.479259809838506,4.432837553259081,9.015244908020607
2205,gis,joint,6.4691691247063945,4.416618326796074,9.002809284730084
2206,gis,joint,6.45797528024932,4.389354410810478,8.999323708331492
2207,gis,joint,6.449681279246924,4.371745354445372,8.999800355079097
2208,gis,joint,6.433441670806406,4.352500372899423,8.998426777619562
2209,gis,joint,6.415533376545985,4.319482343507918,8.98717383783322
2210,gis,joint,6.401750446960451,4.306605815149718,8.985989084551246
2211,gis,joint,6.3925933078334936,4.286062317641931,8.97793089341856
2212,gis,joint,6.383454504542446,4.261528592588461,8.967591672564946
2213,gis,joint,6.372479557583783,4.24775876239728,8.95924789440231
2214,gis,joint,6.3612336442567585,4.230833642144486,8.948854840741232
2215,gis,joint,6.345882568107705,4.205260230802637,8.937002582824691
2216,gis,joint,6.328477873951695,4.180174783669685,8.933133785236532
2217,gis,joint,6.317450261798616,4.158686145079672,8.928679931904432
2218,gis,joint,6.307533028477861,4.149823060698303,8.924554636729061
2219,gis,joint,6.29467929587091,4.126810439731454,8.920275838842525
2220,gis,joint,6.282212674103889,4.103326773133557,8.915800584127057
2221,gis,joint,6.264308172538808,4.07863707093138,8.91106605116162
2222,gis,joint,6.253599562945481,4.045916155877677,8.906373192099322
2223,gis,joint,6.241229593085626,4.024193673910272,8.901267771516757
2224,gis,joint,6.224020828853149,4.010414063367381,8.89714765137681
2225,gis,joint,6.2126388084090856,3.993886060344753,8.891732424142763
2226,gis,joint,6.200709871909984,3.9707517105762618,8.879620668197791
2227,gis,joint,6.183374552984356,3.92947062738273,8.878720418581919
2228,gis,joint,6.167103814942905,3.90864744564959,8.87283826155945
2229,gis,joint,6.152587423722018,3.8932534387078874,8.849182690262177
2230,gis,joint,6.147183317741504,3.8726074413794773,8.841234423238184
2231,gis,joint,6.137164497384507,3.8269046067797765,8.833304461935887
2232,gis,joint,6.124292273755238,3.7976694989030975,8.825520383331328
2233,gis,joint,6.1133106782485225,3.784278029595042,8.813151675996222
2234,gis,joint,6.100927282312324,3.763197599258015,8.811166560421372
2235,gis,joint,6.09098232237255,3.738222013746928,8.797227359315107
2236,gis,joint,6.080298386867227,3.696346719035748,8.792758312739286
2237,gis,joint,6.068068581631937,3.6548733648810185,8.790958627421773
2238,gis,joint,6.059547271291245,3.6133016888284684,8.784980763556375
2239,gis,joint,6.050895503897582,3.5745600099800283,8.779217311861737
2240,gis,joint,6.036933911211769,3.5503966550983423,8.773402713856804
2241,gis,joint,6.023196865997718,3.518955572451991,8.76740720507015
2242,gis,joint,6.010017618977065,3.5011218823035666,8.757317387243804
2243,gis,joint,6.0004707913594455,3.4799025824775756,8.750373231796747
2244,gis,joint,5.9842669588867015,3.45680440050367,8.738706471715165
2245,gis,joint,5.96463053230446,3.4338565166701787,8.736472898926207
2246,gis,joint,5.950603818121622,3.395557046848145,8.736220110589262
2247,gis,joint,5.940663721049837,3.363388909510822,8.73556660789831
2248,gis,joint,5.928753131965602,3.3255257856395644,8.729050632628052
2249,gis,joint,5.920657926013803,3.306525022196673,8.721858289388363
2250,gis,joint,5.911959929934657,3.2674821014882722,8.70898730680521
2251,gis,joint,5.907709925569943,3.2301158573020565,8.69591578893277
2252,gis,joint,5.89183691017149,3.2069249721255884,8.683528405251106
2253,gis,joint,5.881567660925892,3.176774967404365,8.680472175363972
2254,gis,joint,5.872017620509666,3.1455066499189672,8.678687855677849
2255,gis,joint,5.861835855404626,3.1137239755544055,8.667101928290297
2256,gis,joint,5.850434703845066,3.0836534814743306,8.66117616308238
2257,gis,joint,5.8434935112312765,3.0608038932956307,8.660694820838236
2258,gis,joint,5.829959596826811,3.022054773554684,8.655356392276351
2259,gis,joint,5.812662604332931,2.9912857866940965,8.645610942399493
2260,gis,joint,5.8040521156943665,2.9606412762891803,8.642901567914826
2261,gis,joint,5.7932851922825765,2.9439796490391297,8.639985210895642
2262,gis,joint,5.783795662753745,2.920869247353176,8.630700792957963
2263,gis,joint,5.776298802683164,2.901725008037194,8.61983585537671
2264,gis,joint,5.768421131371692,2.871114003026938,8.609611673513795
2265,gis,joint,5.757765665806911,2.848010003645604,8.604404089483767
2266,gis,joint,5.742323990888421,2.82897162216836,8.600385181591918
2267,gis,joint,5.734800325210903,2.810064570090715,8.590262876137759
2268,gis,joint,5.731086211205657,2.7759766177200818,8.588190434092432
2269,gis,joint,5.720326417528721,2.7425337559416962,8.588497176632238
2270,gis,joint,5.711139708850414,2.720414861632754,8.585057380760947
2271,gis,joint,5.699414201930559,2.7000344598909796,8.57332927811888
2272,gis,joint,5.685330669386827,2.6734490411175904,8.564241295299452
2273,gis,joint,5.682788630504131,2.650160132830224,8.561498376811185
2274,gis,joint,5.673884929418296,2.6271440326751967,8.561498366925191
2275,gis,joint,5.663915304099283,2.6047565806345956,8.561498357022446
2276,gis,joint,5.656466362483874,2.5824577558484068,8.549083998253252
2277,gis,joint,5.636923624821111,2.5543762718455336,8.544773703391819
2278,gis,joint,5.6260516294017995,2.5233309237835466,8.521207102963986
2279,gis,joint,5.6201604530703335,2.4924721613498333,8.507305890410255
2280,gis,joint,5.616578147836977,2.4614245803217423,8.50650191377039
2281,gis,joint,5.605432632461515,2.430109030415473,8.486403366483042
2282,gis,joint,5.592960995466827,2.3989556595701216,8.480814105496036
2283,gis,joint,5.587917891404045,2.367974680883879,8.469251975562633
2284,gis,joint,5.582974654759173,2.337324019082928,8.46812942514266
2285,gis,joint,5.567235220680271,2.3072869679782193,8.457445596342012
2286,gis,joint,5.552407071390614,2.2774818233576197,8.453923072082397
2287,gis,joint,5.548296773837167,2.246398469844546,8.449902815862076
2288,gis,joint,5.5392505555957126,2.2132700153049107,8.447596887888519
2289,gis,joint,5.525237250527967,2.183764871785342,8.447417767660355
2290,gis,joint,5.517817722181989,2.158778466259969,8.446390493385081
2291,gis,joint,5.51421012975531,2.129754863830983,8.444123537128768
2292,gis,joint,5.507144614912266,2.0987487890350405,8.444082477401926
2293,gis,joint,5.49636033837374,2.0678663717416894,8.443886305898333
2294,gis,joint,5.494019392711922,2.0373980330163177,8.443383566380597
2295,gis,joint,5.477681864559134,2.007335561030513,8.442980529119744
2296,gis,joint,5.472587757404973,1.9849669982278764,8.442612664288694
2297,gis,joint,5.463469812947961,1.9673372083575404,8.438814508340824
2298,gis,joint,5.451119431307314,1.9468062355852427,8.438793447691584
2299,gis,joint,5.449481909033501,1.916124093073103,8.438772323414945
2300,gis,joint,5.436254534510942,1.8933535703084647,8.438754254100573
1990,ais,fixed,-0.2562535277082331,-0.29958422899304993,-0.2049809387991109
1991,ais,fixed,-0.24217053726186127,-0.28227364275502764,-0.1952892984451299
1992,ais,fixed,-0.22705108379316472,-0.2630621828613632,-0.18423549424809005
1993,ais,fixed,-0.2135448154915185,-0.247589202853307,-0.1744089119025204
1994,ais,fixed,-0.20940439407300182,-0.24095808897494125,-0.17235461880145397
1995,ais,fixed,-0.2012614953916872,-0.2307161855084689,-0.16614506735887738
1996,ais,fixed,-0.18861088866864606,-0.21757467372732558,-0.1559353115563298
1997,ais,fixed,-0.17413209445235897,-0.20510114032839163,-0.1448364876507719
1998,ais,fixed,-0.15823554860718586,-0.18767609715066028,-0.1314118607019398
1999,ais,fixed,-0.13877586678493703,-0.16499849558680918,-0.11674482356894764
2000,ais,fixed,-0.11914836451666166,-0.14269439295277786,-0.09988857408749116
2001,ais,fixed,-0.09859634364944087,-0.11847498125184665,-0.08270962217245711
2002,ais,fixed,-0.07359211231766438,-0.09055474516063625,-0.061709218058295295
2003,ais,fixed,-0.04780472853543241,-0.06154174219507787,-0.03960890341721441
2004,ais,fixed,-0.022048221871232815,-0.032905036596560314,-0.01722705517288863
2005,ais,fixed,0.0014796440623235374,-0.007014963023029152,0.006325899548877965
2006,ais,fixed,0.02787608261202451,0.020250815128649576,0.03558852346047705
2007,ais,fixed,0.0538317128753551,0.04354295800795355,0.06494049044369962
2008,ais,fixed,0.07930653784686803,0.06544244173535022,0.0939403863200291
2009,ais,fixed,0.10602798169198091,0.08838286418849663,0.12353131744052698
2010,ais,fixed,0.13369024557440928,0.11229498768241367,0.15445035686350336
2011,ais,fixed,0.16184245310913314,0.13674056068311238,0.18614363111457066
2012,ais,fixed,0.18968634554863828,0.16022570832170513,0.21678434446461795
2013,ais,fixed,0.22228923750666602,0.18795715238914498,0.25187586354149677
2014,ais,fixed,0.25281505058717235,0.2140254057986746,0.28506233698186106
2015,ais,fixed,0.28370292085709137,0.24057040341536473,0.31857570334096835
2016,ais,fixed,0.3195762649325981,0.2714904623903084,0.35691358137585116
2017,ais,fixed,0.35410296022836496,0.301035037738948,0.39452167379783903
2018,ais,fixed,0.3879279199854277,0.329146854940477,0.4314522825032806
2019,ais,fixed,0.4224959552253615,0.3590250828543848,0.46966478681994467
2020,ais,fixed,0.45881383071223614,0.3898436886803921,0.5108792220813003
2021,ais,fixed,0.4937137578125328,0.4192945962877659,0.5507116597824309
2022,ais,fixed,0.5311853657318338,0.4524710077615314,0.5939424605787477
2023,ais,fixed,0.5689346353884455,0.4847831767542097,0.6376047974265879
2024,ais,fixed,0.6088233275273771,0.5181207120219751,0.6838146855271913
2025,ais,fixed,0.6494287799221748,0.5517746473666824,0.7293979948511764
2026,ais,fixed,0.690766805115409,0.5866240084279891,0.7781259990734676
2027,ais,fixed,0.7325248913175514,0.6213484694408505,0.8282145678998184
2028,ais,fixed,0.7761111633820172,0.6568904851859239,0.8796100084625
2029,ais,fixed,0.8193895958864383,0.6914663028025111,0.9319559569208103
2030,ais,fixed,0.8642419593473951,0.7280562943106578,0.9847580296824897
2031,ais,fixed,0.9087399335804394,0.7638018244229158,1.0381342286622341
2032,ais,fixed,0.9533745816783884,0.7989273881589538,1.0924404491686224
2033,ais,fixed,0.9992090365083504,0.8360446899007707,1.149420310702601
2034,ais,fixed,1.0470370793753605,0.8740271253839381,1.2074978706720207
2035,ais,fixed,1.0950981781228142,0.9124989059186879,1.267039681489168
2036,ais,fixed,1.144302494556812,0.9536714366486606,1.3287075078387747
2037,ais,fixed,1.1948490327097485,0.9926746606596,1.393098486956502
2038,ais,fixed,1.2452638181780529,1.0302683912589088,1.4597089297015728
2039,ais,fixed,1.298787807705578,1.069231873195684,1.5277455702810536
2040,ais,fixed,1.3531350262630308,1.1119963929815808,1.59822114038744
2041,ais,fixed,1.407613849503352,1.1506395606790494,1.6704369752905373
2042,ais,fixed,1.462329603001252,1.1900003505076435,1.748578589141104
2043,ais,fixed,1.5171479463033668,1.2301974898938068,1.8257532319076983
2044,ais,fixed,1.574609060478627,1.2686019147335736,1.9110370083713257
2045,ais,fixed,1.6328711884705598,1.3108585621497209,2.004151597787201
2046,ais,fixed,1.6905295063838308,1.352902808652639,2.093330636367552
2047,ais,fixed,1.7508958134384534,1.3943864472176943,2.2144852929447265
2048,ais,fixed,1.811029025841703,1.4380274070640544,2.387259883585711
2049,ais,fixed,1.871805639867706,1.4840267595487466,2.812981300917533
2050,ais,fixed,1.9326991828324713,1.526771575005607,3.533106539333122
2051,ais,fixed,1.9951354550918996,1.5699219207820265,4.180025134224968
2052,ais,fixed,2.057401549696676,1.613034556116682,4.906642142735684
2053,ais,fixed,2.120884419737174,1.657147881343613,5.740822887985405
2054,ais,fixed,2.182313652234753,1.7003471346347228,6.609674610558313
2055,ais,fixed,2.243700908923788,1.7442477508967829,7.504733012352396
2056,ais,fixed,2.306958637215885,1.7925559100606154,8.148287883934108
2057,ais,fixed,2.3722317662864825,1.8356076418548306,8.842454295964682
2058,ais,fixed,2.4360660668548917,1.881616294287279,9.529493544836098
2059,ais,fixed,2.4998131161428625,1.9262988228855928,10.216015444862034
2060,ais,fixed,2.5655965626054904,1.9751593247124644,10.897958395010532
2061,ais,fixed,2.631598448145863,2.018377452601565,11.716016502609364
2062,ais,fixed,2.6960335062631793,2.061323918914738,12.249405103713743
2063,ais,fixed,2.7621305735590456,2.1051537609425135,13.049636366574369
2064,ais,fixed,2.825512113682006,2.149269060503349,13.662488674411597
2065,ais,fixed,2.8891078711138447,2.1930632015857254,14.539849280641212
2066,ais,fixed,2.9524461412367202,2.2347850333699903,15.252897846826869
2067,ais,fixed,3.014578038415322,2.2800996651695096,15.773308689959203
2068,ais,fixed,3.0775789279558587,2.3256331674357122,16.300722862299658
2069,ais,fixed,3.141144776212813,2.3713910010227313,16.90674495416192
2070,ais,fixed,3.205259099970501,2.414633851358125,17.652722035803233
2071,ais,fixed,3.2692661303075634,2.4580061629582195,18.801078205834145
2072,ais,fixed,3.3327426233101978,2.501511433794202,19.53499399097134
2073,ais,fixed,3.3967385792746327,2.544536372648227,20.359832331034372
2074,ais,fixed,3.4595299137446998,2.587376592159054,21.128087027672276
2075,ais,fixed,3.5216335341271385,2.6308206516301103,21.887098275186634
2076,ais,fixed,3.583537568596739,2.6758825885543227,22.823698225126183
2077,ais,fixed,3.6457231593402533,2.7209066444181715,23.505353582392896
2078,ais,fixed,3.708152101928214,2.7666641954758155,24.192849921155055
2079,ais,fixed,3.7701637320399692,2.8099009225842613,24.89139621235335
2080,ais,fixed,3.8324880353252846,2.853968889580637,25.559782876670216
2081,ais,fixed,3.8944714019904914,2.8949045747795528,26.222022067118715
2082,ais,fixed,3.9563294210305466,2.9360248096437913,26.77777581087545
2083,ais,fixed,4.018936963935554,2.977774517426382,27.477870190681617
2084,ais,fixed,4.081893224466246,3.0239166060008915,27.9970457014522
2085,ais,fixed,4.144891586491452,3.0664012449412343,28.667143092138975
2086,ais,fixed,4.207452216605159,3.1109674309392195,29.451523446038117
2087,ais,fixed,4.268582054451414,3.155700679720911,30.055142467133802
2088,ais,fixed,4.328815547097104,3.200095465071287,30.375315850800657
2089,ais,fixed,4.388747905245509,3.242159368818287,30.93849358204639
2090,ais,fixed,4.448112135572855,3.283977862927678,31.456538963109082
2091,ais,fixed,4.50734473607519,3.3253337105672482,31.733753961634264
2092,ais,fixed,4.566541950147332,3.367053847452274,32.13221857496415
2093,ais,fixed,4.625692886499303,3.4084434081064523,32.35445697779107
2094,ais,fixed,4.684682297488438,3.4497468621970486,32.84810020516404
2095,ais,fixed,4.743474582511707,3.490948146721489,32.94934534825045
2096,ais,fixed,4.80211807075661,3.532075032935027,33.31337804220169
2097,ais,fixed,4.860225539619899,3.5730190309757868,33.799795054602924
2098,ais,fixed,4.917660651251881,3.613655931925774,34.29015396651926
2099,ais,fixed,4.974544664585533,3.6540373101481274,34.377622849201124
2100,ais,fixed,5.0310011177016385,3.6944213538430386,34.805011480230405
2101,ais,fixed,5.087070523057701,3.7351741248460906,34.85925634398502
2102,ais,fixed,5.142909204675316,3.775792435752661,34.90529366831496
2103,ais,fixed,5.198662780307755,3.816365982109873,35.100333068510466
2104,ais,fixed,5.254437740835582,3.8569594412271755,35.43869076154878
2105,ais,fixed,5.309941494163594,3.897383680612821,35.59820958022932
2106,ais,fixed,5.365210152262173,3.9376669412248644,35.97367166530621
2107,ais,fixed,5.4200144735298235,3.977761668247687,36.346709647262
2108,ais,fixed,5.474482826325675,4.017619693010388,36.85222268789738
2109,ais,fixed,5.528411571707922,4.057150962246452,36.99585125980716
2110,ais,fixed,5.581839553883119,4.096385651260627,37.061253680019774
2111,ais,fixed,5.6348453918414805,4.135336529661792,37.12623993493121
2112,ais,fixed,5.687513301267904,4.174043365882858,37.17683013759513
2113,ais,fixed,5.739840587888333,4.212549187060934,37.21791325426428
2114,ais,fixed,5.7921464166182215,4.250909105117851,37.25877440128222
2115,ais,fixed,5.844414092938171,4.2891995000309775,37.63221662011663
2116,ais,fixed,5.896483589312984,4.327360978861778,38.0472756101944
2117,ais,fixed,5.948339592883961,4.365385197783669,38.461943673016684
2118,ais,fixed,5.999996707376698,4.403282738568358,38.84606273080846
2119,ais,fixed,6.051203725802168,4.4408773882979435,38.89180288972703
2120,ais,fixed,6.10184973039588,4.478101115429915,38.93171572014323
2121,ais,fixed,6.151990516347672,4.514997900751986,38.971100592842234
2122,ais,fixed,6.201698589765159,4.55161719499744,39.00983429770724
2123,ais,fixed,6.251011168793891,4.587982696682404,39.04739716535273
2124,ais,fixed,6.300057609232041,4.624183551321331,39.084695957613796
2125,ais,fixed,6.348988203096207,4.660319844116921,39.12188772131305
2126,ais,fixed,6.397783340257233,4.6963960105274305,39.1589829898496
2127,ais,fixed,6.446085053245608,4.732276423413335,39.195773864123474
2128,ais,fixed,6.494006120990231,4.767986762105542,39.23229582035017
2129,ais,fixed,6.541523602344656,4.803475631942156,39.26847036381989
2130,ais,fixed,6.588595172841593,4.838686728635442,39.30420922459429
2131,ais,fixed,6.635093787721646,4.873539000974457,39.33938571047163
2132,ais,fixed,6.681089959946134,4.908084157435796,39.37407639698245
2133,ais,fixed,6.726538551493043,4.942339018398486,39.40033321333207
2134,ais,fixed,6.771131457468164,4.976368607835815,39.42190094493992
2135,ais,fixed,6.815454190059921,5.010247232927119,39.4433127816158
2136,ais,fixed,6.859623983992572,5.044044013982172,39.464642833284664
2137,ais,fixed,6.90355431270334,5.0777006164122005,39.48582730055498
2138,ais,fixed,6.947215587790177,5.111200382580712,39.506848392895726
2139,ais,fixed,6.99055990977355,5.144513808312897,39.52767422682186
2140,ais,fixed,7.033351349237957,5.17749391127833,39.548145799003194
2141,ais,fixed,7.075715264822067,5.210226315962479,39.568356902605174
2142,ais,fixed,7.118356595645235,5.242610620578217,39.58819819402873
2143,ais,fixed,7.160646318952905,5.274669591923152,39.60769499684387
2144,ais,fixed,7.203239691724308,5.306424362628886,39.626870092192235
2145,ais,fixed,7.245186716785566,5.337889390205521,39.6457389621544
2146,ais,fixed,7.285396759991007,5.36912226983282,39.66436395895048
2147,ais,fixed,7.325274282240711,5.400214472095212,39.68278460702642
2148,ais,fixed,7.365647814884836,5.432080016966395,39.700966294820184
2149,ais,fixed,7.406350450200911,5.463746543119733,39.71888371123018
2150,ais,fixed,7.446701727233902,5.495223423895126,39.736548191714846
2151,ais,fixed,7.486699180989898,5.52550851689759,39.753957178966516
2152,ais,fixed,7.526281124745871,5.55362834006086,39.77106134436838
2153,ais,fixed,7.565454873469203,5.581422042470688,39.787869005612805
2154,ais,fixed,7.6042350394871905,5.609944947258641,39.80439165989291
2155,ais,fixed,7.642634186960946,5.6387566732910575,39.82063871966776
2156,ais,fixed,7.680678411855358,5.667321927074879,39.83663043517816
2157,ais,fixed,7.7183918421285505,5.695784967049919,39.852402705781074
2158,ais,fixed,7.754898418709555,5.7236166999797895,39.86802710735094
2159,ais,fixed,7.791180417989069,5.75243386041137,39.883562805416716
2160,ais,fixed,7.827255338021783,5.7804547656505205,39.89896286524394
2161,ais,fixed,7.8630985127770785,5.8098291809591185,39.91421059284696
2162,ais,fixed,7.8986486035624806,5.842882913271616,39.92926151050786
2163,ais,fixed,7.93364256459202,5.875329377373578,39.94392420702829
2164,ais,fixed,7.968421588305727,5.905415905867807,39.958334201345565
2165,ais,fixed,8.003495085721276,5.934865699860152,39.97236289959061
2166,ais,fixed,8.038086441423522,5.961467092293356,39.98604230671324
2167,ais,fixed,8.072215276828441,5.987745091694101,39.99938714729471
2168,ais,fixed,8.105631214043513,6.013739129735611,40.0124392221566
2169,ais,fixed,8.138586672726127,6.042138869106239,40.02528971898692
2170,ais,fixed,8.171455504994702,6.069852986998117,40.03810162048043
2171,ais,fixed,8.20437365210402,6.094980600559381,40.05097008950223
2172,ais,fixed,8.236763725116042,6.121213034659828,40.06367014301845
2173,ais,fixed,8.268864099824846,6.150142761525906,40.07618336942599
2174,ais,fixed,8.300450912360994,6.179023142979169,40.08829272072627
2175,ais,fixed,8.331773279285079,6.208903986029098,40.10010552274887
2176,ais,fixed,8.363604295290815,6.235554945006258,40.11154678042215
2177,ais,fixed,8.393410912603319,6.263379253002143,40.12255431975064
2178,ais,fixed,8.422417500860515,6.291101510059559,40.133177112766404
2179,ais,fixed,8.451603498020948,6.318743859128959,40.14349126175189
2180,ais,fixed,8.480489185086736,6.346251894542913,40.15356622188131
2181,ais,fixed,8.509050949147532,6.373692594322323,40.16351208358138
2182,ais,fixed,8.537657561496822,6.399516682516682,40.17333306401505
2183,ais,fixed,8.566743494007781,6.424858062089819,40.18297599327009
2184,ais,fixed,8.595254685742546,6.452737534204621,40.19240376630919
2185,ais,fixed,8.622447720141007,6.481043173227943,40.201488561844364
2186,ais,fixed,8.649301799801886,6.507508861617878,40.21025219689365
2187,ais,fixed,8.677097355886822,6.532656379310083,40.21865551299892
2188,ais,fixed,8.702006688461829,6.554073744902775,40.22665942255652
2189,ais,fixed,8.725762252955118,6.577523652966959,40.23430077228444
2190,ais,fixed,8.749909466698131,6.599722051534576,40.241639142207674
2191,ais,fixed,8.774199944388279,6.621280375208654,40.24870815230172
2192,ais,fixed,8.799054664848475,6.6432871643257245,40.25560709360625
2193,ais,fixed,8.824901645135284,6.663840110488199,40.262386559550755
2194,ais,fixed,8.848609087017886,6.684738887944959,40.268942292134625
2195,ais,fixed,8.871928112662154,6.7054317395872145,40.275281193919916
2196,ais,fixed,8.892929068047106,6.726069298385478,40.28137135171174
2197,ais,fixed,8.914965531643428,6.749541418449658,40.28707414685043
2198,ais,fixed,8.938211252956274,6.769485932744744,40.292506270025555
2199,ais,fixed,8.960265817189306,6.796343310170602,40.2975577711248
2200,ais,fixed,8.981095089170843,6.821068260056413,40.302269852975655
2201,ais,fixed,9.002760624750367,6.842546952379857,40.30665728093174
2202,ais,fixed,9.024728557294207,6.865216706041015,40.31074116772437
2203,ais,fixed,9.04300453142872,6.888057417713155,40.31463729212292
2204,ais,fixed,9.06233240097731,6.910305029015582,40.31846346433925
2205,ais,fixed,9.081140117392128,6.924810184491731,40.32230122658155
2206,ais,fixed,9.098851029594694,6.947489113151971,40.32599718896348
2207,ais,fixed,9.115833143569377,6.955685845260694,40.32952221457923
2208,ais,fixed,9.132442787777027,6.98240203643501,40.33262338125541
2209,ais,fixed,9.14940344560937,7.004211126837785,40.33541223056377
2210,ais,fixed,9.164743175293658,7.019599857524002,40.33776035671451
2211,ais,fixed,9.181587985857094,7.036485850606073,40.33974041168815
2212,ais,fixed,9.196474611792647,7.048823369060096,40.34142616912965
2213,ais,fixed,9.211676056031727,7.0627857130471074,40.342852702384
2214,ais,fixed,9.225659322110829,7.07786948663323,40.34395103030589
2215,ais,fixed,9.239632471411957,7.099012112612646,40.34488762162619
2216,ais,fixed,9.251725089702795,7.111750353264474,40.345623595610995
2217,ais,fixed,9.265525939151804,7.1249448431146085,40.34613698870819
2218,ais,fixed,9.278015323641755,7.14091234398279,40.34641958612965
2219,ais,fixed,9.290429194282847,7.157261889126202,40.34648827372768
2220,ais,fixed,9.305029509249387,7.172434343052379,40.346354280721435
2221,ais,fixed,9.31628744319547,7.187499525996814,40.346040464786746
2222,ais,fixed,9.328058624840722,7.20371698719778,40.345544742846826
2223,ais,fixed,9.339371810300396,7.208795602254696,40.34488023030525
2224,ais,fixed,9.349291775256397,7.210959279699442,40.34404550374969
2225,ais,fixed,9.358999487990786,7.215981776103297,40.34305142047015
2226,ais,fixed,9.369525448385204,7.227648624362205,40.34190873152763
2227,ais,fixed,9.380077148105812,7.2409440519436,40.34065526289969
2228,ais,fixed,9.394728944702884,7.254472949495219,40.3393110339772
2229,ais,fixed,9.406595920910712,7.267897095466596,40.33785711108949
2230,ais,fixed,9.415061807350797,7.281240551283164,40.336320462416815
2231,ais,fixed,9.42652562163605,7.2896416798046495,40.33464417290327
2232,ais,fixed,9.438394294951987,7.297443384607715,40.332857161567766
2233,ais,fixed,9.44825485217661,7.306138876565037,40.33093061809958
2234,ais,fixed,9.455679036219065,7.316048111343398,40.32882193318376
2235,ais,fixed,9.464603683941023,7.326173483127415,40.32654218509765
2236,ais,fixed,9.473899473422723,7.336211365145166,40.324124207291554
2237,ais,fixed,9.48300297821445,7.34120406040096,40.32157335246023
2238,ais,fixed,9.491970622570381,7.35060789709155,40.31893403629151
2239,ais,fixed,9.500934026098305,7.356083880509888,40.316308603616825
2240,ais,fixed,9.510378021447735,7.366558265072802,40.31375659530435
2241,ais,fixed,9.519641172286288,7.368975439310751,40.31115107143342
2242,ais,fixed,9.528483770005039,7.37682632818062,40.308476963598636
2243,ais,fixed,9.53862095575478,7.383763226792009,40.30574725140563
2244,ais,fixed,9.547768356890213,7.392723740428228,40.302900156738346
2245,ais,fixed,9.55540976810657,7.400517869290049,40.299844539180306
2246,ais,fixed,9.562078664143105,7.408355446703448,40.29661514782576
2247,ais,fixed,9.569371038697225,7.413488481179018,40.29322909450492
2248,ais,fixed,9.575806994187722,7.415621940043284,40.28972919871335
2249,ais,fixed,9.582107318902658,7.417967061523558,40.28615358793048
2250,ais,fixed,9.58999351264227,7.425185305359434,40.282667806354084
2251,ais,fixed,9.600686369015547,7.432038265747068,40.279294196621194
2252,ais,fixed,9.608877265716895,7.436451409642688,40.27594135851166
2253,ais,fixed,9.61782386090833,7.440852347685403,40.27254727051566
2254,ais,fixed,9.627118914833263,7.445232426040828,40.26904685074516
2255,ais,fixed,9.633921901325454,7.449839763366258,40.265365375729225
2256,ais,fixed,9.64277948501159,7.456006578915834,40.261536729613866
2257,ais,fixed,9.648958761618289,7.4639105303264195,40.25759273867833
2258,ais,fixed,9.655614557099668,7.472582196726115,40.25352791073428
2259,ais,fixed,9.664666304076913,7.481232770539755,40.24935926234621
2260,ais,fixed,9.673083946313653,7.485445401694743,40.24509616344289
2261,ais,fixed,9.679085271521561,7.488629990756624,40.24078370836805
2262,ais,fixed,9.687210061719757,7.492788111106876,40.23644742820607
2263,ais,fixed,9.693563597280814,7.499469645300128,40.23209574067963
2264,ais,fixed,9.700911432668407,7.506613879306567,40.22770992439229
2265,ais,fixed,9.707613035931615,7.513776864811943,40.22328086658966
2266,ais,fixed,9.712848167909737,7.5209585220719335,40.21882276050381
2267,ais,fixed,9.71810353630779,7.528207871446762,40.2142941969901
2268,ais,fixed,9.72376338118502,7.535589318817322,40.20969760387465
2269,ais,fixed,9.73336587660359,7.542994788506241,40.205049127686664
2270,ais,fixed,9.739968421031604,7.551517440229328,40.200359123370035
2271,ais,fixed,9.745373033380979,7.561124616781206,40.1956356791504
2272,ais,fixed,9.750729972360585,7.568134319169572,40.19088741030359
2273,ais,fixed,9.75732409474487,7.572407030934483,40.186134315006775
2274,ais,fixed,9.765376049443502,7.579606353551519,40.181400452447036
2275,ais,fixed,9.77374963844678,7.587087117835535,40.17668167659661
2276,ais,fixed,9.778077352443649,7.594568422425987,40.17196601095639
2277,ais,fixed,9.783593484135634,7.602050775761282,40.16726368272988
2278,ais,fixed,9.78806725812168,7.60941311928022,40.16256333727292
2279,ais,fixed,9.79305419853392,7.616666300304146,40.15781254381615
2280,ais,fixed,9.797976745718973,7.623937269630998,40.1530230260615
2281,ais,fixed,9.803504124216383,7.6312231468136735,40.14821229715998
2282,ais,fixed,9.812541666064671,7.638519373349508,40.143391397384526
2283,ais,fixed,9.819583944439522,7.645822047400231,40.13857008385342
2284,ais,fixed,9.826703330932768,7.653230513189912,40.133766809429375
2285,ais,fixed,9.831484677986767,7.660937710230732,40.128983046937655
2286,ais,fixed,9.837288855292252,7.663771138913481,40.124219123184396
2287,ais,fixed,9.843475954604102,7.666190244128988,40.11945865185011
2288,ais,fixed,9.850042515565395,7.6675280975528635,40.11471556298965
2289,ais,fixed,9.858040177758998,7.669222447905233,40.109972942395636
2290,ais,fixed,9.86561461395181,7.671001038888766,40.10524446902146
2291,ais,fixed,9.875383928403124,7.673096561066311,40.10051206802177
2292,ais,fixed,9.881832197880833,7.675908626842891,40.09577346258578
2293,ais,fixed,9.887735625810848,7.686485628308481,40.091038978513104
2294,ais,fixed,9.895309568737982,7.697119388303398,40.086309608956675
2295,ais,fixed,9.902525007936838,7.706168057659128,40.08159381479866
2296,ais,fixed,9.909287580227474,7.708515899558095,40.076935989538185
2297,ais,fixed,9.911737949689405,7.7139960788215856,40.072363872080395
2298,ais,fixed,9.918810802959525,7.724604636932492,40.06794208001876
2299,ais,fixed,9.925704828860395,7.735746580109737,40.063631860566275
2300,ais,fixed,9.934993501031322,7.747127485584055,40.059399032362506
1990,ais,joint,-0.3016573786627661,-0.37032265969204453,-0.22209766636798622
1991,ais,joint,-0.28222961785941525,-0.34669805375089574,-0.2102300767507336
1992,ais,joint,-0.2625721463485738,-0.32202880376779724,-0.1984237096450326
1993,ais,joint,-0.24585667007396017,-0.2997718805160883,-0.18781534388738413
1994,ais,joint,-0.23672534897371955,-0.2871332670090284,-0.1823871900531578
1995,ais,joint,-0.22401325418472334,-0.2712254693449413,-0.1739038285467054
1996,ais,joint,-0.20806200307730027,-0.2530461840649999,-0.16189795925692582
1997,ais,joint,-0.18997464001822473,-0.23184971232689022,-0.14867543301370104
1998,ais,joint,-0.17136988113735308,-0.207927319821082,-0.13483913081438206
1999,ais,joint,-0.15031050846066868,-0.18094235385708204,-0.11805210387709385
2000,ais,joint,-0.1280472165071843,-0.15446130202712136,-0.10091993245890067
2001,ais,joint,-0.10477369097367956,-0.1265373530247593,-0.08284806775497797
2002,ais,joint,-0.07763646181257777,-0.09571879097181218,-0.06152245573912558
2003,ais,joint,-0.05015451192229209,-0.06417456279344246,-0.03943621952561551
2004,ais,joint,-0.02318175202626671,-0.033127632035643555,-0.01667803249729094
2005,ais,joint,0.0015745622805846127,-0.005347522173333361,0.008841150215726677
2006,ais,joint,0.029667864863214044,0.020914094375224547,0.03964381452872845
2007,ais,joint,0.05795229315414896,0.04400657319619333,0.07160610164716101
2008,ais,joint,0.08552518794849828,0.06627348715875715,0.10426726021988149
2009,ais,joint,0.11479285009641343,0.08961525706756748,0.13875384871096724
2010,ais,joint,0.1452200317470248,0.11531065857512438,0.17427072378279138
2011,ais,joint,0.1758396388974952,0.1398645729003945,0.2096340902309583
2012,ais,joint,0.20572874819615306,0.16424828221633217,0.24539138276324063
2013,ais,joint,0.24066429099679154,0.19367926142358874,0.28660876404605
2014,ais,joint,0.2734178320116105,0.21979082023195123,0.3266813725270918
2015,ais,joint,0.30622077025723177,0.24569326730255753,0.3671391418945047
2016,ais,joint,0.34393184556681583,0.2761146919564121,0.4121184409517405
2017,ais,joint,0.38025165137859107,0.30529483173812,0.45618458442964066
2018,ais,joint,0.4152010175320477,0.3332595769463805,0.5001582793945105
2019,ais,joint,0.4507342658323765,0.36201818307788264,0.5462526280731012
2020,ais,joint,0.48841744238396995,0.39151487917235145,0.5949607185386163
2021,ais,joint,0.5257985603419812,0.4194788210853191,0.6399755792062062
2022,ais,joint,0.5649069531290145,0.45002540635951055,0.6896956206718616
2023,ais,joint,0.6035869293016696,0.47992867780737825,0.7407534276010828
2024,ais,joint,0.6431459812638338,0.5112638214304402,0.793871627257803
2025,ais,joint,0.6837252390424486,0.5433464403782263,0.8478231857821052
2026,ais,joint,0.7254345479289146,0.5750444030786641,0.9022243252892628
2027,ais,joint,0.7679125190721796,0.6075279642964854,0.9581271274362825
2028,ais,joint,0.8103872067150864,0.6404253799815656,1.0165685363736228
2029,ais,joint,0.8525157939523704,0.6748136874010086,1.0780982981858602
2030,ais,joint,0.8972657721000936,0.7090327625822936,1.1370856963840712
2031,ais,joint,0.942622872868476,0.7448879058017766,1.2021544596051454
2032,ais,joint,0.9896032086691319,0.7764850905932668,1.2696252029767765
2033,ais,joint,1.0369075656910196,0.8108862022839618,1.337849100372627
2034,ais,joint,1.0855182014491682,0.8476130781907218,1.4152908344475894
2035,ais,joint,1.1350404388857327,0.8849329683172404,1.499117623956129
2036,ais,joint,1.1866357276543766,0.9216198372121717,1.5850392130890705
2037,ais,joint,1.2388411618793338,0.9583086618562022,1.679000708345148
2038,ais,joint,1.2919795101877,0.9954276769383403,1.7977803555645582
2039,ais,joint,1.3459986986445385,1.0330644360968746,1.9416816158161485
2040,ais,joint,1.4012729636880525,1.0715840649815922,2.1163229479266885
2041,ais,joint,1.4565904344250882,1.1102036497057461,2.361963869072416
2042,ais,joint,1.513451859879351,1.1519844808172883,3.0995584835216503
2043,ais,joint,1.5711796002510696,1.1943460027528823,3.8025939189111573
2044,ais,joint,1.6282718479860383,1.233321664222519,4.437198778153892
2045,ais,joint,1.686103312998498,1.2718560835720005,5.268594146560801
2046,ais,joint,1.7443842665797686,1.3128147330864872,6.2307943625011175
2047,ais,joint,1.8026725541230597,1.3523932486295775,6.816014979891873
2048,ais,joint,1.8617986112126483,1.3933796567440158,7.663584160411763
2049,ais,joint,1.923150736210434,1.430367202419563,8.529080777961465
2050,ais,joint,1.9834267826076466,1.4679138683165296,9.427478172868652
2051,ais,joint,2.044685627402247,1.5102189440889053,10.128986978123178
2052,ais,joint,2.1039615078652694,1.5510243906413632,11.050535730046674
2053,ais,joint,2.1644080235475878,1.5932578810031142,11.84716908107128
2054,ais,joint,2.223171776217537,1.6363476027095292,12.691334251060756
2055,ais,joint,2.2817536272842998,1.6729448023980844,13.691766807573847
2056,ais,joint,2.341579990499929,1.7119457606838002,14.522289717757669
2057,ais,joint,2.40122117601761,1.7517544385549502,15.511563051833686
2058,ais,joint,2.4596613958826974,1.7912999529175453,16.40522235236568
2059,ais,joint,2.5192641387060575,1.8289963932978157,17.606800920908995
2060,ais,joint,2.5794060375321495,1.8656632435937925,18.50857567820779
2061,ais,joint,2.6401337042630058,1.9053183876398707,19.41279060946085
2062,ais,joint,2.7006328362403815,1.9447307577551058,20.28190869529971
2063,ais,joint,2.757932923756446,1.9826710237988217,20.98208838556444
2064,ais,joint,2.815194838884204,2.0196756302245116,21.787569535363577
2065,ais,joint,2.8744928947558295,2.0578629923861778,22.77982094773451
2066,ais,joint,2.931101654167159,2.0970446822959756,23.69338133607187
2067,ais,joint,2.9867332480185547,2.1362246206499296,24.258330130881063
2068,ais,joint,3.0442224354158673,2.173482495185427,25.22354228344162
2069,ais,joint,3.1014571958077464,2.211717699988201,26.031125679288678
2070,ais,joint,3.156377873000575,2.249954960055806,26.875537558660508
2071,ais,joint,3.2156961843560685,2.283787699106585,27.641551403467922
2072,ais,joint,3.2712225884440684,2.317156648475935,28.59034291450067
2073,ais,joint,3.327741980264414,2.3560597008356523,29.46162257303398
2074,ais,joint,3.382311613136749,2.3956591699308953,30.308509230094238
2075,ais,joint,3.438494024553461,2.4321681957406147,31.007837343862814
2076,ais,joint,3.4952959503401226,2.466484999031032,31.693798114778097
2077,ais,joint,3.5509452947986873,2.5004590866001637,32.47466187641157
2078,ais,joint,3.6052571907608817,2.5341242532183457,33.02255353927286
2079,ais,joint,3.6580394306660073,2.567532598575265,33.790654759480326
2080,ais,joint,3.7111538659981766,2.600714049096278,34.24612050157316
2081,ais,joint,3.7650406349117467,2.6336748831257926,34.73860638307837
2082,ais,joint,3.816394796659777,2.6664512150733946,34.84922112307364
2083,ais,joint,3.867956423584262,2.6989872314435757,35.359351221507026
2084,ais,joint,3.9188370002328985,2.7327408689022694,35.9129843479868
2085,ais,joint,3.9694382071134564,2.7668268495243433,36.56172497040622
2086,ais,joint,4.019173223914239,2.800582941724209,37.04335080197836
2087,ais,joint,4.068610448328517,2.83398231769402,37.54518534593699
2088,ais,joint,4.118642389190988,2.867032274614129,38.180605489028345
2089,ais,joint,4.16717453343932,2.8997988154479684,38.88431874997544
2090,ais,joint,4.216565031516314,2.932831958374653,39.24118733888665
2091,ais,joint,4.26022627883862,2.9657379732926503,39.67971542317421
2092,ais,joint,4.308994965966653,2.9985414308824536,40.33648723819165
2093,ais,joint,4.356842753452822,3.031280005459638,40.57906638686357
2094,ais,joint,4.400814246436449,3.0654051344613378,40.67492014627636
2095,ais,joint,4.44394035937186,3.0998589916280346,40.83247870629848
2096,ais,joint,4.489122676249597,3.1339420465360934,40.87970078641503
2097,ais,joint,4.534648020528524,3.1676326938496078,41.21671844491477
2098,ais,joint,4.578400113931329,3.2001251621160023,41.80332571688057
2099,ais,joint,4.621573832645824,3.2274914162942836,42.44873340702861
2100,ais,joint,4.664251212449248,3.2545833952376473,42.994659646913526
2101,ais,joint,4.707585494738227,3.2854481209633324,43.49268997288988
2102,ais,joint,4.752302509464025,3.31643512224853,43.60207937460819
2103,ais,joint,4.794755609996399,3.3464708814235733,44.215502014641636
2104,ais,joint,4.836146342456088,3.375179786983039,44.62890889313932
2105,ais,joint,4.878213905240319,3.403676168071202,44.66554908577329
2106,ais,joint,4.923735291650966,3.4318247586332804,44.70181850011788
2107,ais,joint,4.96600638062815,3.463119993246857,44.737710922524386
2108,ais,joint,5.007558827113953,3.4928518181884676,44.77322998484602
2109,ais,joint,5.0467588418985905,3.5217629613649772,44.80839528592661
2110,ais,joint,5.085169335190503,3.5482654512850775,44.843236012059656
2111,ais,joint,5.122051028971811,3.575919812038176,45.0679151859812
2112,ais,joint,5.159658182607984,3.6035408877235406,45.12646226118517
2113,ais,joint,5.198438981733327,3.630474194418534,45.173395105835596
2114,ais,joint,5.2338432385056795,3.65107699459443,45.21967365988028
2115,ais,joint,5.270921271630197,3.679713780140095,45.26512613384392
2116,ais,joint,5.307453827703214,3.709545040375151,45.3096814081883
2117,ais,joint,5.345340986875637,3.737642451919728,45.60088663076846
2118,ais,joint,5.376715328587116,3.761428035986004,46.01751104821762
2119,ais,joint,5.40981540585221,3.7848903283500595,46.10799410125374
2120,ais,joint,5.447699810221231,3.811799079386465,46.17928846533643
2121,ais,joint,5.482760373418395,3.8401901288309563,46.23290662803556
2122,ais,joint,5.516067466962345,3.8697767401735184,46.28630943504445
2123,ais,joint,5.550602998076598,3.897215559232065,46.33959657202877
2124,ais,joint,5.583941806657808,3.922984984261823,46.39260680465172
2125,ais,joint,5.615706509818372,3.943350328893666,46.44526795043466
2126,ais,joint,5.6432573659406895,3.970181163221012,46.497463830616184
2127,ais,joint,5.677437640676678,3.995730544528366,46.54908311168796
2128,ais,joint,5.709080826616442,4.020430793924005,46.60012432157393
2129,ais,joint,5.739616428573887,4.045231518318112,46.6506077166785
2130,ais,joint,5.769718192115071,4.068125737254004,46.700590183696626
2131,ais,joint,5.798939942465431,4.090498927412253,46.75019129009826
2132,ais,joint,5.828597780913021,4.112919604348328,46.79963253386784
2133,ais,joint,5.858998680587342,4.135095922309924,46.848903826047255
2134,ais,joint,5.892904697604871,4.159165771564535,46.89793143421264
2135,ais,joint,5.927063689974429,4.185668136648145,46.94658563241638
2136,ais,joint,5.957401267887701,4.208463688538986,46.99471737548549
2137,ais,joint,5.986475776690812,4.233805555636629,47.04221662592486
2138,ais,joint,6.014321113920474,4.253046313245818,47.08909943890268
2139,ais,joint,6.043352879917078,4.270504264627601,47.135403964071294
2140,ais,joint,6.071063564825318,4.287568198994501,47.18115793482718
2141,ais,joint,6.099245218065708,4.310536191619795,47.22641112566715
2142,ais,joint,6.126779687688593,4.331046476350158,47.27126888581237
2143,ais,joint,6.154214546333698,4.345494004490402,47.29410599579333
2144,ais,joint,6.177501045088874,4.366377985233035,47.310601872312674
2145,ais,joint,6.202990870041334,4.389836100203075,47.32683290551229
2146,ais,joint,6.231167701418433,4.406365242190216,47.34277541276389
2147,ais,joint,6.2591203909269115,4.4216047637295715,47.358371534340876
2148,ais,joint,6.282431505727384,4.439996020054722,47.37362521527232
2149,ais,joint,6.30761958843355,4.461491932348326,47.387981776185796
2150,ais,joint,6.333368439573313,4.4834736162673146,47.40194135936872
2151,ais,joint,6.3609206866071055,4.496220480211341,47.41085611471979
2152,ais,joint,6.382801705131611,4.513584002913405,47.41466022750801
2153,ais,joint,6.398898784559662,4.528257925385968,47.40797551507871
2154,ais,joint,6.418298288787685,4.549709740877483,47.40132798961925
2155,ais,joint,6.438345560316471,4.5684543187811295,47.39479259839498
2156,ais,joint,6.4603801075582785,4.588862974851905,47.38836139928931
2157,ais,joint,6.481144550229514,4.6079808249828496,47.382031525026704
2158,ais,joint,6.502985899629941,4.626996073515045,47.375806634846555
2159,ais,joint,6.525886123340265,4.6460020456551625,47.36968970257171
2160,ais,joint,6.5456663992948325,4.661974567297865,47.36368663382656
2161,ais,joint,6.562839055815509,4.667213421717737,47.357804504908465
2162,ais,joint,6.577581737395747,4.680908861229225,47.352048559817
2163,ais,joint,6.5959656997017255,4.702923025521367,47.34642226650961
2164,ais,joint,6.613797554436495,4.7127743927755645,47.340927164634664
2165,ais,joint,6.633949908465903,4.7246358178330095,47.33556009905957
2166,ais,joint,6.651227356097648,4.74125285647725,47.329397420175674
2167,ais,joint,6.672092934065708,4.750090588775353,47.32334634830805
2168,ais,joint,6.692090300836087,4.759113365406636,47.31741813203731
2169,ais,joint,6.710203328150909,4.768543789508412,47.31161138708197
2170,ais,joint,6.727547607076905,4.776475447853306,47.30593103658318
2171,ais,joint,6.742868900989249,4.784093659144258,47.300381295878246
2172,ais,joint,6.76058694840823,4.792373061107237,47.294962549844485
2173,ais,joint,6.77665901046036,4.807138676942158,47.289674174846326
2174,ais,joint,6.790157761468592,4.822965851354967,47.28451507314613
2175,ais,joint,6.798778721269643,4.82803390803011,47.27948144762091
2176,ais,joint,6.8086638294586725,4.8327879087165195,47.27456598896883
2177,ais,joint,6.817143677523433,4.839177820092282,47.26976574857061
2178,ais,joint,6.823402823786241,4.848045270923415,47.26507764290422
2179,ais,joint,6.835446809240329,4.850972050113356,47.26050168091924
2180,ais,joint,6.846824740080294,4.857881203027624,47.256041050383914
2181,ais,joint,6.855559145271467,4.860600019861043,47.251699136468226
2182,ais,joint,6.866709308572686,4.861832539228337,47.24747620317496
2183,ais,joint,6.870917747142133,4.865567022140229,47.24337296305726
2184,ais,joint,6.875978565856354,4.872456913935621,47.239388633554526
2185,ais,joint,6.886589742609349,4.8846646743311855,47.23552280223082
2186,ais,joint,6.895866096985582,4.9004920030082255,47.23177470314761
2187,ais,joint,6.900363775780605,4.911079048136113,47.22814346295033
2188,ais,joint,6.9083862150270345,4.908746720675765,47.224625846662626
2189,ais,joint,6.913329894533435,4.914557678523761,47.22121355346985
2190,ais,joint,6.9183249888344776,4.920178615606966,47.2179067427099
2191,ais,joint,6.925912006733435,4.921768101412393,47.21470241950933
2192,ais,joint,6.9340317476530675,4.927568706167748,47.21160127237836
2193,ais,joint,6.936436446167697,4.93260417222455,47.208616627049125
2194,ais,joint,6.938200637888507,4.940847899754587,47.20575207109312
2195,ais,joint,6.940604909519426,4.947542518571506,47.20300913688759
2196,ais,joint,6.942339657264813,4.95184291464574,47.2003877125239
2197,ais,joint,6.943454040747189,4.949347419784216,47.19788885155237
2198,ais,joint,6.943886820546222,4.948752196380939,47.19551214957364
2199,ais,joint,6.941524069534129,4.9515195679900765,47.19325236151677
2200,ais,joint,6.94034876356327,4.942976898324723,47.19110537344774
2201,ais,joint,6.939699537636709,4.949534086345679,47.189067877932246
2202,ais,joint,6.938712921179687,4.947928232975504,47.1871421349799
2203,ais,joint,6.933298417203179,4.947934550543226,47.185331423799546
2204,ais,joint,6.931692697221736,4.951374114963772,47.183641618850864
2205,ais,joint,6.9300237169676215,4.948833923744735,47.18207337955447
2206,ais,joint,6.929086669937126,4.9539508985610325,47.18062709619634
2207,ais,joint,6.925768063840334,4.956172297459269,47.17930486695493
2208,ais,joint,6.922219360145274,4.963226875429201,47.17810671191399
2209,ais,joint,6.917583764179607,4.957474413480501,47.17703417841025
2210,ais,joint,6.917779545507869,4.96221982991627,47.176086120811185
2211,ais,joint,6.915285778418989,4.954945359352277,47.17525839182796
2212,ais,joint,6.909417595315331,4.954612261825943,47.17454600164726
2213,ais,joint,6.905609702635582,4.9489806819234845,47.17394499445486
2214,ais,joint,6.904342896380611,4.942593994680951,47.17345468974966
2215,ais,joint,6.90705584359074,4.937948098714133,47.1730740294374
2216,ais,joint,6.914200333954277,4.932545742547379,47.17280459485573
2217,ais,joint,6.914397656599238,4.926266381596211,47.17264504579656
2218,ais,joint,6.907303340412143,4.919679545419203,47.17259872326476
2219,ais,joint,6.904112020044097,4.928934805321042,47.17266613329208
2220,ais,joint,6.9012085401320284,4.93275705278961,47.17284540127602
2221,ais,joint,6.895769932071987,4.927520777633115,47.17313532248985
2222,ais,joint,6.888794235737825,4.922725318247268,47.17353095962647
2223,ais,joint,6.882082724012476,4.919615021011861,47.17402580733874
2224,ais,joint,6.874910644494184,4.912274480019649,47.1710457379411
2225,ais,joint,6.865475821308101,4.916777468085534,47.165578303136726
2226,ais,joint,6.8559868914716695,4.909237097344544,47.16009575524585
2227,ais,joint,6.848254852609051,4.902598053355607,47.145532686242305
2228,ais,joint,6.841602465216997,4.890739372279863,47.11571845480077
2229,ais,joint,6.841312428913184,4.873803029544531,47.085578573013976
2230,ais,joint,6.831893559691315,4.859035189988708,47.055141369366766
2231,ais,joint,6.827372176268172,4.844338069889677,47.039154487024064
2232,ais,joint,6.817367690962904,4.847255848761498,47.04347612533697
2233,ais,joint,6.811244144905043,4.847051695476258,47.0475028601819
2234,ais,joint,6.804961012958631,4.850204766983457,47.051231021330516
2235,ais,joint,6.795826052713618,4.8283308217031555,47.052018667238805
2236,ais,joint,6.7951759984463145,4.822584085902207,46.99065118783493
2237,ais,joint,6.788732809629037,4.822733632296225,46.923791041530045
2238,ais,joint,6.7829397511723615,4.81496242435679,46.8564811503849
2239,ais,joint,6.778866959871186,4.815079138164026,46.78875533766883
2240,ais,joint,6.769108801837882,4.793960390791914,46.736075824416
2241,ais,joint,6.753617973912472,4.772749956377087,46.703255496116896
2242,ais,joint,6.738512617558193,4.746387603013526,46.670253273389186
2243,ais,joint,6.7330142729729925,4.733111236723632,46.6370656285913
2244,ais,joint,6.731545059668559,4.722252513625369,46.60344651109595
2245,ais,joint,6.721928951006897,4.705688344638349,46.56965526287999
2246,ais,joint,6.709290100944093,4.689689239242629,46.5356706669378
2247,ais,joint,6.697457670253623,4.692851369604097,46.501480504903476
2248,ais,joint,6.681456903342834,4.678930784729616,46.46709590780978
2249,ais,joint,6.668030256671971,4.647735069394562,46.43726968449387
2250,ais,joint,6.653246678738022,4.626825524545719,46.42688978870145
2251,ais,joint,6.6485275660943906,4.621996546753421,46.41635566708845
2252,ais,joint,6.643276177646373,4.607890103190994,46.40567667581417
2253,ais,joint,6.632647132498651,4.5840235482154075,46.39487042435919
2254,ais,joint,6.619914655836936,4.566475263526747,46.38396064689354
2255,ais,joint,6.613997534227103,4.549560715336557,46.3729647400197
2256,ais,joint,6.607725199352018,4.534231225546657,46.361869340377055
2257,ais,joint,6.5989361402174564,4.51392423652143,46.35066655789834
2258,ais,joint,6.596320137499152,4.5006925641829145,46.339347482205724
2259,ais,joint,6.585923968605966,4.476486115309841,46.327893401928335
2260,ais,joint,6.570858940484737,4.468049828997647,46.31630065012556
2261,ais,joint,6.567225197031727,4.454185292864239,46.30456025391713
2262,ais,joint,6.558640863919952,4.441194077963354,46.29267704230401
2263,ais,joint,6.550804864089297,4.426049771657782,46.28067127799423
2264,ais,joint,6.54543221781725,4.412404979857986,46.26855818365647
2265,ais,joint,6.532533820507907,4.403475426450882,46.25636411602959
2266,ais,joint,6.528917194010541,4.388947013999203,46.244117141872394
2267,ais,joint,6.526518761501125,4.374468176383332,46.23182419591304
2268,ais,joint,6.5168291754909085,4.348717395517938,46.21948619800993
2269,ais,joint,6.507295900303285,4.313510422017183,46.20705814006632
2270,ais,joint,6.497969746966248,4.278953210341444,46.194514556232775
2271,ais,joint,6.490019138962035,4.245765474309711,46.18184790148732
2272,ais,joint,6.485032272034696,4.221436674153476,46.16906267933466
2273,ais,joint,6.47729889529716,4.212894409401813,46.156165745533436
2274,ais,joint,6.469568388852128,4.189571805318244,46.142058036958446
2275,ais,joint,6.4652156374014425,4.158904023728625,46.12696647617506
2276,ais,joint,6.453547074239262,4.139987064307577,46.111836572475596
2277,ais,joint,6.447849638356755,4.116249488181948,46.09667592769824
2278,ais,joint,6.447549876856275,4.099892808895326,46.08146664832188
2279,ais,joint,6.440912335062338,4.083558366999941,46.0661948987619
2280,ais,joint,6.434985499764794,4.061452642922186,46.050847490986605
2281,ais,joint,6.415005031095944,4.053124838484223,46.03540500575737
2282,ais,joint,6.413083147652375,4.040597989068987,46.01987086317073
2283,ais,joint,6.409244965469652,4.028313365253647,46.004260900316595
2284,ais,joint,6.3859150423574444,4.010335293118752,45.98858550172872
2285,ais,joint,6.37549993767121,3.9879827480985295,45.97286608313455
2286,ais,joint,6.371364153306306,3.9694828514612714,45.957137911948585
2287,ais,joint,6.3595238970511305,3.9451890591672347,45.941423958187116
2288,ais,joint,6.3484363042595415,3.9258087961757298,45.925710978937246
2289,ais,joint,6.344804175342945,3.9056595427402967,45.909975782497604
2290,ais,joint,6.332486762560219,3.8772757501332036,45.894170110560886
2291,ais,joint,6.328289552495011,3.85743267159827,45.87829427500918
2292,ais,joint,6.320510402915106,3.8370601949198826,45.862350058789644
2293,ais,joint,6.310903399912042,3.8139645309023558,45.84633266196664
2294,ais,joint,6.303186156342026,3.7961552780950276,45.83025020394586
2295,ais,joint,6.2922011066949946,3.7837652206177355,45.814125862358964
2296,ais,joint,6.290166441931609,3.7663380509474655,45.79799738261237
2297,ais,joint,6.282249092316846,3.7506800334414567,45.7818834858994
2298,ais,joint,6.272516983732839,3.7303159928608305,45.765792388164655
2299,ais,joint,6.264268461098668,3.713121561904787,45.749702328542824
2300,ais,joint,6.254551608372468,3.696120066003234,45.73357322826809
1990,te,fixed,-1.4346263020504022,-1.595918006963333,-1.2746077156475257
1991,te,fixed,-1.322035959969849,-1.4706693940808653,-1.1745757292562529
1992,te,fixed,-1.3194177445851172,-1.467756818818144,-1.172249550288367
1993,te,fixed,-1.4884681267214466,-1.6558131429980434,-1.3224440093584182
1994,te,fixed,-1.4700831661932217,-1.635361204035005,-1.306109712052103
1995,te,fixed,-1.3409911536995796,-1.491755676240561,-1.1914166558062385
1996,te,fixed,-1.200714923365203,-1.3357085149556969,-1.0667868722517309
1997,te,fixed,-1.0614643382677467,-1.1808023098208889,-0.943068333200845
1998,te,fixed,-0.920710839598719,-1.024224222030401,-0.8180145159443821
1999,te,fixed,-0.7747336793874546,-0.8618351885562724,-0.6883196856964868
2000,te,fixed,-0.6225114318551342,-0.692498947090427,-0.5530763467721972
2001,te,fixed,-0.46637581107219195,-0.5188093609035834,-0.4143561332553235
2002,te,fixed,-0.3163439383628468,-0.35190975301749944,-0.2810588541833688
2003,te,fixed,-0.1638990179716896,-0.18232580410019317,-0.14561767938813955
2004,te,fixed,-0.02929192154849547,-0.032585144292271995,-0.02602469309149912
2005,te,fixed,0.09878071914716136,0.08776269234868685,0.10988640609922685
2006,te,fixed,0.21750896118544127,0.19324795575907544,0.24196298878363864
2007,te,fixed,0.33840546514061665,0.30065963259494627,0.37645160603903305
2008,te,fixed,0.4611655680958905,0.40972704211953465,0.5130133424040978
2009,te,fixed,0.5928733260349944,0.5267440828916758,0.6595286978324543
2010,te,fixed,0.7314145647076752,0.6498323962002943,0.8136458063705696
2011,te,fixed,0.8819006813164322,0.7835332526903881,0.9810507277432304
2012,te,fixed,1.0293875474541383,0.9145693958777235,1.1451191998766002
2013,te,fixed,1.189197729390584,1.056554309052745,1.322896469597604
2014,te,fixed,1.3564024926561236,1.2051090100551434,1.5088996762613425
2015,te,fixed,1.5265598257223654,1.3562869504639188,1.6981874032946176
2016,te,fixed,1.6999863569912317,1.5103694418676752,1.8911118768955826
2017,te,fixed,1.870268526348926,1.6616582942958742,2.080538475274772
2018,te,fixed,2.044170441807119,1.8161631454143143,2.2739917794059523
2019,te,fixed,2.219204510935216,1.9716738694913758,2.4687045226160516
2020,te,fixed,2.3834147814293045,2.1175680842155797,2.65137657263722
2021,te,fixed,2.559578886520229,2.2740827997537765,2.8473463991302723
2022,te,fixed,2.7400791432198277,2.4344500114359056,3.048139880691767
2023,te,fixed,2.9296228470092363,2.602851961795451,3.258993543106646
2024,te,fixed,3.1249969651087106,2.776434000554609,3.4763331197782144
2025,te,fixed,3.3227749192664424,2.9521517508803456,3.6963467902159963
2026,te,fixed,3.5210112429649634,3.1282767440904986,3.9168703636180178
2027,te,fixed,3.711431131915832,3.297457149693432,4.128698718658154
2028,te,fixed,3.8979661262248166,3.4631859828011815,4.336205409369902
2029,te,fixed,4.086878533906313,3.631027051982922,4.546356800520895
2030,te,fixed,4.275074250174939,3.7982313696961603,4.75571092430714
2031,te,fixed,4.465112184145607,3.967072423675538,4.967114382055289
2032,te,fixed,4.6552679512450865,4.136018167646261,5.1786489206373965
2033,te,fixed,4.849368909581591,4.3084690552095894,5.394572199149256
2034,te,fixed,5.048780534349163,4.485638256105522,5.616403209991272
2035,te,fixed,5.25455756335379,4.66846286241412,5.8453152726925754
2036,te,fixed,5.46466550083986,4.855135306559175,6.079045157862467
2037,te,fixed,5.678101162156614,5.0447642993636785,6.316476895128613
2038,te,fixed,5.8946786886568425,5.237184712901691,6.55740373018754
2039,te,fixed,6.1133932417633705,5.4315037885491595,6.800707852793389
2040,te,fixed,6.325198718506236,5.619684427986073,7.036326127618185
2041,te,fixed,6.535154645415336,5.806221816852979,7.269886912014803
2042,te,fixed,6.743326007768115,5.991173691952774,7.501462497404574
2043,te,fixed,6.950032127851639,6.174823758282569,7.731408106738058
2044,te,fixed,7.156584281863511,6.35833703195591,7.961182439951858
2045,te,fixed,7.3635303176142894,6.5422002536977795,8.191394938114144
2046,te,fixed,7.574171490702133,6.729346456208556,8.425718009326705
2047,te,fixed,7.784555653419577,6.916264315351694,8.659755175089526
2048,te,fixed,7.992172383049473,7.100723421605047,8.890713771686862
2049,te,fixed,8.198823548151305,7.284324662645931,9.120598247577632
2050,te,fixed,8.40219264741788,7.465009920318252,9.346831662590008
2051,te,fixed,8.600291413577768,7.641012699192981,9.567202213178641
2052,te,fixed,8.796040188523667,7.814927605477636,9.784958568496183
2053,te,fixed,8.98661364909033,7.984244453278871,9.996957760852386
2054,te,fixed,9.174611921968598,8.151273350488253,10.206092243146225
2055,te,fixed,9.35998143160829,8.315966697386232,10.412302416452775
2056,te,fixed,9.544090096758424,8.479539834713028,10.61710999145063
2057,te,fixed,9.732445463966709,8.646885995859089,10.82664171536108
2058,te,fixed,9.92409818145997,8.817161719991981,11.039841502994838
2059,te,fixed,10.113533467147494,8.985467345232589,11.25057455811231
2060,te,fixed,10.299620370294011,9.150798067381283,11.457582779812356
2061,te,fixed,10.481331653878328,9.312241227698198,11.65972344120004
2062,te,fixed,10.656458530561249,9.467834407551567,11.854539426102916
2063,te,fixed,10.827144796579702,9.61948228359514,12.044415552792396
2064,te,fixed,10.995563900424077,9.769115877316146,12.231769625527374
2065,te,fixed,11.159808417421964,9.915040518680318,12.414479772307265
2066,te,fixed,11.3211788521502,10.058411653649777,12.593992710419593
2067,te,fixed,11.479147940933316,10.198760829674917,12.769721897157808
2068,te,fixed,11.637090719156593,10.339086629826822,12.945421815301012
2069,te,fixed,11.79512876136455,10.479497068194078,13.121227707737553
2070,te,fixed,11.954964475290176,10.621504665513646,13.299033379950014
2071,te,fixed,12.112551023841995,10.761513969943191,13.47433701834672
2072,te,fixed,12.267771266440565,10.899420906793614,13.647008312504807
2073,te,fixed,12.419513252060671,11.034237552342795,13.815810297326488
2074,te,fixed,12.564074254905833,11.162674183781128,13.976623958149197
2075,te,fixed,12.706575382561567,11.289280699038015,14.135146156796559
2076,te,fixed,12.842596610807533,11.41013008453051,14.286459935985436
2077,te,fixed,12.974640020703035,11.527445338553575,14.433348679940487
2078,te,fixed,13.104103047434641,11.642468026013956,14.577366934242427
2079,te,fixed,13.230768527255293,11.755005205664752,14.718273119928218
2080,te,fixed,13.3601872734464,11.869988551647502,14.86224211533128
2081,te,fixed,13.493565390702798,11.988489639429435,15.01061562469754
2082,te,fixed,13.627690847981519,12.107654708735552,15.15982049579001
2083,te,fixed,13.761203608036325,12.226275421223558,15.308343785531953
2084,te,fixed,13.886318932125208,12.337435349911265,15.447525535075455
2085,te,fixed,14.002466765141888,12.44062802378544,15.576731599341922
2086,te,fixed,14.114793043687555,12.540425400356368,15.701686460639252
2087,te,fixed,14.22210350551319,12.635766425693188,15.821061588586034
2088,te,fixed,14.325524089983002,12.727651451594078,15.936109509295523
2089,te,fixed,14.42711004357129,12.81790648181343,16.049116535832244
2090,te,fixed,14.527324910479972,12.906943356713775,16.16059832759671
2091,te,fixed,14.626892721709691,12.995405348691857,16.271360316714237
2092,te,fixed,14.730702966152965,13.087636571792634,16.386841705963477
2093,te,fixed,14.832286863360054,13.177889775000077,16.499846444924838
2094,te,fixed,14.93218150144964,13.266642139486096,16.61097200528743
2095,te,fixed,15.031917525895626,13.355253582135076,16.72192111944265
2096,te,fixed,15.12630156289448,13.439109999392144,16.826916534625745
2097,te,fixed,15.210670923868271,13.514068780161569,16.92077134700554
2098,te,fixed,15.292429830495202,13.586708277332818,17.01172221771596
2099,te,fixed,15.373301478753316,13.658559481161719,17.10168607765877
2100,te,fixed,15.452713561290196,13.729113919605012,17.190026276294418
2101,te,fixed,15.533674872677647,13.801044785514762,17.280089879984057
2102,te,fixed,15.61731529367238,13.875355932457714,17.373133799355053
2103,te,fixed,15.703809312674228,13.952202386352749,17.46935214013299
2104,te,fixed,15.784655760647851,14.024031200743366,17.55928796658182
2105,te,fixed,15.86438996273355,14.094871829438224,17.647986499919423
2106,te,fixed,15.940985968810153,14.162924297313298,17.733194017155384
2107,te,fixed,16.01371724853782,14.227543111409561,17.814102305830264
2108,te,fixed,16.08049440503337,14.286871926709118,17.888387063019472
2109,te,fixed,16.144487912528014,14.343727581932674,17.959575212012336
2110,te,fixed,16.205913348324103,14.398301608834878,18.02790656696689
2111,te,fixed,16.266091123343358,14.451767139363916,18.094849989539693
2112,te,fixed,16.325844926532817,14.50485598799001,18.16132177411405
2113,te,fixed,16.386249473059344,14.558522995874128,18.228517463588275
2114,te,fixed,16.448816201504545,14.61411101535007,18.29811842407518
2115,te,fixed,16.50959629136174,14.668111678365245,18.365731878344985
2116,te,fixed,16.56920099350422,14.721068056713456,18.432037798787764
2117,te,fixed,16.62816947145523,14.773459175480014,18.497635965830103
2118,te,fixed,16.679853142850774,14.81937803688636,18.555130312426314
2119,te,fixed,16.72539486665672,14.859840025115616,18.60579218652285
2120,te,fixed,16.768285661095444,14.89794676932051,18.653505093417067
2121,te,fixed,16.80985077201064,14.934875697082772,18.69974327326654
2122,te,fixed,16.850073874875044,14.970612304717092,18.744488566215296
2123,te,fixed,16.89172412774218,15.00761687767609,18.790821460328726
2124,te,fixed,16.93657485868127,15.047464946560432,18.8407146548344
2125,te,fixed,16.98242958322841,15.088205023347776,18.891724719618892
2126,te,fixed,17.023792690529994,15.12495447903139,18.937738185057384
2127,te,fixed,17.064203765164343,15.160858092016133,18.982692583005843
2128,te,fixed,17.10145472514592,15.193954070348566,19.02413158194675
2129,te,fixed,17.134551897633877,15.223359575711855,19.0609497927084
2130,te,fixed,17.161843809512348,15.247607340725892,19.091310070886113
2131,te,fixed,17.187197350716037,15.270132941428336,19.11951405187365
2132,te,fixed,17.210538242771477,15.29087038438574,19.145479106241204
2133,te,fixed,17.234009642426784,15.31172377809178,19.171589340875126
2134,te,fixed,17.259050722167764,15.333971769363364,19.19944573108303
2135,te,fixed,17.286524628116695,15.35838122878247,19.230008464502077
2136,te,fixed,17.312520918593243,15.381477886338706,19.258927457571197
2137,te,fixed,17.33729537204773,15.403488990888302,19.286487245318146
2138,te,fixed,17.36006785821226,15.42372142809394,19.31181998923993
2139,te,fixed,17.375962728712945,15.437843380654293,19.329501883133922
2140,te,fixed,17.39136073877778,15.451523892719495,19.346631055726636
2141,te,fixed,17.401161986658213,15.460231906892606,19.357534235154436
2142,te,fixed,17.408333921040786,15.466603881871091,19.365512493471286
2143,te,fixed,17.413540550726612,15.471229762743752,19.371304492446438
2144,te,fixed,17.41700698095684,15.474309546455295,19.37516064538076
2145,te,fixed,17.42064878142807,15.477545139566091,19.379211885025185
2146,te,fixed,17.424648239830123,15.48109849735019,19.383660993251357
2147,te,fixed,17.426875352433132,15.483077197241133,19.386138494954487
2148,te,fixed,17.426931884459222,15.483127423670503,19.38620138274504
2149,te,fixed,17.42570818385745,15.48204021494832,19.3848401043252
2150,te,fixed,17.422955909086227,15.479594929612361,19.38177839769036
2151,te,fixed,17.41698927534913,15.47429381573562,19.375140949172675
2152,te,fixed,17.409066145098826,15.467254433469526,19.366327039780447
2153,te,fixed,17.39958673202407,15.45883235656516,19.355781878298444
2154,te,fixed,17.38871738704289,15.449175381116405,19.343690518092263
2155,te,fixed,17.377002860567174,15.438767495934199,19.330658954598036
2156,te,fixed,17.365309399713343,15.428378326709005,19.317650825084677
2157,te,fixed,17.355410426480884,15.419583487494744,19.306638933270374
2158,te,fixed,17.347871269501027,15.41288525002185,19.298252166372073
2159,te,fixed,17.339592768472166,15.405530135125167,19.289042932689583
2160,te,fixed,17.330557863045975,15.397502985372016,19.27899225381923
2161,te,fixed,17.319461212174367,15.387644057790258,19.266648032249005
2162,te,fixed,17.300363012944995,15.370676076610813,19.245402666813302
2163,te,fixed,17.281898480513714,15.354271082871957,19.22486220986286
2164,te,fixed,17.257496029482596,15.332590487499825,19.197716247908204
2165,te,fixed,17.230692691210926,15.308776800466937,19.16789947253378
2166,te,fixed,17.20180595536088,15.283112098556956,19.13576506802746
2167,te,fixed,17.172162329438983,15.256774930288248,19.10278867805551
2168,te,fixed,17.144273572826762,15.231996892755449,19.071764453276103
2169,te,fixed,17.122128942384535,15.2123222800835,19.04713015343803
2170,te,fixed,17.10564883953809,15.19768037214363,19.028797230884148
2171,te,fixed,17.08424956399498,15.17866797729381,19.004992084466284
2172,te,fixed,17.061008540625934,15.158019263643856,18.979138126789714
2173,te,fixed,17.028820781965983,15.129421735856486,18.943331573141705
2174,te,fixed,16.99590646050855,15.100178686272782,18.906716770927485
2175,te,fixed,16.958224460686722,15.066699746394658,18.864798271337673
2176,te,fixed,16.91502731216687,15.028320818921568,18.816744567684133
2177,te,fixed,16.869630068621895,14.987987195587841,18.766243417428917
2178,te,fixed,16.82422895073097,14.947650130053708,18.715737957244027
2179,te,fixed,16.77994115438554,14.908302205893785,18.666470986761627
2180,te,fixed,16.739260017343184,14.872158653331425,18.62121616391553
2181,te,fixed,16.699917490476054,14.83720440202135,18.577450448079322
2182,te,fixed,16.659408877872504,14.80121413047756,18.532387546194208
2183,te,fixed,16.617153972516483,14.76367234812367,18.48538201991616
2184,te,fixed,16.569212335387444,14.721078133520107,18.43205041581258
2185,te,fixed,16.518959776466644,14.676430757935302,18.376148078344585
2186,te,fixed,16.46497734873889,14.628469544068777,18.31609653157788
2187,te,fixed,16.40674088682864,14.576728792085682,18.25131267944052
2188,te,fixed,16.346610448310496,14.523305318132246,18.18442191530176
2189,te,fixed,16.286333783781565,14.469751928254853,18.117368485301267
2190,te,fixed,16.22602944959267,14.41617395499847,18.05028427480516
2191,te,fixed,16.168567675673863,14.365121482109172,17.986362207031824
2192,te,fixed,16.11370824030108,14.316381082255718,17.925335052686375
2193,te,fixed,16.05618607359974,14.265274952810373,17.86134580231016
2194,te,fixed,15.99792515685552,14.213512473691768,17.79653474593861
2195,te,fixed,15.937735719362461,14.160036581524249,17.729578349707147
2196,te,fixed,15.87108772449336,14.100822521130137,17.655437275486232
2197,te,fixed,15.805146388201955,14.042236298434371,17.58208230782652
2198,te,fixed,15.734033214463814,13.979055106369735,17.502974045041427
2199,te,fixed,15.661306238480883,13.914440115977415,17.422070543971312
2200,te,fixed,15.587067097242304,13.848481627630663,17.339484868416076
2201,te,fixed,15.511854289789678,13.781658076049593,17.255816059614542
2202,te,fixed,15.43960298074403,13.717465696582133,17.175441703611288
2203,te,fixed,15.37239729653512,13.657756151660491,17.100680240332665
2204,te,fixed,15.310539336526002,13.602797844407132,17.031867733471838
2205,te,fixed,15.246019449372724,13.545474522047336,16.960094025177217
2206,te,fixed,15.180152250474379,13.486954167440755,16.886821530005573
2207,te,fixed,15.104158186972828,13.419436501311225,16.802283630351074
2208,te,fixed,15.027353727731583,13.351198831191057,16.716844224045055
2209,te,fixed,14.943598634606847,13.276785802676947,16.62367274022267
2210,te,fixed,14.858234087136111,13.200942838768192,16.528710854838224
2211,te,fixed,14.77318916415404,13.125383848350499,16.43410452858175
2212,te,fixed,14.688383062038227,13.05003704065827,16.33976387326715
2213,te,fixed,14.60579288962564,12.976658997300712,16.24788827948843
2214,te,fixed,14.524599930913798,12.904522322068663,16.15756698490344
2215,te,fixed,14.442454599569253,12.831539502092106,16.066186244641422
2216,te,fixed,14.359053481847589,12.757440966473649,15.973408532854991
2217,te,fixed,14.274509293199046,12.68232685835324,15.879359237330798
2218,te,fixed,14.189682313198846,12.606961501501212,15.784995356879733
2219,te,fixed,14.104699535617609,12.531457724770373,15.69045816288725
2220,te,fixed,14.020170085913309,12.456356711608583,15.596425263372591
2221,te,fixed,13.935480619273092,12.381113529841025,15.502214356589361
2222,te,fixed,13.851058759638331,12.30610810612477,15.40830114324601
2223,te,fixed,13.766520166566998,12.230998969449452,15.314258072396784
2224,te,fixed,13.682221479008895,12.156102979164768,15.220481879080744
2225,te,fixed,13.598308238470846,12.081549443040473,15.127134467698482
2226,te,fixed,13.51595967891616,12.008386062980557,15.03552765075041
2227,te,fixed,13.435096084443156,11.936542014615506,14.945572750061078
2228,te,fixed,13.354360180429481,11.864811414083135,14.855759895773009
2229,te,fixed,13.27500103394323,11.794304007189783,14.767478584665277
2230,te,fixed,13.194185433339932,11.722502599445878,14.67757707368501
2231,te,fixed,13.11404892593957,11.651304538674538,14.588431004780096
2232,te,fixed,13.03299282754225,11.579289458322359,14.4982619573971
2233,te,fixed,12.949847594556822,11.5054182659909,14.40576889887381
2234,te,fixed,12.865990075560003,11.430914236212802,14.312483473676306
2235,te,fixed,12.78268051895977,11.35689704896476,14.21980761701564
2236,te,fixed,12.69951049028479,11.28300382666133,14.12728697508098
2237,te,fixed,12.618037851748705,11.210618667164505,14.036654556918336
2238,te,fixed,12.541347750201766,11.142482599252038,13.951342365276739
2239,te,fixed,12.469493850078472,11.078643301613607,13.871410097958469
2240,te,fixed,12.395727860447614,11.013105189422657,13.789350769347875
2241,te,fixed,12.321544308846974,10.94719609023134,13.70682693324453
2242,te,fixed,12.247963427394062,10.881822439204598,13.62497352409463
2243,te,fixed,12.172357371243134,10.81464950198609,13.540867254556495
2244,te,fixed,12.092351453335533,10.74356746472193,13.451866457017875
2245,te,fixed,12.011412344766676,10.671656325122683,13.361827552358184
2246,te,fixed,11.929971208966048,10.59929915453811,13.271230178710423
2247,te,fixed,11.849481493800262,10.527787282886269,13.181691191710925
2248,te,fixed,11.770612206368083,10.457715096042207,13.093954813373593
2249,te,fixed,11.699037545959811,10.394123891649228,13.014333180043302
2250,te,fixed,11.632047477883074,10.334605912980965,12.939811574118073
2251,te,fixed,11.564785562516853,10.27484640893975,12.864987557743651
2252,te,fixed,11.496184432378248,10.213897066486016,12.788673761788734
2253,te,fixed,11.424984849675795,10.15063910353516,12.709469375280056
2254,te,fixed,11.349744174092553,10.083790792241922,12.625769565198667
2255,te,fixed,11.273664568743147,10.016197125624227,12.54113650642493
2256,te,fixed,11.197773429830322,9.948770903848345,12.456713102931747
2257,te,fixed,11.12130866934606,9.880835042398514,12.371651586925413
2258,te,fixed,11.045038317570679,9.813071905260216,12.286806336547816
2259,te,fixed,10.969029158987901,9.745540827758694,12.202251644707147
2260,te,fixed,10.894855285788442,9.679640327437204,12.119738575125162
2261,te,fixed,10.822566431030545,9.615414590115886,12.039322452232389
2262,te,fixed,10.751772890765622,9.552517379524733,11.960569758569939
2263,te,fixed,10.68134971501659,9.48994922289619,11.882229068646161
2264,te,fixed,10.611165673481043,9.427593527389506,11.804154398240389
2265,te,fixed,10.541950949636258,9.366099031629258,11.727158023663248
2266,te,fixed,10.471754140601373,9.303731992713395,11.649069150337823
2267,te,fixed,10.401450320238958,9.241269878540974,11.570861234649719
2268,te,fixed,10.331758991979978,9.179351938945372,11.49333467213045
2269,te,fixed,10.2627994537356,9.118084165318084,11.416622173078402
2270,te,fixed,10.194639021065889,9.057526364824312,11.340798621185806
2271,te,fixed,10.127396592729845,8.997784174224918,11.26599628272313
2272,te,fixed,10.06163074633909,8.939353867241183,11.192836534886228
2273,te,fixed,9.99781873658688,8.882659465455228,11.121850289005662
2274,te,fixed,9.935169382216195,8.826998036170766,11.052157413152278
2275,te,fixed,9.873114432222675,8.771864711246485,10.983125769180376
2276,te,fixed,9.81222449769334,8.717766455662126,10.915390120656925
2277,te,fixed,9.75181426063737,8.664094391971686,10.848188100880241
2278,te,fixed,9.689943453473877,8.60912467053885,10.77936130248929
2279,te,fixed,9.628161138345593,8.554233570716878,10.710632945087655
2280,te,fixed,9.56712588279667,8.500006203256804,10.64273563743972
2281,te,fixed,9.506958667272155,8.446550054413741,10.575803961541139
2282,te,fixed,9.447783033703585,8.393974886220445,10.509975348856031
2283,te,fixed,9.390080233125879,8.342708270847716,10.445785156356031
2284,te,fixed,9.3334586076817,8.292402236056285,10.382797693000073
2285,te,fixed,9.277784437264803,8.242937976914911,10.320864204840763
2286,te,fixed,9.222320620334564,8.193660608378234,10.259164719722321
2287,te,fixed,9.167910820441065,8.145319691547158,10.198637752329347
2288,te,fixed,9.113614697651183,8.09707977224635,10.138237242492869
2289,te,fixed,9.060272112081474,8.049687032379136,10.078897473852763
2290,te,fixed,9.006911275788607,8.002278077479112,10.019537402603056
2291,te,fixed,8.95376560444437,7.955060287974058,9.960416686797698
2292,te,fixed,8.901344157296315,7.908485942512228,9.902101618033733
2293,te,fixed,8.849498863090577,7.862423485745469,9.844427477749955
2294,te,fixed,8.798518541764587,7.817129522561172,9.787715557238919
2295,te,fixed,8.749990965639338,7.774014724747612,9.733732138377936
2296,te,fixed,8.704063664362922,7.733210166458029,9.682641337230972
2297,te,fixed,8.662541918840969,7.696319767101908,9.63645139824524
2298,te,fixed,8.622313537223071,7.6605784695076125,9.591700233064985
2299,te,fixed,8.582413106375922,7.62512854297082,9.547313889399357
2300,te,fixed,8.543745054057576,7.590773535145031,9.504298477719777
1990,te,joint,-1.2583570580041554,-1.693165782231359,-0.869963220378543
1991,te,joint,-1.1720857302518013,-1.5772843058191273,-0.8134359515569121
1992,te,joint,-1.1515767253465894,-1.5298664169273257,-0.8156896888928946
1993,te,joint,-1.2188751980536612,-1.5807490406518985,-0.8890366266922126
1994,te,joint,-1.2045103850911476,-1.567242712748266,-0.8826071376893432
1995,te,joint,-1.1110247765485473,-1.448871704820982,-0.8104116311676035
1996,te,joint,-0.9934011476699989,-1.3033398127463476,-0.7180801464271592
1997,te,joint,-0.8887469151155334,-1.167011937256036,-0.6365047102605899
1998,te,joint,-0.7824143159229885,-1.0257773084269906,-0.5594918464123257
1999,te,joint,-0.655246052533879,-0.8633022442722025,-0.4620970665434748
2000,te,joint,-0.5222735253128874,-0.6925698438132767,-0.3580838362385904
2001,te,joint,-0.3926248214918333,-0.5268520067958321,-0.2646014651393901
2002,te,joint,-0.2727191590302125,-0.37243871582529986,-0.1772882562430641
2003,te,joint,-0.15758055687730477,-0.22588523362001803,-0.09409305368963894
2004,te,joint,-0.04617078469619429,-0.08606436866505845,-0.010198924723766229
2005,te,joint,0.060468008639795956,0.031242745143498417,0.09356181334270827
2006,te,joint,0.1661530209273634,0.11685057745720925,0.223025937562629
2007,te,joint,0.2733982766966976,0.192955037084927,0.3647671103403886
2008,te,joint,0.38760699530363296,0.27518639719251664,0.513043117698111
2009,te,joint,0.509088896376005,0.36226810843453916,0.6713501714599098
2010,te,joint,0.6272108932225686,0.4407327744330381,0.82590026959394
2011,te,joint,0.7542079995938227,0.5293109980124695,0.9926309356253653
2012,te,joint,0.8823309269713016,0.6201779917926573,1.160290126595916
2013,te,joint,1.0167756872597418,0.7145101415086117,1.336488548364163
2014,te,joint,1.151145710374128,0.808355080065091,1.512340455764669
2015,te,joint,1.2811155256601752,0.8974761230409463,1.687534623740236
2016,te,joint,1.4140365796298926,0.9901080866002001,1.8641348501828114
2017,te,joint,1.548772070155214,1.0812368421271912,2.041055103086711
2018,te,joint,1.6743068463110005,1.1645516447567614,2.2124016922511474
2019,te,joint,1.7980572410080813,1.246052465825326,2.3864160661647893
2020,te,joint,1.9363146614372444,1.3343978955646816,2.5696930544834964
2021,te,joint,2.0708989790298546,1.425332984158429,2.754888962724733
2022,te,joint,2.2043223329867114,1.509803516647167,2.9362230481313496
2023,te,joint,2.3354823694220626,1.6004107720497547,3.115732087605599
2024,te,joint,2.4732742806116295,1.6858384055361617,3.308574080590437
2025,te,joint,2.614359416323224,1.7769080139872173,3.4883617780023175
2026,te,joint,2.7547278414891236,1.86989131201655,3.685804298381893
2027,te,joint,2.8950274015093918,1.9633810124858189,3.884148230035545
2028,te,joint,3.0410324548696,2.05776704683695,4.090762596635755
2029,te,joint,3.1907657009519195,2.1529420373248462,4.294568470246642
2030,te,joint,3.3390590270119294,2.247941267791961,4.503714997058641
2031,te,joint,3.4889240740343745,2.3431372272774764,4.711495492666695
2032,te,joint,3.635491576799045,2.4331649685276067,4.917765066349485
2033,te,joint,3.7874357317880367,2.533913458429714,5.129024770523822
2034,te,joint,3.9460956725859164,2.637119534514791,5.353389301387798
2035,te,joint,4.10344010835611,2.745100809559006,5.5766808679691495
2036,te,joint,4.268704050413614,2.854669229884621,5.810964307574905
2037,te,joint,4.440073945536014,2.967706474854422,6.059883565301514
2038,te,joint,4.604641673541601,3.0727449057282534,6.2907127660322475
2039,te,joint,4.7700767114406135,3.174443623094042,6.521295480534531
2040,te,joint,4.929997991319495,3.2712980349079035,6.763225027446681
2041,te,joint,5.084042166043065,3.366892984419673,6.988162772125717
2042,te,joint,5.230016614247712,3.4636675534860037,7.207808207851644
2043,te,joint,5.38043524648322,3.5554632989137067,7.446791365351112
2044,te,joint,5.531570685460499,3.6460741820630407,7.687908851841277
2045,te,joint,5.68305921991203,3.7260864900842607,7.910091992116781
2046,te,joint,5.833465848903112,3.8107734806426987,8.137892641902928
2047,te,joint,5.980420918473936,3.8956251106251094,8.382477062577323
2048,te,joint,6.127820857870502,3.988542016803477,8.605819002075386
2049,te,joint,6.276601877552858,4.070771706493562,8.83107767605519
2050,te,joint,6.4158418971685505,4.13432751935521,9.043454697365496
2051,te,joint,6.551461186970204,4.204867587454775,9.25846749280487
2052,te,joint,6.685073945878411,4.281319976594185,9.475963685784643
2053,te,joint,6.807151709277333,4.344815939068648,9.670813448013503
2054,te,joint,6.931692729113551,4.407224167949821,9.871089193383563
2055,te,joint,7.051814212180773,4.470717916063614,10.077906349483834
2056,te,joint,7.177472591497482,4.53570433880237,10.267871287531928
2057,te,joint,7.296670517448975,4.602785569947909,10.481179935029054
2058,te,joint,7.409731510900626,4.671855120779609,10.666810157753241
2059,te,joint,7.5238516096227634,4.737669850258508,10.863624572383939
2060,te,joint,7.646697833514678,4.79862929742678,11.057093259978926
2061,te,joint,7.752124818996078,4.852876357505656,11.248452135803772
2062,te,joint,7.857541794470613,4.899908039304042,11.42819802743328
2063,te,joint,7.959407624098402,4.944050622604209,11.607099711301263
2064,te,joint,8.053299120629688,4.9873234226028895,11.784378427680622
2065,te,joint,8.155378230586198,5.026117087394795,11.95379448576574
2066,te,joint,8.254559236735611,5.074942803010312,12.104329997260505
2067,te,joint,8.349325422968606,5.124603159323931,12.257773440443456
2068,te,joint,8.438861895647587,5.1715072205743216,12.432986184175679
2069,te,joint,8.527121556709638,5.215990815478149,12.603120106160056
2070,te,joint,8.606687386036697,5.256525118935246,12.767491817247995
2071,te,joint,8.686037912140275,5.292696796797946,12.898634643337116
2072,te,joint,8.761347956210058,5.331647491325521,13.051437247401669
2073,te,joint,8.834813719835727,5.367908658826056,13.200921856234856
2074,te,joint,8.908290690922897,5.392515404493067,13.373038930050615
2075,te,joint,8.98218694908822,5.423787101257392,13.516752130857194
2076,te,joint,9.046200196984095,5.447011297036076,13.664776929428644
2077,te,joint,9.108636848297706,5.4773027863277886,13.802122738069505
2078,te,joint,9.172398031003574,5.508159972285444,13.933330608933566
2079,te,joint,9.240359216976934,5.536159716829457,14.054493576645909
2080,te,joint,9.304183484879434,5.560301521919854,14.185539321629548
2081,te,joint,9.368764882758393,5.587477604445268,14.31832835407683
2082,te,joint,9.42969185090529,5.620731170508955,14.441879505387703
2083,te,joint,9.491534871660917,5.652113349872486,14.564855047122778
2084,te,joint,9.552573327741385,5.673572380349521,14.697593084461305
2085,te,joint,9.604642413064347,5.692001696109977,14.816475841926968
2086,te,joint,9.652454474648087,5.698177208033798,14.923828498246886
2087,te,joint,9.701278567749888,5.704565737189501,15.046821485023678
2088,te,joint,9.740526790168307,5.705022000671404,15.171759422564111
2089,te,joint,9.786095880068448,5.719691848239029,15.287347795421226
2090,te,joint,9.832405572224225,5.7306243522541065,15.40453065726123
2091,te,joint,9.869848454548944,5.743512606120401,15.517601741561238
2092,te,joint,9.912006294767568,5.758048418902013,15.625987411817237
2093,te,joint,9.94499358652254,5.771124787347693,15.720914487084183
2094,te,joint,9.977492291338635,5.780646205544069,15.814348606210912
2095,te,joint,10.009971567086065,5.786926625996906,15.93571679315704
2096,te,joint,10.053735218650555,5.798828193456167,16.043051066180457
2097,te,joint,10.07872561225427,5.798756268373523,16.133671615957958
2098,te,joint,10.097964376531746,5.795884575394958,16.219364999020698
2099,te,joint,10.127136581140618,5.798660316849528,16.303236683672438
2100,te,joint,10.153802692568846,5.806560501417737,16.391473730022714
2101,te,joint,10.181059245427608,5.809645927277054,16.48174643028499
2102,te,joint,10.21849299964687,5.819450280987116,16.55772897900033
2103,te,joint,10.254863750977385,5.829357593312976,16.63772628372454
2104,te,joint,10.270378893741968,5.844645322527699,16.724710798440412
2105,te,joint,10.291711611802407,5.849052107261371,16.801915276810202
2106,te,joint,10.309422917148042,5.845136876561888,16.880830215276262
2107,te,joint,10.327150576511205,5.845542747860147,16.95709356289913
2108,te,joint,10.344338948236345,5.8444883017133895,17.021553655888006
2109,te,joint,10.358950876278183,5.837984969861846,17.069166334493644
2110,te,joint,10.37530109546187,5.8405859878675,17.123166251819637
2111,te,joint,10.391482870105923,5.838956309129091,17.190498087358492
2112,te,joint,10.40051061704381,5.838020800657781,17.257827286369658
2113,te,joint,10.415646567155164,5.835859660729501,17.31484182378244
2114,te,joint,10.428567426553252,5.837997096779731,17.366698671638606
2115,te,joint,10.433654497195183,5.8418569078506595,17.413744260504682
2116,te,joint,10.435252511508864,5.84884586683229,17.455287175669135
2117,te,joint,10.437066477938984,5.843470923492864,17.49249049960448
2118,te,joint,10.445519591966864,5.842821137232208,17.518415845874475
2119,te,joint,10.444720270476623,5.841252476656338,17.536326981710797
2120,te,joint,10.444028977450586,5.830651048660929,17.57044194968751
2121,te,joint,10.449285921661033,5.822033519610896,17.633189071064606
2122,te,joint,10.452712430056945,5.813350318746092,17.678837160111495
2123,te,joint,10.4477363644966,5.803265548650627,17.71941552493686
2124,te,joint,10.44964703135009,5.8208083216607935,17.76903350317842
2125,te,joint,10.446347989271613,5.806158761201564,17.813633885499275
2126,te,joint,10.444199648107158,5.785667602337956,17.856424130786273
2127,te,joint,10.435247696341495,5.763914432736926,17.89547566188529
2128,te,joint,10.431067815156489,5.757856790640024,17.94275920979958
2129,te,joint,10.418987715567,5.7760252572731074,17.967254221999227
2130,te,joint,10.398823675068495,5.7575184655175935,18.005191793975246
2131,te,joint,10.39484316351364,5.750618923457091,18.06484953981265
2132,te,joint,10.3898892856295,5.7395589374565485,18.1255022648092
2133,te,joint,10.38051626625344,5.73825129070475,18.18483832146013
2134,te,joint,10.385881969773976,5.735733152620996,18.20333103911259
2135,te,joint,10.380460081926042,5.7233207105759645,18.235591888209022
2136,te,joint,10.365467942913686,5.707556416833805,18.280224521656756
2137,te,joint,10.353465113230317,5.695430093003283,18.298690649510533
2138,te,joint,10.32637744827044,5.6817325564596635,18.320650721426023
2139,te,joint,10.305501122846014,5.665746142225454,18.34631531582107
2140,te,joint,10.28416794515962,5.642814305692819,18.37039644754871
2141,te,joint,10.257395979816051,5.615127281461533,18.370997130329616
2142,te,joint,10.233212702645885,5.5891382155994505,18.373222697560745
2143,te,joint,10.211591684148068,5.567179666952333,18.38841027138222
2144,te,joint,10.190502296817911,5.548513843235422,18.405252107582154
2145,te,joint,10.170724892150737,5.5298116498278755,18.405727368390547
2146,te,joint,10.135387638822094,5.517404053376173,18.383323074703362
2147,te,joint,10.109907176818014,5.505765088711722,18.368660907795956
2148,te,joint,10.078942816820486,5.485621165764776,18.351595259448864
2149,te,joint,10.043605552708646,5.452875769659037,18.338028345818174
2150,te,joint,10.01156838323696,5.424371225551635,18.32385148016356
2151,te,joint,9.974896748977397,5.396663923879367,18.308447079622585
2152,te,joint,9.932131209478428,5.371239676967774,18.292647045434894
2153,te,joint,9.914416661115776,5.353542833246236,18.279678212624507
2154,te,joint,9.89312871146709,5.346221902830569,18.274908448339694
2155,te,joint,9.864658302200935,5.3379513605344,18.279178486579923
2156,te,joint,9.837810531904804,5.32593604601241,18.2612162150549
2157,te,joint,9.805123591852158,5.304013991064073,18.23586158411535
2158,te,joint,9.7754935796256,5.269249200035304,18.223738819489558
2159,te,joint,9.73711920515104,5.244269105853882,18.208640069858955
2160,te,joint,9.69855223971967,5.220163078108438,18.191115670631127
2161,te,joint,9.661945756404583,5.178074739211285,18.177416642269442
2162,te,joint,9.613495208544416,5.150933016230533,18.169292667944298
2163,te,joint,9.579199255020114,5.109907357287823,18.168207662831527
2164,te,joint,9.542630567633339,5.068871426877476,18.120592764504085
2165,te,joint,9.503831969636563,5.030939292448565,18.10574298223166
2166,te,joint,9.466621857352356,4.990700625848663,18.090090633058693
2167,te,joint,9.40973495213159,4.940278156287294,18.069554750601444
2168,te,joint,9.359340027160297,4.897766741320646,18.042558180398334
2169,te,joint,9.307051246504756,4.85590877207237,18.008996911468845
2170,te,joint,9.242351518846611,4.802302009470988,17.93336958054128
2171,te,joint,9.184398529108254,4.726988341866482,17.904593682415317
2172,te,joint,9.116889965759997,4.680436911809535,17.867176034800547
2173,te,joint,9.056380687747424,4.6282506072635785,17.798703169031082
2174,te,joint,8.995395071919656,4.568222252147855,17.731084997046196
2175,te,joint,8.92457765217338,4.492960288564685,17.70365130321551
2176,te,joint,8.859411328320101,4.429447132029144,17.671529142924474
2177,te,joint,8.804719497902203,4.37524404280167,17.588070562487488
2178,te,joint,8.74466047627977,4.305898335905139,17.50235864717745
2179,te,joint,8.673328529091211,4.2403231047777,17.41918981469359
2180,te,joint,8.59136322968929,4.185696859813257,17.360345415238832
2181,te,joint,8.517697542152845,4.1149308501492845,17.298996569876802
2182,te,joint,8.441767560909343,4.01400562114139,17.23528427384561
2183,te,joint,8.359312149513272,3.9295437547935532,17.18083732623018
2184,te,joint,8.277166944890432,3.8474754718272095,17.128513607186537
2185,te,joint,8.188768442601585,3.749519529154619,17.060446853769054
2186,te,joint,8.091576108271653,3.651351191838195,17.0119405335636
2187,te,joint,7.997048665797518,3.568230040780368,16.96146075767971
2188,te,joint,7.903792046217391,3.4782160389687493,16.883735046018515
2189,te,joint,7.813796641869199,3.385887671373653,16.798491801006556
2190,te,joint,7.709862188713996,3.321927827598327,16.709551741512236
2191,te,joint,7.630945234416137,3.2368630868395485,16.623016398019363
2192,te,joint,7.538631516701882,3.150897892325814,16.534067217445916
2193,te,joint,7.446989085780062,3.0484392387558414,16.442343494286398
2194,te,joint,7.3456579033360745,2.9333484662105906,16.363498034966707
2195,te,joint,7.263037057003952,2.802476652802096,16.259273327758066
2196,te,joint,7.159953450360888,2.6918117287175063,16.14721414616498
2197,te,joint,7.073619784063635,2.565191197167629,16.04575096459007
2198,te,joint,6.963365055038489,2.4670400399864416,15.918418846997035
2199,te,joint,6.870303885750545,2.367738128712309,15.783925796974074
2200,te,joint,6.781533215902648,2.26045821099125,15.665320258832669
2201,te,joint,6.6901964871082775,2.1556730363426837,15.53686395355617
2202,te,joint,6.585313039517603,2.016021908659243,15.386705147032146
2203,te,joint,6.4739614758207775,1.9229640679643785,15.251458754319797
2204,te,joint,6.353809368422095,1.7833680000967869,15.137748543899654
2205,te,joint,6.247337226032281,1.6606501257482684,15.012731003062843
2206,te,joint,6.128745989215817,1.5435598392035275,14.850527839316955
2207,te,joint,6.008080931406679,1.4255799366439545,14.683647401377426
2208,te,joint,5.875749572924651,1.308572132009561,14.546109102374034
2209,te,joint,5.740115843689782,1.1845375625219896,14.415761184272036
2210,te,joint,5.61617392529274,1.02860784058813,14.286530811267253
2211,te,joint,5.49267122021897,0.8210713936871832,14.156450999654528
2212,te,joint,5.371540556330499,0.6537526805451928,14.025145119618706
2213,te,joint,5.248008704903333,0.5129195245644226,13.88905224251137
2214,te,joint,5.112575722623849,0.3718293872306984,13.75638626603581
2215,te,joint,4.979934353093842,0.21268126303897092,13.609234393575353
2216,te,joint,4.849616493478212,0.08326923231750992,13.485354385952292
2217,te,joint,4.718657814025915,-0.028574676491312977,13.316864014448873
2218,te,joint,4.59782111617861,-0.1997191647750024,13.169364378431487
2219,te,joint,4.461628915463283,-0.3153066038495086,13.022228704779799
2220,te,joint,4.334627653382846,-0.4391995859309369,12.901571933028473
2221,te,joint,4.2138241145601425,-0.5574680518159498,12.735023024710827
2222,te,joint,4.097443354656921,-0.6842396101458421,12.614410260131212
2223,te,joint,3.9844291574995636,-0.7941035959394218,12.497227832780759
2224,te,joint,3.8616184308841666,-0.904782457900997,12.386595534869214
2225,te,joint,3.731437662913594,-1.0167331744935073,12.27818326516246
2226,te,joint,3.590257457552511,-1.1298367662184554,12.11315071349103
2227,te,joint,3.481103376524114,-1.3009680104891086,11.954682959948318
2228,te,joint,3.3391266869813183,-1.4930553504900392,11.815528647033705
2229,te,joint,3.217355629842883,-1.6976526424968992,11.674775076469588
2230,te,joint,3.1029150167622985,-1.83557183945997,11.547544065982198
2231,te,joint,2.9773359278670553,-1.9692207334780896,11.437638879268796
2232,te,joint,2.852118080493907,-2.10458068848549,11.346429319048617
2233,te,joint,2.7216638194293843,-2.2474385980891864,11.1893727443814
2234,te,joint,2.6069403892623466,-2.426474065359996,11.036933390493814
2235,te,joint,2.4856954716829356,-2.557891618726785,10.920231543238776
2236,te,joint,2.3697137870878366,-2.747660729793225,10.813150563027891
2237,te,joint,2.253076265016779,-2.94950151672865,10.709053603674283
2238,te,joint,2.128518087433401,-3.1643218554003973,10.554327734478763
2239,te,joint,2.01420588059771,-3.326281888644279,10.431113842068005
2240,te,joint,1.90152256526232,-3.530642788232304,10.30814101895288
2241,te,joint,1.8065891881489926,-3.674599924799397,10.183959059259347
2242,te,joint,1.6987057835389734,-3.854655766578069,10.051683853231866
2243,te,joint,1.6021068364392776,-4.059673398262551,9.944544229397035
2244,te,joint,1.5033646323672119,-4.201550565343984,9.80904162654333
2245,te,joint,1.3914549940571956,-4.358223244808684,9.66573848439724
2246,te,joint,1.27643838175392,-4.491418119551214,9.511382282806581
2247,te,joint,1.1551530631828004,-4.634127346843369,9.37080348560057
2248,te,joint,1.044516008318024,-4.779327907044999,9.256435191387263
2249,te,joint,0.9230340488095712,-4.944125559752512,9.130218450871707
2250,te,joint,0.8156590690484342,-5.108186151151736,9.013269499985514
2251,te,joint,0.708894358033183,-5.25800496980961,8.89672106322084
2252,te,joint,0.6066410255647412,-5.4042258959471265,8.760629833672219
2253,te,joint,0.5011105027695102,-5.563419288508329,8.606194676920097
2254,te,joint,0.40387659351314475,-5.682852646076713,8.455023126920157
2255,te,joint,0.29890592150206974,-5.811227978830838,8.330531909801625
2256,te,joint,0.1915059982023133,-5.932351296836576,8.238332056188238
2257,te,joint,0.08043779903777959,-6.065496371243102,8.128628669383325
2258,te,joint,-0.024637025062813178,-6.212387614919348,7.9912345107101395
2259,te,joint,-0.13192703527036787,-6.3471557275993815,7.853301471202219
2260,te,joint,-0.24556407548675213,-6.4814518382584705,7.714571037496302
2261,te,joint,-0.350693651000096,-6.614755779100635,7.589548333615697
2262,te,joint,-0.44594561985304226,-6.7464212141003905,7.4800221958253985
2263,te,joint,-0.5453492853560974,-6.875886431051564,7.373604358272059
2264,te,joint,-0.6351726523715611,-7.001319500192991,7.230686144353465
2265,te,joint,-0.7369911441313197,-7.11401486797817,7.139419038549553
2266,te,joint,-0.8318874173932749,-7.222085616302237,7.0146177489354615
2267,te,joint,-0.9219371538278431,-7.326323073701586,6.862263393175957
2268,te,joint,-1.0188982190820932,-7.430369418657198,6.725937372790728
2269,te,joint,-1.1085730337258213,-7.536101493825982,6.60171427642834
2270,te,joint,-1.2069824407389227,-7.6431824348649995,6.462620888664335
2271,te,joint,-1.2896976446911643,-7.750908738176481,6.352236825271485
2272,te,joint,-1.3796959217540243,-7.858478671602923,6.21158881745469
2273,te,joint,-1.4659526832306875,-7.964738536977426,6.072630527983008
2274,te,joint,-1.5492865872753612,-8.089398378586184,5.949786017468843
2275,te,joint,-1.6258677567488569,-8.234377511880515,5.83015500696474
2276,te,joint,-1.7097734195900958,-8.373678238007498,5.72755647691156
2277,te,joint,-1.7731578258236222,-8.476756100459056,5.606498059590147
2278,te,joint,-1.841353211156353,-8.577458127277398,5.49807228370247
2279,te,joint,-1.9188683775223447,-8.677877311530862,5.40670228487816
2280,te,joint,-2.0029558739929127,-8.779018300730351,5.320765024526976
2281,te,joint,-2.0784025605147125,-8.886267023327537,5.2115109244776106
2282,te,joint,-2.153252084677306,-8.987370445795749,5.09761674290745
2283,te,joint,-2.2272216055183494,-9.095158050690507,5.01110221749047
2284,te,joint,-2.3091565098390405,-9.22362439568191,4.92923493752895
2285,te,joint,-2.3893937337845452,-9.347859954834185,4.816300221883224
2286,te,joint,-2.4603868299979244,-9.467282672406267,4.736535533398982
2287,te,joint,-2.524279887976835,-9.583386270322341,4.658131092254252
2288,te,joint,-2.5878870858838785,-9.697888684712215,4.588516077292281
2289,te,joint,-2.667155609455682,-9.81497079485935,4.515369955492679
2290,te,joint,-2.7293016562673635,-9.964007352315198,4.44035815482487
2291,te,joint,-2.7890826735346925,-10.11495729165658,4.348661747123555
2292,te,joint,-2.8532933464397736,-10.240903151468105,4.252541111192283
2293,te,joint,-2.9124632546578377,-10.32046851505517,4.155124572634056
2294,te,joint,-2.9849759452149947,-10.41510175908932,4.0645980259481655
2295,te,joint,-3.056067734787133,-10.512707613180345,3.9816417419051326
2296,te,joint,-3.112321942012323,-10.631628548690907,3.90087446229104
2297,te,joint,-3.1613968968162265,-10.73546952879927,3.8488832753647064
2298,te,joint,-3.2249460764411664,-10.835216905516223,3.7977088306234483
2299,te,joint,-3.274265393107558,-10.951639693121296,3.7458806830186737
2300,te,joint,-3.332372118179574,-11.104334179855632,3.6939358897469083
1990,lws,fixed,-0.24584167316555994,-0.24584167316555994,-0.24584167316555994
1991,lws,fixed,-0.17571943119168298,-0.17571943119168298,-0.17571943119168298
1992,lws,fixed,-0.0037782700359825228,-0.0037782700359825228,-0.0037782700359825228
1993,lws,fixed,-0.261577871590853,-0.261577871590853,-0.261577871590853
1994,lws,fixed,-0.2716419489681723,-0.2716419489681723,-0.2716419489681723
1995,lws,fixed,-0.14735181644558937,-0.14735181644558937,-0.14735181644558937
1996,lws,fixed,-0.1586974175274376,-0.1586974175274376,-0.1586974175274376
1997,lws,fixed,-0.2373509199917323,-0.2373509199917323,-0.2373509199917323
1998,lws,fixed,-0.13130905941128757,-0.13130905941128757,-0.13130905941128757
1999,lws,fixed,-0.20879924610257183,-0.20879924610257183,-0.20879924610257183
2000,lws,fixed,-0.32454231098294284,-0.32454231098294284,-0.32454231098294284
2001,lws,fixed,-0.09254472568631211,-0.09254472568631211,-0.09254472568631211
2002,lws,fixed,0.09316616937518085,0.09316616937518085,0.09316616937518085
2003,lws,fixed,0.17277437731623624,0.17277437731623624,0.17277437731623624
2004,lws,fixed,-0.09635720565915129,-0.09635720565915129,-0.09635720565915129
2005,lws,fixed,0.059369513243436645,0.059369513243436645,0.059369513243436645
2006,lws,fixed,0.08149288579821556,0.08149288579821556,0.08149288579821556
2007,lws,fixed,0.005451270788908058,0.005451270788908058,0.005451270788908058
2008,lws,fixed,0.028783222883939752,0.028783222883939752,0.028783222883939752
2009,lws,fixed,0.13125301286578184,0.13125301286578184,0.13125301286578184
2010,lws,fixed,0.18175153419375412,0.18175153419375412,0.18175153419375412
2011,lws,fixed,-0.09823055580258377,-0.09823055580258377,-0.09823055580258377
2012,lws,fixed,0.3081764189898968,0.3081764189898968,0.3081764189898968
2013,lws,fixed,0.2743758557736875,0.2743758557736875,0.2743758557736875
2014,lws,fixed,0.15858899638056778,0.15858899638056778,0.15858899638056778
2015,lws,fixed,0.5689081160724165,0.5689081160724165,0.5689081160724165
2016,lws,fixed,0.7298510758578779,0.7298510758578779,0.7298510758578779
2017,lws,fixed,0.5100206343829634,0.5100206343829634,0.5100206343829634
2018,lws,fixed,0.435023137778044,0.435023137778044,0.435023137778044
2019,lws,fixed,0.5583970049159656,0.5583970049159656,0.5583970049159656
2020,lws,fixed,0.330106425460325,0.330106425460325,0.330106425460325
2021,lws,fixed,0.4152830854228826,0.4152830854228826,0.4152830854228826
2022,lws,fixed,0.4087759851575359,0.4087759851575359,0.4087759851575359
2023,lws,fixed,0.5038468232151403,0.5038468232151403,0.5038468232151403
2024,lws,fixed,0.5338468232151403,0.5338468232151403,0.5338468232151403
2025,lws,fixed,0.5638468232151402,0.5638468232151402,0.5638468232151402
2026,lws,fixed,0.5938468232151403,0.5938468232151403,0.5938468232151403
2027,lws,fixed,0.6238468232151403,0.6238468232151403,0.6238468232151403
2028,lws,fixed,0.6538468232151402,0.6538468232151402,0.6538468232151402
2029,lws,fixed,0.6838468232151402,0.6838468232151402,0.6838468232151402
2030,lws,fixed,0.7138468232151403,0.7138468232151403,0.7138468232151403
2031,lws,fixed,0.7438468232151402,0.7438468232151402,0.7438468232151402
2032,lws,fixed,0.7738468232151402,0.7738468232151402,0.7738468232151402
2033,lws,fixed,0.8038468232151402,0.8038468232151402,0.8038468232151402
2034,lws,fixed,0.8338468232151401,0.8338468232151401,0.8338468232151401
2035,lws,fixed,0.8638468232151402,0.8638468232151402,0.8638468232151402
2036,lws,fixed,0.8938468232151402,0.8938468232151402,0.8938468232151402
2037,lws,fixed,0.9238468232151402,0.9238468232151402,0.9238468232151402
2038,lws,fixed,0.9538468232151401,0.9538468232151401,0.9538468232151401
2039,lws,fixed,0.9838468232151402,0.9838468232151402,0.9838468232151402
2040,lws,fixed,1.01384682321514,1.01384682321514,1.01384682321514
2041,lws,fixed,1.04384682321514,1.04384682321514,1.04384682321514
2042,lws,fixed,1.0738468232151401,1.0738468232151401,1.0738468232151401
2043,lws,fixed,1.1038468232151402,1.1038468232151402,1.1038468232151402
2044,lws,fixed,1.1338468232151402,1.1338468232151402,1.1338468232151402
2045,lws,fixed,1.16384682321514,1.16384682321514,1.16384682321514
2046,lws,fixed,1.19384682321514,1.19384682321514,1.19384682321514
2047,lws,fixed,1.22384682321514,1.22384682321514,1.22384682321514
2048,lws,fixed,1.25384682321514,1.25384682321514,1.25384682321514
2049,lws,fixed,1.28384682321514,1.28384682321514,1.28384682321514
2050,lws,fixed,1.3138468232151401,1.3138468232151401,1.3138468232151401
2051,lws,fixed,1.3438468232151402,1.3438468232151402,1.3438468232151402
2052,lws,fixed,1.37384682321514,1.37384682321514,1.37384682321514
2053,lws,fixed,1.40384682321514,1.40384682321514,1.40384682321514
2054,lws,fixed,1.43384682321514,1.43384682321514,1.43384682321514
2055,lws,fixed,1.46384682321514,1.46384682321514,1.46384682321514
2056,lws,fixed,1.49384682321514,1.49384682321514,1.49384682321514
2057,lws,fixed,1.52384682321514,1.52384682321514,1.52384682321514
2058,lws,fixed,1.5538468232151401,1.5538468232151401,1.5538468232151401
2059,lws,fixed,1.58384682321514,1.58384682321514,1.58384682321514
2060,lws,fixed,1.61384682321514,1.61384682321514,1.61384682321514
2061,lws,fixed,1.64384682321514,1.64384682321514,1.64384682321514
2062,lws,fixed,1.67384682321514,1.67384682321514,1.67384682321514
2063,lws,fixed,1.70384682321514,1.70384682321514,1.70384682321514
2064,lws,fixed,1.73384682321514,1.73384682321514,1.73384682321514
2065,lws,fixed,1.76384682321514,1.76384682321514,1.76384682321514
2066,lws,fixed,1.7938468232151399,1.7938468232151399,1.7938468232151399
2067,lws,fixed,1.82384682321514,1.82384682321514,1.82384682321514
2068,lws,fixed,1.85384682321514,1.85384682321514,1.85384682321514
2069,lws,fixed,1.88384682321514,1.88384682321514,1.88384682321514
2070,lws,fixed,1.91384682321514,1.91384682321514,1.91384682321514
2071,lws,fixed,1.94384682321514,1.94384682321514,1.94384682321514
2072,lws,fixed,1.97384682321514,1.97384682321514,1.97384682321514
2073,lws,fixed,2.00384682321514,2.00384682321514,2.00384682321514
2074,lws,fixed,2.03384682321514,2.03384682321514,2.03384682321514
2075,lws,fixed,2.06384682321514,2.06384682321514,2.06384682321514
2076,lws,fixed,2.0938468232151397,2.0938468232151397,2.0938468232151397
2077,lws,fixed,2.12384682321514,2.12384682321514,2.12384682321514
2078,lws,fixed,2.1538468232151398,2.1538468232151398,2.1538468232151398
2079,lws,fixed,2.18384682321514,2.18384682321514,2.18384682321514
2080,lws,fixed,2.21384682321514,2.21384682321514,2.21384682321514
2081,lws,fixed,2.24384682321514,2.24384682321514,2.24384682321514
2082,lws,fixed,2.27384682321514,2.27384682321514,2.27384682321514
2083,lws,fixed,2.30384682321514,2.30384682321514,2.30384682321514
2084,lws,fixed,2.33384682321514,2.33384682321514,2.33384682321514
2085,lws,fixed,2.36384682321514,2.36384682321514,2.36384682321514
2086,lws,fixed,2.39384682321514,2.39384682321514,2.39384682321514
2087,lws,fixed,2.42384682321514,2.42384682321514,2.42384682321514
2088,lws,fixed,2.45384682321514,2.45384682321514,2.45384682321514
2089,lws,fixed,2.48384682321514,2.48384682321514,2.48384682321514
2090,lws,fixed,2.5138468232151396,2.5138468232151396,2.5138468232151396
2091,lws,fixed,2.54384682321514,2.54384682321514,2.54384682321514
2092,lws,fixed,2.57384682321514,2.57384682321514,2.57384682321514
2093,lws,fixed,2.60384682321514,2.60384682321514,2.60384682321514
2094,lws,fixed,2.6338468232151397,2.6338468232151397,2.6338468232151397
2095,lws,fixed,2.66384682321514,2.66384682321514,2.66384682321514
2096,lws,fixed,2.69384682321514,2.69384682321514,2.69384682321514
2097,lws,fixed,2.7238468232151396,2.7238468232151396,2.7238468232151396
2098,lws,fixed,2.75384682321514,2.75384682321514,2.75384682321514
2099,lws,fixed,2.78384682321514,2.78384682321514,2.78384682321514
2100,lws,fixed,2.81384682321514,2.81384682321514,2.81384682321514
2101,lws,fixed,2.8438468232151397,2.8438468232151397,2.8438468232151397
2102,lws,fixed,2.87384682321514,2.87384682321514,2.87384682321514
2103,lws,fixed,2.9038468232151398,2.9038468232151398,2.9038468232151398
2104,lws,fixed,2.9338468232151396,2.9338468232151396,2.9338468232151396
2105,lws,fixed,2.96384682321514,2.96384682321514,2.96384682321514
2106,lws,fixed,2.99384682321514,2.99384682321514,2.99384682321514
2107,lws,fixed,3.02384682321514,3.02384682321514,3.02384682321514
2108,lws,fixed,3.0538468232151397,3.0538468232151397,3.0538468232151397
2109,lws,fixed,3.08384682321514,3.08384682321514,3.08384682321514
2110,lws,fixed,3.11384682321514,3.11384682321514,3.11384682321514
2111,lws,fixed,3.1438468232151404,3.1438468232151404,3.1438468232151404
2112,lws,fixed,3.1738468232151407,3.1738468232151407,3.1738468232151407
2113,lws,fixed,3.203846823215141,3.203846823215141,3.203846823215141
2114,lws,fixed,3.2338468232151407,3.2338468232151407,3.2338468232151407
2115,lws,fixed,3.263846823215141,3.263846823215141,3.263846823215141
2116,lws,fixed,3.2938468232151408,3.2938468232151408,3.2938468232151408
2117,lws,fixed,3.323846823215141,3.323846823215141,3.323846823215141
2118,lws,fixed,3.3538468232151413,3.3538468232151413,3.3538468232151413
2119,lws,fixed,3.3838468232151415,3.3838468232151415,3.3838468232151415
2120,lws,fixed,3.4138468232151418,3.4138468232151418,3.4138468232151418
2121,lws,fixed,3.443846823215142,3.443846823215142,3.443846823215142
2122,lws,fixed,3.4738468232151423,3.4738468232151423,3.4738468232151423
2123,lws,fixed,3.503846823215142,3.503846823215142,3.503846823215142
2124,lws,fixed,3.5338468232151423,3.5338468232151423,3.5338468232151423
2125,lws,fixed,3.5638468232151426,3.5638468232151426,3.5638468232151426
2126,lws,fixed,3.593846823215143,3.593846823215143,3.593846823215143
2127,lws,fixed,3.623846823215143,3.623846823215143,3.623846823215143
2128,lws,fixed,3.653846823215143,3.653846823215143,3.653846823215143
2129,lws,fixed,3.683846823215143,3.683846823215143,3.683846823215143
2130,lws,fixed,3.7138468232151434,3.7138468232151434,3.7138468232151434
2131,lws,fixed,3.7438468232151436,3.7438468232151436,3.7438468232151436
2132,lws,fixed,3.773846823215144,3.773846823215144,3.773846823215144
2133,lws,fixed,3.803846823215144,3.803846823215144,3.803846823215144
2134,lws,fixed,3.833846823215144,3.833846823215144,3.833846823215144
2135,lws,fixed,3.863846823215144,3.863846823215144,3.863846823215144
2136,lws,fixed,3.8938468232151444,3.8938468232151444,3.8938468232151444
2137,lws,fixed,3.9238468232151447,3.9238468232151447,3.9238468232151447
2138,lws,fixed,3.953846823215145,3.953846823215145,3.953846823215145
2139,lws,fixed,3.9838468232151447,3.9838468232151447,3.9838468232151447
2140,lws,fixed,4.013846823215145,4.013846823215145,4.013846823215145
2141,lws,fixed,4.043846823215145,4.043846823215145,4.043846823215145
2142,lws,fixed,4.0738468232151455,4.0738468232151455,4.0738468232151455
2143,lws,fixed,4.103846823215146,4.103846823215146,4.103846823215146
2144,lws,fixed,4.133846823215146,4.133846823215146,4.133846823215146
2145,lws,fixed,4.163846823215145,4.163846823215145,4.163846823215145
2146,lws,fixed,4.1938468232151465,4.1938468232151465,4.1938468232151465
2147,lws,fixed,4.223846823215146,4.223846823215146,4.223846823215146
2148,lws,fixed,4.253846823215147,4.253846823215147,4.253846823215147
2149,lws,fixed,4.283846823215146,4.283846823215146,4.283846823215146
2150,lws,fixed,4.313846823215147,4.313846823215147,4.313846823215147
2151,lws,fixed,4.343846823215147,4.343846823215147,4.343846823215147
2152,lws,fixed,4.373846823215147,4.373846823215147,4.373846823215147
2153,lws,fixed,4.403846823215147,4.403846823215147,4.403846823215147
2154,lws,fixed,4.433846823215148,4.433846823215148,4.433846823215148
2155,lws,fixed,4.463846823215148,4.463846823215148,4.463846823215148
2156,lws,fixed,4.493846823215147,4.493846823215147,4.493846823215147
2157,lws,fixed,4.523846823215148,4.523846823215148,4.523846823215148
2158,lws,fixed,4.553846823215148,4.553846823215148,4.553846823215148
2159,lws,fixed,4.583846823215149,4.583846823215149,4.583846823215149
2160,lws,fixed,4.613846823215148,4.613846823215148,4.613846823215148
2161,lws,fixed,4.6438468232151475,4.6438468232151475,4.6438468232151475
2162,lws,fixed,4.673846823215149,4.673846823215149,4.673846823215149
2163,lws,fixed,4.703846823215148,4.703846823215148,4.703846823215148
2164,lws,fixed,4.733846823215149,4.733846823215149,4.733846823215149
2165,lws,fixed,4.7638468232151485,4.7638468232151485,4.7638468232151485
2166,lws,fixed,4.79384682321515,4.79384682321515,4.79384682321515
2167,lws,fixed,4.823846823215149,4.823846823215149,4.823846823215149
2168,lws,fixed,4.853846823215149,4.853846823215149,4.853846823215149
2169,lws,fixed,4.8838468232151495,4.8838468232151495,4.8838468232151495
2170,lws,fixed,4.91384682321515,4.91384682321515,4.91384682321515
2171,lws,fixed,4.94384682321515,4.94384682321515,4.94384682321515
2172,lws,fixed,4.973846823215149,4.973846823215149,4.973846823215149
2173,lws,fixed,5.0038468232151505,5.0038468232151505,5.0038468232151505
2174,lws,fixed,5.03384682321515,5.03384682321515,5.03384682321515
2175,lws,fixed,5.063846823215151,5.063846823215151,5.063846823215151
2176,lws,fixed,5.09384682321515,5.09384682321515,5.09384682321515
2177,lws,fixed,5.1238468232151515,5.1238468232151515,5.1238468232151515
2178,lws,fixed,5.153846823215151,5.153846823215151,5.153846823215151
2179,lws,fixed,5.183846823215151,5.183846823215151,5.183846823215151
2180,lws,fixed,5.213846823215151,5.213846823215151,5.213846823215151
2181,lws,fixed,5.243846823215152,5.243846823215152,5.243846823215152
2182,lws,fixed,5.273846823215152,5.273846823215152,5.273846823215152
2183,lws,fixed,5.303846823215151,5.303846823215151,5.303846823215151
2184,lws,fixed,5.333846823215152,5.333846823215152,5.333846823215152
2185,lws,fixed,5.363846823215152,5.363846823215152,5.363846823215152
2186,lws,fixed,5.393846823215153,5.393846823215153,5.393846823215153
2187,lws,fixed,5.423846823215152,5.423846823215152,5.423846823215152
2188,lws,fixed,5.4538468232151525,5.4538468232151525,5.4538468232151525
2189,lws,fixed,5.483846823215153,5.483846823215153,5.483846823215153
2190,lws,fixed,5.513846823215154,5.513846823215154,5.513846823215154
2191,lws,fixed,5.543846823215153,5.543846823215153,5.543846823215153
2192,lws,fixed,5.573846823215153,5.573846823215153,5.573846823215153
2193,lws,fixed,5.603846823215154,5.603846823215154,5.603846823215154
2194,lws,fixed,5.633846823215153,5.633846823215153,5.633846823215153
2195,lws,fixed,5.663846823215154,5.663846823215154,5.663846823215154
2196,lws,fixed,5.693846823215154,5.693846823215154,5.693846823215154
2197,lws,fixed,5.723846823215155,5.723846823215155,5.723846823215155
2198,lws,fixed,5.753846823215154,5.753846823215154,5.753846823215154
2199,lws,fixed,5.783846823215155,5.783846823215155,5.783846823215155
2200,lws,fixed,5.813846823215155,5.813846823215155,5.813846823215155
2201,lws,fixed,5.843846823215154,5.843846823215154,5.843846823215154
2202,lws,fixed,5.873846823215155,5.873846823215155,5.873846823215155
2203,lws,fixed,5.903846823215154,5.903846823215154,5.903846823215154
2204,lws,fixed,5.9338468232151556,5.9338468232151556,5.9338468232151556
2205,lws,fixed,5.963846823215155,5.963846823215155,5.963846823215155
2206,lws,fixed,5.993846823215156,5.993846823215156,5.993846823215156
2207,lws,fixed,6.023846823215155,6.023846823215155,6.023846823215155
2208,lws,fixed,6.0538468232151565,6.0538468232151565,6.0538468232151565
2209,lws,fixed,6.083846823215156,6.083846823215156,6.083846823215156
2210,lws,fixed,6.113846823215157,6.113846823215157,6.113846823215157
2211,lws,fixed,6.143846823215156,6.143846823215156,6.143846823215156
2212,lws,fixed,6.173846823215156,6.173846823215156,6.173846823215156
2213,lws,fixed,6.203846823215157,6.203846823215157,6.203846823215157
2214,lws,fixed,6.233846823215156,6.233846823215156,6.233846823215156
2215,lws,fixed,6.263846823215157,6.263846823215157,6.263846823215157
2216,lws,fixed,6.293846823215157,6.293846823215157,6.293846823215157
2217,lws,fixed,6.323846823215158,6.323846823215158,6.323846823215158
2218,lws,fixed,6.353846823215157,6.353846823215157,6.353846823215157
2219,lws,fixed,6.383846823215158,6.383846823215158,6.383846823215158
2220,lws,fixed,6.413846823215158,6.413846823215158,6.413846823215158
2221,lws,fixed,6.443846823215159,6.443846823215159,6.443846823215159
2222,lws,fixed,6.473846823215158,6.473846823215158,6.473846823215158
2223,lws,fixed,6.503846823215158,6.503846823215158,6.503846823215158
2224,lws,fixed,6.533846823215159,6.533846823215159,6.533846823215159
2225,lws,fixed,6.563846823215158,6.563846823215158,6.563846823215158
2226,lws,fixed,6.593846823215159,6.593846823215159,6.593846823215159
2227,lws,fixed,6.623846823215159,6.623846823215159,6.623846823215159
2228,lws,fixed,6.65384682321516,6.65384682321516,6.65384682321516
2229,lws,fixed,6.683846823215159,6.683846823215159,6.683846823215159
2230,lws,fixed,6.71384682321516,6.71384682321516,6.71384682321516
2231,lws,fixed,6.74384682321516,6.74384682321516,6.74384682321516
2232,lws,fixed,6.773846823215161,6.773846823215161,6.773846823215161
2233,lws,fixed,6.80384682321516,6.80384682321516,6.80384682321516
2234,lws,fixed,6.8338468232151595,6.8338468232151595,6.8338468232151595
2235,lws,fixed,6.863846823215161,6.863846823215161,6.863846823215161
2236,lws,fixed,6.89384682321516,6.89384682321516,6.89384682321516
2237,lws,fixed,6.923846823215161,6.923846823215161,6.923846823215161
2238,lws,fixed,6.9538468232151605,6.9538468232151605,6.9538468232151605
2239,lws,fixed,6.983846823215162,6.983846823215162,6.983846823215162
2240,lws,fixed,7.013846823215161,7.013846823215161,7.013846823215161
2241,lws,fixed,7.043846823215162,7.043846823215162,7.043846823215162
2242,lws,fixed,7.0738468232151615,7.0738468232151615,7.0738468232151615
2243,lws,fixed,7.103846823215163,7.103846823215163,7.103846823215163
2244,lws,fixed,7.133846823215162,7.133846823215162,7.133846823215162
2245,lws,fixed,7.163846823215161,7.163846823215161,7.163846823215161
2246,lws,fixed,7.1938468232151624,7.1938468232151624,7.1938468232151624
2247,lws,fixed,7.223846823215162,7.223846823215162,7.223846823215162
2248,lws,fixed,7.253846823215163,7.253846823215163,7.253846823215163
2249,lws,fixed,7.283846823215162,7.283846823215162,7.283846823215162
2250,lws,fixed,7.313846823215163,7.313846823215163,7.313846823215163
2251,lws,fixed,7.343846823215163,7.343846823215163,7.343846823215163
2252,lws,fixed,7.373846823215164,7.373846823215164,7.373846823215164
2253,lws,fixed,7.403846823215163,7.403846823215163,7.403846823215163
2254,lws,fixed,7.433846823215164,7.433846823215164,7.433846823215164
2255,lws,fixed,7.463846823215164,7.463846823215164,7.463846823215164
2256,lws,fixed,7.493846823215163,7.493846823215163,7.493846823215163
2257,lws,fixed,7.523846823215164,7.523846823215164,7.523846823215164
2258,lws,fixed,7.553846823215164,7.553846823215164,7.553846823215164
2259,lws,fixed,7.583846823215165,7.583846823215165,7.583846823215165
2260,lws,fixed,7.613846823215164,7.613846823215164,7.613846823215164
2261,lws,fixed,7.643846823215165,7.643846823215165,7.643846823215165
2262,lws,fixed,7.673846823215165,7.673846823215165,7.673846823215165
2263,lws,fixed,7.703846823215166,7.703846823215166,7.703846823215166
2264,lws,fixed,7.733846823215165,7.733846823215165,7.733846823215165
2265,lws,fixed,7.7638468232151645,7.7638468232151645,7.7638468232151645
2266,lws,fixed,7.793846823215164,7.793846823215164,7.793846823215164
2267,lws,fixed,7.823846823215163,7.823846823215163,7.823846823215163
2268,lws,fixed,7.853846823215163,7.853846823215163,7.853846823215163
2269,lws,fixed,7.883846823215162,7.883846823215162,7.883846823215162
2270,lws,fixed,7.913846823215161,7.913846823215161,7.913846823215161
2271,lws,fixed,7.943846823215161,7.943846823215161,7.943846823215161
2272,lws,fixed,7.97384682321516,7.97384682321516,7.97384682321516
2273,lws,fixed,8.00384682321516,8.00384682321516,8.00384682321516
2274,lws,fixed,8.033846823215159,8.033846823215159,8.033846823215159
2275,lws,fixed,8.063846823215158,8.063846823215158,8.063846823215158
2276,lws,fixed,8.093846823215157,8.093846823215157,8.093846823215157
2277,lws,fixed,8.123846823215157,8.123846823215157,8.123846823215157
2278,lws,fixed,8.153846823215158,8.153846823215158,8.153846823215158
2279,lws,fixed,8.183846823215157,8.183846823215157,8.183846823215157
2280,lws,fixed,8.213846823215157,8.213846823215157,8.213846823215157
2281,lws,fixed,8.243846823215156,8.243846823215156,8.243846823215156
2282,lws,fixed,8.273846823215155,8.273846823215155,8.273846823215155
2283,lws,fixed,8.303846823215155,8.303846823215155,8.303846823215155
2284,lws,fixed,8.333846823215154,8.333846823215154,8.333846823215154
2285,lws,fixed,8.363846823215153,8.363846823215153,8.363846823215153
2286,lws,fixed,8.393846823215153,8.393846823215153,8.393846823215153
2287,lws,fixed,8.423846823215152,8.423846823215152,8.423846823215152
2288,lws,fixed,8.453846823215152,8.453846823215152,8.453846823215152
2289,lws,fixed,8.483846823215151,8.483846823215151,8.483846823215151
2290,lws,fixed,8.51384682321515,8.51384682321515,8.51384682321515
2291,lws,fixed,8.54384682321515,8.54384682321515,8.54384682321515
2292,lws,fixed,8.573846823215149,8.573846823215149,8.573846823215149
2293,lws,fixed,8.603846823215148,8.603846823215148,8.603846823215148
2294,lws,fixed,8.63384682321515,8.63384682321515,8.63384682321515
2295,lws,fixed,8.663846823215149,8.663846823215149,8.663846823215149
2296,lws,fixed,8.693846823215148,8.693846823215148,8.693846823215148
2297,lws,fixed,8.723846823215148,8.723846823215148,8.723846823215148
2298,lws,fixed,8.753846823215147,8.753846823215147,8.753846823215147
2299,lws,fixed,8.783846823215146,8.783846823215146,8.783846823215146
2300,lws,fixed,8.813846823215146,8.813846823215146,8.813846823215146
1990,lws,joint,-0.24584167316555994,-0.24584167316555994,-0.24584167316555994
1991,lws,joint,-0.17571943119168298,-0.17571943119168298,-0.17571943119168298
1992,lws,joint,-0.0037782700359825228,-0.0037782700359825228,-0.0037782700359825228
1993,lws,joint,-0.261577871590853,-0.261577871590853,-0.261577871590853
1994,lws,joint,-0.2716419489681723,-0.2716419489681723,-0.2716419489681723
1995,lws,joint,-0.14735181644558937,-0.14735181644558937,-0.14735181644558937
1996,lws,joint,-0.1586974175274376,-0.1586974175274376,-0.1586974175274376
1997,lws,joint,-0.2373509199917323,-0.2373509199917323,-0.2373509199917323
1998,lws,joint,-0.13130905941128757,-0.13130905941128757,-0.13130905941128757
1999,lws,joint,-0.20879924610257183,-0.20879924610257183,-0.20879924610257183
2000,lws,joint,-0.32454231098294284,-0.32454231098294284,-0.32454231098294284
2001,lws,joint,-0.09254472568631211,-0.09254472568631211,-0.09254472568631211
2002,lws,joint,0.09316616937518085,0.09316616937518085,0.09316616937518085
2003,lws,joint,0.17277437731623624,0.17277437731623624,0.17277437731623624
2004,lws,joint,-0.09635720565915129,-0.09635720565915129,-0.09635720565915129
2005,lws,joint,0.059369513243436645,0.059369513243436645,0.059369513243436645
2006,lws,joint,0.08149288579821556,0.08149288579821556,0.08149288579821556
2007,lws,joint,0.005451270788908058,0.005451270788908058,0.005451270788908058
2008,lws,joint,0.028783222883939752,0.028783222883939752,0.028783222883939752
2009,lws,joint,0.13125301286578184,0.13125301286578184,0.13125301286578184
2010,lws,joint,0.18175153419375412,0.18175153419375412,0.18175153419375412
2011,lws,joint,-0.09823055580258377,-0.09823055580258377,-0.09823055580258377
2012,lws,joint,0.3081764189898968,0.3081764189898968,0.3081764189898968
2013,lws,joint,0.2743758557736875,0.2743758557736875,0.2743758557736875
2014,lws,joint,0.15858899638056778,0.15858899638056778,0.15858899638056778
2015,lws,joint,0.5689081160724165,0.5689081160724165,0.5689081160724165
2016,lws,joint,0.7298510758578779,0.7298510758578779,0.7298510758578779
2017,lws,joint,0.5100206343829634,0.5100206343829634,0.5100206343829634
2018,lws,joint,0.435023137778044,0.435023137778044,0.435023137778044
2019,lws,joint,0.5583970049159656,0.5583970049159656,0.5583970049159656
2020,lws,joint,0.330106425460325,0.330106425460325,0.330106425460325
2021,lws,joint,0.4152830854228826,0.4152830854228826,0.4152830854228826
2022,lws,joint,0.4087759851575359,0.4087759851575359,0.4087759851575359
2023,lws,joint,0.5038468232151403,0.5038468232151403,0.5038468232151403
2024,lws,joint,0.5338468232151403,0.5338468232151403,0.5338468232151403
2025,lws,joint,0.5638468232151402,0.5638468232151402,0.5638468232151402
2026,lws,joint,0.5938468232151403,0.5938468232151403,0.5938468232151403
2027,lws,joint,0.6238468232151403,0.6238468232151403,0.6238468232151403
2028,lws,joint,0.6538468232151402,0.6538468232151402,0.6538468232151402
2029,lws,joint,0.6838468232151402,0.6838468232151402,0.6838468232151402
2030,lws,joint,0.7138468232151403,0.7138468232151403,0.7138468232151403
2031,lws,joint,0.7438468232151402,0.7438468232151402,0.7438468232151402
2032,lws,joint,0.7738468232151402,0.7738468232151402,0.7738468232151402
2033,lws,joint,0.8038468232151402,0.8038468232151402,0.8038468232151402
2034,lws,joint,0.8338468232151401,0.8338468232151401,0.8338468232151401
2035,lws,joint,0.8638468232151402,0.8638468232151402,0.8638468232151402
2036,lws,joint,0.8938468232151402,0.8938468232151402,0.8938468232151402
2037,lws,joint,0.9238468232151402,0.9238468232151402,0.9238468232151402
2038,lws,joint,0.9538468232151401,0.9538468232151401,0.9538468232151401
2039,lws,joint,0.9838468232151402,0.9838468232151402,0.9838468232151402
2040,lws,joint,1.01384682321514,1.01384682321514,1.01384682321514
2041,lws,joint,1.04384682321514,1.04384682321514,1.04384682321514
2042,lws,joint,1.0738468232151401,1.0738468232151401,1.0738468232151401
2043,lws,joint,1.1038468232151402,1.1038468232151402,1.1038468232151402
2044,lws,joint,1.1338468232151402,1.1338468232151402,1.1338468232151402
2045,lws,joint,1.16384682321514,1.16384682321514,1.16384682321514
2046,lws,joint,1.19384682321514,1.19384682321514,1.19384682321514
2047,lws,joint,1.22384682321514,1.22384682321514,1.22384682321514
2048,lws,joint,1.25384682321514,1.25384682321514,1.25384682321514
2049,lws,joint,1.28384682321514,1.28384682321514,1.28384682321514
2050,lws,joint,1.3138468232151401,1.3138468232151401,1.3138468232151401
2051,lws,joint,1.3438468232151402,1.3438468232151402,1.3438468232151402
2052,lws,joint,1.37384682321514,1.37384682321514,1.37384682321514
2053,lws,joint,1.40384682321514,1.40384682321514,1.40384682321514
2054,lws,joint,1.43384682321514,1.43384682321514,1.43384682321514
2055,lws,joint,1.46384682321514,1.46384682321514,1.46384682321514
2056,lws,joint,1.49384682321514,1.49384682321514,1.49384682321514
2057,lws,joint,1.52384682321514,1.52384682321514,1.52384682321514
2058,lws,joint,1.5538468232151401,1.5538468232151401,1.5538468232151401
2059,lws,joint,1.58384682321514,1.58384682321514,1.58384682321514
2060,lws,joint,1.61384682321514,1.61384682321514,1.61384682321514
2061,lws,joint,1.64384682321514,1.64384682321514,1.64384682321514
2062,lws,joint,1.67384682321514,1.67384682321514,1.67384682321514
2063,lws,joint,1.70384682321514,1.70384682321514,1.70384682321514
2064,lws,joint,1.73384682321514,1.73384682321514,1.73384682321514
2065,lws,joint,1.76384682321514,1.76384682321514,1.76384682321514
2066,lws,joint,1.7938468232151399,1.7938468232151399,1.7938468232151399
2067,lws,joint,1.82384682321514,1.82384682321514,1.82384682321514
2068,lws,joint,1.85384682321514,1.85384682321514,1.85384682321514
2069,lws,joint,1.88384682321514,1.88384682321514,1.88384682321514
2070,lws,joint,1.91384682321514,1.91384682321514,1.91384682321514
2071,lws,joint,1.94384682321514,1.94384682321514,1.94384682321514
2072,lws,joint,1.97384682321514,1.97384682321514,1.97384682321514
2073,lws,joint,2.00384682321514,2.00384682321514,2.00384682321514
2074,lws,joint,2.03384682321514,2.03384682321514,2.03384682321514
2075,lws,joint,2.06384682321514,2.06384682321514,2.06384682321514
2076,lws,joint,2.0938468232151397,2.0938468232151397,2.0938468232151397
2077,lws,joint,2.12384682321514,2.12384682321514,2.12384682321514
2078,lws,joint,2.1538468232151398,2.1538468232151398,2.1538468232151398
2079,lws,joint,2.18384682321514,2.18384682321514,2.18384682321514
2080,lws,joint,2.21384682321514,2.21384682321514,2.21384682321514
2081,lws,joint,2.24384682321514,2.24384682321514,2.24384682321514
2082,lws,joint,2.27384682321514,2.27384682321514,2.27384682321514
2083,lws,joint,2.30384682321514,2.30384682321514,2.30384682321514
2084,lws,joint,2.33384682321514,2.33384682321514,2.33384682321514
2085,lws,joint,2.36384682321514,2.36384682321514,2.36384682321514
2086,lws,joint,2.39384682321514,2.39384682321514,2.39384682321514
2087,lws,joint,2.42384682321514,2.42384682321514,2.42384682321514
2088,lws,joint,2.45384682321514,2.45384682321514,2.45384682321514
2089,lws,joint,2.48384682321514,2.48384682321514,2.48384682321514
2090,lws,joint,2.5138468232151396,2.5138468232151396,2.5138468232151396
2091,lws,joint,2.54384682321514,2.54384682321514,2.54384682321514
2092,lws,joint,2.57384682321514,2.57384682321514,2.57384682321514
2093,lws,joint,2.60384682321514,2.60384682321514,2.60384682321514
2094,lws,joint,2.6338468232151397,2.6338468232151397,2.6338468232151397
2095,lws,joint,2.66384682321514,2.66384682321514,2.66384682321514
2096,lws,joint,2.69384682321514,2.69384682321514,2.69384682321514
2097,lws,joint,2.7238468232151396,2.7238468232151396,2.7238468232151396
2098,lws,joint,2.75384682321514,2.75384682321514,2.75384682321514
2099,lws,joint,2.78384682321514,2.78384682321514,2.78384682321514
2100,lws,joint,2.81384682321514,2.81384682321514,2.81384682321514
2101,lws,joint,2.8438468232151397,2.8438468232151397,2.8438468232151397
2102,lws,joint,2.87384682321514,2.87384682321514,2.87384682321514
2103,lws,joint,2.9038468232151398,2.9038468232151398,2.9038468232151398
2104,lws,joint,2.9338468232151396,2.9338468232151396,2.9338468232151396
2105,lws,joint,2.96384682321514,2.96384682321514,2.96384682321514
2106,lws,joint,2.99384682321514,2.99384682321514,2.99384682321514
2107,lws,joint,3.02384682321514,3.02384682321514,3.02384682321514
2108,lws,joint,3.0538468232151397,3.0538468232151397,3.0538468232151397
2109,lws,joint,3.08384682321514,3.08384682321514,3.08384682321514
2110,lws,joint,3.11384682321514,3.11384682321514,3.11384682321514
2111,lws,joint,3.1438468232151404,3.1438468232151404,3.1438468232151404
2112,lws,joint,3.1738468232151407,3.1738468232151407,3.1738468232151407
2113,lws,joint,3.203846823215141,3.203846823215141,3.203846823215141
2114,lws,joint,3.2338468232151407,3.2338468232151407,3.2338468232151407
2115,lws,joint,3.263846823215141,3.263846823215141,3.263846823215141
2116,lws,joint,3.2938468232151408,3.2938468232151408,3.2938468232151408
2117,lws,joint,3.323846823215141,3.323846823215141,3.323846823215141
2118,lws,joint,3.3538468232151413,3.3538468232151413,3.3538468232151413
2119,lws,joint,3.3838468232151415,3.3838468232151415,3.3838468232151415
2120,lws,joint,3.4138468232151418,3.4138468232151418,3.4138468232151418
2121,lws,joint,3.443846823215142,3.443846823215142,3.443846823215142
2122,lws,joint,3.4738468232151423,3.4738468232151423,3.4738468232151423
2123,lws,joint,3.503846823215142,3.503846823215142,3.503846823215142
2124,lws,joint,3.5338468232151423,3.5338468232151423,3.5338468232151423
2125,lws,joint,3.5638468232151426,3.5638468232151426,3.5638468232151426
2126,lws,joint,3.593846823215143,3.593846823215143,3.593846823215143
2127,lws,joint,3.623846823215143,3.623846823215143,3.623846823215143
2128,lws,joint,3.653846823215143,3.653846823215143,3.653846823215143
2129,lws,joint,3.683846823215143,3.683846823215143,3.683846823215143
2130,lws,joint,3.7138468232151434,3.7138468232151434,3.7138468232151434
2131,lws,joint,3.7438468232151436,3.7438468232151436,3.7438468232151436
2132,lws,joint,3.773846823215144,3.773846823215144,3.773846823215144
2133,lws,joint,3.803846823215144,3.803846823215144,3.803846823215144
2134,lws,joint,3.833846823215144,3.833846823215144,3.833846823215144
2135,lws,joint,3.863846823215144,3.863846823215144,3.863846823215144
2136,lws,joint,3.8938468232151444,3.8938468232151444,3.8938468232151444
2137,lws,joint,3.9238468232151447,3.9238468232151447,3.9238468232151447
2138,lws,joint,3.953846823215145,3.953846823215145,3.953846823215145
2139,lws,joint,3.9838468232151447,3.9838468232151447,3.9838468232151447
2140,lws,joint,4.013846823215145,4.013846823215145,4.013846823215145
2141,lws,joint,4.043846823215145,4.043846823215145,4.043846823215145
2142,lws,joint,4.0738468232151455,4.0738468232151455,4.0738468232151455
2143,lws,joint,4.103846823215146,4.103846823215146,4.103846823215146
2144,lws,joint,4.133846823215146,4.133846823215146,4.133846823215146
2145,lws,joint,4.163846823215145,4.163846823215145,4.163846823215145
2146,lws,joint,4.1938468232151465,4.1938468232151465,4.1938468232151465
2147,lws,joint,4.223846823215146,4.223846823215146,4.223846823215146
2148,lws,joint,4.253846823215147,4.253846823215147,4.253846823215147
2149,lws,joint,4.283846823215146,4.283846823215146,4.283846823215146
2150,lws,joint,4.313846823215147,4.313846823215147,4.313846823215147
2151,lws,joint,4.343846823215147,4.343846823215147,4.343846823215147
2152,lws,joint,4.373846823215147,4.373846823215147,4.373846823215147
2153,lws,joint,4.403846823215147,4.403846823215147,4.403846823215147
2154,lws,joint,4.433846823215148,4.433846823215148,4.433846823215148
2155,lws,joint,4.463846823215148,4.463846823215148,4.463846823215148
2156,lws,joint,4.493846823215147,4.493846823215147,4.493846823215147
2157,lws,joint,4.523846823215148,4.523846823215148,4.523846823215148
2158,lws,joint,4.553846823215148,4.553846823215148,4.553846823215148
2159,lws,joint,4.583846823215149,4.583846823215149,4.583846823215149
2160,lws,joint,4.613846823215148,4.613846823215148,4.613846823215148
2161,lws,joint,4.6438468232151475,4.6438468232151475,4.6438468232151475
2162,lws,joint,4.673846823215149,4.673846823215149,4.673846823215149
2163,lws,joint,4.703846823215148,4.703846823215148,4.703846823215148
2164,lws,joint,4.733846823215149,4.733846823215149,4.733846823215149
2165,lws,joint,4.7638468232151485,4.7638468232151485,4.7638468232151485
2166,lws,joint,4.79384682321515,4.79384682321515,4.79384682321515
2167,lws,joint,4.823846823215149,4.823846823215149,4.823846823215149
2168,lws,joint,4.853846823215149,4.853846823215149,4.853846823215149
2169,lws,joint,4.8838468232151495,4.8838468232151495,4.8838468232151495
2170,lws,joint,4.91384682321515,4.91384682321515,4.91384682321515
2171,lws,joint,4.94384682321515,4.94384682321515,4.94384682321515
2172,lws,joint,4.973846823215149,4.973846823215149,4.973846823215149
2173,lws,joint,5.0038468232151505,5.0038468232151505,5.0038468232151505
2174,lws,joint,5.03384682321515,5.03384682321515,5.03384682321515
2175,lws,joint,5.063846823215151,5.063846823215151,5.063846823215151
2176,lws,joint,5.09384682321515,5.09384682321515,5.09384682321515
2177,lws,joint,5.1238468232151515,5.1238468232151515,5.1238468232151515
2178,lws,joint,5.153846823215151,5.153846823215151,5.153846823215151
2179,lws,joint,5.183846823215151,5.183846823215151,5.183846823215151
2180,lws,joint,5.213846823215151,5.213846823215151,5.213846823215151
2181,lws,joint,5.243846823215152,5.243846823215152,5.243846823215152
2182,lws,joint,5.273846823215152,5.273846823215152,5.273846823215152
2183,lws,joint,5.303846823215151,5.303846823215151,5.303846823215151
2184,lws,joint,5.333846823215152,5.333846823215152,5.333846823215152
2185,lws,joint,5.363846823215152,5.363846823215152,5.363846823215152
2186,lws,joint,5.393846823215153,5.393846823215153,5.393846823215153
2187,lws,joint,5.423846823215152,5.423846823215152,5.423846823215152
2188,lws,joint,5.4538468232151525,5.4538468232151525,5.4538468232151525
2189,lws,joint,5.483846823215153,5.483846823215153,5.483846823215153
2190,lws,joint,5.513846823215154,5.513846823215154,5.513846823215154
2191,lws,joint,5.543846823215153,5.543846823215153,5.543846823215153
2192,lws,joint,5.573846823215153,5.573846823215153,5.573846823215153
2193,lws,joint,5.603846823215154,5.603846823215154,5.603846823215154
2194,lws,joint,5.633846823215153,5.633846823215153,5.633846823215153
2195,lws,joint,5.663846823215154,5.663846823215154,5.663846823215154
2196,lws,joint,5.693846823215154,5.693846823215154,5.693846823215154
2197,lws,joint,5.723846823215155,5.723846823215155,5.723846823215155
2198,lws,joint,5.753846823215154,5.753846823215154,5.753846823215154
2199,lws,joint,5.783846823215155,5.783846823215155,5.783846823215155
2200,lws,joint,5.813846823215155,5.813846823215155,5.813846823215155
2201,lws,joint,5.843846823215154,5.843846823215154,5.843846823215154
2202,lws,joint,5.873846823215155,5.873846823215155,5.873846823215155
2203,lws,joint,5.903846823215154,5.903846823215154,5.903846823215154
2204,lws,joint,5.9338468232151556,5.9338468232151556,5.9338468232151556
2205,lws,joint,5.963846823215155,5.963846823215155,5.963846823215155
2206,lws,joint,5.993846823215156,5.993846823215156,5.993846823215156
2207,lws,joint,6.023846823215155,6.023846823215155,6.023846823215155
2208,lws,joint,6.0538468232151565,6.0538468232151565,6.0538468232151565
2209,lws,joint,6.083846823215156,6.083846823215156,6.083846823215156
2210,lws,joint,6.113846823215157,6.113846823215157,6.113846823215157
2211,lws,joint,6.143846823215156,6.143846823215156,6.143846823215156
2212,lws,joint,6.173846823215156,6.173846823215156,6.173846823215156
2213,lws,joint,6.203846823215157,6.203846823215157,6.203846823215157
2214,lws,joint,6.233846823215156,6.233846823215156,6.233846823215156
2215,lws,joint,6.263846823215157,6.263846823215157,6.263846823215157
2216,lws,joint,6.293846823215157,6.293846823215157,6.293846823215157
2217,lws,joint,6.323846823215158,6.323846823215158,6.323846823215158
2218,lws,joint,6.353846823215157,6.353846823215157,6.353846823215157
2219,lws,joint,6.383846823215158,6.383846823215158,6.383846823215158
2220,lws,joint,6.413846823215158,6.413846823215158,6.413846823215158
2221,lws,joint,6.443846823215159,6.443846823215159,6.443846823215159
2222,lws,joint,6.473846823215158,6.473846823215158,6.473846823215158
2223,lws,joint,6.503846823215158,6.503846823215158,6.503846823215158
2224,lws,joint,6.533846823215159,6.533846823215159,6.533846823215159
2225,lws,joint,6.563846823215158,6.563846823215158,6.563846823215158
2226,lws,joint,6.593846823215159,6.593846823215159,6.593846823215159
2227,lws,joint,6.623846823215159,6.623846823215159,6.623846823215159
2228,lws,joint,6.65384682321516,6.65384682321516,6.65384682321516
2229,lws,joint,6.683846823215159,6.683846823215159,6.683846823215159
2230,lws,joint,6.71384682321516,6.71384682321516,6.71384682321516
2231,lws,joint,6.74384682321516,6.74384682321516,6.74384682321516
2232,lws,joint,6.773846823215161,6.773846823215161,6.773846823215161
2233,lws,joint,6.80384682321516,6.80384682321516,6.80384682321516
2234,lws,joint,6.8338468232151595,6.8338468232151595,6.8338468232151595
2235,lws,joint,6.863846823215161,6.863846823215161,6.863846823215161
2236,lws,joint,6.89384682321516,6.89384682321516,6.89384682321516
2237,lws,joint,6.923846823215161,6.923846823215161,6.923846823215161
2238,lws,joint,6.9538468232151605,6.9538468232151605,6.9538468232151605
2239,lws,joint,6.983846823215162,6.983846823215162,6.983846823215162
2240,lws,joint,7.013846823215161,7.013846823215161,7.013846823215161
2241,lws,joint,7.043846823215162,7.043846823215162,7.043846823215162
2242,lws,joint,7.0738468232151615,7.0738468232151615,7.0738468232151615
2243,lws,joint,7.103846823215163,7.103846823215163,7.103846823215163
2244,lws,joint,7.133846823215162,7.133846823215162,7.133846823215162
2245,lws,joint,7.163846823215161,7.163846823215161,7.163846823215161
2246,lws,joint,7.1938468232151624,7.1938468232151624,7.1938468232151624
2247,lws,joint,7.223846823215162,7.223846823215162,7.223846823215162
2248,lws,joint,7.253846823215163,7.253846823215163,7.253846823215163
2249,lws,joint,7.283846823215162,7.283846823215162,7.283846823215162
2250,lws,joint,7.313846823215163,7.313846823215163,7.313846823215163
2251,lws,joint,7.343846823215163,7.343846823215163,7.343846823215163
2252,lws,joint,7.373846823215164,7.373846823215164,7.373846823215164
2253,lws,joint,7.403846823215163,7.403846823215163,7.403846823215163
2254,lws,joint,7.433846823215164,7.433846823215164,7.433846823215164
2255,lws,joint,7.463846823215164,7.463846823215164,7.463846823215164
2256,lws,joint,7.493846823215163,7.493846823215163,7.493846823215163
2257,lws,joint,7.523846823215164,7.523846823215164,7.523846823215164
2258,lws,joint,7.553846823215164,7.553846823215164,7.553846823215164
2259,lws,joint,7.583846823215165,7.583846823215165,7.583846823215165
2260,lws,joint,7.613846823215164,7.613846823215164,7.613846823215164
2261,lws,joint,7.643846823215165,7.643846823215165,7.643846823215165
2262,lws,joint,7.673846823215165,7.673846823215165,7.673846823215165
2263,lws,joint,7.703846823215166,7.703846823215166,7.703846823215166
2264,lws,joint,7.733846823215165,7.733846823215165,7.733846823215165
2265,lws,joint,7.7638468232151645,7.7638468232151645,7.7638468232151645
2266,lws,joint,7.793846823215164,7.793846823215164,7.793846823215164
2267,lws,joint,7.823846823215163,7.823846823215163,7.823846823215163
2268,lws,joint,7.853846823215163,7.853846823215163,7.853846823215163
2269,lws,joint,7.883846823215162,7.883846823215162,7.883846823215162
2270,lws,joint,7.913846823215161,7.913846823215161,7.913846823215161
2271,lws,joint,7.943846823215161,7.943846823215161,7.943846823215161
2272,lws,joint,7.97384682321516,7.97384682321516,7.97384682321516
2273,lws,joint,8.00384682321516,8.00384682321516,8.00384682321516
2274,lws,joint,8.033846823215159,8.033846823215159,8.033846823215159
2275,lws,joint,8.063846823215158,8.063846823215158,8.063846823215158
2276,lws,joint,8.093846823215157,8.093846823215157,8.093846823215157
2277,lws,joint,8.123846823215157,8.123846823215157,8.123846823215157
2278,lws,joint,8.153846823215158,8.153846823215158,8.153846823215158
2279,lws,joint,8.183846823215157,8.183846823215157,8.183846823215157
2280,lws,joint,8.213846823215157,8.213846823215157,8.213846823215157
2281,lws,joint,8.243846823215156,8.243846823215156,8.243846823215156
2282,lws,joint,8.273846823215155,8.273846823215155,8.273846823215155
2283,lws,joint,8.303846823215155,8.303846823215155,8.303846823215155
2284,lws,joint,8.333846823215154,8.333846823215154,8.333846823215154
2285,lws,joint,8.363846823215153,8.363846823215153,8.363846823215153
2286,lws,joint,8.393846823215153,8.393846823215153,8.393846823215153
2287,lws,joint,8.423846823215152,8.423846823215152,8.423846823215152
2288,lws,joint,8.453846823215152,8.453846823215152,8.453846823215152
2289,lws,joint,8.483846823215151,8.483846823215151,8.483846823215151
2290,lws,joint,8.51384682321515,8.51384682321515,8.51384682321515
2291,lws,joint,8.54384682321515,8.54384682321515,8.54384682321515
2292,lws,joint,8.573846823215149,8.573846823215149,8.573846823215149
2293,lws,joint,8.603846823215148,8.603846823215148,8.603846823215148
2294,lws,joint,8.63384682321515,8.63384682321515,8.63384682321515
2295,lws,joint,8.663846823215149,8.663846823215149,8.663846823215149
2296,lws,joint,8.693846823215148,8.693846823215148,8.693846823215148
2297,lws,joint,8.723846823215148,8.723846823215148,8.723846823215148
2298,lws,joint,8.753846823215147,8.753846823215147,8.753846823215147
2299,lws,joint,8.783846823215146,8.783846823215146,8.783846823215146
2300,lws,joint,8.813846823215146,8.813846823215146,8.813846823215146
1990,total,fixed,-3.220410133559751,-3.4424610267977966,-3.005405833303001
1991,total,fixed,-2.9766085340163393,-3.1821777073070274,-2.7802088756455814
1992,total,fixed,-2.715568784025365,-2.9147320188569097,-2.525286653306731
1993,total,fixed,-3.104463655238818,-3.3086212159031585,-2.9012577104284363
1994,total,fixed,-3.0468685958256376,-3.2435841685960622,-2.8530029005616244
1995,total,fixed,-2.73146427874394,-2.914660216070341,-2.553430842274889
1996,total,fixed,-2.5195851001376885,-2.6860015826853516,-2.358662549047156
1997,total,fixed,-2.356125149655921,-2.5016281965200875,-2.2131668199772414
1998,total,fixed,-2.0096155098321224,-2.1380870565846117,-1.8861333202086203
1999,total,fixed,-1.8006665728797895,-1.9104330999008536,-1.6968852460854413
2000,total,fixed,-1.670469377659252,-1.7617059935451254,-1.5819729660379729
2001,total,fixed,-1.1607949936681505,-1.2325549897603312,-1.091068827886446
2002,total,fixed,-0.682935075729727,-0.7343108704730059,-0.6320610848795586
2003,total,fixed,-0.31077283331280725,-0.34431824465960087,-0.2768903003514946
2004,total,fixed,-0.2580809716074306,-0.27345341862137634,-0.24465355047238804
2005,total,fixed,0.1676002534656007,0.1499473714252698,0.18354539161068448
2006,total,fixed,0.49141886520348077,0.4600169768689099,0.5224612219241564
2007,total,fixed,0.7022424642610101,0.6554870968017225,0.7502812864501811
2008,total,fixed,1.002662379448771,0.9386167464902648,1.0682923215008384
2009,total,fixed,1.3556036137001346,1.2743583416517292,1.4385113043386286
2010,total,fixed,1.6869764769954152,1.587365354956941,1.7892452981383546
2011,total,fixed,1.8225431724794703,1.6987529007404212,1.9503439681417305
2012,total,fixed,2.5068566733872766,2.364841881199835,2.653475044475485
2013,total,fixed,2.7889331801701447,2.624260382097001,2.9568880295891464
2014,total,fixed,2.983623232900908,2.7986111571720764,3.174517806787698
2015,total,fixed,3.7326330665914105,3.527291750309274,3.9448806836028067
2016,total,fixed,4.195660394664344,3.9681111050907445,4.43082889200688
2017,total,fixed,4.393762559584617,4.143737598978932,4.6494708959813345
2018,total,fixed,4.656222634932624,4.385190121284363,4.934133228138535
2019,total,fixed,5.096155425178202,4.801089694525781,5.401817897398073
2020,total,fixed,5.240679843589707,4.926024670480506,5.571682419466531
2021,total,fixed,5.6618114241124795,5.321704737736457,6.015443147197705
2022,total,fixed,6.022137466423986,5.657859504607614,6.400620292081502
2023,total,fixed,6.465913662009511,6.076155906477747,6.867616539201542
2024,total,fixed,6.872946617655626,6.457215281735066,7.300852714605261
2025,total,fixed,7.276926329056613,6.835176482218986,7.7297356105706045
2026,total,fixed,7.7028279401581665,7.2369415663698184,8.183605045873588
2027,total,fixed,8.124377868689637,7.632546761767535,8.632902484360212
2028,total,fixed,8.545673930890725,8.019663819568976,9.083522259676505
2029,total,fixed,8.970975996853383,8.417328826842214,9.539562770519098
2030,total,fixed,9.39737820212169,8.81785431209566,9.991111415415636
2031,total,fixed,9.827741375856426,9.223137445630437,10.449525170393475
2032,total,fixed,10.260150230142536,9.63049989046617,10.909639643863038
2033,total,fixed,10.698035066255857,10.041323055564,11.375508092949984
2034,total,fixed,11.14610959866464,10.45890446385558,11.849101216408673
2035,total,fixed,11.598292268577339,10.884622397457546,12.345340123076191
2036,total,fixed,12.0619807473262,11.318633983548244,12.841499341480707
2037,total,fixed,12.537652787410032,11.757287203598818,13.362731271722145
2038,total,fixed,13.020688548802566,12.199978347520501,13.885719842874652
2039,total,fixed,13.503895100292567,12.654961836073936,14.421046034091127
2040,total,fixed,13.985652002025432,13.109026014177802,14.956864585543128
2041,total,fixed,14.465547802563862,13.562075562115876,15.47577609346029
2042,total,fixed,14.945230960368079,14.003963097572507,16.00975752753604
2043,total,fixed,15.423482362545169,14.450339812268906,16.544778675909477
2044,total,fixed,15.906517714287569,14.901874918303628,17.084301655209575
2045,total,fixed,16.39010800485251,15.35209025246964,17.661441259487887
2046,total,fixed,16.87975160484504,15.804116434859,18.228331199197633
2047,total,fixed,17.368885894474637,16.2639384097783,18.81136449631799
2048,total,fixed,17.856931163275814,16.724062867158338,19.48772334642053
2049,total,fixed,18.349210934425518,17.172740814829606,20.148866999477615
2050,total,fixed,18.839626923276967,17.646448773695575,20.86133227975495
2051,total,fixed,19.3258758687707,18.08884790670098,21.681680220806758
2052,total,fixed,19.80182059693489,18.532094312405857,22.637631789463065
2053,total,fixed,20.278074757335176,18.964865104107055,23.671608658227875
2054,total,fixed,20.74317571103372,19.39755519850892,24.90841730811205
2055,total,fixed,21.202779946490878,19.822995651409688,26.136470834647657
2056,total,fixed,21.666806334003155,20.24472673874416,27.22470129024199
2057,total,fixed,22.129957245266507,20.67696118509419,28.250970061554913
2058,total,fixed,22.598269800172282,21.100535551071907,29.447459987187344
2059,total,fixed,23.064193809598496,21.52789185863588,30.615990926667042
2060,total,fixed,23.52470924804718,21.952330599264247,31.656981505783897
2061,total,fixed,23.981607776876796,22.372859507247714,32.7312119345329
2062,total,fixed,24.43534285833304,22.784748029147707,33.717530327230435
2063,total,fixed,24.87731687507162,23.193413629523366,34.793563884458834
2064,total,fixed,25.314329640463786,23.599847093291125,36.06708752247874
2065,total,fixed,25.747350066102896,23.991264092320556,37.13827330934721
2066,total,fixed,26.169104870415538,24.37881977003888,38.1698263041123
2067,total,fixed,26.584454908332024,24.76377559317583,39.202543580809184
2068,total,fixed,26.997508892723843,25.14360181174276,40.480825636782555
2069,total,fixed,27.411357922350646,25.524527512816615,41.440960693527074
2070,total,fixed,27.826113410249324,25.902060327452777,42.58313694291335
2071,total,fixed,28.239803215745106,26.284648748546285,43.5592155447506
2072,total,fixed,28.64715552048889,26.65647099328837,45.02275075497025
2073,total,fixed,29.050537143018,27.01911552540138,46.05664627318777
2074,total,fixed,29.444680708288395,27.38104029220808,47.31662234828328
2075,total,fixed,29.83438722504004,27.740296081319986,48.16946921744192
2076,total,fixed,30.21318522810811,28.08729054611734,49.334881756719696
2077,total,fixed,30.581144334508632,28.43061989538077,50.48572122415643
2078,total,fixed,30.945694253167943,28.772429298662775,51.44549922680131
2079,total,fixed,31.30304133852376,29.10353720810886,52.29770622387705
2080,total,fixed,31.657554277924255,29.434269049798832,53.17115564730624
2081,total,fixed,32.020184044975224,29.76486339222637,54.003509288074746
2082,total,fixed,32.380961434274134,30.097810959604058,55.03534652401973
2083,total,fixed,32.74042418079562,30.42259257224941,55.85645608129565
2084,total,fixed,33.086591266599406,30.73075778022859,56.792404860383805
2085,total,fixed,33.4247958385649,31.027938398526178,57.83329937572258
2086,total,fixed,33.75790470438232,31.318081764907316,58.85464700820814
2087,total,fixed,34.08412833938925,31.60247105627174,59.61965030111958
2088,total,fixed,34.39782405431613,31.908647452874966,60.42254766248691
2089,total,fixed,34.70471323732326,32.19340302978123,61.08445190024192
2090,total,fixed,35.00861427789633,32.46767638779174,61.509775923734786
2091,total,fixed,35.305750216887596,32.741183535747176,61.85946255134553
2092,total,fixed,35.6099099091791,33.026591904166786,62.37323083135629
2093,total,fixed,35.908547024469684,33.309469709286844,63.114105961069846
2094,total,fixed,36.20498094549276,33.58945564087332,63.91327570056416
2095,total,fixed,36.49569927109982,33.86766510749526,64.67702485928436
2096,total,fixed,36.78518183824597,34.13042174386979,65.4526386320792
2097,total,fixed,37.059861413177956,34.380245045192,66.21196217394333
2098,total,fixed,37.331331926695846,34.6250510784746,66.5819962045698
2099,total,fixed,37.59381565794041,34.865669113300385,67.10684390948772
2100,total,fixed,37.861766308782755,35.0966737039152,67.38723409787548
2101,total,fixed,38.12415070488593,35.32404285856356,67.86157767676733
2102,total,fixed,38.39204466141676,35.559975844045084,68.32045384309544
2103,total,fixed,38.66267032960607,35.792498772489765,68.68864587666951
2104,total,fixed,38.92392212509429,36.0255632497174,69.25104249204938
2105,total,fixed,39.181376017341584,36.25824507045411,69.56473545018316
2106,total,fixed,39.43297477285453,36.4867686468978,70.0068656275393
2107,total,fixed,39.6760671579502,36.710007594690374,70.68808477623098
2108,total,fixed,39.91136836101184,36.922798534181005,70.95174448178172
2109,total,fixed,40.1397401410187,37.13062683557894,71.19545653320323
2110,total,fixed,40.363899572339164,37.331513591344,71.64515540932351
2111,total,fixed,40.58487222992082,37.53278383391443,72.18423922689286
2112,total,fixed,40.80439229996006,37.73490446082017,72.43924214866502
2113,total,fixed,41.02302217416043,37.92947488426415,72.63852132230238
2114,total,fixed,41.24095608526437,38.1233997980528,72.92788073080496
2115,total,fixed,41.460884266701896,38.31539407230107,73.14912358071334
2116,total,fixed,41.67987711056243,38.506549082201765,73.36207471348199
2117,total,fixed,41.892859837070354,38.69976062266605,73.5730634592741
2118,total,fixed,42.104695917665936,38.885434305508994,73.77511378136037
2119,total,fixed,42.29845310658869,39.060133120349164,73.96842432230206
2120,total,fixed,42.49265502283543,39.23586476861743,74.15621361635215
2121,total,fixed,42.674961632630605,39.41871095305126,74.33822882830431
2122,total,fixed,42.856628500453,39.58133503246123,74.51669094686018
2123,total,fixed,43.04251629889474,39.74757511452894,74.69473804036087
2124,total,fixed,43.22700450114138,39.91880606373477,74.87479989901846
2125,total,fixed,43.41560821993842,40.09036224714183,75.05519207494203
2126,total,fixed,43.59610550742977,40.25962347236879,75.23018879104625
2127,total,fixed,43.77826153692429,40.42371098369642,75.40280575053386
2128,total,fixed,43.95351114031091,40.58219344296786,75.55869315808069
2129,total,fixed,44.11931097668871,40.73714905155984,75.69866610478643
2130,total,fixed,44.27763092926365,40.88508054278482,75.83135028209574
2131,total,fixed,44.4371504059656,41.029237973536965,75.96022137958514
2132,total,fixed,44.59047340460228,41.159864459405746,76.0854178944767
2133,total,fixed,44.73689128594093,41.29051423655798,76.20918630286296
2134,total,fixed,44.88497157136125,41.42362977890484,76.33326767024273
2135,total,fixed,45.0376870040041,41.546336443507286,76.45888633027317
2136,total,fixed,45.18575936003515,41.69348768987363,76.58249960236088
2137,total,fixed,45.328654425894186,41.82971798375123,76.70415468641845
2138,total,fixed,45.47172497210541,41.95903812445006,76.82299178153737
2139,total,fixed,45.61063268672687,42.08137858122219,76.95514387763747
2140,total,fixed,45.74391021090272,42.20187868281895,77.09433771796394
2141,total,fixed,45.86700232941534,42.331441660760284,77.22604384829174
2142,total,fixed,45.98899400408047,42.43638953774939,77.35263623918664
2143,total,fixed,46.10637669680326,42.537415113491406,77.47441091352846
2144,total,fixed,46.21925555377287,42.63565542156919,77.5923636753273
2145,total,fixed,46.33153096977543,42.73794051898079,77.70854370413383
2146,total,fixed,46.43804057161638,42.843694281017925,77.82346895911807
2147,total,fixed,46.54847091804008,42.94253260548995,77.935225857249
2148,total,fixed,46.6538670256118,43.034408131929474,78.04328349359898
2149,total,fixed,46.75656491942653,43.13073094652484,78.14841834955644
2150,total,fixed,46.860183142887415,43.22740153096984,78.24610051523317
2151,total,fixed,46.95738695899402,43.320339769796504,78.32319725860255
2152,total,fixed,47.05512014418798,43.41037611694996,78.39710991980051
2153,total,fixed,47.147814734012115,43.497115932250395,78.46827497728977
2154,total,fixed,47.23778401600637,43.58093681725788,78.53691459050754
2155,total,fixed,47.32483344355424,43.66295998491258,78.60363312064418
2156,total,fixed,47.40774489883229,43.744326821660266,78.66939466865861
2157,total,fixed,47.49646286243804,43.82638116667238,78.73614022994981
2158,total,fixed,47.58201720655886,43.90820904810828,78.80467497592046
2159,total,fixed,47.66949119806816,43.97655236870534,78.87743580362955
2160,total,fixed,47.752825907918535,44.04364350844388,78.96542972759744
2161,total,fixed,47.83169206417059,44.11556788222298,79.05036022703416
2162,total,fixed,47.90327594119201,44.18400117749986,79.1263845246405
2163,total,fixed,47.968451712267736,44.23773163273616,79.20127017874766
2164,total,fixed,48.03361685228026,44.294951168675425,79.26896894317338
2165,total,fixed,48.09511282182702,44.34681329565174,79.33254582163447
2166,total,fixed,48.14718950322609,44.39084888651261,79.39239530068089
2167,total,fixed,48.19927565188995,44.43949362007269,79.44990925919606
2168,total,fixed,48.25471988095153,44.491219255981065,79.50774953496749
2169,total,fixed,48.31223009696341,44.54142012417445,79.57023309892878
2170,total,fixed,48.37834164578087,44.596907932571035,79.63268127467492
2171,total,fixed,48.43997918334692,44.64891596848493,79.68019341244919
2172,total,fixed,48.49624399616053,44.70180035503563,79.72507126516265
2173,total,fixed,48.5457822221355,44.74576274883916,79.75960745365843
2174,total,fixed,48.59033968822212,44.78802917442941,79.79165793778712
2175,total,fixed,48.62527028221647,44.820675247092986,79.8172634394857
2176,total,fixed,48.65422930018258,44.855319086600865,79.83539051405776
2177,total,fixed,48.6804855214242,44.882205808632,79.84930347329268
2178,total,fixed,48.70517758475037,44.900228747451095,79.86150761586725
2179,total,fixed,48.73490690064016,44.91655694319237,79.873510768319
2180,total,fixed,48.75492348017292,44.937318137222526,79.88826746654163
2181,total,fixed,48.77640043501734,44.96925915720578,79.90374955984647
2182,total,fixed,48.79792548411838,44.991726388533245,79.9170131260273
2183,total,fixed,48.821196805090246,45.01031195230116,79.92769666224265
2184,total,fixed,48.8402841841711,45.02185575311182,79.9314642233683
2185,total,fixed,48.854045335664736,45.03100451414124,79.93143206835467
2186,total,fixed,48.872289409116135,45.03555038632415,79.9261266314007
2187,total,fixed,48.87775108582659,45.033414394945545,79.91486779413727
2188,total,fixed,48.87676125407443,45.030422891684374,79.90002518936527
2189,total,fixed,48.87690076960961,45.01900482525057,79.88358321504018
2190,total,fixed,48.88338378559895,45.00989906129519,79.86590091411861
2191,total,fixed,48.880093422930706,45.0029484424228,79.85018199852439
2192,total,fixed,48.87940553128133,44.998432375802885,79.83653391911
2193,total,fixed,48.88265844917879,44.99203742373783,79.81958190213412
2194,total,fixed,48.88282901937759,44.9853579840382,79.80105674782162
2195,total,fixed,48.878244335572674,44.99096309514081,79.77968799577387
2196,total,fixed,48.85645858582711,44.98606153974245,79.75056316402154
2197,total,fixed,48.83973408515531,44.97857524527434,79.7208420404777
2198,total,fixed,48.82296715513999,44.95092880802575,79.68461013159532
2199,total,fixed,48.80328480253152,44.92315904298417,79.64534368461044
2200,total,fixed,48.78394148149448,44.905319271702055,79.60325441284307
2201,total,fixed,48.765651720025,44.88409859725202,79.55898227105746
2202,total,fixed,48.73906312278419,44.85939299660014,79.51679136263147
2203,total,fixed,48.72093699551833,44.838820954744925,79.47927246210953
2204,total,fixed,48.703963410203244,44.823336569196805,79.44716086663361
2205,total,fixed,48.685601850946675,44.805642524979845,79.41225094844127
2206,total,fixed,48.663572360199396,44.792305104177224,79.37551114412582
2207,total,fixed,48.63548649908157,44.75718752023625,79.32747497090492
2208,total,fixed,48.604604586393805,44.73546706470158,79.27726015134607
2209,total,fixed,48.56819412639386,44.7035139879447,79.218591419684
2210,total,fixed,48.53514871130669,44.650490945853385,79.15679314059153
2211,total,fixed,48.496844540097996,44.629485000111366,79.09409648273554
2212,total,fixed,48.45647149868469,44.57943041133793,79.03066061846789
2213,total,fixed,48.4187121310082,44.529669471660824,78.96872375224417
2214,total,fixed,48.37942789453372,44.489293005145214,78.90765616481441
2215,total,fixed,48.3456108204426,44.45496116431816,78.84505911975485
2216,total,fixed,48.308564735058,44.4140982366417,78.7805086488221
2217,total,fixed,48.26235295562553,44.36552448374726,78.7140526637275
2218,total,fixed,48.21405775498988,44.32254330682591,78.64657663417005
2219,total,fixed,48.16395405174801,44.2769215127502,78.57826426103436
2220,total,fixed,48.11829127024417,44.23882172072193,78.5098039904222
2221,total,fixed,48.06446793976802,44.200499727443365,78.44419275480222
2222,total,fixed,48.00952689599041,44.14299373891246,78.38194281811394
2223,total,fixed,47.965500556728955,44.10146880750249,78.31945349563954
2224,total,fixed,47.906503178115386,44.062096948782575,78.25708932651465
2225,total,fixed,47.85479298799823,44.00902532924172,78.19500873970622
2226,total,fixed,47.80441548000327,43.959800535649286,78.13442998231145
2227,total,fixed,47.74673672749647,43.9221109200934,78.0753027902459
2228,total,fixed,47.696243247481256,43.87647570968615,78.01625133764578
2229,total,fixed,47.642283797441394,43.81354455755248,77.95854023652227
2230,total,fixed,47.5960966554031,43.753629828872405,77.89928652632689
2231,total,fixed,47.55540252521729,43.702686064705595,77.84063194830256
2232,total,fixed,47.50943175563777,43.661594239865735,77.78096176157635
2233,total,fixed,47.45626645599998,43.617537813104704,77.71905169939694
2234,total,fixed,47.405107321228336,43.56060828936376,77.6562777331668
2235,total,fixed,47.35818191894913,43.506100488875894,77.59394179900903
2236,total,fixed,47.3097929634016,43.45491732126565,77.5316524499545
2237,total,fixed,47.257167147152956,43.40327620078341,77.47101119805397
2238,total,fixed,47.208477264398816,43.355410184232454,77.41521963620754
2239,total,fixed,47.16424805001793,43.309368073747414,77.36441997783756
2240,total,fixed,47.116232817584866,43.25886383828683,77.31174134451636
2241,total,fixed,47.070387885258555,43.19756431657508,77.25860666142249
2242,total,fixed,47.02865588210217,43.14292534728668,77.20605010681058
2243,total,fixed,46.98789433360945,43.09888966337844,77.15138789004574
2244,total,fixed,46.937723312859475,43.051555238476226,77.09213100575506
2245,total,fixed,46.881378455117,42.994412953937946,77.03175578142634
2246,total,fixed,46.82776585742599,42.953475434539634,76.97073434243174
2247,total,fixed,46.769714942366434,42.904833680236244,76.91057126480904
2248,total,fixed,46.716172376508766,42.862005480785946,76.85198947098343
2249,total,fixed,46.66908913130334,42.829928596454934,76.80084128355762
2250,total,fixed,46.61890353750462,42.788986564839995,76.75449347914397
2251,total,fixed,46.581130926829104,42.75080907024491,76.70798428121425
2252,total,fixed,46.538759740092814,42.7099530455895,76.66013792025876
2253,total,fixed,46.49174235232659,42.67001097650298,76.60960847353701
2254,total,fixed,46.44217538810428,42.6284557155806,76.55485902739107
2255,total,fixed,46.39399550445274,42.582314262463555,76.4991070761522
2256,total,fixed,46.34449766677555,42.53097289586459,76.44343572397008
2257,total,fixed,46.29278092047754,42.48837343797929,76.38709110777208
2258,total,fixed,46.24038636585645,42.438927724624826,76.33085529817002
2259,total,fixed,46.184863856240554,42.38231815000922,76.27481157350317
2260,total,fixed,46.13037583573313,42.33174356214677,76.22058232182317
2261,total,fixed,46.07860398010102,42.277717322072014,76.1682594131098
2262,total,fixed,46.02985539328954,42.23093761021309,76.1174665730534
2263,total,fixed,45.98382983497244,42.18127713026648,76.06705786452783
2264,total,fixed,45.94073800768591,42.13317328233111,76.01688150632644
2265,total,fixed,45.90256389015936,42.08563792202877,75.96767781795144
2266,total,fixed,45.86030751997541,42.03162436626482,75.91745843791593
2267,total,fixed,45.81825823336772,41.977576010960355,75.86708247837942
2268,total,fixed,45.77932255318213,41.92426829189623,75.81728963521675
2269,total,fixed,45.7348727084989,41.876566795377805,75.7630556502342
2270,total,fixed,45.697094494668384,41.84619317170451,75.70144186050537
2271,total,fixed,45.6567360059704,41.80703854312746,75.64068049129727
2272,total,fixed,45.61121671970674,41.764514716311346,75.58136867927622
2273,total,fixed,45.57466520966581,41.728803061105225,75.52405575146159
2274,total,fixed,45.54438231355383,41.6847924120991,75.46802200370776
2275,total,fixed,45.503875942190916,41.65438366913028,75.41269156906893
2276,total,fixed,45.46730915588137,41.61691521154465,75.37092845613124
2277,total,fixed,45.43468565047371,41.58534835353294,75.33465163300855
2278,total,fixed,45.399564479934085,41.53729908263946,75.2969529069511
2279,total,fixed,45.36078201325665,41.49441175503323,75.2592957575957
2280,total,fixed,45.330650949246646,41.45700184976632,75.22234563070802
2281,total,fixed,45.29772412383557,41.420344522003795,75.18624684356938
2282,total,fixed,45.26517030474504,41.384763227803745,75.15113835877607
2283,total,fixed,45.237925598961006,41.35079367916805,75.11751218690063
2284,total,fixed,45.20989873179539,41.321624686068645,75.08500618524491
2285,total,fixed,45.175163823024675,41.30047575996159,75.0534913496436
2286,total,fixed,45.14630244286897,41.26751663468147,75.02223709387444
2287,total,fixed,45.113977469668484,41.230825223423224,74.9920579276758
2288,total,fixed,45.08327512737876,41.20509379749067,74.96203887400743
2289,total,fixed,45.05322347711181,41.17113863418101,74.9329905647597
2290,total,fixed,45.02359154699386,41.137269303112475,74.90396646700125
2291,total,fixed,44.99882289674825,41.10837687306094,74.87517359468998
2292,total,fixed,44.97324759389751,41.08028290172876,74.84711242259294
2293,total,fixed,44.95367904567692,41.05326340940139,74.81964997862478
2294,total,fixed,44.930836159071795,41.02581895564992,74.79221513445933
2295,total,fixed,44.90754285062355,41.002183398144076,74.7672076029449
2296,total,fixed,44.88291807010554,40.969265031882024,74.72669849103168
2297,total,fixed,44.86027617708811,40.95568683513944,74.69108522363156
2298,total,fixed,44.8468963970451,40.93645751977075,74.65748801377971
2299,total,fixed,44.828006730681864,40.91807347633338,74.62473737002952
2300,total,fixed,44.81565233023805,40.90178274213125,74.5937361830304
1990,total,joint,-3.091202283791909,-3.5486422018554618,-2.6632876120054485
1991,total,joint,-2.866597949992718,-3.296382031648599,-2.472460266628383
1992,total,joint,-2.58451415175694,-2.989918327317039,-2.2275056754408875
1993,total,joint,-2.86684742693392,-3.2673788983394454,-2.5182825624884146
1994,total,joint,-2.8095111065280856,-3.1927043200643084,-2.4735000480626526
1995,total,joint,-2.5239343485646586,-2.885015261997632,-2.21209375422312
1996,total,joint,-2.332869191993085,-2.661212975161385,-2.046850876751189
1997,total,joint,-2.1985147355735277,-2.490827872671697,-1.9403662744517514
1998,total,joint,-1.883599436444813,-2.143322327957567,-1.652770033569403
1999,total,joint,-1.691538793231918,-1.912016391200727,-1.4901516065486649
2000,total,joint,-1.5780922401081439,-1.7564418456885664,-1.406606319819924
2001,total,joint,-1.094997356651474,-1.2360184517457826,-0.9569886497895654
2002,total,joint,-0.6444117099812443,-0.7495768354792731,-0.5420447401768949
2003,total,joint,-0.30773700181310293,-0.3800936279977596,-0.23760027367509756
2004,total,joint,-0.276175339794519,-0.3197761210574726,-0.23786081778738488
2005,total,joint,0.12963329792118383,0.09620551683671713,0.16428550999705954
2006,total,joint,0.4423946600626554,0.38893819765337034,0.5020351222846319
2007,total,joint,0.6414234007620312,0.5567820533919834,0.7385774370178497
2008,total,joint,0.9356641344153598,0.8173232504980513,1.0683599864625781
2009,total,joint,1.2797062052489405,1.12746574843519,1.453553062918449
2010,total,joint,1.5919605865847215,1.400782903218059,1.8059557952763239
2011,total,joint,1.7075340972881072,1.4723065581289143,1.9590148631095097
2012,total,joint,2.375167080303659,2.1015898038889476,2.6665954647063876
2013,total,joint,2.632554003501445,2.3188542614901233,2.966629402997637
2014,total,joint,2.7981797227842486,2.441054415105445,3.1786605512299193
2015,total,joint,3.508532349244228,3.1094454566183964,3.938612284924013
2016,total,joint,3.9344598972366587,3.4893732830776867,4.409198386954529
2017,total,joint,4.09858557593425,3.608532402819778,4.619972660283422
2018,total,joint,4.316221031088209,3.7759476747499203,4.884948140839233
2019,total,joint,4.70935297503601,4.121978790785518,5.328139561531058
2020,total,joint,4.8290861437159265,4.19400846547918,5.499119347006571
2021,total,joint,5.212030695537352,4.531356772809336,5.935232818062138
2022,total,joint,5.525956202401751,4.793530736100921,6.302856375744259
2023,total,joint,5.9232263903985585,5.137026814697176,6.746414592322455
2024,total,joint,6.2773798316304505,5.432056592050166,7.153187067271272
2025,total,joint,6.621136839977077,5.732407766534197,7.558054961111006
2026,total,joint,6.9859654301466145,6.0416939988984835,7.973978437629356
2027,total,joint,7.349936634952974,6.348047965575791,8.399620782337086
2028,total,joint,7.7185041453642445,6.669762719990848,8.833402332926784
2029,total,joint,8.096047781462747,6.99709482189799,9.29677859055337
2030,total,joint,8.48143929483936,7.307044395872273,9.777421171347925
2031,total,joint,8.87134091634059,7.640541821985931,10.240473054010208
2032,total,joint,9.256998406737125,7.967945849273977,10.719979860272023
2033,total,joint,9.654695112707387,8.299578590471388,11.211457559735475
2034,total,joint,10.060654617029378,8.637942224491848,11.753036771846576
2035,total,joint,10.482913760423852,8.988419606510654,12.282713164664683
2036,total,joint,10.905862553303887,9.343024344655184,12.873605772763824
2037,total,joint,11.332799176008239,9.701573499043539,13.467246662306682
2038,total,joint,11.762355118544713,10.064834318617478,14.06942913746989
2039,total,joint,12.202604156072553,10.41643746002843,14.715442737419544
2040,total,joint,12.638846866128414,10.766831797362611,15.42095245143674
2041,total,joint,13.073598295789829,11.112020170204278,16.064445880236278
2042,total,joint,13.502360568476128,11.445421155416737,16.775489039337927
2043,total,joint,13.927319255652925,11.780215498198688,17.735477798443913
2044,total,joint,14.34588046006702,12.122090156902646,18.588025273667785
2045,total,joint,14.755613001535675,12.46768670903544,19.53113073753786
2046,total,joint,15.175127583435856,12.814788341484801,20.676382204063643
2047,total,joint,15.605717398808594,13.161713686481235,21.676806738952617
2048,total,joint,16.02310609381545,13.498157110520458,22.973064785577918
2049,total,joint,16.44034421654697,13.832570014480275,24.109522218891314
2050,total,joint,16.850982084740927,14.165128260689565,25.60720829952032
2051,total,joint,17.254831258311786,14.463402311525142,26.57263290703749
2052,total,joint,17.642276053301728,14.768827513425066,27.997630691008307
2053,total,joint,18.03727432996049,15.06510420224408,29.38105760567401
2054,total,joint,18.417468827497856,15.376235624178877,30.628140015876728
2055,total,joint,18.79821000002351,15.664950489984202,31.923205006472894
2056,total,joint,19.181714651406793,15.958529128807308,33.33015875797209
2057,total,joint,19.56361675236374,16.2671776759468,34.69485825685223
2058,total,joint,19.92846100399995,16.55255030667643,35.960273517512604
2059,total,joint,20.304738159485755,16.849313878938485,37.36813294747957
2060,total,joint,20.67246596121324,17.122334368283415,38.69294778807373
2061,total,joint,21.029302343314807,17.369958637100744,39.858540207075805
2062,total,joint,21.386607330712387,17.61954055498913,41.13003959018452
2063,total,joint,21.71756070400446,17.8830572264316,42.42557548505327
2064,total,joint,22.056670685051678,18.141804446885576,43.67783722507559
2065,total,joint,22.383550999064088,18.386074120418034,45.033104908617446
2066,total,joint,22.703493235167763,18.617240446169905,46.225468451628316
2067,total,joint,23.0316167440956,18.86661607869119,47.4104659238439
2068,total,joint,23.36157326133818,19.118186409468795,48.62746404447284
2069,total,joint,23.69838273896401,19.358091047703677,49.87493258889184
2070,total,joint,24.002793046028906,19.598991393362066,51.117146842820695
2071,total,joint,24.31307042833743,19.810564938636713,52.53411591971834
2072,total,joint,24.612531573037803,20.02816725599125,53.80948682503444
2073,total,joint,24.89071663323513,20.258628579618968,55.220178706301716
2074,total,joint,25.166223069175935,20.451847093427958,55.978618994296056
2075,total,joint,25.44331048152272,20.65478005197953,57.14234575911652
2076,total,joint,25.699782275130197,20.84603434189163,57.83927123839881
2077,total,joint,25.961977540619596,21.04086382927998,58.865211864571556
2078,total,joint,26.220413825019072,21.240746730676836,59.90476359222659
2079,total,joint,26.483033691981525,21.429312697527294,60.91295884622062
2080,total,joint,26.73650940080294,21.620577387875933,61.912695203919675
2081,total,joint,26.979609247104868,21.811061039168692,62.90656535711535
2082,total,joint,27.217893765462577,22.013164357963607,63.32477932647424
2083,total,joint,27.464078157144293,22.182525420560875,64.40061717157486
2084,total,joint,27.701494497615737,22.35779937058493,64.69187014189424
2085,total,joint,27.93233877403844,22.529901140520646,65.19885133375381
2086,total,joint,28.151484116801054,22.695138082429132,66.03898248472585
2087,total,joint,28.358995663140007,22.856342331642637,66.87471799645866
2088,total,joint,28.570429613353085,23.012800821446817,67.79578107307685
2089,total,joint,28.77643288258193,23.17204253458109,68.7265989901795
2090,total,joint,28.975260404668703,23.330343173118646,69.665428355306
2091,total,joint,29.175289600030734,23.494449992249482,70.2229742195799
2092,total,joint,29.373742852160504,23.659915122678914,70.9920403449186
2093,total,joint,29.567617903189856,23.81417508203056,71.41169619994743
2094,total,joint,29.75945511399422,23.947897116531642,72.05949998255196
2095,total,joint,29.951852669169277,24.089373197856652,72.66977006026444
2096,total,joint,30.13876204761351,24.231094792068603,72.98365951535433
2097,total,joint,30.311363233060835,24.359563920332747,73.26851603444487
2098,total,joint,30.483813595770993,24.4852151414462,73.81886322972677
2099,total,joint,30.651396417888108,24.60121457962177,74.08613842628752
2100,total,joint,30.822255078251203,24.716879665684676,74.26384108557106
2101,total,joint,30.99343651313329,24.833629141543216,74.4411590315483
2102,total,joint,31.158242699376565,24.947398436203457,74.62919138891162
2103,total,joint,31.320994360728317,25.068804658024597,74.84979482798317
2104,total,joint,31.49782471308959,25.181197132405387,75.15110802176363
2105,total,joint,31.65784407690122,25.28933324348809,75.29122147956379
2106,total,joint,31.810921922919228,25.39298022738072,75.42200646869581
2107,total,joint,31.940299421188232,25.492558490052346,75.54911542838785
2108,total,joint,32.08322824201298,25.590354579978257,75.67380012341621
2109,total,joint,32.23158568456348,25.696906524840113,75.79211515350676
2110,total,joint,32.36681216914592,25.804577972280136,75.91112513289863
2111,total,joint,32.49680066846835,25.91422887014981,76.03486277051522
2112,total,joint,32.634614479515285,26.018136986747443,76.43836896194674
2113,total,joint,32.754955535462535,26.122338194734468,76.69964666623913
2114,total,joint,32.87331923042312,26.221185297327768,76.82074627728696
2115,total,joint,32.98837788802495,26.297886008923072,76.94169182408301
2116,total,joint,33.10704579090366,26.37158885674502,77.14897561396128
2117,total,joint,33.22321083113262,26.4554988079698,77.34952884753925
2118,total,joint,33.345768144042296,26.536635862293185,77.54415756486759
2119,total,joint,33.435592344293845,26.616319693229983,77.73358521085811
2120,total,joint,33.53888925687494,26.69728848804138,77.91947856936598
2121,total,joint,33.642077670802365,26.78197195883635,78.00074142780689
2122,total,joint,33.7422164295439,26.87037133294916,78.05864684670422
2123,total,joint,33.83923050744821,26.95749294902018,78.11277403423024
2124,total,joint,33.94871726763465,27.050076044894162,78.16222602823598
2125,total,joint,34.046431841408896,27.141876442526325,78.20647812245387
2126,total,joint,34.13063007775258,27.229771107274072,78.24447510546665
2127,total,joint,34.21744696644406,27.31476726657671,78.27733482362956
2128,total,joint,34.29887624963146,27.382866935855198,78.30585699704784
2129,total,joint,34.38378476073422,27.425263391085398,78.33091359131966
2130,total,joint,34.47709452791099,27.467407475499968,78.35408267006054
2131,total,joint,34.55378032503689,27.550158872338823,78.37789140761963
2132,total,joint,34.636599580099016,27.621985604737688,78.39744798734081
2133,total,joint,34.71056460403727,27.667151728529134,78.53411235646568
2134,total,joint,34.78945811925311,27.74253071550145,78.69624560455648
2135,total,joint,34.85374237123828,27.805621619325574,79.102327984359
2136,total,joint,34.911297584617294,27.86623666316298,79.17108219475446
2137,total,joint,34.98661011958524,27.92256019926332,79.23275242906296
2138,total,joint,35.04044043974712,27.97922582782717,79.29043384055257
2139,total,joint,35.12181368581486,28.030866390935984,79.3444341736747
2140,total,joint,35.18103815161435,28.080114628157883,79.40285680343557
2141,total,joint,35.23777127920765,28.130152321376574,79.5126355139561
2142,total,joint,35.29802599695378,28.15794474074752,79.6223566159672
2143,total,joint,35.36051521619905,28.19883783991286,79.73044674479294
2144,total,joint,35.412907323690064,28.246266442351512,79.83586045341511
2145,total,joint,35.46166736090799,28.303182983352382,79.89050108483312
2146,total,joint,35.50558738198516,28.35676479669323,79.87966680153684
2147,total,joint,35.55527366071742,28.39909294825724,79.86510180800687
2148,total,joint,35.61429820004554,28.428984753076367,79.84704360600794
2149,total,joint,35.65579292792586,28.4604956484292,79.82540328914311
2150,total,joint,35.69808030631343,28.503903930270067,79.80068280751357
2151,total,joint,35.730286514369084,28.53729991852523,79.81743614206252
2152,total,joint,35.773596462640015,28.563676409755065,79.83277510204637
2153,total,joint,35.8013154462598,28.601107243139978,79.89140721686556
2154,total,joint,35.85414304389926,28.619831043671557,79.95279803228077
2155,total,joint,35.90457244125399,28.638278735940883,79.93077196249469
2156,total,joint,35.945533080910145,28.66612939134396,79.90082781046306
2157,total,joint,35.97814652652332,28.684508270369015,79.91630896279877
2158,total,joint,35.998712377921095,28.69619093079399,79.92736127423143
2159,total,joint,36.01383693829382,28.706173158975286,79.93409493835108
2160,total,joint,36.029038308635066,28.713122156449504,79.93733996913869
2161,total,joint,36.048159596693566,28.72867688536401,79.9381912554595
2162,total,joint,36.08215128016629,28.72364138534909,79.93798443290784
2163,total,joint,36.07450074162723,28.735142938169673,79.93822311081446
2164,total,joint,36.083426416399725,28.7366472643406,79.93118216623222
2165,total,joint,36.09232057633578,28.770239716697738,79.92213664945258
2166,total,joint,36.107218882050645,28.77194724632222,79.91007502976235
2167,total,joint,36.10900057195455,28.772786697672842,79.89363458992736
2168,total,joint,36.10956505664525,28.75814031138409,79.77901667077079
2169,total,joint,36.08528390829342,28.7396258846176,79.69855278783594
2170,total,joint,36.06992530794229,28.718436921124706,79.6890873579644
2171,total,joint,36.058358430502146,28.69533082390157,79.67613242678009
2172,total,joint,36.01672262307963,28.69150007066917,79.67835705587993
2173,total,joint,36.00891258403841,28.66600630423435,79.6929452060487
2174,total,joint,36.01963212280935,28.63281765386344,79.70760139258695
2175,total,joint,36.01794494716891,28.63375424677398,79.67674174825603
2176,total,joint,35.99737928311103,28.60473611587252,79.64057031186266
2177,total,joint,35.96342673745788,28.573277249567745,79.59324104047982
2178,total,joint,35.921250863144955,28.536675060038956,79.54721673320863
2179,total,joint,35.89309908759917,28.490779866511296,79.49509705090138
2180,total,joint,35.86239137738617,28.44031759421733,79.43802871591296
2181,total,joint,35.821525119451394,28.399796676593215,79.37628230313027
2182,total,joint,35.760272512162295,28.372440367290164,79.31017600092636
2183,total,joint,35.707861890298396,28.29901350061737,79.23919014707292
2184,total,joint,35.65820841873164,28.23655297036385,79.10061453608023
2185,total,joint,35.59389899666427,28.181541397922558,78.99528213909569
2186,total,joint,35.54431604360211,28.090742851196815,78.95369774407325
2187,total,joint,35.49632029168187,28.026311064412884,78.84710303226686
2188,total,joint,35.444931388873904,27.930647531300725,78.73272657314575
2189,total,joint,35.4034869963037,27.864959260823348,78.60835877395051
2190,total,joint,35.369754498659546,27.804494305164397,78.47906761603986
2191,total,joint,35.298349370697494,27.729016640599287,78.34317840168279
2192,total,joint,35.245390191931776,27.61143060472463,78.20182380380245
2193,total,joint,35.15735637646796,27.517066369653346,78.05636969193542
2194,total,joint,35.08427751617595,27.458743661710216,77.90759060814052
2195,total,joint,35.01222869105244,27.367159701169708,77.75651571931633
2196,total,joint,34.93730614145025,27.2843109613862,77.7010317621105
2197,total,joint,34.870817507267844,27.218090370346818,77.63402469626736
2198,total,joint,34.822917414375354,27.131445372262807,77.59275152398162
2199,total,joint,34.72176268847775,27.069784023727383,77.54873464891081
2200,total,joint,34.62400564851968,26.982686354078574,77.49889593311356
2201,total,joint,34.521079147208326,26.85073466495938,77.44157842097563
2202,total,joint,34.47285205966428,26.77868224311905,77.37781096404605
2203,total,joint,34.38594249397556,26.619058589943915,77.30940943239663
2204,total,joint,34.275420407213005,26.485114288930724,77.23600135227332
2205,total,joint,34.152349366985455,26.36032278930779,77.15819431951874
2206,total,joint,34.044122571841896,26.217723997660723,77.07677747127227
2207,total,joint,33.916279771593224,26.021757620182846,76.99310714353479
2208,total,joint,33.78666542062136,25.876374223336388,76.90749571891341
2209,total,joint,33.69584777797487,25.729449495988696,76.8219371274637
2210,total,joint,33.58471034043564,25.59255291455487,76.73740267748016
2211,total,joint,33.46530332808221,25.488857015030387,76.65153240375577
2212,total,joint,33.34048720876331,25.372022105580673,76.56272814485833
2213,total,joint,33.22945480535486,25.24037090210102,76.46940851016652
2214,total,joint,33.08776087741755,25.1225014796851,76.34760179009146
2215,total,joint,32.93439039443518,25.008630074331613,76.20639011382697
2216,total,joint,32.82112935723539,24.88741737252579,76.06041682523181
2217,total,joint,32.690139033221946,24.740203820697626,75.91236722584453
2218,total,joint,32.56758306092944,24.60142704452536,75.76386523400515
2219,total,joint,32.423658899505554,24.468605415018153,75.61705092991046
2220,total,joint,32.27741061918125,24.344194739703365,75.4743888083646
2221,total,joint,32.163221327344104,24.206175571781518,75.33565855652633
2222,total,joint,32.04227927447578,24.03490142153331,75.20107036745333
2223,total,joint,31.933388098538714,23.891770620746463,75.12284656311843
2224,total,joint,31.8226611063846,23.807863518763806,75.0929085656807
2225,total,joint,31.68956391477896,23.64132093274582,75.05717812421793
2226,total,joint,31.5304874451254,23.468357403106225,75.01570404526427
2227,total,joint,31.399018514233333,23.314535532826792,74.96497412595235
2228,total,joint,31.25643301357903,23.176243086071217,74.77987652120669
2229,total,joint,31.106511918613098,23.033189182042197,74.52256732794652
2230,total,joint,30.974514123654366,22.893158333917416,74.26441816405806
2231,total,joint,30.8663882389737,22.77376594457103,74.00710479500574
2232,total,joint,30.75334542083582,22.636616355135356,73.74944722743876
2233,total,joint,30.624238920859106,22.50429936828978,73.54010330194495
2234,total,joint,30.47363108954628,22.34634264120907,73.36716174993519
2235,total,joint,30.333951007204888,22.169927256549364,73.12556466933749
2236,total,joint,30.19199839975112,21.971336050122805,72.88313414599912
2237,total,joint,30.05781476018533,21.82304811328248,72.64028453842708
2238,total,joint,29.93684521001377,21.691868695487088,72.39812743713601
2239,total,joint,29.781005553022833,21.591223141043063,72.15738477317458
2240,total,joint,29.6406736951449,21.4810379759136,71.91921339999689
2241,total,joint,29.513885981143734,21.30656132953088,71.68538330642676
2242,total,joint,29.402423748378368,21.244436348567586,71.45652337267128
2243,total,joint,29.283087684731058,21.043831868342945,71.23073776988855
2244,total,joint,29.15759787687096,20.932409693922764,71.00627846599198
2245,total,joint,29.023454990832306,20.81390360245438,70.78175906532387
2246,total,joint,28.886682763622346,20.68185149147197,70.5564278799028
2247,total,joint,28.751743872225866,20.49736835877504,70.33126555441063
2248,total,joint,28.60630069999273,20.321395378078165,70.10668157417152
2249,total,joint,28.465554470055643,20.185616705004534,69.88283679291385
2250,total,joint,28.329450511906163,20.060460296926845,69.66023764029664
2251,total,joint,28.18502012170771,19.89716523345405,69.4394214933643
2252,total,joint,28.0609572136951,19.720377337178327,69.22142525507417
2253,total,joint,27.93302620072197,19.582676454646187,69.0075056080307
2254,total,joint,27.820799560496006,19.416687889153497,68.79833820271168
2255,total,joint,27.71738099644115,19.262646230873198,68.59264261768801
2256,total,joint,27.60030306176528,19.137711088533898,68.38949802958514
2257,total,joint,27.49077786136256,18.976683261864487,68.18839347082712
2258,total,joint,27.374051334404122,18.802088091672232,67.98811114373554
2259,total,joint,27.231642856439542,18.681736150567115,67.78850281658788
2260,total,joint,27.10767479340405,18.561631338971715,67.58925933200698
2261,total,joint,27.000667788831876,18.382910883401003,67.3871554869937
2262,total,joint,26.87781437704418,18.200487899300683,67.18613791656698
2263,total,joint,26.76777455442511,18.0159381604755,66.98800497511127
2264,total,joint,26.665858595032866,17.841808496037995,66.79398642741906
2265,total,joint,26.562877173777956,17.694870147412356,66.60541337815508
2266,total,joint,26.47450514354252,17.59277107485003,66.42211332445038
2267,total,joint,26.37596654011932,17.422941599618614,66.243521208271
2268,total,joint,26.266978582724377,17.22612453153945,66.08351058052745
2269,total,joint,26.18840425423719,17.064466253677185,65.95382034007758
2270,total,joint,26.054144639123287,16.95441429589821,65.82249796360102
2271,total,joint,25.925120939767467,16.84456560147758,65.69016386771894
2272,total,joint,25.814532181252144,16.731815368835427,65.55763515061628
2273,total,joint,25.73616165258204,16.6160250328792,65.42611994491324
2274,total,joint,25.608156444126152,16.478943364046888,65.29779860041076
2275,total,joint,25.513754195913776,16.346882960679835,65.17416547240872
2276,total,joint,25.437372825127124,16.219450435801072,65.05495415075013
2277,total,joint,25.35230040811464,16.056676135117552,64.93820343289418
2278,total,joint,25.257519999168984,15.875946473853345,64.82257309580741
2279,total,joint,25.17942123149423,15.760482298057624,64.70724443537526
2280,total,joint,25.090657134173586,15.632702796750323,64.59096935060596
2281,total,joint,24.988879283438095,15.453675069961953,64.47420493288335
2282,total,joint,24.903000544058173,15.279328973290351,64.35836733037232
2283,total,joint,24.798175635529283,15.122575198972175,64.24407835165736
2284,total,joint,24.72103468743117,15.016405271427578,64.13253408056856
2285,total,joint,24.65455073115462,14.913904099078497,64.02583426126111
2286,total,joint,24.60302673893208,14.81561139969186,63.92489998435179
2287,total,joint,24.530218003172408,14.678012454560685,63.77552767732739
2288,total,joint,24.451610424297627,14.562329321372951,63.59954688254654
2289,total,joint,24.369835304181294,14.434419388401595,63.42287819453254
2290,total,joint,24.300056160252343,14.317055850147879,63.24247553390667
2291,total,joint,24.219562131248896,14.239670745868356,63.05525823767907
2292,total,joint,24.143500675349173,14.148874206947188,62.8679381946141
2293,total,joint,24.073977394969617,14.01861125630168,62.612703523395446
2294,total,joint,24.004987521625885,13.869895462348627,62.328463493164385
2295,total,joint,23.943361393839155,13.725890261164764,62.124612042540654
2296,total,joint,23.87260121203331,13.587052333754382,62.014076485393815
2297,total,joint,23.8026891165866,13.495378247714859,61.90813950158903
2298,total,joint,23.763111232909658,13.442792109915352,61.805132746248375
2299,total,joint,23.719059141204955,13.39044541290991,61.669377253127784
2300,total,joint,23.6699086991004,13.283123066170043,61.57408118637255
