year,ssp,component,gmst,med,p05,p17,p83,p95,n_finite
1990,SSP1-2.6,glaciers,0.5557397132233756,-0.7164018888025865,-0.8767215693159343,-0.7994815100968791,-0.6666291821796777,-0.6313538049035966,2000
1991,SSP1-2.6,glaciers,0.5885637306361448,-0.6828063999836569,-0.8307879728201063,-0.7588249946587041,-0.6362521440881762,-0.6032612996148283,2000
1992,SSP1-2.6,glaciers,0.5090689778394178,-0.6450100169661215,-0.7778389322408761,-0.713568148975243,-0.6025094393772994,-0.5732130965806023,2000
1993,SSP1-2.6,glaciers,0.3084522979487564,-0.6255954362681042,-0.7473264036192329,-0.6880795193606086,-0.5860363597840399,-0.5581063056834337,2000
1994,SSP1-2.6,glaciers,0.332676813580452,-0.5846978161526426,-0.6967939359662226,-0.6424378213153414,-0.5478828459824735,-0.5225560894014304,2000
1995,SSP1-2.6,glaciers,0.4547856293863089,-0.5481660487077797,-0.6502401699345464,-0.6007879699547647,-0.5140374986767478,-0.4913829124821292,2000
1996,SSP1-2.6,glaciers,0.5463394857269461,-0.5000195931929339,-0.5921436556455688,-0.548571116629263,-0.4690299751824281,-0.4485481859680694,2000
1997,SSP1-2.6,glaciers,0.600043540445978,-0.4591311906090616,-0.5387420990885291,-0.5005558918504589,-0.4313587540424628,-0.4145585888265218,2000
1998,SSP1-2.6,glaciers,0.6466075693928761,-0.41133257261993306,-0.4806552568083246,-0.44746368113064233,-0.38700204290699763,-0.37244232993666015,2000
1999,SSP1-2.6,glaciers,0.686007840655961,-0.333771414126939,-0.3918997917374408,-0.3641609178783584,-0.3141054429651699,-0.3021135159183939,2000
2000,SSP1-2.6,glaciers,0.7295563669080296,-0.28955233902127864,-0.33847635340485355,-0.31597881293780894,-0.2728549146939723,-0.2626920843251691,2000
2001,SSP1-2.6,glaciers,0.7655239205849365,-0.23938868750228015,-0.27969861080697245,-0.26061834444318244,-0.22528885991375053,-0.21668930251578145,2000
2002,SSP1-2.6,glaciers,0.7999498588212678,-0.17868943050653252,-0.20716133331068956,-0.19406074392330447,-0.16844459923208188,-0.16212181876812665,2000
2003,SSP1-2.6,glaciers,0.8301407393993533,-0.11489410571297398,-0.1304013684021371,-0.12332208741451489,-0.10853553019873013,-0.10451616772420164,2000
2004,SSP1-2.6,glaciers,0.8359312010698448,-0.05098214095769249,-0.05798250531748461,-0.05480481828845701,-0.04726797371931883,-0.044919952578113695,2000
2005,SSP1-2.6,glaciers,0.843916603443868,0.002165787600055591,-0.007890713467999078,-0.0032842088201352924,0.007075159721259938,0.010800165885793508,2000
2006,SSP1-2.6,glaciers,0.8516506513236204,0.07580844331039494,0.06259401729924688,0.06835894267220383,0.08501917175556538,0.09339853605085006,2000
2007,SSP1-2.6,glaciers,0.8597675192449368,0.1585176032312936,0.14123155588470848,0.14808984769102956,0.1727911993067712,0.18494363829451613,2000
2008,SSP1-2.6,glaciers,0.8671015531069908,0.22293770356180698,0.20048139852619284,0.2089811055560183,0.2427360264010162,0.2607137277548096,2000
2009,SSP1-2.6,glaciers,0.8915919796329949,0.26978539497099563,0.2433698776421419,0.2533996715422345,0.2942885416377697,0.31735455698591997,2000
2010,SSP1-2.6,glaciers,0.91224213325433,0.33133585787041486,0.2987031223695382,0.31111147693720453,0.3618593086834969,0.3903430673978073,2000
2011,SSP1-2.6,glaciers,0.9463726707864436,0.42704424729158363,0.3880677433140822,0.4029297329763517,0.46421069715248026,0.49729810908427563,2000
2012,SSP1-2.6,glaciers,0.9634454159642772,0.4909190474784406,0.44614670633064113,0.4632490673100911,0.533937668489465,0.5724916363126522,2000
2013,SSP1-2.6,glaciers,1.0010392042679888,0.5457749549714057,0.4949011234825675,0.513478110932867,0.5935351648606206,0.635531515579601,2000
2014,SSP1-2.6,glaciers,1.034758969518629,0.6029589006591842,0.547042456740619,0.5675853444431673,0.6574301090368881,0.7049027883241987,2000
2015,SSP1-2.6,glaciers,1.0655474016558886,0.674764752375848,0.6126988094404061,0.6360452601180673,0.7345494965518141,0.7866437405653751,2000
2016,SSP1-2.6,glaciers,1.0982433117141364,0.7499727205126621,0.6820661800359565,0.7078215057541553,0.8144407343654927,0.8698447737551913,2000
2017,SSP1-2.6,glaciers,1.1215083354395925,0.8751378709946405,0.797546751372841,0.8278224968583404,0.9458078082824166,1.006455718791224,2000
2018,SSP1-2.6,glaciers,1.1514531927883527,0.9558824462914304,0.8705508073585287,0.9041243938327297,1.0334576602890446,1.0988767544900768,2000
2019,SSP1-2.6,glaciers,1.172690213058829,1.0239276653919887,0.931531495718893,0.9667910539821908,1.1080452580079643,1.1779887433082012,2000
2020,SSP1-2.6,glaciers,1.183004264307409,1.1187831695741992,1.016863471659871,1.056807865791556,1.2087700174887386,1.286030877543611,2000
2021,SSP1-2.6,glaciers,1.2100067371777328,1.189243524326447,1.0810671362925552,1.1232798899095269,1.2857950978151065,1.3665364950962833,2000
2022,SSP1-2.6,glaciers,1.2401553910866456,1.2588221260188242,1.1444194408801678,1.1885979721718947,1.3612597650613982,1.4458490501416252,2000
2023,SSP1-2.6,glaciers,1.2795255652495054,1.3329107800800002,1.2120127915775338,1.2585754381716114,1.4414093978514102,1.5330750680358214,2000
2024,SSP1-2.6,glaciers,1.3120856196879593,1.4261966070921512,1.296456988616599,1.3468610284019749,1.542293461443588,1.6394170731454134,2000
2025,SSP1-2.6,glaciers,1.3450532697084467,1.5207503015211423,1.3813213351366276,1.4348105581319721,1.6441097715496362,1.7468014710695978,2000
2026,SSP1-2.6,glaciers,1.3757659511567653,1.6163806242332037,1.4669158228189074,1.524721838525818,1.7465396396033648,1.8527482176742538,2000
2027,SSP1-2.6,glaciers,1.400059949863873,1.7137089773983414,1.5557677075919019,1.6161911559403295,1.8519108897334287,1.9624583629214598,2000
2028,SSP1-2.6,glaciers,1.4175823530737954,1.8130353401774268,1.642825730038693,1.7088585781113905,1.958747852759841,2.0746799676522216,2000
2029,SSP1-2.6,glaciers,1.4347237788428864,1.9124313596614004,1.7322374360628352,1.8022962807163696,2.0657957489863765,2.1856405574724946,2000
2030,SSP1-2.6,glaciers,1.4578128091905669,2.0133780911379966,1.8219543278617922,1.8955797854680492,2.174098121151786,2.2947610387839057,2000
2031,SSP1-2.6,glaciers,1.475920925382979,2.1141502112749873,1.9116969300057676,1.9899756446117856,2.2824486621219395,2.4093755027115673,2000
2032,SSP1-2.6,glaciers,1.5035590631054043,2.2153904356715493,2.002730695908778,2.085303911101293,2.39056355392133,2.523185320383619,2000
2033,SSP1-2.6,glaciers,1.5207037061559632,2.3185126710875874,2.09497505576929,2.1826930887486182,2.501374001167259,2.642551250552017,2000
2034,SSP1-2.6,glaciers,1.5443794295508118,2.4224674965406523,2.1869854487743288,2.2784757785411047,2.6119703178290936,2.758460984185153,2000
2035,SSP1-2.6,glaciers,1.5694008625927183,2.526903614620948,2.2798817704920213,2.3761668062046004,2.724893219081737,2.8768536380813776,2000
2036,SSP1-2.6,glaciers,1.6001447457060347,2.632675799892132,2.372550810810946,2.4752218120654645,2.8384438622162875,2.996445759873773,2000
2037,SSP1-2.6,glaciers,1.6228275484992332,2.740716004986684,2.4669641254524213,2.5752748310460105,2.9543010662134455,3.1199424613517857,2000
2038,SSP1-2.6,glaciers,1.638756606214989,2.8481101388124856,2.5628732625957555,2.676920052161197,3.0721152368307116,3.2434492278053533,2000
2039,SSP1-2.6,glaciers,1.665056147183829,2.9563535543043353,2.6589439909216974,2.77857257923499,3.191001549195099,3.3659731461492086,2000
2040,SSP1-2.6,glaciers,1.680002027001819,3.066616916700481,2.755771001192564,2.8800824465376262,3.308799172251139,3.49220193971394,2000
2041,SSP1-2.6,glaciers,1.6834285647818141,3.176774115241697,2.8524867800255413,2.9822306777801315,3.4294483608239736,3.6146352944073414,2000
2042,SSP1-2.6,glaciers,1.704109570537229,3.283682434884315,2.9516688560344004,3.0829601003486107,3.548342288881088,3.736115545701811,2000
2043,SSP1-2.6,glaciers,1.714663980468551,3.3925311751484,3.045877984069842,3.1835564100745244,3.665868821436929,3.8584924973495505,2000
2044,SSP1-2.6,glaciers,1.7260350563196727,3.4990707365812397,3.1408494524082746,3.2842372860783278,3.7834264886819624,3.981400780485533,2000
2045,SSP1-2.6,glaciers,1.7459958257047152,3.6061101586083364,3.233854503663019,3.3851090883478223,3.8996112125067293,4.101852473140732,2000
2046,SSP1-2.6,glaciers,1.762760719311069,3.7118637461756188,3.32888787314633,3.4855100141759943,4.014510433942852,4.221894238953031,2000
2047,SSP1-2.6,glaciers,1.7826873664759635,3.819986267401878,3.4240430658324668,3.5845388735623516,4.130421472640193,4.346824012950116,2000
2048,SSP1-2.6,glaciers,1.7943045116741423,3.928874279437501,3.519521438772532,3.6846160397151935,4.248837850454958,4.468649632836941,2000
2049,SSP1-2.6,glaciers,1.8137621029829256,4.037804548841084,3.6145036645995248,3.783046541630091,4.366193504695987,4.588248003734078,2000
2050,SSP1-2.6,glaciers,1.8262150982576644,4.14712776279915,3.7142423725339215,3.8819736777820513,4.484298690328237,4.716379188976071,2000
2051,SSP1-2.6,glaciers,1.8308350187033013,4.255816100058318,3.8102146438079854,3.9830253181688184,4.603294319639648,4.844226379167937,2000
2052,SSP1-2.6,glaciers,1.839260518267929,4.360808402786527,3.900798479297596,4.081705513435906,4.719630342034616,4.967454429136239,2000
2053,SSP1-2.6,glaciers,1.8419008709450382,4.465894651351775,3.9913147117410124,4.177629819629193,4.833284117335601,5.084762003774403,2000
2054,SSP1-2.6,glaciers,1.8495654187516568,4.570541040615451,4.082409391101645,4.276075460845522,4.946298504490772,5.204621937760273,2000
2055,SSP1-2.6,glaciers,1.8519517245166544,4.673275961433225,4.1747036225879635,4.372790527553438,5.061563585568567,5.3245889909900095,2000
2056,SSP1-2.6,glaciers,1.8650721303408586,4.775732462691898,4.263162283295969,4.4664447757187435,5.174218267308713,5.443167125839476,2000
2057,SSP1-2.6,glaciers,1.878411111649326,4.878246205232627,4.350197900370616,4.558239949113176,5.286091583313305,5.560821421239002,2000
2058,SSP1-2.6,glaciers,1.8934387511902997,4.97924428839146,4.437453474353783,4.649931981242388,5.396385519787996,5.675964641273643,2000
2059,SSP1-2.6,glaciers,1.9036280513318873,5.0799339734109035,4.5269621577363095,4.742475975376379,5.509005945554685,5.790969178010049,2000
2060,SSP1-2.6,glaciers,1.9120348699423153,5.18041055296402,4.614504279426372,4.834675541626724,5.620492762918238,5.905655779456137,2000
2061,SSP1-2.6,glaciers,1.9157720858784457,5.2801760007869945,4.699263591580548,4.926870034476291,5.729949006485992,6.020903396521071,2000
2062,SSP1-2.6,glaciers,1.9252995872840941,5.378527272159944,4.783072736053767,5.016154463836295,5.838780578308322,6.1347020478265275,2000
2063,SSP1-2.6,glaciers,1.9227545106403505,5.477569644996931,4.865769734658967,5.107281996072701,5.945310791183645,6.247315451707334,2000
2064,SSP1-2.6,glaciers,1.929979720056169,5.573332927241696,4.951593681495652,5.198699809023822,6.0484004440281405,6.360932742746513,2000
2065,SSP1-2.6,glaciers,1.9279017310614255,5.670047171793504,5.031865466946358,5.284723521030725,6.151849276547289,6.470305911577345,2000
2066,SSP1-2.6,glaciers,1.9250740149608094,5.765098177964343,5.109227314663364,5.3673150893177946,6.25321474679703,6.57876827681244,2000
2067,SSP1-2.6,glaciers,1.9307580359371808,5.8562317316841845,5.184501107635872,5.448928530610591,6.351957252688311,6.686523693924295,2000
2068,SSP1-2.6,glaciers,1.9303005835819673,5.947004211605851,5.257837486162763,5.531406238726539,6.452446803895112,6.793278752563503,2000
2069,SSP1-2.6,glaciers,1.9315130943430172,6.0370242948379635,5.333754006052922,5.61229586105537,6.548779861890645,6.897239602354226,2000
2070,SSP1-2.6,glaciers,1.941998544440816,6.124867564380742,5.408957874160544,5.691818609291511,6.64311559400825,6.998817915048201,2000
2071,SSP1-2.6,glaciers,1.9488800722775106,6.2123026028662,5.483875854511676,5.771425854258514,6.7377869457549,7.10382190183528,2000
2072,SSP1-2.6,glaciers,1.9600550100485683,6.299454608966043,5.558188615898824,5.850961190956389,6.832754583693788,7.203857494095716,2000
2073,SSP1-2.6,glaciers,1.9549334001318275,6.3845618924657455,5.630583554642784,5.928815156023003,6.926024901759881,7.303537912459278,2000
2074,SSP1-2.6,glaciers,1.9609657708872554,6.470975041168193,5.701057668132526,6.001955908029152,7.019707191523297,7.402075975366569,2000
2075,SSP1-2.6,glaciers,1.968212494580389,6.554856486973947,5.77256528338958,6.075422727186095,7.112884891450952,7.49823757410159,2000
2076,SSP1-2.6,glaciers,1.960330564727248,6.638920917873244,5.8458201268782615,6.153400446679772,7.206374845126918,7.596085293649318,2000
2077,SSP1-2.6,glaciers,1.955954255771158,6.720145278006598,5.91434829839783,6.230273188081933,7.295838226255766,7.69059687285175,2000
2078,SSP1-2.6,glaciers,1.9521852919753506,6.799695275951038,5.979735413842815,6.301023655086512,7.3827986712340365,7.783983577187607,2000
2079,SSP1-2.6,glaciers,1.9510280861016316,6.878228293177177,6.046220344901163,6.369778660030655,7.469977863709612,7.873915324906019,2000
2080,SSP1-2.6,glaciers,1.94830410642478,6.956219428169646,6.109547410248205,6.441615067407136,7.554157722201746,7.960885106037511,2000
2081,SSP1-2.6,glaciers,1.9565166945721395,7.031560318210292,6.171671377761286,6.50866558677828,7.638196687668115,8.049146077340673,2000
2082,SSP1-2.6,glaciers,1.9608847127432856,7.106841340790153,6.2329757067072125,6.5770775320716375,7.720887007986256,8.137872288282617,2000
2083,SSP1-2.6,glaciers,1.9703278175020005,7.183514490828381,6.2946172302203385,6.642871317300148,7.802069277048927,8.226220690327155,2000
2084,SSP1-2.6,glaciers,1.9704917871545213,7.257599276075757,6.357047816848895,6.708734267190245,7.881299332284113,8.316855647572165,2000
2085,SSP1-2.6,glaciers,1.962081047311514,7.329915176766595,6.419361920501348,6.774382534121518,7.961488376367269,8.401137260520212,2000
2086,SSP1-2.6,glaciers,1.9566852476790242,7.40097518990821,6.478257180219549,6.840949386662491,8.041954035021611,8.483881043927267,2000
2087,SSP1-2.6,glaciers,1.9486594231626369,7.469449586937296,6.53531642953441,6.906437142102176,8.121538522364899,8.56860054481163,2000
2088,SSP1-2.6,glaciers,1.936368050306355,7.538513151782707,6.590933451556431,6.96890881974138,8.194197785248313,8.646983091871347,2000
2089,SSP1-2.6,glaciers,1.9278308259259676,7.605191351677645,6.6449210051526935,7.029472436834519,8.26745244468528,8.725333286707643,2000
2090,SSP1-2.6,glaciers,1.9265564288102708,7.670741830228502,6.698446020277975,7.086986884650816,8.340568709050437,8.800673481938588,2000
2091,SSP1-2.6,glaciers,1.919259589944645,7.736007032076305,6.752843775600884,7.143965845603291,8.411834816029277,8.87479116855788,2000
2092,SSP1-2.6,glaciers,1.9259263600021215,7.799017720910358,6.802320441353755,7.199562629428532,8.479344184097332,8.947021534500804,2000
2093,SSP1-2.6,glaciers,1.9273236410045735,7.861896694639909,6.853357961658474,7.25527161970634,8.546931343409547,9.01534246082588,2000
2094,SSP1-2.6,glaciers,1.9277320498818777,7.923084307826237,6.900166677714071,7.3131697616087585,8.616085381041563,9.086386539463767,2000
2095,SSP1-2.6,glaciers,1.929088206290513,7.984197773605369,6.948324871962836,7.370374910239778,8.68202134373566,9.153725424929943,2000
2096,SSP1-2.6,glaciers,1.9337487555419648,8.04339405387998,6.995475014198996,7.424021654653332,8.751543633613322,9.225889821895716,2000
2097,SSP1-2.6,glaciers,1.9250482758784415,8.103840230897067,7.043888766196013,7.476576708679772,8.813885620523912,9.297588405299162,2000
2098,SSP1-2.6,glaciers,1.9113268012346174,8.162799078345436,7.091629300014672,7.529604013242504,8.876421077140371,9.36696926303839,2000
2099,SSP1-2.6,glaciers,1.9069636107059724,8.21963983806951,7.137577252421966,7.579321887720097,8.938600813472293,9.43610013961116,2000
2100,SSP1-2.6,glaciers,1.9004970717491718,8.275310232050074,7.182898218700891,7.629006439041896,9.003695051880117,9.503054231147589,2000
2101,SSP1-2.6,glaciers,1.903861305509231,8.33155767892751,7.227286870301447,7.678022152646935,9.064988287176995,9.570181900776687,2000
2102,SSP1-2.6,glaciers,1.9038722991133727,8.386192569621041,7.270585752383532,7.726347708065282,9.127910085788416,9.633676970191393,2000
2103,SSP1-2.6,glaciers,1.9057695630459284,8.438227561297824,7.312290923298897,7.772061961303366,9.186627840766253,9.698193593089186,2000
2104,SSP1-2.6,glaciers,1.903432896233887,8.492874187508187,7.354956603593634,7.8175348234217275,9.24700223416537,9.760146218871666,2000
2105,SSP1-2.6,glaciers,1.9050784566898782,8.546240982639915,7.396914004934539,7.862100314227881,9.308536852962355,9.822565826073586,2000
2106,SSP1-2.6,glaciers,1.8984335092886517,8.597238680830472,7.438360614336586,7.9072078125172105,9.369016307212426,9.883921566942957,2000
2107,SSP1-2.6,glaciers,1.8936766988403748,8.648124615808477,7.4790662547116815,7.9524773696747495,9.426394763501703,9.943456442868184,2000
2108,SSP1-2.6,glaciers,1.892253728944272,8.69912570399677,7.519110222144559,7.99763173227921,9.48191565999198,10.001736132727979,2000
2109,SSP1-2.6,glaciers,1.8845879972111763,8.748803170734371,7.55991894469515,8.037658329699786,9.536670459697362,10.059584341397994,2000
2110,SSP1-2.6,glaciers,1.8805533693968455,8.797916795537695,7.596865277000942,8.078186220106192,9.590138939794524,10.117676818087666,2000
2111,SSP1-2.6,glaciers,1.8679419192709603,8.847272765407755,7.634447499699545,8.121058925298431,9.641441128506859,10.175653468029175,2000
2112,SSP1-2.6,glaciers,1.8678280274422847,8.892530115629103,7.668952208625923,8.160356824061921,9.692274983607337,10.232621071969778,2000
2113,SSP1-2.6,glaciers,1.8665663982450487,8.938598420459895,7.703339450753966,8.194779495683298,9.742272979496802,10.288973282093574,2000
2114,SSP1-2.6,glaciers,1.8607098201996317,8.985014962674304,7.737817485889524,8.233611492506046,9.791374480963437,10.344538870135723,2000
2115,SSP1-2.6,glaciers,1.8702242715997102,9.02750477183603,7.770609487051719,8.271780736948456,9.84052687707589,10.39643980658303,2000
2116,SSP1-2.6,glaciers,1.8638698412036334,9.071623866489126,7.808605543838047,8.308656566419362,9.89000269379645,10.45265591522706,2000
2117,SSP1-2.6,glaciers,1.8717668912525203,9.115458763177726,7.8465081192074635,8.347635268138598,9.937420717573238,10.506184849587289,2000
2118,SSP1-2.6,glaciers,1.8631587763140285,9.158484737242674,7.8777406339038025,8.387912449107873,9.985914084127726,10.558659476833041,2000
2119,SSP1-2.6,glaciers,1.8518260285787065,9.200859556174386,7.91221277816324,8.426428785939073,10.032101461778884,10.609855120799748,2000
2120,SSP1-2.6,glaciers,1.844110425588654,9.243477308615464,7.9459782411641315,8.462205302501397,10.077928145791894,10.661273440228173,2000
2121,SSP1-2.6,glaciers,1.840255487511054,9.28359658570056,7.979149294079257,8.495443249095972,10.121466428192168,10.71014244215016,2000
2122,SSP1-2.6,glaciers,1.8354591475563504,9.3232535474064,8.011273197622947,8.52810553007515,10.166504953361036,10.761397064805204,2000
2123,SSP1-2.6,glaciers,1.8314524485858643,9.361786565016352,8.042930087972632,8.565134780065312,10.21081339937146,10.807363495012222,2000
2124,SSP1-2.6,glaciers,1.8369638154408412,9.400688632190947,8.070757968412993,8.601874164488443,10.25366765534093,10.856059044293719,2000
2125,SSP1-2.6,glaciers,1.8428392863281482,9.438760899478023,8.099351023843113,8.63337491105074,10.297300939585057,10.904566797396182,2000
2126,SSP1-2.6,glaciers,1.8464574630892177,9.477624344209307,8.12664983024911,8.66458877949666,10.340301899478128,10.95165423858047,2000
2127,SSP1-2.6,glaciers,1.8396933500511399,9.516991025130215,8.154232707160926,8.697847395443434,10.382996321450253,10.997436259175974,2000
2128,SSP1-2.6,glaciers,1.8371544684536543,9.555974936938476,8.183616168523042,8.731441799828053,10.426592485234584,11.04425150584747,2000
2129,SSP1-2.6,glaciers,1.833574313205552,9.59237114442707,8.21268008117952,8.762251552094844,10.465843307572113,11.094210015503974,2000
2130,SSP1-2.6,glaciers,1.8325423624469261,9.62845037152546,8.241437540346464,8.791544234589718,10.506514458355568,11.142121764768559,2000
2131,SSP1-2.6,glaciers,1.8198555296918553,9.667322709657576,8.269870769594917,8.824270199196345,10.545152230727432,11.18126013693132,2000
2132,SSP1-2.6,glaciers,1.8195513895740596,9.703357499383191,8.298130632210311,8.85664405928622,10.58496097653373,11.220597093519267,2000
2133,SSP1-2.6,glaciers,1.8138360080665075,9.737999811690436,8.326962768978667,8.886807155964968,10.624069453494416,11.259011234829513,2000
2134,SSP1-2.6,glaciers,1.8148787364484629,9.769998453587633,8.35238746216329,8.914246508214568,10.661959476638986,11.302258033007178,2000
2135,SSP1-2.6,glaciers,1.8147658457820757,9.804250663623618,8.377646735394766,8.944298963587148,10.700444329664782,11.347143476451363,2000
2136,SSP1-2.6,glaciers,1.819839581972745,9.838810479678076,8.403639640151294,8.975471254741871,10.737364073481126,11.391654466085352,2000
2137,SSP1-2.6,glaciers,1.8191075511736725,9.872521848873852,8.429875100157307,9.00704522094172,10.774495115710897,11.43612797195434,2000
2138,SSP1-2.6,glaciers,1.8209666080961884,9.90621498373208,8.45601787478569,9.037764086252174,10.811898897711249,11.480228803713526,2000
2139,SSP1-2.6,glaciers,1.8124620703748862,9.940972905952137,8.4824040681116,9.064589440622514,10.84911271735634,11.524129414473961,2000
2140,SSP1-2.6,glaciers,1.8066164406376708,9.974866710302535,8.506738182316743,9.092180219270835,10.886023610307207,11.5663105630446,2000
2141,SSP1-2.6,glaciers,1.7998782960123987,10.008052515901937,8.531281650085578,9.11974603328076,10.9221302172064,11.606236629330972,2000
2142,SSP1-2.6,glaciers,1.7896419320635812,10.039719143956416,8.555298275268468,9.149260028278661,10.957591008450473,11.645409393837927,2000
2143,SSP1-2.6,glaciers,1.7863737442845755,10.068877835045601,8.578788376831097,9.178022435312396,10.992195833896153,11.683551220425397,2000
2144,SSP1-2.6,glaciers,1.784493331593181,10.096763495609856,8.602000331708993,9.202931902146538,11.026494962139292,11.72022648358463,2000
2145,SSP1-2.6,glaciers,1.786632020802354,10.125145128469082,8.624936594134846,9.227153558272292,11.060414354285228,11.756679424943068,2000
2146,SSP1-2.6,glaciers,1.787861575658679,10.155887359221795,8.648575482152388,9.250524240370137,11.093561799769768,11.792342356782727,2000
2147,SSP1-2.6,glaciers,1.783164548310713,10.184525621227618,8.673075220771318,9.274088743064137,11.123947226098096,11.827357142320354,2000
2148,SSP1-2.6,glaciers,1.7841268270669983,10.214023068821987,8.694442354327297,9.298645279276826,11.156228390609261,11.861784571533011,2000
2149,SSP1-2.6,glaciers,1.7807847528530678,10.244168505880861,8.715665333217954,9.324572869648115,11.188320979760018,11.89584341237624,2000
2150,SSP1-2.6,glaciers,1.7788464357791047,10.27427896271313,8.736863978374645,9.350910716947462,11.220301254622024,11.92940689850629,2000
2151,SSP1-2.6,glaciers,1.7709849704027887,10.302087473380372,8.760397259898669,9.376420114950506,11.251932213042341,11.96259118631613,2000
2152,SSP1-2.6,glaciers,1.7737353255207426,10.327430276659754,8.780113045145798,9.399591702095346,11.284772526969034,11.995005427659736,2000
2153,SSP1-2.6,glaciers,1.7704860870027923,10.353115749203702,8.800742508163724,9.420974179115449,11.313682666084816,12.027111356140402,2000
2154,SSP1-2.6,glaciers,1.7742531009486113,10.379786425270368,8.821983406392333,9.44139797049123,11.34329098318989,12.058051217956022,2000
2155,SSP1-2.6,glaciers,1.7690430365169842,10.406385451921249,8.843116303762926,9.462961800225065,11.373312129866747,12.091448106744306,2000
2156,SSP1-2.6,glaciers,1.7682035814368335,10.433425746360154,8.863901047268703,9.485515138594248,11.403574803811045,12.123017165577675,2000
2157,SSP1-2.6,glaciers,1.7700913880882827,10.459153071496772,8.88383498677219,9.50820573487566,11.433689095239604,12.15430979227833,2000
2158,SSP1-2.6,glaciers,1.776025418540476,10.485756412899889,8.902814738755701,9.530975100317672,11.463423575898096,12.186715802783455,2000
2159,SSP1-2.6,glaciers,1.7780330523792716,10.511699938212733,8.921884392915702,9.553820620965459,11.492075692630557,12.220630878497044,2000
2160,SSP1-2.6,glaciers,1.7849257479836478,10.536808866937731,8.94158953837609,9.576575677908789,11.520773852701224,12.256397171818685,2000
2161,SSP1-2.6,glaciers,1.7882896064373055,10.563833828099686,8.959913899300808,9.598938907642285,11.54781974950767,12.292219976554412,2000
2162,SSP1-2.6,glaciers,1.787205442138253,10.589911576915624,8.97964227265362,9.621640029482114,11.57558814975369,12.324837307040431,2000
2163,SSP1-2.6,glaciers,1.791557976184849,10.616131094163418,9.000419829441938,9.643883919326464,11.602880753193844,12.355905175630674,2000
2164,SSP1-2.6,glaciers,1.7828502766610315,10.643329737312978,9.02120995804569,9.665637785687636,11.630136425064086,12.389292099757212,2000
2165,SSP1-2.6,glaciers,1.770807067623995,10.670529356271114,9.039463111424615,9.686867559419095,11.656935642993849,12.42219315192827,2000
2166,SSP1-2.6,glaciers,1.76659686235565,10.696339721129824,9.0563945821296,9.708079321396223,11.682971576761243,12.454202242286687,2000
2167,SSP1-2.6,glaciers,1.769784182492198,10.720815617812104,9.073161572149974,9.729531433606786,11.709705481459293,12.485660934037698,2000
2168,SSP1-2.6,glaciers,1.7661928121425219,10.74522982684891,9.093322188318252,9.751387442701281,11.736643452095105,12.515075242960565,2000
2169,SSP1-2.6,glaciers,1.7735946976846575,10.769305540252905,9.111984131097053,9.771681135139053,11.762832807425545,12.54186735027731,2000
2170,SSP1-2.6,glaciers,1.7850558636330314,10.794474081059118,9.129297685709915,9.792859687163354,11.789928153243224,12.568870381383979,2000
2171,SSP1-2.6,glaciers,1.78453709495898,10.819613069393773,9.147698801995023,9.813606511514982,11.817299730499327,12.596294669115803,2000
2172,SSP1-2.6,glaciers,1.7898868268915358,10.843537942281792,9.168035844604331,9.8333636873616,11.844519338503158,12.62687215967877,2000
2173,SSP1-2.6,glaciers,1.7928400222462548,10.867521880048344,9.188299764134634,9.853800814536479,11.871823720009909,12.658802528536349,2000
2174,SSP1-2.6,glaciers,1.7961315569231113,10.892226069524119,9.20641656048109,9.874312232617717,11.900224729859405,12.690712185870346,2000
2175,SSP1-2.6,glaciers,1.7898388394602622,10.917557971347172,9.222774773329519,9.895082009475718,11.929861559247886,12.72262078881,2000
2176,SSP1-2.6,glaciers,1.7830713450753846,10.942403700886501,9.238769759574863,9.915862343896885,11.9581501704005,12.751872943081683,2000
2177,SSP1-2.6,glaciers,1.777167480877248,10.966828559159389,9.254391349728422,9.93621713914429,11.986287838914466,12.782505873576529,2000
2178,SSP1-2.6,glaciers,1.7775557154258472,10.990828744259272,9.269710419202662,9.953706897450308,12.013662996822006,12.812667596883214,2000
2179,SSP1-2.6,glaciers,1.7823480096150495,11.01535917714145,9.28540510531268,9.971810455097073,12.039349063688988,12.842491471628367,2000
2180,SSP1-2.6,glaciers,1.7864851027169935,11.037045604791182,9.302766486312525,9.988896146926727,12.066508480804877,12.868028169858341,2000
2181,SSP1-2.6,glaciers,1.787807388580865,11.058751966529352,9.320250284204795,10.008107346271991,12.090809050490773,12.894369893558006,2000
2182,SSP1-2.6,glaciers,1.7893850298463798,11.080607436534006,9.337668214042104,10.02710571841474,12.11584399438525,12.925259729027806,2000
2183,SSP1-2.6,glaciers,1.7967689850348303,11.10352742919918,9.355031115942671,10.047747233556194,12.141486062596073,12.955922729855244,2000
2184,SSP1-2.6,glaciers,1.7929139839056534,11.127078099631959,9.37125934369554,10.067000621182999,12.16670442947545,12.986789875954036,2000
2185,SSP1-2.6,glaciers,1.7879094256587844,11.149731741061586,9.386617080970982,10.085961415994975,12.191548311744306,13.014097382026817,2000
2186,SSP1-2.6,glaciers,1.78778469245074,11.172225672790614,9.403212569032862,10.105232567752692,12.215975906061667,13.040906322708638,2000
2187,SSP1-2.6,glaciers,1.7832045403187535,11.194155549321103,9.419730963681442,10.125810881539952,12.241501340903786,13.067533138768239,2000
2188,SSP1-2.6,glaciers,1.7736312222458008,11.215475726798523,9.43610410667821,10.146279240250943,12.266054240042145,13.09372135509979,2000
2189,SSP1-2.6,glaciers,1.7763447808100665,11.237923188409285,9.452059545606748,10.166301141147807,12.290001164065004,13.119193336916718,2000
2190,SSP1-2.6,glaciers,1.7750903677756291,11.259367382773593,9.466742212271038,10.186540204775673,12.313920123496029,13.144625871876844,2000
2191,SSP1-2.6,glaciers,1.7751381041868388,11.280057266786182,9.48329968476843,10.20660437102633,12.337628049263158,13.16983861705458,2000
2192,SSP1-2.6,glaciers,1.7836675212812578,11.300615589550311,9.49911433272751,10.225100328304508,12.365625405592448,13.194892934588387,2000
2193,SSP1-2.6,glaciers,1.7849798669824517,11.321142799129387,9.513697088082765,10.243747762089011,12.393236796245565,13.220173625625248,2000
2194,SSP1-2.6,glaciers,1.79007253808659,11.342093762277013,9.526535520813178,10.262997680120671,12.418559835243624,13.247518841365386,2000
2195,SSP1-2.6,glaciers,1.7861031354888972,11.363142552291858,9.540966001437292,10.281027811896392,12.443441170805873,13.275331239888372,2000
2196,SSP1-2.6,glaciers,1.7922696416327597,11.383467665167823,9.556534255252014,10.298801567105778,12.467984108752622,13.302868651094624,2000
2197,SSP1-2.6,glaciers,1.7908902319641304,11.402539037747246,9.572264424014751,10.316652767610451,12.492663272984009,13.330556999006255,2000
2198,SSP1-2.6,glaciers,1.7890220174427829,11.42184834899734,9.588968697500023,10.334334420711528,12.515906992074154,13.358014927447076,2000
2199,SSP1-2.6,glaciers,1.7822536218659841,11.441201748963163,9.60561585958633,10.351971213026113,12.537536280774445,13.385220636193337,2000
2200,SSP1-2.6,glaciers,1.7793400105758876,11.460975332350287,9.622010091652939,10.369566531560816,12.558719581896646,13.410912371814971,2000
2201,SSP1-2.6,glaciers,1.781849448842886,11.479918709020332,9.638018374976777,10.38733793823527,12.579642110016344,13.437227431527175,2000
2202,SSP1-2.6,glaciers,1.7779736896615816,11.498831503013397,9.652778702804854,10.403003024334392,12.600525738317872,13.463516433427458,2000
2203,SSP1-2.6,glaciers,1.786618796488366,11.517476776125953,9.667283845980368,10.419538590830062,12.620889175870667,13.489398650458861,2000
2204,SSP1-2.6,glaciers,1.8076970728094985,11.536613154954738,9.681946146312214,10.436377013268721,12.643042568954481,13.513358424708835,2000
2205,SSP1-2.6,glaciers,1.8104041056339075,11.555832754969302,9.697203510806876,10.453771423916486,12.667538522139946,13.537209943622113,2000
2206,SSP1-2.6,glaciers,1.815077447465759,11.575351561449512,9.712487877698177,10.471132389044168,12.69070448812067,13.560926608603651,2000
2207,SSP1-2.6,glaciers,1.810085236373333,11.596001320804021,9.728004533472312,10.48852985868757,12.713245070831734,13.584660633568076,2000
2208,SSP1-2.6,glaciers,1.8034392564785593,11.617412062080295,9.744700009292345,10.506153063762453,12.73756622134309,13.608198296066394,2000
2209,SSP1-2.6,glaciers,1.7999677571846697,11.638673354413278,9.7610634881514,10.52258382985195,12.761456521199982,13.631397758937082,2000
2210,SSP1-2.6,glaciers,1.786945928902812,11.660114706977136,9.777208793746679,10.539683994508367,12.785064381064604,13.65431538072818,2000
2211,SSP1-2.6,glaciers,1.78678119026803,11.680903634386798,9.79281850890954,10.556249005448752,12.807765411980766,13.6770332776435,2000
2212,SSP1-2.6,glaciers,1.7866525917294143,11.701718917633567,9.808330128555458,10.571241542475782,12.830212520934873,13.7004526327304,2000
2213,SSP1-2.6,glaciers,1.7898257265724629,11.721289824531954,9.820813109846377,10.586798409717675,12.852234557177239,13.725244568054235,2000
2214,SSP1-2.6,glaciers,1.7904924122509598,11.73862774961777,9.833273556485231,10.60262074507662,12.874104075371797,13.750059068095968,2000
2215,SSP1-2.6,glaciers,1.7939330047043696,11.757537315658777,9.845676068094656,10.617959403780139,12.894357254748483,13.774755180119854,2000
2216,SSP1-2.6,glaciers,1.7926950127336962,11.77646135032925,9.858110535925377,10.633969078455479,12.917551583713085,13.799413966927288,2000
2217,SSP1-2.6,glaciers,1.7898173192234428,11.7940805671883,9.870427001039467,10.649361283523646,12.940571697918308,13.823869909920855,2000
2218,SSP1-2.6,glaciers,1.7834811901056176,11.811688914332318,9.884325801393851,10.663736691009765,12.96301091793227,13.848042290255126,2000
2219,SSP1-2.6,glaciers,1.7862150269113795,11.83176820874213,9.899771322145014,10.677192866791387,12.983665213499627,13.871761717711475,2000
2220,SSP1-2.6,glaciers,1.786985996022781,11.851034760571437,9.91344035848974,10.690646800283199,13.0039327078859,13.895486113010936,2000
2221,SSP1-2.6,glaciers,1.7808235274151358,11.867902539835958,9.925711013218342,10.70428502897476,13.023238951072333,13.919117460807836,2000
2222,SSP1-2.6,glaciers,1.7843238439966718,11.884952571464114,9.937730275459666,10.717824089443337,13.04184638931099,13.942313685387294,2000
2223,SSP1-2.6,glaciers,1.7855601109810113,11.901622614093956,9.949770381410955,10.731402756308842,13.061452409237916,13.964290009917695,2000
2224,SSP1-2.6,glaciers,1.7861141310371054,11.918888574518451,9.961768106276864,10.744941636904226,13.08075377407253,13.985976937910891,2000
2225,SSP1-2.6,glaciers,1.7805733011101121,11.935894307061819,9.973704863126452,10.758638634065566,13.09921889239908,14.00756693004135,2000
2226,SSP1-2.6,glaciers,1.7821149981201945,11.952346111218453,9.985636188966197,10.772225900757313,13.117261728790579,14.028792156064412,2000
2227,SSP1-2.6,glaciers,1.7889679397605007,11.970127244688339,9.999212642674927,10.786012100852286,13.135928566971748,14.04996755273696,2000
2228,SSP1-2.6,glaciers,1.7878425371833997,11.988379235886061,10.01292685602153,10.800979445712459,13.154400556251876,14.071326542794761,2000
2229,SSP1-2.6,glaciers,1.7919086903566461,12.004626796945466,10.026530054643452,10.81582376255423,13.17204508947505,14.092517376611172,2000
2230,SSP1-2.6,glaciers,1.7937452347263487,12.019678384698125,10.040173048432038,10.829629981227963,13.191245616957547,14.113768924669158,2000
2231,SSP1-2.6,glaciers,1.7943867093527042,12.0357869664351,10.053791154570314,10.84266194221304,13.209919349696772,14.134982904140537,2000
2232,SSP1-2.6,glaciers,1.788864590972943,12.051659486412845,10.067350091149196,10.855670465772153,13.228506070949539,14.156107182106943,2000
2233,SSP1-2.6,glaciers,1.7843701080276038,12.068744577605267,10.080674076528648,10.868812253724919,13.246772377796967,14.17687480933653,2000
2234,SSP1-2.6,glaciers,1.7868849658449923,12.084339364730981,10.09382967419224,10.883214330446865,13.26476206010656,14.19733560446941,2000
2235,SSP1-2.6,glaciers,1.7903651462360186,12.100667164916128,10.106998294094106,10.8981054623934,13.284096097262147,14.217792968540266,2000
2236,SSP1-2.6,glaciers,1.7913986651772016,12.116472598445629,10.120191512579586,10.913028179617033,13.303461445133212,14.238288166424915,2000
2237,SSP1-2.6,glaciers,1.795018008345624,12.13191055835302,10.133340266960886,10.927908261994036,13.32275792261887,14.258716071674058,2000
2238,SSP1-2.6,glaciers,1.789577965830955,12.149401354893977,10.146478589094002,10.942824020158005,13.342083617705635,14.279187667186973,2000
2239,SSP1-2.6,glaciers,1.8032955315829549,12.164593547218395,10.156828412944126,10.957516763347714,13.361097260512246,14.299316504860917,2000
2240,SSP1-2.6,glaciers,1.8029387263343433,12.180314856739324,10.167464010573978,10.973204079507763,13.380521779787198,14.319921360702796,2000
2241,SSP1-2.6,glaciers,1.8086083260689714,12.1972538234812,10.180226689806297,10.988804607719603,13.399823937652071,14.340398055278794,2000
2242,SSP1-2.6,glaciers,1.8107483032923184,12.21243382055273,10.192359358401852,11.003962844620581,13.419232124412648,14.361538202319679,2000
2243,SSP1-2.6,glaciers,1.8048343979863242,12.229568982754316,10.203508476649937,11.018152655632905,13.438426982205415,14.385070680387907,2000
2244,SSP1-2.6,glaciers,1.8022214985034728,12.244881828780589,10.214459079142364,11.032088304601492,13.457265904241165,14.408168598724526,2000
2245,SSP1-2.6,glaciers,1.7974081413282272,12.26030565949396,10.225311923622591,11.04586774264969,13.475900116202146,14.431000579906605,2000
2246,SSP1-2.6,glaciers,1.7981799844949546,12.275418149591605,10.235954470761849,11.059430791964836,13.49477874048666,14.453503751580165,2000
2247,SSP1-2.6,glaciers,1.7981819151979928,12.290184266915773,10.246561118445063,11.073397758143134,13.513024245335949,14.475929958532095,2000
2248,SSP1-2.6,glaciers,1.7979067683469578,12.305518951840888,10.257631307662283,11.08604778776574,13.53096126400277,14.498245594570717,2000
2249,SSP1-2.6,glaciers,1.804877122128305,12.321175443433525,10.269299067583637,11.098545930875344,13.546953949295725,14.520439291028886,2000
2250,SSP1-2.6,glaciers,1.8144590152605313,12.336773032721132,10.281117885995355,11.111372110925656,13.563005850238657,14.542831823945491,2000
2251,SSP1-2.6,glaciers,1.8150024689180146,12.352653783031982,10.293158409018694,11.123825224887582,13.581177752766468,14.565539207841443,2000
2252,SSP1-2.6,glaciers,1.8181228807024847,12.36779746991095,10.305147482372307,11.1358851035761,13.599282116936347,14.588157438181142,2000
2253,SSP1-2.6,glaciers,1.8186067312908611,12.382592749373144,10.317163156954974,11.147960963520264,13.616997934148916,14.610801695881895,2000
2254,SSP1-2.6,glaciers,1.8085971840379556,12.397223010777404,10.329125837216212,11.160004155037061,13.635065631669562,14.63184934058324,2000
2255,SSP1-2.6,glaciers,1.8107406652940954,12.411421767222132,10.340026440639623,11.173550117379206,13.652725557762697,14.651160223945375,2000
2256,SSP1-2.6,glaciers,1.8061416298809037,12.426213733629623,10.351569945097374,11.187642717677939,13.6694438939407,14.670437706583742,2000
2257,SSP1-2.6,glaciers,1.8033478120249682,12.441274265678516,10.362922528696899,11.199800058855873,13.686108703707353,14.68945473097612,2000
2258,SSP1-2.6,glaciers,1.8019775849194732,12.45644936313681,10.374137498980161,11.211653004483276,13.70408012479098,14.708275079082886,2000
2259,SSP1-2.6,glaciers,1.797191547761437,12.472026495551104,10.385256138404156,11.224651596813873,13.7229619870162,14.726948277927534,2000
2260,SSP1-2.6,glaciers,1.7943581277002514,12.487342938352237,10.39618530547804,11.237709608156747,13.740294817442885,14.745363246589116,2000
2261,SSP1-2.6,glaciers,1.800208165903617,12.502475804842538,10.406981191120412,11.249588194747805,13.756297748570226,14.764351029017982,2000
2262,SSP1-2.6,glaciers,1.79384019975978,12.516829019145668,10.417882339196094,11.261275639924417,13.773661158979115,14.785209143298873,2000
2263,SSP1-2.6,glaciers,1.7973389626309617,12.531554243778238,10.428554570899932,11.272867683747181,13.790696482964893,14.80571528411153,2000
2264,SSP1-2.6,glaciers,1.7977861580130086,12.546551345208066,10.439268019365722,11.284660295795195,13.807707569786256,14.826263408505744,2000
2265,SSP1-2.6,glaciers,1.7985495784249659,12.560422431319854,10.449939688948495,11.29649212640648,13.82508028751174,14.846674380296747,2000
2266,SSP1-2.6,glaciers,1.8018100087076057,12.573638435105835,10.460583943067277,11.307115644431894,13.84207038708703,14.867005851568647,2000
2267,SSP1-2.6,glaciers,1.7993491803735144,12.586898948558176,10.471298229953875,11.317390634052389,13.858876559685855,14.88737018689739,2000
2268,SSP1-2.6,glaciers,1.796589724207627,12.60060322684284,10.481892858142354,11.330209921583005,13.874200072385403,14.907541811648345,2000
2269,SSP1-2.6,glaciers,1.7977499359724252,12.614420934784398,10.492361370742868,11.343297102343389,13.888927641744223,14.927511129717377,2000
2270,SSP1-2.6,glaciers,1.7961957957384704,12.628877752468995,10.502646639581567,11.354804472513827,13.903129147420966,14.947425942850229,2000
2271,SSP1-2.6,glaciers,1.791913686648526,12.642189384884219,10.511317307360235,11.366234741112642,13.918859022926663,14.96711365648861,2000
2272,SSP1-2.6,glaciers,1.7887990633109918,12.655190568880402,10.519827205184273,11.377413296234716,13.935908595812442,14.986547612623376,2000
2273,SSP1-2.6,glaciers,1.793457550008949,12.668061205197318,10.528210251649512,11.388760143526689,13.951920420358924,15.005774821792247,2000
2274,SSP1-2.6,glaciers,1.7965359143272064,12.681063634322747,10.53667606853031,11.400426115741283,13.967050786985725,15.026395913061865,2000
2275,SSP1-2.6,glaciers,1.7967544196999405,12.693983230580788,10.545181951840695,11.412119066276205,13.980675281476678,15.045126354662255,2000
2276,SSP1-2.6,glaciers,1.7955430913712196,12.706266867397698,10.553650583241247,11.422519489018798,13.996578660108128,15.064030646222054,2000
2277,SSP1-2.6,glaciers,1.7960394398262745,12.717949725486308,10.562107386149332,11.432765201529916,14.011853465857595,15.083379211444331,2000
2278,SSP1-2.6,glaciers,1.7913174196442114,12.730141185106156,10.570567886257724,11.44320990354022,14.027459258038357,15.102519693019834,2000
2279,SSP1-2.6,glaciers,1.7903351670228975,12.743140183255484,10.578932936646673,11.452823401436598,14.042443295318535,15.121257682180868,2000
2280,SSP1-2.6,glaciers,1.7885383267461101,12.756046684846224,10.589969139053764,11.462572606843446,14.057323973351826,15.136962217276803,2000
2281,SSP1-2.6,glaciers,1.7841382179253924,12.768342221227316,10.600907007505356,11.472240761077742,14.072077195914925,15.1514522933916,2000
2282,SSP1-2.6,glaciers,1.7848011477552033,12.780337073880805,10.611704620404732,11.481751547068265,14.087244623439606,15.165720973401767,2000
2283,SSP1-2.6,glaciers,1.7819587530982903,12.791574642651263,10.622522938251969,11.491423744462194,14.104580219820981,15.179938692068411,2000
2284,SSP1-2.6,glaciers,1.7852573475228257,12.803632689019917,10.633217579488983,11.501914113833944,14.121627943261899,15.19467243572858,2000
2285,SSP1-2.6,glaciers,1.7929197371454555,12.815670600765927,10.643954344698832,11.512692071175094,14.13579847686267,15.213296802534602,2000
2286,SSP1-2.6,glaciers,1.7972431095861325,12.827092565205547,10.654851552267854,11.523869828466726,14.148071813690713,15.231904782919166,2000
2287,SSP1-2.6,glaciers,1.7944532182764277,12.83858118307659,10.665818754916906,11.535108019769682,14.16041610891375,15.24575304723061,2000
2288,SSP1-2.6,glaciers,1.7911122416233418,12.851564859282005,10.676661612598743,11.546449459157856,14.172608758714524,15.260072453932567,2000
2289,SSP1-2.6,glaciers,1.788843450904485,12.864430209787065,10.687366817321635,11.557080097626574,14.185323907774267,15.277252196765193,2000
2290,SSP1-2.6,glaciers,1.7931513548520999,12.877163241495298,10.696414643474396,11.567633972026352,14.199894273158263,15.294276276742632,2000
2291,SSP1-2.6,glaciers,1.7920688109441782,12.889924904635675,10.70499638049005,11.578302205649063,14.213841891945862,15.310801427289096,2000
2292,SSP1-2.6,glaciers,1.7922262812126262,12.901479612000488,10.713510272932222,11.58838232718678,14.227203062220624,15.326081374548284,2000
2293,SSP1-2.6,glaciers,1.787479920510822,12.912982429119822,10.72198602883742,11.598308166591368,14.241273004608527,15.34129245944105,2000
2294,SSP1-2.6,glaciers,1.7865715851690998,12.924294388038826,10.730309813124189,11.608074688506107,14.254693916889117,15.356276648439595,2000
2295,SSP1-2.6,glaciers,1.792297705170939,12.935783592819742,10.738572335685264,11.618469643280667,14.268009306283673,15.37115999045232,2000
2296,SSP1-2.6,glaciers,1.7922815332828843,12.947414850406792,10.746927385846755,11.630068976958261,14.281426213713003,15.386156233436909,2000
2297,SSP1-2.6,glaciers,1.8044910201024014,12.959421434180133,10.755241494063712,11.641124823772167,14.294778150176965,15.40108004659591,2000
2298,SSP1-2.6,glaciers,1.8021318394235173,12.971754130196148,10.7638000295277,11.651726101023977,14.30939282817765,15.416326731956994,2000
2299,SSP1-2.6,glaciers,1.8090851408976707,12.983960245801308,10.772261013341977,11.662219276221794,14.322544254158364,15.431422885960163,2000
2300,SSP1-2.6,glaciers,1.8146865576619162,12.996311724733802,10.780843576369618,11.672834491843707,14.337084097504437,15.4466713972413,2000
1990,SSP1-2.6,gis,0.5557397132233756,-0.5582258229412878,-0.6059002036082121,-0.5857582090708406,-0.5290007019121585,-0.5043167251318854,2000
1991,SSP1-2.6,gis,0.5885637306361448,-0.5451937700553016,-0.5885939028480298,-0.5703132098136254,-0.5178260648776806,-0.49382978086689805,2000
1992,SSP1-2.6,gis,0.5090689778394178,-0.5128358278208998,-0.5530611118953628,-0.5357620344835334,-0.48733565963613706,-0.46491368720865556,2000
1993,SSP1-2.6,gis,0.3084522979487564,-0.5077339509467742,-0.5441020564475939,-0.5291020273915732,-0.48244254143347315,-0.4616165432988942,2000
1994,SSP1-2.6,gis,0.332676813580452,-0.5047435780850065,-0.5399526499500272,-0.5256132242172383,-0.47916624451314155,-0.45921434424364765,2000
1995,SSP1-2.6,gis,0.4547856293863089,-0.48714005213511014,-0.5220331033139182,-0.5085705794157984,-0.4625129983161006,-0.44292486636087036,2000
1996,SSP1-2.6,gis,0.5463394857269461,-0.46531980714902543,-0.4998049235162609,-0.48667922544147546,-0.4407258517634124,-0.422151244003747,2000
1997,SSP1-2.6,gis,0.600043540445978,-0.41738178173090246,-0.4491796188852164,-0.43712252529815065,-0.395260367351716,-0.37844961026442425,2000
1998,SSP1-2.6,gis,0.6466075693928761,-0.3822922715348889,-0.4133225340931995,-0.40121881375618024,-0.36130074501267556,-0.3460757695522032,2000
1999,SSP1-2.6,gis,0.686007840655961,-0.3396951102891843,-0.3685349463145161,-0.35714153474258437,-0.3203440261346485,-0.3060816107842852,2000
2000,SSP1-2.6,gis,0.7295563669080296,-0.3093615246213681,-0.3389717792031686,-0.32662142787756077,-0.2901588759166358,-0.2757611709131018,2000
2001,SSP1-2.6,gis,0.7655239205849365,-0.25996800774150053,-0.2875425650536648,-0.27591135519538607,-0.24322597612295893,-0.2298421886731668,2000
2002,SSP1-2.6,gis,0.7999498588212678,-0.20408016815823915,-0.2282656831896462,-0.2180062683023804,-0.19012273450079104,-0.17934450452190998,2000
2003,SSP1-2.6,gis,0.8301407393993533,-0.15471855067251372,-0.1769252210327143,-0.167290263755174,-0.1418548745387535,-0.13270454218811095,2000
2004,SSP1-2.6,gis,0.8359312010698448,-0.05886590072146802,-0.06773246986264132,-0.06401558872939699,-0.0533841085393461,-0.04946355694266926,2000
2005,SSP1-2.6,gis,0.843916603443868,0.006191821848918089,0.001603199226520502,0.0032591528178823113,0.008585154738343901,0.010270547283214969,2000
2006,SSP1-2.6,gis,0.8516506513236204,0.08760334235203793,0.08028607879075439,0.08346855178033533,0.09179501632632488,0.09452264320767435,2000
2007,SSP1-2.6,gis,0.8597675192449368,0.14438792145528012,0.13154980092667867,0.1370445649588922,0.15131117806420055,0.15531175021395632,2000
2008,SSP1-2.6,gis,0.8671015531069908,0.2071447619125517,0.18806637666673803,0.19621750682913666,0.21734734926781496,0.223848038667583,2000
2009,SSP1-2.6,gis,0.8915919796329949,0.2518557423351466,0.22841452380468907,0.23823467318469102,0.2637989689985502,0.2711704292180201,2000
2010,SSP1-2.6,gis,0.91224213325433,0.30436536651955093,0.2755279007116227,0.28768234893596795,0.3188865686828093,0.32788433228671676,2000
2011,SSP1-2.6,gis,0.9463726707864436,0.4422738627405831,0.394137899963913,0.41487181286599,0.4678692617571181,0.48621710758332015,2000
2012,SSP1-2.6,gis,0.9634454159642772,0.48135708446242065,0.4314664778671053,0.4522467105654413,0.5074433105121675,0.52571968357178,2000
2013,SSP1-2.6,gis,1.0010392042679888,0.5494176398174786,0.4921272321195327,0.5156777220883614,0.5793609192678151,0.6000042924995341,2000
2014,SSP1-2.6,gis,1.034758969518629,0.6044421509723392,0.5414548948462776,0.5670141655775709,0.6374028530391711,0.6590604115824769,2000
2015,SSP1-2.6,gis,1.0655474016558886,0.66949583249585,0.5992626169092616,0.6275577309320178,0.7064269714822129,0.729851649424598,2000
2016,SSP1-2.6,gis,1.0982433117141364,0.6868474878987887,0.6151944913541995,0.6454695762672701,0.7231669301372791,0.7464806357901955,2000
2017,SSP1-2.6,gis,1.1215083354395925,0.7756206733654434,0.6929415150549288,0.7268409445264645,0.8178157070234351,0.8450256768113695,2000
2018,SSP1-2.6,gis,1.1514531927883527,0.8261110820939543,0.7383197200938278,0.7741594977984512,0.8707291720526288,0.9001397768835078,2000
2019,SSP1-2.6,gis,1.172690213058829,0.8651488299731009,0.7720061490347507,0.8107633266027433,0.9118266338198623,0.9418892115907522,2000
2020,SSP1-2.6,gis,1.183004264307409,0.9427905134845909,0.8400207646466309,0.8835258916259859,0.9947714052551191,1.0284745815232688,2000
2021,SSP1-2.6,gis,1.2100067371777328,0.9967304587194676,0.886787829877584,0.9326681102232706,1.0516743987633481,1.0866885155271881,2000
2022,SSP1-2.6,gis,1.2401553910866456,1.0749500842680395,0.9547350785074364,1.0053956121806762,1.1351383513848228,1.1736890363145436,2000
2023,SSP1-2.6,gis,1.2795255652495054,1.1212413030892874,0.9967235491687118,1.0482318361882081,1.183833151583589,1.2233616865420034,2000
2024,SSP1-2.6,gis,1.3120856196879593,1.1704336305099394,1.0384539793030254,1.093355725979169,1.2353283060962446,1.2777002666468529,2000
2025,SSP1-2.6,gis,1.3450532697084467,1.2113007103868356,1.0739610108633721,1.1314799761216736,1.2783219172722005,1.3219657028657454,2000
2026,SSP1-2.6,gis,1.3757659511567653,1.2734755454921851,1.1278386932884028,1.1880643656767158,1.3440973929063553,1.3909539404550015,2000
2027,SSP1-2.6,gis,1.400059949863873,1.3369296418400687,1.1827394296447267,1.246900039292945,1.411357586140554,1.461181569885133,2000
2028,SSP1-2.6,gis,1.4175823530737954,1.401491779300076,1.23770398616931,1.3054179438428881,1.480439238604446,1.5336007233152427,2000
2029,SSP1-2.6,gis,1.4347237788428864,1.4664446911099516,1.2944914036767274,1.3650488158918985,1.5499117315155304,1.605756950928334,2000
2030,SSP1-2.6,gis,1.4578128091905669,1.5311956575077503,1.3514984279688844,1.4259222734866215,1.6203440947487238,1.6787828508757974,2000
2031,SSP1-2.6,gis,1.475920925382979,1.597096931937322,1.4080345343277876,1.4872368567325,1.691315595038577,1.7536958330585175,2000
2032,SSP1-2.6,gis,1.5035590631054043,1.6639986567142726,1.4649187773669605,1.5490320094327081,1.7637781745009236,1.8278132193856866,2000
2033,SSP1-2.6,gis,1.5207037061559632,1.7319453625604773,1.5230007113519783,1.6128393609653577,1.8359802242819785,1.903284219210813,2000
2034,SSP1-2.6,gis,1.5443794295508118,1.8002333280644356,1.5802388704301416,1.6765946540961003,1.9089236725915886,1.9801425107700787,2000
2035,SSP1-2.6,gis,1.5694008625927183,1.869736950874655,1.6394632174133439,1.7392302796994787,1.9832856264078291,2.0593768967961705,2000
2036,SSP1-2.6,gis,1.6001447457060347,1.9407317973245646,1.700385736377967,1.801917910785651,2.0586000818583723,2.1382342502713714,2000
2037,SSP1-2.6,gis,1.6228275484992332,2.0113096487793154,1.7610211679868526,1.8663257089933847,2.1367793047385213,2.2212738147603335,2000
2038,SSP1-2.6,gis,1.638756606214989,2.0825351524356788,1.8213402455671468,1.9302184627185877,2.2155990330153164,2.3024058805172896,2000
2039,SSP1-2.6,gis,1.665056147183829,2.155371400045663,1.8817386536578775,1.9954342952652824,2.293616985108618,2.386343311242382,2000
2040,SSP1-2.6,gis,1.680002027001819,2.2278018734107214,1.9438440044467418,2.061551554578993,2.373761348521369,2.471126171754449,2000
2041,SSP1-2.6,gis,1.6834285647818141,2.3000949525969343,2.0058360639425676,2.1279652084753,2.453806655377343,2.5552125995942654,2000
2042,SSP1-2.6,gis,1.704109570537229,2.372996990060684,2.0660527853932913,2.1939456037347123,2.533049118524106,2.639601872013423,2000
2043,SSP1-2.6,gis,1.714663980468551,2.447167527249134,2.128155805252183,2.260342548822233,2.6129406346877233,2.7246094344168275,2000
2044,SSP1-2.6,gis,1.7260350563196727,2.520135172540315,2.190119140732107,2.3270812602429043,2.69329382128997,2.808738128603989,2000
2045,SSP1-2.6,gis,1.7459958257047152,2.592711464004073,2.250924610028798,2.3918262450349057,2.774031287432836,2.8944517960199856,2000
2046,SSP1-2.6,gis,1.762760719311069,2.6671294414602293,2.3110478106907753,2.4599909127013144,2.85675062817111,2.9804545277202497,2000
2047,SSP1-2.6,gis,1.7826873664759635,2.7416037664849777,2.370568425739189,2.526476655048779,2.937866462251832,3.0689681831785043,2000
2048,SSP1-2.6,gis,1.7943045116741423,2.8171110937480432,2.4314844497146364,2.593331205300867,3.0197340028824526,3.158241280036311,2000
2049,SSP1-2.6,gis,1.8137621029829256,2.892315253356781,2.493199289749075,2.659792522878319,3.10279971652787,3.2477960297292503,2000
2050,SSP1-2.6,gis,1.8262150982576644,2.9685896997438883,2.555687052276293,2.726972801418416,3.1858749337946657,3.3365150147316553,2000
2051,SSP1-2.6,gis,1.8308350187033013,3.0436277047834683,2.6165854962128123,2.7938104504413634,3.2687007577337277,3.4276022162755715,2000
2052,SSP1-2.6,gis,1.839260518267929,3.1199482770703533,2.6736776201239834,2.8610743962902268,3.351271778795971,3.518340817085549,2000
2053,SSP1-2.6,gis,1.8419008709450382,3.195699470868129,2.733279000471477,2.9296293018862376,3.435581247493012,3.6091418348077653,2000
2054,SSP1-2.6,gis,1.8495654187516568,3.2711525788062747,2.7948396951869325,2.997065732456236,3.5200947204551696,3.698972295914162,2000
2055,SSP1-2.6,gis,1.8519517245166544,3.3461688750240315,2.853670577154022,3.0624857965818393,3.6036757107759176,3.787865613687962,2000
2056,SSP1-2.6,gis,1.8650721303408586,3.420890589857269,2.9120279848317585,3.128626661763833,3.686400779115164,3.8771797081921355,2000
2057,SSP1-2.6,gis,1.878411111649326,3.4963746144298815,2.972970429268703,3.1960699758765996,3.7686438467867998,3.966439453079565,2000
2058,SSP1-2.6,gis,1.8934387511902997,3.572995873813296,3.0318138839125583,3.263174214502893,3.8522982075407737,4.056392387686914,2000
2059,SSP1-2.6,gis,1.9036280513318873,3.647144748719743,3.090813137062119,3.3294037141860873,3.936076404315776,4.146063852874497,2000
2060,SSP1-2.6,gis,1.9120348699423153,3.721104966652639,3.14969960684635,3.398527689982814,4.021293335863797,4.234727574552918,2000
2061,SSP1-2.6,gis,1.9157720858784457,3.7947871738862076,3.2091506059750183,3.4643030654532505,4.106679114545441,4.326825228622309,2000
2062,SSP1-2.6,gis,1.9252995872840941,3.8699693858808986,3.267315872199703,3.53020004443832,4.193555175696048,4.418298445806807,2000
2063,SSP1-2.6,gis,1.9227545106403505,3.9435287452916157,3.3268784009885515,3.596932047390079,4.2779006304740275,4.508114360753957,2000
2064,SSP1-2.6,gis,1.929979720056169,4.018629768232133,3.386667478877439,3.6634269279424285,4.360673943215957,4.59640216087957,2000
2065,SSP1-2.6,gis,1.9279017310614255,4.092767140536317,3.446619008977118,3.728678680577732,4.443995835563075,4.685716015699245,2000
2066,SSP1-2.6,gis,1.9250740149608094,4.166055047088609,3.504936278079021,3.7929143926482642,4.525911623303158,4.77459935863136,2000
2067,SSP1-2.6,gis,1.9307580359371808,4.238417448992765,3.5608809025507573,3.857669287928095,4.6077235009487705,4.863309258166036,2000
2068,SSP1-2.6,gis,1.9303005835819673,4.312192754278182,3.6167468467469113,3.9202965796370584,4.6891444035469245,4.950321899243319,2000
2069,SSP1-2.6,gis,1.9315130943430172,4.384583779347772,3.6705672793533046,3.983623284453922,4.769687827072949,5.03649373000651,2000
2070,SSP1-2.6,gis,1.941998544440816,4.457242269593431,3.7246813300573502,4.049080577829533,4.850194968779995,5.123184714406486,2000
2071,SSP1-2.6,gis,1.9488800722775106,4.5264924339284285,3.7787665100573884,4.112173932215829,4.930332047836973,5.213497398439986,2000
2072,SSP1-2.6,gis,1.9600550100485683,4.597592234283592,3.832659391588643,4.173220873803302,5.012323335543385,5.299093198460814,2000
2073,SSP1-2.6,gis,1.9549334001318275,4.670385205070595,3.887108886265491,4.2353633657439,5.092403284064764,5.387456526006807,2000
2074,SSP1-2.6,gis,1.9609657708872554,4.742303563289304,3.9412896849966255,4.29717403479141,5.173422549498288,5.47604180464816,2000
2075,SSP1-2.6,gis,1.968212494580389,4.812390585206699,3.9953403373974723,4.357361871261428,5.252560408417752,5.561248494898329,2000
2076,SSP1-2.6,gis,1.960330564727248,4.8838276652822845,4.050670761298797,4.418361139392422,5.332734143276626,5.64766995814654,2000
2077,SSP1-2.6,gis,1.955954255771158,4.953931395506641,4.1048063265115,4.479939518432629,5.412254904744286,5.734656084301508,2000
2078,SSP1-2.6,gis,1.9521852919753506,5.021375234617709,4.156035383578583,4.53817074972268,5.490980213648254,5.8189531563823405,2000
2079,SSP1-2.6,gis,1.9510280861016316,5.08904964599512,4.206499981762134,4.59669499725818,5.5685150322413035,5.902352926438255,2000
2080,SSP1-2.6,gis,1.94830410642478,5.155612490491058,4.256352976015649,4.656100567388239,5.644433895237615,5.983312358027692,2000
2081,SSP1-2.6,gis,1.9565166945721395,5.221542839281387,4.308283221720666,4.711802791345604,5.7192518321165275,6.062814384519343,2000
2082,SSP1-2.6,gis,1.9608847127432856,5.288210514729261,4.361214139661483,4.769673733317156,5.795986546344972,6.148720666269128,2000
2083,SSP1-2.6,gis,1.9703278175020005,5.353501142986195,4.4090841488648875,4.828567866172246,5.870563973820163,6.231478506984504,2000
2084,SSP1-2.6,gis,1.9704917871545213,5.420379121719423,4.460316953828233,4.884575043755364,5.94700584844561,6.313710590058993,2000
2085,SSP1-2.6,gis,1.962081047311514,5.484004503933331,4.5115148733457255,4.941236667586264,6.022165867834545,6.395338480971374,2000
2086,SSP1-2.6,gis,1.9566852476790242,5.548745905145227,4.559473724406773,5.000360422349209,6.098147901199587,6.47625587182874,2000
2087,SSP1-2.6,gis,1.9486594231626369,5.612378930485139,4.606457241442624,5.055086111979477,6.173004055833519,6.55499205963903,2000
2088,SSP1-2.6,gis,1.936368050306355,5.674770879794336,4.652485614189453,5.107880036435768,6.2451478823256,6.634534023642035,2000
2089,SSP1-2.6,gis,1.9278308259259676,5.7367832924774325,4.6988875167553275,5.160178405944445,6.315546074048411,6.714507959114888,2000
2090,SSP1-2.6,gis,1.9265564288102708,5.797058585675402,4.744740821818879,5.213302179394285,6.3832621915177015,6.7924517223833165,2000
2091,SSP1-2.6,gis,1.919259589944645,5.856705769084268,4.792452400329912,5.265393524793876,6.4542891568611225,6.86759252945013,2000
2092,SSP1-2.6,gis,1.9259263600021215,5.914440942735865,4.838220870268725,5.315908105659049,6.517928809847167,6.939942311886552,2000
2093,SSP1-2.6,gis,1.9273236410045735,5.971939533774579,4.884204122935675,5.368311753426294,6.585350993028391,7.014605682599688,2000
2094,SSP1-2.6,gis,1.9277320498818777,6.028760079333532,4.925813441706054,5.418207238835698,6.656794918455644,7.0900698657952805,2000
2095,SSP1-2.6,gis,1.929088206290513,6.0872335016578525,4.967061621342362,5.46774956890855,6.725941872880711,7.163842141774601,2000
2096,SSP1-2.6,gis,1.9337487555419648,6.145241149001154,5.006116863504033,5.5173578064171815,6.793758819907964,7.238284422516072,2000
2097,SSP1-2.6,gis,1.9250482758784415,6.203730809230751,5.046441714176564,5.56635351043259,6.860650996645995,7.312708554832649,2000
2098,SSP1-2.6,gis,1.9113268012346174,6.25943559095581,5.086805741996409,5.614425684924643,6.92659330820419,7.3860031271044155,2000
2099,SSP1-2.6,gis,1.9069636107059724,6.316075204788941,5.127772189852231,5.662893584067167,6.991220942683288,7.457766891631538,2000
2100,SSP1-2.6,gis,1.9004970717491718,6.370884599704908,5.166233961100069,5.7106419207190084,7.053074067807984,7.528672316017646,2000
2101,SSP1-2.6,gis,1.903861305509231,6.4254803338352815,5.2055034062735945,5.757947404677233,7.116115567603297,7.595875764015728,2000
2102,SSP1-2.6,gis,1.9038722991133727,6.4772370788697105,5.24477984139426,5.80393309860172,7.179519946620349,7.661971543203548,2000
2103,SSP1-2.6,gis,1.9057695630459284,6.532080060847534,5.283873940520366,5.8463872785757145,7.24193763648295,7.72770632942491,2000
2104,SSP1-2.6,gis,1.903432896233887,6.584275581945485,5.322758843921851,5.889422548526397,7.30394682233504,7.795092301851624,2000
2105,SSP1-2.6,gis,1.9050784566898782,6.637417974074455,5.361216995325545,5.933705791726805,7.365498792505977,7.862369408499761,2000
2106,SSP1-2.6,gis,1.8984335092886517,6.690519295886265,5.401207765265545,5.980808168065514,7.428199969724941,7.93142880013784,2000
2107,SSP1-2.6,gis,1.8936766988403748,6.74293604877453,5.4417957106962564,6.026207708001976,7.4864221001177205,7.995494606575608,2000
2108,SSP1-2.6,gis,1.892253728944272,6.7934902178639565,5.479887879966715,6.070169992193946,7.549221239603511,8.06375773450694,2000
2109,SSP1-2.6,gis,1.8845879972111763,6.843448399713889,5.5138704474030815,6.111864126776672,7.606346203522956,8.132834162321828,2000
2110,SSP1-2.6,gis,1.8805533693968455,6.891344640406979,5.547447649061778,6.150603980249338,7.668186811129887,8.201076459914782,2000
2111,SSP1-2.6,gis,1.8679419192709603,6.9384911186440075,5.584062738126757,6.191484661844865,7.728467486330265,8.265399360948992,2000
2112,SSP1-2.6,gis,1.8678280274422847,6.986621792159491,5.616773063377688,6.230377689575094,7.785723150439533,8.327423926534209,2000
2113,SSP1-2.6,gis,1.8665663982450487,7.033901618300551,5.650903730902041,6.270782457439724,7.845979474942992,8.389679973615356,2000
2114,SSP1-2.6,gis,1.8607098201996317,7.082287814751936,5.684239858719145,6.3090212123625165,7.906139068789412,8.453598608476494,2000
2115,SSP1-2.6,gis,1.8702242715997102,7.128676373708238,5.718696945038143,6.344705227076444,7.961776597664074,8.516793378813045,2000
2116,SSP1-2.6,gis,1.8638698412036334,7.176923238174509,5.752498403064805,6.382016402845948,8.019295107415541,8.580284168551257,2000
2117,SSP1-2.6,gis,1.8717668912525203,7.223601172541852,5.783672593616642,6.420243351101531,8.081718029491546,8.643126617989687,2000
2118,SSP1-2.6,gis,1.8631587763140285,7.271995734663168,5.816625609755631,6.458398878897553,8.137071663818187,8.706048081235096,2000
2119,SSP1-2.6,gis,1.8518260285787065,7.31942208873007,5.849923415490835,6.4968444205426685,8.18637059077779,8.768247494927188,2000
2120,SSP1-2.6,gis,1.844110425588654,7.365254032099667,5.8823368781946535,6.532851118578254,8.238982426146386,8.82924910066773,2000
2121,SSP1-2.6,gis,1.840255487511054,7.40927904712446,5.9142099394436904,6.5697855056703,8.2952074920112,8.889644332400751,2000
2122,SSP1-2.6,gis,1.8354591475563504,7.457112253881137,5.940945693050816,6.606496902581016,8.347674105514681,8.948234897216677,2000
2123,SSP1-2.6,gis,1.8314524485858643,7.501768312245958,5.971212757154188,6.639201920884831,8.39877173108472,9.00625504355993,2000
2124,SSP1-2.6,gis,1.8369638154408412,7.543426608439777,6.0021894154754385,6.675552177399785,8.449435160174287,9.064606481689784,2000
2125,SSP1-2.6,gis,1.8428392863281482,7.586677695115623,6.033233314969828,6.710154561589693,8.502281306308165,9.121476158845251,2000
2126,SSP1-2.6,gis,1.8464574630892177,7.627605692426386,6.064361049469913,6.745442301602741,8.553681990795424,9.178555658951815,2000
2127,SSP1-2.6,gis,1.8396933500511399,7.669739216074309,6.095505438887858,6.7825123287574485,8.602912870181683,9.23652682078766,2000
2128,SSP1-2.6,gis,1.8371544684536543,7.71230298973864,6.126152083557987,6.817218844480703,8.649740547212742,9.296820700671471,2000
2129,SSP1-2.6,gis,1.833574313205552,7.755210978640922,6.15650091926851,6.848846790119823,8.695642666870391,9.357541024269791,2000
2130,SSP1-2.6,gis,1.8325423624469261,7.797423464335083,6.186173935932432,6.88092625359728,8.744078819068829,9.415170169516173,2000
2131,SSP1-2.6,gis,1.8198555296918553,7.837433604290929,6.21502801181305,6.912739422397107,8.793640151446144,9.476441775668523,2000
2132,SSP1-2.6,gis,1.8195513895740596,7.877506935892535,6.239609217417509,6.943953939534401,8.839704438631369,9.533814323533946,2000
2133,SSP1-2.6,gis,1.8138360080665075,7.916983786960896,6.267523830211085,6.97553203448544,8.889948038461544,9.588251683420982,2000
2134,SSP1-2.6,gis,1.8148787364484629,7.954984844331442,6.2965379344751184,7.0065174737108595,8.94423469225547,9.643986295468386,2000
2135,SSP1-2.6,gis,1.8147658457820757,7.993908845873601,6.3248209738892065,7.0395643924212035,8.990860471440916,9.704192333869045,2000
2136,SSP1-2.6,gis,1.819839581972745,8.030982593920678,6.349673620941651,7.0724150393455245,9.039543887652217,9.764184310137557,2000
2137,SSP1-2.6,gis,1.8191075511736725,8.070066227144789,6.374646782486178,7.101706552093162,9.093648944597213,9.818676690818192,2000
2138,SSP1-2.6,gis,1.8209666080961884,8.108925707391453,6.398396203484405,7.132356892932307,9.14262692890503,9.8744188700056,2000
2139,SSP1-2.6,gis,1.8124620703748862,8.147192191748038,6.421667646051184,7.165228171740624,9.186651882975196,9.930647928852983,2000
2140,SSP1-2.6,gis,1.8066164406376708,8.185128206708956,6.444515518581015,7.196451606670987,9.228345635123905,9.984882105639215,2000
2141,SSP1-2.6,gis,1.7998782960123987,8.219850080392973,6.469531527840205,7.22535563182815,9.274935666203453,10.038501432045571,2000
2142,SSP1-2.6,gis,1.7896419320635812,8.255677010897251,6.494495992035574,7.255538246038442,9.324031772323723,10.090671726538522,2000
2143,SSP1-2.6,gis,1.7863737442845755,8.28916999497536,6.518352177611306,7.283066191927281,9.367701935192402,10.140056519358271,2000
2144,SSP1-2.6,gis,1.784493331593181,8.32196374839338,6.540559013377007,7.309814049743644,9.409942859210819,10.188976247623188,2000
2145,SSP1-2.6,gis,1.786632020802354,8.356685768207083,6.5643685200860995,7.33644801135193,9.453627105793089,10.237539081265245,2000
2146,SSP1-2.6,gis,1.787861575658679,8.391685061489554,6.592453476877306,7.3651581638298165,9.495104684617178,10.28605248615343,2000
2147,SSP1-2.6,gis,1.783164548310713,8.426281900421603,6.6204616533429945,7.39023143528482,9.539917412075546,10.334401323292829,2000
2148,SSP1-2.6,gis,1.7841268270669983,8.460466768853284,6.64813948033424,7.419617020607236,9.587670570980158,10.382077544757333,2000
2149,SSP1-2.6,gis,1.7807847528530678,8.495590357160562,6.673525397099743,7.444199650055442,9.633665244513242,10.430910227852735,2000
2150,SSP1-2.6,gis,1.7788464357791047,8.529042020215297,6.691748788107277,7.46941568915876,9.670213341105663,10.482937199449088,2000
2151,SSP1-2.6,gis,1.7709849704027887,8.56272952091105,6.70975388047903,7.494695528524275,9.712447329615625,10.53432598803003,2000
2152,SSP1-2.6,gis,1.7737353255207426,8.596482614016791,6.7272501056947345,7.520401384276626,9.755929210036037,10.58525810982447,2000
2153,SSP1-2.6,gis,1.7704860870027923,8.630844018587362,6.744834259112597,7.546452521683703,9.793250613813777,10.638792449920187,2000
2154,SSP1-2.6,gis,1.7742531009486113,8.66397542794033,6.76230901738101,7.570923933909091,9.836231821324287,10.686670253331794,2000
2155,SSP1-2.6,gis,1.7690430365169842,8.697666794230653,6.787279097743006,7.595780416285584,9.882124004245318,10.734600725218666,2000
2156,SSP1-2.6,gis,1.7682035814368335,8.730062315255392,6.814415528964051,7.620647559430951,9.920326861534477,10.782017067913712,2000
2157,SSP1-2.6,gis,1.7700913880882827,8.764346895585193,6.841414620090759,7.646684767110207,9.963389543528027,10.82894116943653,2000
2158,SSP1-2.6,gis,1.776025418540476,8.798788897710253,6.8611141627569845,7.6734503441515205,10.002876449049378,10.875753012275055,2000
2159,SSP1-2.6,gis,1.7780330523792716,8.83068234336349,6.878541308165775,7.701598921281333,10.041276887008324,10.921717225617767,2000
2160,SSP1-2.6,gis,1.7849257479836478,8.863709935350194,6.8983309669566655,7.726412055342147,10.083182669545796,10.969755513443248,2000
2161,SSP1-2.6,gis,1.7882896064373055,8.896691326692359,6.9214150138713535,7.756515947455167,10.123182999657843,11.017076101015594,2000
2162,SSP1-2.6,gis,1.787205442138253,8.927756849202645,6.944931400655223,7.784126502548432,10.164799219803704,11.064123498112245,2000
2163,SSP1-2.6,gis,1.791557976184849,8.958890263975283,6.968286606042187,7.809251974374216,10.207524320040292,11.107964995998934,2000
2164,SSP1-2.6,gis,1.7828502766610315,8.991487679574789,6.99170023779152,7.8310043872792345,10.250628354547684,11.151041291317021,2000
2165,SSP1-2.6,gis,1.770807067623995,9.022503062574916,7.015681763811007,7.856388939908674,10.292386511531141,11.193190394192188,2000
2166,SSP1-2.6,gis,1.76659686235565,9.051200801866226,7.040396924476256,7.880891965703959,10.334976449174547,11.235261669698678,2000
2167,SSP1-2.6,gis,1.769784182492198,9.08319912822485,7.058559073079161,7.906077461051131,10.377899686532531,11.286430607065927,2000
2168,SSP1-2.6,gis,1.7661928121425219,9.116347189485904,7.079710210330228,7.930647744599238,10.41589860638049,11.330977978167988,2000
2169,SSP1-2.6,gis,1.7735946976846575,9.147220391882204,7.0963366955633385,7.95342213357794,10.454717854563235,11.37360071584645,2000
2170,SSP1-2.6,gis,1.7850558636330314,9.178590808808849,7.116126154348739,7.976447035609096,10.496916586961081,11.41905807176562,2000
2171,SSP1-2.6,gis,1.78453709495898,9.210097930542199,7.1373697527019075,7.999938234429931,10.534812491907969,11.465654498183303,2000
2172,SSP1-2.6,gis,1.7898868268915358,9.240442058051137,7.155108247171564,8.023249149189642,10.57379948901721,11.512019082183823,2000
2173,SSP1-2.6,gis,1.7928400222462548,9.270395609992903,7.173085793934076,8.047328404880194,10.6119332641385,11.559852946643657,2000
2174,SSP1-2.6,gis,1.7961315569231113,9.298784652449427,7.191151569242109,8.075315208046842,10.652713597463245,11.607738552894453,2000
2175,SSP1-2.6,gis,1.7898388394602622,9.330014835880435,7.209324916232596,8.101282683087817,10.692607497653006,11.651388529964597,2000
2176,SSP1-2.6,gis,1.7830713450753846,9.35914804963457,7.226999250011973,8.125062512117525,10.729563264685225,11.696968896162055,2000
2177,SSP1-2.6,gis,1.777167480877248,9.388238159080034,7.2441550764500215,8.147624858760462,10.767195037301812,11.740800427124425,2000
2178,SSP1-2.6,gis,1.7775557154258472,9.417222930324154,7.260853418841012,8.16785203585065,10.80163608966104,11.784086800747522,2000
2179,SSP1-2.6,gis,1.7823480096150495,9.44687559701962,7.2777060167298515,8.18797280242082,10.842600242423003,11.827206826156951,2000
2180,SSP1-2.6,gis,1.7864851027169935,9.473989492679133,7.294911541971959,8.20834533572822,10.875248977993529,11.870419191747471,2000
2181,SSP1-2.6,gis,1.787807388580865,9.501247910262583,7.317818144346827,8.229118811953517,10.911684697194339,11.916878684969516,2000
2182,SSP1-2.6,gis,1.7893850298463798,9.53015305410914,7.340688821377122,8.25276478285129,10.948070838799474,11.966665035402638,2000
2183,SSP1-2.6,gis,1.7967689850348303,9.55930130186509,7.362081563690264,8.275855382155388,10.985777265784984,12.011497428175037,2000
2184,SSP1-2.6,gis,1.7929139839056534,9.588901228190771,7.38011618842102,8.297301314736822,11.024850175977106,12.056424233680005,2000
2185,SSP1-2.6,gis,1.7879094256587844,9.615308807666935,7.397883932847493,8.319223976808741,11.061540487479313,12.101998262900308,2000
2186,SSP1-2.6,gis,1.78778469245074,9.6445944739631,7.419173310322392,8.340279762022,11.099273203283301,12.144782888560743,2000
2187,SSP1-2.6,gis,1.7832045403187535,9.675540574603236,7.441741215842067,8.361774235357785,11.134474336351502,12.188713879010512,2000
2188,SSP1-2.6,gis,1.7736312222458008,9.704064551375104,7.464047481420298,8.382897225039807,11.170976483594593,12.232205166826622,2000
2189,SSP1-2.6,gis,1.7763447808100665,9.731055851387941,7.484118239230879,8.403935491592708,11.203972669827746,12.274971586517616,2000
2190,SSP1-2.6,gis,1.7750903677756291,9.759705178619727,7.49998806371773,8.424079279375283,11.236820067772742,12.318637195363705,2000
2191,SSP1-2.6,gis,1.7751381041868388,9.78690064696891,7.515811770497489,8.443140896734855,11.270258457175165,12.359434658196808,2000
2192,SSP1-2.6,gis,1.7836675212812578,9.812299779042615,7.531591287672823,8.462490580515723,11.303872535283428,12.401612091168714,2000
2193,SSP1-2.6,gis,1.7849798669824517,9.839662698284068,7.547857906854171,8.482828687339683,11.337972174226024,12.443824980889543,2000
2194,SSP1-2.6,gis,1.79007253808659,9.8680993458199,7.564124130261539,8.503537349676284,11.374652286671525,12.481488378302862,2000
2195,SSP1-2.6,gis,1.7861031354888972,9.89709419989518,7.58064472117896,8.524779188517282,11.408359366499912,12.52442462076533,2000
2196,SSP1-2.6,gis,1.7922696416327597,9.925947467062166,7.596813789648008,8.548179081961345,11.443144800312131,12.56802422042949,2000
2197,SSP1-2.6,gis,1.7908902319641304,9.953523468507601,7.615474753481395,8.572953922816511,11.48047392624401,12.611774715923792,2000
2198,SSP1-2.6,gis,1.7890220174427829,9.976197789324488,7.634444634783584,8.591248204606648,11.518013677724628,12.65503994582149,2000
2199,SSP1-2.6,gis,1.7822536218659841,10.00314738770134,7.65323160587418,8.608037451771398,11.554657807810054,12.692798832884367,2000
2200,SSP1-2.6,gis,1.7793400105758876,10.027130653915101,7.6716206746524245,8.626892700913842,11.584493748692404,12.727592216061494,2000
2201,SSP1-2.6,gis,1.781849448842886,10.053891860567647,7.6883354495863285,8.644859258950476,11.61810770128292,12.761982240801393,2000
2202,SSP1-2.6,gis,1.7779736896615816,10.080566257259164,7.700052521802014,8.6651986250995,11.649328283291712,12.796434209855931,2000
2203,SSP1-2.6,gis,1.786618796488366,10.107331347890433,7.711490481273637,8.684926760415156,11.681091213828685,12.83134254733172,2000
2204,SSP1-2.6,gis,1.8076970728094985,10.130714622407808,7.723294729875635,8.704941456093275,11.713705075280343,12.873610506188887,2000
2205,SSP1-2.6,gis,1.8104041056339075,10.155309780004448,7.738197584249153,8.726005035535735,11.748440817209538,12.916856379911156,2000
2206,SSP1-2.6,gis,1.815077447465759,10.183666148375508,7.754864906356145,8.747283891581398,11.782028071708448,12.961678518047368,2000
2207,SSP1-2.6,gis,1.810085236373333,10.211317919942058,7.772133859828623,8.768780978616256,11.815039197467351,13.006706685763394,2000
2208,SSP1-2.6,gis,1.8034392564785593,10.238547885367382,7.7898245973197495,8.789970264161136,11.848187796060714,13.05119229626574,2000
2209,SSP1-2.6,gis,1.7999677571846697,10.264370485403326,7.809683352737036,8.809730755964916,11.88026500699919,13.095207185260403,2000
2210,SSP1-2.6,gis,1.786945928902812,10.291475835411678,7.829263498726077,8.83078931556825,11.911997216719667,13.138909725643018,2000
2211,SSP1-2.6,gis,1.78678119026803,10.318169464945044,7.8483213026138285,8.851203190467194,11.942472337476826,13.175140935361085,2000
2212,SSP1-2.6,gis,1.7866525917294143,10.344974597079034,7.866808874648893,8.87152718090305,11.973771633510529,13.210835936526038,2000
2213,SSP1-2.6,gis,1.7898257265724629,10.371255510458603,7.88092012664024,8.890992658834884,12.004575287483522,13.246678271698743,2000
2214,SSP1-2.6,gis,1.7904924122509598,10.395673423160018,7.895046348777302,8.911238997697952,12.036608089667318,13.282568795280945,2000
2215,SSP1-2.6,gis,1.7939330047043696,10.419253381710329,7.90841303382195,8.932303579765895,12.069352538479944,13.318330241657169,2000
2216,SSP1-2.6,gis,1.7926950127336962,10.442889755320138,7.920648472773005,8.952618829952948,12.101423299015313,13.35415374825569,2000
2217,SSP1-2.6,gis,1.7898173192234428,10.466907813920466,7.93272115203509,8.972788918299118,12.133716650031582,13.38971566735023,2000
2218,SSP1-2.6,gis,1.7834811901056176,10.49083965034279,7.944535611663581,8.992309708624392,12.166515509037449,13.424905014206567,2000
2219,SSP1-2.6,gis,1.7862150269113795,10.516276482653339,7.955893176481699,9.00903001656913,12.196073073520907,13.459490716371134,2000
2220,SSP1-2.6,gis,1.786985996022781,10.541253451475624,7.96734588436858,9.026300613555128,12.22748021894086,13.497378090487572,2000
2221,SSP1-2.6,gis,1.7808235274151358,10.564056539068524,7.982591480159639,9.045500686608875,12.260186067657534,13.539387331856487,2000
2222,SSP1-2.6,gis,1.7843238439966718,10.586439457925072,7.998420228871028,9.064120163831866,12.292443194884417,13.580943020845718,2000
2223,SSP1-2.6,gis,1.7855601109810113,10.611410491788504,8.014338465606706,9.081795916624154,12.324753810939251,13.622465511351795,2000
2224,SSP1-2.6,gis,1.7861141310371054,10.635509848539188,8.030291692244523,9.098506752750797,12.356998281104428,13.663897094227439,2000
2225,SSP1-2.6,gis,1.7805733011101121,10.656486915140139,8.04393854766138,9.1155063380159,12.387143635838404,13.705220466277773,2000
2226,SSP1-2.6,gis,1.7821149981201945,10.678990959202107,8.056836104390785,9.132226897869803,12.420033607642209,13.746114696806305,2000
2227,SSP1-2.6,gis,1.7889679397605007,10.700554633818879,8.06970186638698,9.148900149676196,12.452355478169979,13.78695002661312,2000
2228,SSP1-2.6,gis,1.7878425371833997,10.724341299566786,8.083060838605302,9.165769377894147,12.484561698670309,13.828003493003651,2000
2229,SSP1-2.6,gis,1.7919086903566461,10.747952235819882,8.098033679902793,9.18280369141346,12.516062001304416,13.868859821900617,2000
2230,SSP1-2.6,gis,1.7937452347263487,10.769915245866471,8.113356870365772,9.199857568411268,12.546366468234972,13.907435567551365,2000
2231,SSP1-2.6,gis,1.7943867093527042,10.78863431552644,8.128960820303263,9.21724290315668,12.578169778420921,13.944050501704577,2000
2232,SSP1-2.6,gis,1.788864590972943,10.81214706874932,8.14568371509875,9.240234754621257,12.608661208480433,13.980439116982698,2000
2233,SSP1-2.6,gis,1.7843701080276038,10.836753336452427,8.162099207196695,9.254487731712002,12.639882165972871,14.016256128543224,2000
2234,SSP1-2.6,gis,1.7868849658449923,10.85951988637618,8.17825450224549,9.27483753354866,12.66911015827363,14.051551991659384,2000
2235,SSP1-2.6,gis,1.7903651462360186,10.880839456046271,8.194583395069117,9.292372185501113,12.696124616492613,14.084713223239582,2000
2236,SSP1-2.6,gis,1.7913986651772016,10.902768788348968,8.211034692734666,9.309505723934253,12.725156400571205,14.115872786016512,2000
2237,SSP1-2.6,gis,1.795018008345624,10.922591455084897,8.227459790117235,9.325726145793618,12.753164738179755,14.147482434389886,2000
2238,SSP1-2.6,gis,1.789577965830955,10.944467948358248,8.245057345993784,9.341571429097831,12.781570958110624,14.17919617277408,2000
2239,SSP1-2.6,gis,1.8032955315829549,10.967267616137423,8.26290662764571,9.357121812408336,12.81142004540997,14.210356310314816,2000
2240,SSP1-2.6,gis,1.8029387263343433,10.994300388471371,8.27741500597034,9.374048777303106,12.841172904289738,14.242360260967674,2000
2241,SSP1-2.6,gis,1.8086083260689714,11.018751300434998,8.293058514657272,9.39034257995474,12.870267831055553,14.274177766917289,2000
2242,SSP1-2.6,gis,1.8107483032923184,11.04331972994654,8.309593112719995,9.404555548950748,12.899590122628734,14.306539861193702,2000
2243,SSP1-2.6,gis,1.8048343979863242,11.067883927115602,8.326144731785917,9.425429888931525,12.92892206439418,14.339156824165073,2000
2244,SSP1-2.6,gis,1.8022214985034728,11.088941728495806,8.33784813143756,9.44231913342416,12.957764160033905,14.371195214675291,2000
2245,SSP1-2.6,gis,1.7974081413282272,11.109861737679394,8.348125347596884,9.458096879705192,12.98629799689308,14.402899163463744,2000
2246,SSP1-2.6,gis,1.7981799844949546,11.13040361500317,8.358014533282278,9.473600721678205,13.012508146763055,14.433731389679533,2000
2247,SSP1-2.6,gis,1.7981819151979928,11.15224033235971,8.367886741529116,9.48903343688784,13.037593401230186,14.464333988819773,2000
2248,SSP1-2.6,gis,1.7979067683469578,11.174644792604584,8.380179646269339,9.50437675279287,13.06454186502658,14.49657589708641,2000
2249,SSP1-2.6,gis,1.804877122128305,11.197466521528057,8.395147293527907,9.519960345247933,13.089598477117619,14.535442123841221,2000
2250,SSP1-2.6,gis,1.8144590152605313,11.221471316221244,8.41255314712294,9.538613866177942,13.118509830974933,14.575308356207627,2000
2251,SSP1-2.6,gis,1.8150024689180146,11.244458970409166,8.430224872823484,9.558110639040898,13.145640021231783,14.615553567433492,2000
2252,SSP1-2.6,gis,1.8181228807024847,11.267461567182636,8.443887455172433,9.574430691900595,13.17369902679268,14.651667302284098,2000
2253,SSP1-2.6,gis,1.8186067312908611,11.291106389015518,8.455226640039601,9.59058610369033,13.19891547040277,14.685192044983637,2000
2254,SSP1-2.6,gis,1.8085971840379556,11.314721437351242,8.468639097281216,9.60490622497683,13.223783792090234,14.723622276220631,2000
2255,SSP1-2.6,gis,1.8107406652940954,11.335753737687424,8.482844583408061,9.6221271650757,13.248405520371728,14.761137122489915,2000
2256,SSP1-2.6,gis,1.8061416298809037,11.35659571193204,8.496958428944557,9.635407493708152,13.274022103722546,14.798627557305634,2000
2257,SSP1-2.6,gis,1.8033478120249682,11.378194051337404,8.511344747234027,9.652942286573367,13.298129097017602,14.830280253167874,2000
2258,SSP1-2.6,gis,1.8019775849194732,11.400939560402964,8.525371721538892,9.67090670788702,13.32298475944144,14.861244929506658,2000
2259,SSP1-2.6,gis,1.797191547761437,11.420768664226937,8.538840850837248,9.686397241306098,13.347014724800843,14.89189115029106,2000
2260,SSP1-2.6,gis,1.7943581277002514,11.44161225537939,8.552069253323218,9.703279448719098,13.371222835683012,14.922100503307938,2000
2261,SSP1-2.6,gis,1.800208165903617,11.462221574809043,8.565079198355633,9.713655053970962,13.395211776509997,14.952104512554895,2000
2262,SSP1-2.6,gis,1.79384019975978,11.482687242415373,8.578364461579298,9.725643640671283,13.421999150509048,14.982515818450644,2000
2263,SSP1-2.6,gis,1.7973389626309617,11.501869303104641,8.591392316147681,9.739255560695703,13.448451388383223,15.015279816039502,2000
2264,SSP1-2.6,gis,1.7977861580130086,11.521363038747925,8.604605776424902,9.754330734900543,13.478211436323212,15.049132488439508,2000
2265,SSP1-2.6,gis,1.7985495784249659,11.541824444849249,8.617790860011779,9.76997860010878,13.504545586939479,15.082680028588683,2000
2266,SSP1-2.6,gis,1.8018100087076057,11.563032506260171,8.630968053441562,9.785715546007532,13.530072148572904,15.112241870065024,2000
2267,SSP1-2.6,gis,1.7993491803735144,11.584413415503786,8.645988823036806,9.801089518673587,13.555178520815026,15.140874331337956,2000
2268,SSP1-2.6,gis,1.796589724207627,11.603653872942216,8.66097735048376,9.815662398187893,13.580570768342364,15.1692239822287,2000
2269,SSP1-2.6,gis,1.7977499359724252,11.626477759735586,8.675813104027652,9.830224261035347,13.606248502636445,15.199957539249896,2000
2270,SSP1-2.6,gis,1.7961957957384704,11.647399145882964,8.68662070631752,9.844990119543159,13.63239738762153,15.235214819854725,2000
2271,SSP1-2.6,gis,1.791913686648526,11.668086434909036,8.697082089842654,9.859605494869577,13.658463774673308,15.270300449334522,2000
2272,SSP1-2.6,gis,1.7887990633109918,11.687599941871754,8.707881523930892,9.873913999307685,13.68575994196906,15.305088703070407,2000
2273,SSP1-2.6,gis,1.793457550008949,11.70685818855619,8.719933078346623,9.88680655674504,13.71409163569263,15.339340019071903,2000
2274,SSP1-2.6,gis,1.7965359143272064,11.726325112464975,8.73220313595196,9.900611990033614,13.742054344167173,15.367372985298378,2000
2275,SSP1-2.6,gis,1.7967544196999405,11.745904148188261,8.744597851863832,9.912041190749799,13.765799142533334,15.392523912677305,2000
2276,SSP1-2.6,gis,1.7955430913712196,11.764761081023273,8.75695076985246,9.924896917599687,13.788626196669506,15.417568327818069,2000
2277,SSP1-2.6,gis,1.7960394398262745,11.78528905214274,8.769145821204845,9.939677194486386,13.811462214004438,15.442397014185762,2000
2278,SSP1-2.6,gis,1.7913174196442114,11.803509613186664,8.779598055401241,9.954405345360131,13.834328265993692,15.4670386630528,2000
2279,SSP1-2.6,gis,1.7903351670228975,11.820207139228543,8.789783344458932,9.969305608132025,13.856980640641597,15.491155905356358,2000
2280,SSP1-2.6,gis,1.7885383267461101,11.838743847675081,8.79987296429643,9.98220394175133,13.879549722444413,15.516113312892793,2000
2281,SSP1-2.6,gis,1.7841382179253924,11.857801673779417,8.809830323951246,9.994918210879808,13.907452882521259,15.54589617536349,2000
2282,SSP1-2.6,gis,1.7848011477552033,11.87553834497766,8.81953768433056,10.011252610750857,13.931138691625385,15.575370887282196,2000
2283,SSP1-2.6,gis,1.7819587530982903,11.891954309790322,8.828233582614525,10.02232111952053,13.952776445361632,15.605088450610541,2000
2284,SSP1-2.6,gis,1.7852573475228257,11.906806506968323,8.83672201985256,10.03186419933966,13.974013623317871,15.634847166054346,2000
2285,SSP1-2.6,gis,1.7929197371454555,11.921895747947982,8.845364802555057,10.042160961236398,13.99804306874426,15.664689433838447,2000
2286,SSP1-2.6,gis,1.7972431095861325,11.93923309129369,8.854415423181958,10.055789772119812,14.019966043196916,15.69486583239408,2000
2287,SSP1-2.6,gis,1.7944532182764277,11.95997985235351,8.86367657992655,10.072006334317772,14.042063066880006,15.725186325629616,2000
2288,SSP1-2.6,gis,1.7911122416233418,11.97866595978751,8.872722935843182,10.084455656691105,14.068273373550305,15.755236380463,2000
2289,SSP1-2.6,gis,1.788843450904485,11.995492817314485,8.881526423094881,10.096406783071478,14.095463173132037,15.784987165834336,2000
2290,SSP1-2.6,gis,1.7931513548520999,12.013671585936233,8.890154770309463,10.106906147396368,14.122296286655974,15.814503551452622,2000
2291,SSP1-2.6,gis,1.7920688109441782,12.031835655211996,8.898997983029156,10.118446574267974,14.14683495778197,15.844166901930656,2000
2292,SSP1-2.6,gis,1.7922262812126262,12.047365729328746,8.907734501319293,10.131923421933397,14.167757754189191,15.87366456965468,2000
2293,SSP1-2.6,gis,1.787479920510822,12.065464809225311,8.916438949592203,10.144447004808905,14.188550927643467,15.903069300662807,2000
2294,SSP1-2.6,gis,1.7865715851690998,12.083811156331175,8.924821106157415,10.156074165557358,14.212206268477711,15.932097208771886,2000
2295,SSP1-2.6,gis,1.792297705170939,12.102567549924604,8.933110860821026,10.168053882722075,14.234070635528543,15.960956874785483,2000
2296,SSP1-2.6,gis,1.7922815332828843,12.122067660874905,8.941698553545326,10.181455205826955,14.253568695450603,15.989980316011305,2000
2297,SSP1-2.6,gis,1.8044910201024014,12.139908705312388,8.9502672437404,10.193804608680429,14.275855566067056,16.018896934991133,2000
2298,SSP1-2.6,gis,1.8021318394235173,12.157395405084522,8.95950481906884,10.211235254523263,14.303501954795049,16.04841042665338,2000
2299,SSP1-2.6,gis,1.8090851408976707,12.17469870840932,8.968550132669918,10.228019253256852,14.330879605486663,16.07754954310668,2000
2300,SSP1-2.6,gis,1.8146865576619162,12.192938297658468,8.977942555243153,10.241980791075166,14.35514138916196,16.10697026342385,2000
1990,SSP1-2.6,ais,0.5557397132233756,-0.3447381083774663,-0.3968348473657418,-0.373556960152344,-0.3146862555112063,-0.2928109168407901,2000
1991,SSP1-2.6,ais,0.5885637306361448,-0.32957008418692757,-0.3776793043703532,-0.3573788138525487,-0.30057990165389403,-0.2806212285613172,2000
1992,SSP1-2.6,ais,0.5090689778394178,-0.3129430922031665,-0.3584724105013303,-0.3395029920058728,-0.28481990024131154,-0.2661177076892817,2000
1993,SSP1-2.6,ais,0.3084522979487564,-0.29714080237081175,-0.3435336987340682,-0.32531040112532117,-0.26906584742942297,-0.2511534640335365,2000
1994,SSP1-2.6,ais,0.332676813580452,-0.28752146401101064,-0.33416745758731947,-0.3154721562602323,-0.2602848145685177,-0.24276501639895542,2000
1995,SSP1-2.6,ais,0.4547856293863089,-0.27503490784582607,-0.3206655412743368,-0.30361378179534015,-0.24799616224012733,-0.23010071411830293,2000
1996,SSP1-2.6,ais,0.5463394857269461,-0.2596341395149303,-0.30848108107278926,-0.2895761641157952,-0.23211299065635244,-0.2142367759197728,2000
1997,SSP1-2.6,ais,0.600043540445978,-0.2430459099510327,-0.296729749724127,-0.27679098054682555,-0.21450715718482521,-0.1959447244844031,2000
1998,SSP1-2.6,ais,0.6466075693928761,-0.2242681654841172,-0.2738677908130483,-0.25544835716921094,-0.1944044975412948,-0.17707088795141013,2000
1999,SSP1-2.6,ais,0.686007840655961,-0.1958625353705885,-0.23656702420205528,-0.2220492108180373,-0.16975626844399608,-0.15465997233931378,2000
2000,SSP1-2.6,ais,0.7295563669080296,-0.1650878035233606,-0.19872506392256112,-0.18578123908370145,-0.1444214703656753,-0.1314860216800658,2000
2001,SSP1-2.6,ais,0.7655239205849365,-0.13349369459839944,-0.16026531289532264,-0.14960087752909318,-0.11753022976839679,-0.10697188733829742,2000
2002,SSP1-2.6,ais,0.7999498588212678,-0.09822793757743442,-0.11912323560142157,-0.11044204238026453,-0.08667280983045889,-0.0786515483146482,2000
2003,SSP1-2.6,ais,0.8301407393993533,-0.062359739543491166,-0.07762022694407464,-0.07109006254133156,-0.05497739341319494,-0.04972766209884355,2000
2004,SSP1-2.6,ais,0.8359312010698448,-0.026716967597807673,-0.0372605946009547,-0.031709297540967685,-0.022551910649687243,-0.019794583596946948,2000
2005,SSP1-2.6,ais,0.843916603443868,0.006544570296383778,-0.0021815750670447277,0.002705718179230632,0.010398036193745295,0.01327535941426321,2000
2006,SSP1-2.6,ais,0.8516506513236204,0.042430998230238215,0.031587612300841526,0.03548244528990577,0.04954789061054558,0.05343126093826518,2000
2007,SSP1-2.6,ais,0.8597675192449368,0.07806918057064205,0.06143979275085758,0.06779985169551224,0.08865280593725727,0.09404188642760347,2000
2008,SSP1-2.6,ais,0.8671015531069908,0.11300535754539243,0.0903826400829581,0.0991911673745463,0.1272453827294439,0.13515150559968386,2000
2009,SSP1-2.6,ais,0.8915919796329949,0.1487673132169444,0.12012628684457656,0.13146956867716017,0.16663673502600984,0.1769830959124852,2000
2010,SSP1-2.6,ais,0.91224213325433,0.18553270995600996,0.1502455376606612,0.16448793317442362,0.20657880395408507,0.21912724610057902,2000
2011,SSP1-2.6,ais,0.9463726707864436,0.22230454073470007,0.1813998340920674,0.19774562851691252,0.24679976082806437,0.26215323059175366,2000
2012,SSP1-2.6,ais,0.9634454159642772,0.25870606857101563,0.21179513363410016,0.23072438958079505,0.2866391257938874,0.30489470250814354,2000
2013,SSP1-2.6,ais,1.0010392042679888,0.2987165406375849,0.24619428566087576,0.2677807483770154,0.33003713892384867,0.3507133488903202,2000
2014,SSP1-2.6,ais,1.034758969518629,0.33721547794107865,0.27822193496564374,0.3032278245444181,0.3718571184155307,0.3949684007521738,2000
2015,SSP1-2.6,ais,1.0655474016558886,0.3761348774793728,0.3111108064225943,0.3382053035453101,0.41365177008945947,0.43837357596647303,2000
2016,SSP1-2.6,ais,1.0982433117141364,0.4188121589222402,0.34820770868728673,0.3775465944167513,0.45921763636694024,0.4864094887910763,2000
2017,SSP1-2.6,ais,1.1215083354395925,0.4601335508705916,0.38294065861483023,0.4154033432356955,0.5036945304669411,0.5334964253425448,2000
2018,SSP1-2.6,ais,1.1514531927883527,0.5009312810886161,0.41734081332674494,0.45266439151503896,0.5467946610557066,0.5798838459663124,2000
2019,SSP1-2.6,ais,1.172690213058829,0.5425702789617755,0.45265820390938866,0.49055622882488503,0.5908834140474,0.6274129500316878,2000
2020,SSP1-2.6,ais,1.183004264307409,0.5854324240007457,0.4882628313080682,0.5297297942719442,0.6366829374807542,0.6765902003665984,2000
2021,SSP1-2.6,ais,1.2100067371777328,0.6259275408111562,0.5225513215991215,0.5666478508440582,0.6815878986177479,0.7245500918573072,2000
2022,SSP1-2.6,ais,1.2401553910866456,0.6689725332546783,0.5591094038174836,0.6056168857895569,0.7291927759537821,0.7755746991821093,2000
2023,SSP1-2.6,ais,1.2795255652495054,0.7120261130293004,0.5940857377288615,0.6455129836248876,0.7767601956953729,0.8263608390282201,2000
2024,SSP1-2.6,ais,1.3120856196879593,0.75645264646078,0.6287842121292186,0.6855890244560389,0.8259270646266981,0.8799584266558806,2000
2025,SSP1-2.6,ais,1.3450532697084467,0.8033584867738226,0.6655596082195917,0.727978087227538,0.8774615091006434,0.9335560651733278,2000
2026,SSP1-2.6,ais,1.3757659511567653,0.8499468846054984,0.7048446116782451,0.7693287659725835,0.9298079375563408,0.9885227552214674,2000
2027,SSP1-2.6,ais,1.400059949863873,0.8971356378002077,0.7429991512583228,0.8118505013508888,0.9806635469307371,1.043770428200091,2000
2028,SSP1-2.6,ais,1.4175823530737954,0.9452259509001011,0.7816174109853146,0.8552242912815454,1.0329315353777562,1.1022428232506252,2000
2029,SSP1-2.6,ais,1.4347237788428864,0.9925731244025595,0.8189397435915676,0.8947084386801767,1.0866422858828286,1.1626088468748945,2000
2030,SSP1-2.6,ais,1.4578128091905669,1.039776066014971,0.8559953586578373,0.9376255639440808,1.1412968420105787,1.221271403092114,2000
2031,SSP1-2.6,ais,1.475920925382979,1.0898315557152136,0.8930864390873869,0.9799340137019604,1.1976198661738815,1.2800351198554076,2000
2032,SSP1-2.6,ais,1.5035590631054043,1.1396941673519212,0.9270219800070659,1.0221857130376573,1.2547452626482856,1.3414454768950077,2000
2033,SSP1-2.6,ais,1.5207037061559632,1.1887156386220026,0.9662082083548668,1.0645203749903271,1.312485569922936,1.4046801926756238,2000
2034,SSP1-2.6,ais,1.5443794295508118,1.2405320889856664,1.0041800747589742,1.107241220009345,1.3729135648545943,1.4709258873697912,2000
2035,SSP1-2.6,ais,1.5694008625927183,1.291118423623141,1.042362235113463,1.1491544548305432,1.4321352840695953,1.5400173693799892,2000
2036,SSP1-2.6,ais,1.6001447457060347,1.3428200522311489,1.0823441891329664,1.1926078088548484,1.492012430549295,1.6094440159235999,2000
2037,SSP1-2.6,ais,1.6228275484992332,1.396079614592458,1.1201894393844931,1.2380718811442968,1.552940356676753,1.6799851494030589,2000
2038,SSP1-2.6,ais,1.638756606214989,1.449309727353271,1.1572258330403793,1.2808983793632862,1.6168098920633338,1.7517119162478347,2000
2039,SSP1-2.6,ais,1.665056147183829,1.5042094040673386,1.19409408259277,1.3248045464350566,1.6822658224528655,1.8222108151032588,2000
2040,SSP1-2.6,ais,1.680002027001819,1.5588200419777567,1.232140971324403,1.3696223247663288,1.748900379963395,1.896083169275604,2000
2041,SSP1-2.6,ais,1.6834285647818141,1.61517275096907,1.2721429339059929,1.414386756874741,1.8139942608479873,1.9705396637159973,2000
2042,SSP1-2.6,ais,1.704109570537229,1.6696811939359522,1.3121687837267613,1.4621996938406177,1.8782877595696084,2.04383673333954,2000
2043,SSP1-2.6,ais,1.714663980468551,1.7240233716282307,1.354112340620589,1.506913355889112,1.9445949313256305,2.120485679563844,2000
2044,SSP1-2.6,ais,1.7260350563196727,1.7798751480230561,1.394661498212538,1.5508003853630732,2.0122477341910634,2.1969176951564915,2000
2045,SSP1-2.6,ais,1.7459958257047152,1.8362149412689992,1.433047157297504,1.5958932884389883,2.0801026374013993,2.2807484562655795,2000
2046,SSP1-2.6,ais,1.762760719311069,1.8919707562968915,1.4672573396249577,1.6412382712140352,2.154498215973709,2.364603471842734,2000
2047,SSP1-2.6,ais,1.7826873664759635,1.9483206996270548,1.5064011624954048,1.688135076116393,2.2287449026519535,2.455841444910028,2000
2048,SSP1-2.6,ais,1.7943045116741423,2.0069204084679653,1.5440046551429574,1.735534332861579,2.298275369657953,2.5421323892311447,2000
2049,SSP1-2.6,ais,1.8137621029829256,2.06756655728185,1.5826763944739906,1.7821873546215807,2.3698827678329635,2.649254598655853,2000
2050,SSP1-2.6,ais,1.8262150982576644,2.127707700096604,1.6209220856794717,1.8318873341697053,2.4480223329496504,2.7456921806424375,2000
2051,SSP1-2.6,ais,1.8308350187033013,2.1903354831147723,1.6619500233328919,1.8790578160580962,2.52311219446091,2.8390334003977933,2000
2052,SSP1-2.6,ais,1.839260518267929,2.24748370377575,1.7022009516573926,1.9269320869673257,2.5988435705502497,2.9426140865908175,2000
2053,SSP1-2.6,ais,1.8419008709450382,2.30847166838506,1.7430853582014916,1.9749428891112208,2.67438032768279,3.0471783093663003,2000
2054,SSP1-2.6,ais,1.8495654187516568,2.367943815633597,1.7830307989462266,2.0212674490766527,2.747824532339718,3.161880497257123,2000
2055,SSP1-2.6,ais,1.8519517245166544,2.424927866654948,1.8229201722412407,2.0716090894636014,2.822521152683839,3.2567232037601057,2000
2056,SSP1-2.6,ais,1.8650721303408586,2.4863061012926213,1.8611151122922458,2.1202946010213286,2.898363719871379,3.350262176873074,2000
2057,SSP1-2.6,ais,1.878411111649326,2.5471469833730938,1.901815012043529,2.1677274405589895,2.975796039085412,3.47962929248633,2000
2058,SSP1-2.6,ais,1.8934387511902997,2.6056602903149386,1.9421140008786921,2.2179111259977358,3.056628697147082,3.59989745318403,2000
2059,SSP1-2.6,ais,1.9036280513318873,2.6679082307178885,1.9821773698717005,2.2658839037567184,3.1413820965623356,3.811629142119144,2000
2060,SSP1-2.6,ais,1.9120348699423153,2.732977747997865,2.0218858560474033,2.3176765958036984,3.2244073643142666,4.146482106145112,2000
2061,SSP1-2.6,ais,1.9157720858784457,2.797510600079364,2.0628776928754067,2.365181323775058,3.3120595215881337,4.88367069779225,2000
2062,SSP1-2.6,ais,1.9252995872840941,2.8586742454684,2.1010026193304117,2.41325861379963,3.3940440989855296,5.573782286606334,2000
2063,SSP1-2.6,ais,1.9227545106403505,2.922765833764769,2.137125794578237,2.465771099535397,3.479299633376558,6.254555568876731,2000
2064,SSP1-2.6,ais,1.929979720056169,2.984718500526273,2.178372387951966,2.5130415139152515,3.557848560909663,6.940010674027338,2000
2065,SSP1-2.6,ais,1.9279017310614255,3.0468180509437444,2.215941178501411,2.563588610895787,3.6403079050149114,7.717891425445768,2000
2066,SSP1-2.6,ais,1.9250740149608094,3.109185800446644,2.253101015981511,2.61245378237507,3.7199378242677583,8.444574634698602,2000
2067,SSP1-2.6,ais,1.9307580359371808,3.1706470137343232,2.291645368407369,2.6597363235832523,3.80074026575098,9.08631468899137,2000
2068,SSP1-2.6,ais,1.9303005835819673,3.2325432945367325,2.3302797001457685,2.7072260005407767,3.8832462802650913,9.956098841569222,2000
2069,SSP1-2.6,ais,1.9315130943430172,3.295141787245061,2.369031448557752,2.7547363409901413,3.96263175234216,10.732739539515357,2000
2070,SSP1-2.6,ais,1.941998544440816,3.3562876327087325,2.4095499833795735,2.803795062912137,4.041829036196008,11.521862581352924,2000
2071,SSP1-2.6,ais,1.9488800722775106,3.4205203225467544,2.450176184222943,2.852368178664361,4.127824927521838,12.180202071362878,2000
2072,SSP1-2.6,ais,1.9600550100485683,3.4831191036575486,2.490480035312135,2.902766960402577,4.221274489891177,12.777494802276001,2000
2073,SSP1-2.6,ais,1.9549334001318275,3.5480575620532746,2.5318914039876566,2.9513058866316983,4.3169878221292315,13.421912758982595,2000
2074,SSP1-2.6,ais,1.9609657708872554,3.6130944175055797,2.5725945320917827,3.0005763702594175,4.407373776338625,14.089125314439668,2000
2075,SSP1-2.6,ais,1.968212494580389,3.677011353180232,2.612250466534716,3.049357054850155,4.490005436571314,14.756301493294604,2000
2076,SSP1-2.6,ais,1.960330564727248,3.7407348219131835,2.648921412861636,3.098364571701797,4.58074323671562,15.45647343575899,2000
2077,SSP1-2.6,ais,1.955954255771158,3.805204914630421,2.6856324436630286,3.1455205554273684,4.665351606427738,16.249519942588808,2000
2078,SSP1-2.6,ais,1.9521852919753506,3.8699446555283665,2.725374989646366,3.1933119980074167,4.749568168993298,16.820291914187035,2000
2079,SSP1-2.6,ais,1.9510280861016316,3.932806837253798,2.766672933041794,3.2412829675721886,4.83129883502658,17.52628865670988,2000
2080,SSP1-2.6,ais,1.94830410642478,3.9952528495336805,2.8030309122626225,3.2888769946413365,4.910790564318515,18.087302271162773,2000
2081,SSP1-2.6,ais,1.9565166945721395,4.057764992163037,2.841264357737726,3.336175967865735,4.990731491984565,18.75230041339078,2000
2082,SSP1-2.6,ais,1.9608847127432856,4.1220612382566095,2.8802316418436797,3.3837335742454493,5.072403906976375,19.417446440241658,2000
2083,SSP1-2.6,ais,1.9703278175020005,4.185947265894515,2.916303667106328,3.4319111895176,5.154154074113105,20.082165830928428,2000
2084,SSP1-2.6,ais,1.9704917871545213,4.251307831783946,2.9524868891955656,3.4803667030443464,5.237999049840026,20.73617763748109,2000
2085,SSP1-2.6,ais,1.962081047311514,4.315008971599638,2.989816391865882,3.528234371438673,5.3207453263397655,21.355290400351635,2000
2086,SSP1-2.6,ais,1.9566852476790242,4.376786227744459,3.0302713486751065,3.5763204618731095,5.4022002612840385,22.055136399478954,2000
2087,SSP1-2.6,ais,1.9486594231626369,4.438893355338495,3.070639838292147,3.6242463897472237,5.482309389495367,22.692032576117676,2000
2088,SSP1-2.6,ais,1.936368050306355,4.500734697238942,3.110854244724421,3.672311983657166,5.562005116523108,23.413666128340434,2000
2089,SSP1-2.6,ais,1.9278308259259676,4.56308700416064,3.1499339071511705,3.7201663287515743,5.640730509798011,24.049401074257503,2000
2090,SSP1-2.6,ais,1.9265564288102708,4.625046646975083,3.186983171219031,3.767587544298312,5.718802115496136,24.728650238287575,2000
2091,SSP1-2.6,ais,1.919259589944645,4.686021179320493,3.224003907930835,3.814952956286054,5.797821126497396,25.36608074231359,2000
2092,SSP1-2.6,ais,1.9259263600021215,4.747405857332085,3.2610120213891425,3.862224728638641,5.878669314237569,25.880265600465272,2000
2093,SSP1-2.6,ais,1.9273236410045735,4.808812365832546,3.2980409269524396,3.9095502405866696,5.960077820290076,26.556659326506413,2000
2094,SSP1-2.6,ais,1.9277320498818777,4.869225714845653,3.3350570547414247,3.9565228800015397,6.041536189832155,27.147307877970498,2000
2095,SSP1-2.6,ais,1.929088206290513,4.931181863181788,3.372061153097081,4.003071490245668,6.122861250933722,27.757594095866963,2000
2096,SSP1-2.6,ais,1.9337487555419648,4.9930428351775475,3.4090618082206103,4.048581129042162,6.203823092900649,28.423735360505614,2000
2097,SSP1-2.6,ais,1.9250482758784415,5.054137796609098,3.446080973514445,4.0943391747465725,6.284965529785146,28.926951605762202,2000
2098,SSP1-2.6,ais,1.9113268012346174,5.114191871955693,3.4840269751099675,4.1400596678000845,6.365233702275399,29.467664427121328,2000
2099,SSP1-2.6,ais,1.9069636107059724,5.1731903219899245,3.5217733691136197,4.184581446866857,6.444016252758257,30.014411350806284,2000
2100,SSP1-2.6,ais,1.9004970717491718,5.23306267562055,3.55947388211585,4.230801887942002,6.522537976098231,30.277187729897754,2000
2101,SSP1-2.6,ais,1.903861305509231,5.2942374595035,3.5971378527691913,4.276808563034171,6.600713271323846,30.73704127005187,2000
2102,SSP1-2.6,ais,1.9038722991133727,5.355500253695325,3.634812295479795,4.324457041121103,6.679013272306183,31.20067016297038,2000
2103,SSP1-2.6,ais,1.9057695630459284,5.416571010398723,3.672501316333546,4.371138336920543,6.756976551197999,31.65189511342194,2000
2104,SSP1-2.6,ais,1.903432896233887,5.476680949012195,3.70974315631363,4.4165857226154985,6.8349651430993745,32.11195084696427,2000
2105,SSP1-2.6,ais,1.9050784566898782,5.536663870534424,3.7462227043239746,4.463516945196632,6.912787243776994,32.574989560236936,2000
2106,SSP1-2.6,ais,1.8984335092886517,5.5966623144390315,3.7821990762085216,4.510794515266943,6.990645157721289,33.036700930993405,2000
2107,SSP1-2.6,ais,1.8936766988403748,5.656427831417874,3.8182065491855144,4.557979070788242,7.06816211743328,33.49389816894312,2000
2108,SSP1-2.6,ais,1.892253728944272,5.7159985776678575,3.8541837563555092,4.604742381755183,7.145837499352691,33.90545594478004,2000
2109,SSP1-2.6,ais,1.8845879972111763,5.77545083090164,3.890938769730653,4.650820949462554,7.223707443265162,34.40333342377353,2000
2110,SSP1-2.6,ais,1.8805533693968455,5.83501797154376,3.9286485307243204,4.696066897065279,7.300093729719983,34.9027671510906,2000
2111,SSP1-2.6,ais,1.8679419192709603,5.894611859943737,3.9662912230748826,4.741096031190705,7.376257782392106,35.406947302546904,2000
2112,SSP1-2.6,ais,1.8678280274422847,5.953989442033693,4.0027697091884695,4.786014869467451,7.451096388014687,35.649046884087674,2000
2113,SSP1-2.6,ais,1.8665663982450487,6.013454353096556,4.039234892849672,4.830909529068499,7.526479326137119,35.71093636437312,2000
2114,SSP1-2.6,ais,1.8607098201996317,6.073754845401389,4.075697890993706,4.875790938454635,7.601794043774466,36.06887267837258,2000
2115,SSP1-2.6,ais,1.8702242715997102,6.133852420069495,4.112182111799752,4.9206401317052455,7.676864288670928,36.35260671227558,2000
2116,SSP1-2.6,ais,1.8638698412036334,6.1937698532338334,4.148676449230465,4.965532027068935,7.752292030365637,36.7348033911645,2000
2117,SSP1-2.6,ais,1.8717668912525203,6.2526715092471825,4.185158421423197,5.010373937004069,7.827439614728231,36.98006333671406,2000
2118,SSP1-2.6,ais,1.8631587763140285,6.311453182856839,4.2222587282321085,5.055254841084586,7.902886150009465,37.44147117437528,2000
2119,SSP1-2.6,ais,1.8518260285787065,6.3697850213164475,4.25976819798156,5.100355782619929,7.977905679326386,37.917923016358145,2000
2120,SSP1-2.6,ais,1.844110425588654,6.427802744283102,4.297089141461465,5.145514016263901,8.052376436788563,38.39607659164283,2000
2121,SSP1-2.6,ais,1.840255487511054,6.486472910872621,4.334316686886664,5.190623197364255,8.126469845289575,38.87384110177918,2000
2122,SSP1-2.6,ais,1.8354591475563504,6.544986107909733,4.371469137197165,5.2357437522709525,8.200358838289015,39.34947503115588,2000
2123,SSP1-2.6,ais,1.8314524485858643,6.603321676235958,4.408543425066832,5.280992489979016,8.274259420020405,39.8216514497125,2000
2124,SSP1-2.6,ais,1.8369638154408412,6.661527674644418,4.4455709507442265,5.326978455864786,8.348418773603143,40.24050081067827,2000
2125,SSP1-2.6,ais,1.8428392863281482,6.719910236001575,4.482674767407925,5.373172571599132,8.422829423045942,40.3573290002719,2000
2126,SSP1-2.6,ais,1.8464574630892177,6.77782916275053,4.519854442304451,5.419509100099309,8.497504943888062,40.39853034826183,2000
2127,SSP1-2.6,ais,1.8396933500511399,6.835558964134462,4.557044987147091,5.465894217519919,8.572306677260908,40.439782585063575,2000
2128,SSP1-2.6,ais,1.8371544684536543,6.893124486466233,4.594153477754444,5.512121490754789,8.646782432169369,40.49324249144988,2000
2129,SSP1-2.6,ais,1.833574313205552,6.950593013886801,4.631198522102501,5.557369423308513,8.721097453965069,40.702303269708096,2000
2130,SSP1-2.6,ais,1.8325423624469261,7.007935030298732,4.668162354850376,5.602186001512372,8.795199379493354,40.74325116387688,2000
2131,SSP1-2.6,ais,1.8198555296918553,7.065189362615946,4.705054090755533,5.646933167309143,8.869186766419666,40.78411391442644,2000
2132,SSP1-2.6,ais,1.8195513895740596,7.122129307561142,4.741782728764726,5.69149302842785,8.942563846656867,40.82461189676386,2000
2133,SSP1-2.6,ais,1.8138360080665075,7.17902005978509,4.778301445517374,5.736013705541794,9.015936624224315,40.86506451233023,2000
2134,SSP1-2.6,ais,1.8148787364484629,7.235770628003717,4.8141916780188465,5.7804527352156585,9.089296286448533,40.90535720874762,2000
2135,SSP1-2.6,ais,1.8147658457820757,7.292537071733017,4.850082640636608,5.8249008604375625,9.162691392161326,40.9456753736594,2000
2136,SSP1-2.6,ais,1.819839581972745,7.349313746500567,4.885998843823891,5.869361204145452,9.235959408077953,40.98600836941969,2000
2137,SSP1-2.6,ais,1.8191075511736725,7.406186533390546,4.921895492145769,5.913889498942338,9.30851540609588,41.026466168409996,2000
2138,SSP1-2.6,ais,1.8209666080961884,7.463033784024331,4.957789682291784,5.958421548832227,9.381554090023778,41.261324597549994,2000
2139,SSP1-2.6,ais,1.8124620703748862,7.519851657448437,4.994067676590178,6.002960646534019,9.45483668715888,41.31337878919493,2000
2140,SSP1-2.6,ais,1.8066164406376708,7.576361347654829,5.030615035796494,6.0473391896140365,9.527671416315584,41.36503185765072,2000
2141,SSP1-2.6,ais,1.7998782960123987,7.632500770897218,5.067124238148495,6.091624989664452,9.600212082166909,41.419522194481196,2000
2142,SSP1-2.6,ais,1.7896419320635812,7.68820381751515,5.103555219959963,6.135775918640112,9.672384277215341,41.474046251971295,2000
2143,SSP1-2.6,ais,1.7863737442845755,7.743697537106172,5.139913354959211,6.179765958716306,9.743807277547198,41.52574629797808,2000
2144,SSP1-2.6,ais,1.784493331593181,7.799498362511542,5.176229972927732,6.223683692452598,9.815037918913083,41.57727027238891,2000
2145,SSP1-2.6,ais,1.786632020802354,7.855291072831836,5.212517913384811,6.267554476283452,9.88614854357023,41.62868691531196,2000
2146,SSP1-2.6,ais,1.787861575658679,7.911253033997255,5.248808800849619,6.311441778413436,9.957332474436825,41.680180072033195,2000
2147,SSP1-2.6,ais,1.783164548310713,7.967234907214946,5.28510343834608,6.35533935912556,10.028556080690494,41.731718774680836,2000
2148,SSP1-2.6,ais,1.7841268270669983,8.023093797161522,5.3213764815800495,6.399163357682404,10.099545380640244,41.783044041359645,2000
2149,SSP1-2.6,ais,1.7807847528530678,8.078947230670444,5.357650475684122,6.442976615290883,10.170541227102024,41.834380985268,2000
2150,SSP1-2.6,ais,1.7788464357791047,8.134711561743138,5.393901492363858,6.486736733216476,10.241366683554853,41.885565196235895,2000
2151,SSP1-2.6,ais,1.7709849704027887,8.190218242332744,5.430126167095733,6.530385365836551,10.31204572622644,41.93664281183282,2000
2152,SSP1-2.6,ais,1.7737353255207426,8.245518084170296,5.466292624800902,6.573979005030561,10.382264002173388,41.98736240033901,2000
2153,SSP1-2.6,ais,1.7704860870027923,8.300839783454553,5.5024476133663915,6.617470993519632,10.452559965767867,42.038161821064264,2000
2154,SSP1-2.6,ais,1.7742531009486113,8.356075761324824,5.538576790825199,6.660930986305154,10.522688586317706,42.088810201934045,2000
2155,SSP1-2.6,ais,1.7690430365169842,8.411359748301486,5.574701921996266,6.704502029759337,10.592945253924357,42.13958595704989,2000
2156,SSP1-2.6,ais,1.7682035814368335,8.46652772981298,5.610802195847917,6.748298921253693,10.662958931704646,42.190140256040785,2000
2157,SSP1-2.6,ais,1.7700913880882827,8.521664689426926,5.646546248264627,6.79207611424504,10.732914443627578,42.24064815481019,2000
2158,SSP1-2.6,ais,1.776025418540476,8.576851372455687,5.682300606471892,6.83589282072757,10.8029559145432,42.29124799917587,2000
2159,SSP1-2.6,ais,1.7780330523792716,8.632178327234417,5.718136465555564,6.879810816841909,10.873267852183666,42.34211459538409,2000
2160,SSP1-2.6,ais,1.7849257479836478,8.687377343699968,5.753996012621389,6.923759241407785,10.943660644565092,42.39306624824407,2000
2161,SSP1-2.6,ais,1.7882896064373055,8.742708414083502,5.789925822288046,6.967802718703894,11.014344569006191,42.444302024915004,2000
2162,SSP1-2.6,ais,1.787205442138253,8.79810364722491,5.82589610222756,7.0118842164605875,11.085156709244483,42.49566630021136,2000
2163,SSP1-2.6,ais,1.791557976184849,8.853396924967878,5.861795547862766,7.055894982490534,11.155788049307505,42.54691910496914,2000
2164,SSP1-2.6,ais,1.7828502766610315,8.908781738040513,5.897736023269911,7.099960721642303,11.226134407035662,42.59834458297897,2000
2165,SSP1-2.6,ais,1.770807067623995,8.963905385371447,5.93354126658692,7.1438648182482485,11.295855913792197,42.649358791689,2000
2166,SSP1-2.6,ais,1.76659686235565,9.018707276054073,5.969192337986895,7.187607187627579,11.365352606648198,42.69983819317541,2000
2167,SSP1-2.6,ais,1.769784182492198,9.073403879609593,6.004766270564318,7.231270226416655,11.435091708263059,42.75010223357182,2000
2168,SSP1-2.6,ais,1.7661928121425219,9.128448801022227,6.04036090036544,7.274963905888599,11.504965514011326,42.80048151322823,2000
2169,SSP1-2.6,ais,1.7735946976846575,9.183422275522908,6.075933254137657,7.318343239113455,11.57465924104601,42.850725717835786,2000
2170,SSP1-2.6,ais,1.7850558636330314,9.238603195430489,6.111624200158206,7.361523813365739,11.644752437226874,42.984769346264606,2000
2171,SSP1-2.6,ais,1.78453709495898,9.294100679447448,6.147492748633711,7.404887747005995,11.715442910217607,43.037332581216255,2000
2172,SSP1-2.6,ais,1.7898868268915358,9.3498070259543,6.183339024249699,7.448225498731794,11.785779413882189,43.086768628479916,2000
2173,SSP1-2.6,ais,1.7928400222462548,9.405845035991335,6.219231034995706,7.491606986430801,11.856330283181727,43.13641680440713,2000
2174,SSP1-2.6,ais,1.7961315569231113,9.461949521496445,6.255088596093676,7.534946786675,11.926927831114309,43.1860941198817,2000
2175,SSP1-2.6,ais,1.7898388394602622,9.518277719632664,6.291360879557539,7.578310852042621,11.997610795409656,43.23589873872895,2000
2176,SSP1-2.6,ais,1.7830713450753846,9.57404622784474,6.327577425845262,7.621664991348776,12.067944655535396,43.285374776910444,2000
2177,SSP1-2.6,ais,1.777167480877248,9.629478892249203,6.36368795580505,7.664972212564429,12.137911888566213,43.396715766922675,2000
2178,SSP1-2.6,ais,1.7775557154258472,9.684818969033177,6.399723865010742,7.7089008466174676,12.2075817488951,43.46383455851794,2000
2179,SSP1-2.6,ais,1.7823480096150495,9.740298073358051,6.435755073960018,7.752826220017282,12.276337733395069,43.50881545393234,2000
2180,SSP1-2.6,ais,1.7864851027169935,9.795907044402934,6.471831722286735,7.796919233958623,12.346593858210527,43.55387407710994,2000
2181,SSP1-2.6,ais,1.787807388580865,9.851654861542691,6.5079723796739115,7.841140368644435,12.416747590697392,43.58881242048218,2000
2182,SSP1-2.6,ais,1.7893850298463798,9.907452344531514,6.544141371836588,7.885402692602647,12.486970227641443,43.622500466692955,2000
2183,SSP1-2.6,ais,1.7967689850348303,9.963176156104808,6.580324673088112,7.929693858083833,12.55725138002828,43.67184073226432,2000
2184,SSP1-2.6,ais,1.7929139839056534,10.018903815249868,6.6165633061008355,7.974115285990109,12.627833870464432,43.72147869383559,2000
2185,SSP1-2.6,ais,1.7879094256587844,10.074589166338091,6.652739252983233,8.018428128809926,12.698195844345895,43.77089625645956,2000
2186,SSP1-2.6,ais,1.78778469245074,10.13010009775994,6.688851655007404,8.062147580615605,12.768255782304395,43.82006407196174,2000
2187,SSP1-2.6,ais,1.7832045403187535,10.18557119095792,6.724934334469264,8.10522390845875,12.838210951327252,43.869176720530085,2000
2188,SSP1-2.6,ais,1.7736312222458008,10.240867046239936,6.760944708214385,8.148220982510104,12.907913490514257,43.91803559450146,2000
2189,SSP1-2.6,ais,1.7763447808100665,10.295852259736291,6.796849797121001,8.191114042744703,12.977162848434274,43.96644773463754,2000
2190,SSP1-2.6,ais,1.7750903677756291,10.350897447641604,6.832765008508023,8.234009565380521,13.046498547524891,44.01495293336247,2000
2191,SSP1-2.6,ais,1.7751381041868388,10.405997383726158,6.868684091400954,8.276896454188748,13.115766674271448,44.063399092867286,2000
2192,SSP1-2.6,ais,1.7836675212812578,10.461129979234524,6.904625120910075,8.319888590647544,13.185053702246265,44.11188181711322,2000
2193,SSP1-2.6,ais,1.7849798669824517,10.516549995977602,6.940657337802441,8.36299340746727,13.254723033033864,44.1607609126437,2000
2194,SSP1-2.6,ais,1.79007253808659,10.572000400942171,6.97644849839897,8.40610243507081,13.324429741336603,44.20968164838195,2000
2195,SSP1-2.6,ais,1.7861031354888972,10.627604988530576,7.011964000301364,8.449259044149558,13.394340575647735,44.25881364760903,2000
2196,SSP1-2.6,ais,1.7922696416327597,10.683073155586875,7.047484581923346,8.492963544257515,13.464061942775228,44.30776283773793,2000
2197,SSP1-2.6,ais,1.7908902319641304,10.738680155450258,7.082944420129473,8.536940363642762,13.53397237874666,44.356893417724955,2000
2198,SSP1-2.6,ais,1.7890220174427829,10.794244771571142,7.118412219489086,8.58089221330848,13.60381949339369,44.40597027124059,2000
2199,SSP1-2.6,ais,1.7822536218659841,10.849703569938601,7.153849698634291,8.624753057284732,13.67352274660583,44.45489954313734,2000
2200,SSP1-2.6,ais,1.7793400105758876,10.904832334600034,7.189288716520386,8.668438981004382,13.742898617065233,44.50350643831981,2000
2201,SSP1-2.6,ais,1.781849448842886,10.95984396360069,7.224718868187914,8.712124643304154,13.81211264667902,44.55195744813294,2000
2202,SSP1-2.6,ais,1.7779736896615816,11.014895851862505,7.260128363699976,8.75585265295457,13.881403019801386,44.60048909048753,2000
2203,SSP1-2.6,ais,1.786618796488366,11.069803617361353,7.295565100868162,8.799514291451818,13.950541123171437,44.648885295854654,2000
2204,SSP1-2.6,ais,1.8076970728094985,11.125032918140063,7.331007325584479,8.843413302867264,14.02008276222033,44.69770519774535,2000
2205,SSP1-2.6,ais,1.8104041056339075,11.180857372783354,7.366431155324383,8.887641723007071,14.090580479954586,44.74750314344316,2000
2206,SSP1-2.6,ais,1.815077447465759,11.236697144002394,7.401851117153999,8.931090207624232,14.161192107810937,44.79742005926501,2000
2207,SSP1-2.6,ais,1.810085236373333,11.292640671126001,7.437253263690232,8.97456690914667,14.231987007728728,44.86901492988329,2000
2208,SSP1-2.6,ais,1.8034392564785593,11.34838527525595,7.472608910150871,9.017930580301911,14.302466976673234,45.13296811379962,2000
2209,SSP1-2.6,ais,1.7999677571846697,11.40394520462941,7.507968060171332,9.061224911043542,14.372626725770536,45.26447104784947,2000
2210,SSP1-2.6,ais,1.786945928902812,11.459350033684467,7.5432822698056565,9.104425617356695,14.442544348797504,45.30728515511142,2000
2211,SSP1-2.6,ais,1.78678119026803,11.5144039511305,7.578608331253609,9.147497082456429,14.511854955420054,45.3498597253965,2000
2212,SSP1-2.6,ais,1.7866525917294143,11.569429443755624,7.613918553701313,9.190547356979994,14.581121671608873,45.392413480077714,2000
2213,SSP1-2.6,ais,1.7898257265724629,11.624435437427891,7.6492191256300455,9.233602258938088,14.650357248028355,45.43495253355071,2000
2214,SSP1-2.6,ais,1.7904924122509598,11.679522092669568,7.684517282757552,9.27670264846436,14.719727715459843,45.46794617867837,2000
2215,SSP1-2.6,ais,1.7939330047043696,11.734621630346748,7.719814269516603,9.319808118268417,14.789117504065755,45.499143899388855,2000
2216,SSP1-2.6,ais,1.7926950127336962,11.78978752960672,7.75509084099593,9.362926388415023,14.858628279657879,45.53038997933704,2000
2217,SSP1-2.6,ais,1.7898173192234428,11.844901932525303,7.790357438856373,9.406016719517165,14.928054491263424,45.56160022803376,2000
2218,SSP1-2.6,ais,1.7834811901056176,11.899919181104861,7.825614056588438,9.449060853449643,14.997318242621411,45.59274183211873,2000
2219,SSP1-2.6,ais,1.7862150269113795,11.95476143008261,7.860873139465407,9.492038177088528,15.066278748774733,45.62376327825013,2000
2220,SSP1-2.6,ais,1.786985996022781,12.009570237911937,7.896108619150006,9.5346772510812,15.135320481919978,45.6548151375464,2000
2221,SSP1-2.6,ais,1.7808235274151358,12.064164711579767,7.931336567009836,9.577103448842596,15.204062356187027,45.68587646875255,2000
2222,SSP1-2.6,ais,1.7843238439966718,12.118617145581467,7.9665692295135635,9.619503864662295,15.26311621478509,45.716823376828344,2000
2223,SSP1-2.6,ais,1.7855601109810113,12.173123128949593,8.001782432322154,9.661894324260157,15.330843550088101,45.74782131623032,2000
2224,SSP1-2.6,ais,1.7861141310371054,12.227636766763943,8.036981755027776,9.704270015793673,15.399897164030811,45.77882993727965,2000
2225,SSP1-2.6,ais,1.7805733011101121,12.282149131721527,8.072172996958344,9.747047051413588,15.468952879266784,45.80984324146255,2000
2226,SSP1-2.6,ais,1.7821149981201945,12.33653761548642,8.107372016745886,9.789952944709588,15.537747937405907,45.84075862913567,2000
2227,SSP1-2.6,ais,1.7889679397605007,12.390946529522239,8.142561910944462,9.832331270492741,15.60658797939233,45.88932477391555,2000
2228,SSP1-2.6,ais,1.7878425371833997,12.44548979684772,8.177949437811634,9.874881126056072,15.675711340968606,45.938547525977796,2000
2229,SSP1-2.6,ais,1.7919086903566461,12.500002388091627,8.213379509881884,9.917415512809754,15.74477072231102,45.987713576553695,2000
2230,SSP1-2.6,ais,1.7937452347263487,12.55459105072282,8.248835728535658,9.960450864730673,15.813990190796034,46.03705236733074,2000
2231,SSP1-2.6,ais,1.7943867093527042,12.609197324198796,8.284287166005884,10.003592609784507,15.883260107414019,46.08644559229472,2000
2232,SSP1-2.6,ais,1.788864590972943,12.663807615733075,8.319740050701748,10.04677604112824,15.952539846528992,46.13585790743947,2000
2233,SSP1-2.6,ais,1.7843701080276038,12.718286866784023,8.355144948366037,10.08985333125338,16.02155161542081,46.18500527011422,2000
2234,SSP1-2.6,ais,1.7868849658449923,12.772639959359772,8.390489906168002,10.13282485784288,16.09032079522537,46.233908999142706,2000
2235,SSP1-2.6,ais,1.7903651462360186,12.827112990210216,8.425826045776935,10.175812101036524,16.15915845193654,46.282884660012755,2000
2236,SSP1-2.6,ais,1.7913986651772016,12.881691646957357,8.461181329528552,10.218844857341947,16.228122887362268,46.331994399580935,2000
2237,SSP1-2.6,ais,1.795018008345624,12.936275926053915,8.496654027461117,10.26188198007996,16.297107141270885,46.38112966120268,2000
2238,SSP1-2.6,ais,1.789577965830955,12.990925836677004,8.532222463451108,10.304975772032003,16.366233460104468,46.4304193634748,2000
2239,SSP1-2.6,ais,1.8032955315829549,13.045490464006566,8.567790204078918,10.348008935203033,16.435144038622052,46.479515071122826,2000
2240,SSP1-2.6,ais,1.8029387263343433,13.100559751460967,8.603447926440074,10.391286144269484,16.504656317953863,46.529242570052276,2000
2241,SSP1-2.6,ais,1.8086083260689714,13.15591664837122,8.639097320712112,10.434549069546014,16.57413471242623,46.57893881988011,2000
2242,SSP1-2.6,ais,1.8107483032923184,13.211432560033055,8.674766459315089,10.477759425546077,16.64383158355301,46.628863736999804,2000
2243,SSP1-2.6,ais,1.8048343979863242,13.267006878014236,8.710444332718279,10.520711971828884,16.71360493396222,46.67887463810026,2000
2244,SSP1-2.6,ais,1.8022214985034728,13.322373880101019,8.746075539907427,10.563597134026386,16.78308682653362,46.72991198202251,2000
2245,SSP1-2.6,ais,1.7974081413282272,13.377606470239812,8.781651451879846,10.606410689570707,16.85238542493687,46.80481043856814,2000
2246,SSP1-2.6,ais,1.7981799844949546,13.432658911644424,8.817180553324528,10.649158521593565,16.921431300211708,46.879392616680825,2000
2247,SSP1-2.6,ais,1.7981819151979928,13.487707340857042,8.852694720722761,10.69188766204102,16.99046970170024,46.953982538644816,2000
2248,SSP1-2.6,ais,1.7979067683469578,13.542740715443347,8.88820079531352,10.7346047811868,17.059482812203814,47.02854852842869,2000
2249,SSP1-2.6,ais,1.804877122128305,13.597758862144767,8.923705068039945,10.77731663936375,17.128468031414634,47.103082566777005,2000
2250,SSP1-2.6,ais,1.8144590152605313,13.653026816582297,8.959281674844682,10.8201222125386,17.197785308379594,47.17803974558039,2000
2251,SSP1-2.6,ais,1.8150024689180146,13.708617641693845,8.994935649694389,10.86303226524209,17.267540095369363,47.253563519671566,2000
2252,SSP1-2.6,ais,1.8181228807024847,13.764221550991873,9.030593389910603,10.905945279546529,17.337307701613682,47.329105840660226,2000
2253,SSP1-2.6,ais,1.8186067312908611,13.819895060524981,9.066248204166227,10.948857911937573,17.407171463944934,47.40479214017087,2000
2254,SSP1-2.6,ais,1.8085971840379556,13.875550629665412,9.10188102025629,10.991797550671183,17.477011029663625,47.48046532854654,2000
2255,SSP1-2.6,ais,1.8107406652940954,13.930843455191068,9.137420732291783,11.034704806781686,17.546349295505532,47.55550284717541,2000
2256,SSP1-2.6,ais,1.8061416298809037,13.986164078446457,9.172943661945336,11.077599318206687,17.615726253853065,47.63061634808209,2000
2257,SSP1-2.6,ais,1.8033478120249682,14.04132334028332,9.20843137224142,11.120430836460246,17.684874585647513,47.70543773706161,2000
2258,SSP1-2.6,ais,1.8019775849194732,14.096124816034823,9.243884009434895,11.16320748202711,17.75385873285484,47.78005992729268,2000
2259,SSP1-2.6,ais,1.797191547761437,14.150661181999237,9.279312510090946,11.205947788474244,17.822745539443677,47.85456902758482,2000
2260,SSP1-2.6,ais,1.7943581277002514,14.205056498163493,9.314703388851573,11.248621817624214,17.89139279624574,47.92877348365332,2000
2261,SSP1-2.6,ais,1.800208165903617,14.259369297032354,9.350074667679314,11.291259053009023,17.959893881045893,48.00279321669452,2000
2262,SSP1-2.6,ais,1.79384019975978,14.313816692604664,9.385472193368937,11.333948784121738,18.02862690710115,48.077128610716485,2000
2263,SSP1-2.6,ais,1.7973389626309617,14.368101287892454,9.420838639214644,11.376572895017908,18.097073092776796,48.15108576041705,2000
2264,SSP1-2.6,ais,1.7977861580130086,14.422452216323157,9.456210989250087,11.419216256390186,18.16563790510475,48.2252140920818,2000
2265,SSP1-2.6,ais,1.7985495784249659,14.476793831153884,9.49157417036028,11.461847822828103,18.23419357549336,48.299341275808246,2000
2266,SSP1-2.6,ais,1.8018100087076057,14.53113857625702,9.52693344711013,11.504475326186453,18.30275722254983,48.373488566887666,2000
2267,SSP1-2.6,ais,1.7993491803735144,14.585532449096068,9.562288479835722,11.54710853779493,18.371420507641517,48.44778563194172,2000
2268,SSP1-2.6,ais,1.796589724207627,14.63984180902761,9.59761703158738,11.58969769402929,18.439945663493653,48.52191194027509,2000
2269,SSP1-2.6,ais,1.7977499359724252,14.694064337457547,9.632921441554052,11.63224481741891,18.508322588650376,48.59585319124436,2000
2270,SSP1-2.6,ais,1.7961957957384704,14.748293776769119,9.66821885721539,11.674786125190014,18.576717022701175,48.669831214950406,2000
2271,SSP1-2.6,ais,1.791913686648526,14.80246763889157,9.703499555845484,11.717298765998745,18.6450182551393,48.74369555041131,2000
2272,SSP1-2.6,ais,1.7887990633109918,14.856518925002915,9.73874992775049,11.759755827972178,18.71310790451236,48.81728960430564,2000
2273,SSP1-2.6,ais,1.793457550008949,14.910481818892636,9.77398004640065,11.802122199229522,18.781040663879438,48.89068416624685,2000
2274,SSP1-2.6,ais,1.7965359143272064,14.964274060219722,9.809230772692834,11.844238910198692,18.849154235819388,48.96432620165055,2000
2275,SSP1-2.6,ais,1.7967544196999405,15.017959907218582,9.844493754317947,11.886365073852879,18.91738280378669,49.038126645194644,2000
2276,SSP1-2.6,ais,1.7955430913712196,15.071633144494989,9.879750186064875,11.928480370858258,18.985596973731237,49.111916754521005,2000
2277,SSP1-2.6,ais,1.7960394398262745,15.125265657868631,9.914998409119445,11.970583658438455,19.05374098710152,49.185619805671735,2000
2278,SSP1-2.6,ais,1.7913174196442114,15.178886647811247,9.950237425187025,12.012672194686546,19.1218759671924,49.25932322593754,2000
2279,SSP1-2.6,ais,1.7903351670228975,15.232344576222484,9.985427977916075,12.054703488420397,19.18970778667192,49.33271519459455,2000
2280,SSP1-2.6,ais,1.7885383267461101,15.285753261236628,10.0206017499236,12.096711760770635,19.25742024806702,49.406022071598144,2000
2281,SSP1-2.6,ais,1.7841382179253924,15.339090400678224,10.055753477425501,12.138691824085292,19.31548532453022,49.47919695432163,2000
2282,SSP1-2.6,ais,1.7848011477552033,15.392297757431024,10.0908752303652,12.180636237481036,19.382888417298922,49.5520963485004,2000
2283,SSP1-2.6,ais,1.7819587530982903,15.445497553488085,10.125988401559965,12.222566174190185,19.450292902031144,49.625004887344396,2000
2284,SSP1-2.6,ais,1.7852573475228257,15.49890638438972,10.161084996667634,12.26447548320233,19.517543887310033,49.69773353190245,2000
2285,SSP1-2.6,ais,1.7929197371454555,15.552410664319847,10.196188598800653,12.30638698845999,19.584925755023544,49.77062476009881,2000
2286,SSP1-2.6,ais,1.7972431095861325,15.606264931942198,10.231323050916519,12.348326257539226,19.652651691925524,49.84393144953702,2000
2287,SSP1-2.6,ais,1.7944532182764277,15.660240211155768,10.266471365964886,12.390276175493486,19.7211054676173,49.917463534704055,2000
2288,SSP1-2.6,ais,1.7911122416233418,15.714129497557948,10.301605442610658,12.432208637220008,19.789527179744617,49.990821300092335,2000
2289,SSP1-2.6,ais,1.788843450904485,15.767837492915625,10.336710343222382,12.474199524701977,19.857788105113816,50.06395902186844,2000
2290,SSP1-2.6,ais,1.7931513548520999,15.818412591504881,10.371795763115124,12.516233338978113,19.925936632594663,50.13676568633895,2000
2291,SSP1-2.6,ais,1.7920688109441782,15.87167892024506,10.406889488981921,12.558277385236885,19.994238436307125,50.18423813422865,2000
2292,SSP1-2.6,ais,1.7922262812126262,15.924899493417364,10.441969982057627,12.600302674688303,20.062478842999223,50.231663790578,2000
2293,SSP1-2.6,ais,1.787479920510822,15.978098428409343,10.47703850481697,12.642311383733514,20.130702604400597,50.277578292834555,2000
2294,SSP1-2.6,ais,1.7865715851690998,16.031521389247146,10.512076335311042,12.684277900118346,20.198714219279626,50.321816072089476,2000
2295,SSP1-2.6,ais,1.792297705170939,16.084962532513458,10.547100882204642,12.72622526694197,20.260869372642134,50.359037813231126,2000
2296,SSP1-2.6,ais,1.7922815332828843,16.138520220344354,10.582155843098105,12.768209746744425,20.327900076842564,50.37457396053698,2000
2297,SSP1-2.6,ais,1.8044910201024014,16.192080596432152,10.617218702973778,12.810200948020812,20.39559737329948,50.39012596737402,2000
2298,SSP1-2.6,ais,1.8021318394235173,16.245916453481676,10.652362999796619,12.852293692443542,20.463792873243772,50.40563449469284,2000
2299,SSP1-2.6,ais,1.8090851408976707,16.299705599371592,10.687503669282478,12.89437828302582,20.531751588201423,50.42117226660042,2000
2300,SSP1-2.6,ais,1.8146865576619162,16.353626668228586,10.722671794376103,12.936497394848267,20.599951132821037,50.436665367928235,2000
1990,SSP1-2.6,te,0.5557397132233756,-1.4247578765136617,-1.583135217297057,-1.5193868837737585,-1.3422101373165067,-1.265192397403726,2000
1991,SSP1-2.6,te,0.5885637306361448,-1.313316643953554,-1.4593060791443988,-1.4005439913394768,-1.2372255960671301,-1.1662320038403242,2000
1992,SSP1-2.6,te,0.5090689778394178,-1.311440103205094,-1.4572209404730831,-1.3985428152469788,-1.2354577784911123,-1.1645656259051624,2000
1993,SSP1-2.6,te,0.3084522979487564,-1.4832322407154128,-1.6481096433401468,-1.58174497525703,-1.3972966089889973,-1.3171179366484025,2000
1994,SSP1-2.6,te,0.332676813580452,-1.4676557619796389,-1.6308016695050247,-1.5651339440940177,-1.3826226015611465,-1.3032859425954588,2000
1995,SSP1-2.6,te,0.4547856293863089,-1.340772924172906,-1.4898144236622726,-1.4298238519601318,-1.2630911120617445,-1.1906133233382812,2000
1996,SSP1-2.6,te,0.5463394857269461,-1.2031024018843652,-1.336840324826625,-1.283009583167082,-1.1333969558325507,-1.068361184208316,2000
1997,SSP1-2.6,te,0.600043540445978,-1.0647299882586245,-1.1830863117943586,-1.1354468050945568,-1.0030415745042611,-0.945485761923881,2000
1998,SSP1-2.6,te,0.6466075693928761,-0.924762822249936,-1.027560272299259,-0.9861833550036763,-0.8711838376879364,-0.8211941912370353,2000
1999,SSP1-2.6,te,0.686007840655961,-0.7784937111363839,-0.8650317579293435,-0.830199399701046,-0.7333892783812825,-0.6913064605520858,2000
2000,SSP1-2.6,te,0.7295563669080296,-0.6260162205159975,-0.6956047351169514,-0.667594719187718,-0.5897460411710035,-0.5559056566062506,2000
2001,SSP1-2.6,te,0.7655239205849365,-0.46888714095447737,-0.5210090486386187,-0.5000295023317802,-0.4417207191627823,-0.41637421751097464,2000
2002,SSP1-2.6,te,0.7999498588212678,-0.31862934891266725,-0.35404846805438106,-0.3397919474626165,-0.3001685754520127,-0.2829445174364966,2000
2003,SSP1-2.6,te,0.8301407393993533,-0.1665345390814773,-0.1850466651648595,-0.1775953644803583,-0.15688584723984686,-0.14788353601988177,2000
2004,SSP1-2.6,te,0.8359312010698448,-0.030898991123807673,-0.03433375019954141,-0.03295122814146813,-0.029108762831134914,-0.0274384646694821,2000
2005,SSP1-2.6,te,0.843916603443868,0.0983910582515517,0.0873717709685369,0.09269046901476467,0.10492595679052143,0.1093282949705902,2000
2006,SSP1-2.6,te,0.8516506513236204,0.21689967099894736,0.1926080348604456,0.20433291999604597,0.23130562788468578,0.24101042951860877,2000
2007,SSP1-2.6,te,0.8597675192449368,0.3378894292791066,0.30004756887751133,0.31831276369585815,0.3603312362579894,0.37544951592273396,2000
2008,SSP1-2.6,te,0.8671015531069908,0.4618706438566592,0.4101435316303063,0.43511074445171904,0.4925469862943548,0.5132125915417827,2000
2009,SSP1-2.6,te,0.8915919796329949,0.5939586560291777,0.5274383727704522,0.559545830495787,0.6334079680141137,0.6599836235186477,2000
2010,SSP1-2.6,te,0.91224213325433,0.7337303769747568,0.651556387225722,0.6912194459611664,0.7824629920486923,0.8152924921052334,2000
2011,SSP1-2.6,te,0.9463726707864436,0.8848708868482523,0.7857699453213495,0.8336031645251856,0.9436418927546784,0.9832339142130129,2000
2012,SSP1-2.6,te,0.9634454159642772,1.035001856300064,0.9190870262769371,0.9750358335036218,1.1037442017810317,1.1500535744964164,2000
2013,SSP1-2.6,te,1.0010392042679888,1.1958987353769084,1.061964290919354,1.1266106559485207,1.2753274663759173,1.3288358924036772,2000
2014,SSP1-2.6,te,1.034758969518629,1.3643167743752174,1.2115203846520715,1.2852708767318863,1.4549314283284478,1.5159754289955105,2000
2015,SSP1-2.6,te,1.0655474016558886,1.5359690140219282,1.3639484653655163,1.4469779147801072,1.6379843987937077,1.7067086828291953,2000
2016,SSP1-2.6,te,1.0982433117141364,1.7106668612644875,1.5190810614490895,1.6115541037604428,1.824285258820089,1.9008260966823027,2000
2017,SSP1-2.6,te,1.1215083354395925,1.8824281674436394,1.6716059938100534,1.7733638892353654,2.007454539755768,2.091680540980264,2000
2018,SSP1-2.6,te,1.1514531927883527,2.056808366852132,1.8264565169664735,1.9376408342880072,2.1934166545394,2.285444996986218,2000
2019,SSP1-2.6,te,1.172690213058829,2.233480600555172,1.9833423784858897,2.1040770175634584,2.381823035048247,2.481756271838214,2000
2020,SSP1-2.6,te,1.183004264307409,2.3999787958320873,2.1311936410184775,2.260928626689085,2.559379641855552,2.6667625531891765,2000
2021,SSP1-2.6,te,1.2100067371777328,2.5782478206245587,2.289497461322256,2.4288690860403124,2.749488868495243,2.8648481198348987,2000
2022,SSP1-2.6,te,1.2401553910866456,2.759746635515368,2.450669352015388,2.5998522076451436,2.9430424001594235,3.066522502891776,2000
2023,SSP1-2.6,te,1.2795255652495054,2.9486104261653834,2.618381379451199,2.7777735924370397,3.144450071640841,3.276380558901891,2000
2024,SSP1-2.6,te,1.3120856196879593,3.143714313612233,2.7916346452662197,2.961573534783601,3.352512292209426,3.493172366366384,2000
2025,SSP1-2.6,te,1.3450532697084467,3.343972059077678,2.9694645637812638,3.150228730498388,3.566070677707766,3.7156909392474344,2000
2026,SSP1-2.6,te,1.3757659511567653,3.5462733076364197,3.1491091236612228,3.340809032655943,3.7818082908826747,3.940480172825986,2000
2027,SSP1-2.6,te,1.400059949863873,3.7400534055570684,3.3211868574985504,3.5233618833029037,3.9884587989939067,4.155801037154269,2000
2028,SSP1-2.6,te,1.4175823530737954,3.930105706333439,3.4899542881020795,3.702402918223565,4.191133918598955,4.366979719123477,2000
2029,SSP1-2.6,te,1.4347237788428864,4.123665977287187,3.6618368144505755,3.8847486782565395,4.397549999362415,4.58205632032555,2000
2030,SSP1-2.6,te,1.4578128091905669,4.316677534404732,3.8332320800614,4.066577515880747,4.603380922030304,4.796523212177961,2000
2031,SSP1-2.6,te,1.475920925382979,4.512773730947039,4.007366521509238,4.251312274836664,4.812501358488859,5.014417634691201,2000
2032,SSP1-2.6,te,1.5035590631054043,4.70512180806408,4.178172613432164,4.432516073219283,5.017624734402993,5.228147293521717,2000
2033,SSP1-2.6,te,1.5207037061559632,4.900747851716066,4.351889556670476,4.616807919041761,5.22624379154181,5.445519300535135,2000
2034,SSP1-2.6,te,1.5443794295508118,5.100315480013256,4.5291066475542525,4.804812981653628,5.439066223941733,5.667271042215505,2000
2035,SSP1-2.6,te,1.5694008625927183,5.304844626714989,4.710729592561374,4.997492101808066,5.657179706920659,5.894535829057428,2000
2036,SSP1-2.6,te,1.6001447457060347,5.510517800770426,4.893368439802964,5.1912489665651655,5.876513200811297,6.123071814341596,2000
2037,SSP1-2.6,te,1.6228275484992332,5.716321625802632,5.07612330579079,5.3851289126319815,6.095986023203799,6.3517529738802185,2000
2038,SSP1-2.6,te,1.638756606214989,5.924606343495612,5.261081217352132,5.581346013196255,6.318104513208301,6.583190804293483,2000
2039,SSP1-2.6,te,1.665056147183829,6.132095950712337,5.445333066679155,5.776814070460537,6.5393750834022235,6.813745139049448,2000
2040,SSP1-2.6,te,1.680002027001819,6.331075742689622,5.622028155856452,5.9642653548616185,6.751570636801167,7.034843700006703,2000
2041,SSP1-2.6,te,1.6834285647818141,6.529653031142653,5.798365819812796,6.151337456020783,6.963336953355373,7.2554950147933335,2000
2042,SSP1-2.6,te,1.704109570537229,6.725601850686926,5.972369389720609,6.335933376719318,7.172300224388511,7.473225677751598,2000
2043,SSP1-2.6,te,1.714663980468551,6.921413401182345,6.1462510639997845,6.520399981474454,7.381117109291191,7.690803812712597,2000
2044,SSP1-2.6,te,1.7260350563196727,7.118347502288495,6.321129569054078,6.705924098410581,7.591131101928762,7.909629281999202,2000
2045,SSP1-2.6,te,1.7459958257047152,7.31480962400366,6.495588953956766,6.891003581536554,7.800641767434126,8.127930306249896,2000
2046,SSP1-2.6,te,1.762760719311069,7.516308342447241,6.674520862924506,7.080827850634858,8.015523548364898,8.351827799758647,2000
2047,SSP1-2.6,te,1.7826873664759635,7.718184034657115,6.8537875265554735,7.2710072523623355,8.230807340757035,8.576144171769668,2000
2048,SSP1-2.6,te,1.7943045116741423,7.919114753114853,7.032215048584449,7.460296430304759,8.445083396502705,8.799410525913732,2000
2049,SSP1-2.6,te,1.8137621029829256,8.118590524548665,7.209350570096256,7.648214958063765,8.657807871126293,9.021060199840866,2000
2050,SSP1-2.6,te,1.8262150982576644,8.315067415639074,7.383823070280904,7.833308354855701,8.867334286953447,9.23937763524357,2000
2051,SSP1-2.6,te,1.8308350187033013,8.508010474836224,7.555157509382501,8.015072663197664,9.073092162233053,9.453768414886408,2000
2052,SSP1-2.6,te,1.839260518267929,8.699472696413041,7.725176956982792,8.195441930811313,9.277270846202736,9.6665137456944,2000
2053,SSP1-2.6,te,1.8419008709450382,8.887499435135064,7.892145677957215,8.372574760858763,9.477785870771024,9.875441702346754,2000
2054,SSP1-2.6,te,1.8495654187516568,9.073266369091936,8.05710768055821,8.547578714895671,9.67589099975167,10.081858652345346,2000
2055,SSP1-2.6,te,1.8519517245166544,9.258092998231746,8.221234687595818,8.721696843573454,9.872993371120419,10.287230772414988,2000
2056,SSP1-2.6,te,1.8650721303408586,9.441070934079615,8.38372004538435,8.89407338870351,10.068124263414584,10.49054869681764,2000
2057,SSP1-2.6,te,1.878411111649326,9.62829424751067,8.549975320525785,9.070449342380673,10.267782501107492,10.698583918715851,2000
2058,SSP1-2.6,te,1.8934387511902997,9.818549258037716,8.718922758441197,9.249681342437782,10.470673793959566,10.909987843830216,2000
2059,SSP1-2.6,te,1.9036280513318873,10.00715712309239,8.886407522618555,9.427361629472559,10.67180854188029,11.119561525330338,2000
2060,SSP1-2.6,te,1.9120348699423153,10.19308609689923,9.051513417448279,9.60251823508126,10.870086473009817,11.326158527671378,2000
2061,SSP1-2.6,te,1.9157720858784457,10.374916522737676,9.212979780385966,9.773813754731332,11.06399364042689,11.528201383840987,2000
2062,SSP1-2.6,te,1.9252995872840941,10.549383716039205,9.367907554571424,9.93817265341767,11.250048527029668,11.722062504057767,2000
2063,SSP1-2.6,te,1.9227545106403505,10.721366866562871,9.520629485863022,10.1001914300012,11.433454386680125,11.913163453113027,2000
2064,SSP1-2.6,te,1.929979720056169,10.890978996551503,9.67124593859966,10.259976558432747,11.61433174828788,12.10162981690168,2000
2065,SSP1-2.6,te,1.9279017310614255,11.057573417804036,9.819182650298586,10.41691881838549,11.791990972169737,12.286743020792485,2000
2066,SSP1-2.6,te,1.9250740149608094,11.223433214312962,9.966467011408072,10.573169016343527,11.968866779291222,12.471039938405973,2000
2067,SSP1-2.6,te,1.9307580359371808,11.385488377540863,10.110372838395088,10.725835014176939,12.141685258497521,12.651109296350985,2000
2068,SSP1-2.6,te,1.9303005835819673,11.549072216834485,10.255636137671482,10.879941119516266,12.316133944774148,12.832877259339966,2000
2069,SSP1-2.6,te,1.9315130943430172,11.714723346773837,10.402735201782953,11.035994740645627,12.49278722619206,13.01694231482417,2000
2070,SSP1-2.6,te,1.941998544440816,11.882207799278,10.551462265857941,11.19377546514604,12.671395595070528,13.203044486624664,2000
2071,SSP1-2.6,te,1.9488800722775106,12.04794079751587,10.698634029443884,11.349906211281692,12.84813618228335,13.387200510959577,2000
2072,SSP1-2.6,te,1.9600550100485683,12.211266305252906,10.843667928955735,11.503768952299437,13.022309379239854,13.568681426028549,2000
2073,SSP1-2.6,te,1.9549334001318275,12.374052193110845,10.988222643211076,11.657123337979087,13.195907116056748,13.749562736597252,2000
2074,SSP1-2.6,te,1.9609657708872554,12.528987799964234,11.12580626714422,11.8030822728816,13.361133174998496,13.921721122008739,2000
2075,SSP1-2.6,te,1.968212494580389,12.681290284493837,11.261051664772108,11.946560643518396,13.523551225935458,14.090953684899114,2000
2076,SSP1-2.6,te,1.960330564727248,12.829189793026337,11.392387196836648,12.085891138144055,13.681273865750398,14.255293833101469,2000
2077,SSP1-2.6,te,1.955954255771158,12.97405784819437,11.52103078256207,12.222365815999956,13.835763710325761,14.416265548912609,2000
2078,SSP1-2.6,te,1.9521852919753506,13.116687172363696,11.647686363528173,12.356731470638142,13.987866132749051,14.574749674414875,2000
2079,SSP1-2.6,te,1.9510280861016316,13.257192190465096,11.772455549668031,12.489095897428331,14.137703157781013,14.730873354115168,2000
2080,SSP1-2.6,te,1.94830410642478,13.402058198899594,11.901097317883442,12.625568647134516,14.292190819683698,14.891842795676073,2000
2081,SSP1-2.6,te,1.9565166945721395,13.550241963923208,12.032685271189091,12.765166928975294,14.45021659562538,15.056498798571528,2000
2082,SSP1-2.6,te,1.9608847127432856,13.699665843661851,12.16537445280534,12.9059334756626,14.609564851732602,15.222532768426293,2000
2083,SSP1-2.6,te,1.9703278175020005,13.847824761866827,12.296940342006936,13.045508350261764,14.767564130589435,15.38716116250886,2000
2084,SSP1-2.6,te,1.9704917871545213,13.987189536610313,12.42069698612025,13.176798597207627,14.916185180029416,15.542017848395005,2000
2085,SSP1-2.6,te,1.962081047311514,14.11843958758282,12.537247713360726,13.300444271916705,15.05615254517235,15.687857770666605,2000
2086,SSP1-2.6,te,1.9566852476790242,14.245273879032094,12.649877223200233,13.419930027741504,15.191410866615936,15.828791073696035,2000
2087,SSP1-2.6,te,1.9486594231626369,14.368713026595554,12.759491827627926,13.53621734780658,15.32304854684485,15.965951825654138,2000
2088,SSP1-2.6,te,1.936368050306355,14.490599147093606,12.867727335951994,13.65104162021628,15.453030051668655,16.101386914690003,2000
2089,SSP1-2.6,te,1.9278308259259676,14.61212441400052,12.975642404412126,13.765525946199922,15.582626735869685,16.23642103733162,2000
2090,SSP1-2.6,te,1.9265564288102708,14.73287845179058,13.082872617409176,13.879283726602804,15.711400967762254,16.370598200348294,2000
2091,SSP1-2.6,te,1.919259589944645,14.85510427352443,13.19140978219572,13.994428018610119,15.841744735964681,16.506410752108614,2000
2092,SSP1-2.6,te,1.9259263600021215,14.981581376834493,13.303722107111653,14.113577281091537,15.976622145687964,16.646947161650584,2000
2093,SSP1-2.6,te,1.9273236410045735,15.106150865977689,13.414340460735424,14.230929452912806,16.109465242078286,16.785363904954274,2000
2094,SSP1-2.6,te,1.9277320498818777,15.230079412396343,13.52438965388945,14.347677817001895,16.241624825862726,16.92306845777548,2000
2095,SSP1-2.6,te,1.929088206290513,15.354548016988089,13.634918421507333,14.464934949329162,16.374360337191206,17.06137310211209,2000
2096,SSP1-2.6,te,1.9337487555419648,15.472061449175499,13.739270959891003,14.57563987860371,16.49967873021507,17.19194943095231,2000
2097,SSP1-2.6,te,1.9250482758784415,15.580002308522582,13.835123003853258,14.677326851551582,16.614788763027484,17.311889091321714,2000
2098,SSP1-2.6,te,1.9113268012346174,15.686541510284002,13.929730368596411,14.77769337626643,16.72840404351298,17.430271284613344,2000
2099,SSP1-2.6,te,1.9069636107059724,15.792284716041275,14.023630884751878,14.877310023459188,16.841170459845372,17.54776899828373,2000
2100,SSP1-2.6,te,1.9004970717491718,15.897470027274302,14.11703598767099,14.976401099466589,16.953341927634828,17.664646801383046,2000
2101,SSP1-2.6,te,1.903861305509231,16.003060082329533,14.210800505207267,15.075873469215287,17.065945021362186,17.78197433998442,2000
2102,SSP1-2.6,te,1.9038722991133727,16.11157906821405,14.307165928538714,15.178105073157646,17.181671578492598,17.90255639194649,2000
2103,SSP1-2.6,te,1.9057695630459284,16.224026390759676,14.407019735236911,15.284037413468099,17.30158738300064,18.027503457933836,2000
2104,SSP1-2.6,te,1.903432896233887,16.331016998346065,14.502027950698148,15.384829190420055,17.41568405060533,18.146387235719637,2000
2105,SSP1-2.6,te,1.9050784566898782,16.436315985841613,14.595533998729039,15.484027356505317,17.527976744762515,18.263391351434958,2000
2106,SSP1-2.6,te,1.8984335092886517,16.539888975599034,14.687507351800168,15.581599525851562,17.63842880454388,18.378477605982958,2000
2107,SSP1-2.6,te,1.8936766988403748,16.640256873418025,14.776634566576277,15.676152300140089,17.745462897853322,18.49000248774893,2000
2108,SSP1-2.6,te,1.892253728944272,16.733537506617793,14.859468253544996,15.764028432330631,17.84493900739458,18.593652278316632,2000
2109,SSP1-2.6,te,1.8845879972111763,16.824760768831872,14.940474984388302,15.849966393665106,17.94222110029466,18.6950159987273,2000
2110,SSP1-2.6,te,1.8805533693968455,16.912858430684686,15.01870616587014,15.932959845929478,18.036169997940227,18.79290667428685,2000
2111,SSP1-2.6,te,1.8679419192709603,17.002015383630727,15.09787800334686,16.016951215992474,18.131248542257477,18.891974392670807,2000
2112,SSP1-2.6,te,1.8678280274422847,17.09058529950481,15.176528548853428,16.100389560785736,18.22570105990582,18.990389818424692,2000
2113,SSP1-2.6,te,1.8665663982450487,17.180550293488267,15.25641793096996,16.185142155537967,18.321641313411718,19.090355400399677,2000
2114,SSP1-2.6,te,1.8607098201996317,17.27518885014711,15.340457461026132,16.274297535706378,18.42256553643731,19.195514062394516,2000
2115,SSP1-2.6,te,1.8702242715997102,17.36639684526239,15.42145063460637,16.360221114488475,18.519831348234437,19.29686081860223,2000
2116,SSP1-2.6,te,1.8638698412036334,17.45854797653773,15.503281317997292,16.447033185930117,18.61810293703749,19.399255550816477,2000
2117,SSP1-2.6,te,1.8717668912525203,17.54897242759509,15.5835787003828,16.53221861769446,18.714533163656192,19.49973166351848,2000
2118,SSP1-2.6,te,1.8631587763140285,17.63332499198176,15.658484215855134,16.611683956258148,18.80448822342776,19.59346093327808,2000
2119,SSP1-2.6,te,1.8518260285787065,17.71339973909207,15.729591007358469,16.687119326075162,18.88988134354064,19.682436859824065,2000
2120,SSP1-2.6,te,1.844110425588654,17.791815524924836,15.799224632627359,16.76099185164977,18.97350531813951,19.76956941349532,2000
2121,SSP1-2.6,te,1.840255487511054,17.869013639245228,15.867776959266228,16.833717255264382,19.055830746399284,19.855348938216103,2000
2122,SSP1-2.6,te,1.8354591475563504,17.945674020349074,15.93585177601473,16.90593608089383,19.137582726489605,19.940530954822243,2000
2123,SSP1-2.6,te,1.8314524485858643,18.025061631850242,16.00634838752679,16.980724126421226,19.222243073091207,20.028743363159393,2000
2124,SSP1-2.6,te,1.8369638154408412,18.107652431654323,16.07968944689563,17.05852977366381,19.310319356094304,20.120515029033257,2000
2125,SSP1-2.6,te,1.8428392863281482,18.191254561712714,16.15392857278519,17.137288156625136,19.399474139486056,20.213410445523504,2000
2126,SSP1-2.6,te,1.8464574630892177,18.27033876060424,16.22415575232334,17.211790368687655,19.483810921538858,20.301285713638016,2000
2127,SSP1-2.6,te,1.8396933500511399,18.35096754139088,16.29575452861002,17.287747672532223,19.569794872918475,20.390877260731894,2000
2128,SSP1-2.6,te,1.8371544684536543,18.429354602019643,16.365362645748505,17.36159313718607,19.653388214454072,20.477977896080176,2000
2129,SSP1-2.6,te,1.833574313205552,18.50421935840739,16.431842938419027,17.432120373152117,19.733225308733417,20.561164684744803,2000
2130,SSP1-2.6,te,1.8325423624469261,18.572341626036817,16.492335866038104,17.496295767228855,19.80587209429276,20.63685948366051,2000
2131,SSP1-2.6,te,1.8198555296918553,18.64126853964372,16.553543323466133,17.56122918763816,19.879376968489066,20.71344837370946,2000
2132,SSP1-2.6,te,1.8195513895740596,18.70792018309826,16.612730329176532,17.624019162684583,19.950455454536538,20.78750907257137,2000
2133,SSP1-2.6,te,1.8138360080665075,18.77633429306647,16.673482414308864,17.68846949031464,20.02341346590412,20.863528155277358,2000
2134,SSP1-2.6,te,1.8148787364484629,18.846480457922198,16.73577257318109,17.754551520893493,20.098218571098293,20.94147182961813,2000
2135,SSP1-2.6,te,1.8147658457820757,18.92073055977841,16.80170704943386,17.82449971423288,20.177400186963617,21.02397563821198,2000
2136,SSP1-2.6,te,1.819839581972745,18.993470939564595,16.86630088464391,17.89302565590388,20.254971808633325,21.104801902700412,2000
2137,SSP1-2.6,te,1.8191075511736725,19.066555636566154,16.93120047533028,17.961875965711066,20.332910616243545,21.18601075900923,2000
2138,SSP1-2.6,te,1.8209666080961884,19.13841713794606,16.99501386194889,18.029573949505277,20.409544986507285,21.265860448193443,2000
2139,SSP1-2.6,te,1.8124620703748862,19.2049350971127,17.05408215531701,18.092237985675084,20.480480909276487,21.339772602304226,2000
2140,SSP1-2.6,te,1.8066164406376708,19.272662008801152,17.11422400480623,18.156040929975923,20.55270608029975,21.415028097164253,2000
2141,SSP1-2.6,te,1.7998782960123987,19.336033379212765,17.17049811101017,18.215740684709147,20.620286425421813,21.485443884941816,2000
2142,SSP1-2.6,te,1.7896419320635812,19.39887173166154,17.226298894493542,18.274938303518176,20.687298350804006,21.555267404010202,2000
2143,SSP1-2.6,te,1.7863737442845755,19.460289641502108,17.280838317560185,18.332797777439826,20.752795491180517,21.62351258281862,2000
2144,SSP1-2.6,te,1.784493331593181,19.520461167477553,17.334270945278377,18.389483080587382,20.816963465859452,21.69037282863339,2000
2145,SSP1-2.6,te,1.786632020802354,19.580662487965846,17.38773003067879,18.44619645201085,20.88116321393146,21.7572661809453,2000
2146,SSP1-2.6,te,1.787861575658679,19.641421063937507,17.441683961843935,18.503434792603585,20.945957229061943,21.824778733751064,2000
2147,SSP1-2.6,te,1.783164548310713,19.702356567781806,17.49579500587931,18.56083981020731,21.010939923190808,21.892487881887668,2000
2148,SSP1-2.6,te,1.7841268270669983,19.761753528299295,17.54853981544618,18.616795424734207,21.074281887628388,21.958487460865765,2000
2149,SSP1-2.6,te,1.7807847528530678,19.8216899862973,17.601763701578985,18.67325927929216,21.138199181677585,22.025086508339626,2000
2150,SSP1-2.6,te,1.7788464357791047,19.880774790521336,17.654231314735313,18.728920823262648,21.201208257148014,22.09073923145569,2000
2151,SSP1-2.6,te,1.7709849704027887,19.93915986216347,17.70607756172308,18.783923175815193,21.263471125473625,22.155614439099562,2000
2152,SSP1-2.6,te,1.7737353255207426,19.995285231345413,17.755917181184763,18.836796748734805,21.323324207311412,22.217978753766953,2000
2153,SSP1-2.6,te,1.7704860870027923,20.051283625880693,17.80564404650044,18.88955070367529,21.383041881150486,22.28020197917408,2000
2154,SSP1-2.6,te,1.7742531009486113,20.1048978226562,17.85325373181712,18.940058596702173,21.440217004522395,22.339775977297954,2000
2155,SSP1-2.6,te,1.7690430365169842,20.16014152756817,17.902310428825928,18.992101587288907,21.499129864060126,22.40116062111836,2000
2156,SSP1-2.6,te,1.7682035814368335,20.216563871068306,17.952413763025245,19.0452549284042,21.559299644539358,22.463854922030787,2000
2157,SSP1-2.6,te,1.7700913880882827,20.276535556908318,18.0056689316648,19.10175196977055,21.623254506179485,22.5304931133046,2000
2158,SSP1-2.6,te,1.776025418540476,20.33979955861009,18.06184769389651,19.161350576531092,21.690720351419042,22.600789597171946,2000
2159,SSP1-2.6,te,1.7780330523792716,20.403880950566503,18.118752302921514,19.221719215522384,21.75905787601711,22.671994333114775,2000
2160,SSP1-2.6,te,1.7849257479836478,20.4678186322619,18.17552929648801,19.281952470549594,21.827242145462662,22.74303938383735,2000
2161,SSP1-2.6,te,1.7882896064373055,20.53034833642957,18.23105599869402,19.34085932356705,21.893924922883826,22.81251994500978,2000
2162,SSP1-2.6,te,1.787205442138253,20.585269214933973,18.27982602417549,19.392598191689203,21.952493514656847,22.87354587675474,2000
2163,SSP1-2.6,te,1.791557976184849,20.64025085658885,18.32865000765032,19.444394302461415,22.011126905323323,22.934639326135514,2000
2164,SSP1-2.6,te,1.7828502766610315,20.69151417462902,18.374172100434834,19.49268752215876,22.06579501022235,22.991601119772678,2000
2165,SSP1-2.6,te,1.770807067623995,20.743502024977865,18.42033758167412,19.541663296152205,22.121235769131445,23.04936798536827,2000
2166,SSP1-2.6,te,1.76659686235565,20.79422991877562,18.465384214949292,19.589452113060986,22.175332888191686,23.105734836532513,2000
2167,SSP1-2.6,te,1.769784182492198,20.84455229257898,18.510070744362356,19.636858905026212,22.22899755359033,23.16165108974252,2000
2168,SSP1-2.6,te,1.7661928121425219,20.898931768042353,18.558360001130254,19.688087737961318,22.286988783628455,23.222075435607415,2000
2169,SSP1-2.6,te,1.7735946976846575,20.96004767074488,18.61263124028909,19.745662702459363,22.352163858275834,23.289985035898262,2000
2170,SSP1-2.6,te,1.7850558636330314,21.028056131955637,18.673023107217052,19.80973088384309,22.424689278666637,23.365553377573537,2000
2171,SSP1-2.6,te,1.78453709495898,21.093655803577374,18.73127595647386,19.871529836287408,22.494645923430607,23.438445166486908,2000
2172,SSP1-2.6,te,1.7898868268915358,21.158064789205397,18.788471470381435,19.93220708880118,22.563332799687686,23.510013911702494,2000
2173,SSP1-2.6,te,1.7928400222462548,21.212841828141553,18.837113765578913,19.983810451143835,22.621747998412687,23.57088001454607,2000
2174,SSP1-2.6,te,1.7961315569231113,21.266909382339332,18.885126034642227,20.034745434933324,22.67940659012151,23.630957765702686,2000
2175,SSP1-2.6,te,1.7898388394602622,21.31767665183147,18.930207633738608,20.082571346184267,22.73354570011549,23.687368369598197,2000
2176,SSP1-2.6,te,1.7830713450753846,21.364020591631522,18.97136129308474,20.126230206983145,22.782967693448768,23.738863942576035,2000
2177,SSP1-2.6,te,1.777167480877248,21.409990346809543,19.012182674542238,20.169536562699445,22.831990649713234,23.789943736239596,2000
2178,SSP1-2.6,te,1.7775557154258472,21.45676887461952,19.053722250299312,20.213604832312335,22.88187609535165,23.84192220641342,2000
2179,SSP1-2.6,te,1.7823480096150495,21.50458561839242,19.096183767226037,20.258651165646178,22.932868712771732,23.895054301551284,2000
2180,SSP1-2.6,te,1.7864851027169935,21.557188468427903,19.142895371382604,20.308206307423763,22.988965318174326,23.9535045307405,2000
2181,SSP1-2.6,te,1.787807388580865,21.61325793611084,19.192685350022707,20.361027217670024,23.048758785669378,24.015806729848993,2000
2182,SSP1-2.6,te,1.7893850298463798,21.67026124364117,19.24330458329953,20.414727862873683,23.109548116418853,24.07914657526505,2000
2183,SSP1-2.6,te,1.7967689850348303,21.72512728189362,19.292025910352322,20.46641506808292,23.16805822558167,24.140111570667333,2000
2184,SSP1-2.6,te,1.7929139839056534,21.77614869071212,19.337333186491023,20.514480394315008,23.222468354227658,24.19680456424062,2000
2185,SSP1-2.6,te,1.7879094256587844,21.82679748255646,19.382309576820553,20.56219469228587,23.27648111757211,24.25308352040862,2000
2186,SSP1-2.6,te,1.78778469245074,21.87457360901948,19.42473502536505,20.60720276159887,23.32743041997783,24.306170483180647,2000
2187,SSP1-2.6,te,1.7832045403187535,21.919131745223694,19.46430288183902,20.649179284837736,23.374948000915687,24.35568174106162,2000
2188,SSP1-2.6,te,1.7736312222458008,21.96394060483577,19.50409338200194,20.691392005051,23.422732957709922,24.405471592985357,2000
2189,SSP1-2.6,te,1.7763447808100665,22.00858363079729,19.543736621021484,20.733448499697417,23.470341066579532,24.45507717704384,2000
2190,SSP1-2.6,te,1.7750903677756291,22.054352579765222,19.584379685521036,20.77656568353037,23.51914987956617,24.505933842702085,2000
2191,SSP1-2.6,te,1.7751381041868388,22.10550469640288,19.629803030882304,20.824754144621213,23.573699397331737,24.56277207369085,2000
2192,SSP1-2.6,te,1.7836675212812578,22.15986867206963,19.678078523750273,20.875968375788187,23.63167409811387,24.62317919678809,2000
2193,SSP1-2.6,te,1.7849798669824517,22.213226188941398,19.72546027597872,20.926234460452743,23.68857549351733,24.682467982243985,2000
2194,SSP1-2.6,te,1.79007253808659,22.266330624074147,19.772617290307902,20.976262126448912,23.74520699809855,24.741475553171778,2000
2195,SSP1-2.6,te,1.7861031354888972,22.320136214798097,19.820396934445288,21.026950324425894,23.802586227346758,24.801262220764023,2000
2196,SSP1-2.6,te,1.7922696416327597,22.366126118991424,19.86123620833307,21.07027566176219,23.851630670875885,24.852364403225184,2000
2197,SSP1-2.6,te,1.7908902319641304,22.414153528069818,19.9038847971457,21.115520454857705,23.90284794548672,24.9057305814095,2000
2198,SSP1-2.6,te,1.7890220174427829,22.45746158060082,19.94234257282241,21.15631932187418,23.949032415186515,24.953852795214807,2000
2199,SSP1-2.6,te,1.7822536218659841,22.500798972377034,19.980826401901314,21.19714582827625,23.995248172773955,25.002007609641666,2000
2200,SSP1-2.6,te,1.7793400105758876,22.543911497173244,20.01911054793356,21.23776049605993,24.041224128254903,25.049912560676912,2000
2201,SSP1-2.6,te,1.781849448842886,22.58580139619533,20.056308995925605,21.277223374662285,24.085896254084805,25.09645897777984,2000
2202,SSP1-2.6,te,1.7779736896615816,22.63307767420457,20.09829057644594,21.321760555782397,24.136312509299096,25.1489905285036,2000
2203,SSP1-2.6,te,1.786618796488366,22.68621197167277,20.145474108684166,21.37181635394757,24.192975859600587,25.208031281290364,2000
2204,SSP1-2.6,te,1.8076970728094985,22.742787144784558,20.19571315637274,21.425113670019893,24.25330862026841,25.270895400488723,2000
2205,SSP1-2.6,te,1.8104041056339075,22.798436921266166,20.245130447045337,21.477539205168206,24.312654521677278,25.3327312551522,2000
2206,SSP1-2.6,te,1.815077447465759,22.853229228186088,20.293786300291735,21.529156950896933,24.371086002448976,25.393614323182067,2000
2207,SSP1-2.6,te,1.810085236373333,22.89852166837983,20.334006222523858,21.571825233960297,24.419386658089408,25.443941510930976,2000
2208,SSP1-2.6,te,1.8034392564785593,22.944757681034474,20.37506404200408,21.615382420705604,24.468693556014667,25.495317159486838,2000
2209,SSP1-2.6,te,1.7999677571846697,22.983605346797162,20.409560971054294,21.651979327209716,24.510121390735243,25.538483166001,2000
2210,SSP1-2.6,te,1.786945928902812,23.02280025099504,20.44436624963922,21.688903353819953,24.55191952663659,25.58203501028073,2000
2211,SSP1-2.6,te,1.78678119026803,23.0620338232754,20.47920586568231,21.72586380815813,24.593758898861875,25.625629821021064,2000
2212,SSP1-2.6,te,1.7866525917294143,23.101018937688508,20.51382484984829,21.762590199801433,24.63533331124319,25.668948555098723,2000
2213,SSP1-2.6,te,1.7898257265724629,23.142195764550987,20.550390086057472,21.801381320277695,24.679245004367758,25.714702634312555,2000
2214,SSP1-2.6,te,1.7904924122509598,23.184602089059727,20.588047122565023,21.841330703664322,24.724467855428806,25.76182288321421,2000
2215,SSP1-2.6,te,1.7939330047043696,23.225657907141976,20.6245049023486,21.88000782637703,24.76825050265965,25.807442502205188,2000
2216,SSP1-2.6,te,1.7926950127336962,23.265476422169495,20.659863950590537,21.917519333001305,24.810713668128997,25.85168727844379,2000
2217,SSP1-2.6,te,1.7898173192234428,23.3040701818033,20.69413540967901,21.953877044210735,24.85187073288347,25.89457115440009,2000
2218,SSP1-2.6,te,1.7834811901056176,23.343402732377857,20.729062918961635,21.990930742230546,24.8938156573043,25.938275945949,2000
2219,SSP1-2.6,te,1.7862150269113795,23.381282893518225,20.76270069888007,22.02661619947483,24.934211728061776,25.980366899174648,2000
2220,SSP1-2.6,te,1.786985996022781,23.4192546268521,20.79641979538215,22.062387923395335,24.974705453018625,26.022559603839508,2000
2221,SSP1-2.6,te,1.7808235274151358,23.45799274682642,20.830819447203098,22.098881630983982,25.016016466181824,26.065603887358954,2000
2222,SSP1-2.6,te,1.7843238439966718,23.496257092510533,20.864798384992604,22.13492901385627,25.056822238100686,26.1081217314207,2000
2223,SSP1-2.6,te,1.7855601109810113,23.53342429351905,20.897803052609405,22.169942818511547,25.096457995621197,26.149420471238106,2000
2224,SSP1-2.6,te,1.7861141310371054,23.57068467941094,20.93089046888683,22.205044409096747,25.13619312714194,26.190822754452622,2000
2225,SSP1-2.6,te,1.7805733011101121,23.609501337516768,20.96535986297664,22.24161210446817,25.177587894751326,26.233954306471475,2000
2226,SSP1-2.6,te,1.7821149981201945,23.64922849203537,21.000637782611946,22.279037543836214,25.21995363176547,26.278097566486498,2000
2227,SSP1-2.6,te,1.7889679397605007,23.68898009519111,21.035937412764067,22.31648601533424,25.26234544123671,26.322267992870703,2000
2228,SSP1-2.6,te,1.7878425371833997,23.729273514299656,21.071718178297562,22.35444491100778,25.30531505277922,26.367040463946385,2000
2229,SSP1-2.6,te,1.7919086903566461,23.77015151945946,21.108018059282095,22.392954522937792,25.348908077179008,26.412462504173806,2000
2230,SSP1-2.6,te,1.7937452347263487,23.809362197644354,21.142837345249447,22.42989340962049,25.390723034737825,26.45603187589085,2000
2231,SSP1-2.6,te,1.7943867093527042,23.84914187717157,21.178161907365325,22.467368330798877,25.433144785345913,26.50023349964072,2000
2232,SSP1-2.6,te,1.788864590972943,23.88928931859062,21.213813043952047,22.505189706450317,25.47595872371027,26.544843766018335,2000
2233,SSP1-2.6,te,1.7843701080276038,23.927681253222367,21.24790528139,22.54135728601128,25.516900558729215,26.58750338192753,2000
2234,SSP1-2.6,te,1.7868849658449923,23.96392983703266,21.280094212161632,22.575505696387218,25.555556686696374,26.62778139024964,2000
2235,SSP1-2.6,te,1.7903651462360186,23.99923598437708,21.31144625445466,22.608766273258873,25.593207783823814,26.667012200038045,2000
2236,SSP1-2.6,te,1.7913986651772016,24.033787498479086,21.342128178507334,22.64131593889106,25.630054126775477,26.70540449088796,2000
2237,SSP1-2.6,te,1.795018008345624,24.06895153682202,21.37335402726864,22.67444264028425,25.667553676361763,26.744477394713066,2000
2238,SSP1-2.6,te,1.789577965830955,24.111191952102402,21.41086373551934,22.71423572690506,25.71259959890069,26.791413291770365,2000
2239,SSP1-2.6,te,1.8032955315829549,24.156129395268206,21.450768418546083,22.75656958078753,25.760521679460457,26.841346020708947,2000
2240,SSP1-2.6,te,1.8029387263343433,24.199942791257506,21.489674941839535,22.79784451263139,25.80724505632125,26.890029752396586,2000
2241,SSP1-2.6,te,1.8086083260689714,24.2422412426056,21.52723618641992,22.837692272821435,25.852352869544575,26.937030136862024,2000
2242,SSP1-2.6,te,1.8107483032923184,24.284485331928927,21.564749157239845,22.87748882061819,25.897402710147592,26.98397011637212,2000
2243,SSP1-2.6,te,1.8048343979863242,24.32607746323898,21.601683185956404,22.916671183598734,25.94175729124689,27.030185665641802,2000
2244,SSP1-2.6,te,1.8022214985034728,24.362413191368205,21.63394950133605,22.950901689318883,25.980506351450025,27.070560505322117,2000
2245,SSP1-2.6,te,1.7974081413282272,24.397292234631202,21.66492227298553,22.98375990770056,26.017701977265446,27.109316733763123,2000
2246,SSP1-2.6,te,1.7981799844949546,24.430381054705073,21.694305317141044,23.014931624991682,26.052988477553345,27.146083736228075,2000
2247,SSP1-2.6,te,1.7981819151979928,24.46329755696099,21.723535342178856,23.045941008228784,26.088091215086358,27.18265926587463,2000
2248,SSP1-2.6,te,1.7979067683469578,24.49757333168435,21.753972408230556,23.078230910293165,26.12464350470998,27.22074516591364,2000
2249,SSP1-2.6,te,1.804877122128305,24.53855019686455,21.790360077426865,23.11683365448356,26.168341955176036,27.26627705552842,2000
2250,SSP1-2.6,te,1.8144590152605313,24.583357383024627,21.830149091555707,23.15904479820143,26.21612512737159,27.31606504797776,2000
2251,SSP1-2.6,te,1.8150024689180146,24.628608511399992,21.870332328678455,23.201674162973948,26.264381727361574,27.36634633165016,2000
2252,SSP1-2.6,te,1.8181228807024847,24.670974967590666,21.907953961912405,23.241585987936407,26.30956206214631,27.413422280436386,2000
2253,SSP1-2.6,te,1.8186067312908611,24.709792763507423,21.942424366384238,23.27815475519618,26.350958043137304,27.45655509674623,2000
2254,SSP1-2.6,te,1.8085971840379556,24.74437164244867,21.973130590556345,23.3107302002013,26.38783356843532,27.49497779433502,2000
2255,SSP1-2.6,te,1.8107406652940954,24.77574664442524,22.000991755336443,23.340287394729206,26.42129242293082,27.529840469173095,2000
2256,SSP1-2.6,te,1.8061416298809037,24.807140599836952,22.028869750865418,23.369862444566557,26.45477148970324,27.56472420432685,2000
2257,SSP1-2.6,te,1.8033478120249682,24.83710591627274,22.055479107560554,23.39809162803065,26.486727030719145,27.59802049173747,2000
2258,SSP1-2.6,te,1.8019775849194732,24.86586307226556,22.08101561150472,23.425182649551026,26.517394168167826,27.629974318525882,2000
2259,SSP1-2.6,te,1.797191547761437,24.89470158938756,22.106624364554346,23.452350318292776,26.548148070557097,27.662018550618267,2000
2260,SSP1-2.6,te,1.7943581277002514,24.925000982731213,22.13353038327953,23.480894222889326,26.580459877069295,27.695686051220157,2000
2261,SSP1-2.6,te,1.800208165903617,24.95509325556946,22.16025247791972,23.509243007145372,26.612550806627976,27.729123407618783,2000
2262,SSP1-2.6,te,1.79384019975978,24.98757257898848,22.189094285878777,23.53984054084904,26.647187328952356,27.765213161243764,2000
2263,SSP1-2.6,te,1.7973389626309617,25.019094843566037,22.21708622061373,23.569536465865227,26.680803226878247,27.80023946852329,2000
2264,SSP1-2.6,te,1.7977861580130086,25.049480136764632,22.24406851885644,23.59816129344385,26.713206638508108,27.834002417683678,2000
2265,SSP1-2.6,te,1.7985495784249659,25.07961715915009,22.27083035132707,23.62655223454416,26.7453452897718,27.867489498028615,2000
2266,SSP1-2.6,te,1.8018100087076057,25.106560288091423,22.294755989823805,23.65193433026176,26.774077916835036,27.897427648920303,2000
2267,SSP1-2.6,te,1.7993491803735144,25.132558896310243,22.31784288901121,23.676426628976273,26.801803290370586,27.926316285333844,2000
2268,SSP1-2.6,te,1.796589724207627,25.158895719678895,22.341230125009034,23.701237547303403,26.829889342496518,27.95558073319124,2000
2269,SSP1-2.6,te,1.7977499359724252,25.18427236576723,22.363764718592844,23.725143919180567,26.85695144466586,27.983778269615915,2000
2270,SSP1-2.6,te,1.7961957957384704,25.209649013793626,22.386299313897666,23.749050292883513,26.884013548901986,28.011975808194084,2000
2271,SSP1-2.6,te,1.791913686648526,25.235864356685887,22.409578674601242,23.7737467690801,26.911970052109112,28.041105271698303,2000
2272,SSP1-2.6,te,1.7887990633109918,25.263672310449714,22.434272282033987,23.7999435833284,26.941624943589144,28.07200438210168,2000
2273,SSP1-2.6,te,1.793457550008949,25.291641940198573,22.459109458581523,23.826292706365205,26.971452249186093,28.103083140535034,2000
2274,SSP1-2.6,te,1.7965359143272064,25.319321531572285,22.483689079544877,23.852368595294124,27.00097025275337,28.133839619671924,2000
2275,SSP1-2.6,te,1.7967544196999405,25.346654827821496,22.50796118863832,23.87811825277398,27.030118961103007,28.164211309213176,2000
2276,SSP1-2.6,te,1.7955430913712196,25.37522912635207,22.533335314205882,23.90503701124282,27.060591096134562,28.195961951942746,2000
2277,SSP1-2.6,te,1.7960394398262745,25.403032296074414,22.55802467338494,23.93122931862783,27.090240885828536,28.226855746506377,2000
2278,SSP1-2.6,te,1.7913174196442114,25.428645176701785,22.58076904446689,23.955358238067852,27.11755491266944,28.255315777509562,2000
2279,SSP1-2.6,te,1.7903351670228975,25.45412456296829,22.60339487186275,23.979361397554285,27.14472657877363,28.283627474801122,2000
2280,SSP1-2.6,te,1.7885383267461101,25.479075615735887,22.62555153636636,24.002866834171584,27.17133482073275,28.311352108576568,2000
2281,SSP1-2.6,te,1.7841382179253924,25.505054681616627,22.648621081856007,24.027340722793603,27.199039353974904,28.340219030308507,2000
2282,SSP1-2.6,te,1.7848011477552033,25.53048716063399,22.6712052553709,24.05129969274696,27.226160997362747,28.36847860609978,2000
2283,SSP1-2.6,te,1.7819587530982903,25.557417469617516,22.69511950967849,24.076669711270533,27.254879952997282,28.398402511955872,2000
2284,SSP1-2.6,te,1.7852573475228257,25.58354305923914,22.71831916901138,24.101281634328863,27.282740741736404,28.427432245136817,2000
2285,SSP1-2.6,te,1.7929197371454555,25.60776192815657,22.7398256504516,24.12409730842421,27.30856816994689,28.454343304860245,2000
2286,SSP1-2.6,te,1.7972431095861325,25.630341212254287,22.759876172052614,24.145368392100167,27.332647116039134,28.4794325220709,2000
2287,SSP1-2.6,te,1.7944532182764277,25.65450657514225,22.781335139860648,24.16813366020279,27.358417484477773,28.506284127987495,2000
2288,SSP1-2.6,te,1.7911122416233418,25.678749211442447,22.802862726860262,24.190971724644328,27.384270258643685,28.533221597096894,2000
2289,SSP1-2.6,te,1.788843450904485,25.703683820913646,22.825004789631226,24.214461670658288,27.410860965182025,28.560927959724626,2000
2290,SSP1-2.6,te,1.7931513548520999,25.72685730295678,22.84558296209523,24.236292525590162,27.435573574424694,28.58667742644781,2000
2291,SSP1-2.6,te,1.7920688109441782,25.749858474125062,22.866008121607038,24.25796105300885,27.46010242831673,28.612235428067493,2000
2292,SSP1-2.6,te,1.7922262812126262,25.77198466004061,22.885656289667978,24.27880529014243,27.48369818253027,28.636821180302864,2000
2293,SSP1-2.6,te,1.787479920510822,25.79524814879309,22.906314388557554,24.300720936967515,27.508506776512444,28.662670658960504,2000
2294,SSP1-2.6,te,1.7865715851690998,25.81891700658816,22.927332457263255,24.323018466530208,27.533747663178556,28.688970567840645,2000
2295,SSP1-2.6,te,1.792297705170939,25.843170145417627,22.948869370563433,24.34586642500461,27.559611637426595,28.715919706949727,2000
2296,SSP1-2.6,te,1.7922815332828843,25.86977668898684,22.972496119500825,24.370931436461106,27.5879853239231,28.745483857342805,2000
2297,SSP1-2.6,te,1.8044910201024014,25.898809282194563,22.998277213122993,24.39828193689234,27.618946192467085,28.77774373918959,2000
2298,SSP1-2.6,te,1.8021318394235173,25.930141234447973,23.026100149525234,24.427798575915492,27.652359137979868,28.812558578859345,2000
2299,SSP1-2.6,te,1.8090851408976707,25.960120032240383,23.0527214777351,24.45604045965225,27.684329055751824,28.84586984622607,2000
2300,SSP1-2.6,te,1.8146865576619162,25.990838277215598,23.079999438885473,24.484978948420043,27.71708753301822,28.880002758375902,2000
1990,SSP1-2.6,lws,0.5557397132233756,-0.24584167316555972,-0.24584167316555972,-0.24584167316555972,-0.24584167316555972,-0.24584167316555972,2000
1991,SSP1-2.6,lws,0.5885637306361448,-0.1757194311916827,-0.1757194311916827,-0.1757194311916827,-0.1757194311916827,-0.1757194311916827,2000
1992,SSP1-2.6,lws,0.5090689778394178,-0.003778270035982162,-0.003778270035982162,-0.003778270035982162,-0.003778270035982162,-0.003778270035982162,2000
1993,SSP1-2.6,lws,0.3084522979487564,-0.2615778715908528,-0.2615778715908528,-0.2615778715908528,-0.2615778715908528,-0.2615778715908528,2000
1994,SSP1-2.6,lws,0.332676813580452,-0.27164194896817206,-0.27164194896817206,-0.27164194896817206,-0.27164194896817206,-0.27164194896817206,2000
1995,SSP1-2.6,lws,0.4547856293863089,-0.14735181644558906,-0.14735181644558906,-0.14735181644558906,-0.14735181644558906,-0.14735181644558906,2000
1996,SSP1-2.6,lws,0.5463394857269461,-0.1586974175274372,-0.1586974175274372,-0.1586974175274372,-0.1586974175274372,-0.1586974175274372,2000
1997,SSP1-2.6,lws,0.600043540445978,-0.23735091999173166,-0.23735091999173166,-0.23735091999173166,-0.23735091999173166,-0.23735091999173166,2000
1998,SSP1-2.6,lws,0.6466075693928761,-0.1313090594112873,-0.1313090594112873,-0.1313090594112873,-0.1313090594112873,-0.1313090594112873,2000
1999,SSP1-2.6,lws,0.686007840655961,-0.2087992461025715,-0.2087992461025715,-0.2087992461025715,-0.2087992461025715,-0.2087992461025715,2000
2000,SSP1-2.6,lws,0.7295563669080296,-0.32454231098294256,-0.32454231098294256,-0.32454231098294256,-0.32454231098294256,-0.32454231098294256,2000
2001,SSP1-2.6,lws,0.7655239205849365,-0.09254472568631175,-0.09254472568631175,-0.09254472568631175,-0.09254472568631175,-0.09254472568631175,2000
2002,SSP1-2.6,lws,0.7999498588212678,0.09316616937518121,0.09316616937518121,0.09316616937518121,0.09316616937518121,0.09316616937518121,2000
2003,SSP1-2.6,lws,0.8301407393993533,0.1727743773162365,0.1727743773162365,0.1727743773162365,0.1727743773162365,0.1727743773162365,2000
2004,SSP1-2.6,lws,0.8359312010698448,-0.09635720565915114,-0.09635720565915114,-0.09635720565915114,-0.09635720565915114,-0.09635720565915114,2000
2005,SSP1-2.6,lws,0.843916603443868,0.05936951324343681,0.05936951324343681,0.05936951324343681,0.05936951324343681,0.05936951324343681,2000
2006,SSP1-2.6,lws,0.8516506513236204,0.08149288579821579,0.08149288579821579,0.08149288579821579,0.08149288579821579,0.08149288579821579,2000
2007,SSP1-2.6,lws,0.8597675192449368,0.005451270788908016,0.005451270788908016,0.005451270788908016,0.005451270788908016,0.005451270788908016,2000
2008,SSP1-2.6,lws,0.8671015531069908,0.028783222883939724,0.028783222883939724,0.028783222883939724,0.028783222883939724,0.028783222883939724,2000
2009,SSP1-2.6,lws,0.8915919796329949,0.13125301286578184,0.13125301286578184,0.13125301286578184,0.13125301286578184,0.13125301286578184,2000
2010,SSP1-2.6,lws,0.91224213325433,0.1817515341937542,0.1817515341937542,0.1817515341937542,0.1817515341937542,0.1817515341937542,2000
2011,SSP1-2.6,lws,0.9463726707864436,-0.09823055580258364,-0.09823055580258364,-0.09823055580258364,-0.09823055580258364,-0.09823055580258364,2000
2012,SSP1-2.6,lws,0.9634454159642772,0.3081764189898968,0.3081764189898968,0.3081764189898968,0.3081764189898968,0.3081764189898968,2000
2013,SSP1-2.6,lws,1.0010392042679888,0.2743758557736874,0.2743758557736874,0.2743758557736874,0.2743758557736874,0.2743758557736874,2000
2014,SSP1-2.6,lws,1.034758969518629,0.1585889963805676,0.1585889963805676,0.1585889963805676,0.1585889963805676,0.1585889963805676,2000
2015,SSP1-2.6,lws,1.0655474016558886,0.5689081160724163,0.5689081160724163,0.5689081160724163,0.5689081160724163,0.5689081160724163,2000
2016,SSP1-2.6,lws,1.0982433117141364,0.7298510758578777,0.7298510758578777,0.7298510758578777,0.7298510758578777,0.7298510758578777,2000
2017,SSP1-2.6,lws,1.1215083354395925,0.5100206343829632,0.5100206343829632,0.5100206343829632,0.5100206343829632,0.5100206343829632,2000
2018,SSP1-2.6,lws,1.1514531927883527,0.4350231377780437,0.4350231377780437,0.4350231377780437,0.4350231377780437,0.4350231377780437,2000
2019,SSP1-2.6,lws,1.172690213058829,0.5583970049159653,0.5583970049159653,0.5583970049159653,0.5583970049159653,0.5583970049159653,2000
2020,SSP1-2.6,lws,1.183004264307409,0.33010642546032465,0.33010642546032465,0.33010642546032465,0.33010642546032465,0.33010642546032465,2000
2021,SSP1-2.6,lws,1.2100067371777328,0.4152830854228824,0.4152830854228824,0.4152830854228824,0.4152830854228824,0.4152830854228824,2000
2022,SSP1-2.6,lws,1.2401553910866456,0.40877598515753566,0.40877598515753566,0.40877598515753566,0.40877598515753566,0.40877598515753566,2000
2023,SSP1-2.6,lws,1.2795255652495054,0.5038468232151402,0.5038468232151402,0.5038468232151402,0.5038468232151402,0.5038468232151402,2000
2024,SSP1-2.6,lws,1.3120856196879593,0.5338468232151401,0.5338468232151401,0.5338468232151401,0.5338468232151401,0.5338468232151401,2000
2025,SSP1-2.6,lws,1.3450532697084467,0.5638468232151401,0.5638468232151401,0.5638468232151401,0.5638468232151401,0.5638468232151401,2000
2026,SSP1-2.6,lws,1.3757659511567653,0.5938468232151402,0.5938468232151402,0.5938468232151402,0.5938468232151402,0.5938468232151402,2000
2027,SSP1-2.6,lws,1.400059949863873,0.6238468232151401,0.6238468232151401,0.6238468232151401,0.6238468232151401,0.6238468232151401,2000
2028,SSP1-2.6,lws,1.4175823530737954,0.6538468232151401,0.6538468232151401,0.6538468232151401,0.6538468232151401,0.6538468232151401,2000
2029,SSP1-2.6,lws,1.4347237788428864,0.6838468232151401,0.6838468232151401,0.6838468232151401,0.6838468232151401,0.6838468232151401,2000
2030,SSP1-2.6,lws,1.4578128091905669,0.7138468232151401,0.7138468232151401,0.7138468232151401,0.7138468232151401,0.7138468232151401,2000
2031,SSP1-2.6,lws,1.475920925382979,0.7438468232151402,0.7438468232151402,0.7438468232151402,0.7438468232151402,0.7438468232151402,2000
2032,SSP1-2.6,lws,1.5035590631054043,0.7738468232151402,0.7738468232151402,0.7738468232151402,0.7738468232151402,0.7738468232151402,2000
2033,SSP1-2.6,lws,1.5207037061559632,0.8038468232151401,0.8038468232151401,0.8038468232151401,0.8038468232151401,0.8038468232151401,2000
2034,SSP1-2.6,lws,1.5443794295508118,0.8338468232151401,0.8338468232151401,0.8338468232151401,0.8338468232151401,0.8338468232151401,2000
2035,SSP1-2.6,lws,1.5694008625927183,0.8638468232151402,0.8638468232151402,0.8638468232151402,0.8638468232151402,0.8638468232151402,2000
2036,SSP1-2.6,lws,1.6001447457060347,0.8938468232151401,0.8938468232151401,0.8938468232151401,0.8938468232151401,0.8938468232151401,2000
2037,SSP1-2.6,lws,1.6228275484992332,0.9238468232151401,0.9238468232151401,0.9238468232151401,0.9238468232151401,0.9238468232151401,2000
2038,SSP1-2.6,lws,1.638756606214989,0.9538468232151401,0.9538468232151401,0.9538468232151401,0.9538468232151401,0.9538468232151401,2000
2039,SSP1-2.6,lws,1.665056147183829,0.9838468232151402,0.9838468232151402,0.9838468232151402,0.9838468232151402,0.9838468232151402,2000
2040,SSP1-2.6,lws,1.680002027001819,1.0138468232151403,1.0138468232151403,1.0138468232151403,1.0138468232151403,1.0138468232151403,2000
2041,SSP1-2.6,lws,1.6834285647818141,1.04384682321514,1.04384682321514,1.04384682321514,1.04384682321514,1.04384682321514,2000
2042,SSP1-2.6,lws,1.704109570537229,1.0738468232151401,1.0738468232151401,1.0738468232151401,1.0738468232151401,1.0738468232151401,2000
2043,SSP1-2.6,lws,1.714663980468551,1.1038468232151402,1.1038468232151402,1.1038468232151402,1.1038468232151402,1.1038468232151402,2000
2044,SSP1-2.6,lws,1.7260350563196727,1.1338468232151402,1.1338468232151402,1.1338468232151402,1.1338468232151402,1.1338468232151402,2000
2045,SSP1-2.6,lws,1.7459958257047152,1.1638468232151402,1.1638468232151402,1.1638468232151402,1.1638468232151402,1.1638468232151402,2000
2046,SSP1-2.6,lws,1.762760719311069,1.1938468232151402,1.1938468232151402,1.1938468232151402,1.1938468232151402,1.1938468232151402,2000
2047,SSP1-2.6,lws,1.7826873664759635,1.22384682321514,1.22384682321514,1.22384682321514,1.22384682321514,1.22384682321514,2000
2048,SSP1-2.6,lws,1.7943045116741423,1.25384682321514,1.25384682321514,1.25384682321514,1.25384682321514,1.25384682321514,2000
2049,SSP1-2.6,lws,1.8137621029829256,1.28384682321514,1.28384682321514,1.28384682321514,1.28384682321514,1.28384682321514,2000
2050,SSP1-2.6,lws,1.8262150982576644,1.3138468232151401,1.3138468232151401,1.3138468232151401,1.3138468232151401,1.3138468232151401,2000
2051,SSP1-2.6,lws,1.8308350187033013,1.3438468232151402,1.3438468232151402,1.3438468232151402,1.3438468232151402,1.3438468232151402,2000
2052,SSP1-2.6,lws,1.839260518267929,1.3738468232151402,1.3738468232151402,1.3738468232151402,1.3738468232151402,1.3738468232151402,2000
2053,SSP1-2.6,lws,1.8419008709450382,1.40384682321514,1.40384682321514,1.40384682321514,1.40384682321514,1.40384682321514,2000
2054,SSP1-2.6,lws,1.8495654187516568,1.43384682321514,1.43384682321514,1.43384682321514,1.43384682321514,1.43384682321514,2000
2055,SSP1-2.6,lws,1.8519517245166544,1.46384682321514,1.46384682321514,1.46384682321514,1.46384682321514,1.46384682321514,2000
2056,SSP1-2.6,lws,1.8650721303408586,1.4938468232151403,1.4938468232151403,1.4938468232151403,1.4938468232151403,1.4938468232151403,2000
2057,SSP1-2.6,lws,1.878411111649326,1.5238468232151403,1.5238468232151403,1.5238468232151403,1.5238468232151403,1.5238468232151403,2000
2058,SSP1-2.6,lws,1.8934387511902997,1.5538468232151406,1.5538468232151406,1.5538468232151406,1.5538468232151406,1.5538468232151406,2000
2059,SSP1-2.6,lws,1.9036280513318873,1.5838468232151408,1.5838468232151408,1.5838468232151408,1.5838468232151408,1.5838468232151408,2000
2060,SSP1-2.6,lws,1.9120348699423153,1.6138468232151408,1.6138468232151408,1.6138468232151408,1.6138468232151408,1.6138468232151408,2000
2061,SSP1-2.6,lws,1.9157720858784457,1.643846823215141,1.643846823215141,1.643846823215141,1.643846823215141,1.643846823215141,2000
2062,SSP1-2.6,lws,1.9252995872840941,1.6738468232151413,1.6738468232151413,1.6738468232151413,1.6738468232151413,1.6738468232151413,2000
2063,SSP1-2.6,lws,1.9227545106403505,1.7038468232151414,1.7038468232151414,1.7038468232151414,1.7038468232151414,1.7038468232151414,2000
2064,SSP1-2.6,lws,1.929979720056169,1.7338468232151416,1.7338468232151416,1.7338468232151416,1.7338468232151416,1.7338468232151416,2000
2065,SSP1-2.6,lws,1.9279017310614255,1.7638468232151416,1.7638468232151416,1.7638468232151416,1.7638468232151416,1.7638468232151416,2000
2066,SSP1-2.6,lws,1.9250740149608094,1.7938468232151419,1.7938468232151419,1.7938468232151419,1.7938468232151419,1.7938468232151419,2000
2067,SSP1-2.6,lws,1.9307580359371808,1.8238468232151421,1.8238468232151421,1.8238468232151421,1.8238468232151421,1.8238468232151421,2000
2068,SSP1-2.6,lws,1.9303005835819673,1.8538468232151422,1.8538468232151422,1.8538468232151422,1.8538468232151422,1.8538468232151422,2000
2069,SSP1-2.6,lws,1.9315130943430172,1.8838468232151424,1.8838468232151424,1.8838468232151424,1.8838468232151424,1.8838468232151424,2000
2070,SSP1-2.6,lws,1.941998544440816,1.9138468232151424,1.9138468232151424,1.9138468232151424,1.9138468232151424,1.9138468232151424,2000
2071,SSP1-2.6,lws,1.9488800722775106,1.9438468232151427,1.9438468232151427,1.9438468232151427,1.9438468232151427,1.9438468232151427,2000
2072,SSP1-2.6,lws,1.9600550100485683,1.973846823215143,1.973846823215143,1.973846823215143,1.973846823215143,1.973846823215143,2000
2073,SSP1-2.6,lws,1.9549334001318275,2.003846823215143,2.003846823215143,2.003846823215143,2.003846823215143,2.003846823215143,2000
2074,SSP1-2.6,lws,1.9609657708872554,2.033846823215143,2.033846823215143,2.033846823215143,2.033846823215143,2.033846823215143,2000
2075,SSP1-2.6,lws,1.968212494580389,2.063846823215143,2.063846823215143,2.063846823215143,2.063846823215143,2.063846823215143,2000
2076,SSP1-2.6,lws,1.960330564727248,2.0938468232151433,2.0938468232151433,2.0938468232151433,2.0938468232151433,2.0938468232151433,2000
2077,SSP1-2.6,lws,1.955954255771158,2.1238468232151435,2.1238468232151435,2.1238468232151435,2.1238468232151435,2.1238468232151435,2000
2078,SSP1-2.6,lws,1.9521852919753506,2.1538468232151438,2.1538468232151438,2.1538468232151438,2.1538468232151438,2.1538468232151438,2000
2079,SSP1-2.6,lws,1.9510280861016316,2.183846823215144,2.183846823215144,2.183846823215144,2.183846823215144,2.183846823215144,2000
2080,SSP1-2.6,lws,1.94830410642478,2.213846823215144,2.213846823215144,2.213846823215144,2.213846823215144,2.213846823215144,2000
2081,SSP1-2.6,lws,1.9565166945721395,2.243846823215144,2.243846823215144,2.243846823215144,2.243846823215144,2.243846823215144,2000
2082,SSP1-2.6,lws,1.9608847127432856,2.2738468232151443,2.2738468232151443,2.2738468232151443,2.2738468232151443,2.2738468232151443,2000
2083,SSP1-2.6,lws,1.9703278175020005,2.3038468232151446,2.3038468232151446,2.3038468232151446,2.3038468232151446,2.3038468232151446,2000
2084,SSP1-2.6,lws,1.9704917871545213,2.333846823215145,2.333846823215145,2.333846823215145,2.333846823215145,2.333846823215145,2000
2085,SSP1-2.6,lws,1.962081047311514,2.3638468232151446,2.3638468232151446,2.3638468232151446,2.3638468232151446,2.3638468232151446,2000
2086,SSP1-2.6,lws,1.9566852476790242,2.393846823215145,2.393846823215145,2.393846823215145,2.393846823215145,2.393846823215145,2000
2087,SSP1-2.6,lws,1.9486594231626369,2.423846823215145,2.423846823215145,2.423846823215145,2.423846823215145,2.423846823215145,2000
2088,SSP1-2.6,lws,1.936368050306355,2.4538468232151454,2.4538468232151454,2.4538468232151454,2.4538468232151454,2.4538468232151454,2000
2089,SSP1-2.6,lws,1.9278308259259676,2.4838468232151456,2.4838468232151456,2.4838468232151456,2.4838468232151456,2.4838468232151456,2000
2090,SSP1-2.6,lws,1.9265564288102708,2.513846823215146,2.513846823215146,2.513846823215146,2.513846823215146,2.513846823215146,2000
2091,SSP1-2.6,lws,1.919259589944645,2.5438468232151457,2.5438468232151457,2.5438468232151457,2.5438468232151457,2.5438468232151457,2000
2092,SSP1-2.6,lws,1.9259263600021215,2.573846823215146,2.573846823215146,2.573846823215146,2.573846823215146,2.573846823215146,2000
2093,SSP1-2.6,lws,1.9273236410045735,2.603846823215146,2.603846823215146,2.603846823215146,2.603846823215146,2.603846823215146,2000
2094,SSP1-2.6,lws,1.9277320498818777,2.6338468232151464,2.6338468232151464,2.6338468232151464,2.6338468232151464,2.6338468232151464,2000
2095,SSP1-2.6,lws,1.929088206290513,2.6638468232151467,2.6638468232151467,2.6638468232151467,2.6638468232151467,2.6638468232151467,2000
2096,SSP1-2.6,lws,1.9337487555419648,2.6938468232151465,2.6938468232151465,2.6938468232151465,2.6938468232151465,2.6938468232151465,2000
2097,SSP1-2.6,lws,1.9250482758784415,2.7238468232151467,2.7238468232151467,2.7238468232151467,2.7238468232151467,2.7238468232151467,2000
2098,SSP1-2.6,lws,1.9113268012346174,2.753846823215147,2.753846823215147,2.753846823215147,2.753846823215147,2.753846823215147,2000
2099,SSP1-2.6,lws,1.9069636107059724,2.783846823215147,2.783846823215147,2.783846823215147,2.783846823215147,2.783846823215147,2000
2100,SSP1-2.6,lws,1.9004970717491718,2.8138468232151475,2.8138468232151475,2.8138468232151475,2.8138468232151475,2.8138468232151475,2000
2101,SSP1-2.6,lws,1.903861305509231,2.8438468232151473,2.8438468232151473,2.8438468232151473,2.8438468232151473,2.8438468232151473,2000
2102,SSP1-2.6,lws,1.9038722991133727,2.8738468232151475,2.8738468232151475,2.8738468232151475,2.8738468232151475,2.8738468232151475,2000
2103,SSP1-2.6,lws,1.9057695630459284,2.9038468232151478,2.9038468232151478,2.9038468232151478,2.9038468232151478,2.9038468232151478,2000
2104,SSP1-2.6,lws,1.903432896233887,2.933846823215148,2.933846823215148,2.933846823215148,2.933846823215148,2.933846823215148,2000
2105,SSP1-2.6,lws,1.9050784566898782,2.9638468232151483,2.9638468232151483,2.9638468232151483,2.9638468232151483,2.9638468232151483,2000
2106,SSP1-2.6,lws,1.8984335092886517,2.9938468232151485,2.9938468232151485,2.9938468232151485,2.9938468232151485,2.9938468232151485,2000
2107,SSP1-2.6,lws,1.8936766988403748,3.0238468232151483,3.0238468232151483,3.0238468232151483,3.0238468232151483,3.0238468232151483,2000
2108,SSP1-2.6,lws,1.892253728944272,3.053846823215148,3.053846823215148,3.053846823215148,3.053846823215148,3.053846823215148,2000
2109,SSP1-2.6,lws,1.8845879972111763,3.0838468232151484,3.0838468232151484,3.0838468232151484,3.0838468232151484,3.0838468232151484,2000
2110,SSP1-2.6,lws,1.8805533693968455,3.1138468232151486,3.1138468232151486,3.1138468232151486,3.1138468232151486,3.1138468232151486,2000
2111,SSP1-2.6,lws,1.8679419192709603,3.143846823215149,3.143846823215149,3.143846823215149,3.143846823215149,3.143846823215149,2000
2112,SSP1-2.6,lws,1.8678280274422847,3.173846823215149,3.173846823215149,3.173846823215149,3.173846823215149,3.173846823215149,2000
2113,SSP1-2.6,lws,1.8665663982450487,3.203846823215149,3.203846823215149,3.203846823215149,3.203846823215149,3.203846823215149,2000
2114,SSP1-2.6,lws,1.8607098201996317,3.233846823215149,3.233846823215149,3.233846823215149,3.233846823215149,3.233846823215149,2000
2115,SSP1-2.6,lws,1.8702242715997102,3.2638468232151494,3.2638468232151494,3.2638468232151494,3.2638468232151494,3.2638468232151494,2000
2116,SSP1-2.6,lws,1.8638698412036334,3.2938468232151497,3.2938468232151497,3.2938468232151497,3.2938468232151497,3.2938468232151497,2000
2117,SSP1-2.6,lws,1.8717668912525203,3.32384682321515,3.32384682321515,3.32384682321515,3.32384682321515,3.32384682321515,2000
2118,SSP1-2.6,lws,1.8631587763140285,3.35384682321515,3.35384682321515,3.35384682321515,3.35384682321515,3.35384682321515,2000
2119,SSP1-2.6,lws,1.8518260285787065,3.38384682321515,3.38384682321515,3.38384682321515,3.38384682321515,3.38384682321515,2000
2120,SSP1-2.6,lws,1.844110425588654,3.41384682321515,3.41384682321515,3.41384682321515,3.41384682321515,3.41384682321515,2000
2121,SSP1-2.6,lws,1.840255487511054,3.4438468232151505,3.4438468232151505,3.4438468232151505,3.4438468232151505,3.4438468232151505,2000
2122,SSP1-2.6,lws,1.8354591475563504,3.4738468232151507,3.4738468232151507,3.4738468232151507,3.4738468232151507,3.4738468232151507,2000
2123,SSP1-2.6,lws,1.8314524485858643,3.503846823215151,3.503846823215151,3.503846823215151,3.503846823215151,3.503846823215151,2000
2124,SSP1-2.6,lws,1.8369638154408412,3.5338468232151508,3.5338468232151508,3.5338468232151508,3.5338468232151508,3.5338468232151508,2000
2125,SSP1-2.6,lws,1.8428392863281482,3.563846823215151,3.563846823215151,3.563846823215151,3.563846823215151,3.563846823215151,2000
2126,SSP1-2.6,lws,1.8464574630892177,3.5938468232151513,3.5938468232151513,3.5938468232151513,3.5938468232151513,3.5938468232151513,2000
2127,SSP1-2.6,lws,1.8396933500511399,3.6238468232151515,3.6238468232151515,3.6238468232151515,3.6238468232151515,3.6238468232151515,2000
2128,SSP1-2.6,lws,1.8371544684536543,3.6538468232151518,3.6538468232151518,3.6538468232151518,3.6538468232151518,3.6538468232151518,2000
2129,SSP1-2.6,lws,1.833574313205552,3.6838468232151516,3.6838468232151516,3.6838468232151516,3.6838468232151516,3.6838468232151516,2000
2130,SSP1-2.6,lws,1.8325423624469261,3.713846823215152,3.713846823215152,3.713846823215152,3.713846823215152,3.713846823215152,2000
2131,SSP1-2.6,lws,1.8198555296918553,3.743846823215152,3.743846823215152,3.743846823215152,3.743846823215152,3.743846823215152,2000
2132,SSP1-2.6,lws,1.8195513895740596,3.7738468232151523,3.7738468232151523,3.7738468232151523,3.7738468232151523,3.7738468232151523,2000
2133,SSP1-2.6,lws,1.8138360080665075,3.8038468232151526,3.8038468232151526,3.8038468232151526,3.8038468232151526,3.8038468232151526,2000
2134,SSP1-2.6,lws,1.8148787364484629,3.8338468232151524,3.8338468232151524,3.8338468232151524,3.8338468232151524,3.8338468232151524,2000
2135,SSP1-2.6,lws,1.8147658457820757,3.8638468232151526,3.8638468232151526,3.8638468232151526,3.8638468232151526,3.8638468232151526,2000
2136,SSP1-2.6,lws,1.819839581972745,3.893846823215153,3.893846823215153,3.893846823215153,3.893846823215153,3.893846823215153,2000
2137,SSP1-2.6,lws,1.8191075511736725,3.923846823215153,3.923846823215153,3.923846823215153,3.923846823215153,3.923846823215153,2000
2138,SSP1-2.6,lws,1.8209666080961884,3.9538468232151533,3.9538468232151533,3.9538468232151533,3.9538468232151533,3.9538468232151533,2000
2139,SSP1-2.6,lws,1.8124620703748862,3.9838468232151536,3.9838468232151536,3.9838468232151536,3.9838468232151536,3.9838468232151536,2000
2140,SSP1-2.6,lws,1.8066164406376708,4.013846823215154,4.013846823215154,4.013846823215154,4.013846823215154,4.013846823215154,2000
2141,SSP1-2.6,lws,1.7998782960123987,4.043846823215154,4.043846823215154,4.043846823215154,4.043846823215154,4.043846823215154,2000
2142,SSP1-2.6,lws,1.7896419320635812,4.0738468232151535,4.0738468232151535,4.0738468232151535,4.0738468232151535,4.0738468232151535,2000
2143,SSP1-2.6,lws,1.7863737442845755,4.103846823215154,4.103846823215154,4.103846823215154,4.103846823215154,4.103846823215154,2000
2144,SSP1-2.6,lws,1.784493331593181,4.133846823215154,4.133846823215154,4.133846823215154,4.133846823215154,4.133846823215154,2000
2145,SSP1-2.6,lws,1.786632020802354,4.163846823215154,4.163846823215154,4.163846823215154,4.163846823215154,4.163846823215154,2000
2146,SSP1-2.6,lws,1.787861575658679,4.1938468232151545,4.1938468232151545,4.1938468232151545,4.1938468232151545,4.1938468232151545,2000
2147,SSP1-2.6,lws,1.783164548310713,4.223846823215155,4.223846823215155,4.223846823215155,4.223846823215155,4.223846823215155,2000
2148,SSP1-2.6,lws,1.7841268270669983,4.253846823215155,4.253846823215155,4.253846823215155,4.253846823215155,4.253846823215155,2000
2149,SSP1-2.6,lws,1.7807847528530678,4.283846823215155,4.283846823215155,4.283846823215155,4.283846823215155,4.283846823215155,2000
2150,SSP1-2.6,lws,1.7788464357791047,4.3138468232151554,4.3138468232151554,4.3138468232151554,4.3138468232151554,4.3138468232151554,2000
2151,SSP1-2.6,lws,1.7709849704027887,4.343846823215156,4.343846823215156,4.343846823215156,4.343846823215156,4.343846823215156,2000
2152,SSP1-2.6,lws,1.7737353255207426,4.373846823215156,4.373846823215156,4.373846823215156,4.373846823215156,4.373846823215156,2000
2153,SSP1-2.6,lws,1.7704860870027923,4.403846823215155,4.403846823215155,4.403846823215155,4.403846823215155,4.403846823215155,2000
2154,SSP1-2.6,lws,1.7742531009486113,4.4338468232151556,4.4338468232151556,4.4338468232151556,4.4338468232151556,4.4338468232151556,2000
2155,SSP1-2.6,lws,1.7690430365169842,4.463846823215156,4.463846823215156,4.463846823215156,4.463846823215156,4.463846823215156,2000
2156,SSP1-2.6,lws,1.7682035814368335,4.493846823215156,4.493846823215156,4.493846823215156,4.493846823215156,4.493846823215156,2000
2157,SSP1-2.6,lws,1.7700913880882827,4.523846823215156,4.523846823215156,4.523846823215156,4.523846823215156,4.523846823215156,2000
2158,SSP1-2.6,lws,1.776025418540476,4.5538468232151565,4.5538468232151565,4.5538468232151565,4.5538468232151565,4.5538468232151565,2000
2159,SSP1-2.6,lws,1.7780330523792716,4.583846823215157,4.583846823215157,4.583846823215157,4.583846823215157,4.583846823215157,2000
2160,SSP1-2.6,lws,1.7849257479836478,4.613846823215157,4.613846823215157,4.613846823215157,4.613846823215157,4.613846823215157,2000
2161,SSP1-2.6,lws,1.7882896064373055,4.643846823215157,4.643846823215157,4.643846823215157,4.643846823215157,4.643846823215157,2000
2162,SSP1-2.6,lws,1.787205442138253,4.6738468232151575,4.6738468232151575,4.6738468232151575,4.6738468232151575,4.6738468232151575,2000
2163,SSP1-2.6,lws,1.791557976184849,4.703846823215158,4.703846823215158,4.703846823215158,4.703846823215158,4.703846823215158,2000
2164,SSP1-2.6,lws,1.7828502766610315,4.733846823215157,4.733846823215157,4.733846823215157,4.733846823215157,4.733846823215157,2000
2165,SSP1-2.6,lws,1.770807067623995,4.763846823215157,4.763846823215157,4.763846823215157,4.763846823215157,4.763846823215157,2000
2166,SSP1-2.6,lws,1.76659686235565,4.793846823215158,4.793846823215158,4.793846823215158,4.793846823215158,4.793846823215158,2000
2167,SSP1-2.6,lws,1.769784182492198,4.823846823215158,4.823846823215158,4.823846823215158,4.823846823215158,4.823846823215158,2000
2168,SSP1-2.6,lws,1.7661928121425219,4.853846823215158,4.853846823215158,4.853846823215158,4.853846823215158,4.853846823215158,2000
2169,SSP1-2.6,lws,1.7735946976846575,4.883846823215158,4.883846823215158,4.883846823215158,4.883846823215158,4.883846823215158,2000
2170,SSP1-2.6,lws,1.7850558636330314,4.913846823215159,4.913846823215159,4.913846823215159,4.913846823215159,4.913846823215159,2000
2171,SSP1-2.6,lws,1.78453709495898,4.943846823215159,4.943846823215159,4.943846823215159,4.943846823215159,4.943846823215159,2000
2172,SSP1-2.6,lws,1.7898868268915358,4.973846823215159,4.973846823215159,4.973846823215159,4.973846823215159,4.973846823215159,2000
2173,SSP1-2.6,lws,1.7928400222462548,5.003846823215159,5.003846823215159,5.003846823215159,5.003846823215159,5.003846823215159,2000
2174,SSP1-2.6,lws,1.7961315569231113,5.03384682321516,5.03384682321516,5.03384682321516,5.03384682321516,5.03384682321516,2000
2175,SSP1-2.6,lws,1.7898388394602622,5.063846823215159,5.063846823215159,5.063846823215159,5.063846823215159,5.063846823215159,2000
2176,SSP1-2.6,lws,1.7830713450753846,5.093846823215159,5.093846823215159,5.093846823215159,5.093846823215159,5.093846823215159,2000
2177,SSP1-2.6,lws,1.777167480877248,5.1238468232151595,5.1238468232151595,5.1238468232151595,5.1238468232151595,5.1238468232151595,2000
2178,SSP1-2.6,lws,1.7775557154258472,5.15384682321516,5.15384682321516,5.15384682321516,5.15384682321516,5.15384682321516,2000
2179,SSP1-2.6,lws,1.7823480096150495,5.18384682321516,5.18384682321516,5.18384682321516,5.18384682321516,5.18384682321516,2000
2180,SSP1-2.6,lws,1.7864851027169935,5.21384682321516,5.21384682321516,5.21384682321516,5.21384682321516,5.21384682321516,2000
2181,SSP1-2.6,lws,1.787807388580865,5.2438468232151605,5.2438468232151605,5.2438468232151605,5.2438468232151605,5.2438468232151605,2000
2182,SSP1-2.6,lws,1.7893850298463798,5.273846823215161,5.273846823215161,5.273846823215161,5.273846823215161,5.273846823215161,2000
2183,SSP1-2.6,lws,1.7967689850348303,5.303846823215161,5.303846823215161,5.303846823215161,5.303846823215161,5.303846823215161,2000
2184,SSP1-2.6,lws,1.7929139839056534,5.333846823215161,5.333846823215161,5.333846823215161,5.333846823215161,5.333846823215161,2000
2185,SSP1-2.6,lws,1.7879094256587844,5.363846823215161,5.363846823215161,5.363846823215161,5.363846823215161,5.363846823215161,2000
2186,SSP1-2.6,lws,1.78778469245074,5.393846823215161,5.393846823215161,5.393846823215161,5.393846823215161,5.393846823215161,2000
2187,SSP1-2.6,lws,1.7832045403187535,5.423846823215161,5.423846823215161,5.423846823215161,5.423846823215161,5.423846823215161,2000
2188,SSP1-2.6,lws,1.7736312222458008,5.453846823215161,5.453846823215161,5.453846823215161,5.453846823215161,5.453846823215161,2000
2189,SSP1-2.6,lws,1.7763447808100665,5.483846823215162,5.483846823215162,5.483846823215162,5.483846823215162,5.483846823215162,2000
2190,SSP1-2.6,lws,1.7750903677756291,5.513846823215162,5.513846823215162,5.513846823215162,5.513846823215162,5.513846823215162,2000
2191,SSP1-2.6,lws,1.7751381041868388,5.543846823215162,5.543846823215162,5.543846823215162,5.543846823215162,5.543846823215162,2000
2192,SSP1-2.6,lws,1.7836675212812578,5.573846823215162,5.573846823215162,5.573846823215162,5.573846823215162,5.573846823215162,2000
2193,SSP1-2.6,lws,1.7849798669824517,5.603846823215163,5.603846823215163,5.603846823215163,5.603846823215163,5.603846823215163,2000
2194,SSP1-2.6,lws,1.79007253808659,5.633846823215163,5.633846823215163,5.633846823215163,5.633846823215163,5.633846823215163,2000
2195,SSP1-2.6,lws,1.7861031354888972,5.663846823215163,5.663846823215163,5.663846823215163,5.663846823215163,5.663846823215163,2000
2196,SSP1-2.6,lws,1.7922696416327597,5.6938468232151624,5.6938468232151624,5.6938468232151624,5.6938468232151624,5.6938468232151624,2000
2197,SSP1-2.6,lws,1.7908902319641304,5.723846823215163,5.723846823215163,5.723846823215163,5.723846823215163,5.723846823215163,2000
2198,SSP1-2.6,lws,1.7890220174427829,5.753846823215163,5.753846823215163,5.753846823215163,5.753846823215163,5.753846823215163,2000
2199,SSP1-2.6,lws,1.7822536218659841,5.783846823215163,5.783846823215163,5.783846823215163,5.783846823215163,5.783846823215163,2000
2200,SSP1-2.6,lws,1.7793400105758876,5.813846823215163,5.813846823215163,5.813846823215163,5.813846823215163,5.813846823215163,2000
2201,SSP1-2.6,lws,1.781849448842886,5.843846823215164,5.843846823215164,5.843846823215164,5.843846823215164,5.843846823215164,2000
2202,SSP1-2.6,lws,1.7779736896615816,5.873846823215164,5.873846823215164,5.873846823215164,5.873846823215164,5.873846823215164,2000
2203,SSP1-2.6,lws,1.786618796488366,5.903846823215164,5.903846823215164,5.903846823215164,5.903846823215164,5.903846823215164,2000
2204,SSP1-2.6,lws,1.8076970728094985,5.933846823215164,5.933846823215164,5.933846823215164,5.933846823215164,5.933846823215164,2000
2205,SSP1-2.6,lws,1.8104041056339075,5.963846823215165,5.963846823215165,5.963846823215165,5.963846823215165,5.963846823215165,2000
2206,SSP1-2.6,lws,1.815077447465759,5.993846823215164,5.993846823215164,5.993846823215164,5.993846823215164,5.993846823215164,2000
2207,SSP1-2.6,lws,1.810085236373333,6.023846823215164,6.023846823215164,6.023846823215164,6.023846823215164,6.023846823215164,2000
2208,SSP1-2.6,lws,1.8034392564785593,6.0538468232151645,6.0538468232151645,6.0538468232151645,6.0538468232151645,6.0538468232151645,2000
2209,SSP1-2.6,lws,1.7999677571846697,6.083846823215165,6.083846823215165,6.083846823215165,6.083846823215165,6.083846823215165,2000
2210,SSP1-2.6,lws,1.786945928902812,6.113846823215165,6.113846823215165,6.113846823215165,6.113846823215165,6.113846823215165,2000
2211,SSP1-2.6,lws,1.78678119026803,6.143846823215165,6.143846823215165,6.143846823215165,6.143846823215165,6.143846823215165,2000
2212,SSP1-2.6,lws,1.7866525917294143,6.1738468232151655,6.1738468232151655,6.1738468232151655,6.1738468232151655,6.1738468232151655,2000
2213,SSP1-2.6,lws,1.7898257265724629,6.203846823215165,6.203846823215165,6.203846823215165,6.203846823215165,6.203846823215165,2000
2214,SSP1-2.6,lws,1.7904924122509598,6.233846823215164,6.233846823215164,6.233846823215164,6.233846823215164,6.233846823215164,2000
2215,SSP1-2.6,lws,1.7939330047043696,6.263846823215164,6.263846823215164,6.263846823215164,6.263846823215164,6.263846823215164,2000
2216,SSP1-2.6,lws,1.7926950127336962,6.293846823215163,6.293846823215163,6.293846823215163,6.293846823215163,6.293846823215163,2000
2217,SSP1-2.6,lws,1.7898173192234428,6.323846823215163,6.323846823215163,6.323846823215163,6.323846823215163,6.323846823215163,2000
2218,SSP1-2.6,lws,1.7834811901056176,6.353846823215163,6.353846823215163,6.353846823215163,6.353846823215163,6.353846823215163,2000
2219,SSP1-2.6,lws,1.7862150269113795,6.383846823215162,6.383846823215162,6.383846823215162,6.383846823215162,6.383846823215162,2000
2220,SSP1-2.6,lws,1.786985996022781,6.413846823215161,6.413846823215161,6.413846823215161,6.413846823215161,6.413846823215161,2000
2221,SSP1-2.6,lws,1.7808235274151358,6.443846823215161,6.443846823215161,6.443846823215161,6.443846823215161,6.443846823215161,2000
2222,SSP1-2.6,lws,1.7843238439966718,6.47384682321516,6.47384682321516,6.47384682321516,6.47384682321516,6.47384682321516,2000
2223,SSP1-2.6,lws,1.7855601109810113,6.503846823215159,6.503846823215159,6.503846823215159,6.503846823215159,6.503846823215159,2000
2224,SSP1-2.6,lws,1.7861141310371054,6.533846823215159,6.533846823215159,6.533846823215159,6.533846823215159,6.533846823215159,2000
2225,SSP1-2.6,lws,1.7805733011101121,6.563846823215159,6.563846823215159,6.563846823215159,6.563846823215159,6.563846823215159,2000
2226,SSP1-2.6,lws,1.7821149981201945,6.593846823215158,6.593846823215158,6.593846823215158,6.593846823215158,6.593846823215158,2000
2227,SSP1-2.6,lws,1.7889679397605007,6.623846823215158,6.623846823215158,6.623846823215158,6.623846823215158,6.623846823215158,2000
2228,SSP1-2.6,lws,1.7878425371833997,6.653846823215157,6.653846823215157,6.653846823215157,6.653846823215157,6.653846823215157,2000
2229,SSP1-2.6,lws,1.7919086903566461,6.683846823215156,6.683846823215156,6.683846823215156,6.683846823215156,6.683846823215156,2000
2230,SSP1-2.6,lws,1.7937452347263487,6.713846823215156,6.713846823215156,6.713846823215156,6.713846823215156,6.713846823215156,2000
2231,SSP1-2.6,lws,1.7943867093527042,6.743846823215155,6.743846823215155,6.743846823215155,6.743846823215155,6.743846823215155,2000
2232,SSP1-2.6,lws,1.788864590972943,6.7738468232151545,6.7738468232151545,6.7738468232151545,6.7738468232151545,6.7738468232151545,2000
2233,SSP1-2.6,lws,1.7843701080276038,6.803846823215155,6.803846823215155,6.803846823215155,6.803846823215155,6.803846823215155,2000
2234,SSP1-2.6,lws,1.7868849658449923,6.833846823215154,6.833846823215154,6.833846823215154,6.833846823215154,6.833846823215154,2000
2235,SSP1-2.6,lws,1.7903651462360186,6.8638468232151535,6.8638468232151535,6.8638468232151535,6.8638468232151535,6.8638468232151535,2000
2236,SSP1-2.6,lws,1.7913986651772016,6.893846823215153,6.893846823215153,6.893846823215153,6.893846823215153,6.893846823215153,2000
2237,SSP1-2.6,lws,1.795018008345624,6.923846823215152,6.923846823215152,6.923846823215152,6.923846823215152,6.923846823215152,2000
2238,SSP1-2.6,lws,1.789577965830955,6.953846823215152,6.953846823215152,6.953846823215152,6.953846823215152,6.953846823215152,2000
2239,SSP1-2.6,lws,1.8032955315829549,6.983846823215151,6.983846823215151,6.983846823215151,6.983846823215151,6.983846823215151,2000
2240,SSP1-2.6,lws,1.8029387263343433,7.01384682321515,7.01384682321515,7.01384682321515,7.01384682321515,7.01384682321515,2000
2241,SSP1-2.6,lws,1.8086083260689714,7.0438468232151505,7.0438468232151505,7.0438468232151505,7.0438468232151505,7.0438468232151505,2000
2242,SSP1-2.6,lws,1.8107483032923184,7.07384682321515,7.07384682321515,7.07384682321515,7.07384682321515,7.07384682321515,2000
2243,SSP1-2.6,lws,1.8048343979863242,7.103846823215149,7.103846823215149,7.103846823215149,7.103846823215149,7.103846823215149,2000
2244,SSP1-2.6,lws,1.8022214985034728,7.133846823215149,7.133846823215149,7.133846823215149,7.133846823215149,7.133846823215149,2000
2245,SSP1-2.6,lws,1.7974081413282272,7.163846823215148,7.163846823215148,7.163846823215148,7.163846823215148,7.163846823215148,2000
2246,SSP1-2.6,lws,1.7981799844949546,7.193846823215147,7.193846823215147,7.193846823215147,7.193846823215147,7.193846823215147,2000
2247,SSP1-2.6,lws,1.7981819151979928,7.223846823215147,7.223846823215147,7.223846823215147,7.223846823215147,7.223846823215147,2000
2248,SSP1-2.6,lws,1.7979067683469578,7.253846823215146,7.253846823215146,7.253846823215146,7.253846823215146,7.253846823215146,2000
2249,SSP1-2.6,lws,1.804877122128305,7.283846823215146,7.283846823215146,7.283846823215146,7.283846823215146,7.283846823215146,2000
2250,SSP1-2.6,lws,1.8144590152605313,7.313846823215146,7.313846823215146,7.313846823215146,7.313846823215146,7.313846823215146,2000
2251,SSP1-2.6,lws,1.8150024689180146,7.343846823215145,7.343846823215145,7.343846823215145,7.343846823215145,7.343846823215145,2000
2252,SSP1-2.6,lws,1.8181228807024847,7.373846823215144,7.373846823215144,7.373846823215144,7.373846823215144,7.373846823215144,2000
2253,SSP1-2.6,lws,1.8186067312908611,7.403846823215144,7.403846823215144,7.403846823215144,7.403846823215144,7.403846823215144,2000
2254,SSP1-2.6,lws,1.8085971840379556,7.433846823215143,7.433846823215143,7.433846823215143,7.433846823215143,7.433846823215143,2000
2255,SSP1-2.6,lws,1.8107406652940954,7.4638468232151425,7.4638468232151425,7.4638468232151425,7.4638468232151425,7.4638468232151425,2000
2256,SSP1-2.6,lws,1.8061416298809037,7.493846823215142,7.493846823215142,7.493846823215142,7.493846823215142,7.493846823215142,2000
2257,SSP1-2.6,lws,1.8033478120249682,7.523846823215142,7.523846823215142,7.523846823215142,7.523846823215142,7.523846823215142,2000
2258,SSP1-2.6,lws,1.8019775849194732,7.5538468232151414,7.5538468232151414,7.5538468232151414,7.5538468232151414,7.5538468232151414,2000
2259,SSP1-2.6,lws,1.797191547761437,7.583846823215141,7.583846823215141,7.583846823215141,7.583846823215141,7.583846823215141,2000
2260,SSP1-2.6,lws,1.7943581277002514,7.61384682321514,7.61384682321514,7.61384682321514,7.61384682321514,7.61384682321514,2000
2261,SSP1-2.6,lws,1.800208165903617,7.6438468232151395,7.6438468232151395,7.6438468232151395,7.6438468232151395,7.6438468232151395,2000
2262,SSP1-2.6,lws,1.79384019975978,7.673846823215139,7.673846823215139,7.673846823215139,7.673846823215139,7.673846823215139,2000
2263,SSP1-2.6,lws,1.7973389626309617,7.703846823215138,7.703846823215138,7.703846823215138,7.703846823215138,7.703846823215138,2000
2264,SSP1-2.6,lws,1.7977861580130086,7.733846823215138,7.733846823215138,7.733846823215138,7.733846823215138,7.733846823215138,2000
2265,SSP1-2.6,lws,1.7985495784249659,7.763846823215138,7.763846823215138,7.763846823215138,7.763846823215138,7.763846823215138,2000
2266,SSP1-2.6,lws,1.8018100087076057,7.793846823215137,7.793846823215137,7.793846823215137,7.793846823215137,7.793846823215137,2000
2267,SSP1-2.6,lws,1.7993491803735144,7.823846823215137,7.823846823215137,7.823846823215137,7.823846823215137,7.823846823215137,2000
2268,SSP1-2.6,lws,1.796589724207627,7.853846823215136,7.853846823215136,7.853846823215136,7.853846823215136,7.853846823215136,2000
2269,SSP1-2.6,lws,1.7977499359724252,7.883846823215135,7.883846823215135,7.883846823215135,7.883846823215135,7.883846823215135,2000
2270,SSP1-2.6,lws,1.7961957957384704,7.9138468232151356,7.9138468232151356,7.9138468232151356,7.9138468232151356,7.9138468232151356,2000
2271,SSP1-2.6,lws,1.791913686648526,7.943846823215135,7.943846823215135,7.943846823215135,7.943846823215135,7.943846823215135,2000
2272,SSP1-2.6,lws,1.7887990633109918,7.973846823215134,7.973846823215134,7.973846823215134,7.973846823215134,7.973846823215134,2000
2273,SSP1-2.6,lws,1.793457550008949,8.003846823215135,8.003846823215135,8.003846823215135,8.003846823215135,8.003846823215135,2000
2274,SSP1-2.6,lws,1.7965359143272064,8.033846823215134,8.033846823215134,8.033846823215134,8.033846823215134,8.033846823215134,2000
2275,SSP1-2.6,lws,1.7967544196999405,8.063846823215133,8.063846823215133,8.063846823215133,8.063846823215133,8.063846823215133,2000
2276,SSP1-2.6,lws,1.7955430913712196,8.093846823215133,8.093846823215133,8.093846823215133,8.093846823215133,8.093846823215133,2000
2277,SSP1-2.6,lws,1.7960394398262745,8.123846823215132,8.123846823215132,8.123846823215132,8.123846823215132,8.123846823215132,2000
2278,SSP1-2.6,lws,1.7913174196442114,8.153846823215131,8.153846823215131,8.153846823215131,8.153846823215131,8.153846823215131,2000
2279,SSP1-2.6,lws,1.7903351670228975,8.18384682321513,8.18384682321513,8.18384682321513,8.18384682321513,8.18384682321513,2000
2280,SSP1-2.6,lws,1.7885383267461101,8.21384682321513,8.21384682321513,8.21384682321513,8.21384682321513,8.21384682321513,2000
2281,SSP1-2.6,lws,1.7841382179253924,8.24384682321513,8.24384682321513,8.24384682321513,8.24384682321513,8.24384682321513,2000
2282,SSP1-2.6,lws,1.7848011477552033,8.273846823215129,8.273846823215129,8.273846823215129,8.273846823215129,8.273846823215129,2000
2283,SSP1-2.6,lws,1.7819587530982903,8.303846823215128,8.303846823215128,8.303846823215128,8.303846823215128,8.303846823215128,2000
2284,SSP1-2.6,lws,1.7852573475228257,8.333846823215127,8.333846823215127,8.333846823215127,8.333846823215127,8.333846823215127,2000
2285,SSP1-2.6,lws,1.7929197371454555,8.363846823215129,8.363846823215129,8.363846823215129,8.363846823215129,8.363846823215129,2000
2286,SSP1-2.6,lws,1.7972431095861325,8.393846823215128,8.393846823215128,8.393846823215128,8.393846823215128,8.393846823215128,2000
2287,SSP1-2.6,lws,1.7944532182764277,8.423846823215127,8.423846823215127,8.423846823215127,8.423846823215127,8.423846823215127,2000
2288,SSP1-2.6,lws,1.7911122416233418,8.453846823215127,8.453846823215127,8.453846823215127,8.453846823215127,8.453846823215127,2000
2289,SSP1-2.6,lws,1.788843450904485,8.483846823215126,8.483846823215126,8.483846823215126,8.483846823215126,8.483846823215126,2000
2290,SSP1-2.6,lws,1.7931513548520999,8.513846823215125,8.513846823215125,8.513846823215125,8.513846823215125,8.513846823215125,2000
2291,SSP1-2.6,lws,1.7920688109441782,8.543846823215125,8.543846823215125,8.543846823215125,8.543846823215125,8.543846823215125,2000
2292,SSP1-2.6,lws,1.7922262812126262,8.573846823215124,8.573846823215124,8.573846823215124,8.573846823215124,8.573846823215124,2000
2293,SSP1-2.6,lws,1.787479920510822,8.603846823215124,8.603846823215124,8.603846823215124,8.603846823215124,8.603846823215124,2000
2294,SSP1-2.6,lws,1.7865715851690998,8.633846823215123,8.633846823215123,8.633846823215123,8.633846823215123,8.633846823215123,2000
2295,SSP1-2.6,lws,1.792297705170939,8.663846823215122,8.663846823215122,8.663846823215122,8.663846823215122,8.663846823215122,2000
2296,SSP1-2.6,lws,1.7922815332828843,8.693846823215122,8.693846823215122,8.693846823215122,8.693846823215122,8.693846823215122,2000
2297,SSP1-2.6,lws,1.8044910201024014,8.723846823215121,8.723846823215121,8.723846823215121,8.723846823215121,8.723846823215121,2000
2298,SSP1-2.6,lws,1.8021318394235173,8.75384682321512,8.75384682321512,8.75384682321512,8.75384682321512,8.75384682321512,2000
2299,SSP1-2.6,lws,1.8090851408976707,8.78384682321512,8.78384682321512,8.78384682321512,8.78384682321512,8.78384682321512,2000
2300,SSP1-2.6,lws,1.8146865576619162,8.813846823215119,8.813846823215119,8.813846823215119,8.813846823215119,8.813846823215119,2000
1990,SSP1-2.6,total,0.5557397132233756,-3.2997821647832444,-3.5334007191031054,-3.4321007858532724,-3.181496490203063,-3.093746787391383,2000
1991,SSP1-2.6,total,0.5885637306361448,-3.0547844456494326,-3.2675575894507496,-3.1752565776781414,-2.9463037305016613,-2.868095606200297,2000
1992,SSP1-2.6,total,0.5090689778394178,-2.7938912918198904,-2.990620938844654,-2.910795730055896,-2.6881697206948325,-2.612705912242229,2000
1993,SSP1-2.6,total,0.3084522979487564,-3.1839272311486297,-3.390819656412612,-3.305322611641866,-3.0710661528103658,-2.984660957013185,2000
1994,SSP1-2.6,total,0.332676813580452,-3.1253773767771955,-3.327869905551011,-3.2409734280149842,-3.01242963663952,-2.928698597862997,2000
1995,SSP1-2.6,total,0.4547856293863089,-2.8059403156362075,-2.991090954311938,-2.9141671480431786,-2.7021104175095787,-2.625549694578723,2000
1996,SSP1-2.6,total,0.5463394857269461,-2.594542791832967,-2.7632533130757286,-2.6945579450708252,-2.4981471200620944,-2.4271756291113626,2000
1997,SSP1-2.6,total,0.600043540445978,-2.4293501345290958,-2.5788212909426216,-2.5198867491011243,-2.3434738450392483,-2.2770528441486366,2000
1998,SSP1-2.6,total,0.6466075693928761,-2.080560154825661,-2.213001074833058,-2.1597544806206344,-2.001322515387847,-1.9455078613410848,2000
1999,SSP1-2.6,total,0.686007840655961,-1.8624839154755177,-1.9717215746576706,-1.9277316375788234,-1.795775035759664,-1.7459604110183173,2000
2000,SSP1-2.6,total,0.7295563669080296,-1.7194201204292785,-1.8102522274034498,-1.7739113158284006,-1.664211260763658,-1.621251730635816,2000
2001,SSP1-2.6,total,0.7655239205849365,-1.1982993643379265,-1.2714253654149839,-1.2408706833461243,-1.1543858685466644,-1.1205999904712087,2000
2002,SSP1-2.6,total,0.7999498588212678,-0.7092915449699513,-0.7631046081013345,-0.7399536123380472,-0.6779645205352565,-0.6532558212323624,2000
2003,SSP1-2.6,total,0.8301407393993533,-0.3272813135670507,-0.3628539359505616,-0.34677849683432277,-0.3062177035354119,-0.2915541510983798,2000
2004,SSP1-2.6,total,0.8359312010698448,-0.26401323664417653,-0.2804433467618635,-0.2726581847436256,-0.25575139176797573,-0.24952521124485055,2000
2005,SSP1-2.6,total,0.843916603443868,0.17234441632337472,0.15431013444889707,0.16233171840992988,0.18168649652788688,0.18868926414168224,2000
2006,SSP1-2.6,total,0.8516506513236204,0.5053551573044857,0.47241572637075313,0.4863981873977218,0.5243296454509243,0.5370918387979964,2000
2007,SSP1-2.6,total,0.8597675192449368,0.7261789299496462,0.6752631833692706,0.6971179319951925,0.7556798972854564,0.7747896565468466,2000
2008,SSP1-2.6,total,0.8671015531069908,1.036826791836,0.9677580358559094,0.9971101642635953,1.0773978960740038,1.1035562002453034,2000
2009,SSP1-2.6,total,0.8915919796329949,1.3998570355660123,1.3129640551886852,1.349881069861927,1.4507454060932627,1.4841806717491965,2000
2010,SSP1-2.6,total,0.91224213325433,1.7411063394863708,1.6345469722243433,1.6796521217262825,1.8038871237696772,1.8462765820937213,2000
2011,SSP1-2.6,total,0.9463726707864436,1.8847051354655537,1.7491841072182333,1.8084311806868452,1.9618856713474009,2.0126711040799607,2000
2012,SSP1-2.6,total,0.9634454159642772,2.581707636056298,2.425840413935501,2.4943489239176166,2.66921226084261,2.728871683769334,2000
2013,SSP1-2.6,total,1.0010392042679888,2.8721241447725925,2.6949329217678804,2.77253356822564,2.973344471404397,3.0423373282568913,2000
2014,SSP1-2.6,total,1.034758969518629,3.0763371570952796,2.8766972860270763,2.965142698565884,3.1916196953218563,3.2689641332197743,2000
2015,SSP1-2.6,total,1.0655474016558886,3.8335978265427384,3.608320116919119,3.710170112849642,3.962983839014689,4.048566499552432,2000
2016,SSP1-2.6,total,1.0982433117141364,4.3048890030167986,4.059899412259584,4.168297911611441,4.44767829172538,4.540252217231369,2000
2017,SSP1-2.6,total,1.1215083354395925,4.512846991551453,4.2392708441275815,4.362763417746073,4.668983125149553,4.773898749051062,2000
2018,SSP1-2.6,total,1.1514531927883527,4.783710653073016,4.487738255533429,4.62019095518901,4.9538790949917875,5.069211739108831,2000
2019,SSP1-2.6,total,1.172690213058829,5.232638412167875,4.916043269396712,5.056399493615595,5.415962864825804,5.540316284899953,2000
2020,SSP1-2.6,total,1.183004264307409,5.384170756481753,5.044697861652791,5.194353733238632,5.584368125416906,5.718058123494331,2000
2021,SSP1-2.6,total,1.2100067371777328,5.815248605864881,5.449888754856129,5.6103170002982665,6.027856227316364,6.17172629057507,2000
2022,SSP1-2.6,total,1.2401553910866456,6.1817710214865995,5.789553746036803,5.961908863831048,6.4092907220457205,6.562172888339086,2000
2023,SSP1-2.6,total,1.2795255652495054,6.631149938466827,6.2137140907456185,6.396475971881263,6.871344542585014,7.036678670744324,2000
2024,SSP1-2.6,total,1.3120856196879593,7.042913146307977,6.599126070322086,6.793852146336796,7.300310775254967,7.477774453383599,2000
2025,SSP1-2.6,total,1.3450532697084467,7.454900048882944,6.987689256463312,7.189251291230624,7.729320246174511,7.9202458984114,2000
2026,SSP1-2.6,total,1.3757659511567653,7.890689308677395,7.393749031454636,7.606636391539781,8.183457258318413,8.385154459992716,2000
2027,SSP1-2.6,total,1.400059949863873,8.323101227666694,7.801546262178866,8.024363861405636,8.63406053822888,8.848232936013849,2000
2028,SSP1-2.6,total,1.4175823530737954,8.75550978602837,8.208519445522967,8.441671038752997,9.080693442234121,9.30743062280921,2000
2029,SSP1-2.6,total,1.4347237788428864,9.190343008501463,8.618540577985511,8.863772831353657,9.534946125148346,9.771803390873597,2000
2030,SSP1-2.6,total,1.4578128091905669,9.626363159691095,9.024957253592275,9.28353582810156,9.988996620285606,10.239305170325506,2000
2031,SSP1-2.6,total,1.475920925382979,10.068277571088739,9.437204562672012,9.709439685844323,10.4518869119141,10.716134471026061,2000
2032,SSP1-2.6,total,1.5035590631054043,10.509690936463784,9.854746299843622,10.131819048452105,10.908523473684923,11.18907026952347,2000
2033,SSP1-2.6,total,1.5207037061559632,10.954541633890862,10.276774224375131,10.56173715532405,11.373610734572775,11.669443188889757,2000
2034,SSP1-2.6,total,1.5443794295508118,11.4098457369426,10.696381292770859,10.999716968446338,11.840036299388888,12.155560661010906,2000
2035,SSP1-2.6,total,1.5694008625927183,11.869561622464182,11.124833364821598,11.440703483351156,12.319457692620494,12.647195580628413,2000
2036,SSP1-2.6,total,1.6001447457060347,12.33216865924213,11.552045967612685,11.887534392645838,12.803278251355609,13.147177477458483,2000
2037,SSP1-2.6,total,1.6228275484992332,12.802236026596798,11.988493854249867,12.34031689171074,13.285462201346675,13.6510215199976,2000
2038,SSP1-2.6,total,1.638756606214989,13.274558140761602,12.429295068950362,12.792771626004642,13.780898309496093,14.160838171775898,2000
2039,SSP1-2.6,total,1.665056147183829,13.747125519915787,12.86628925025052,13.250696245777306,14.276249756678618,14.678702081876779,2000
2040,SSP1-2.6,total,1.680002027001819,14.218580983666792,13.302767113247153,13.703922849236392,14.76438738324946,15.183896100831488,2000
2041,SSP1-2.6,total,1.6834285647818141,14.686348596801636,13.736092720803793,14.15195543068293,15.252716782137236,15.691391418706475,2000
2042,SSP1-2.6,total,1.704109570537229,15.150678440991282,14.164355000136542,14.59305877370743,15.736843437013212,16.194047644391567,2000
2043,SSP1-2.6,total,1.714663980468551,15.61573829243417,14.59323526725098,15.040875343231164,16.224826930028954,16.69392427438081,2000
2044,SSP1-2.6,total,1.7260350563196727,16.08483172579121,15.020838893694547,15.484277452957956,16.7108830359987,17.202272196148662,2000
2045,SSP1-2.6,total,1.7459958257047152,16.550975653047292,15.449232309690194,15.93126901978082,17.200422084085947,17.725058303840427,2000
2046,SSP1-2.6,total,1.762760719311069,17.027989399516088,15.88420381648176,16.388516009422048,17.706309113933482,18.24008969355483,2000
2047,SSP1-2.6,total,1.7826873664759635,17.503458017605233,16.321046341244518,16.836622530381316,18.20875008819077,18.80449907202051,2000
2048,SSP1-2.6,total,1.7943045116741423,17.979859546130534,16.75471952026094,17.291524170297954,18.709067024694022,19.345894550824053,2000
2049,SSP1-2.6,total,1.8137621029829256,18.450581587049626,17.190379905671488,17.742995072136015,19.206078114453458,19.913880653932488,2000
2050,SSP1-2.6,total,1.8262150982576644,18.924083457379567,17.62865970949333,18.19409691409285,19.70522560169163,20.482196464492308,2000
2051,SSP1-2.6,total,1.8308350187033013,19.396411965014657,18.061212953957327,18.641717715904093,20.199021440439942,21.027336417873183,2000
2052,SSP1-2.6,total,1.839260518267929,19.861067471028285,18.496451575556996,19.080284020428046,20.691486361115963,21.545879081986506,2000
2053,SSP1-2.6,total,1.8419008709450382,20.322301416116066,18.926012897808597,19.519595363606264,21.18113308468433,22.077005841595255,2000
2054,SSP1-2.6,total,1.8495654187516568,20.781279217904217,19.34308817258372,19.957016292400617,21.65771121949767,22.622724746092103,2000
2055,SSP1-2.6,total,1.8519517245166544,21.235060115045073,19.76141580619486,20.3861437260336,22.140248483889874,23.17398104906124,2000
2056,SSP1-2.6,total,1.8650721303408586,21.689484092573846,20.167606146798985,20.813220808270074,22.61881751858358,23.7511311749824,2000
2057,SSP1-2.6,total,1.878411111649326,22.14529147439538,20.580165342312597,21.251194830382747,23.100409285218554,24.294042533391238,2000
2058,SSP1-2.6,total,1.8934387511902997,22.607605279845778,21.002782708167018,21.690079170633332,23.58470645169773,24.80415206659149,2000
2059,SSP1-2.6,total,1.9036280513318873,23.063241842007137,21.425511345100485,22.127899979457847,24.075514100156717,25.428269612331203,2000
2060,SSP1-2.6,total,1.9120348699423153,23.52049121671395,21.845367927277863,22.56332971862031,24.570265352414438,25.977432592228162,2000
2061,SSP1-2.6,total,1.9157720858784457,23.978363712223192,22.258297829674827,22.98981853200288,25.070099438412498,26.741328882352917,2000
2062,SSP1-2.6,total,1.9252995872840941,24.424805481668287,22.65357320423053,23.408576487181804,25.541715442701094,27.6422067529648,2000
2063,SSP1-2.6,total,1.9227545106403505,24.863616807023696,23.05679904988545,23.82328744901323,26.033024495962724,28.637532656690148,2000
2064,SSP1-2.6,total,1.929979720056169,25.299586496787395,23.45104162423307,24.231675798957212,26.489244772034606,29.468513366263835,2000
2065,SSP1-2.6,total,1.9279017310614255,25.734315099874078,23.849525612456024,24.638850282324544,26.943677178930074,30.586724942833623,2000
2066,SSP1-2.6,total,1.9250740149608094,26.169295005509518,24.233711749953322,25.04743917628635,27.398743108031024,31.803888450498807,2000
2067,SSP1-2.6,total,1.9307580359371808,26.59366408223307,24.607519257629324,25.442184187526053,27.840899932424858,32.83333002603908,2000
2068,SSP1-2.6,total,1.9303005835819673,27.019582371969065,24.98206978231846,25.839721856743335,28.297813033765436,33.819243157940384,2000
2069,SSP1-2.6,total,1.9315130943430172,27.440616474258114,25.360093575263047,26.232480591352285,28.749386947354225,34.96142169159669,2000
2070,SSP1-2.6,total,1.941998544440816,27.858613825618733,25.746266547468956,26.632529809167746,29.19528869488325,36.103209828848165,2000
2071,SSP1-2.6,total,1.9488800722775106,28.282082920156338,26.131245984839396,27.0293420059534,29.648715154941783,37.35204555127783,2000
2072,SSP1-2.6,total,1.9600550100485683,28.703765062225003,26.51385770193587,27.419643101064693,30.088975537310226,38.411289268337335,2000
2073,SSP1-2.6,total,1.9549334001318275,29.116467995178446,26.8951883354681,27.815192617413576,30.530756609989062,39.51977014421494,2000
2074,SSP1-2.6,total,1.9609657708872554,29.522399274339975,27.26318800920412,28.19779742895287,30.965799022457276,40.647355825128066,2000
2075,SSP1-2.6,total,1.968212494580389,29.92069856334188,27.63318851277137,28.575831200627615,31.412057519406627,41.768701865724694,2000
2076,SSP1-2.6,total,1.960330564727248,30.3184592844362,27.990477591610755,28.952188789075105,31.83793811513535,42.76553364050163,2000
2077,SSP1-2.6,total,1.955954255771158,30.70795593041543,28.3417695176555,29.31782473434006,32.248803211331435,43.67129647625791,2000
2078,SSP1-2.6,total,1.9521852919753506,31.093874049945065,28.69080548549951,29.678056200284992,32.66692140128484,44.544874000629356,2000
2079,SSP1-2.6,total,1.9510280861016316,31.4785588101436,29.036822905869425,30.03055162503133,33.07406960758104,45.70972975472692,2000
2080,SSP1-2.6,total,1.94830410642478,31.863954334532245,29.376190179446823,30.3920277401701,33.4780896232786,46.524997313205446,2000
2081,SSP1-2.6,total,1.9565166945721395,32.249952919443466,29.725621538498256,30.752765522657107,33.88438647376415,47.350759693492044,2000
2082,SSP1-2.6,total,1.9608847127432856,32.63995016566285,30.069221366706593,31.115333454186125,34.30201242801009,48.16602470636519,2000
2083,SSP1-2.6,total,1.9703278175020005,33.02719429086156,30.411185858174974,31.4714173034189,34.708669259638924,49.30621676226984,2000
2084,SSP1-2.6,total,1.9704917871545213,33.40245749949558,30.784859562710608,31.822996710893236,35.11108425288022,50.33960308477708,2000
2085,SSP1-2.6,total,1.962081047311514,33.77022217698258,31.114097357406468,32.17623786241028,35.51373763740386,51.127804583452104,2000
2086,SSP1-2.6,total,1.9566852476790242,34.13078319119877,31.425033548199085,32.50997253524984,35.89424192591238,51.90771114027209,2000
2087,SSP1-2.6,total,1.9486594231626369,34.48770778476137,31.731034988505506,32.8380373249872,36.276741790532654,53.13207322543283,2000
2088,SSP1-2.6,total,1.936368050306355,34.83794471256438,32.04377344743977,33.16404781694543,36.651982502244394,53.945088505261964,2000
2089,SSP1-2.6,total,1.9278308259259676,35.181929712708616,32.352702573504885,33.48764990447227,37.02285091375839,54.70074833909686,2000
2090,SSP1-2.6,total,1.9265564288102708,35.528896812901195,32.660479763927974,33.81121729370713,37.3881241298825,55.36640358606706,2000
2091,SSP1-2.6,total,1.919259589944645,35.871296841564785,32.968625862902904,34.12357926637083,37.75137490098316,56.24764061938856,2000
2092,SSP1-2.6,total,1.9259263600021215,36.215132828105304,33.276477938601246,34.44575187011952,38.11284183788681,57.01152052799781,2000
2093,SSP1-2.6,total,1.9273236410045735,36.54893364455214,33.57773056350159,34.768712271447015,38.470144418430735,58.02812242495748,2000
2094,SSP1-2.6,total,1.9277320498818777,36.8813712530028,33.88216642921506,35.08485802871102,38.82610106295946,58.92879509281135,2000
2095,SSP1-2.6,total,1.929088206290513,37.21135409562295,34.179442688588814,35.400776712698374,39.181461011753704,59.822438006393774,2000
2096,SSP1-2.6,total,1.9337487555419648,37.53627294656599,34.47487001895451,35.707427486159204,39.52671708074103,60.71042834912828,2000
2097,SSP1-2.6,total,1.9250482758784415,37.851654957982696,34.764605293601626,36.001696750766044,39.856769692486644,61.395200533233606,2000
2098,SSP1-2.6,total,1.9113268012346174,38.16416415091878,35.05597634975174,36.291989479712875,40.19776045983895,62.075142420882855,2000
2099,SSP1-2.6,total,1.9069636107059724,38.4751037946361,35.341415834529144,36.578415699175636,40.52929249030855,62.924008919471454,2000
2100,SSP1-2.6,total,1.9004970717491718,38.78694775937865,35.62471745699794,36.862783256546464,40.856951421112974,63.547863729156845,2000
2101,SSP1-2.6,total,1.903861305509231,39.100874861782074,35.906437626213005,37.153623125363865,41.19145568851979,64.26055078841485,2000
2102,SSP1-2.6,total,1.9038722991133727,39.40519925580264,36.18608735089786,37.43701802370653,41.525354071953025,64.93909103941297,2000
2103,SSP1-2.6,total,1.9057695630459284,39.71693886257486,36.465567732634014,37.72249248118462,41.861861766870156,65.60296122816774,2000
2104,SSP1-2.6,total,1.903432896233887,40.022096022518454,36.73832131995178,38.00926424889782,42.19070340075271,66.44699837789305,2000
2105,SSP1-2.6,total,1.9050784566898782,40.32198770545515,37.00817200672322,38.29431434776917,42.52361016786473,67.33575703855894,2000
2106,SSP1-2.6,total,1.8984335092886517,40.61969312977289,37.27567839960416,38.581360250422705,42.85643867353666,68.22178670459871,2000
2107,SSP1-2.6,total,1.8936766988403748,40.9114474372918,37.53838321318184,38.85379571312865,43.17796250563947,68.6581013185491,2000
2108,SSP1-2.6,total,1.892253728944272,41.19452024729041,37.79307868281091,39.119086680949536,43.491362476083445,69.44212105838918,2000
2109,SSP1-2.6,total,1.8845879972111763,41.473759032578776,38.04474688244166,39.378114332050366,43.80374375908446,69.75460883861942,2000
2110,SSP1-2.6,total,1.8805533693968455,41.7530613150859,38.29163164410349,39.63662385564673,44.10223804220218,70.26052222767181,2000
2111,SSP1-2.6,total,1.8679419192709603,42.03901972893608,38.53800342033504,39.896369820567244,44.39375517989754,70.80220615984764,2000
2112,SSP1-2.6,total,1.8678280274422847,42.31311839618694,38.78173660012686,40.150818970893404,44.68028456207124,71.42043431760224,2000
2113,SSP1-2.6,total,1.8665663982450487,42.58212708553785,39.025428178387294,40.41099832102311,44.96902156105363,71.75759995663863,2000
2114,SSP1-2.6,total,1.8607098201996317,42.860517463670384,39.272180371231364,40.6714011143459,45.26817052216224,72.30584790369002,2000
2115,SSP1-2.6,total,1.8702242715997102,43.13632070813608,39.51802172872385,40.92780658889743,45.56983439760774,72.77303014706376,2000
2116,SSP1-2.6,total,1.8638698412036334,43.40927602424041,39.77093644330169,41.17581099943953,45.872055962113436,73.39880679252114,2000
2117,SSP1-2.6,total,1.8717668912525203,43.68242096935046,40.01051231894545,41.42527199832451,46.15857092317009,74.0964282155162,2000
2118,SSP1-2.6,total,1.8631587763140285,43.94435582661925,40.2448914153823,41.67033025123922,46.45050719505583,74.78859972419885,2000
2119,SSP1-2.6,total,1.8518260285787065,44.2085952498043,40.473115735003326,41.91001172529076,46.7280248970107,75.47449654980488,2000
2120,SSP1-2.6,total,1.844110425588654,44.46208971044098,40.69779395604593,42.14608189277146,46.99947453748174,76.15623226223065,2000
2121,SSP1-2.6,total,1.840255487511054,44.71291425961863,40.919868055842976,42.379243390278624,47.27245769732703,76.83482367548206,2000
2122,SSP1-2.6,total,1.8354591475563504,44.96545539524607,41.13644666495928,42.611640158816996,47.547940066680376,77.51152343296535,2000
2123,SSP1-2.6,total,1.8314524485858643,45.225395270010154,41.354909515985554,42.84155668552776,47.82458835540926,77.90772053225157,2000
2124,SSP1-2.6,total,1.8369638154408412,45.485733378627046,41.57906326168124,43.07677491716605,48.102337465378035,78.14773127321217,2000
2125,SSP1-2.6,total,1.8428392863281482,45.74225401745494,41.803535403807395,43.31943391418124,48.37783332370498,78.59931200375763,2000
2126,SSP1-2.6,total,1.8464574630892177,45.99054882920696,42.02400487881188,43.55782948582866,48.64616261114579,79.17997046343771,2000
2127,SSP1-2.6,total,1.8396933500511399,46.23913237329534,42.246326320309436,43.790392537236286,48.91478663418516,79.74730125840046,2000
2128,SSP1-2.6,total,1.8371544684536543,46.48767911939206,42.467105442646435,44.014279818707166,49.17907215346422,80.30681330129512,2000
2129,SSP1-2.6,total,1.833574313205552,46.73169568267349,42.68131641920493,44.234425374542866,49.43745575563468,80.85837938581575,2000
2130,SSP1-2.6,total,1.8325423624469261,46.96733705759726,42.88317657103341,44.45165060787484,49.68852020529157,81.0883540916493,2000
2131,SSP1-2.6,total,1.8198555296918553,47.20265540510696,43.085241985017205,44.66798642832296,49.937083270889566,81.31015317167099,2000
2132,SSP1-2.6,total,1.8195513895740596,47.4271444044133,43.289054199294114,44.8764735858352,50.18557096106327,81.61091267006992,2000
2133,SSP1-2.6,total,1.8138360080665075,47.658725693429105,43.49629604806553,45.08777759624739,50.43047303936892,81.82534909206579,2000
2134,SSP1-2.6,total,1.8148787364484629,47.88646259776462,43.70426480021932,45.30204311808493,50.6777282376096,82.04033025345437,2000
2135,SSP1-2.6,total,1.8147658457820757,48.1212665422838,43.915338681836296,45.526098822600936,50.93362018756115,82.53987820117047,2000
2136,SSP1-2.6,total,1.819839581972745,48.35279122464718,44.12244068496104,45.73987815352456,51.186975774928015,83.11381222344346,2000
2137,SSP1-2.6,total,1.8191075511736725,48.5875855520589,44.32672921966391,45.953608992883545,51.440979372433084,83.68827981993579,2000
2138,SSP1-2.6,total,1.8209666080961884,48.81960003897093,44.538762271191516,46.1679628633787,51.694370189088914,84.02675465322267,2000
2139,SSP1-2.6,total,1.8124620703748862,49.041881657726115,44.73844017015671,46.38052804792376,51.94248307937504,84.24491590469259,2000
2140,SSP1-2.6,total,1.8066164406376708,49.2643434963818,44.93784724855261,46.58518994194705,52.187129369722356,84.46091778103464,2000
2141,SSP1-2.6,total,1.7998782960123987,49.48264595511799,45.12977393208135,46.786080412535625,52.42392297221063,84.67119160186307,2000
2142,SSP1-2.6,total,1.7896419320635812,49.70115899718019,45.312875536522505,46.99011814005218,52.66433475111958,84.87955443919654,2000
2143,SSP1-2.6,total,1.7863737442845755,49.91795948988995,45.50127267496384,47.1919068006329,52.903725025373234,85.08469824807558,2000
2144,SSP1-2.6,total,1.784493331593181,50.130314030445234,45.68771459366633,47.38905484834911,53.137232775112984,85.28768228109402,2000
2145,SSP1-2.6,total,1.786632020802354,50.34355265927442,45.87446289942826,47.59084928973836,53.369873879381515,85.49001536076966,2000
2146,SSP1-2.6,total,1.787861575658679,50.554001478662414,46.0629164041768,47.79041767651099,53.60192366969356,85.6927569408431,2000
2147,SSP1-2.6,total,1.783164548310713,50.764551505078984,46.259720035170396,47.9864437394334,53.83245232709163,85.89540874153325,2000
2148,SSP1-2.6,total,1.7841268270669983,50.970659904023314,46.45276972199683,48.17838713082985,54.05980216742083,86.09546756914231,2000
2149,SSP1-2.6,total,1.7807847528530678,51.17979827793558,46.6492377660132,48.37604052962576,54.28736455765316,86.29576599309907,2000
2150,SSP1-2.6,total,1.7788464357791047,51.38779854812827,46.83386717285876,48.582554989246304,54.512855783573144,86.49436684655119,2000
2151,SSP1-2.6,total,1.7709849704027887,51.59463655358159,47.0161130013405,48.776871884899805,54.73659874030115,86.69159477686257,2000
2152,SSP1-2.6,total,1.7737353255207426,51.79721978972189,47.192518107839426,48.96841965111285,54.950719871908504,86.88513195541778,2000
2153,SSP1-2.6,total,1.7704860870027923,52.00262532377922,47.36852635684109,49.150446162318694,55.16449871919107,87.07845949284888,2000
2154,SSP1-2.6,total,1.7742531009486113,52.20578720184631,47.541493643899265,49.33175653945904,55.38082593948816,87.26855030782062,2000
2155,SSP1-2.6,total,1.7690430365169842,52.40664187846012,47.71624309183698,49.53350423406741,55.59425432006208,87.46037829943981,2000
2156,SSP1-2.6,total,1.7682035814368335,52.603269618251616,47.89383665617522,49.71947946193884,55.80830414173505,87.6524379215752,2000
2157,SSP1-2.6,total,1.7700913880882827,52.80809121568204,48.07471535758148,49.91636075646014,56.03134568708517,87.84770039568241,2000
2158,SSP1-2.6,total,1.776025418540476,53.014778993711104,48.25855877763,50.10583242379712,56.26086411743637,88.04624905168967,2000
2159,SSP1-2.6,total,1.7780330523792716,53.222091234810335,48.44337159941912,50.297141634858576,56.48968663470997,88.24600682735164,2000
2160,SSP1-2.6,total,1.7849257479836478,53.427154255851875,48.62124296564277,50.493185526182096,56.71709818841957,88.44549412251276,2000
2161,SSP1-2.6,total,1.7882896064373055,53.63216618464334,48.80028373303429,50.68547689891678,56.946618792124845,88.64397639125542,2000
2162,SSP1-2.6,total,1.787205442138253,53.83165180017665,48.97089164706956,50.857274614329036,57.166346415205524,88.8346142842083,2000
2163,SSP1-2.6,total,1.791557976184849,54.03489851351523,49.143032134938096,51.034360668721405,57.383421493902766,89.02475820582548,2000
2164,SSP1-2.6,total,1.7828502766610315,54.23928397061678,49.313144630861174,51.213104634911105,57.596013921269815,89.2112066769338,2000
2165,SSP1-2.6,total,1.770807067623995,54.44263900607341,49.482499692684705,51.39599290460532,57.807659331794724,89.39698182050226,2000
2166,SSP1-2.6,total,1.76659686235565,54.639123186758,49.6491052768723,51.57755444408567,58.01676258649971,89.57968341096169,2000
2167,SSP1-2.6,total,1.769784182492198,54.83083427524504,49.81066815487325,51.755481157749756,58.22446270797118,89.7611113115963,2000
2168,SSP1-2.6,total,1.7661928121425219,55.02234521344069,49.98418357289907,51.93225402051908,58.43516892765467,89.94676212062643,2000
2169,SSP1-2.6,total,1.7735946976846575,55.22228601402919,50.16397574982424,52.121074146623954,58.65110938042292,90.13866196285674,2000
2170,SSP1-2.6,total,1.7850558636330314,55.432597877294825,50.35226041470794,52.319602566445226,58.877163427662495,90.3382686338474,2000
2171,SSP1-2.6,total,1.78453709495898,55.643680756907784,50.5392181429432,52.50245476830823,59.102472832955854,90.53644512743803,2000
2172,SSP1-2.6,total,1.7898868268915358,55.84923265265566,50.72468297216317,52.695406390713465,59.32619592726622,90.73298208320992,2000
2173,SSP1-2.6,total,1.7928400222462548,56.044174031906195,50.89358565884086,52.88510781534623,59.54814454258126,90.91983462597138,2000
2174,SSP1-2.6,total,1.7961315569231113,56.24163440564799,51.05931605162694,53.06801898048601,59.768422222621496,91.10589073613234,2000
2175,SSP1-2.6,total,1.7898388394602622,56.439744865062394,51.2233086211698,53.242563925486216,59.98559312351566,91.28857920709248,2000
2176,SSP1-2.6,total,1.7830713450753846,56.628368567137784,51.39178383343779,53.411773173843606,60.18670395689651,91.64362205300384,2000
2177,SSP1-2.6,total,1.777167480877248,56.81270642829328,51.54965527071216,53.575676702147604,60.3936186941564,92.06463392580243,2000
2178,SSP1-2.6,total,1.7775557154258472,56.994226792834006,51.70766127296684,53.740427396908274,60.59655876739322,92.33993774111173,2000
2179,SSP1-2.6,total,1.7823480096150495,57.184060183539444,51.866472182829256,53.90907123526964,60.800019745979164,92.56730528527295,2000
2180,SSP1-2.6,total,1.7864851027169935,57.37838902366225,52.03023100734244,54.09178743804098,61.00749532311357,92.76625627071803,2000
2181,SSP1-2.6,total,1.787807388580865,57.570177071912134,52.19759717758987,54.267507737913974,61.21897067087258,92.96867237860822,2000
2182,SSP1-2.6,total,1.7893850298463798,57.76199062437904,52.36577607683997,54.455753664816974,61.43133469063604,93.17184868010825,2000
2183,SSP1-2.6,total,1.7967689850348303,57.950668978225195,52.53174005898086,54.63117278815414,61.639094953556636,93.35942148391477,2000
2184,SSP1-2.6,total,1.7929139839056534,58.140937595433556,52.69511115623032,54.801535696890355,61.82683476531429,93.54417220317677,2000
2185,SSP1-2.6,total,1.7879094256587844,58.328311036403164,52.859107757963514,54.97182730798618,62.01667380711989,93.7277247526756,2000
2186,SSP1-2.6,total,1.78778469245074,58.51220376602775,53.01962132132587,55.13753254932277,62.21678899099025,93.90767432625341,2000
2187,SSP1-2.6,total,1.7832045403187535,58.693523843008435,53.18060106189667,55.30395916721508,62.42039785818458,94.08440263427606,2000
2188,SSP1-2.6,total,1.7736312222458008,58.87302124031347,53.337656859385554,55.47218973316505,62.62973537573261,94.26041995272426,2000
2189,SSP1-2.6,total,1.7763447808100665,59.050830103484785,53.48983987933712,55.638486351816844,62.83006244728636,94.4346672499683,2000
2190,SSP1-2.6,total,1.7750903677756291,59.228896433113874,53.643653839256466,55.804526396787814,63.02524430842506,94.61005559484657,2000
2191,SSP1-2.6,total,1.7751381041868388,59.4105996970538,53.8041966719275,55.97391857837402,63.22728125626117,94.78989109741401,2000
2192,SSP1-2.6,total,1.7836675212812578,59.59448916614461,53.967620663053815,56.15259051073272,63.43703855492865,94.97241275159449,2000
2193,SSP1-2.6,total,1.7849798669824517,59.78074535504277,54.13097796143762,56.3277133693359,63.646805456381664,95.15499015480562,2000
2194,SSP1-2.6,total,1.79007253808659,59.960228109145895,54.294049892599034,56.502448228038666,63.846814464008574,95.3372665190589,2000
2195,SSP1-2.6,total,1.7861031354888972,60.13920317906917,54.45866354120935,56.67812548949958,64.05875284172957,95.5206400839768,2000
2196,SSP1-2.6,total,1.7922696416327597,60.31520983696653,54.61496878766517,56.842343329731605,64.26004467681597,95.69613263662356,2000
2197,SSP1-2.6,total,1.7908902319641304,60.50477726738426,54.77376685392108,57.007265929905884,64.45784608352979,95.87404459884708,2000
2198,SSP1-2.6,total,1.7890220174427829,60.69057439369155,54.92718390425966,57.16707531744776,64.64985210352907,96.22859455847778,2000
2199,SSP1-2.6,total,1.7822536218659841,60.86309817160586,55.079857598816446,57.327187629913574,64.84133144210713,96.62284561241268,2000
2200,SSP1-2.6,total,1.7793400105758876,61.0387809441125,55.231365146874445,57.48861410694223,65.03790821341666,96.89709020885388,2000
2201,SSP1-2.6,total,1.781849448842886,61.210236830538534,55.38175547901958,57.64788189667916,65.23323080851041,97.05128127949905,2000
2202,SSP1-2.6,total,1.7779736896615816,61.389176357217856,55.53741848831514,57.80678297299358,65.42497301708626,97.21094726916557,2000
2203,SSP1-2.6,total,1.786618796488366,61.57397488864602,55.70051449539967,57.97066550133697,65.61932656963612,97.37585062918035,2000
2204,SSP1-2.6,total,1.8076970728094985,61.76346549132512,55.87054939465661,58.14278902753728,65.81830868733205,97.5450578166186,2000
2205,SSP1-2.6,total,1.8104041056339075,61.9477512383954,56.04207649680602,58.312786624123824,66.02083252773586,97.7156707222896,2000
2206,SSP1-2.6,total,1.815077447465759,62.135548464428936,56.21296043331195,58.48192992929718,66.2246680204916,97.88549700211857,2000
2207,SSP1-2.6,total,1.810085236373333,62.316338101143344,56.376336949680066,58.64184251970248,66.41896176448469,98.04605756434225,2000
2208,SSP1-2.6,total,1.8034392564785593,62.48923443311347,56.539620615660816,58.80265603154,66.61327343918532,98.20663029913808,2000
2209,SSP1-2.6,total,1.7999677571846697,62.66081692729564,56.695899707205385,58.960043489813955,66.79890911581414,98.35870236558549,2000
2210,SSP1-2.6,total,1.786945928902812,62.83170793436781,56.8517717248611,59.11580297581875,66.9841525538784,98.51040077658263,2000
2211,SSP1-2.6,total,1.78678119026803,62.998469506819596,57.00594607681035,59.2708697119534,67.17040263296158,98.66034536310369,2000
2212,SSP1-2.6,total,1.7866525917294143,63.165077769637314,57.15966193183944,59.42739202845479,67.35989125759363,98.80978639399255,2000
2213,SSP1-2.6,total,1.7898257265724629,63.34001325415408,57.31493173232232,59.58565400698022,67.5549201551375,98.96119460138684,2000
2214,SSP1-2.6,total,1.7904924122509598,63.506544979909506,57.464863211777306,59.74397990737139,67.75196431343815,99.11401006890995,2000
2215,SSP1-2.6,total,1.7939330047043696,63.67399330260853,57.6134058316638,59.90077290120575,67.9475357841894,99.26532997730972,2000
2216,SSP1-2.6,total,1.7926950127336962,63.84085766993378,57.760859278320936,60.056394122765575,68.14195001686124,99.41557459448383,2000
2217,SSP1-2.6,total,1.7898173192234428,64.00607741014427,57.906816333129825,60.21086384301069,68.32979483434791,99.56420619960112,2000
2218,SSP1-2.6,total,1.7834811901056176,64.17433801813662,58.05561324016485,60.36689661456403,68.5122387553389,99.71300998747745,2000
2219,SSP1-2.6,total,1.7862150269113795,64.33659323106644,58.198799804845265,60.51928480620402,68.69209087182544,99.85939808140333,2000
2220,SSP1-2.6,total,1.786985996022781,64.49916460454517,58.35296075482492,60.67314396271646,68.8747705816948,100.00597892485814,2000
2221,SSP1-2.6,total,1.7808235274151358,64.66289527719641,58.489285958626134,60.8273569732535,69.06166153226884,100.15322076673924,2000
2222,SSP1-2.6,total,1.7843238439966718,64.82454410870982,58.62864234685553,60.98086810055318,69.24275914711701,100.29907497838938,2000
2223,SSP1-2.6,total,1.7855601109810113,64.99031461431255,58.770474036488814,61.135374869954376,69.42158162172353,100.44402457647563,2000
2224,SSP1-2.6,total,1.7861141310371054,65.15805234056124,58.91232515521072,61.28797568441651,69.60493706579888,100.58900750563636,2000
2225,SSP1-2.6,total,1.7805733011101121,65.32519194949296,59.05547211916448,61.44120034531883,69.79152372873763,100.73542062173938,2000
2226,SSP1-2.6,total,1.7821149981201945,65.49163388285123,59.198744407044316,61.597046202321735,69.97131839676585,100.8819185888715,2000
2227,SSP1-2.6,total,1.7889679397605007,65.65570151050494,59.342006094004006,61.75502951738745,70.140799342889,101.02842061128284,2000
2228,SSP1-2.6,total,1.7878425371833997,65.81388210370105,59.486431881040396,61.90827389745248,70.32214919297051,101.17605820066453,2000
2229,SSP1-2.6,total,1.7919086903566461,65.98493577634606,59.636849444668066,62.066140370912045,70.5037205048811,101.32396123406058,2000
2230,SSP1-2.6,total,1.7937452347263487,66.14815251658517,59.7861662913402,62.2226753696921,70.68251828712567,101.47045677749904,2000
2231,SSP1-2.6,total,1.7943867093527042,66.31388983196082,59.93586283613525,62.38022134757433,70.86312345073027,101.61752816000849,2000
2232,SSP1-2.6,total,1.788864590972943,66.47934730333917,60.085694368514176,62.537516830171555,71.04697474344417,101.76735807530702,2000
2233,SSP1-2.6,total,1.7843701080276038,66.6408857154018,60.230204649822966,62.68501410842952,71.23060415065238,101.92808608597441,2000
2234,SSP1-2.6,total,1.7868849658449923,66.8021052432961,60.36216170443537,62.83224631115786,71.40124088739486,102.08605636167755,2000
2235,SSP1-2.6,total,1.7903651462360186,66.96239693492879,60.497063928924376,62.96433136789756,71.56655807570684,102.24329831526293,2000
2236,SSP1-2.6,total,1.7913986651772016,67.12538018905639,60.6411909940298,63.10981462146778,71.73552016593472,102.4001198653607,2000
2237,SSP1-2.6,total,1.795018008345624,67.28525197784654,60.78620305354835,63.25700034546827,71.90036459098384,102.55743468700935,2000
2238,SSP1-2.6,total,1.789577965830955,67.45013493283398,60.93107781230804,63.41158797466068,72.07778844261094,102.72146554374339,2000
2239,SSP1-2.6,total,1.8032955315829549,67.61959752450574,61.06979489120674,63.568468541651086,72.26347222145534,102.8870606842772,2000
2240,SSP1-2.6,total,1.8029387263343433,67.78945572329567,61.21441962864255,63.72697958789082,72.45860624013869,103.05328355984946,2000
2241,SSP1-2.6,total,1.8086083260689714,67.95609414137203,61.362228009725136,63.88910622930028,72.64284654878239,103.21788056182272,2000
2242,SSP1-2.6,total,1.8107483032923184,68.12320291430177,61.51044889893716,64.05118111305241,72.82711907136488,103.38297630189463,2000
2243,SSP1-2.6,total,1.8048343979863242,68.28967322397062,61.65087471251804,64.21025233479963,73.01010376233786,103.54712065335022,2000
2244,SSP1-2.6,total,1.8022214985034728,68.44991265090881,61.782289294369114,64.36157613070894,73.1881307949644,103.69033423979039,2000
2245,SSP1-2.6,total,1.7974081413282272,68.6081465671362,61.925951842279865,64.50771208562755,73.36739958108623,103.83146156214646,2000
2246,SSP1-2.6,total,1.7981799844949546,68.76383311525069,62.069044469884,64.65373290715375,73.54400354006569,103.96995032615999,2000
2247,SSP1-2.6,total,1.7981819151979928,68.92095530426117,62.212262566966466,64.79611452412209,73.71077270357696,104.10810753639844,2000
2248,SSP1-2.6,total,1.7979067683469578,69.07693258495365,62.355929670344494,64.93945100691676,73.87876941965962,104.2475008319288,2000
2249,SSP1-2.6,total,1.804877122128305,69.23910191649232,62.50138413599076,65.0904089760172,74.06078018742669,104.39380398663556,2000
2250,SSP1-2.6,total,1.8144590152605313,69.40690765613624,62.64180635847983,65.24556538736982,74.25416757517414,104.54474707002984,2000
2251,SSP1-2.6,total,1.8150024689180146,69.57642082613404,62.78400349879731,65.40181083626028,74.44651447228757,104.69697987353244,2000
2252,SSP1-2.6,total,1.8181228807024847,69.74051973828155,62.934443204762026,65.55530072902584,74.6259942159799,104.84598555334964,2000
2253,SSP1-2.6,total,1.8186067312908611,69.90547153988145,63.08221940639696,65.70531993113914,74.80793363384322,104.99130048959684,2000
2254,SSP1-2.6,total,1.8085971840379556,70.06811829336996,63.22612160863713,65.85162646646621,74.98662081373423,105.13190907093687,2000
2255,SSP1-2.6,total,1.8107406652940954,70.22243692458761,63.36593933136754,65.99490342911318,75.15700150009982,105.2678207194965,2000
2256,SSP1-2.6,total,1.8061416298809037,70.3720136577804,63.50559041631927,66.13366853124586,75.326705173976,105.40374226205506,2000
2257,SSP1-2.6,total,1.8033478120249682,70.52557520215409,63.63975600007759,66.27260779765413,75.49630816782809,105.53746499922404,2000
2258,SSP1-2.6,total,1.8019775849194732,70.67800543690404,63.772347012008574,66.41040080902646,75.66788084031116,105.66940390010694,2000
2259,SSP1-2.6,total,1.797191547761437,70.83130352614515,63.90474303763243,66.54798133972177,75.83747610769991,105.80108355723021,2000
2260,SSP1-2.6,total,1.7943581277002514,70.98804606186826,64.03799563328553,66.68642886143374,76.00899645628887,105.93363580819472,2000
2261,SSP1-2.6,total,1.800208165903617,71.14407178927082,64.16939644197659,66.82783204391437,76.18372717012386,106.06549433205168,2000
2262,SSP1-2.6,total,1.79384019975978,71.29942284871004,64.30003181956673,66.96756516722986,76.36092839931149,106.20030221238696,2000
2263,SSP1-2.6,total,1.7973389626309617,71.45420594123979,64.42899674154738,67.10465641961937,76.53009966748597,106.33327195666655,2000
2264,SSP1-2.6,total,1.7977861580130086,71.60376024185564,64.55696807258556,67.24121624373704,76.69627460842256,106.46519132631914,2000
2265,SSP1-2.6,total,1.7985495784249659,71.75087057009829,64.68872882643151,67.37827016340019,76.86208231325097,106.59670348632646,2000
2266,SSP1-2.6,total,1.8018100087076057,71.8991175135416,64.81934163670363,67.51243812544577,77.02429627827276,106.72460621758226,2000
2267,SSP1-2.6,total,1.7993491803735144,72.04772421109809,64.94910585055383,67.64555269386607,77.182331203259,106.85043587454122,2000
2268,SSP1-2.6,total,1.796589724207627,72.19526299248814,65.07889834922192,67.7832013791322,77.34403265258436,106.97619760706313,2000
2269,SSP1-2.6,total,1.7977499359724252,72.34281453063014,65.20071898083928,67.91244220235926,77.50420122283053,107.10048515849935,2000
2270,SSP1-2.6,total,1.7961957957384704,72.49032390687853,65.32018964285946,68.04543004814553,77.66436027637661,107.22470536885332,2000
2271,SSP1-2.6,total,1.791913686648526,72.63188397679755,65.44022999490095,68.18138726125234,77.82451275798508,107.34949118677397,2000
2272,SSP1-2.6,total,1.7887990633109918,72.77488985771055,65.56139208349512,68.31291381655473,77.98461228931589,107.4753815882786,2000
2273,SSP1-2.6,total,1.793457550008949,72.92086026033635,65.68243707336525,68.44224591468439,78.14421644419131,107.61009939435061,2000
2274,SSP1-2.6,total,1.7965359143272064,73.06361005417172,65.80389636463146,68.57493812639164,78.30298379129296,107.7451320923184,2000
2275,SSP1-2.6,total,1.7967544196999405,73.20315956069297,65.9376244743734,68.70832162827327,78.46143116567386,107.87996706896692,2000
2276,SSP1-2.6,total,1.7955430913712196,73.34384739769058,66.07261230576373,68.84317230398173,78.62095579417033,108.01584313899353,2000
2277,SSP1-2.6,total,1.7960394398262745,73.48983106046023,66.20055945965225,68.97600162152065,78.77936691695196,108.15064578120817,2000
2278,SSP1-2.6,total,1.7913174196442114,73.6387078256827,66.32060337288954,69.1066801973071,78.93448525135528,108.28315802388403,2000
2279,SSP1-2.6,total,1.7903351670228975,73.78058524847114,66.43994239371575,69.23958831403013,79.09273803921761,108.41482431193113,2000
2280,SSP1-2.6,total,1.7885383267461101,73.91957592565419,66.55854895359967,69.37386112096384,79.24935880964188,108.54567662784498,2000
2281,SSP1-2.6,total,1.7841382179253924,74.06187448733533,66.68256638608457,69.50159287756132,79.40489841966186,108.67715214730154,2000
2282,SSP1-2.6,total,1.7848011477552033,74.19719426438942,66.80012811246907,69.62551073905306,79.55885353623954,108.8074433594832,2000
2283,SSP1-2.6,total,1.7819587530982903,74.33398724664266,66.91909083480373,69.7560931067037,79.71378268176787,108.93908306216453,2000
2284,SSP1-2.6,total,1.7852573475228257,74.472090567398,67.0369503266843,69.88170531104512,79.86379382987181,109.06945977612105,2000
2285,SSP1-2.6,total,1.7929197371454555,74.6128151949453,67.15303852447424,70.00974718392256,80.0119912758985,109.19813406006233,2000
2286,SSP1-2.6,total,1.7972431095861325,74.75231518988497,67.27482920096705,70.13717700611812,80.1596902608398,109.3258288055339,2000
2287,SSP1-2.6,total,1.7944532182764277,74.88991965665714,67.40049514421119,70.26629303880753,80.31020516831359,109.45535166848124,2000
2288,SSP1-2.6,total,1.7911122416233418,75.02896289968862,67.52338193105363,70.39336332891058,80.46067522532127,109.58447906228422,2000
2289,SSP1-2.6,total,1.788843450904485,75.16938512366123,67.63737077818429,70.52177117147386,80.62033464058213,109.7137451584981,2000
2290,SSP1-2.6,total,1.7931513548520999,75.30867706644318,67.7492853221471,70.64728481256618,80.77781074150407,109.8408710311828,2000
2291,SSP1-2.6,total,1.7920688109441782,75.44904645101752,67.85655719508489,70.77211824851872,80.93557459519938,109.96809934540948,2000
2292,SSP1-2.6,total,1.7922262812126262,75.58858047154138,67.96276728895748,70.89580259126224,81.0921861082827,110.09418159080062,2000
2293,SSP1-2.6,total,1.787479920510822,75.72906504924984,68.0752066072704,71.0205808352531,81.24750355327998,110.22121365491506,2000
2294,SSP1-2.6,total,1.7865715851690998,75.87062818339669,68.19017040643695,71.14522235527276,81.40856817083214,110.34797300203229,2000
2295,SSP1-2.6,total,1.792297705170939,76.0113485234917,68.30551353692793,71.26984441800181,81.56828602913896,110.47503707198534,2000
2296,SSP1-2.6,total,1.7922815332828843,76.15269060223432,68.42259333483995,71.39700456601226,81.73084718965644,110.5947901874144,2000
2297,SSP1-2.6,total,1.8044910201024014,76.30055295345531,68.5416049175739,71.52662843648872,81.89467890403105,110.71257055494952,2000
2298,SSP1-2.6,total,1.8021318394235173,76.45176629012548,68.66740975244436,71.65975520708534,82.06630805942999,110.83361918777177,2000
2299,SSP1-2.6,total,1.8090851408976707,76.59941297309499,68.7893126920975,71.78764920635658,82.22839059155335,110.95302748963672,2000
2300,SSP1-2.6,total,1.8146865576619162,76.75058677463865,68.91248104907467,71.90830932467284,82.39700382502441,111.0736810472596,2000
1990,SSP2-4.5,glaciers,0.5557397132233756,-0.7164018888025865,-0.8767215693159343,-0.7994815100968791,-0.6666291821796777,-0.6313538049035966,2000
1991,SSP2-4.5,glaciers,0.5885637306361448,-0.6828063999836569,-0.8307879728201063,-0.7588249946587041,-0.6362521440881762,-0.6032612996148283,2000
1992,SSP2-4.5,glaciers,0.5090689778394178,-0.6450100169661215,-0.7778389322408761,-0.713568148975243,-0.6025094393772994,-0.5732130965806023,2000
1993,SSP2-4.5,glaciers,0.3084522979487564,-0.6255954362681042,-0.7473264036192329,-0.6880795193606086,-0.5860363597840399,-0.5581063056834337,2000
1994,SSP2-4.5,glaciers,0.332676813580452,-0.5846978161526426,-0.6967939359662226,-0.6424378213153414,-0.5478828459824735,-0.5225560894014304,2000
1995,SSP2-4.5,glaciers,0.4547856293863089,-0.5481660487077797,-0.6502401699345464,-0.6007879699547647,-0.5140374986767478,-0.4913829124821292,2000
1996,SSP2-4.5,glaciers,0.5463394857269461,-0.5000195931929339,-0.5921436556455688,-0.548571116629263,-0.4690299751824281,-0.4485481859680694,2000
1997,SSP2-4.5,glaciers,0.600043540445978,-0.4591311906090616,-0.5387420990885291,-0.5005558918504589,-0.4313587540424628,-0.4145585888265218,2000
1998,SSP2-4.5,glaciers,0.6466075693928761,-0.41133257261993306,-0.4806552568083246,-0.44746368113064233,-0.38700204290699763,-0.37244232993666015,2000
1999,SSP2-4.5,glaciers,0.686007840655961,-0.333771414126939,-0.3918997917374408,-0.3641609178783584,-0.3141054429651699,-0.3021135159183939,2000
2000,SSP2-4.5,glaciers,0.7295563669080296,-0.28955233902127864,-0.33847635340485355,-0.31597881293780894,-0.2728549146939723,-0.2626920843251691,2000
2001,SSP2-4.5,glaciers,0.7655239205849365,-0.23938868750228015,-0.27969861080697245,-0.26061834444318244,-0.22528885991375053,-0.21668930251578145,2000
2002,SSP2-4.5,glaciers,0.7999498588212678,-0.17868943050653252,-0.20716133331068956,-0.19406074392330447,-0.16844459923208188,-0.16212181876812665,2000
2003,SSP2-4.5,glaciers,0.8301407393993533,-0.11489410571297398,-0.1304013684021371,-0.12332208741451489,-0.10853553019873013,-0.10451616772420164,2000
2004,SSP2-4.5,glaciers,0.8359312010698448,-0.05098214095769249,-0.05798250531748461,-0.05480481828845701,-0.04726797371931883,-0.044919952578113695,2000
2005,SSP2-4.5,glaciers,0.843916603443868,0.002165787600055591,-0.007890713467999078,-0.0032842088201352924,0.007075159721259938,0.010800165885793508,2000
2006,SSP2-4.5,glaciers,0.8516506513236204,0.07580844331039494,0.06259401729924688,0.06835894267220383,0.08501917175556538,0.09339853605085006,2000
2007,SSP2-4.5,glaciers,0.8597675192449368,0.1585176032312936,0.14123155588470848,0.14808984769102956,0.1727911993067712,0.18494363829451613,2000
2008,SSP2-4.5,glaciers,0.8671015531069908,0.22293770356180698,0.20048139852619284,0.2089811055560183,0.2427360264010162,0.2607137277548096,2000
2009,SSP2-4.5,glaciers,0.8915919796329949,0.26978539497099563,0.2433698776421419,0.2533996715422345,0.2942885416377697,0.31735455698591997,2000
2010,SSP2-4.5,glaciers,0.91224213325433,0.33133585787041486,0.2987031223695382,0.31111147693720453,0.3618593086834969,0.3903430673978073,2000
2011,SSP2-4.5,glaciers,0.9463726707864436,0.42704424729158363,0.3880677433140822,0.4029297329763517,0.46421069715248026,0.49729810908427563,2000
2012,SSP2-4.5,glaciers,0.9634454159642772,0.4909190474784406,0.44614670633064113,0.4632490673100911,0.533937668489465,0.5724916363126522,2000
2013,SSP2-4.5,glaciers,1.0010392042679888,0.5457749549714057,0.4949011234825675,0.513478110932867,0.5935351648606206,0.635531515579601,2000
2014,SSP2-4.5,glaciers,1.034758969518629,0.6029589006591842,0.547042456740619,0.5675853444431673,0.6574301090368881,0.7049027883241987,2000
2015,SSP2-4.5,glaciers,1.0655474016558886,0.674764752375848,0.6126988094404061,0.6360452601180673,0.7345494965518141,0.7866437405653751,2000
2016,SSP2-4.5,glaciers,1.0982433117141364,0.7499727205126621,0.6820661800359565,0.7078215057541553,0.8144407343654927,0.8698447737551913,2000
2017,SSP2-4.5,glaciers,1.1215083354395925,0.8751378709946405,0.797546751372841,0.8278224968583404,0.9458078082824166,1.006455718791224,2000
2018,SSP2-4.5,glaciers,1.1514531927883527,0.9558824462914304,0.8705508073585287,0.9041243938327297,1.0334576602890446,1.0988767544900768,2000
2019,SSP2-4.5,glaciers,1.172690213058829,1.0239276653919887,0.931531495718893,0.9667910539821908,1.1080452580079643,1.1779887433082012,2000
2020,SSP2-4.5,glaciers,1.183004264307409,1.1187831695741992,1.016863471659871,1.056807865791556,1.2087700174887386,1.286030877543611,2000
2021,SSP2-4.5,glaciers,1.2100067371777328,1.189243524326447,1.0810671362925552,1.1232798899095269,1.2857950978151065,1.3665364950962833,2000
2022,SSP2-4.5,glaciers,1.2401553910866456,1.2588221260188242,1.1444194408801678,1.1885979721718947,1.3612597650613982,1.4458490501416252,2000
2023,SSP2-4.5,glaciers,1.2795255652495054,1.3329107800800002,1.2120127915775338,1.2585754381716114,1.4414093978514102,1.5330750680358214,2000
2024,SSP2-4.5,glaciers,1.3120856196879593,1.4261966070921512,1.296456988616599,1.3468610284019749,1.542293461443588,1.6394170731454134,2000
2025,SSP2-4.5,glaciers,1.3418920592536896,1.5207503015211423,1.3813213351366276,1.4348105581319721,1.6441097715496362,1.7468014710695978,2000
2026,SSP2-4.5,glaciers,1.3677890858907344,1.6159861797449642,1.4665360761901658,1.5243367704772754,1.7461014308162792,1.8523979199452367,2000
2027,SSP2-4.5,glaciers,1.3864760205740927,1.7123183979047347,1.5545879995188243,1.6149437114332232,1.8504317796275396,1.9608541058135198,2000
2028,SSP2-4.5,glaciers,1.3979689025093112,1.8097879299673347,1.64015247415128,1.7058901694301414,1.9557151077938821,2.070965596452252,2000
2029,SSP2-4.5,glaciers,1.408837738356086,1.9071412435495825,1.7264331216933726,1.797379332549957,2.059935085580482,2.180130303587346,2000
2030,SSP2-4.5,glaciers,1.4255063585080254,2.0049682736676933,1.8138843114813374,1.8873942624875506,2.1646414490773633,2.2862611781190414,2000
2031,SSP2-4.5,glaciers,1.4370992723377307,2.101963779316895,1.9009120582979937,1.9781659503947258,2.2693810576049556,2.3961007683029507,2000
2032,SSP2-4.5,glaciers,1.4616617718592628,2.1990954699220455,1.9882995024742292,2.068709398544863,2.373580650729531,2.5062954734645944,2000
2033,SSP2-4.5,glaciers,1.4778573883674204,2.2975733558263975,2.0754636901505723,2.1619685135172877,2.4779633998401054,2.618244754315413,2000
2034,SSP2-4.5,glaciers,1.5019259013859052,2.3955999070896765,2.1637806388975522,2.253553837929628,2.584563053505659,2.7289428738537747,2000
2035,SSP2-4.5,glaciers,1.5283526230299938,2.4958687814429728,2.2525935970733046,2.3463041864345433,2.692441305133915,2.842654600389749,2000
2036,SSP2-4.5,glaciers,1.5613546071573317,2.5968794330896,2.342371944001917,2.4408422451805336,2.8009156123969907,2.956379593155909,2000
2037,SSP2-4.5,glaciers,1.587060677962975,2.7001606394249618,2.4329613792983182,2.5375140755896686,2.913500676431442,3.0732537389417653,2000
2038,SSP2-4.5,glaciers,1.6067201941456666,2.8040253306647815,2.5250125012769695,2.635343344538679,3.0261095458253906,3.193558771955583,2000
2039,SSP2-4.5,glaciers,1.6374169818992061,2.9087951518663853,2.618334588585823,2.7342735949409915,3.139298973193176,3.3139498347583913,2000
2040,SSP2-4.5,glaciers,1.6573993350465797,3.0157108211762167,2.7131337597862064,2.833952098056934,3.257118212875097,3.435081403250195,2000
2041,SSP2-4.5,glaciers,1.6664751162991946,3.123783731164948,2.8082755439148768,2.934256904658852,3.3714046322568896,3.5564779505142448,2000
2042,SSP2-4.5,glaciers,1.6945524916845651,3.2317241060086546,2.902620269290737,3.0346154613064384,3.4890344243855154,3.6772320681732427,2000
2043,SSP2-4.5,glaciers,1.7136466981948066,3.3404586710151554,2.9984308568113924,3.135715811245533,3.6082223601987917,3.801430355865711,2000
2044,SSP2-4.5,glaciers,1.7343382432222323,3.4484447963844724,3.0944201914253835,3.237799947015445,3.727183854667203,3.925105874959677,2000
2045,SSP2-4.5,glaciers,1.7642365070714197,3.5561967589889703,3.1908497802703772,3.3401728882843527,3.8449448879220642,4.048347364807709,2000
2046,SSP2-4.5,glaciers,1.791471712208186,3.6653384518734984,3.2886754928556305,3.4420865579875453,3.9655896241187665,4.172374936622732,2000
2047,SSP2-4.5,glaciers,1.8223477276736575,3.778310359816207,3.3876194059910087,3.5457236364406133,4.085445529411872,4.298477272656543,2000
2048,SSP2-4.5,glaciers,1.8453603425113239,3.8917314950247217,3.4853440130044544,3.6517634978603626,4.209832720195886,4.432005486197977,2000
2049,SSP2-4.5,glaciers,1.8766319513360963,4.006828676479333,3.589052414120986,3.757130023067511,4.335498206420005,4.558352252479394,2000
2050,SSP2-4.5,glaciers,1.9012996219999792,4.125065982319917,3.6935457182132505,3.863334503961764,4.460644290666392,4.690185748976459,2000
2051,SSP2-4.5,glaciers,1.9185206739017857,4.243698460407895,3.8000174841973933,3.972613910572376,4.5899464997268575,4.831676683934317,2000
2052,SSP2-4.5,glaciers,1.9397378533344576,4.360154757034431,3.9017831912544,4.081713446903849,4.718532906456658,4.965919043344708,2000
2053,SSP2-4.5,glaciers,1.9553531657233012,4.477534246868125,4.003804943195527,4.191498641909509,4.845765646355875,5.097930607567597,2000
2054,SSP2-4.5,glaciers,1.976175040081812,4.596292775686209,4.105449682900901,4.299928748798591,4.972859756339355,5.232823430970985,2000
2055,SSP2-4.5,glaciers,1.9918993071909756,4.712951855339808,4.209702102694187,4.409412945933857,5.104327949093646,5.371533124218058,2000
2056,SSP2-4.5,glaciers,2.018534525307487,4.830600859039826,4.312858009718118,4.517932226898173,5.232579256413631,5.504066099587137,2000
2057,SSP2-4.5,glaciers,2.045565112311136,4.949006779707183,4.415991735781872,4.6265400852246925,5.361876037823766,5.642213104744625,2000
2058,SSP2-4.5,glaciers,2.0744582727819525,5.067771877294884,4.521325951790179,4.735811652390065,5.4951334413285,5.779979052558376,2000
2059,SSP2-4.5,glaciers,2.0986882912029854,5.189370578202178,4.625287025937806,4.844152582382605,5.629576058838257,5.916699622539449,2000
2060,SSP2-4.5,glaciers,2.121309551223493,5.310276681634706,4.7306425847144595,4.959253614520362,5.764338083148311,6.055153099373208,2000
2061,SSP2-4.5,glaciers,2.139430662267365,5.432509579097213,4.835723710086164,5.072162843045977,5.899022424102362,6.19252878802249,2000
2062,SSP2-4.5,glaciers,2.1635962247428213,5.559124305070372,4.939073586133913,5.1854078164811375,6.030357642262018,6.335055209614611,2000
2063,SSP2-4.5,glaciers,2.1759027519883563,5.68371380078231,5.043498476703476,5.293482158475852,6.1633430287924185,6.474490131120824,2000
2064,SSP2-4.5,glaciers,2.1981576617583647,5.804619313496028,5.147958472180679,5.40978713814652,6.294642034898265,6.6182608017555555,2000
2065,SSP2-4.5,glaciers,2.2112788524875375,5.927608869987429,5.24756489346811,5.519956100568478,6.427234586925108,6.757125478139574,2000
2066,SSP2-4.5,glaciers,2.223814172910278,6.049270526632345,5.348462638296748,5.630726093883371,6.556906826566615,6.896146702302951,2000
2067,SSP2-4.5,glaciers,2.2450214919980853,6.171406233377657,5.448789796795934,5.738085972933447,6.690288260905996,7.031643692981455,2000
2068,SSP2-4.5,glaciers,2.260248066034934,6.294149335733584,5.551907666133979,5.848249513668216,6.8183902985754505,7.172232798451961,2000
2069,SSP2-4.5,glaciers,2.277302149343303,6.412961918875237,5.653910854971151,5.957416075899731,6.950287736393689,7.307881584836351,2000
2070,SSP2-4.5,glaciers,2.30378820441938,6.533323063486303,5.7569330503775005,6.063968190173416,7.081882835667611,7.448618198054544,2000
2071,SSP2-4.5,glaciers,2.326830641245917,6.654049449684987,5.8607713160803145,6.171159511132956,7.211931601760319,7.586833401320813,2000
2072,SSP2-4.5,glaciers,2.3540988723831293,6.777650729264969,5.966977827148847,6.284041151726321,7.343068361158707,7.725496941965435,2000
2073,SSP2-4.5,glaciers,2.3650590808922263,6.899241323614072,6.073134595774862,6.397090116176159,7.480223090358917,7.865912852079224,2000
2074,SSP2-4.5,glaciers,2.387183250691529,7.019737589597389,6.173269760583653,6.501826004952848,7.610331421759208,7.998996920879218,2000
2075,SSP2-4.5,glaciers,2.410546743432703,7.138739491690819,6.274290456519352,6.614197753530778,7.741389165894207,8.139670089153508,2000
2076,SSP2-4.5,glaciers,2.418819423927599,7.260617482032243,6.377911241832162,6.725473907722483,7.871281815514575,8.28193006603721,2000
2077,SSP2-4.5,glaciers,2.430630918608847,7.380512228555004,6.481578493767428,6.833345565220897,7.998541284158612,8.422353975553944,2000
2078,SSP2-4.5,glaciers,2.4430852212607705,7.4987091316986305,6.583627253124688,6.939117315384131,8.124499044076636,8.558768367785431,2000
2079,SSP2-4.5,glaciers,2.4581859544496756,7.6167127815232,6.682517514515916,7.045297576972292,8.253524343375798,8.693642298422075,2000
2080,SSP2-4.5,glaciers,2.4717666328743406,7.733947947033073,6.782090688508487,7.153704206470843,8.378478351315287,8.834042489065325,2000
2081,SSP2-4.5,glaciers,2.496329323714633,7.852205175006349,6.881195672380912,7.25900099060474,8.50355992371213,8.973710904429526,2000
2082,SSP2-4.5,glaciers,2.517094000189755,7.969380377573188,6.980851121779406,7.363947441325588,8.631275000805276,9.102896995783599,2000
2083,SSP2-4.5,glaciers,2.5428749218122637,8.082223181516257,7.080577121973893,7.468322662782017,8.760230207115363,9.234772119192964,2000
2084,SSP2-4.5,glaciers,2.5592701453204163,8.198559690945437,7.176046655985056,7.573785339767894,8.891499035033112,9.372396343305274,2000
2085,SSP2-4.5,glaciers,2.5669566940894564,8.313272432542416,7.2741498134416585,7.6822590979641525,9.017553672584082,9.515026429864584,2000
2086,SSP2-4.5,glaciers,2.577506195910472,8.427093472169899,7.372753913754746,7.785644098158996,9.144238423467215,9.651876308738219,2000
2087,SSP2-4.5,glaciers,2.585264872543303,8.543232831501872,7.470035334767522,7.890379421232311,9.2705731688593,9.78171988176835,2000
2088,SSP2-4.5,glaciers,2.588591115389118,8.657612955958793,7.560134177217392,7.990757107518238,9.397630358623426,9.912040373415161,2000
2089,SSP2-4.5,glaciers,2.595504370864205,8.76929643391663,7.648633600730541,8.08923777553505,9.521342569665364,10.04411050567042,2000
2090,SSP2-4.5,glaciers,2.609511482957791,8.872492314247163,7.736042193646639,8.186548529276509,9.639232974835355,10.174962945354931,2000
2091,SSP2-4.5,glaciers,2.6173312438445695,8.984655909477816,7.823072392252226,8.281729719264066,9.759106651488702,10.303293602952166,2000
2092,SSP2-4.5,glaciers,2.6378716116464065,9.08937268044718,7.905518768815288,8.381732534300479,9.873084836120793,10.433584230572814,2000
2093,SSP2-4.5,glaciers,2.6523174983606377,9.202988070480963,7.994953845178412,8.47967242509503,9.993110744214373,10.562475421220494,2000
2094,SSP2-4.5,glaciers,2.6651921272003016,9.314047150922878,8.082501922988433,8.574275821674151,10.109651682516311,10.688316024645358,2000
2095,SSP2-4.5,glaciers,2.678543258788642,9.418713586776933,8.173944049514,8.671861996423207,10.226403694610218,10.815999582649551,2000
2096,SSP2-4.5,glaciers,2.694782035302737,9.521945794343473,8.258624337726364,8.768073341378786,10.338596807628392,10.946107164673458,2000
2097,SSP2-4.5,glaciers,2.6972775183419606,9.626504412093396,8.342251677272412,8.859894113369904,10.45861366965664,11.073033484193205,2000
2098,SSP2-4.5,glaciers,2.6943852970896827,9.730279710599616,8.430423972304848,8.950947037830936,10.572809225694252,11.194103519311588,2000
2099,SSP2-4.5,glaciers,2.700493500184702,9.833579855388571,8.517445128004205,9.042058265685615,10.68423771949823,11.310655925520487,2000
2100,SSP2-4.5,glaciers,2.704152266699876,9.934571446042423,8.603365891429739,9.130003718864959,10.795915087100633,11.430532893793087,2000
2101,SSP2-4.5,glaciers,2.7173042385897594,10.032710750732052,8.687996869141843,9.214176745936138,10.90925296442415,11.547677258982738,2000
2102,SSP2-4.5,glaciers,2.727228115930526,10.132399341147387,8.772207037628574,9.304608333499946,11.015173918497922,11.67035185950427,2000
2103,SSP2-4.5,glaciers,2.739039524138542,10.23000093479678,8.852558670641722,9.393611574082101,11.120801196328726,11.78664161377095,2000
2104,SSP2-4.5,glaciers,2.74654226826949,10.326743325999956,8.931272295856587,9.478081369979272,11.225830353183472,11.901837255582,2000
2105,SSP2-4.5,glaciers,2.7579185077277986,10.420408889601207,9.006553814608623,9.560985894211212,11.332137672065517,12.016834273367685,2000
2106,SSP2-4.5,glaciers,2.7608870553911404,10.516147237593534,9.081178188134048,9.648719122530945,11.4338500888671,12.129561535807587,2000
2107,SSP2-4.5,glaciers,2.7656185489965,10.612254892931379,9.159055803482534,9.731844495906689,11.537402432690454,12.240857416880214,2000
2108,SSP2-4.5,glaciers,2.7735554224412,10.704445570567474,9.231886226822109,9.811626933206973,11.640109088557349,12.351151544586328,2000
2109,SSP2-4.5,glaciers,2.77512769977057,10.79898648847125,9.307402523831795,9.8952845964357,11.74097090847962,12.46356833751322,2000
2110,SSP2-4.5,glaciers,2.780207036266814,10.890849635827887,9.375835400151846,9.977107569585634,11.837568286564084,12.57161252473345,2000
2111,SSP2-4.5,glaciers,2.7765912407960753,10.98488935169841,9.443985433636746,10.055856181569768,11.939600519087447,12.673483939097284,2000
2112,SSP2-4.5,glaciers,2.7853506426444268,11.07471165449713,9.515001252569842,10.12997115244603,12.034438357967462,12.779731053051252,2000
2113,SSP2-4.5,glaciers,2.792846135981751,11.16386035072323,9.584423672188343,10.20579789167785,12.131867624840122,12.885525255402463,2000
2114,SSP2-4.5,glaciers,2.795639723841476,11.249901846696208,9.651956350007806,10.283786191985218,12.227882824435834,12.990160261625435,2000
2115,SSP2-4.5,glaciers,2.8136952482146236,11.333718667596502,9.716442439622394,10.363704209843794,12.319863085614301,13.091101856157643,2000
2116,SSP2-4.5,glaciers,2.815784639695381,11.41804281218541,9.787267692361992,10.441782801026644,12.418149545269936,13.185370119980085,2000
2117,SSP2-4.5,glaciers,2.832026219157308,11.502199805036632,9.85272792962382,10.515129707719103,12.511373099501002,13.287026573823114,2000
2118,SSP2-4.5,glaciers,2.8316721579939634,11.586170207759547,9.915435645227904,10.589395955728406,12.606481489413571,13.382498891983515,2000
2119,SSP2-4.5,glaciers,2.82849943463284,11.672200961748324,9.981298266690892,10.660820253586177,12.700799776392415,13.478806779603884,2000
2120,SSP2-4.5,glaciers,2.8288471477715067,11.753361397152773,10.042562103016877,10.726441339550462,12.783207356322293,13.578835123321733,2000
2121,SSP2-4.5,glaciers,2.832965516336239,11.83598294740214,10.104682118664746,10.79460176754248,12.87108090429243,13.676025538006552,2000
2122,SSP2-4.5,glaciers,2.83605623110695,11.915878127463472,10.171908569420888,10.863153888705853,12.957947986950245,13.77301996536884,2000
2123,SSP2-4.5,glaciers,2.8398534821480577,11.995718193854833,10.23125395659686,10.93198425746852,13.04070270501855,13.866087042409271,2000
2124,SSP2-4.5,glaciers,2.853088212421998,12.072445829707071,10.293434427703652,11.000889989276391,13.125367288908238,13.951449597326722,2000
2125,SSP2-4.5,glaciers,2.8666117703944045,12.148615824958707,10.348915120728105,11.06634562396985,13.211583558656912,14.036131048137573,2000
2126,SSP2-4.5,glaciers,2.87780830479432,12.224408215639517,10.40415530564243,11.132946135661534,13.293828869280121,14.125244020967118,2000
2127,SSP2-4.5,glaciers,2.8785542184523245,12.299044709475222,10.471466276739129,11.201860332198228,13.380935624833619,14.214312308771728,2000
2128,SSP2-4.5,glaciers,2.8834554184912604,12.372428309932648,10.53579296002689,11.269836606028296,13.461990808474251,14.309210482467094,2000
2129,SSP2-4.5,glaciers,2.8872455218264204,12.440169657616275,10.599978966075668,11.333908364539084,13.551787576309088,14.402273692049855,2000
2130,SSP2-4.5,glaciers,2.8935169700382746,12.514173543478455,10.65804576342419,11.3945580267667,13.635523265734,14.488881048830798,2000
2131,SSP2-4.5,glaciers,2.888070332152276,12.588015653085765,10.714188919101034,11.453754675071266,13.716584988279164,14.575305745256083,2000
2132,SSP2-4.5,glaciers,2.8949389869596502,12.6608632682145,10.776431034736703,11.516870760454438,13.794652519984071,14.658795858963073,2000
2133,SSP2-4.5,glaciers,2.896333372925594,12.730512595026319,10.833196454945153,11.580564217634617,13.872395965537732,14.741673314074351,2000
2134,SSP2-4.5,glaciers,2.9044273117271864,12.802268743807314,10.890378316828759,11.640526045030391,13.94907855369563,14.823549627402265,2000
2135,SSP2-4.5,glaciers,2.9113093095115943,12.870894518423874,10.946483880028762,11.705342924586942,14.027532174046211,14.904927663877674,2000
2136,SSP2-4.5,glaciers,2.9233238739641325,12.938500158555646,11.002183819699157,11.769871797121684,14.100292179457002,14.986619780088935,2000
2137,SSP2-4.5,glaciers,2.929481078674987,13.006976400369537,11.054543799945133,11.834359190541246,14.174444305620069,15.077183396864177,2000
2138,SSP2-4.5,glaciers,2.938177515841967,13.075809590903287,11.105381912403823,11.894996571890944,14.247385471515608,15.151926845391456,2000
2139,SSP2-4.5,glaciers,2.936460298693736,13.142994573291936,11.155964463084278,11.957041710095371,14.319168523914051,15.238248288919419,2000
2140,SSP2-4.5,glaciers,2.9373491998733727,13.209871682448918,11.2102995436844,12.017665396339897,14.390625426709562,15.322514551092786,2000
2141,SSP2-4.5,glaciers,2.9372942472218804,13.275971291349089,11.264042318560628,12.074755394260716,14.466993216722614,15.404578450507259,2000
2142,SSP2-4.5,glaciers,2.933659008204557,13.340360601632383,11.316555273309756,12.12742870499498,14.5355559636358,15.476410503226925,2000
2143,SSP2-4.5,glaciers,2.936899320900144,13.401487633917396,11.368381823818169,12.185650298663651,14.603724631500723,15.549424371340876,2000
2144,SSP2-4.5,glaciers,2.9414334966798807,13.4626098845046,11.420099267202035,12.240409275305934,14.67527450128198,15.63326868170621,2000
2145,SSP2-4.5,glaciers,2.949892369215796,13.52056662757768,11.471374932715634,12.29502398393083,14.745750591927273,15.716483510263958,2000
2146,SSP2-4.5,glaciers,2.9573481789627047,13.583681571551619,11.520277196256343,12.348043009499484,14.81812871502646,15.799362516890195,2000
2147,SSP2-4.5,glaciers,2.95878394970165,13.639662271909504,11.570387748086242,12.399804850757537,14.885188019392604,15.881835518470227,2000
2148,SSP2-4.5,glaciers,2.9657825828750624,13.697387834467584,11.622282906211552,12.454186595772825,14.952784662851924,15.961955756246658,2000
2149,SSP2-4.5,glaciers,2.9683836306820024,13.752731002845735,11.668959454908453,12.508323816477459,15.019767112119588,16.033090234762422,2000
2150,SSP2-4.5,glaciers,2.9722953128435785,13.809260482931318,11.712225286409573,12.562593637999026,15.085061606385384,16.102950050427623,2000
2151,SSP2-4.5,glaciers,2.970185458195693,13.870094675760775,11.75861704276305,12.615851056157782,15.146792476217627,16.172046461923188,2000
2152,SSP2-4.5,glaciers,2.9785879892536715,13.924435234538677,11.804735881280887,12.666361084830859,15.207820100943822,16.24117794491335,2000
2153,SSP2-4.5,glaciers,2.980893502873745,13.983369697635373,11.849934015372721,12.71507154784208,15.268265356630696,16.31915620591422,2000
2154,SSP2-4.5,glaciers,2.9901192826861647,14.038475292026927,11.898367017884057,12.766361533230508,15.331843579741331,16.392535296714748,2000
2155,SSP2-4.5,glaciers,2.99026878499542,14.095812635295804,11.946727910511225,12.817765447211869,15.395592104938565,16.46019425677215,2000
2156,SSP2-4.5,glaciers,2.9946883789184047,14.155814211366664,11.990053064266144,12.869498876079842,15.45722931929301,16.53092558239848,2000
2157,SSP2-4.5,glaciers,3.001737670207785,14.214373810689704,12.032231934372371,12.91798838750397,15.515285240272918,16.59743087233262,2000
2158,SSP2-4.5,glaciers,3.0127330710443068,14.27000275993839,12.06857056922082,12.965120717618301,15.572638846191506,16.67011459605491,2000
2159,SSP2-4.5,glaciers,3.0197078361950673,14.325474020699634,12.108316997102369,13.012534232105189,15.631114398713692,16.739855304703045,2000
2160,SSP2-4.5,glaciers,3.031471706062024,14.382687534471795,12.15422490435879,13.060977390780332,15.69393991107067,16.802558954396787,2000
2161,SSP2-4.5,glaciers,3.0396118939419163,14.439356730273495,12.20013329525451,13.110801242229092,15.75709955777509,16.868379789721384,2000
2162,SSP2-4.5,glaciers,3.0432099809958504,14.49443134501179,12.240458669919976,13.157129216756948,15.824003380037201,16.940027365209943,2000
2163,SSP2-4.5,glaciers,3.052148594090893,14.54836761635245,12.284766372757407,13.206303441035303,15.88803342515745,17.009580866685848,2000
2164,SSP2-4.5,glaciers,3.047931323994419,14.603987114752698,12.327298421851484,13.249215116144882,15.945372029148336,17.073272712923746,2000
2165,SSP2-4.5,glaciers,3.040278637942832,14.656011201470857,12.369526386031204,13.294441719284686,16.0059237608484,17.14241129587401,2000
2166,SSP2-4.5,glaciers,3.0403581762624485,14.70888307643491,12.411026313977734,13.338660636102258,16.06592837827999,17.213059725107534,2000
2167,SSP2-4.5,glaciers,3.047734489320791,14.760989783610603,12.450828962385707,13.38010662450634,16.125252210396532,17.270387658632615,2000
2168,SSP2-4.5,glaciers,3.04823361780483,14.812602902310847,12.490852132678242,13.419724623015753,16.182268568222383,17.327301344693428,2000
2169,SSP2-4.5,glaciers,3.059626323523603,14.866339790268732,12.530213346589406,13.462525976247527,16.23879462854101,17.383710319844866,2000
2170,SSP2-4.5,glaciers,3.0749834147468715,14.915169949375258,12.569317961797713,13.505558459464636,16.294916109481807,17.43953954738332,2000
2171,SSP2-4.5,glaciers,3.0782689443636935,14.96382214922638,12.608956252968456,13.549628691353504,16.353523663340958,17.495498737297847,2000
2172,SSP2-4.5,glaciers,3.0873281661738003,15.014383842224717,12.65080067753774,13.59164062089473,16.41009940520101,17.553074397454004,2000
2173,SSP2-4.5,glaciers,3.0938969517300907,15.069720604659214,12.690344011273849,13.630415474182639,16.46635574968947,17.611450722284832,2000
2174,SSP2-4.5,glaciers,3.1007103537667313,15.118734951152717,12.728567598992212,13.670237489239216,16.522977255755503,17.671961062339626,2000
2175,SSP2-4.5,glaciers,3.0978465304561387,15.16742698322757,12.766596748770922,13.713211318227701,16.58188724482841,17.734064018008496,2000
2176,SSP2-4.5,glaciers,3.094410493880068,15.217117390957544,12.804008704142499,13.754306341033512,16.63374352936061,17.795255244645094,2000
2177,SSP2-4.5,glaciers,3.091738765948979,15.266583674174917,12.84078406237657,13.797241356426689,16.690621054406122,17.855519586147125,2000
2178,SSP2-4.5,glaciers,3.0952604882892283,15.31346427807371,12.877428549868924,13.840524240807065,16.741452677298593,17.914922565685362,2000
2179,SSP2-4.5,glaciers,3.1030909239411257,15.360051686161356,12.91397799317542,13.883522376604294,16.794021691092713,17.97384863956631,2000
2180,SSP2-4.5,glaciers,3.1101717264557798,15.403156985811211,12.948501686048862,13.923392938959921,16.847493680221717,18.03255851225267,2000
2181,SSP2-4.5,glaciers,3.1143445463763832,15.451694231661786,12.98388299406342,13.963544838304815,16.897612512913458,18.091008591871322,2000
2182,SSP2-4.5,glaciers,3.1186772358959494,15.502191052416588,13.019004075274076,14.004362261268184,16.952295094350475,18.149030416867586,2000
2183,SSP2-4.5,glaciers,3.128721606416778,15.55126497867953,13.054115477139327,14.042818824943705,17.006727361441826,18.206638724808847,2000
2184,SSP2-4.5,glaciers,3.127434272479736,15.600349245600643,13.089414682971174,14.082119056251297,17.06259658553332,18.264046980651596,2000
2185,SSP2-4.5,glaciers,3.1249031291434646,15.646945007159779,13.120305656284263,14.1236074228063,17.114269859108887,18.322265620900712,2000
2186,SSP2-4.5,glaciers,3.1271550786117377,15.693004846650023,13.157509242100026,14.163037209036663,17.16432604265274,18.37794868491507,2000
2187,SSP2-4.5,glaciers,3.124855846178914,15.741331681082386,13.192092712023197,14.202878090909302,17.213051644433147,18.432480053398212,2000
2188,SSP2-4.5,glaciers,3.117467626026843,15.789739217380887,13.225322936979442,14.241033203988572,17.260074543007196,18.48723469858611,2000
2189,SSP2-4.5,glaciers,3.1222693418152456,15.834161609840766,13.257873969963125,14.275247326436798,17.30610115553801,18.54097247786179,2000
2190,SSP2-4.5,glaciers,3.1230072426454347,15.87247008120329,13.290398026898893,14.312504650112624,17.35180324322255,18.59438366584068,2000
2191,SSP2-4.5,glaciers,3.124951248707645,15.910200474224345,13.322572055750594,14.347656897841844,17.397088962408674,18.647250128234933,2000
2192,SSP2-4.5,glaciers,3.1353104013817092,15.950976785413287,13.356013981164264,14.381336016774577,17.442221769625696,18.6981865159602,2000
2193,SSP2-4.5,glaciers,3.138401015652724,15.995301944799852,13.39028782813061,14.418941670234641,17.487478122649378,18.74663129346478,2000
2194,SSP2-4.5,glaciers,3.1452249376185413,16.034969425384702,13.424304146715636,14.452622576226744,17.53225332874865,18.799096151757645,2000
2195,SSP2-4.5,glaciers,3.1429434615859795,16.076741476284397,13.45823251229355,14.486185992671345,17.578816307790362,18.84887062760929,2000
2196,SSP2-4.5,glaciers,3.150754119961084,16.115898033197894,13.491671480339548,14.520320438029945,17.62380275155975,18.901254659285105,2000
2197,SSP2-4.5,glaciers,3.1509775526428485,16.15551862858209,13.525236194789588,14.55497258148762,17.66871421498198,18.95656890699792,2000
2198,SSP2-4.5,glaciers,3.1506705782963667,16.19485440120139,13.558495303615361,14.58881240477716,17.712527946341968,19.00910771758112,2000
2199,SSP2-4.5,glaciers,3.145422193927286,16.233343759055373,13.588594530074083,14.622646437168267,17.757935411865898,19.059300857359126,2000
2200,SSP2-4.5,glaciers,3.1439863200278855,16.27245226171084,13.618681044342672,14.655473645351378,17.801932173265538,19.10868698014078,2000
2201,SSP2-4.5,glaciers,3.1479313170277257,16.30841146288584,13.651429637276427,14.687867601958827,17.844397860969593,19.15711153129924,2000
2202,SSP2-4.5,glaciers,3.1454508357966993,16.344451203458014,13.681402925483248,14.718966130333383,17.88740382880681,19.203942996618608,2000
2203,SSP2-4.5,glaciers,3.1554508665184695,16.38197642730497,13.710944016279779,14.74933210020152,17.934022435475903,19.249935373048523,2000
2204,SSP2-4.5,glaciers,3.177843058570605,16.42311281621093,13.74060680587345,14.779534540885486,17.979390175531503,19.300292039432552,2000
2205,SSP2-4.5,glaciers,3.1818275667142313,16.46518878802928,13.770935779236364,14.810925507741695,18.020295410234034,19.348735984631066,2000
2206,SSP2-4.5,glaciers,3.1877400554320716,16.50082437579304,13.801110206866356,14.842196051371488,18.061001061853062,19.39678723805421,2000
2207,SSP2-4.5,glaciers,3.1839474757423454,16.544051420345667,13.831217040221619,14.873364625996862,18.104691193752416,19.443023499301766,2000
2208,SSP2-4.5,glaciers,3.1784611399555565,16.58422964089612,13.86083260436955,14.90469629369761,18.1493618691426,19.48380846411815,2000
2209,SSP2-4.5,glaciers,3.1761072227442835,16.61982560114753,13.889988996064597,14.935537723896637,18.19278966458033,19.52386718372786,2000
2210,SSP2-4.5,glaciers,3.1641605774385058,16.65455425762836,13.919059543419195,14.965132892535808,18.235105649067922,19.57403254358842,2000
2211,SSP2-4.5,glaciers,3.1650276369915127,16.692353107741305,13.94628115404614,14.995465764984349,18.278005842199736,19.628091038385598,2000
2212,SSP2-4.5,glaciers,3.1658883447897526,16.730044452775267,13.971833008581589,15.025225270028328,18.31905891647707,19.67412200247791,2000
2213,SSP2-4.5,glaciers,3.1700085126416417,16.7651756431031,13.997125270281126,15.053299391292152,18.35887134318706,19.716797188337235,2000
2214,SSP2-4.5,glaciers,3.1715814064165224,16.799475997104928,14.027383300876643,15.08138388683918,18.398482409848178,19.760083552739314,2000
2215,SSP2-4.5,glaciers,3.1758876434925303,16.83357804400125,14.052490799611913,15.108502717103683,18.437765565497735,19.8008771115538,2000
2216,SSP2-4.5,glaciers,3.1754750512230503,16.866482734931466,14.077476271955842,15.135902817566414,18.476862644133988,19.846306134565104,2000
2217,SSP2-4.5,glaciers,3.1733815970591217,16.8996979424787,14.102192450915611,15.162912300359034,18.515539687168033,19.88918529760082,2000
2218,SSP2-4.5,glaciers,3.1677870663438332,16.932229397784297,14.126753124299391,15.19081091936961,18.555237392889158,19.93328432159043,2000
2219,SSP2-4.5,glaciers,3.1712192930261507,16.96642760740452,14.151027747492066,15.21878666713048,18.596021270689903,19.978677181425866,2000
2220,SSP2-4.5,glaciers,3.17264636797735,17.002489138618465,14.176745969324896,15.245561432377235,18.63103518842235,20.018047908361748,2000
2221,SSP2-4.5,glaciers,3.1670978217293957,17.033972517658626,14.203720206018277,15.272659014910188,18.66786197717785,20.05680406527108,2000
2222,SSP2-4.5,glaciers,3.171169304918796,17.064386321177867,14.230421429268024,15.299400190043155,18.702698464596256,20.094810996542662,2000
2223,SSP2-4.5,glaciers,3.172933659008734,17.095760876879304,14.25702424419735,15.325771831895402,18.737717087967408,20.13467211624923,2000
2224,SSP2-4.5,glaciers,3.1739733049855374,17.128276059984547,14.283448021247938,15.351939873461447,18.777539734302568,20.17425574183825,2000
2225,SSP2-4.5,glaciers,3.168875522725694,17.160524974688272,14.30551091149966,15.377879888282248,18.817053018472166,20.21350899271038,2000
2226,SSP2-4.5,glaciers,3.17081675186613,17.192247468644048,14.327401098345534,15.403366366554364,18.85528799698647,20.251612973672504,2000
2227,SSP2-4.5,glaciers,3.1780258172097824,17.221051839552686,14.355400789967963,15.428957398105744,18.893015623729653,20.28813096103532,2000
2228,SSP2-4.5,glaciers,3.1772140243572085,17.25237611056458,14.378046492129124,15.456106319940913,18.92709748614689,20.324629616503714,2000
2229,SSP2-4.5,glaciers,3.181551880096277,17.28152440371388,14.400449816851296,15.47981576285044,18.965622514133916,20.360734095897122,2000
2230,SSP2-4.5,glaciers,3.183617988312675,17.31015322989021,14.422793504321108,15.506402626854285,19.001272418904023,20.396688679304894,2000
2231,SSP2-4.5,glaciers,3.184446764138385,17.34327623785983,14.444999392047142,15.529299724964206,19.037724029958362,20.43238965502822,2000
2232,SSP2-4.5,glaciers,3.1790690492630462,17.373720221713633,14.467240416988329,15.553274434570838,19.069890087744252,20.467543246370788,2000
2233,SSP2-4.5,glaciers,3.1746744133430718,17.40049839146073,14.489231484959062,15.577391031577172,19.102830723321937,20.502035493650347,2000
2234,SSP2-4.5,glaciers,3.177244407856523,17.427978368076793,14.51087344004907,15.601121273815941,19.135112434328615,20.536139085258856,2000
2235,SSP2-4.5,glaciers,3.180736722372691,17.453266094194287,14.53217033911914,15.625492293450819,19.16429379579624,20.570317457369292,2000
2236,SSP2-4.5,glaciers,3.1817397706146076,17.479199928893745,14.553173842119264,15.650480632308176,19.196455388057444,20.604329460581344,2000
2237,SSP2-4.5,glaciers,3.1852857167340085,17.51054333774946,14.574021090923376,15.677227932747245,19.22343841182743,20.638066469905443,2000
2238,SSP2-4.5,glaciers,3.179729181992373,17.541113526993726,14.594798912675186,15.703097570010167,19.254530462826523,20.67164386191082,2000
2239,SSP2-4.5,glaciers,3.1932869042405927,17.570201252228237,14.615206980667582,15.725912132136008,19.28669561067124,20.704665162079362,2000
2240,SSP2-4.5,glaciers,3.1927277346117404,17.599733217985708,14.636149205942083,15.748928021051624,19.31875941574123,20.737971096724248,2000
2241,SSP2-4.5,glaciers,3.198152060459693,17.627632359045364,14.656949642989247,15.771707762790124,19.344220807991256,20.773851347179008,2000
2242,SSP2-4.5,glaciers,3.2000038549235175,17.653275808112735,14.67671117195102,15.794593660819945,19.371670089101436,20.81678012222137,2000
2243,SSP2-4.5,glaciers,3.193758508084568,17.68176938174758,14.69556097343361,15.817691539742755,19.39845814944753,20.85946181173807,2000
2244,SSP2-4.5,glaciers,3.1907706906614135,17.707119827048636,14.71507003195986,15.840289453457105,19.426893659663786,20.901554208778457,2000
2245,SSP2-4.5,glaciers,3.18553867945738,17.729092969052417,14.7373109432562,15.86063174309056,19.456873439210202,20.93667711394623,2000
2246,SSP2-4.5,glaciers,3.1858470041239944,17.754539796977266,14.756261537560583,15.881985228941613,19.486395468969995,20.96976349225039,2000
2247,SSP2-4.5,glaciers,3.18534109157407,17.777024761613692,14.774907102326711,15.90490079383052,19.51567795290645,21.002512149126265,2000
2248,SSP2-4.5,glaciers,3.1845140223988446,17.802277641940126,14.794553215912194,15.92596499235009,19.54469333306293,21.034960059467767,2000
2249,SSP2-4.5,glaciers,3.1908890209511696,17.82583780509411,14.81575517322618,15.946814198886887,19.573148310835876,21.06709925311952,2000
2250,SSP2-4.5,glaciers,3.199832843114245,17.848197998200945,14.834780855860528,15.967653688510374,19.600566482648315,21.09920195754554,2000
2251,SSP2-4.5,glaciers,3.1996955065916,17.87237380450071,14.853929275705674,15.98855541050626,19.631969301710136,21.131363230834385,2000
2252,SSP2-4.5,glaciers,3.2020095289427153,17.897642250347445,14.872912930428148,16.01039253875073,19.66278112624291,21.163243720747722,2000
2253,SSP2-4.5,glaciers,3.20163013849253,17.92087313597692,14.891810827423994,16.032806469467936,19.69562711650112,21.194820293256782,2000
2254,SSP2-4.5,glaciers,3.1907395309021767,17.943871167513237,14.91054005136924,16.05286741459909,19.728512880533835,21.225971939245092,2000
2255,SSP2-4.5,glaciers,3.192000901175227,17.964990258639176,14.92903113291316,16.075901051978956,19.75695403917121,21.256461737697727,2000
2256,SSP2-4.5,glaciers,3.1865292185118244,17.98827848649585,14.947757102477022,16.097208898829997,19.785215710511295,21.28674045174063,2000
2257,SSP2-4.5,glaciers,3.1828776193117942,18.010777229063446,14.965815522280236,16.116770440925542,19.81479753236546,21.31656957887826,2000
2258,SSP2-4.5,glaciers,3.180668153902372,18.031615918247347,14.982830862401526,16.136059333185912,19.843804042731975,21.346021476420685,2000
2259,SSP2-4.5,glaciers,3.1750641593921647,18.054631490607903,15.000077428054475,16.155120584380395,19.87198447724431,21.375152831707403,2000
2260,SSP2-4.5,glaciers,3.1714352473510563,18.075291673324557,15.016935170142975,16.17391173368019,19.89971877207266,21.403850168829013,2000
2261,SSP2-4.5,glaciers,3.1765136075586353,18.095349822598568,15.032377799857793,16.193133135729873,19.927089493824308,21.429461553878525,2000
2262,SSP2-4.5,glaciers,3.1693988022173585,18.11546288390268,15.051110944998024,16.211922187090604,19.95443034018045,21.454887738799204,2000
2263,SSP2-4.5,glaciers,3.172175227698431,18.136073582744547,15.067593626969868,16.22789863141441,19.981283140727662,21.479847167245666,2000
2264,SSP2-4.5,glaciers,3.1719253793980693,18.157537608517906,15.084030825133834,16.243859449013797,20.010183838026837,21.504564129109554,2000
2265,SSP2-4.5,glaciers,3.172016898032787,18.177752079511684,15.098398988204,16.26007099326321,20.038528782278046,21.528796774896527,2000
2266,SSP2-4.5,glaciers,3.174630811843646,18.198878028816488,15.11127394061661,16.276143970843492,20.0623723487491,21.5528176003813,2000
2267,SSP2-4.5,glaciers,3.17154846233921,18.219919990353034,15.124086439646218,16.2932502322901,20.087049702582327,21.57451907128679,2000
2268,SSP2-4.5,glaciers,3.1681918060376018,18.242900584096965,15.136716459218711,16.311073861839237,20.112926956333517,21.594352809489713,2000
2269,SSP2-4.5,glaciers,3.1687787749210354,18.262674154421802,15.149291476166077,16.327366261638893,20.13847899572594,21.62239433530083,2000
2270,SSP2-4.5,glaciers,3.1666747597861713,18.282474964152367,15.16318594657461,16.346670210524383,20.163852565065415,21.647620771630507,2000
2271,SSP2-4.5,glaciers,3.1618652862592103,18.304127340099896,15.180569918470876,16.36868769604811,20.18895325614577,21.677399691280993,2000
2272,SSP2-4.5,glaciers,3.158245149386785,18.32352052908721,15.199130574314609,16.386326736242324,20.213688843354987,21.708702662003965,2000
2273,SSP2-4.5,glaciers,3.1624191376406428,18.34421148118431,15.217489865608727,16.402433969228117,20.23810711093059,21.737704900423992,2000
2274,SSP2-4.5,glaciers,3.1650339020215794,18.36466499834974,15.235927095861808,16.41735659722857,20.263034490640166,21.760638312893033,2000
2275,SSP2-4.5,glaciers,3.164808831597946,18.385027292268433,15.254325725337935,16.431485193766378,20.287050623748787,21.783470335571327,2000
2276,SSP2-4.5,glaciers,3.1631732377341475,18.40435374333684,15.27080150094459,16.447483698675402,20.312752556640028,21.80610661340102,2000
2277,SSP2-4.5,glaciers,3.16326371499335,18.42277685460808,15.285881979811847,16.464945000847138,20.33657269724066,21.82850263189453,2000
2278,SSP2-4.5,glaciers,3.158153851858291,18.440607887836343,15.300861929257861,16.479511970625957,20.36015798126781,21.85071872195946,2000
2279,SSP2-4.5,glaciers,3.1568005376621895,18.45909012220669,15.315605859186968,16.495124902415156,20.383259039194375,21.872494064294706,2000
2280,SSP2-4.5,glaciers,3.1546490540569203,18.479061445476376,15.329750061595306,16.50884845182121,20.404545084304843,21.893984590886262,2000
2281,SSP2-4.5,glaciers,3.1499100211949282,18.500474247141767,15.344227550932446,16.524210618835504,20.428436274478024,21.915232636992467,2000
2282,SSP2-4.5,glaciers,3.15024875869216,18.51810882174054,15.358073436461902,16.540781815498896,20.452247999452986,21.936159315177797,2000
2283,SSP2-4.5,glaciers,3.147096772786418,18.53529595934502,15.371836023062226,16.555444187871025,20.47440004913318,21.95693022021228,2000
2284,SSP2-4.5,glaciers,3.15009976890474,18.552564527855154,15.385428300686344,16.569920474231665,20.494519191771534,21.97743739279321,2000
2285,SSP2-4.5,glaciers,3.1574800012205135,18.568843385759276,15.399006859899307,16.58435602610571,20.51373017159214,21.99787687322281,2000
2286,SSP2-4.5,glaciers,3.1615346488483613,18.58495316995925,15.412758888459475,16.59902492807158,20.532831179366877,22.018385989146914,2000
2287,SSP2-4.5,glaciers,3.1584887497342646,18.60089132938115,15.42671338950996,16.6139920390419,20.55189389675038,22.038859672270892,2000
2288,SSP2-4.5,glaciers,3.1549037379602294,18.619914878220083,15.440500063580403,16.630838980256755,20.571393476046985,22.05907669573469,2000
2289,SSP2-4.5,glaciers,3.1524019371801986,18.639697486935916,15.454108003970772,16.64750462889476,20.591387795951928,22.079024284981237,2000
2290,SSP2-4.5,glaciers,3.156487227064726,18.65775735992468,15.467566669125867,16.662542703087567,20.610603795924117,22.10226082448163,2000
2291,SSP2-4.5,glaciers,3.15519245429319,18.67591110201166,15.481040099404073,16.67676189159156,20.62940900524651,22.12549581382623,2000
2292,SSP2-4.5,glaciers,3.1551475597409175,18.69284260260073,15.49534799529904,16.691094218956685,20.646430398940065,22.148526978598273,2000
2293,SSP2-4.5,glaciers,3.150208223817075,18.708759641704567,15.510419895500803,16.705567895765945,20.664916077237624,22.17139883125703,2000
2294,SSP2-4.5,glaciers,3.149115689075586,18.725565689288572,15.52282580796003,16.719199421512485,20.685090490083248,22.19394925430394,2000
2295,SSP2-4.5,glaciers,3.154665790063345,18.742522947603295,15.535116342409438,16.73346227316531,20.70700743234568,22.21631077205056,2000
2296,SSP2-4.5,glaciers,3.1544817174597855,18.760536234275264,15.547450348359014,16.74741105162375,20.728495238431393,22.23870558879027,2000
2297,SSP2-4.5,glaciers,3.1665308688589184,18.77940051701393,15.55969130521289,16.76097176192882,20.74924983323536,22.260943088408986,2000
2298,SSP2-4.5,glaciers,3.1640192072810542,18.795673461198277,15.572130383385563,16.77482225271874,20.769367124267987,22.283429592800474,2000
2299,SSP2-4.5,glaciers,3.170827332337375,18.811361986155553,15.584774604846283,16.788297485767924,20.788222184667358,22.305680302225657,2000
2300,SSP2-4.5,glaciers,3.176290724870756,18.827412422341997,15.59769460923968,16.80182995573547,20.807092334440956,22.32800531737233,2000
1990,SSP2-4.5,gis,0.5557397132233756,-0.5582258229412878,-0.6059002036082121,-0.5857582090708406,-0.5290007019121585,-0.5043167251318854,2000
1991,SSP2-4.5,gis,0.5885637306361448,-0.5451937700553016,-0.5885939028480298,-0.5703132098136254,-0.5178260648776806,-0.49382978086689805,2000
1992,SSP2-4.5,gis,0.5090689778394178,-0.5128358278208998,-0.5530611118953628,-0.5357620344835334,-0.48733565963613706,-0.46491368720865556,2000
1993,SSP2-4.5,gis,0.3084522979487564,-0.5077339509467742,-0.5441020564475939,-0.5291020273915732,-0.48244254143347315,-0.4616165432988942,2000
1994,SSP2-4.5,gis,0.332676813580452,-0.5047435780850065,-0.5399526499500272,-0.5256132242172383,-0.47916624451314155,-0.45921434424364765,2000
1995,SSP2-4.5,gis,0.4547856293863089,-0.48714005213511014,-0.5220331033139182,-0.5085705794157984,-0.4625129983161006,-0.44292486636087036,2000
1996,SSP2-4.5,gis,0.5463394857269461,-0.46531980714902543,-0.4998049235162609,-0.48667922544147546,-0.4407258517634124,-0.422151244003747,2000
1997,SSP2-4.5,gis,0.600043540445978,-0.41738178173090246,-0.4491796188852164,-0.43712252529815065,-0.395260367351716,-0.37844961026442425,2000
1998,SSP2-4.5,gis,0.6466075693928761,-0.3822922715348889,-0.4133225340931995,-0.40121881375618024,-0.36130074501267556,-0.3460757695522032,2000
1999,SSP2-4.5,gis,0.686007840655961,-0.3396951102891843,-0.3685349463145161,-0.35714153474258437,-0.3203440261346485,-0.3060816107842852,2000
2000,SSP2-4.5,gis,0.7295563669080296,-0.3093615246213681,-0.3389717792031686,-0.32662142787756077,-0.2901588759166358,-0.2757611709131018,2000
2001,SSP2-4.5,gis,0.7655239205849365,-0.25996800774150053,-0.2875425650536648,-0.27591135519538607,-0.24322597612295893,-0.2298421886731668,2000
2002,SSP2-4.5,gis,0.7999498588212678,-0.20408016815823915,-0.2282656831896462,-0.2180062683023804,-0.19012273450079104,-0.17934450452190998,2000
2003,SSP2-4.5,gis,0.8301407393993533,-0.15471855067251372,-0.1769252210327143,-0.167290263755174,-0.1418548745387535,-0.13270454218811095,2000
2004,SSP2-4.5,gis,0.8359312010698448,-0.05886590072146802,-0.06773246986264132,-0.06401558872939699,-0.0533841085393461,-0.04946355694266926,2000
2005,SSP2-4.5,gis,0.843916603443868,0.006191821848918089,0.001603199226520502,0.0032591528178823113,0.008585154738343901,0.010270547283214969,2000
2006,SSP2-4.5,gis,0.8516506513236204,0.08760334235203793,0.08028607879075439,0.08346855178033533,0.09179501632632488,0.09452264320767435,2000
2007,SSP2-4.5,gis,0.8597675192449368,0.14438792145528012,0.13154980092667867,0.1370445649588922,0.15131117806420055,0.15531175021395632,2000
2008,SSP2-4.5,gis,0.8671015531069908,0.2071447619125517,0.18806637666673803,0.19621750682913666,0.21734734926781496,0.223848038667583,2000
2009,SSP2-4.5,gis,0.8915919796329949,0.2518557423351466,0.22841452380468907,0.23823467318469102,0.2637989689985502,0.2711704292180201,2000
2010,SSP2-4.5,gis,0.91224213325433,0.30436536651955093,0.2755279007116227,0.28768234893596795,0.3188865686828093,0.32788433228671676,2000
2011,SSP2-4.5,gis,0.9463726707864436,0.4422738627405831,0.394137899963913,0.41487181286599,0.4678692617571181,0.48621710758332015,2000
2012,SSP2-4.5,gis,0.9634454159642772,0.48135708446242065,0.4314664778671053,0.4522467105654413,0.5074433105121675,0.52571968357178,2000
2013,SSP2-4.5,gis,1.0010392042679888,0.5494176398174786,0.4921272321195327,0.5156777220883614,0.5793609192678151,0.6000042924995341,2000
2014,SSP2-4.5,gis,1.034758969518629,0.6044421509723392,0.5414548948462776,0.5670141655775709,0.6374028530391711,0.6590604115824769,2000
2015,SSP2-4.5,gis,1.0655474016558886,0.66949583249585,0.5992626169092616,0.6275577309320178,0.7064269714822129,0.729851649424598,2000
2016,SSP2-4.5,gis,1.0982433117141364,0.6868474878987887,0.6151944913541995,0.6454695762672701,0.7231669301372791,0.7464806357901955,2000
2017,SSP2-4.5,gis,1.1215083354395925,0.7756206733654434,0.6929415150549288,0.7268409445264645,0.8178157070234351,0.8450256768113695,2000
2018,SSP2-4.5,gis,1.1514531927883527,0.8261110820939543,0.7383197200938278,0.7741594977984512,0.8707291720526288,0.9001397768835078,2000
2019,SSP2-4.5,gis,1.172690213058829,0.8651488299731009,0.7720061490347507,0.8107633266027433,0.9118266338198623,0.9418892115907522,2000
2020,SSP2-4.5,gis,1.183004264307409,0.9427905134845909,0.8400207646466309,0.8835258916259859,0.9947714052551191,1.0284745815232688,2000
2021,SSP2-4.5,gis,1.2100067371777328,0.9967304587194676,0.886787829877584,0.9326681102232706,1.0516743987633481,1.0866885155271881,2000
2022,SSP2-4.5,gis,1.2401553910866456,1.0749500842680395,0.9547350785074364,1.0053956121806762,1.1351383513848228,1.1736890363145436,2000
2023,SSP2-4.5,gis,1.2795255652495054,1.1212413030892874,0.9967235491687118,1.0482318361882081,1.183833151583589,1.2233616865420034,2000
2024,SSP2-4.5,gis,1.3120856196879593,1.1704336305099394,1.0384539793030254,1.093355725979169,1.2353283060962446,1.2777002666468529,2000
2025,SSP2-4.5,gis,1.3418920592536896,1.2113007103868356,1.0739610108633721,1.1314799761216736,1.2783219172722005,1.3219657028657454,2000
2026,SSP2-4.5,gis,1.3677890858907344,1.2733765131286505,1.1277466423683786,1.1879833204296464,1.343964124000045,1.3908310863775057,2000
2027,SSP2-4.5,gis,1.3864760205740927,1.3363758395343264,1.1822846484597545,1.2464138201863528,1.4107405080875084,1.460459065148546,2000
2028,SSP2-4.5,gis,1.3979689025093112,1.400146410787816,1.2367250073963907,1.304254631934618,1.4787089410022616,1.5319524916973368,2000
2029,SSP2-4.5,gis,1.408837738356086,1.4638202215333354,1.291782415689003,1.3626966945432675,1.5468531541495687,1.6032072407624454,2000
2030,SSP2-4.5,gis,1.4255063585080254,1.5275005949464329,1.3479552002158097,1.4218982085841476,1.6158247851924417,1.6742401982872772,2000
2031,SSP2-4.5,gis,1.4370992723377307,1.5909443408981607,1.402923329988818,1.480699203125798,1.6843890162927246,1.7457388330721957,2000
2032,SSP2-4.5,gis,1.4616617718592628,1.655516393160755,1.4575641836321402,1.540503831284397,1.7541113181498311,1.8174705393207866,2000
2033,SSP2-4.5,gis,1.4778573883674204,1.720526595442526,1.5136370787628846,1.60132004393124,1.8245167853931412,1.8909952776947818,2000
2034,SSP2-4.5,gis,1.5019259013859052,1.7865722249322964,1.5683534098901102,1.6621811858053388,1.8944385280625258,1.964844153855292,2000
2035,SSP2-4.5,gis,1.5283526230299938,1.8534130737734582,1.6251978506328495,1.7239920530287205,1.9653733353174367,2.039743747575373,2000
2036,SSP2-4.5,gis,1.5613546071573317,1.9207437254855209,1.6829929438750997,1.7853254275459964,2.0372865606342883,2.116540554780991,2000
2037,SSP2-4.5,gis,1.587060677962975,1.9894510925135127,1.7419490774638335,1.8473095798734918,2.1111939757834675,2.1953933478905663,2000
2038,SSP2-4.5,gis,1.6067201941456666,2.0593658432949264,1.802128755653352,1.9100145924202439,2.1881522591990485,2.2748604216118156,2000
2039,SSP2-4.5,gis,1.6374169818992061,2.1289554859960536,1.8610884705929978,1.9729932680070792,2.264487576147961,2.353981339387085,2000
2040,SSP2-4.5,gis,1.6573993350465797,2.2008929470601286,1.9214427154977318,2.037037238826338,2.3414025059541466,2.435276105926094,2000
2041,SSP2-4.5,gis,1.6664751162991946,2.2713260594952382,1.981056818970453,2.1015727766090464,2.4194167185867324,2.517356987841697,2000
2042,SSP2-4.5,gis,1.6945524916845651,2.342884482004248,2.0406582276900265,2.1661349404397585,2.4982379137858906,2.5991371652666397,2000
2043,SSP2-4.5,gis,1.7136466981948066,2.416152282214831,2.100707692571059,2.2320821146831635,2.579061699894626,2.6836359832094696,2000
2044,SSP2-4.5,gis,1.7343382432222323,2.4895057803113283,2.163040828580381,2.2985211197538677,2.657424535924966,2.7681886329664915,2000
2045,SSP2-4.5,gis,1.7642365070714197,2.562931077238907,2.223482207473136,2.365080383811257,2.7377020919765545,2.854893715059738,2000
2046,SSP2-4.5,gis,1.791471712208186,2.63707130469612,2.285719169886189,2.4327747300006877,2.8199472104040835,2.9432459075747794,2000
2047,SSP2-4.5,gis,1.8223477276736575,2.7129278415715254,2.35032568410979,2.500706585169571,2.906788942477423,3.0335090295306117,2000
2048,SSP2-4.5,gis,1.8453603425113239,2.790451415939739,2.411666620941466,2.570674701221993,2.9913660720901682,3.123860077110002,2000
2049,SSP2-4.5,gis,1.8766319513360963,2.8697583376148375,2.4746944533315665,2.640147435050936,3.07717677440984,3.217647999239328,2000
2050,SSP2-4.5,gis,1.9012996219999792,2.9497172068730713,2.5394960137654823,2.7102688916403355,3.1648230431756437,3.3135941238293265,2000
2051,SSP2-4.5,gis,1.9185206739017857,3.029586193707097,2.6052502515756015,2.7819924907746914,3.2524700018060146,3.4082490694942873,2000
2052,SSP2-4.5,gis,1.9397378533344576,3.1108099291423885,2.6682625803870073,2.853387945799152,3.341165557277705,3.5058970399145304,2000
2053,SSP2-4.5,gis,1.9553531657233012,3.192709181689087,2.733664065310017,2.9275039377382295,3.431567135717533,3.6049016819589554,2000
2054,SSP2-4.5,gis,1.976175040081812,3.2745892721367675,2.7994010529808206,3.0004426705907234,3.52271750691002,3.703901839520036,2000
2055,SSP2-4.5,gis,1.9918993071909756,3.357566645331454,2.864416798677209,3.071612163073991,3.614956465656491,3.80276361292369,2000
2056,SSP2-4.5,gis,2.018534525307487,3.4405503707109384,2.9296795505757305,3.145140206807422,3.708067215197203,3.9005561166882523,2000
2057,SSP2-4.5,gis,2.045565112311136,3.5251039114730047,2.997908786408672,3.220488414824988,3.8029011975910665,4.001849622759298,2000
2058,SSP2-4.5,gis,2.0744582727819525,3.6105341990824877,3.0676570668081107,3.297003448597388,3.8977257537331527,4.1051915616997805,2000
2059,SSP2-4.5,gis,2.0986882912029854,3.6969816295780458,3.1336811021737123,3.372925166251134,3.99387927184451,4.209475349757545,2000
2060,SSP2-4.5,gis,2.121309551223493,3.7844939856974564,3.2026108730858645,3.4518749942417655,4.091664230960236,4.3134623593872625,2000
2061,SSP2-4.5,gis,2.139430662267365,3.8724310656591103,3.271597387789085,3.5297727085623127,4.190729814291829,4.41815226603335,2000
2062,SSP2-4.5,gis,2.1635962247428213,3.9606918803418467,3.339783885989658,3.607936188542399,4.2900075275309115,4.527405524161399,2000
2063,SSP2-4.5,gis,2.1759027519883563,4.04925814939279,3.409914213925158,3.6859501718468684,4.391221908034101,4.637707575522978,2000
2064,SSP2-4.5,gis,2.1981576617583647,4.139237397243077,3.4786961771751486,3.7646723433756555,4.492357639374593,4.747005267364023,2000
2065,SSP2-4.5,gis,2.2112788524875375,4.2284784568365,3.5476301495789833,3.8442982338587495,4.592701129798163,4.85895532426024,2000
2066,SSP2-4.5,gis,2.223814172910278,4.3184917172448465,3.616972871761634,3.9236672025762793,4.693447671369006,4.970571070240073,2000
2067,SSP2-4.5,gis,2.2450214919980853,4.40819718210315,3.688007879870596,4.001601158682476,4.793838258664206,5.082464552932851,2000
2068,SSP2-4.5,gis,2.260248066034934,4.497608747404125,3.7555308894048935,4.080535472708279,4.896781109083104,5.195291567751645,2000
2069,SSP2-4.5,gis,2.277302149343303,4.587721918293864,3.826318555828285,4.160402752549386,5.000684818984186,5.307843558060054,2000
2070,SSP2-4.5,gis,2.30378820441938,4.678185763405311,3.8951866951136784,4.239445628737012,5.10345500233637,5.420820851853212,2000
2071,SSP2-4.5,gis,2.326830641245917,4.769529449917978,3.960716691935117,4.316531320825862,5.20605785907169,5.532136484130252,2000
2072,SSP2-4.5,gis,2.3540988723831293,4.8615725651722785,4.032256720709235,4.394906737770124,5.314911242794437,5.646375253519092,2000
2073,SSP2-4.5,gis,2.3650590808922263,4.954105868424999,4.104333733281173,4.475021911054679,5.4233501124670855,5.760865582292486,2000
2074,SSP2-4.5,gis,2.387183250691529,5.047018705821483,4.175847893426745,4.553579549621305,5.530130339274126,5.878047815955187,2000
2075,SSP2-4.5,gis,2.410546743432703,5.140594037987201,4.246244800623985,4.632509158555501,5.635165995093796,5.997399247911666,2000
2076,SSP2-4.5,gis,2.418819423927599,5.233849707195558,4.317017257388433,4.714815560896064,5.74125733358592,6.115211510189291,2000
2077,SSP2-4.5,gis,2.430630918608847,5.326741917491695,4.387051418838964,4.794538270929094,5.850320754167343,6.230848114866213,2000
2078,SSP2-4.5,gis,2.4430852212607705,5.420647205981965,4.455726389364047,4.873753497753968,5.959818094061355,6.346434127214426,2000
2079,SSP2-4.5,gis,2.4581859544496756,5.513537368262808,4.522281294149998,4.954617822211589,6.066685557350168,6.461967370689315,2000
2080,SSP2-4.5,gis,2.4717666328743406,5.6053844553595455,4.593350912811635,5.035194441204465,6.1757686253547766,6.577746350781284,2000
2081,SSP2-4.5,gis,2.496329323714633,5.6976918440063,4.65948789634611,5.115211638680155,6.285054878194311,6.693491736502051,2000
2082,SSP2-4.5,gis,2.517094000189755,5.790829882816594,4.7281822911341616,5.196079744963484,6.3943180140390705,6.8105240851225854,2000
2083,SSP2-4.5,gis,2.5428749218122637,5.883516712868573,4.7972981251617055,5.276744765774083,6.50317539972928,6.930689769476584,2000
2084,SSP2-4.5,gis,2.5592701453204163,5.976945566912792,4.867002992045034,5.3580582122043,6.6155594379682165,7.052652312881294,2000
2085,SSP2-4.5,gis,2.5669566940894564,6.071897757990676,4.937336753371501,5.439343244288912,6.727165171538661,7.180739687923114,2000
2086,SSP2-4.5,gis,2.577506195910472,6.164328899256483,5.006427069319633,5.519972084124463,6.83678872744081,7.297781184122356,2000
2087,SSP2-4.5,gis,2.585264872543303,6.2583856877983814,5.075514468142347,5.60080071918054,6.947350530171039,7.415965037359371,2000
2088,SSP2-4.5,gis,2.588591115389118,6.350075451183665,5.144428770419077,5.6801368979818605,7.0585997102475435,7.534514700149284,2000
2089,SSP2-4.5,gis,2.595504370864205,6.4433103790763795,5.211718681764593,5.759139115577467,7.17058704093872,7.653189817283425,2000
2090,SSP2-4.5,gis,2.609511482957791,6.534432490524763,5.279058136983758,5.837637720915202,7.277878951521732,7.773976315746956,2000
2091,SSP2-4.5,gis,2.6173312438445695,6.625842368773816,5.34650569995464,5.919451828694109,7.384600556487907,7.895155133229057,2000
2092,SSP2-4.5,gis,2.6378716116464065,6.717819198160561,5.413596924845455,5.99825068074726,7.487615013692967,8.016216783152228,2000
2093,SSP2-4.5,gis,2.6523174983606377,6.811592604566616,5.4804803628195105,6.075816658203983,7.591827812317148,8.137864937970408,2000
2094,SSP2-4.5,gis,2.6651921272003016,6.903108732498158,5.547229275850348,6.1546114011821516,7.699172578109671,8.254808411374203,2000
2095,SSP2-4.5,gis,2.678543258788642,6.9939038762914105,5.613748235990664,6.230693671782614,7.810422083630224,8.37161441640279,2000
2096,SSP2-4.5,gis,2.694782035302737,7.085216534181943,5.6809794678818735,6.307507613461645,7.9210563743755245,8.490209396331664,2000
2097,SSP2-4.5,gis,2.6972775183419606,7.177140963423545,5.7489794648484285,6.385555288601594,8.031003871996296,8.609888256784485,2000
2098,SSP2-4.5,gis,2.6943852970896827,7.2673042055471,5.8146226622507555,6.460874384897493,8.139454987507612,8.728568778393347,2000
2099,SSP2-4.5,gis,2.700493500184702,7.355505198673135,5.879137035551772,6.53305340704285,8.248585648402495,8.84775202620463,2000
2100,SSP2-4.5,gis,2.704152266699876,7.44541766051713,5.940975837295788,6.6069212849014685,8.353904114384646,8.964355526819304,2000
2101,SSP2-4.5,gis,2.7173042385897594,7.533103225164197,6.002741416867757,6.679949818585961,8.457336523266054,9.077672281029994,2000
2102,SSP2-4.5,gis,2.727228115930526,7.620870218662056,6.066888608671294,6.7528372251227875,8.561198255960443,9.19078080792943,2000
2103,SSP2-4.5,gis,2.739039524138542,7.708764897554133,6.132248896743232,6.825855418865609,8.66393759921297,9.307929330749024,2000
2104,SSP2-4.5,gis,2.74654226826949,7.795466409611594,6.194834339844748,6.90024839835746,8.766015739679574,9.420813555790884,2000
2105,SSP2-4.5,gis,2.7579185077277986,7.882622783964877,6.256960296524911,6.97414430913267,8.871206299072897,9.537301670240549,2000
2106,SSP2-4.5,gis,2.7608870553911404,7.969267589046112,6.31898906602597,7.048708331106638,8.974552591398167,9.654660842686349,2000
2107,SSP2-4.5,gis,2.7656185489965,8.05378545195381,6.384327055277802,7.121231040831899,9.075359698758838,9.768994415805581,2000
2108,SSP2-4.5,gis,2.7735554224412,8.136922020073438,6.448254421747459,7.193816467224362,9.178744041293626,9.882828563384198,2000
2109,SSP2-4.5,gis,2.77512769977057,8.222870257886031,6.506137175792935,7.265987092704419,9.28211929682233,9.99616373935239,2000
2110,SSP2-4.5,gis,2.780207036266814,8.306882535528665,6.5671471001680946,7.338217933792793,9.383901721382086,10.108840260849036,2000
2111,SSP2-4.5,gis,2.7765912407960753,8.393123125550591,6.625810922186739,7.410027696312428,9.487001981153552,10.221241561140237,2000
2112,SSP2-4.5,gis,2.7853506426444268,8.476534923711723,6.67922228968308,7.481372477938424,9.584347831105685,10.33449595714345,2000
2113,SSP2-4.5,gis,2.792846135981751,8.558651311457558,6.737212524987324,7.55053019727139,9.684980138497195,10.44384920892448,2000
2114,SSP2-4.5,gis,2.795639723841476,8.642931947686117,6.792307301530548,7.618970707572125,9.789676157570181,10.55340453146543,2000
2115,SSP2-4.5,gis,2.8136952482146236,8.727797085249765,6.843851496472335,7.686597546228217,9.889110551912529,10.663430744714336,2000
2116,SSP2-4.5,gis,2.815784639695381,8.811856070926982,6.901346157198196,7.754818131016193,9.987365662481233,10.778643163551925,2000
2117,SSP2-4.5,gis,2.832026219157308,8.895299743471309,6.958465594520853,7.825090324628288,10.08529857576227,10.886852587482577,2000
2118,SSP2-4.5,gis,2.8316721579939634,8.978770916207186,7.017352490460846,7.89405640366219,10.18331005502791,10.997546016113498,2000
2119,SSP2-4.5,gis,2.82849943463284,9.061262560091485,7.074071112595611,7.9593997075186005,10.27562450701395,11.106295716428379,2000
2120,SSP2-4.5,gis,2.8288471477715067,9.143444417753777,7.127905721927203,8.027059513688872,10.371250182671956,11.217784479884772,2000
2121,SSP2-4.5,gis,2.832965516336239,9.223755157611826,7.182304478355425,8.09315825603835,10.46425646012899,11.33342966143522,2000
2122,SSP2-4.5,gis,2.83605623110695,9.307629537267161,7.235164411555667,8.160212269654744,10.560292105080519,11.444044301566649,2000
2123,SSP2-4.5,gis,2.8398534821480577,9.390590220421018,7.28804625947709,8.223981887781658,10.65651681673239,11.548943220380027,2000
2124,SSP2-4.5,gis,2.853088212421998,9.470472079514543,7.3439467114557235,8.287571369239345,10.750196835346202,11.656160828832357,2000
2125,SSP2-4.5,gis,2.8666117703944045,9.547543293859528,7.397587518882311,8.353320256153252,10.842947290649011,11.767148469365447,2000
2126,SSP2-4.5,gis,2.87780830479432,9.626175043445134,7.451730822533739,8.419196340810513,10.938284217575717,11.878568452292328,2000
2127,SSP2-4.5,gis,2.8785542184523245,9.707192479328107,7.5080544068316755,8.48623137624124,11.04129144983807,11.983832620473098,2000
2128,SSP2-4.5,gis,2.8834554184912604,9.786156043583315,7.562490507961238,8.549014932688898,11.14085912946587,12.087353130893726,2000
2129,SSP2-4.5,gis,2.8872455218264204,9.864437567508714,7.612010368511233,8.616350487747047,11.236250081499293,12.193780134632728,2000
2130,SSP2-4.5,gis,2.8935169700382746,9.940603398011348,7.663253340500326,8.681604485464002,11.329897737117664,12.304134910614021,2000
2131,SSP2-4.5,gis,2.888070332152276,10.016196231023113,7.713266305919274,8.750857652791199,11.428004861638701,12.409582012096687,2000
2132,SSP2-4.5,gis,2.8949389869596502,10.093822977892305,7.76363139480464,8.81858854621557,11.527641860725527,12.513352728241149,2000
2133,SSP2-4.5,gis,2.896333372925594,10.17508183355352,7.816300945303283,8.881682526326529,11.618104706784015,12.616981716517623,2000
2134,SSP2-4.5,gis,2.9044273117271864,10.253798446684911,7.868514000182751,8.946550595502371,11.715238117122347,12.721481827981432,2000
2135,SSP2-4.5,gis,2.9113093095115943,10.331674200962768,7.919596695207172,9.010522032462507,11.809837664521215,12.826287018847994,2000
2136,SSP2-4.5,gis,2.9233238739641325,10.403979697347653,7.969909534893604,9.068771141578733,11.902206843121792,12.931330599302125,2000
2137,SSP2-4.5,gis,2.929481078674987,10.474941387198768,8.02047737105011,9.123773088610175,11.993154185052239,13.03404694318927,2000
2138,SSP2-4.5,gis,2.938177515841967,10.550567874186166,8.070819719457848,9.176669056668693,12.077113404798506,13.13204117602142,2000
2139,SSP2-4.5,gis,2.936460298693736,10.627445617656486,8.12110024827467,9.236440439964381,12.173856428228925,13.231819010630453,2000
2140,SSP2-4.5,gis,2.9373491998733727,10.70147413166439,8.170661959899087,9.290180059323005,12.265130996093067,13.34623416298011,2000
2141,SSP2-4.5,gis,2.9372942472218804,10.776766942047114,8.221968984581071,9.350590339498407,12.357078540490997,13.446766165058152,2000
2142,SSP2-4.5,gis,2.933659008204557,10.851670055671168,8.276251086611367,9.410624477202862,12.451361682559362,13.549815841486094,2000
2143,SSP2-4.5,gis,2.936899320900144,10.926576672377756,8.330884756166514,9.470470434511466,12.543713522347247,13.65709005081211,2000
2144,SSP2-4.5,gis,2.9414334966798807,10.998484149401824,8.379033450948286,9.528126323523626,12.632254122223653,13.761812549361712,2000
2145,SSP2-4.5,gis,2.949892369215796,11.070941338871599,8.42618756537491,9.586227944290856,12.719351302001764,13.858641523275262,2000
2146,SSP2-4.5,gis,2.9573481789627047,11.146715328577995,8.476019526397918,9.642970544320562,12.804681729032382,13.959278963153622,2000
2147,SSP2-4.5,gis,2.95878394970165,11.21918135609495,8.526342398045152,9.700366533171586,12.893083554207854,14.059403042983067,2000
2148,SSP2-4.5,gis,2.9657825828750624,11.292365501734594,8.576091301162352,9.758693917861773,12.97993234737486,14.158850144094936,2000
2149,SSP2-4.5,gis,2.9683836306820024,11.363138495100387,8.623897602338433,9.817583322741216,13.064605397810627,14.26033528349929,2000
2150,SSP2-4.5,gis,2.9722953128435785,11.433698619133157,8.670347241156321,9.874599217542709,13.148737078847075,14.357572924229105,2000
2151,SSP2-4.5,gis,2.970185458195693,11.506214764108599,8.714030881164032,9.931297824741051,13.233998043722268,14.456547547846716,2000
2152,SSP2-4.5,gis,2.9785879892536715,11.577363739760328,8.757936959661075,9.987686743489919,13.315869165517705,14.55449581857469,2000
2153,SSP2-4.5,gis,2.980893502873745,11.652025289176752,8.802144127251305,10.04196384951246,13.400803166488306,14.65385539148034,2000
2154,SSP2-4.5,gis,2.9901192826861647,11.725170041708399,8.845998085317607,10.09394286913209,13.489365303271455,14.755640483249978,2000
2155,SSP2-4.5,gis,2.99026878499542,11.79669738140801,8.889982863355314,10.146315230920148,13.5829840401004,14.857297591289369,2000
2156,SSP2-4.5,gis,2.9946883789184047,11.866756218032954,8.933556423208179,10.205212849104505,13.67610313243091,14.954437043998098,2000
2157,SSP2-4.5,gis,3.001737670207785,11.940911586321247,8.97668330341704,10.263137686819727,13.768670295529564,15.049483366966006,2000
2158,SSP2-4.5,gis,3.0127330710443068,12.010295029090514,9.019887614614277,10.32210520473772,13.85978878519679,15.1613596127754,2000
2159,SSP2-4.5,gis,3.0197078361950673,12.084259474611212,9.065146580739105,10.378512550799435,13.95113506281483,15.264365352840912,2000
2160,SSP2-4.5,gis,3.031471706062024,12.153393884873383,9.110715949143088,10.4362016816683,14.043565563683352,15.36671857661521,2000
2161,SSP2-4.5,gis,3.0396118939419163,12.223165704079875,9.156444898588537,10.488298681371546,14.136598797289052,15.46937669201472,2000
2162,SSP2-4.5,gis,3.0432099809958504,12.295303935876383,9.202136439180709,10.53556070119632,14.228944176237196,15.572008411216904,2000
2163,SSP2-4.5,gis,3.052148594090893,12.365028431158809,9.247546407557849,10.588202669831688,14.30864597329381,15.674099524521315,2000
2164,SSP2-4.5,gis,3.047931323994419,12.434093880196711,9.293165777814318,10.64217645261309,14.389523247212122,15.776077841724682,2000
2165,SSP2-4.5,gis,3.040278637942832,12.502353655386097,9.338238527418184,10.69888908592678,14.474304381659698,15.876878421735372,2000
2166,SSP2-4.5,gis,3.0403581762624485,12.570913104672837,9.382449973870557,10.75599646673797,14.555789840874379,15.976333701649258,2000
2167,SSP2-4.5,gis,3.047734489320791,12.64132989392045,9.425845835568913,10.802389051249243,14.645931339120223,16.07515258074817,2000
2168,SSP2-4.5,gis,3.04823361780483,12.707304927511984,9.466498588431344,10.85511370412515,14.734531234522663,16.173996057719368,2000
2169,SSP2-4.5,gis,3.059626323523603,12.77287218596309,9.505601874972383,10.906901162385418,14.822732313319388,16.272245690364898,2000
2170,SSP2-4.5,gis,3.0749834147468715,12.83906907655457,9.549613790374243,10.959686408388174,14.90746381987993,16.37088537121478,2000
2171,SSP2-4.5,gis,3.0782689443636935,12.903774575850774,9.587771480556176,11.012824955106474,14.988940199224178,16.470271356140437,2000
2172,SSP2-4.5,gis,3.0873281661738003,12.971213452252039,9.63013621144205,11.067844444699137,15.070999199380074,16.566592394082228,2000
2173,SSP2-4.5,gis,3.0938969517300907,13.040682378961726,9.676144896830348,11.123582394627977,15.158132389812522,16.66101467264006,2000
2174,SSP2-4.5,gis,3.1007103537667313,13.107601363481646,9.722075816891433,11.175453153734098,15.244482551197429,16.76053376318999,2000
2175,SSP2-4.5,gis,3.0978465304561387,13.175780521818762,9.76791206541649,11.227610986977357,15.32902349439642,16.86337851400969,2000
2176,SSP2-4.5,gis,3.094410493880068,13.240833023424706,9.80941890535615,11.28167915879895,15.418703269267088,16.958520378404028,2000
2177,SSP2-4.5,gis,3.091738765948979,13.30577321230085,9.84940659796726,11.33273340287106,15.507618071237307,17.052188837751988,2000
2178,SSP2-4.5,gis,3.0952604882892283,13.370212674019157,9.886144596004417,11.384750922743724,15.587230957989378,17.144848316741804,2000
2179,SSP2-4.5,gis,3.1030909239411257,13.43631780916169,9.92118331293732,11.437090054209099,15.668326070998738,17.240062647859123,2000
2180,SSP2-4.5,gis,3.1101717264557798,13.502672180368581,9.956083715098536,11.484789843457722,15.750512097066233,17.338498282457056,2000
2181,SSP2-4.5,gis,3.1143445463763832,13.567214740414123,9.99073628529554,11.532471331426224,15.829392639508598,17.436878697036992,2000
2182,SSP2-4.5,gis,3.1186772358959494,13.63331386898314,10.024766682103026,11.582394262176201,15.907212576285445,17.530021037513826,2000
2183,SSP2-4.5,gis,3.128721606416778,13.69603354751596,10.058573824425993,11.635315779403905,15.991306975453249,17.620117069919953,2000
2184,SSP2-4.5,gis,3.127434272479736,13.760242938381461,10.092307657115343,11.687069428409934,16.076120564763904,17.710125331005337,2000
2185,SSP2-4.5,gis,3.1249031291434646,13.822267429854309,10.125675584784911,11.734842062827818,16.160288075525187,17.795359464336517,2000
2186,SSP2-4.5,gis,3.1271550786117377,13.885008970428842,10.158792112082798,11.784970606349905,16.238033641608585,17.881119121988593,2000
2187,SSP2-4.5,gis,3.124855846178914,13.95037652677123,10.195126961614932,11.832967113998075,16.31402665847863,17.969647865452558,2000
2188,SSP2-4.5,gis,3.117467626026843,14.015528167912287,10.231841160798005,11.881030074234438,16.39469249131261,18.058755023188194,2000
2189,SSP2-4.5,gis,3.1222693418152456,14.079486218108531,10.269190534787677,11.929507040330513,16.473931166894705,18.147646134730245,2000
2190,SSP2-4.5,gis,3.1230072426454347,14.14110679471738,10.30853390557853,11.978273530495262,16.5511870463199,18.243137816103626,2000
2191,SSP2-4.5,gis,3.124951248707645,14.202329147371817,10.34794887503846,12.026727312742143,16.62086554961372,18.342823161964642,2000
2192,SSP2-4.5,gis,3.1353104013817092,14.264079613681442,10.386914640730007,12.072677536862953,16.692008789286533,18.440689836416194,2000
2193,SSP2-4.5,gis,3.138401015652724,14.324034888118257,10.425841621888445,12.114424519915916,16.765490954726868,18.5384743041855,2000
2194,SSP2-4.5,gis,3.1452249376185413,14.38701633233197,10.46460366731466,12.153666204302038,16.84157084766266,18.636030822271625,2000
2195,SSP2-4.5,gis,3.1429434615859795,14.448921473979379,10.503500956132461,12.1954279279685,16.920918276619485,18.73363383472246,2000
2196,SSP2-4.5,gis,3.150754119961084,14.50695098881439,10.542115234573988,12.24113145384037,17.000352750917305,18.830585868753335,2000
2197,SSP2-4.5,gis,3.1509775526428485,14.568057406981534,10.58078729587385,12.291636927243282,17.080225591457946,18.926410292652793,2000
2198,SSP2-4.5,gis,3.1506705782963667,14.62704345129319,10.615166683135651,12.342987944522854,17.152999553225136,19.013388650461568,2000
2199,SSP2-4.5,gis,3.145422193927286,14.687682600286617,10.642966000800389,12.385825525465272,17.230527763089793,19.099728142947647,2000
2200,SSP2-4.5,gis,3.1439863200278855,14.742684176186634,10.6718269539836,12.426627508373505,17.30683327880781,19.18474806364164,2000
2201,SSP2-4.5,gis,3.1479313170277257,14.79947942492084,10.707432073598904,12.466931981523025,17.383678372084525,19.276645983101897,2000
2202,SSP2-4.5,gis,3.1454508357966993,14.857215215558561,10.74309977377284,12.507283296469904,17.457004743782218,19.36191610340273,2000
2203,SSP2-4.5,gis,3.1554508665184695,14.909967563268296,10.778736055840806,12.549729450815006,17.531865961255996,19.437665298459834,2000
2204,SSP2-4.5,gis,3.177843058570605,14.960319075190117,10.814592876436096,12.593426176429167,17.606605595716513,19.519575051746187,2000
2205,SSP2-4.5,gis,3.1818275667142313,15.019889426929097,10.847742843690062,12.635776990365374,17.676255760205034,19.60470813663174,2000
2206,SSP2-4.5,gis,3.1877400554320716,15.078479007914034,10.876782016000908,12.67406960403704,17.74404033054926,19.690927481015002,2000
2207,SSP2-4.5,gis,3.1839474757423454,15.137147833631456,10.912785473655418,12.71649176753244,17.81087534222314,19.781073005499962,2000
2208,SSP2-4.5,gis,3.1784611399555565,15.197090785465452,10.949799271194458,12.753824086700014,17.882634812575798,19.87045255647023,2000
2209,SSP2-4.5,gis,3.1761072227442835,15.25102024509742,10.986520365387118,12.795141690755496,17.96161681790773,19.95894413586473,2000
2210,SSP2-4.5,gis,3.1641605774385058,15.304286131661094,11.014581308678258,12.834621628279677,18.040579820950395,20.04678917199972,2000
2211,SSP2-4.5,gis,3.1650276369915127,15.358023337522706,11.041064752721427,12.870164591123423,18.118155716564573,20.13327302152458,2000
2212,SSP2-4.5,gis,3.1658883447897526,15.410074707842236,11.070231133102913,12.908562769465743,18.195218084081535,20.219365012078708,2000
2213,SSP2-4.5,gis,3.1700085126416417,15.465631241562829,11.103223752396268,12.955576570939778,18.267477544511227,20.305067118457337,2000
2214,SSP2-4.5,gis,3.1715814064165224,15.517304141843319,11.136531523905145,12.994460076419557,18.3315746815561,20.39062566740151,2000
2215,SSP2-4.5,gis,3.1758876434925303,15.573121250667299,11.174142578952138,13.03131618472369,18.39154315247149,20.475253710237524,2000
2216,SSP2-4.5,gis,3.1754750512230503,15.621300944528775,11.212297907864103,13.068694570052369,18.45086479467749,20.556190500847524,2000
2217,SSP2-4.5,gis,3.1733815970591217,15.673271227913506,11.250189000143356,13.104033561575124,18.523099792349747,20.62397156319954,2000
2218,SSP2-4.5,gis,3.1677870663438332,15.728892107065953,11.287723491101472,13.140617702025562,18.58587216115897,20.690928283613562,2000
2219,SSP2-4.5,gis,3.1712192930261507,15.783655630906548,11.315421946043632,13.17680544975655,18.6458402230219,20.756321883499066,2000
2220,SSP2-4.5,gis,3.17264636797735,15.833738937734555,11.341594085485436,13.215075175227101,18.708530247863436,20.837124380726287,2000
2221,SSP2-4.5,gis,3.1670978217293957,15.883536195776578,11.367578431280503,13.254941961131516,18.779327990252234,20.91757476744042,2000
2222,SSP2-4.5,gis,3.171169304918796,15.934685895588805,11.393157737182827,13.293299742288902,18.84281388740147,21.002659210932684,2000
2223,SSP2-4.5,gis,3.172933659008734,15.986621323186492,11.42315202083053,13.327949067766426,18.91399262110973,21.08222061243081,2000
2224,SSP2-4.5,gis,3.1739733049855374,16.035458307050355,11.453607829925062,13.363432351498256,18.984202596837992,21.156767037801803,2000
2225,SSP2-4.5,gis,3.168875522725694,16.08843982843044,11.484160993032937,13.398078956508028,19.051828489775744,21.235948905957855,2000
2226,SSP2-4.5,gis,3.17081675186613,16.138069635835002,11.514427365846196,13.432693413567977,19.113298522652645,21.313887487996173,2000
2227,SSP2-4.5,gis,3.1780258172097824,16.187646485074453,11.542592331504038,13.466043291511959,19.182373721767135,21.38920888966212,2000
2228,SSP2-4.5,gis,3.1772140243572085,16.23879353767019,11.568731714387283,13.49943231597716,19.24622450690171,21.45851891643789,2000
2229,SSP2-4.5,gis,3.181551880096277,16.289594578499344,11.59363492616037,13.532849603500258,19.314531533430976,21.527272441866636,2000
2230,SSP2-4.5,gis,3.183617988312675,16.3392399398207,11.618446963452158,13.566165479190719,19.37757914846084,21.59548914506535,2000
2231,SSP2-4.5,gis,3.184446764138385,16.388988292785108,11.64308707840401,13.600153099320885,19.439553160106847,21.663233055809695,2000
2232,SSP2-4.5,gis,3.1790690492630462,16.434050037917505,11.667764301113069,13.63257131484974,19.503242071905998,21.730572605367318,2000
2233,SSP2-4.5,gis,3.1746744133430718,16.480987415189325,11.69548318755016,13.663547328350749,19.570007599255373,21.808993224261876,2000
2234,SSP2-4.5,gis,3.177244407856523,16.527339008600656,11.727954050240006,13.691760333607675,19.635433110433144,21.872614444884476,2000
2235,SSP2-4.5,gis,3.180736722372691,16.57585540318729,11.760341277821098,13.72682734717907,19.699195742830845,21.935956039975274,2000
2236,SSP2-4.5,gis,3.1817397706146076,16.619888209542843,11.787713446012845,13.760902370222574,19.76416034789028,21.99909600783886,2000
2237,SSP2-4.5,gis,3.1852857167340085,16.66637082254475,11.811665196286404,13.791248692337419,19.828607280924338,22.062462846027575,2000
2238,SSP2-4.5,gis,3.179729181992373,16.71305295444343,11.83611895588914,13.822294615161475,19.889441449745537,22.12760875281881,2000
2239,SSP2-4.5,gis,3.1932869042405927,16.75901727724021,11.864149118003587,13.854638878404325,19.949439403278085,22.192013601760316,2000
2240,SSP2-4.5,gis,3.1927277346117404,16.804012769450964,11.893166071480605,13.88722114134513,20.01560863453428,22.263074715183524,2000
2241,SSP2-4.5,gis,3.198152060459693,16.847770285727083,11.922836509943311,13.917113757800738,20.077890585612284,22.333676003068064,2000
2242,SSP2-4.5,gis,3.2000038549235175,16.89474993122276,11.952584709234804,13.947746427169319,20.133075892122978,22.4045241267245,2000
2243,SSP2-4.5,gis,3.193758508084568,16.942087853101576,11.98222111809566,13.979544177902588,20.188572837984985,22.478618129076466,2000
2244,SSP2-4.5,gis,3.1907706906614135,16.986696522400386,12.01132486552788,14.013514411149892,20.25015466928321,22.551812522221272,2000
2245,SSP2-4.5,gis,3.18553867945738,17.030668583672718,12.040075947959856,14.04784743859163,20.311823800347852,22.62436365725794,2000
2246,SSP2-4.5,gis,3.1858470041239944,17.074371254729996,12.068364643850574,14.082380159369826,20.36994139163613,22.697139785716658,2000
2247,SSP2-4.5,gis,3.18534109157407,17.11792056948254,12.094393838434074,14.11671408118281,20.42715866630721,22.76222880600519,2000
2248,SSP2-4.5,gis,3.1845140223988446,17.16091194314164,12.115356937362499,14.146892490338987,20.479724591575913,22.819696487238115,2000
2249,SSP2-4.5,gis,3.1908890209511696,17.204027557469722,12.138142448693085,14.172325916074056,20.52983149825539,22.888108188471218,2000
2250,SSP2-4.5,gis,3.199832843114245,17.248618090378553,12.162239541984627,14.199677858349883,20.58202987906907,22.95996323021302,2000
2251,SSP2-4.5,gis,3.1996955065916,17.29708744886134,12.182929659532487,14.231858224131932,20.637150314637967,23.040727374597235,2000
2252,SSP2-4.5,gis,3.2020095289427153,17.342961083365886,12.206476666515574,14.260526416595777,20.68682884203547,23.122003576850737,2000
2253,SSP2-4.5,gis,3.20163013849253,17.38848034611636,12.235760342170584,14.297994927085698,20.739293618021385,23.199626735864744,2000
2254,SSP2-4.5,gis,3.1907395309021767,17.433346039546393,12.260509003654661,14.330642068162975,20.79134780540448,23.27097581740667,2000
2255,SSP2-4.5,gis,3.192000901175227,17.476820018868352,12.277653501688997,14.358348479898893,20.845186215864928,23.340390556082237,2000
2256,SSP2-4.5,gis,3.1865292185118244,17.51672500488594,12.294715347284582,14.384360261824153,20.896822295719524,23.409406700872452,2000
2257,SSP2-4.5,gis,3.1828776193117942,17.556741850739712,12.311205071970631,14.415685830852356,20.946872410688613,23.47379111241778,2000
2258,SSP2-4.5,gis,3.180668153902372,17.597275862384414,12.3272722376136,14.443074890821574,21.003989999232658,23.535119455975135,2000
2259,SSP2-4.5,gis,3.1750641593921647,17.637409434722912,12.343032927676422,14.471023929103925,21.058924751586954,23.595891738496167,2000
2260,SSP2-4.5,gis,3.1714352473510563,17.675446387078388,12.361716722289735,14.500646562538817,21.113089318675378,23.65857305493674,2000
2261,SSP2-4.5,gis,3.1765136075586353,17.716925486168634,12.385420884507452,14.529843142023914,21.15686829301259,23.72505336852665,2000
2262,SSP2-4.5,gis,3.1693988022173585,17.75753995130333,12.409086471881361,14.55931599233642,21.20786896033235,23.79156984522004,2000
2263,SSP2-4.5,gis,3.172175227698431,17.79713836377941,12.43127589073887,14.582527258562907,21.26842122058859,23.85723262735701,2000
2264,SSP2-4.5,gis,3.1719253793980693,17.832967367824196,12.444292471586625,14.604221510308184,21.309818199982047,23.92386862773217,2000
2265,SSP2-4.5,gis,3.172016898032787,17.870004685078385,12.457172145110802,14.625954036473729,21.34719306886188,23.991119546382315,2000
2266,SSP2-4.5,gis,3.174630811843646,17.90791374764563,12.469940276737095,14.653201227588333,21.393036272309597,24.057626484010765,2000
2267,SSP2-4.5,gis,3.17154846233921,17.945771879310477,12.482770274841945,14.681523498409884,21.450842844415916,24.117032313050508,2000
2268,SSP2-4.5,gis,3.1681918060376018,17.983200264163536,12.502067606419535,14.70245056540243,21.498866218742588,24.181365635866992,2000
2269,SSP2-4.5,gis,3.1687787749210354,18.023631112779732,12.52413937845326,14.726666354504474,21.554594006306626,24.24513855151834,2000
2270,SSP2-4.5,gis,3.1666747597861713,18.06173104346611,12.546141977562586,14.745326949203255,21.606874535717427,24.308639449864735,2000
2271,SSP2-4.5,gis,3.1618652862592103,18.09755125680297,12.567933120051256,14.764989617621866,21.650615232097977,24.3716161992193,2000
2272,SSP2-4.5,gis,3.158245149386785,18.13369468722464,12.589535722086186,14.786739113369187,21.70527508667634,24.43384524062226,2000
2273,SSP2-4.5,gis,3.1624191376406428,18.168552732652117,12.610995171672293,14.810989162709438,21.755530351546312,24.495507607482516,2000
2274,SSP2-4.5,gis,3.1650339020215794,18.201066997993287,12.632705224565168,14.8354268694201,21.810308388032485,24.556829936732925,2000
2275,SSP2-4.5,gis,3.164808831597946,18.234943104779525,12.654467832402712,14.85987011789792,21.848682898246484,24.597999433191518,2000
2276,SSP2-4.5,gis,3.1631732377341475,18.271156704771645,12.676129329355977,14.88467413854334,21.898413924408406,24.635572192832186,2000
2277,SSP2-4.5,gis,3.16326371499335,18.307437699017676,12.697615641527626,14.910172172650086,21.942998402840924,24.696064069403032,2000
2278,SSP2-4.5,gis,3.158153851858291,18.34026787778691,12.719021608959629,14.937929731368701,21.989130407551915,24.763617646592113,2000
2279,SSP2-4.5,gis,3.1568005376621895,18.371298810095702,12.740071117602417,14.963400571856853,22.03933039012999,24.830612750067317,2000
2280,SSP2-4.5,gis,3.1546490540569203,18.404659742062492,12.760970786760664,14.983912736182884,22.09041276447963,24.89727896534782,2000
2281,SSP2-4.5,gis,3.1499100211949282,18.4374988981829,12.781298559046457,15.005239391740144,22.13956243990741,24.96357005173881,2000
2282,SSP2-4.5,gis,3.15024875869216,18.46996858621554,12.801804960799215,15.026866554176978,22.186532274491565,25.029332504108726,2000
2283,SSP2-4.5,gis,3.147096772786418,18.50227395541036,12.821789738503886,15.042437819715541,22.23323131521979,25.094874565968535,2000
2284,SSP2-4.5,gis,3.15009976890474,18.534210026740453,12.841538418361997,15.060021532413778,22.273389431942547,25.15373627585848,2000
2285,SSP2-4.5,gis,3.1574800012205135,18.56614418363015,12.856786575204447,15.07799105202463,22.32126052372015,25.206961302227697,2000
2286,SSP2-4.5,gis,3.1615346488483613,18.59867837688183,12.871976816795105,15.097065195641218,22.36522151002591,25.258756410917133,2000
2287,SSP2-4.5,gis,3.1584887497342646,18.631744505131024,12.895612759641683,15.116835110530886,22.40659026654888,25.310587213303226,2000
2288,SSP2-4.5,gis,3.1549037379602294,18.65970869394789,12.919193763727117,15.136280346189732,22.446983098830874,25.361818865263743,2000
2289,SSP2-4.5,gis,3.1524019371801986,18.688697735017584,12.942182876597766,15.155371773192693,22.485403751806626,25.412283296084684,2000
2290,SSP2-4.5,gis,3.156487227064726,18.71303988247869,12.961737857616495,15.18120926713548,22.53182383276219,25.462127718617385,2000
2291,SSP2-4.5,gis,3.15519245429319,18.746748439273507,12.981441503932851,15.200918118212213,22.572676249868763,25.51202232359102,2000
2292,SSP2-4.5,gis,3.1551475597409175,18.77555300101899,13.001007432923936,15.220809775668155,22.61050529350549,25.561525342648945,2000
2293,SSP2-4.5,gis,3.150208223817075,18.802823813030695,13.020503258880586,15.239740627826691,22.648855386430277,25.61074215523909,2000
2294,SSP2-4.5,gis,3.149115689075586,18.82949677728937,13.039673118872251,15.265021102103486,22.691260694016783,25.661377571202227,2000
2295,SSP2-4.5,gis,3.154665790063345,18.85726664215467,13.058878763009163,15.284926159078857,22.73650791306416,25.71660422636719,2000
2296,SSP2-4.5,gis,3.1544817174597855,18.889663384314883,13.076752385750696,15.309033941351888,22.78563153388777,25.769908887398664,2000
2297,SSP2-4.5,gis,3.1665308688589184,18.918425116050305,13.088958755992657,15.333129846195586,22.828312037132292,25.81930267779194,2000
2298,SSP2-4.5,gis,3.1640192072810542,18.950497104856062,13.101853378007416,15.357592250558332,22.867853244179713,25.870556635642615,2000
2299,SSP2-4.5,gis,3.170827332337375,18.98214129950589,13.114491745047568,15.381977303324708,22.906979543182164,25.920824937268545,2000
2300,SSP2-4.5,gis,3.176290724870756,19.01164783569898,13.12747451506155,15.402197954059828,22.94975249380062,25.974673998477417,2000
1990,SSP2-4.5,ais,0.5557397132233756,-0.3447381083774663,-0.3968348473657418,-0.373556960152344,-0.3146862555112063,-0.2928109168407901,2000
1991,SSP2-4.5,ais,0.5885637306361448,-0.32957008418692757,-0.3776793043703532,-0.3573788138525487,-0.30057990165389403,-0.2806212285613172,2000
1992,SSP2-4.5,ais,0.5090689778394178,-0.3129430922031665,-0.3584724105013303,-0.3395029920058728,-0.28481990024131154,-0.2661177076892817,2000
1993,SSP2-4.5,ais,0.3084522979487564,-0.29714080237081175,-0.3435336987340682,-0.32531040112532117,-0.26906584742942297,-0.2511534640335365,2000
1994,SSP2-4.5,ais,0.332676813580452,-0.28752146401101064,-0.33416745758731947,-0.3154721562602323,-0.2602848145685177,-0.24276501639895542,2000
1995,SSP2-4.5,ais,0.4547856293863089,-0.27503490784582607,-0.3206655412743368,-0.30361378179534015,-0.24799616224012733,-0.23010071411830293,2000
1996,SSP2-4.5,ais,0.5463394857269461,-0.2596341395149303,-0.30848108107278926,-0.2895761641157952,-0.23211299065635244,-0.2142367759197728,2000
1997,SSP2-4.5,ais,0.600043540445978,-0.2430459099510327,-0.296729749724127,-0.27679098054682555,-0.21450715718482521,-0.1959447244844031,2000
1998,SSP2-4.5,ais,0.6466075693928761,-0.2242681654841172,-0.2738677908130483,-0.25544835716921094,-0.1944044975412948,-0.17707088795141013,2000
1999,SSP2-4.5,ais,0.686007840655961,-0.1958625353705885,-0.23656702420205528,-0.2220492108180373,-0.16975626844399608,-0.15465997233931378,2000
2000,SSP2-4.5,ais,0.7295563669080296,-0.1650878035233606,-0.19872506392256112,-0.18578123908370145,-0.1444214703656753,-0.1314860216800658,2000
2001,SSP2-4.5,ais,0.7655239205849365,-0.13349369459839944,-0.16026531289532264,-0.14960087752909318,-0.11753022976839679,-0.10697188733829742,2000
2002,SSP2-4.5,ais,0.7999498588212678,-0.09822793757743442,-0.11912323560142157,-0.11044204238026453,-0.08667280983045889,-0.0786515483146482,2000
2003,SSP2-4.5,ais,0.8301407393993533,-0.062359739543491166,-0.07762022694407464,-0.07109006254133156,-0.05497739341319494,-0.04972766209884355,2000
2004,SSP2-4.5,ais,0.8359312010698448,-0.026716967597807673,-0.0372605946009547,-0.031709297540967685,-0.022551910649687243,-0.019794583596946948,2000
2005,SSP2-4.5,ais,0.843916603443868,0.006544570296383778,-0.0021815750670447277,0.002705718179230632,0.010398036193745295,0.01327535941426321,2000
2006,SSP2-4.5,ais,0.8516506513236204,0.042430998230238215,0.031587612300841526,0.03548244528990577,0.04954789061054558,0.05343126093826518,2000
2007,SSP2-4.5,ais,0.8597675192449368,0.07806918057064205,0.06143979275085758,0.06779985169551224,0.08865280593725727,0.09404188642760347,2000
2008,SSP2-4.5,ais,0.8671015531069908,0.11300535754539243,0.0903826400829581,0.0991911673745463,0.1272453827294439,0.13515150559968386,2000
2009,SSP2-4.5,ais,0.8915919796329949,0.1487673132169444,0.12012628684457656,0.13146956867716017,0.16663673502600984,0.1769830959124852,2000
2010,SSP2-4.5,ais,0.91224213325433,0.18553270995600996,0.1502455376606612,0.16448793317442362,0.20657880395408507,0.21912724610057902,2000
2011,SSP2-4.5,ais,0.9463726707864436,0.22230454073470007,0.1813998340920674,0.19774562851691252,0.24679976082806437,0.26215323059175366,2000
2012,SSP2-4.5,ais,0.9634454159642772,0.25870606857101563,0.21179513363410016,0.23072438958079505,0.2866391257938874,0.30489470250814354,2000
2013,SSP2-4.5,ais,1.0010392042679888,0.2987165406375849,0.24619428566087576,0.2677807483770154,0.33003713892384867,0.3507133488903202,2000
2014,SSP2-4.5,ais,1.034758969518629,0.33721547794107865,0.27822193496564374,0.3032278245444181,0.3718571184155307,0.3949684007521738,2000
2015,SSP2-4.5,ais,1.0655474016558886,0.3761348774793728,0.3111108064225943,0.3382053035453101,0.41365177008945947,0.43837357596647303,2000
2016,SSP2-4.5,ais,1.0982433117141364,0.4188121589222402,0.34820770868728673,0.3775465944167513,0.45921763636694024,0.4864094887910763,2000
2017,SSP2-4.5,ais,1.1215083354395925,0.4601335508705916,0.38294065861483023,0.4154033432356955,0.5036945304669411,0.5334964253425448,2000
2018,SSP2-4.5,ais,1.1514531927883527,0.5009312810886161,0.41734081332674494,0.45266439151503896,0.5467946610557066,0.5798838459663124,2000
2019,SSP2-4.5,ais,1.172690213058829,0.5425702789617755,0.45265820390938866,0.49055622882488503,0.5908834140474,0.6274129500316878,2000
2020,SSP2-4.5,ais,1.183004264307409,0.5854324240007457,0.4882628313080682,0.5297297942719442,0.6366829374807542,0.6765902003665984,2000
2021,SSP2-4.5,ais,1.2100067371777328,0.6259275408111562,0.5225513215991215,0.5666478508440582,0.6815878986177479,0.7245500918573072,2000
2022,SSP2-4.5,ais,1.2401553910866456,0.6689725332546783,0.5591094038174836,0.6056168857895569,0.7291927759537821,0.7755746991821093,2000
2023,SSP2-4.5,ais,1.2795255652495054,0.7120261130293004,0.5940857377288615,0.6455129836248876,0.7767601956953729,0.8263608390282201,2000
2024,SSP2-4.5,ais,1.3120856196879593,0.75645264646078,0.6287842121292186,0.6855890244560389,0.8259270646266981,0.8799584266558806,2000
2025,SSP2-4.5,ais,1.3418920592536896,0.8033584867738226,0.6655596082195917,0.727978087227538,0.8774615091006434,0.9335560651733278,2000
2026,SSP2-4.5,ais,1.3677890858907344,0.8498577059560001,0.7047247960737971,0.7692510749380135,0.9296574456628979,0.9884578901275929,2000
2027,SSP2-4.5,ais,1.3864760205740927,0.8968362227811844,0.7426665783398217,0.811540839557016,0.9803988088663798,1.043148983444504,2000
2028,SSP2-4.5,ais,1.3979689025093112,0.9444053507062049,0.7811944579751084,0.8541684788812612,1.0322999194015998,1.1013907397070501,2000
2029,SSP2-4.5,ais,1.408837738356086,0.9914223695387613,0.8191073890006834,0.8941226933574866,1.0848926438874382,1.1583508763827919,2000
2030,SSP2-4.5,ais,1.4255063585080254,1.0382117979284353,0.8550942240794495,0.9369023949645304,1.138776166866018,1.21828875995717,2000
2031,SSP2-4.5,ais,1.4370992723377307,1.0865265801908022,0.8907587397867051,0.9780371646201963,1.193727450362209,1.2763153504610305,2000
2032,SSP2-4.5,ais,1.4616617718592628,1.1350078761736753,0.9262977020536161,1.0201484722767151,1.2491450394788253,1.3349536073469788,2000
2033,SSP2-4.5,ais,1.4778573883674204,1.183730952931215,0.9631960338409106,1.0614679595014807,1.3054279430772955,1.396846128403427,2000
2034,SSP2-4.5,ais,1.5019259013859052,1.2339443625331994,1.0015249159112245,1.1031612299333435,1.3636306061254755,1.4586974579775653,2000
2035,SSP2-4.5,ais,1.5283526230299938,1.2835947967895462,1.0385895249177204,1.1452656179092324,1.4210802180165818,1.5250746582335035,2000
2036,SSP2-4.5,ais,1.5613546071573317,1.3337519298547336,1.077633762735957,1.187854967409067,1.4802213281154046,1.5917301862121294,2000
2037,SSP2-4.5,ais,1.587060677962975,1.386434188568387,1.1159240958722862,1.2311190324600336,1.5408831153038887,1.6614068378560753,2000
2038,SSP2-4.5,ais,1.6067201941456666,1.4385853108409674,1.153820685730338,1.2757494405949084,1.6009394139177824,1.7298435650144512,2000
2039,SSP2-4.5,ais,1.6374169818992061,1.4915674409320205,1.1910493211849549,1.3181721313694135,1.6635396433210912,1.8015231781749186,2000
2040,SSP2-4.5,ais,1.6573993350465797,1.5463961639854782,1.2276173690406256,1.3622961983834405,1.7296186846806325,1.8737345411677278,2000
2041,SSP2-4.5,ais,1.6664751162991946,1.600840201277245,1.2658314440239535,1.4066808634202663,1.7947229981711479,1.9462594832353264,2000
2042,SSP2-4.5,ais,1.6945524916845651,1.6572561279115257,1.3048752068305352,1.4507042872135747,1.859798342141027,2.018995587117393,2000
2043,SSP2-4.5,ais,1.7136466981948066,1.712334560451695,1.345541128702808,1.5002530514681052,1.9264608957032683,2.0946088265547123,2000
2044,SSP2-4.5,ais,1.7343382432222323,1.7668431513805516,1.3872188418789393,1.544959698366243,1.9935613593620365,2.172835356330551,2000
2045,SSP2-4.5,ais,1.7642365070714197,1.8233617825013866,1.4290042644624057,1.5898680544788857,2.066046073328442,2.264074495718642,2000
2046,SSP2-4.5,ais,1.791471712208186,1.8814612951461822,1.467058791409436,1.6344466757346527,2.140972816586175,2.3500085388617897,2000
2047,SSP2-4.5,ais,1.8223477276736575,1.9385319502818705,1.5021140631000243,1.6845280232049373,2.2176994355088815,2.448392813197155,2000
2048,SSP2-4.5,ais,1.8453603425113239,2.0001098658316936,1.543083690896047,1.732440356720622,2.293077345372113,2.563900198900115,2000
2049,SSP2-4.5,ais,1.8766319513360963,2.063268025861098,1.5829022643243036,1.7802695094150633,2.3722546594787963,2.6881680342557392,2000
2050,SSP2-4.5,ais,1.9012996219999792,2.126285731132233,1.621135956201799,1.8321376915791743,2.45446720995695,2.8366657704541365,2000
2051,SSP2-4.5,ais,1.9185206739017857,2.1937830648159204,1.66197003081779,1.8836233439596066,2.5370007845383333,3.0572631875857788,2000
2052,SSP2-4.5,ais,1.9397378533344576,2.258112266495658,1.703166698498071,1.9356096562323546,2.6301748178032254,3.6382968417213815,2000
2053,SSP2-4.5,ais,1.9553531657233012,2.3231816017837303,1.7467521329474136,1.986895441310556,2.727712892830242,4.4282226381808485,2000
2054,SSP2-4.5,ais,1.976175040081812,2.389087300614265,1.7867305895300265,2.036376508498967,2.82664730380332,5.041798033753427,2000
2055,SSP2-4.5,ais,1.9918993071909756,2.4568627738876123,1.8260185644588263,2.086815261186613,2.920997025630107,5.82393955807038,2000
2056,SSP2-4.5,ais,2.018534525307487,2.5227961554060023,1.8700199135315734,2.139952891041711,3.0190017445818733,6.529781220935022,2000
2057,SSP2-4.5,ais,2.045565112311136,2.5912768579799543,1.912254794691213,2.194264547052672,3.116812235455856,7.2897946469110515,2000
2058,SSP2-4.5,ais,2.0744582727819525,2.6616091897799454,1.9524803629492036,2.2458935469426784,3.228427271130063,8.182839834533722,2000
2059,SSP2-4.5,ais,2.0986882912029854,2.7368989333210836,1.9991403222616078,2.3014877906059374,3.3465700642711016,8.988646527251529,2000
2060,SSP2-4.5,ais,2.121309551223493,2.8126265222541957,2.0426459711664435,2.355713796801614,3.4794217341184774,9.729214947489355,2000
2061,SSP2-4.5,ais,2.139430662267365,2.8927903648780093,2.0939757085061435,2.4168566205284887,3.6077006690192492,10.697581684767027,2000
2062,SSP2-4.5,ais,2.1635962247428213,2.9677605167289904,2.141189401576715,2.4702439726954055,3.75680466084965,11.514335537288293,2000
2063,SSP2-4.5,ais,2.1759027519883563,3.0472303263481795,2.17884177444738,2.528197098972083,3.932222694209768,12.32946192559796,2000
2064,SSP2-4.5,ais,2.1981576617583647,3.1371310612505763,2.2220597680392458,2.584251155894253,4.176572890945408,13.14695598566396,2000
2065,SSP2-4.5,ais,2.2112788524875375,3.2225825923776625,2.2682213829068965,2.644069289591991,4.507730911112103,13.960676840870466,2000
2066,SSP2-4.5,ais,2.223814172910278,3.302701856171833,2.311193778005956,2.7041671196635777,5.116780044487688,14.777111483413837,2000
2067,SSP2-4.5,ais,2.2450214919980853,3.3844005392792624,2.3513506417515306,2.7602071830270547,5.972124126794074,15.6180336465778,2000
2068,SSP2-4.5,ais,2.260248066034934,3.4694213259681814,2.3971161426361793,2.819510330992908,6.821847050056782,16.415332594166824,2000
2069,SSP2-4.5,ais,2.277302149343303,3.5601187302257835,2.447948658158794,2.8787105018229617,7.6033792308296135,17.233353954715312,2000
2070,SSP2-4.5,ais,2.30378820441938,3.648890604217427,2.489756965392732,2.9365146854904434,8.43581323497051,18.05679228109613,2000
2071,SSP2-4.5,ais,2.326830641245917,3.7533313036954956,2.5407717074889704,3.0017693949373325,9.17692139981257,18.87120343994393,2000
2072,SSP2-4.5,ais,2.3540988723831293,3.8602254984274067,2.590502752318705,3.064573774992647,10.013839969498019,19.843581296122817,2000
2073,SSP2-4.5,ais,2.3650590808922263,3.976684503036573,2.6354565688095923,3.1300190676613524,10.693764588008667,20.808868559177764,2000
2074,SSP2-4.5,ais,2.387183250691529,4.085492548749029,2.6810535685574783,3.196638879281068,11.531922857571024,21.63795908916224,2000
2075,SSP2-4.5,ais,2.410546743432703,4.186630834783635,2.730001550871755,3.2575891750426744,12.36252412583131,22.44494669914889,2000
2076,SSP2-4.5,ais,2.418819423927599,4.299071682648416,2.774033656805166,3.3304586945456163,13.165664161931392,23.52385568523009,2000
2077,SSP2-4.5,ais,2.430630918608847,4.4096012691693325,2.8150289735494542,3.3915602871869526,13.902176981041546,24.684085948592607,2000
2078,SSP2-4.5,ais,2.4430852212607705,4.504864050822221,2.862674391944547,3.4527638188122207,14.769066598670875,25.7305540768799,2000
2079,SSP2-4.5,ais,2.4581859544496756,4.60220003142674,2.9111827186434955,3.516642983038169,15.562211382160802,26.85689445580166,2000
2080,SSP2-4.5,ais,2.4717666328743406,4.709756162233103,2.95974786340191,3.5822367658494736,16.410936582189017,27.98915062127438,2000
2081,SSP2-4.5,ais,2.496329323714633,4.813243784136107,3.0066626775246523,3.6546864758016926,17.242763467280266,28.974549180124324,2000
2082,SSP2-4.5,ais,2.517094000189755,4.990227343254983,3.0715073048274757,3.7337942112157947,18.150972411795408,29.86669521158767,2000
2083,SSP2-4.5,ais,2.5428749218122637,5.136594815852311,3.1164974529483964,3.8043900002561992,18.98712890448686,30.959763651843637,2000
2084,SSP2-4.5,ais,2.5592701453204163,5.278514236531736,3.1715748575189964,3.870396156946226,19.896316370747726,31.91389604877183,2000
2085,SSP2-4.5,ais,2.5669566940894564,5.440215740686334,3.222968667529227,3.9426494674989483,20.93975203414402,32.87360983609889,2000
2086,SSP2-4.5,ais,2.577506195910472,5.574584088415277,3.2669150111120144,4.019477519160154,21.820189293385372,33.843898736349,2000
2087,SSP2-4.5,ais,2.585264872543303,5.695417833286411,3.3102855387090466,4.093176525477041,22.699151314412827,34.77496838227866,2000
2088,SSP2-4.5,ais,2.588591115389118,5.843365577911947,3.3575292055928556,4.159777909131652,23.53351502110223,35.840589015029586,2000
2089,SSP2-4.5,ais,2.595504370864205,5.979405982168067,3.408930804917475,4.225721870054697,24.470261535020732,36.86746676178752,2000
2090,SSP2-4.5,ais,2.609511482957791,6.120302266054595,3.4537703873494325,4.30041844920468,25.417643045895876,37.81459622795725,2000
2091,SSP2-4.5,ais,2.6173312438445695,6.261156149048771,3.507941379258253,4.371579226478555,26.1905728813674,39.14192054160342,2000
2092,SSP2-4.5,ais,2.6378716116464065,6.39147246429974,3.5580859688730717,4.437563941695286,27.12114453022779,40.045778804250155,2000
2093,SSP2-4.5,ais,2.6523174983606377,6.558431541358665,3.6189574458554543,4.507220413912768,28.117114762925183,41.17274030391004,2000
2094,SSP2-4.5,ais,2.6651921272003016,6.736355604358172,3.6660309528037827,4.596389312672351,28.947825670256393,42.29629817129968,2000
2095,SSP2-4.5,ais,2.678543258788642,6.9178791277111245,3.7131576411394254,4.717338772110555,29.917557514027443,43.40963385563909,2000
2096,SSP2-4.5,ais,2.694782035302737,7.17965417355561,3.7683071334160543,4.808767857826341,30.78559955841029,44.53350057038046,2000
2097,SSP2-4.5,ais,2.6972775183419606,7.39724390707605,3.8414078847068813,4.892158816072896,31.61868342452048,45.67887017600982,2000
2098,SSP2-4.5,ais,2.6943852970896827,7.6826061246405315,3.9077677979860144,4.971470358162054,32.48066567583086,46.77844559108587,2000
2099,SSP2-4.5,ais,2.700493500184702,7.883589037630701,3.9601173633561233,5.039204812610266,33.23822568353277,47.9121781940174,2000
2100,SSP2-4.5,ais,2.704152266699876,8.054400962811858,4.006738903437461,5.1129999067976595,34.048672098543975,49.119666754711716,2000
2101,SSP2-4.5,ais,2.7173042385897594,8.226466362081897,4.053382895460389,5.18711580576897,35.114727158959184,50.14122098843238,2000
2102,SSP2-4.5,ais,2.727228115930526,8.514312258467982,4.101578879437584,5.275600886140154,36.10362890106982,51.323727025442764,2000
2103,SSP2-4.5,ais,2.739039524138542,8.769904937083489,4.154072641728998,5.3639893399392635,37.08224776188707,52.5349767125431,2000
2104,SSP2-4.5,ais,2.74654226826949,9.080047241990696,4.236844652941634,5.439925835036966,37.83130953656198,53.65632561594884,2000
2105,SSP2-4.5,ais,2.7579185077277986,9.526143805727468,4.301118964754045,5.511222878052131,38.87092140349095,54.75564455191692,2000
2106,SSP2-4.5,ais,2.7608870553911404,10.02135703070301,4.355598864345305,5.598045304425082,39.80801934193488,55.88183333751388,2000
2107,SSP2-4.5,ais,2.7656185489965,10.488944634170306,4.40448783438908,5.672986697199436,40.569334627898485,56.98520200597761,2000
2108,SSP2-4.5,ais,2.7735554224412,11.349096652226622,4.4559898139419785,5.758298717189352,41.668301792612596,58.231311203722655,2000
2109,SSP2-4.5,ais,2.77512769977057,12.32506012373114,4.507537057680739,5.844558065829009,42.711592783211245,59.708776515894556,2000
2110,SSP2-4.5,ais,2.780207036266814,13.240605114580774,4.5748286313334665,5.918808133055915,43.56132870457474,60.808401094313034,2000
2111,SSP2-4.5,ais,2.7765912407960753,14.36472981600378,4.625068396346457,5.993638903241228,44.651328217491915,62.006481916707116,2000
2112,SSP2-4.5,ais,2.7853506426444268,15.322676376009365,4.675269078858836,6.065261239126555,45.60086167350505,63.07606888908824,2000
2113,SSP2-4.5,ais,2.792846135981751,16.292877591376133,4.725535061824679,6.1518775085526585,46.52712717088765,64.15564057743653,2000
2114,SSP2-4.5,ais,2.795639723841476,17.110420365522387,4.797189813685335,6.2315262284101856,47.38233396075729,65.74708655148986,2000
2115,SSP2-4.5,ais,2.8136952482146236,17.983963296094338,4.856354391874043,6.307877476056068,48.42042867298985,67.0864327468165,2000
2116,SSP2-4.5,ais,2.815784639695381,18.736394258133696,4.925100360525285,6.393892452776027,49.45912753690206,68.08687571634417,2000
2117,SSP2-4.5,ais,2.832026219157308,19.48838611627074,4.990869953092424,6.472887802510075,50.31709982308306,69.37096158514802,2000
2118,SSP2-4.5,ais,2.8316721579939634,20.188322599764756,5.0633081945848835,6.588254212956608,51.592000024853384,70.50804809771037,2000
2119,SSP2-4.5,ais,2.82849943463284,21.005467361734887,5.115666990074838,6.678656144253212,52.63044697723385,71.85894032687051,2000
2120,SSP2-4.5,ais,2.8288471477715067,21.720707557940862,5.168315941691915,6.747585344505283,53.608743951294294,73.03013819356295,2000
2121,SSP2-4.5,ais,2.832965516336239,22.757874835725442,5.225673953011649,6.822081120774107,54.624541588551374,74.14903859555456,2000
2122,SSP2-4.5,ais,2.83605623110695,23.469927798738304,5.2781669646924145,6.903022077175174,55.46281732066209,75.3595077995055,2000
2123,SSP2-4.5,ais,2.8398534821480577,24.210493845351717,5.342452091656921,6.978020556094223,56.6424840033982,76.41637162749771,2000
2124,SSP2-4.5,ais,2.853088212421998,25.022509204767985,5.414576443864373,7.055119120556869,57.62490727477356,77.51270944700696,2000
2125,SSP2-4.5,ais,2.8666117703944045,26.001720729531034,5.520368602625565,7.1379252925459955,58.57551114059039,78.62343644472817,2000
2126,SSP2-4.5,ais,2.87780830479432,26.92595748123199,5.608707372225693,7.274247553977091,59.51906809072037,79.78712219507183,2000
2127,SSP2-4.5,ais,2.8785542184523245,27.451970564126995,5.67872942270696,7.357399124600136,60.381086028472524,80.97728979064375,2000
2128,SSP2-4.5,ais,2.8834554184912604,28.22896859688798,5.738424911541998,7.464461749325239,61.58825595704549,82.20151339376062,2000
2129,SSP2-4.5,ais,2.8872455218264204,29.201438657654528,5.794394006050566,7.582595193617078,62.69891716255467,83.70836716494664,2000
2130,SSP2-4.5,ais,2.8935169700382746,30.11084790027821,5.851147623632782,7.659145763489905,63.64397507705198,84.75023262703299,2000
2131,SSP2-4.5,ais,2.888070332152276,30.865351632427476,5.907173898534863,7.753909049786771,64.57901510997091,85.78738003728756,2000
2132,SSP2-4.5,ais,2.8949389869596502,31.572798560208618,5.961664233642131,7.848223812519484,65.54853865530346,86.83586651956082,2000
2133,SSP2-4.5,ais,2.896333372925594,32.3374516868366,6.038261204913948,7.929112663204375,66.5398391942159,88.25060408497997,2000
2134,SSP2-4.5,ais,2.9044273117271864,33.024252182977364,6.0925751100972,8.020471773750476,67.59106108660926,89.43045941900974,2000
2135,SSP2-4.5,ais,2.9113093095115943,33.68596511659246,6.147260059234514,8.106113387395109,68.68714422815277,90.35876755044488,2000
2136,SSP2-4.5,ais,2.9233238739641325,34.371899017270124,6.202099082693361,8.198276653034084,69.8852584479677,91.85015122702035,2000
2137,SSP2-4.5,ais,2.929481078674987,34.88962636711098,6.263148384643063,8.308216803018544,70.804717339684,92.97836752192765,2000
2138,SSP2-4.5,ais,2.938177515841967,35.74542725026144,6.319150388373496,8.426576422464782,71.91393589836014,94.09960478514142,2000
2139,SSP2-4.5,ais,2.936460298693736,36.45160959890808,6.384469248575161,8.574688510699074,73.04916555297353,95.56622063109266,2000
2140,SSP2-4.5,ais,2.9373491998733727,37.376128270469366,6.439107628059484,8.659808594400282,74.13255337680292,96.7951856820361,2000
2141,SSP2-4.5,ais,2.9372942472218804,38.21349882003027,6.493749548459571,8.749800438922112,75.13408414271339,98.00508221361622,2000
2142,SSP2-4.5,ais,2.933659008204557,39.120698154469956,6.5483557829598515,8.85149999785348,76.09338332225721,99.25623863667097,2000
2143,SSP2-4.5,ais,2.936899320900144,39.89573774264923,6.6027353403334486,8.932522534324132,77.03377000039895,100.60261342243747,2000
2144,SSP2-4.5,ais,2.9414334966798807,40.661973224388234,6.655848462908072,9.014041874905546,77.98693743677748,101.74853733683508,2000
2145,SSP2-4.5,ais,2.949892369215796,41.24145364978523,6.7121684771019305,9.098059116567327,79.06293693671853,103.22601475863922,2000
2146,SSP2-4.5,ais,2.9573481789627047,42.01223266949209,6.811329023821245,9.188579197535898,80.403851826374,104.51703686300858,2000
2147,SSP2-4.5,ais,2.95878394970165,42.59748172197402,6.863969953113967,9.305321018169856,81.34798568704403,105.96275561679597,2000
2148,SSP2-4.5,ais,2.9657825828750624,43.585433382848564,6.9319559433502675,9.415802677305956,82.2635890588138,107.1722807446374,2000
2149,SSP2-4.5,ais,2.9683836306820024,44.567425479625186,6.991258375932251,9.52868188098282,83.35343849871416,108.4968890573454,2000
2150,SSP2-4.5,ais,2.9722953128435785,45.58443322291616,7.047909029250153,9.630190312319083,84.42854899450803,109.75688533356053,2000
2151,SSP2-4.5,ais,2.970185458195693,46.10525724510654,7.1045988313163635,9.738305410260732,85.36080511213075,110.94447355044147,2000
2152,SSP2-4.5,ais,2.9785879892536715,46.762630485094135,7.161239847414156,9.824134440295445,86.18630189248466,112.12357946211141,2000
2153,SSP2-4.5,ais,2.980893502873745,47.406110734372646,7.218788585481265,9.909999327379623,87.08602802652172,113.30322352030397,2000
2154,SSP2-4.5,ais,2.9901192826861647,48.01795644297778,7.274877709429119,9.99641315745988,88.13663472606581,114.48272565525602,2000
2155,SSP2-4.5,ais,2.99026878499542,48.69301796872864,7.3316297701621345,10.116778688681318,89.15713060368861,115.62904038840038,2000
2156,SSP2-4.5,ais,2.9946883789184047,49.47077148435369,7.407566711876883,10.218994574155369,90.23565895638632,116.8353045988566,2000
2157,SSP2-4.5,ais,3.001737670207785,50.09751330701978,7.5158866312917585,10.340100459121873,91.28919294156427,118.055197736971,2000
2158,SSP2-4.5,ais,3.0127330710443068,50.91468902890962,7.589035269596469,10.441777797123718,92.28249334638463,119.23769305482988,2000
2159,SSP2-4.5,ais,3.0197078361950673,51.791832561065384,7.658209841588617,10.572356021116377,93.34534500795843,120.4197475745471,2000
2160,SSP2-4.5,ais,3.031471706062024,52.61222959867089,7.742550142960889,10.707380226848976,94.37960934596205,121.61668098391652,2000
2161,SSP2-4.5,ais,3.0396118939419163,53.394435132629084,7.822510629730628,10.847183588654698,95.27735847054808,122.81375019525751,2000
2162,SSP2-4.5,ais,3.0432099809958504,54.22779838146892,7.87783180654164,10.994494228220152,96.39983282073715,124.10619328573208,2000
2163,SSP2-4.5,ais,3.052148594090893,54.95201505765601,7.933129175574393,11.15596358953154,97.43390644170634,125.24895176724333,2000
2164,SSP2-4.5,ais,3.047931323994419,55.71860468256804,7.988494529465747,11.257846973876482,98.4046993539412,126.45958668836572,2000
2165,SSP2-4.5,ais,3.040278637942832,56.55701823868872,8.092368780645545,11.366651143903217,99.35958153430518,127.66161812190002,2000
2166,SSP2-4.5,ais,3.0403581762624485,57.58665854060051,8.156107504485043,11.485567259782353,100.41460625302551,129.00992010972945,2000
2167,SSP2-4.5,ais,3.047734489320791,58.52602649375361,8.219815827310516,11.583576256854911,101.40737284905843,130.3847186276284,2000
2168,SSP2-4.5,ais,3.04823361780483,59.17894592851624,8.283692053429398,11.67269388633407,102.4657121998603,131.75958168571205,2000
2169,SSP2-4.5,ais,3.059626323523603,59.89194120675765,8.355158762773417,11.761830200008477,103.40263924082872,133.13401183953525,2000
2170,SSP2-4.5,ais,3.0749834147468715,60.74241918783399,8.413646724982176,11.856884163697877,104.61107264843133,134.50887374058618,2000
2171,SSP2-4.5,ais,3.0782689443636935,61.6559338077224,8.477855803071677,12.028754375842386,105.71950888282446,135.88949944920142,2000
2172,SSP2-4.5,ais,3.0873281661738003,62.718617465710096,8.542537664955088,12.148124822037227,107.06928039945934,137.2892966367652,2000
2173,SSP2-4.5,ais,3.0938969517300907,63.59868169740296,8.62128527233457,12.256951443377343,108.28923183496384,138.66053798669435,2000
2174,SSP2-4.5,ais,3.1007103537667313,64.32312226472504,8.696140349788013,12.508835183769252,109.25649655969117,139.87227427239807,2000
2175,SSP2-4.5,ais,3.0978465304561387,65.20073293041406,8.762932565315282,12.652388784909373,110.26852752502242,141.00502284577888,2000
2176,SSP2-4.5,ais,3.094410493880068,65.91928408872884,8.823089623650034,12.810576612734483,111.32236080553615,142.13714539449614,2000
2177,SSP2-4.5,ais,3.091738765948979,66.79566796686174,8.883389446702278,12.920372365245463,112.26191467959245,143.54709634158522,2000
2178,SSP2-4.5,ais,3.0952604882892283,67.50261189547736,8.943848295837853,13.036621839633659,113.36285209435414,145.01196535777572,2000
2179,SSP2-4.5,ais,3.1030909239411257,68.33422659673835,9.004003029364615,13.136999333106152,114.43975805369604,146.47650115340576,2000
2180,SSP2-4.5,ais,3.1101717264557798,69.32105662240312,9.064854238330666,13.23767068443208,115.55057318559517,147.94086400112678,2000
2181,SSP2-4.5,ais,3.1143445463763832,69.96981504985465,9.125284671646503,13.33863680277107,116.60214309158142,149.40505207330577,2000
2182,SSP2-4.5,ais,3.1186772358959494,70.70898027035408,9.200915496111758,13.540599655265332,117.72025894432608,150.86748813175558,2000
2183,SSP2-4.5,ais,3.128721606416778,71.45195551895384,9.262853833961335,13.67744794290904,118.78924616960288,152.2213157893456,2000
2184,SSP2-4.5,ais,3.127434272479736,72.26896082531636,9.335716451989345,13.790834940889884,119.87208217111437,153.6853069190869,2000
2185,SSP2-4.5,ais,3.1249031291434646,72.90740795544502,9.396458743939595,13.887288899277062,120.93488395194998,154.99490580785925,2000
2186,SSP2-4.5,ais,3.1271550786117377,73.63759124325313,9.460739784423387,14.01721257842039,121.88198265385446,156.21134443424765,2000
2187,SSP2-4.5,ais,3.124855846178914,74.49352821708268,9.526418980226618,14.132194903676009,122.99184037781535,157.50899332020387,2000
2188,SSP2-4.5,ais,3.117467626026843,75.38258213654603,9.591997628347276,14.231387603665898,124.15576110675201,158.72305620235988,2000
2189,SSP2-4.5,ais,3.1222693418152456,76.05006212309972,9.65735860796296,14.329531618500077,125.2298890281759,159.8963856150028,2000
2190,SSP2-4.5,ais,3.1230072426454347,76.79441447482186,9.72282071349001,14.428052003526854,126.28409287889926,161.09983761407517,2000
2191,SSP2-4.5,ais,3.124951248707645,77.59997407415025,9.788292540406779,14.529623491404699,127.24207761688929,162.31264413589832,2000
2192,SSP2-4.5,ais,3.1353104013817092,78.38785355293494,9.853830284778715,14.632117000219411,128.31982553115478,163.5444478011109,2000
2193,SSP2-4.5,ais,3.138401015652724,79.11893400404881,9.930300161357534,14.775527707031225,129.28597504529756,164.75419155485713,2000
2194,SSP2-4.5,ais,3.1452249376185413,79.99040863970109,9.989859416510253,14.88139530622504,130.3724740055353,166.11704084679678,2000
2195,SSP2-4.5,ais,3.1429434615859795,80.71404144255905,10.05403777064987,14.977399728300862,131.50529428123258,167.62621310412712,2000
2196,SSP2-4.5,ais,3.150754119961084,81.55975835185805,10.119946439752965,15.103451261897987,132.41826532752305,169.11420931532444,2000
2197,SSP2-4.5,ais,3.1509775526428485,82.5868224510441,10.18599339469256,15.260271384598509,133.59805198068804,170.24848058164434,2000
2198,SSP2-4.5,ais,3.1506705782963667,83.25874466199963,10.2532344525095,15.359633737081435,134.61548439743424,171.37270807444133,2000
2199,SSP2-4.5,ais,3.145422193927286,84.05402723132768,10.328694594089676,15.47455837651328,135.75409020977017,172.49646837883813,2000
2200,SSP2-4.5,ais,3.1439863200278855,84.99048166637765,10.390872276231708,15.579277176471077,136.79743146321698,173.6913977945718,2000
2201,SSP2-4.5,ais,3.1479313170277257,85.81090952490003,10.452999079893681,15.675457680174285,137.83921914965208,174.80538707019556,2000
2202,SSP2-4.5,ais,3.1454508357966993,86.51767067465734,10.51516867411097,15.775499330197206,138.90894328800735,176.1059102011704,2000
2203,SSP2-4.5,ais,3.1554508665184695,87.31766651314211,10.576919562834462,15.875460216197384,139.9420068571232,177.54988274884272,2000
2204,SSP2-4.5,ais,3.177843058570605,87.98205488714748,10.650211001761658,16.018415040249714,140.90092915272137,178.99375545731883,2000
2205,SSP2-4.5,ais,3.1818275667142313,88.89987440858363,10.780563618224885,16.129682077808372,142.03709118630604,180.23851410067783,2000
2206,SSP2-4.5,ais,3.1877400554320716,89.60236045051488,10.892762514175226,16.28030940548568,143.10663795068453,181.4079283763942,2000
2207,SSP2-4.5,ais,3.1839474757423454,90.32331036116533,10.952759667812186,16.411195452808254,144.15376399051277,183.00340376308026,2000
2208,SSP2-4.5,ais,3.1784611399555565,91.04528629833123,11.069840353475202,16.539920808048034,145.23666784549022,184.5863120706814,2000
2209,SSP2-4.5,ais,3.1761072227442835,91.81429326664,11.135048849536027,16.64457757423462,146.28759625314845,186.05620827621556,2000
2210,SSP2-4.5,ais,3.1641605774385058,92.82131294263769,11.199564698015475,16.803286063448848,147.43791045180907,187.7417811736184,2000
2211,SSP2-4.5,ais,3.1650276369915127,93.62561799182552,11.263832861506138,16.953726719376395,148.45762645640804,189.20424140525142,2000
2212,SSP2-4.5,ais,3.1658883447897526,94.24407239018008,11.328088010706232,17.07304508055006,149.41733233635185,190.65669958871018,2000
2213,SSP2-4.5,ais,3.1700085126416417,95.22622938745114,11.392338864084886,17.235275421784806,150.47877043850175,192.0542027655724,2000
2214,SSP2-4.5,ais,3.1715814064165224,96.08982917354776,11.456664413700526,17.3423661762236,151.49651122389236,193.30922863516318,2000
2215,SSP2-4.5,ais,3.1758876434925303,96.86800393975884,11.521012401262912,17.449507231179368,152.71120479114498,194.56049583302678,2000
2216,SSP2-4.5,ais,3.1754750512230503,97.5292133659951,11.585415114520806,17.556816014943067,153.8026127509427,195.79899304630007,2000
2217,SSP2-4.5,ais,3.1733815970591217,98.29327388119052,11.650477198530384,17.6640595464209,154.9325398604069,197.00971550075903,2000
2218,SSP2-4.5,ais,3.1677870663438332,99.2179539667284,11.715688139426465,17.788375415032775,156.1862642988487,198.31892265250428,2000
2219,SSP2-4.5,ais,3.1712192930261507,100.01494911578689,11.780749836888788,17.8916962671698,157.13765635589436,199.58477488063778,2000
2220,SSP2-4.5,ais,3.17264636797735,100.63074473868453,11.84585511935966,17.995095641323967,158.0866241569148,200.83881964694228,2000
2221,SSP2-4.5,ais,3.1670978217293957,101.3159271382807,11.910973539289131,18.098512432765673,159.18478766647291,202.08627757303992,2000
2222,SSP2-4.5,ais,3.171169304918796,102.07614558440339,11.975946584652693,18.201664606332884,160.22605244322298,203.33291001789001,2000
2223,SSP2-4.5,ais,3.172933659008734,102.80861381532142,12.040984284261908,18.306072663351173,161.2989969194428,204.57926022550723,2000
2224,SSP2-4.5,ais,3.1739733049855374,103.74636804381097,12.106035896561334,18.411741768095183,162.33824674388387,205.8252014255256,2000
2225,SSP2-4.5,ais,3.168875522725694,104.7303441850636,12.17109053171981,18.51411622747301,163.4129476496397,207.070697815968,2000
2226,SSP2-4.5,ais,3.17081675186613,105.58111557870434,12.23553804504019,18.61807567169121,164.48105850361145,208.36732297135558,2000
2227,SSP2-4.5,ais,3.1780258172097824,106.24481432183593,12.296681678746689,18.723693020797143,165.54887467824767,209.61021006379684,2000
2228,SSP2-4.5,ais,3.1772140243572085,106.87656137626033,12.357905278014014,18.829587446176774,166.57085143788518,210.8926605434822,2000
2229,SSP2-4.5,ais,3.181551880096277,107.48288004708121,12.4191473200965,18.935413622041207,167.66972681320996,212.58023277178845,2000
2230,SSP2-4.5,ais,3.183617988312675,108.24278978733642,12.483180451314285,19.04139028632558,168.68225811114732,214.30076334234394,2000
2231,SSP2-4.5,ais,3.184446764138385,109.05154327915237,12.54722443885968,19.147404667430223,169.81139706308286,216.02074233758884,2000
2232,SSP2-4.5,ais,3.1790690492630462,109.88929149056563,12.626584469946884,19.26671945400886,171.14955331660326,217.68049466000875,2000
2233,SSP2-4.5,ais,3.1746744133430718,110.68701822867911,12.691601134904072,19.37348901640216,172.21760957444474,218.84605633058257,2000
2234,SSP2-4.5,ais,3.177244407856523,111.42886390120556,12.756478321964574,19.479978904228943,173.15484687399126,220.0039538315765,2000
2235,SSP2-4.5,ais,3.180736722372691,112.21579866169668,12.82137564970557,19.586536943100654,174.24789770291133,221.16152091378692,2000
2236,SSP2-4.5,ais,3.1817397706146076,113.03934284602077,12.88632673160389,19.690212153740127,175.2960950955801,222.51262100178474,2000
2237,SSP2-4.5,ais,3.1852857167340085,113.87267453976233,12.951275600936555,19.791922253870055,176.26138610672683,224.07045434854936,2000
2238,SSP2-4.5,ais,3.179729181992373,114.71099701211972,13.01628835759228,19.896501753370835,177.1796425165452,225.23012282384065,2000
2239,SSP2-4.5,ais,3.1932869042405927,115.480675830298,13.081196051173041,20.001845329634534,178.09360249068214,226.46406654438982,2000
2240,SSP2-4.5,ais,3.1927277346117404,116.41302303543026,13.146410295508632,20.132630404448385,179.37979453297427,227.95653993362816,2000
2241,SSP2-4.5,ais,3.198152060459693,117.38619270966417,13.21159061856551,20.24254001560091,180.3753078767025,229.44841120142098,2000
2242,SSP2-4.5,ais,3.2000038549235175,118.19510671552342,13.291757671663664,20.347678285666714,181.35606093066775,230.93995144190504,2000
2243,SSP2-4.5,ais,3.193758508084568,119.17053694746875,13.354973618183761,20.45285967589786,182.33654120397233,232.4235444105094,2000
2244,SSP2-4.5,ais,3.1907706906614135,119.91595030306371,13.41703297555858,20.557708707092733,183.342522738517,233.90339746004926,2000
2245,SSP2-4.5,ais,3.18553867945738,120.65404521272124,13.478969553952394,20.685579952873017,184.4071646860886,235.3185852885537,2000
2246,SSP2-4.5,ais,3.1858470041239944,121.45571897781437,13.540780919975559,20.785418883439647,185.4710294460647,236.59383380547038,2000
2247,SSP2-4.5,ais,3.18534109157407,122.13884929769819,13.603410882855732,20.88521186229623,186.51469217095865,237.85997263582018,2000
2248,SSP2-4.5,ais,3.1845140223988446,122.96247587931656,13.668069326268919,20.984947320611152,187.55881760640224,239.12252571707606,2000
2249,SSP2-4.5,ais,3.1908890209511696,123.75466819980562,13.732693557508366,21.084624101476457,188.9605492770082,240.38469467922602,2000
2250,SSP2-4.5,ais,3.199832843114245,124.49965997308516,13.797484312152912,21.19124294193575,189.91316899979952,241.6467096385829,2000
2251,SSP2-4.5,ais,3.1996955065916,125.40921477114259,13.86248839940649,21.298195093460084,190.85349405158777,243.01923920238713,2000
2252,SSP2-4.5,ais,3.2020095289427153,126.38027239143851,13.927475039740829,21.40987278013061,191.80447245235018,244.43637360636168,2000
2253,SSP2-4.5,ais,3.20163013849253,127.38238750018846,13.999663659756449,21.518773480650417,192.83311645413457,245.8883448310585,2000
2254,SSP2-4.5,ais,3.1907395309021767,128.33539266280334,14.061646458508449,21.638035970028277,193.8922548086046,247.3701444115277,2000
2255,SSP2-4.5,ais,3.192000901175227,129.08189849072704,14.123422546372643,21.72672910529374,194.9698350240439,248.85108451381853,2000
2256,SSP2-4.5,ais,3.1865292185118244,129.90575508444766,14.188045113258717,21.83261875873721,196.01707554292358,250.3315237084849,2000
2257,SSP2-4.5,ais,3.1828776193117942,130.58740308174987,14.252518322497853,21.9382031311218,197.2208604513024,251.6279880580247,2000
2258,SSP2-4.5,ais,3.180668153902372,131.3963628919129,14.316871685363536,22.043556071703726,198.40838967807417,252.79601742807608,2000
2259,SSP2-4.5,ais,3.1750641593921647,132.0741805591481,14.381141195732692,22.14875120747612,199.46331030649412,254.14097605847272,2000
2260,SSP2-4.5,ais,3.1714352473510563,132.80885526208135,14.445257668972854,22.253917063319136,200.53109840956498,255.5583458391173,2000
2261,SSP2-4.5,ais,3.1765136075586353,133.64805292419106,14.509273661853378,22.358912281049772,201.5163829839575,256.9699420411702,2000
2262,SSP2-4.5,ais,3.1693988022173585,134.67157282037832,14.573380828497761,22.46411709824275,202.55775177873954,258.38126122974046,2000
2263,SSP2-4.5,ais,3.172175227698431,135.39418258435256,14.637319756411847,22.568944074768233,203.60833331891155,259.7535115801504,2000
2264,SSP2-4.5,ais,3.1719253793980693,136.17665547542953,14.701290294080456,22.67385686735579,204.71509941328,260.9835672597076,2000
2265,SSP2-4.5,ais,3.172016898032787,136.86586760281924,14.765227460262969,22.77871271348848,205.82148598567818,262.3978026047327,2000
2266,SSP2-4.5,ais,3.174630811843646,137.65827252405654,14.829142910986008,22.88353114113822,206.93120623713236,263.58487083274855,2000
2267,SSP2-4.5,ais,3.17154846233921,138.57205985521654,14.893076577181988,22.988438063806715,207.92944256900628,264.74819970453433,2000
2268,SSP2-4.5,ais,3.1681918060376018,139.46591670654428,14.956912636329927,23.093269622500877,208.91600489394463,265.91059277714646,2000
2269,SSP2-4.5,ais,3.1687787749210354,140.29971842864776,15.02064965833234,23.197891883517258,209.8660377303248,267.1108328008555,2000
2270,SSP2-4.5,ais,3.1666747597861713,141.0511565414735,15.084370192365164,23.30249314298739,210.9645735086621,268.32754253762727,2000
2271,SSP2-4.5,ais,3.1618652862592103,141.97875572177907,15.148020709093574,23.406949657206614,211.90839716099842,269.5438572494683,2000
2272,SSP2-4.5,ais,3.158245149386785,142.903494512226,15.211542989042304,23.51112952623865,213.11253365416107,270.759743023755,2000
2273,SSP2-4.5,ais,3.1624191376406428,143.81050383387839,15.275118654253168,23.61509445732605,214.15475498298605,271.9752196342636,2000
2274,SSP2-4.5,ais,3.1650339020215794,144.72346158061734,15.338835036353995,23.719224253005418,215.37254218546667,273.51148213512863,2000
2275,SSP2-4.5,ais,3.164808831597946,145.71154778669975,15.402591789126875,23.823446888269704,216.72758002688084,275.12766798923326,2000
2276,SSP2-4.5,ais,3.1631732377341475,146.53881648482025,15.466320974850282,23.92761895705964,217.82776210387402,276.34346623555587,2000
2277,SSP2-4.5,ais,3.16326371499335,147.2539703485226,15.52999783258981,24.03167748647443,218.78203819156062,277.5587297497982,2000
2278,SSP2-4.5,ais,3.158153851858291,148.0916674937959,15.593649550120858,24.135694055802087,219.71080903405948,278.7735545924238,2000
2279,SSP2-4.5,ais,3.1568005376621895,148.9368778368974,15.657146184858313,24.239402743610405,220.77398897094616,279.98760335467074,2000
2280,SSP2-4.5,ais,3.1546490540569203,149.66015224572863,15.720585740189886,24.34299813815985,221.81037596539988,281.20112445436973,2000
2281,SSP2-4.5,ais,3.1499100211949282,150.56896225613286,15.783949366648926,24.446442269445683,222.87826864330813,282.41406907421145,2000
2282,SSP2-4.5,ais,3.15024875869216,151.57576980698386,15.847186065073785,24.54961636088175,223.99038281169342,283.6159068664315,2000
2283,SSP2-4.5,ais,3.147096772786418,152.3686456742563,15.910403253595161,24.65275936024348,225.44013925951927,284.8096067666179,2000
2284,SSP2-4.5,ais,3.15009976890474,153.32561125580335,15.97353521140158,24.75571705339324,226.76048273397652,286.00268388247883,2000
2285,SSP2-4.5,ais,3.1574800012205135,154.32111226318165,16.03670924842333,24.858775710863842,227.8143956071109,287.21159548785585,2000
2286,SSP2-4.5,ais,3.1615346488483613,155.0518040815278,16.100024207937153,24.962151695638333,228.86253640553105,288.7527641226237,2000
2287,SSP2-4.5,ais,3.1584887497342646,155.78706135233935,16.163406574106382,25.0656866598724,229.9662672083265,290.2935088616811,2000
2288,SSP2-4.5,ais,3.1549037379602294,156.62546965386264,16.226708372626447,25.169045219252453,231.0293852285237,291.83351071163287,2000
2289,SSP2-4.5,ais,3.1524019371801986,157.33980324172688,16.289903798653132,25.272183863696583,232.0884510838837,293.3727276854311,2000
2290,SSP2-4.5,ais,3.156487227064726,158.04068252043996,16.35302182093045,25.375159900189356,233.14708204677925,294.91121655591735,2000
2291,SSP2-4.5,ais,3.15519245429319,158.7414996924818,16.416201654237128,25.478285170985217,234.20549143090733,296.4492745763215,2000
2292,SSP2-4.5,ais,3.1551475597409175,159.45609494838413,16.479331045816124,25.58130995815234,235.26351031453913,297.9866650342694,2000
2293,SSP2-4.5,ais,3.150208223817075,160.17386612128917,16.54243189298779,25.679241027649226,236.32117251701666,299.5234377412959,2000
2294,SSP2-4.5,ais,3.149115689075586,160.89118988956,16.605403206481295,25.762985055392782,237.5765576038769,301.05937821140685,2000
2295,SSP2-4.5,ais,3.154665790063345,161.72069800181347,16.668327728256497,25.854125910646342,238.63048072947655,302.5912674254112,2000
2296,SSP2-4.5,ais,3.1544817174597855,162.6320520350227,16.731363778629493,25.95438433587242,239.70672560006926,304.14727664953693,2000
2297,SSP2-4.5,ais,3.1665308688589184,163.35606730235446,16.794392326532357,26.056543790454096,241.0904946764233,305.57170516333395,2000
2298,SSP2-4.5,ais,3.1640192072810542,164.14519355791697,16.857697382133992,26.159223240085698,242.21984479698247,306.8479971186168,2000
2299,SSP2-4.5,ais,3.170827332337375,164.8392016734744,16.92094375059263,26.26177841813448,243.2060934630813,308.1204026601994,2000
2300,SSP2-4.5,ais,3.176290724870756,165.66765257826552,16.98431933063842,26.364583445674782,244.19249754499262,309.3929285780658,2000
1990,SSP2-4.5,te,0.5557397132233756,-1.4247578765136617,-1.583135217297057,-1.5193868837737585,-1.3422101373165067,-1.265192397403726,2000
1991,SSP2-4.5,te,0.5885637306361448,-1.313316643953554,-1.4593060791443988,-1.4005439913394768,-1.2372255960671301,-1.1662320038403242,2000
1992,SSP2-4.5,te,0.5090689778394178,-1.311440103205094,-1.4572209404730831,-1.3985428152469788,-1.2354577784911123,-1.1645656259051624,2000
1993,SSP2-4.5,te,0.3084522979487564,-1.4832322407154128,-1.6481096433401468,-1.58174497525703,-1.3972966089889973,-1.3171179366484025,2000
1994,SSP2-4.5,te,0.332676813580452,-1.4676557619796389,-1.6308016695050247,-1.5651339440940177,-1.3826226015611465,-1.3032859425954588,2000
1995,SSP2-4.5,te,0.4547856293863089,-1.340772924172906,-1.4898144236622726,-1.4298238519601318,-1.2630911120617445,-1.1906133233382812,2000
1996,SSP2-4.5,te,0.5463394857269461,-1.2031024018843652,-1.336840324826625,-1.283009583167082,-1.1333969558325507,-1.068361184208316,2000
1997,SSP2-4.5,te,0.600043540445978,-1.0647299882586245,-1.1830863117943586,-1.1354468050945568,-1.0030415745042611,-0.945485761923881,2000
1998,SSP2-4.5,te,0.6466075693928761,-0.924762822249936,-1.027560272299259,-0.9861833550036763,-0.8711838376879364,-0.8211941912370353,2000
1999,SSP2-4.5,te,0.686007840655961,-0.7784937111363839,-0.8650317579293435,-0.830199399701046,-0.7333892783812825,-0.6913064605520858,2000
2000,SSP2-4.5,te,0.7295563669080296,-0.6260162205159975,-0.6956047351169514,-0.667594719187718,-0.5897460411710035,-0.5559056566062506,2000
2001,SSP2-4.5,te,0.7655239205849365,-0.46888714095447737,-0.5210090486386187,-0.5000295023317802,-0.4417207191627823,-0.41637421751097464,2000
2002,SSP2-4.5,te,0.7999498588212678,-0.31862934891266725,-0.35404846805438106,-0.3397919474626165,-0.3001685754520127,-0.2829445174364966,2000
2003,SSP2-4.5,te,0.8301407393993533,-0.1665345390814773,-0.1850466651648595,-0.1775953644803583,-0.15688584723984686,-0.14788353601988177,2000
2004,SSP2-4.5,te,0.8359312010698448,-0.030898991123807673,-0.03433375019954141,-0.03295122814146813,-0.029108762831134914,-0.0274384646694821,2000
2005,SSP2-4.5,te,0.843916603443868,0.0983910582515517,0.0873717709685369,0.09269046901476467,0.10492595679052143,0.1093282949705902,2000
2006,SSP2-4.5,te,0.8516506513236204,0.21689967099894736,0.1926080348604456,0.20433291999604597,0.23130562788468578,0.24101042951860877,2000
2007,SSP2-4.5,te,0.8597675192449368,0.3378894292791066,0.30004756887751133,0.31831276369585815,0.3603312362579894,0.37544951592273396,2000
2008,SSP2-4.5,te,0.8671015531069908,0.4618706438566592,0.4101435316303063,0.43511074445171904,0.4925469862943548,0.5132125915417827,2000
2009,SSP2-4.5,te,0.8915919796329949,0.5939586560291777,0.5274383727704522,0.559545830495787,0.6334079680141137,0.6599836235186477,2000
2010,SSP2-4.5,te,0.91224213325433,0.7337303769747568,0.651556387225722,0.6912194459611664,0.7824629920486923,0.8152924921052334,2000
2011,SSP2-4.5,te,0.9463726707864436,0.8848708868482523,0.7857699453213495,0.8336031645251856,0.9436418927546784,0.9832339142130129,2000
2012,SSP2-4.5,te,0.9634454159642772,1.035001856300064,0.9190870262769371,0.9750358335036218,1.1037442017810317,1.1500535744964164,2000
2013,SSP2-4.5,te,1.0010392042679888,1.1958987353769084,1.061964290919354,1.1266106559485207,1.2753274663759173,1.3288358924036772,2000
2014,SSP2-4.5,te,1.034758969518629,1.3643167743752174,1.2115203846520715,1.2852708767318863,1.4549314283284478,1.5159754289955105,2000
2015,SSP2-4.5,te,1.0655474016558886,1.5359690140219282,1.3639484653655163,1.4469779147801072,1.6379843987937077,1.7067086828291953,2000
2016,SSP2-4.5,te,1.0982433117141364,1.7106668612644875,1.5190810614490895,1.6115541037604428,1.824285258820089,1.9008260966823027,2000
2017,SSP2-4.5,te,1.1215083354395925,1.8824281674436394,1.6716059938100534,1.7733638892353654,2.007454539755768,2.091680540980264,2000
2018,SSP2-4.5,te,1.1514531927883527,2.056808366852132,1.8264565169664735,1.9376408342880072,2.1934166545394,2.285444996986218,2000
2019,SSP2-4.5,te,1.172690213058829,2.233480600555172,1.9833423784858897,2.1040770175634584,2.381823035048247,2.481756271838214,2000
2020,SSP2-4.5,te,1.183004264307409,2.3999787958320873,2.1311936410184775,2.260928626689085,2.559379641855552,2.6667625531891765,2000
2021,SSP2-4.5,te,1.2100067371777328,2.5782478206245587,2.289497461322256,2.4288690860403124,2.749488868495243,2.8648481198348987,2000
2022,SSP2-4.5,te,1.2401553910866456,2.759746635515368,2.450669352015388,2.5998522076451436,2.9430424001594235,3.066522502891776,2000
2023,SSP2-4.5,te,1.2795255652495054,2.9486104261653834,2.618381379451199,2.7777735924370397,3.144450071640841,3.276380558901891,2000
2024,SSP2-4.5,te,1.3120856196879593,3.143714313612233,2.7916346452662197,2.961573534783601,3.352512292209426,3.493172366366384,2000
2025,SSP2-4.5,te,1.3418920592536896,3.340613280547676,2.9664819509943676,3.147064553155497,3.5624888171487825,3.7119587959369102,2000
2026,SSP2-4.5,te,1.3677890858907344,3.5368474817822078,3.1407389413259748,3.3319293210764136,3.7717564242408352,3.930006563865544,2000
2027,SSP2-4.5,te,1.3864760205740927,3.722259545643155,3.3053858174378785,3.506598965510243,3.9694831135033555,4.136029196095703,2000
2028,SSP2-4.5,te,1.3979689025093112,3.9019328643072164,3.4649366579963568,3.6758623566390654,4.161089903851681,4.335675159156981,2000
2029,SSP2-4.5,te,1.408837738356086,4.083325103324862,3.6260139087603487,3.8467450771724487,4.354529781128346,4.537231119272739,2000
2030,SSP2-4.5,te,1.4255063585080254,4.262554429559609,3.785170481734606,4.0155901999418955,4.545663090133129,4.736383735315098,2000
2031,SSP2-4.5,te,1.4370992723377307,4.443393557292606,3.9457565668038583,4.185951855397799,4.73851311979778,4.937325099808508,2000
2032,SSP2-4.5,te,1.4616617718592628,4.622841917321292,4.105107642925236,4.355003321563191,4.929880010296723,5.136721097634312,2000
2033,SSP2-4.5,te,1.4778573883674204,4.807657005222028,4.269224401282576,4.52911057767916,5.126970073884927,5.342080393530579,2000
2034,SSP2-4.5,te,1.5019259013859052,4.998400339144459,4.4386054729104245,4.70880260861055,5.330382123403251,5.554026924499173,2000
2035,SSP2-4.5,te,1.5283526230299938,5.196063154489597,4.614131079995345,4.8950132194800675,5.541173229735005,5.773662112541576,2000
2036,SSP2-4.5,te,1.5613546071573317,5.396831802951272,4.792414683025701,5.084149717451209,5.755276451183474,5.9967483808460305,2000
2037,SSP2-4.5,te,1.587060677962975,5.599713558306405,4.972574735957177,5.275276892954574,5.971633127026445,6.222182650867894,2000
2038,SSP2-4.5,te,1.6067201941456666,5.807086213620549,5.156722731387024,5.470634774285237,6.192778977652401,6.452607033244751,2000
2039,SSP2-4.5,te,1.6374169818992061,6.0157057275415395,5.341977943738445,5.667167273626089,6.41525450024887,6.684416876129691,2000
2040,SSP2-4.5,te,1.6573993350465797,6.21789562038815,5.521523619167428,5.857642671807934,6.630873361731834,6.909082375597045,2000
2041,SSP2-4.5,te,1.6664751162991946,6.421797797590733,5.702589812001561,6.049731147873705,6.8483182333984525,7.135650498457925,2000
2042,SSP2-4.5,te,1.6945524916845651,6.626461011210191,5.884331809128237,6.242536567365749,7.066574687698819,7.3630642552142636,2000
2043,SSP2-4.5,te,1.7136466981948066,6.83413177980411,6.068744530699527,6.438175289864433,7.2880384515749075,7.593819889405722,2000
2044,SSP2-4.5,te,1.7343382432222323,7.045912626159424,6.256807022678948,6.637685960100651,7.513885274737693,7.829142481223558,2000
2045,SSP2-4.5,te,1.7642365070714197,7.2601023715986965,6.447008629561596,6.839465962427297,7.742300990294645,8.0671417474698,2000
2046,SSP2-4.5,te,1.791471712208186,7.482135439768605,6.64417514778305,7.04863486040621,7.979080963300937,8.313856207111483,2000
2047,SSP2-4.5,te,1.8223477276736575,7.707293267494812,6.844116468726789,7.260747475364885,8.21919323491252,8.564042777334699,2000
2048,SSP2-4.5,te,1.8453603425113239,7.934213107469295,7.045622465702432,7.474520014961067,8.461184547407617,8.81618722664006,2000
2049,SSP2-4.5,te,1.8766319513360963,8.162351102258325,7.248210190482942,7.689440131817823,8.704474921643758,9.069685241922368,2000
2050,SSP2-4.5,te,1.9012996219999792,8.390140904449186,7.450488718427063,7.904032229687838,8.947393977162939,9.32279635921053,2000
2051,SSP2-4.5,te,1.9185206739017857,8.617029439794024,7.651966916728921,8.117775278384585,9.189351905849835,9.574906024036036,2000
2052,SSP2-4.5,te,1.9397378533344576,8.844857967079626,7.85427983275839,8.332403857691615,9.43231225849184,9.82806017113459,2000
2053,SSP2-4.5,te,1.9553531657233012,9.071617151170445,8.05564316647457,8.546025049497953,9.674132244724097,10.080026105906722,2000
2054,SSP2-4.5,te,1.976175040081812,9.2984329132947,8.25705674177842,8.759699541314966,9.916012566767318,10.332054907976334,2000
2055,SSP2-4.5,te,1.9918993071909756,9.526587300530387,8.459659023136735,8.974635100871453,10.159320422197181,10.58557113790411,2000
2056,SSP2-4.5,te,2.018534525307487,9.755138185421185,8.662613396472997,9.189944185769251,10.403051109707182,10.839527940515659,2000
2057,SSP2-4.5,te,2.045565112311136,9.990155410729148,8.871309913698887,9.411344963720538,10.653677616484314,11.100669887642075,2000
2058,SSP2-4.5,te,2.0744582727819525,10.230403214297198,9.08465121159788,9.637673270257867,10.909882104007458,11.367623848716175,2000
2059,SSP2-4.5,te,2.0986882912029854,10.471188811464163,9.298470073007094,9.864508211664285,11.166660104092873,11.635175384999446,2000
2060,SSP2-4.5,te,2.121309551223493,10.711467396170697,9.511838704717002,10.090865515939965,11.422897417164032,11.902163548870504,2000
2061,SSP2-4.5,te,2.139430662267365,10.949806389963012,9.723484969616944,10.315395605479564,11.677066316335868,12.166996515192512,2000
2062,SSP2-4.5,te,2.1635962247428213,11.183014647549825,9.930575114107032,10.535092223830517,11.925763708086514,12.42612840815217,2000
2063,SSP2-4.5,te,2.1759027519883563,11.415948428480885,10.13742152190063,10.75453026817681,12.174168393099036,12.684955313389203,2000
2064,SSP2-4.5,te,2.1981576617583647,11.648693496241215,10.344100351418062,10.973790533031597,12.422371831063808,12.94357252793319,2000
2065,SSP2-4.5,te,2.2112788524875375,11.880593896252552,10.550029111585483,11.192255068567004,12.669674500469851,13.201251180717042,2000
2066,SSP2-4.5,te,2.223814172910278,12.113918917270727,10.757222942609324,11.412061685300017,12.918496410799435,13.460512816633964,2000
2067,SSP2-4.5,te,2.2450214919980853,12.345590761462432,10.962948744021334,11.630310907101697,13.165555344255473,13.717937507131916,2000
2068,SSP2-4.5,te,2.260248066034934,12.580938828478274,11.171939050402878,11.852023358426738,13.416534666454679,13.979447072621932,2000
2069,SSP2-4.5,te,2.277302149343303,12.820494921524698,11.38466610576453,12.077700030823616,13.672001501699322,14.245632432023415,2000
2070,SSP2-4.5,te,2.30378820441938,13.06402321434616,11.60092049516602,12.307118761357803,13.931704360718536,14.51623154442649,2000
2071,SSP2-4.5,te,2.326830641245917,13.307938618997401,11.81751864188379,12.536902175204691,14.191820042608514,14.787260800351394,2000
2072,SSP2-4.5,te,2.3540988723831293,13.551343808246415,12.033663714673295,12.76620493455135,14.45139162181071,15.057723124880452,2000
2073,SSP2-4.5,te,2.3650590808922263,13.79609510925073,12.251004141695923,12.996775814519562,14.71239871828838,15.32968119613347,2000
2074,SSP2-4.5,te,2.387183250691529,14.034853917736898,12.463023204225372,13.221701395494705,14.967015315240989,15.594980644120561,2000
2075,SSP2-4.5,te,2.410546743432703,14.272818990344806,12.67433742517066,13.445879228126277,15.220785458278524,15.859398123849877,2000
2076,SSP2-4.5,te,2.418819423927599,14.508207265895342,12.883363436939932,13.66762955838062,15.471807659567036,16.120952367490727,2000
2077,SSP2-4.5,te,2.430630918608847,14.742367205690574,13.09129868017605,13.888222720297819,15.721519941980038,16.381141732491532,2000
2078,SSP2-4.5,te,2.4430852212607705,14.976073465124495,13.298831052893997,14.108388487223845,15.970748411668252,16.640826985622372,2000
2079,SSP2-4.5,te,2.4581859544496756,15.209424724029944,13.50604818329807,14.328219821671262,16.219598302542767,16.900117776053232,2000
2080,SSP2-4.5,te,2.4717666328743406,15.448899449449636,13.718702983784397,14.553819840725666,16.474978365917703,17.166212722930908,2000
2081,SSP2-4.5,te,2.496329323714633,15.693442527843285,13.935858508046827,14.784194562101977,16.735763410137395,17.437939425364412,2000
2082,SSP2-4.5,te,2.517094000189755,15.94097257117465,14.155666472694254,15.017383189395426,16.999733806355113,17.71298512638967,2000
2083,SSP2-4.5,te,2.5428749218122637,16.188858858438266,14.375790783804566,15.250907420530837,17.264084107374202,17.988426671736534,2000
2084,SSP2-4.5,te,2.5592701453204163,16.429475155707244,14.589459306024684,15.477582870950705,17.520681563067715,18.255790088596004,2000
2085,SSP2-4.5,te,2.5669566940894564,16.66341360668089,14.797197866036374,15.697967376683902,17.77015764590185,18.515733343882683,2000
2086,SSP2-4.5,te,2.577506195910472,16.894292264895306,15.002219314179143,15.915469368182773,18.016370711866887,18.7722766771513,2000
2087,SSP2-4.5,te,2.585264872543303,17.12306195762742,15.205367990015423,16.130984583615152,18.260334739911194,19.02647661047658,2000
2088,SSP2-4.5,te,2.588591115389118,17.351501083430747,15.408223120701308,16.346188384532695,18.50394624556269,19.280309230762033,2000
2089,SSP2-4.5,te,2.595504370864205,17.580743493651358,15.611791572123618,16.562148929108794,18.748414387859384,19.535034429268293,2000
2090,SSP2-4.5,te,2.609511482957791,17.810324309272573,15.815660529300024,16.778428272525524,18.993243411633248,19.79013565061764,2000
2091,SSP2-4.5,te,2.6173312438445695,18.042442130148796,16.021782360325183,16.997097631977837,19.240777942477507,20.04805589296127,2000
2092,SSP2-4.5,te,2.6378716116464065,18.278691822389717,16.23157331459145,17.219659470091408,19.492718773690733,20.31056730913073,2000
2093,SSP2-4.5,te,2.6523174983606377,18.512988873265087,16.439630313179162,17.440381799135693,19.74257727377357,20.570909026600138,2000
2094,SSP2-4.5,te,2.6651921272003016,18.746614436266512,16.64709102704575,17.66047154502578,19.991719687365432,20.83050461301195,2000
2095,SSP2-4.5,te,2.678543258788642,18.9807439007998,16.854999208090913,17.88103599735927,20.24139947042255,21.090660115093847,2000
2096,SSP2-4.5,te,2.694782035302737,19.207865816436655,17.05668464930473,18.094998904741455,20.48360627996174,21.34302910297025,2000
2097,SSP2-4.5,te,2.6972775183419606,19.425342705629138,17.24980525692027,18.2998756000158,20.715527463490506,21.58468091476532,2000
2098,SSP2-4.5,te,2.6943852970896827,19.641313675873647,17.441588600685233,18.50333362639821,20.945842708539974,21.824659408335428,2000
2099,SSP2-4.5,te,2.700493500184702,19.856348760846757,17.632540873466326,18.705909990907156,21.175159909058845,22.063597982802847,2000
2100,SSP2-4.5,te,2.704152266699876,20.070655574252875,17.822846437311817,18.907800278507143,21.403700467956735,22.301727330394268,2000
2101,SSP2-4.5,te,2.7173042385897594,20.2851650145058,18.013331934850125,19.109881453142993,21.6324571116915,22.5400818290113,2000
2102,SSP2-4.5,te,2.727228115930526,20.502850180171023,18.206637493055666,19.31495435775065,21.864600404917717,22.78196506947532,2000
2103,SSP2-4.5,te,2.739039524138542,20.72467103734533,18.40361556681037,19.5239233398321,22.10115407238211,23.028443728560166,2000
2104,SSP2-4.5,te,2.74654226826949,20.941222280932955,18.59591419631913,19.727928019632877,22.332088131140956,23.269066999169446,2000
2105,SSP2-4.5,te,2.7579185077277986,21.156247719468382,18.78685790301343,19.93049529660024,22.561395044528844,23.50799485489266,2000
2106,SSP2-4.5,te,2.7608870553911404,21.369703088185133,18.97640737955065,20.131583470583404,22.789027607819477,23.745178110452915,2000
2107,SSP2-4.5,te,2.7656185489965,21.580091513190197,19.163233394136014,20.32978239369225,23.013389528339413,23.978953498136462,2000
2108,SSP2-4.5,te,2.7735554224412,21.78351727864824,19.343876530865558,20.521422060396368,23.230326346133957,24.204992250903555,2000
2109,SSP2-4.5,te,2.77512769977057,21.98500120263775,19.52279530228121,20.711232392202902,23.445192349998432,24.428873305393683,2000
2110,SSP2-4.5,te,2.780207036266814,22.18346091254561,19.6990285558785,20.89819372709233,23.65683327872198,24.649393971500473,2000
2111,SSP2-4.5,te,2.7765912407960753,22.38307120682892,19.87628353437965,21.086238983704902,23.869701210880685,24.87119312195557,2000
2112,SSP2-4.5,te,2.7853506426444268,22.58216993741778,20.053084241662027,21.273802315642477,24.082023602509032,25.092423842845246,2000
2113,SSP2-4.5,te,2.792846135981751,22.782733333287855,20.23118557932455,21.462745452963578,24.29590793898015,25.315282042499184,2000
2114,SSP2-4.5,te,2.795639723841476,22.988035518759343,20.413494986775934,21.656152823503867,24.514845804113243,25.54340579978157,2000
2115,SSP2-4.5,te,2.8136952482146236,23.189960831577572,20.592805713764943,21.846378970916803,24.73018251279575,25.767777308271487,2000
2116,SSP2-4.5,te,2.815784639695381,23.39288246848599,20.773001181722965,22.037543717312733,24.946581719029297,25.993255893115233,2000
2117,SSP2-4.5,te,2.832026219157308,23.5941212288998,20.95170224660952,22.227123089851005,25.161186276140306,26.2168645314306,2000
2118,SSP2-4.5,te,2.8316721579939634,23.789329905829355,21.12504856602967,22.411021750378588,25.36936024605817,26.433772776869013,2000
2119,SSP2-4.5,te,2.82849943463284,23.980293066095054,21.29462484459256,22.59092087133647,25.573006722259223,26.645963570270865,2000
2120,SSP2-4.5,te,2.8288471477715067,24.16961767722535,21.462746083009293,22.7692763775537,25.774905820814002,26.85633367197184,2000
2121,SSP2-4.5,te,2.832965516336239,24.357739910674514,21.629799603797608,22.94649916954693,25.975522682640587,27.065367738629337,2000
2122,SSP2-4.5,te,2.83605623110695,24.545334584196997,21.796384648629818,23.123224967423965,26.17557694527316,27.273815601333922,2000
2123,SSP2-4.5,te,2.8398534821480577,24.735661754002642,21.965396164359564,23.302524945989443,26.37854519005037,27.485299707015862,2000
2124,SSP2-4.5,te,2.853088212421998,24.92919051316696,22.137250708075317,23.484841019965636,26.584927666086788,27.700341293550228,2000
2125,SSP2-4.5,te,2.8666117703944045,25.123728462082106,22.31000141753356,23.668107813173755,26.792386359841256,27.91650425225723,2000
2126,SSP2-4.5,te,2.87780830479432,25.31374523502379,22.47873729923528,23.847115378674346,26.995023591937898,28.127643457086347,2000
2127,SSP2-4.5,te,2.8785542184523245,25.50530058321541,22.648839443753403,24.027572377325313,27.199301587769188,28.340492266545688,2000
2128,SSP2-4.5,te,2.8834554184912604,25.694601228148045,22.816939400062083,24.205905305900423,27.40117512834884,28.550835737945352,2000
2129,SSP2-4.5,te,2.8872455218264204,25.880360472510656,22.981894574263414,24.380902015863416,27.599272057010783,28.757244143567615,2000
2130,SSP2-4.5,te,2.8935169700382746,26.059353726716374,23.140841514049264,24.5495247441645,27.79015361464753,28.956134445606217,2000
2131,SSP2-4.5,te,2.888070332152276,26.239126911713182,23.30048103643013,24.718882215562253,27.98186690421134,29.155891376229775,2000
2132,SSP2-4.5,te,2.8949389869596502,26.416589707742965,23.458068921403466,24.886063157499247,28.17111635430405,29.353081093013248,2000
2133,SSP2-4.5,te,2.896333372925594,26.59577680057883,23.61718799090007,25.054868493791957,28.362204624868703,29.552186780954894,2000
2134,SSP2-4.5,te,2.9044273117271864,26.77665604314447,23.777809698149145,25.225267939904022,28.555097433697142,29.753172719481086,2000
2135,SSP2-4.5,te,2.9113093095115943,26.961595545606414,23.9420369372833,25.39949240224011,28.752320175163856,29.958670259970795,2000
2136,SSP2-4.5,te,2.9233238739641325,27.144980923705436,24.10488410590793,25.57225278319861,28.947885571048072,30.162440918264203,2000
2137,SSP2-4.5,te,2.929481078674987,27.32866419205753,24.26799580262513,25.74529379522017,29.14376864234281,30.366542580553652,2000
2138,SSP2-4.5,te,2.938177515841967,27.51107428995008,24.429976917358847,25.91713540183713,29.338293982244075,30.569229545633597,2000
2139,SSP2-4.5,te,2.936460298693736,27.688088277301404,24.5871662578937,26.083893538209843,29.52706481486036,30.765920563770514,2000
2140,SSP2-4.5,te,2.9373491998733727,27.86625228116946,24.745376819070902,26.251735061347617,29.71706204533725,30.963889435273323,2000
2141,SSP2-4.5,te,2.9372942472218804,28.039999123697868,24.899664918026883,26.41541534500326,29.902348737193098,31.156950129890415,2000
2142,SSP2-4.5,te,2.933659008204557,28.213113509874873,25.053391392456554,26.578499815615675,30.086960966460786,31.34930806375087,2000
2143,SSP2-4.5,te,2.936899320900144,28.384681180956047,25.205744375844382,26.740127184838876,30.269923751518846,31.539947348302768,2000
2144,SSP2-4.5,te,2.9414334966798807,28.554856611567722,25.356861042461194,26.900442977335565,30.45140182682847,31.72903962970799,2000
2145,SSP2-4.5,te,2.949892369215796,28.724898993122842,25.507859560824464,27.0606334293829,30.63273801628173,31.91798407220632,2000
2146,SSP2-4.5,te,2.9573481789627047,28.895320482158564,25.659194728600358,27.221181024150404,30.81447849262686,32.10734976410679,2000
2147,SSP2-4.5,te,2.95878394970165,29.06572743438279,25.810516987612107,27.381714924341388,30.996203466660273,32.296699303271,2000
2148,SSP2-4.5,te,2.9657825828750624,29.23438777018631,25.960288242166833,27.54060340371771,31.176065818191756,32.48410807059438,2000
2149,SSP2-4.5,te,2.9683836306820024,29.403366359530164,26.11034210751902,27.69979169763453,31.356267560901813,32.67187046880202,2000
2150,SSP2-4.5,te,2.9722953128435785,29.57125961787446,26.25943219330421,27.85795754254864,31.535311887525623,32.858426889659995,2000
2151,SSP2-4.5,te,2.970185458195693,29.738202573425106,26.40767840527085,28.01522814339063,31.713342794519278,33.04392737122856,2000
2152,SSP2-4.5,te,2.9785879892536715,29.902620468006752,26.55368234997677,28.170119980454007,31.888680932039414,33.226622103826195,2000
2153,SSP2-4.5,te,2.980893502873745,30.066634318977307,26.699327501856626,28.32463118341832,32.063588190339104,33.40886787896896,2000
2154,SSP2-4.5,te,2.9901192826861647,30.22797564740327,26.842599439830423,28.47662470466934,32.235645423544845,33.58814405160656,2000
2155,SSP2-4.5,te,2.99026878499542,30.39064343353007,26.987049279134855,28.62986783120568,32.409117214596364,33.76889413215164,2000
2156,SSP2-4.5,te,2.9946883789184047,30.554172435963007,27.132263882994025,28.783922276826875,32.583507421879304,33.950601162566194,2000
2157,SSP2-4.5,te,3.001737670207785,30.720923668861868,27.280339844249685,28.941012263059868,32.76133387246163,34.13588860942409,2000
2158,SSP2-4.5,te,3.0127330710443068,30.890626040654983,27.4310364321776,29.100882404858787,32.94230746951847,34.324455246375706,2000
2159,SSP2-4.5,te,3.0197078361950673,31.0607966337915,27.582148803091336,29.261193640154353,33.12378038605942,34.51354215256777,2000
2160,SSP2-4.5,te,3.031471706062024,31.230465021973806,27.73281521339627,29.421031767287715,33.30471774239539,34.70207102826047,2000
2161,SSP2-4.5,te,3.0396118939419163,31.398357341387392,27.881904465406105,29.57919672767095,33.48376106772696,34.88862640581538,2000
2162,SSP2-4.5,te,3.0432099809958504,31.55826157471724,28.023900255467385,29.7298364163599,33.654285757420745,35.06630573459987,2000
2163,SSP2-4.5,te,3.052148594090893,31.717835566619556,28.165602789425087,29.880164997176344,33.82445827184198,35.2436181120288,2000
2164,SSP2-4.5,te,3.047931323994419,31.87328993448703,28.303647075834228,30.02661263707458,33.99023754666244,35.416352924385734,2000
2165,SSP2-4.5,te,3.040278637942832,32.02905362752179,28.441966044599177,30.173351680433086,34.15634669128728,35.58943144676807,2000
2166,SSP2-4.5,te,3.0403581762624485,32.18312975094942,28.578786442784363,30.31850092873136,34.320656181971756,35.760634807818974,2000
2167,SSP2-4.5,te,3.047734489320791,32.33636085375886,28.714856458269857,30.46285411528561,34.484064527791574,35.930899215015295,2000
2168,SSP2-4.5,te,3.04823361780483,32.49320079567164,28.854131141630685,30.610607051726,34.65132140316834,36.10517362304911,2000
2169,SSP2-4.5,te,3.059626323523603,32.65631730757927,28.998979451760082,30.764272905731918,34.825271723292786,36.28642231012816,2000
2170,SSP2-4.5,te,3.0749834147468715,32.82586025385123,29.149534468996826,30.923992858818657,35.00607530616703,36.474811799677234,2000
2171,SSP2-4.5,te,3.0782689443636935,32.99252289551005,29.29753176077101,31.08099938661817,35.18380728149124,36.66000080741479,2000
2172,SSP2-4.5,te,3.0873281661738003,33.15751219339792,29.444043114581877,31.236429520975953,35.35975477355724,36.84333046101357,2000
2173,SSP2-4.5,te,3.0938969517300907,33.31237887642032,29.581565533794972,31.38232352536208,35.52490733091215,37.015412260960304,2000
2174,SSP2-4.5,te,3.1007103537667313,33.466035941194605,29.718013805718556,31.52707799446178,35.68876993007076,37.18614998042876,2000
2175,SSP2-4.5,te,3.0978465304561387,33.61588427852037,29.851079907877647,31.66824440647756,35.84857083522188,37.35265559094998,2000
2176,SSP2-4.5,te,3.094410493880068,33.76078804892953,29.979755208922775,31.804752730302017,36.00309876715918,37.51366699213992,2000
2177,SSP2-4.5,te,3.091738765948979,33.90478553722501,30.10762572674189,31.940407280260526,36.15666022389447,37.67367136809797,2000
2178,SSP2-4.5,te,3.0952604882892283,34.04904941719932,30.235732801755997,32.076312787674844,36.310505765406155,37.83397174806858,2000
2179,SSP2-4.5,te,3.1030909239411257,34.193802384982106,30.364274189285325,32.212679046087906,36.464872878767665,37.99481558327933,2000
2180,SSP2-4.5,te,3.1101717264557798,34.34278462072889,30.49657118874201,32.35302953678932,36.62375015794639,38.16035881560701,2000
2181,SSP2-4.5,te,3.1143445463763832,34.49466914488603,30.631445435387423,32.49611416287615,36.78572248858355,38.32912695728169,2000
2182,SSP2-4.5,te,3.1186772358959494,34.646913635994416,30.766639334555936,32.639537900119336,36.9480786943151,38.49829508015106,2000
2183,SSP2-4.5,te,3.128721606416778,34.79643884140256,30.899418493893183,32.78039990186116,37.10753500590021,38.66444163912601,2000
2184,SSP2-4.5,te,3.127434272479736,34.94153067620991,31.028260797101083,32.917085393993204,37.26226349302281,38.825662010118336,2000
2185,SSP2-4.5,te,3.1249031291434646,35.085651438038894,31.156240782458486,33.05285607525308,37.41595641082458,38.985803362804475,2000
2186,SSP2-4.5,te,3.1271550786117377,35.226291851405655,31.28113020029751,33.1853480527666,37.56593782375129,39.14207748842712,2000
2187,SSP2-4.5,te,3.124855846178914,35.36309769743086,31.402614502412757,33.314227630417015,37.71182998655364,39.29409079282419,2000
2188,SSP2-4.5,te,3.117467626026843,35.49952897546376,31.52376618620459,33.442754341826316,37.857322703454365,39.44568789192096,2000
2189,SSP2-4.5,te,3.1222693418152456,35.6351593502244,31.644206663729147,33.57052655276312,38.00196132300486,39.59639505863211,2000
2190,SSP2-4.5,te,3.1230072426454347,35.77127331747591,31.765076573898348,33.69875433776922,38.14711565410175,39.74763957440147,2000
2191,SSP2-4.5,te,3.124951248707645,35.912119262408936,31.890148504836148,33.83143993874419,38.29731624950931,39.90414207866035,2000
2192,SSP2-4.5,te,3.1353104013817092,36.05554913344744,32.01751497558173,33.96655975810111,38.45027238920831,40.063515740527066,2000
2193,SSP2-4.5,te,3.138401015652724,36.197361629844735,32.14344520924202,34.100155910401995,38.601503732114445,40.22109223896253,2000
2194,SSP2-4.5,te,3.1452249376185413,36.3383206763836,32.26861757499349,34.23294806009265,38.751824941065735,40.377720417301404,2000
2195,SSP2-4.5,te,3.1429434615859795,36.479389347105666,32.393887287589244,34.36584348255154,38.90226305517603,40.53447040574426,2000
2196,SSP2-4.5,te,3.150754119961084,36.612056276102905,32.5116962098778,34.49082394408966,39.043741403990076,40.681884707450116,2000
2197,SSP2-4.5,te,3.1509775526428485,36.74618096062214,32.630799626644404,34.617177701590286,39.186774328957995,40.8309188100661,2000
2198,SSP2-4.5,te,3.1506705782963667,36.87500992909245,32.745200420042956,34.73854256667458,39.32415980909505,40.97406852017155,2000
2199,SSP2-4.5,te,3.145422193927286,37.00329546920177,32.85911864623329,34.85939548859503,39.46096576766036,41.116614393940644,2000
2200,SSP2-4.5,te,3.1439863200278855,37.13078446966567,32.97232954107967,34.97949802084965,39.596922282323945,41.25827518401558,2000
2201,SSP2-4.5,te,3.1479313170277257,37.25648145649285,33.0839491185053,35.09791236530121,39.73096776209516,41.39794475863914,2000
2202,SSP2-4.5,te,3.1454508357966993,37.3869977013329,33.19984822208728,35.22086674919798,39.870152583459074,41.542969304242106,2000
2203,SSP2-4.5,te,3.1554508665184695,37.522806197058216,33.320446871954005,35.348806761112336,40.0149811543423,41.69387439200129,2000
2204,SSP2-4.5,te,3.177843058570605,37.661491368482714,33.44360002478883,35.479456779652274,40.16287746283782,41.84797592926477,2000
2205,SSP2-4.5,te,3.1818275667142313,37.79869195807805,33.56543486124545,35.608708230187354,40.30919058713321,42.000427857275014,2000
2206,SSP2-4.5,te,3.1877400554320716,37.934475536431854,33.68601138435678,35.73662476839491,40.45399258569275,42.15130525782572,2000
2207,SSP2-4.5,te,3.1839474757423454,38.06019953065523,33.79765494449058,35.85506455548594,40.58806686662677,42.29100484201144,2000
2208,SSP2-4.5,te,3.1784611399555565,38.18630708543196,33.90963910838873,35.97386568036739,40.72255018328785,42.431130623679536,2000
2209,SSP2-4.5,te,3.1761072227442835,38.30446458718865,34.0145635838965,36.08517736305545,40.848555423439855,42.562422617429775,2000
2210,SSP2-4.5,te,3.1641605774385058,38.42240638995115,34.119296517576686,36.19628584393543,40.97433063838689,42.69347493489562,2000
2211,SSP2-4.5,te,3.1650276369915127,38.53982188464194,34.223562086954466,36.306898510024105,41.09954458914008,42.823942439420804,2000
2212,SSP2-4.5,te,3.1658883447897526,38.65642414581627,34.327105500744075,36.41674505978678,41.22389129335354,42.95350631067538,2000
2213,SSP2-4.5,te,3.1700085126416417,38.77465277137898,34.43209313456117,36.52812374550394,41.34997238118451,43.08487733441659,2000
2214,SSP2-4.5,te,3.1715814064165224,38.893546146092646,34.53767106907835,36.640128666081004,41.47676236921361,43.21698700141003,2000
2215,SSP2-4.5,te,3.1758876434925303,39.01052369691297,34.6415477420236,36.750328761927236,41.601509288912894,43.34696787983827,2000
2216,SSP2-4.5,te,3.1754750512230503,39.12569897593479,34.743823988247165,36.85883100614688,41.7243342342355,43.47494614434707,2000
2217,SSP2-4.5,te,3.1733815970591217,39.23908328571264,34.844509844476164,36.965646046446125,41.84524925842456,43.60093435389287,2000
2218,SSP2-4.5,te,3.1677870663438332,39.352637810501754,34.94534685251962,37.072621439825284,41.96634580289844,43.727111699700544,2000
2219,SSP2-4.5,te,3.1712192930261507,39.46417029961147,35.04438828237324,37.17769195039478,42.08528601292387,43.85104223856126,2000
2220,SSP2-4.5,te,3.17264636797735,39.575224377887864,35.14300488092105,37.28231176833722,42.20371603721378,43.97444118601894,2000
2221,SSP2-4.5,te,3.1670978217293957,39.68647384447597,35.2417949853049,37.387115654167275,42.322354427039286,44.09805724132521,2000
2222,SSP2-4.5,te,3.171169304918796,39.796676567113536,35.33965557562176,37.490933442384005,42.43987655068699,44.22051019570119,2000
2223,SSP2-4.5,te,3.172933659008734,39.90520841129651,35.436032417189054,37.593177159639666,42.55561682013326,44.3411065353015,2000
2224,SSP2-4.5,te,3.1739733049855374,40.013258975873036,35.53198187996509,37.69496748170637,42.67084384453382,44.4611680958303,2000
2225,SSP2-4.5,te,3.168875522725694,40.12229011590594,35.628802098841454,37.79768156656789,42.78711657186504,44.58231923344711,2000
2226,SSP2-4.5,te,3.17081675186613,40.231653929146646,35.725917733254946,37.900709050189505,42.90374406776212,44.70384002451859,2000
2227,SSP2-4.5,te,3.1780258172097824,40.34046386721151,35.82254152363433,38.00321474910081,43.01978090142015,44.82474537116171,2000
2228,SSP2-4.5,te,3.1772140243572085,40.44923669454961,35.919132359495514,38.105685487409716,43.13577815954579,44.94560948181698,2000
2229,SSP2-4.5,te,3.181551880096277,40.55801426776984,36.015727409724704,38.20816069663344,43.25178047876369,45.06647886591083,2000
2230,SSP2-4.5,te,3.183617988312675,40.66454395473832,36.11032632528228,38.308518257824204,43.36538561250648,45.18485048673675,2000
2231,SSP2-4.5,te,3.184446764138385,40.77106124646937,36.20491423380463,38.40886414193383,43.47897752774985,45.30320833445973,2000
2232,SSP2-4.5,te,3.1790690492630462,40.87736326517809,36.29931097876459,38.50900722552723,43.59233987205212,45.42132697922158,2000
2233,SSP2-4.5,te,3.1746744133430718,40.98132404128509,36.39162868812908,38.6069447136256,43.70320547402404,45.53684412679143,2000
2234,SSP2-4.5,te,3.177244407856523,41.082554121562794,36.48152152540843,38.702309717174536,43.811159013887014,45.64932703197781,2000
2235,SSP2-4.5,te,3.180736722372691,41.182254106530095,36.570055630101756,38.796233276201185,43.91748083317215,45.76010975511105,2000
2236,SSP2-4.5,te,3.1817397706146076,41.280611568883614,36.657397567738265,38.88889209579981,44.02237096270551,45.86940071963397,2000
2237,SSP2-4.5,te,3.1852857167340085,41.37899214087162,36.74476002685029,38.98157268610504,44.12728573675997,45.978717362678736,2000
2238,SSP2-4.5,te,3.179729181992373,41.483858653415,36.837882034876515,39.08036343400754,44.239117232014024,46.0952409291452,2000
2239,SSP2-4.5,te,3.1932869042405927,41.59083007503885,36.93287321310333,39.18113713659483,44.353193439370486,46.21410338823996,2000
2240,SSP2-4.5,te,3.1927277346117404,41.696085412973034,37.026340500096914,39.2802941820906,44.46543958486693,46.33105900227022,2000
2241,SSP2-4.5,te,3.198152060459693,41.799232461033554,37.117935614728005,39.37746508798508,44.575437412923606,46.44567196706705,2000
2242,SSP2-4.5,te,3.2000038549235175,41.901730480561476,37.20895438864978,39.474024568815516,44.68474310552632,46.55956375674777,2000
2243,SSP2-4.5,te,3.193758508084568,42.002980613266224,37.29886503258853,39.56940846299232,44.79271802965054,46.67206894340666,2000
2244,SSP2-4.5,te,3.1907706906614135,42.098376739154624,37.38357728805689,39.65927752028186,44.89445013784028,46.778069386694035,2000
2245,SSP2-4.5,te,3.18553867945738,42.19171736502455,37.466464248828444,39.7472101692823,44.99399022462123,46.88178583876996,2000
2246,SSP2-4.5,te,3.1858470041239944,42.28266672326258,37.547227751517795,39.832890096111846,45.09098022149889,46.98284520779729,2000
2247,SSP2-4.5,te,3.18534109157407,42.37284152331859,37.627303442516904,39.91784034117512,45.187144215894406,47.08304391807269,2000
2248,SSP2-4.5,te,3.1845140223988446,42.46377204184943,37.7080502154484,40.00350251983399,45.28411412177664,47.18408235315438,2000
2249,SSP2-4.5,te,3.1908890209511696,42.560799470602554,37.7942110763369,40.094908365428516,45.387585880062005,47.29189543637012,2000
2250,SSP2-4.5,te,3.199832843114245,42.66105265465354,37.88323642469097,40.189353072244785,45.49449764058959,47.40329285268457,2000
2251,SSP2-4.5,te,3.1996955065916,42.76114462599108,37.972118615317825,40.28364590670306,45.601237481041245,47.51451113573832,2000
2252,SSP2-4.5,te,3.2020095289427153,42.857654753472765,38.057820109989386,40.374564422469824,45.70415758014316,47.621749414017536,2000
2253,SSP2-4.5,te,3.20163013849253,42.94996739297643,38.13979421352626,40.461528644662764,45.80260140416442,47.72432360785706,2000
2254,SSP2-4.5,te,3.1907395309021767,43.03742919273695,38.2174607461662,40.54392307546512,45.89587220727979,47.821507738333935,2000
2255,SSP2-4.5,te,3.192000901175227,43.121104017314394,38.2917644251664,40.62274994116447,45.98510451338652,47.91448393013002,2000
2256,SSP2-4.5,te,3.1865292185118244,43.204240715384344,38.36559024503183,40.701069858374225,46.073762951911405,48.006862176801924,2000
2257,SSP2-4.5,te,3.1828776193117942,43.28541398180593,38.4376725273915,40.777540101400184,46.160327552358346,48.09705873503364,2000
2258,SSP2-4.5,te,3.180668153902372,43.36486400912881,38.50822456447754,40.85238694649627,46.24505446029111,48.185340497390236,2000
2259,SSP2-4.5,te,3.1750641593921647,43.443898436708395,38.57840754683208,40.92684227090122,46.32933816534058,48.273160461569915,2000
2260,SSP2-4.5,te,3.1714352473510563,43.52391247320227,38.649460426992576,41.0022204475585,46.41466654258323,48.362068928853866,2000
2261,SSP2-4.5,te,3.1765136075586353,43.60325309740024,38.719915313535225,41.07696422813692,46.49927678109742,48.45022912673778,2000
2262,SSP2-4.5,te,3.1693988022173585,43.684528449247864,38.792088248283655,41.1535306419551,46.58595024724001,48.54053911830143,2000
2263,SSP2-4.5,te,3.172175227698431,43.764406463922086,38.863020340361516,41.22878067763612,46.67113356841938,48.629296443460404,2000
2264,SSP2-4.5,te,3.1719253793980693,43.84271907472343,38.93256234566641,41.302556005942776,46.754647515348246,48.71631435307284,2000
2265,SSP2-4.5,te,3.172016898032787,43.92036575397269,39.00151300029285,41.375703985494454,46.837451301145585,48.802592305595184,2000
2266,SSP2-4.5,te,3.174630811843646,43.99441111998104,39.06726567004891,41.4454593049884,46.91641458309817,48.884868619723946,2000
2267,SSP2-4.5,te,3.17154846233921,44.06711388839767,39.131826106167374,41.51394981442047,46.993946095341194,48.965653091929845,2000
2268,SSP2-4.5,te,3.1681918060376018,44.13976527057382,39.19634091103727,41.58239191483229,47.071422808392676,49.046380465755504,2000
2269,SSP2-4.5,te,3.1687787749210354,44.21107513631574,39.25966444234306,41.64957022369955,47.14746890469998,49.12561719899822,2000
2270,SSP2-4.5,te,3.1666747597861713,44.28201138002474,39.32265619534224,41.716396557477985,47.22311656389339,49.20443877805366,2000
2271,SSP2-4.5,te,3.1618652862592103,44.353419602740544,39.38606706815188,41.78366752470466,47.2992675498093,49.28378480171811,2000
2272,SSP2-4.5,te,3.158245149386785,44.426060221562444,39.45057231510729,41.852099485370346,47.37673278463031,49.364500215725585,2000
2273,SSP2-4.5,te,3.1624191376406428,44.498508550837684,39.51490680794611,41.920350297376956,47.45399295849331,49.44500196511097,2000
2274,SSP2-4.5,te,3.1650339020215794,44.57031929530474,39.57867512216238,41.98800046501651,47.53057320069156,49.52479525519918,2000
2275,SSP2-4.5,te,3.164808831597946,44.641441938255646,39.641832398656916,42.055002398422246,47.606419639318275,49.603823953800486,2000
2276,SSP2-4.5,te,3.1631732377341475,44.71346921673816,39.70579299620402,42.122856554511635,47.683230797202896,49.68385784801609,2000
2277,SSP2-4.5,te,3.16326371499335,44.78439402463492,39.76877459414253,42.189672115046875,47.7588662610448,49.76266672004432,2000
2278,SSP2-4.5,te,3.158153851858291,44.852802243470336,39.82952144791833,42.254116892865085,47.831817990004666,49.83867925675401,2000
2279,SSP2-4.5,te,3.1568005376621895,44.920754976300316,39.8898638277546,42.318132574663544,47.90428398066905,49.91418567523261,2000
2280,SSP2-4.5,te,3.1546490540569203,44.98786185497473,39.949455084705654,42.381351409474185,47.97584793756985,49.9887522136625,2000
2281,SSP2-4.5,te,3.1499100211949282,45.055683379306636,40.009680950713864,42.44524348474334,48.04817400518184,50.064112838390784,2000
2282,SSP2-4.5,te,3.15024875869216,45.12264888311209,40.06914666604669,42.50832913567382,48.11958719743335,50.138522286596725,2000
2283,SSP2-4.5,te,3.147096772786418,45.19080714045829,40.12967155272126,42.572538434292156,48.19227236306028,50.21425707587784,2000
2284,SSP2-4.5,te,3.15009976890474,45.25785923322511,40.1892141595017,42.63570565738563,48.26377789530466,50.28876273835038,2000
2285,SSP2-4.5,te,3.1574800012205135,45.32270695480615,40.246799273215245,42.69679622633264,48.33293264730642,50.360818989794055,2000
2286,SSP2-4.5,te,3.1615346488483613,45.38562136713017,40.30266759826303,42.75606549825359,48.400025684278674,50.43072702362041,2000
2287,SSP2-4.5,te,3.1584887497342646,45.44983184503258,40.3596868362788,42.816555744198695,48.46850086840223,50.50207519481671,2000
2288,SSP2-4.5,te,3.1549037379602294,45.51383267822511,40.41651990870289,42.8768484918464,48.53675248371617,50.57319041701248,2000
2289,SSP2-4.5,te,3.1524019371801986,45.57824121089245,40.47371502037904,42.93752531764318,48.60543887692801,50.64475865891589,2000
2290,SSP2-4.5,te,3.156487227064726,45.640607387418235,40.52909650918936,42.99627811749672,48.67194726559279,50.71405751456969,2000
2291,SSP2-4.5,te,3.15519245429319,45.70252330221183,40.584078163241934,43.05460674291941,48.73797548721908,50.78285605700046,2000
2292,SSP2-4.5,te,3.1551475597409175,45.76328916252098,40.638038562936615,43.11185194580909,48.80277727049531,50.850376703877075,2000
2293,SSP2-4.5,te,3.150208223817075,45.82492006869488,40.69276712785399,43.169912075464964,48.8685015539117,50.91885855587889,2000
2294,SSP2-4.5,te,3.149115689075586,45.88668661322605,40.7476161403374,43.22809998485179,48.934370484460324,50.987491123917266,2000
2295,SSP2-4.5,te,3.154665790063345,45.9487702638623,40.80274674468982,43.28658662782407,49.00057758254237,51.05647604785476,2000
2296,SSP2-4.5,te,3.1544817174597855,46.01294288529445,40.8597323659633,43.347041210630216,49.069012395859545,51.12778215442221,2000
2297,SSP2-4.5,te,3.1665308688589184,46.079279585520766,40.91863970045058,43.40953448965512,49.13975502090356,51.20149290068918,2000
2298,SSP2-4.5,te,3.1640192072810542,46.14765675357002,40.97935898096694,43.47395001571016,49.21267363675838,51.27747093497996,2000
2299,SSP2-4.5,te,3.170827332337375,46.214424247710085,41.03864886268805,43.53684912927555,49.283875668016556,51.35166036259167,2000
2300,SSP2-4.5,te,3.176290724870756,46.28167745893626,41.09837006370541,43.600205818410515,49.355595676526875,51.4263895000287,2000
1990,SSP2-4.5,lws,0.5557397132233756,-0.24584167316555972,-0.24584167316555972,-0.24584167316555972,-0.24584167316555972,-0.24584167316555972,2000
1991,SSP2-4.5,lws,0.5885637306361448,-0.1757194311916827,-0.1757194311916827,-0.1757194311916827,-0.1757194311916827,-0.1757194311916827,2000
1992,SSP2-4.5,lws,0.5090689778394178,-0.003778270035982162,-0.003778270035982162,-0.003778270035982162,-0.003778270035982162,-0.003778270035982162,2000
1993,SSP2-4.5,lws,0.3084522979487564,-0.2615778715908528,-0.2615778715908528,-0.2615778715908528,-0.2615778715908528,-0.2615778715908528,2000
1994,SSP2-4.5,lws,0.332676813580452,-0.27164194896817206,-0.27164194896817206,-0.27164194896817206,-0.27164194896817206,-0.27164194896817206,2000
1995,SSP2-4.5,lws,0.4547856293863089,-0.14735181644558906,-0.14735181644558906,-0.14735181644558906,-0.14735181644558906,-0.14735181644558906,2000
1996,SSP2-4.5,lws,0.5463394857269461,-0.1586974175274372,-0.1586974175274372,-0.1586974175274372,-0.1586974175274372,-0.1586974175274372,2000
1997,SSP2-4.5,lws,0.600043540445978,-0.23735091999173166,-0.23735091999173166,-0.23735091999173166,-0.23735091999173166,-0.23735091999173166,2000
1998,SSP2-4.5,lws,0.6466075693928761,-0.1313090594112873,-0.1313090594112873,-0.1313090594112873,-0.1313090594112873,-0.1313090594112873,2000
1999,SSP2-4.5,lws,0.686007840655961,-0.2087992461025715,-0.2087992461025715,-0.2087992461025715,-0.2087992461025715,-0.2087992461025715,2000
2000,SSP2-4.5,lws,0.7295563669080296,-0.32454231098294256,-0.32454231098294256,-0.32454231098294256,-0.32454231098294256,-0.32454231098294256,2000
2001,SSP2-4.5,lws,0.7655239205849365,-0.09254472568631175,-0.09254472568631175,-0.09254472568631175,-0.09254472568631175,-0.09254472568631175,2000
2002,SSP2-4.5,lws,0.7999498588212678,0.09316616937518121,0.09316616937518121,0.09316616937518121,0.09316616937518121,0.09316616937518121,2000
2003,SSP2-4.5,lws,0.8301407393993533,0.1727743773162365,0.1727743773162365,0.1727743773162365,0.1727743773162365,0.1727743773162365,2000
2004,SSP2-4.5,lws,0.8359312010698448,-0.09635720565915114,-0.09635720565915114,-0.09635720565915114,-0.09635720565915114,-0.09635720565915114,2000
2005,SSP2-4.5,lws,0.843916603443868,0.05936951324343681,0.05936951324343681,0.05936951324343681,0.05936951324343681,0.05936951324343681,2000
2006,SSP2-4.5,lws,0.8516506513236204,0.08149288579821579,0.08149288579821579,0.08149288579821579,0.08149288579821579,0.08149288579821579,2000
2007,SSP2-4.5,lws,0.8597675192449368,0.005451270788908016,0.005451270788908016,0.005451270788908016,0.005451270788908016,0.005451270788908016,2000
2008,SSP2-4.5,lws,0.8671015531069908,0.028783222883939724,0.028783222883939724,0.028783222883939724,0.028783222883939724,0.028783222883939724,2000
2009,SSP2-4.5,lws,0.8915919796329949,0.13125301286578184,0.13125301286578184,0.13125301286578184,0.13125301286578184,0.13125301286578184,2000
2010,SSP2-4.5,lws,0.91224213325433,0.1817515341937542,0.1817515341937542,0.1817515341937542,0.1817515341937542,0.1817515341937542,2000
2011,SSP2-4.5,lws,0.9463726707864436,-0.09823055580258364,-0.09823055580258364,-0.09823055580258364,-0.09823055580258364,-0.09823055580258364,2000
2012,SSP2-4.5,lws,0.9634454159642772,0.3081764189898968,0.3081764189898968,0.3081764189898968,0.3081764189898968,0.3081764189898968,2000
2013,SSP2-4.5,lws,1.0010392042679888,0.2743758557736874,0.2743758557736874,0.2743758557736874,0.2743758557736874,0.2743758557736874,2000
2014,SSP2-4.5,lws,1.034758969518629,0.1585889963805676,0.1585889963805676,0.1585889963805676,0.1585889963805676,0.1585889963805676,2000
2015,SSP2-4.5,lws,1.0655474016558886,0.5689081160724163,0.5689081160724163,0.5689081160724163,0.5689081160724163,0.5689081160724163,2000
2016,SSP2-4.5,lws,1.0982433117141364,0.7298510758578777,0.7298510758578777,0.7298510758578777,0.7298510758578777,0.7298510758578777,2000
2017,SSP2-4.5,lws,1.1215083354395925,0.5100206343829632,0.5100206343829632,0.5100206343829632,0.5100206343829632,0.5100206343829632,2000
2018,SSP2-4.5,lws,1.1514531927883527,0.4350231377780437,0.4350231377780437,0.4350231377780437,0.4350231377780437,0.4350231377780437,2000
2019,SSP2-4.5,lws,1.172690213058829,0.5583970049159653,0.5583970049159653,0.5583970049159653,0.5583970049159653,0.5583970049159653,2000
2020,SSP2-4.5,lws,1.183004264307409,0.33010642546032465,0.33010642546032465,0.33010642546032465,0.33010642546032465,0.33010642546032465,2000
2021,SSP2-4.5,lws,1.2100067371777328,0.4152830854228824,0.4152830854228824,0.4152830854228824,0.4152830854228824,0.4152830854228824,2000
2022,SSP2-4.5,lws,1.2401553910866456,0.40877598515753566,0.40877598515753566,0.40877598515753566,0.40877598515753566,0.40877598515753566,2000
2023,SSP2-4.5,lws,1.2795255652495054,0.5038468232151402,0.5038468232151402,0.5038468232151402,0.5038468232151402,0.5038468232151402,2000
2024,SSP2-4.5,lws,1.3120856196879593,0.5338468232151401,0.5338468232151401,0.5338468232151401,0.5338468232151401,0.5338468232151401,2000
2025,SSP2-4.5,lws,1.3418920592536896,0.5638468232151401,0.5638468232151401,0.5638468232151401,0.5638468232151401,0.5638468232151401,2000
2026,SSP2-4.5,lws,1.3677890858907344,0.5938468232151402,0.5938468232151402,0.5938468232151402,0.5938468232151402,0.5938468232151402,2000
2027,SSP2-4.5,lws,1.3864760205740927,0.6238468232151401,0.6238468232151401,0.6238468232151401,0.6238468232151401,0.6238468232151401,2000
2028,SSP2-4.5,lws,1.3979689025093112,0.6538468232151401,0.6538468232151401,0.6538468232151401,0.6538468232151401,0.6538468232151401,2000
2029,SSP2-4.5,lws,1.408837738356086,0.6838468232151401,0.6838468232151401,0.6838468232151401,0.6838468232151401,0.6838468232151401,2000
2030,SSP2-4.5,lws,1.4255063585080254,0.7138468232151401,0.7138468232151401,0.7138468232151401,0.7138468232151401,0.7138468232151401,2000
2031,SSP2-4.5,lws,1.4370992723377307,0.7438468232151402,0.7438468232151402,0.7438468232151402,0.7438468232151402,0.7438468232151402,2000
2032,SSP2-4.5,lws,1.4616617718592628,0.7738468232151402,0.7738468232151402,0.7738468232151402,0.7738468232151402,0.7738468232151402,2000
2033,SSP2-4.5,lws,1.4778573883674204,0.8038468232151401,0.8038468232151401,0.8038468232151401,0.8038468232151401,0.8038468232151401,2000
2034,SSP2-4.5,lws,1.5019259013859052,0.8338468232151401,0.8338468232151401,0.8338468232151401,0.8338468232151401,0.8338468232151401,2000
2035,SSP2-4.5,lws,1.5283526230299938,0.8638468232151402,0.8638468232151402,0.8638468232151402,0.8638468232151402,0.8638468232151402,2000
2036,SSP2-4.5,lws,1.5613546071573317,0.8938468232151401,0.8938468232151401,0.8938468232151401,0.8938468232151401,0.8938468232151401,2000
2037,SSP2-4.5,lws,1.587060677962975,0.9238468232151401,0.9238468232151401,0.9238468232151401,0.9238468232151401,0.9238468232151401,2000
2038,SSP2-4.5,lws,1.6067201941456666,0.9538468232151401,0.9538468232151401,0.9538468232151401,0.9538468232151401,0.9538468232151401,2000
2039,SSP2-4.5,lws,1.6374169818992061,0.9838468232151402,0.9838468232151402,0.9838468232151402,0.9838468232151402,0.9838468232151402,2000
2040,SSP2-4.5,lws,1.6573993350465797,1.0138468232151403,1.0138468232151403,1.0138468232151403,1.0138468232151403,1.0138468232151403,2000
2041,SSP2-4.5,lws,1.6664751162991946,1.04384682321514,1.04384682321514,1.04384682321514,1.04384682321514,1.04384682321514,2000
2042,SSP2-4.5,lws,1.6945524916845651,1.0738468232151401,1.0738468232151401,1.0738468232151401,1.0738468232151401,1.0738468232151401,2000
2043,SSP2-4.5,lws,1.7136466981948066,1.1038468232151402,1.1038468232151402,1.1038468232151402,1.1038468232151402,1.1038468232151402,2000
2044,SSP2-4.5,lws,1.7343382432222323,1.1338468232151402,1.1338468232151402,1.1338468232151402,1.1338468232151402,1.1338468232151402,2000
2045,SSP2-4.5,lws,1.7642365070714197,1.1638468232151402,1.1638468232151402,1.1638468232151402,1.1638468232151402,1.1638468232151402,2000
2046,SSP2-4.5,lws,1.791471712208186,1.1938468232151402,1.1938468232151402,1.1938468232151402,1.1938468232151402,1.1938468232151402,2000
2047,SSP2-4.5,lws,1.8223477276736575,1.22384682321514,1.22384682321514,1.22384682321514,1.22384682321514,1.22384682321514,2000
2048,SSP2-4.5,lws,1.8453603425113239,1.25384682321514,1.25384682321514,1.25384682321514,1.25384682321514,1.25384682321514,2000
2049,SSP2-4.5,lws,1.8766319513360963,1.28384682321514,1.28384682321514,1.28384682321514,1.28384682321514,1.28384682321514,2000
2050,SSP2-4.5,lws,1.9012996219999792,1.3138468232151401,1.3138468232151401,1.3138468232151401,1.3138468232151401,1.3138468232151401,2000
2051,SSP2-4.5,lws,1.9185206739017857,1.3438468232151402,1.3438468232151402,1.3438468232151402,1.3438468232151402,1.3438468232151402,2000
2052,SSP2-4.5,lws,1.9397378533344576,1.3738468232151402,1.3738468232151402,1.3738468232151402,1.3738468232151402,1.3738468232151402,2000
2053,SSP2-4.5,lws,1.9553531657233012,1.40384682321514,1.40384682321514,1.40384682321514,1.40384682321514,1.40384682321514,2000
2054,SSP2-4.5,lws,1.976175040081812,1.43384682321514,1.43384682321514,1.43384682321514,1.43384682321514,1.43384682321514,2000
2055,SSP2-4.5,lws,1.9918993071909756,1.46384682321514,1.46384682321514,1.46384682321514,1.46384682321514,1.46384682321514,2000
2056,SSP2-4.5,lws,2.018534525307487,1.4938468232151403,1.4938468232151403,1.4938468232151403,1.4938468232151403,1.4938468232151403,2000
2057,SSP2-4.5,lws,2.045565112311136,1.5238468232151403,1.5238468232151403,1.5238468232151403,1.5238468232151403,1.5238468232151403,2000
2058,SSP2-4.5,lws,2.0744582727819525,1.5538468232151406,1.5538468232151406,1.5538468232151406,1.5538468232151406,1.5538468232151406,2000
2059,SSP2-4.5,lws,2.0986882912029854,1.5838468232151408,1.5838468232151408,1.5838468232151408,1.5838468232151408,1.5838468232151408,2000
2060,SSP2-4.5,lws,2.121309551223493,1.6138468232151408,1.6138468232151408,1.6138468232151408,1.6138468232151408,1.6138468232151408,2000
2061,SSP2-4.5,lws,2.139430662267365,1.643846823215141,1.643846823215141,1.643846823215141,1.643846823215141,1.643846823215141,2000
2062,SSP2-4.5,lws,2.1635962247428213,1.6738468232151413,1.6738468232151413,1.6738468232151413,1.6738468232151413,1.6738468232151413,2000
2063,SSP2-4.5,lws,2.1759027519883563,1.7038468232151414,1.7038468232151414,1.7038468232151414,1.7038468232151414,1.7038468232151414,2000
2064,SSP2-4.5,lws,2.1981576617583647,1.7338468232151416,1.7338468232151416,1.7338468232151416,1.7338468232151416,1.7338468232151416,2000
2065,SSP2-4.5,lws,2.2112788524875375,1.7638468232151416,1.7638468232151416,1.7638468232151416,1.7638468232151416,1.7638468232151416,2000
2066,SSP2-4.5,lws,2.223814172910278,1.7938468232151419,1.7938468232151419,1.7938468232151419,1.7938468232151419,1.7938468232151419,2000
2067,SSP2-4.5,lws,2.2450214919980853,1.8238468232151421,1.8238468232151421,1.8238468232151421,1.8238468232151421,1.8238468232151421,2000
2068,SSP2-4.5,lws,2.260248066034934,1.8538468232151422,1.8538468232151422,1.8538468232151422,1.8538468232151422,1.8538468232151422,2000
2069,SSP2-4.5,lws,2.277302149343303,1.8838468232151424,1.8838468232151424,1.8838468232151424,1.8838468232151424,1.8838468232151424,2000
2070,SSP2-4.5,lws,2.30378820441938,1.9138468232151424,1.9138468232151424,1.9138468232151424,1.9138468232151424,1.9138468232151424,2000
2071,SSP2-4.5,lws,2.326830641245917,1.9438468232151427,1.9438468232151427,1.9438468232151427,1.9438468232151427,1.9438468232151427,2000
2072,SSP2-4.5,lws,2.3540988723831293,1.973846823215143,1.973846823215143,1.973846823215143,1.973846823215143,1.973846823215143,2000
2073,SSP2-4.5,lws,2.3650590808922263,2.003846823215143,2.003846823215143,2.003846823215143,2.003846823215143,2.003846823215143,2000
2074,SSP2-4.5,lws,2.387183250691529,2.033846823215143,2.033846823215143,2.033846823215143,2.033846823215143,2.033846823215143,2000
2075,SSP2-4.5,lws,2.410546743432703,2.063846823215143,2.063846823215143,2.063846823215143,2.063846823215143,2.063846823215143,2000
2076,SSP2-4.5,lws,2.418819423927599,2.0938468232151433,2.0938468232151433,2.0938468232151433,2.0938468232151433,2.0938468232151433,2000
2077,SSP2-4.5,lws,2.430630918608847,2.1238468232151435,2.1238468232151435,2.1238468232151435,2.1238468232151435,2.1238468232151435,2000
2078,SSP2-4.5,lws,2.4430852212607705,2.1538468232151438,2.1538468232151438,2.1538468232151438,2.1538468232151438,2.1538468232151438,2000
2079,SSP2-4.5,lws,2.4581859544496756,2.183846823215144,2.183846823215144,2.183846823215144,2.183846823215144,2.183846823215144,2000
2080,SSP2-4.5,lws,2.4717666328743406,2.213846823215144,2.213846823215144,2.213846823215144,2.213846823215144,2.213846823215144,2000
2081,SSP2-4.5,lws,2.496329323714633,2.243846823215144,2.243846823215144,2.243846823215144,2.243846823215144,2.243846823215144,2000
2082,SSP2-4.5,lws,2.517094000189755,2.2738468232151443,2.2738468232151443,2.2738468232151443,2.2738468232151443,2.2738468232151443,2000
2083,SSP2-4.5,lws,2.5428749218122637,2.3038468232151446,2.3038468232151446,2.3038468232151446,2.3038468232151446,2.3038468232151446,2000
2084,SSP2-4.5,lws,2.5592701453204163,2.333846823215145,2.333846823215145,2.333846823215145,2.333846823215145,2.333846823215145,2000
2085,SSP2-4.5,lws,2.5669566940894564,2.3638468232151446,2.3638468232151446,2.3638468232151446,2.3638468232151446,2.3638468232151446,2000
2086,SSP2-4.5,lws,2.577506195910472,2.393846823215145,2.393846823215145,2.393846823215145,2.393846823215145,2.393846823215145,2000
2087,SSP2-4.5,lws,2.585264872543303,2.423846823215145,2.423846823215145,2.423846823215145,2.423846823215145,2.423846823215145,2000
2088,SSP2-4.5,lws,2.588591115389118,2.4538468232151454,2.4538468232151454,2.4538468232151454,2.4538468232151454,2.4538468232151454,2000
2089,SSP2-4.5,lws,2.595504370864205,2.4838468232151456,2.4838468232151456,2.4838468232151456,2.4838468232151456,2.4838468232151456,2000
2090,SSP2-4.5,lws,2.609511482957791,2.513846823215146,2.513846823215146,2.513846823215146,2.513846823215146,2.513846823215146,2000
2091,SSP2-4.5,lws,2.6173312438445695,2.5438468232151457,2.5438468232151457,2.5438468232151457,2.5438468232151457,2.5438468232151457,2000
2092,SSP2-4.5,lws,2.6378716116464065,2.573846823215146,2.573846823215146,2.573846823215146,2.573846823215146,2.573846823215146,2000
2093,SSP2-4.5,lws,2.6523174983606377,2.603846823215146,2.603846823215146,2.603846823215146,2.603846823215146,2.603846823215146,2000
2094,SSP2-4.5,lws,2.6651921272003016,2.6338468232151464,2.6338468232151464,2.6338468232151464,2.6338468232151464,2.6338468232151464,2000
2095,SSP2-4.5,lws,2.678543258788642,2.6638468232151467,2.6638468232151467,2.6638468232151467,2.6638468232151467,2.6638468232151467,2000
2096,SSP2-4.5,lws,2.694782035302737,2.6938468232151465,2.6938468232151465,2.6938468232151465,2.6938468232151465,2.6938468232151465,2000
2097,SSP2-4.5,lws,2.6972775183419606,2.7238468232151467,2.7238468232151467,2.7238468232151467,2.7238468232151467,2.7238468232151467,2000
2098,SSP2-4.5,lws,2.6943852970896827,2.753846823215147,2.753846823215147,2.753846823215147,2.753846823215147,2.753846823215147,2000
2099,SSP2-4.5,lws,2.700493500184702,2.783846823215147,2.783846823215147,2.783846823215147,2.783846823215147,2.783846823215147,2000
2100,SSP2-4.5,lws,2.704152266699876,2.8138468232151475,2.8138468232151475,2.8138468232151475,2.8138468232151475,2.8138468232151475,2000
2101,SSP2-4.5,lws,2.7173042385897594,2.8438468232151473,2.8438468232151473,2.8438468232151473,2.8438468232151473,2.8438468232151473,2000
2102,SSP2-4.5,lws,2.727228115930526,2.8738468232151475,2.8738468232151475,2.8738468232151475,2.8738468232151475,2.8738468232151475,2000
2103,SSP2-4.5,lws,2.739039524138542,2.9038468232151478,2.9038468232151478,2.9038468232151478,2.9038468232151478,2.9038468232151478,2000
2104,SSP2-4.5,lws,2.74654226826949,2.933846823215148,2.933846823215148,2.933846823215148,2.933846823215148,2.933846823215148,2000
2105,SSP2-4.5,lws,2.7579185077277986,2.9638468232151483,2.9638468232151483,2.9638468232151483,2.9638468232151483,2.9638468232151483,2000
2106,SSP2-4.5,lws,2.7608870553911404,2.9938468232151485,2.9938468232151485,2.9938468232151485,2.9938468232151485,2.9938468232151485,2000
2107,SSP2-4.5,lws,2.7656185489965,3.0238468232151483,3.0238468232151483,3.0238468232151483,3.0238468232151483,3.0238468232151483,2000
2108,SSP2-4.5,lws,2.7735554224412,3.053846823215148,3.053846823215148,3.053846823215148,3.053846823215148,3.053846823215148,2000
2109,SSP2-4.5,lws,2.77512769977057,3.0838468232151484,3.0838468232151484,3.0838468232151484,3.0838468232151484,3.0838468232151484,2000
2110,SSP2-4.5,lws,2.780207036266814,3.1138468232151486,3.1138468232151486,3.1138468232151486,3.1138468232151486,3.1138468232151486,2000
2111,SSP2-4.5,lws,2.7765912407960753,3.143846823215149,3.143846823215149,3.143846823215149,3.143846823215149,3.143846823215149,2000
2112,SSP2-4.5,lws,2.7853506426444268,3.173846823215149,3.173846823215149,3.173846823215149,3.173846823215149,3.173846823215149,2000
2113,SSP2-4.5,lws,2.792846135981751,3.203846823215149,3.203846823215149,3.203846823215149,3.203846823215149,3.203846823215149,2000
2114,SSP2-4.5,lws,2.795639723841476,3.233846823215149,3.233846823215149,3.233846823215149,3.233846823215149,3.233846823215149,2000
2115,SSP2-4.5,lws,2.8136952482146236,3.2638468232151494,3.2638468232151494,3.2638468232151494,3.2638468232151494,3.2638468232151494,2000
2116,SSP2-4.5,lws,2.815784639695381,3.2938468232151497,3.2938468232151497,3.2938468232151497,3.2938468232151497,3.2938468232151497,2000
2117,SSP2-4.5,lws,2.832026219157308,3.32384682321515,3.32384682321515,3.32384682321515,3.32384682321515,3.32384682321515,2000
2118,SSP2-4.5,lws,2.8316721579939634,3.35384682321515,3.35384682321515,3.35384682321515,3.35384682321515,3.35384682321515,2000
2119,SSP2-4.5,lws,2.82849943463284,3.38384682321515,3.38384682321515,3.38384682321515,3.38384682321515,3.38384682321515,2000
2120,SSP2-4.5,lws,2.8288471477715067,3.41384682321515,3.41384682321515,3.41384682321515,3.41384682321515,3.41384682321515,2000
2121,SSP2-4.5,lws,2.832965516336239,3.4438468232151505,3.4438468232151505,3.4438468232151505,3.4438468232151505,3.4438468232151505,2000
2122,SSP2-4.5,lws,2.83605623110695,3.4738468232151507,3.4738468232151507,3.4738468232151507,3.4738468232151507,3.4738468232151507,2000
2123,SSP2-4.5,lws,2.8398534821480577,3.503846823215151,3.503846823215151,3.503846823215151,3.503846823215151,3.503846823215151,2000
2124,SSP2-4.5,lws,2.853088212421998,3.5338468232151508,3.5338468232151508,3.5338468232151508,3.5338468232151508,3.5338468232151508,2000
2125,SSP2-4.5,lws,2.8666117703944045,3.563846823215151,3.563846823215151,3.563846823215151,3.563846823215151,3.563846823215151,2000
2126,SSP2-4.5,lws,2.87780830479432,3.5938468232151513,3.5938468232151513,3.5938468232151513,3.5938468232151513,3.5938468232151513,2000
2127,SSP2-4.5,lws,2.8785542184523245,3.6238468232151515,3.6238468232151515,3.6238468232151515,3.6238468232151515,3.6238468232151515,2000
2128,SSP2-4.5,lws,2.8834554184912604,3.6538468232151518,3.6538468232151518,3.6538468232151518,3.6538468232151518,3.6538468232151518,2000
2129,SSP2-4.5,lws,2.8872455218264204,3.6838468232151516,3.6838468232151516,3.6838468232151516,3.6838468232151516,3.6838468232151516,2000
2130,SSP2-4.5,lws,2.8935169700382746,3.713846823215152,3.713846823215152,3.713846823215152,3.713846823215152,3.713846823215152,2000
2131,SSP2-4.5,lws,2.888070332152276,3.743846823215152,3.743846823215152,3.743846823215152,3.743846823215152,3.743846823215152,2000
2132,SSP2-4.5,lws,2.8949389869596502,3.7738468232151523,3.7738468232151523,3.7738468232151523,3.7738468232151523,3.7738468232151523,2000
2133,SSP2-4.5,lws,2.896333372925594,3.8038468232151526,3.8038468232151526,3.8038468232151526,3.8038468232151526,3.8038468232151526,2000
2134,SSP2-4.5,lws,2.9044273117271864,3.8338468232151524,3.8338468232151524,3.8338468232151524,3.8338468232151524,3.8338468232151524,2000
2135,SSP2-4.5,lws,2.9113093095115943,3.8638468232151526,3.8638468232151526,3.8638468232151526,3.8638468232151526,3.8638468232151526,2000
2136,SSP2-4.5,lws,2.9233238739641325,3.893846823215153,3.893846823215153,3.893846823215153,3.893846823215153,3.893846823215153,2000
2137,SSP2-4.5,lws,2.929481078674987,3.923846823215153,3.923846823215153,3.923846823215153,3.923846823215153,3.923846823215153,2000
2138,SSP2-4.5,lws,2.938177515841967,3.9538468232151533,3.9538468232151533,3.9538468232151533,3.9538468232151533,3.9538468232151533,2000
2139,SSP2-4.5,lws,2.936460298693736,3.9838468232151536,3.9838468232151536,3.9838468232151536,3.9838468232151536,3.9838468232151536,2000
2140,SSP2-4.5,lws,2.9373491998733727,4.013846823215154,4.013846823215154,4.013846823215154,4.013846823215154,4.013846823215154,2000
2141,SSP2-4.5,lws,2.9372942472218804,4.043846823215154,4.043846823215154,4.043846823215154,4.043846823215154,4.043846823215154,2000
2142,SSP2-4.5,lws,2.933659008204557,4.0738468232151535,4.0738468232151535,4.0738468232151535,4.0738468232151535,4.0738468232151535,2000
2143,SSP2-4.5,lws,2.936899320900144,4.103846823215154,4.103846823215154,4.103846823215154,4.103846823215154,4.103846823215154,2000
2144,SSP2-4.5,lws,2.9414334966798807,4.133846823215154,4.133846823215154,4.133846823215154,4.133846823215154,4.133846823215154,2000
2145,SSP2-4.5,lws,2.949892369215796,4.163846823215154,4.163846823215154,4.163846823215154,4.163846823215154,4.163846823215154,2000
2146,SSP2-4.5,lws,2.9573481789627047,4.1938468232151545,4.1938468232151545,4.1938468232151545,4.1938468232151545,4.1938468232151545,2000
2147,SSP2-4.5,lws,2.95878394970165,4.223846823215155,4.223846823215155,4.223846823215155,4.223846823215155,4.223846823215155,2000
2148,SSP2-4.5,lws,2.9657825828750624,4.253846823215155,4.253846823215155,4.253846823215155,4.253846823215155,4.253846823215155,2000
2149,SSP2-4.5,lws,2.9683836306820024,4.283846823215155,4.283846823215155,4.283846823215155,4.283846823215155,4.283846823215155,2000
2150,SSP2-4.5,lws,2.9722953128435785,4.3138468232151554,4.3138468232151554,4.3138468232151554,4.3138468232151554,4.3138468232151554,2000
2151,SSP2-4.5,lws,2.970185458195693,4.343846823215156,4.343846823215156,4.343846823215156,4.343846823215156,4.343846823215156,2000
2152,SSP2-4.5,lws,2.9785879892536715,4.373846823215156,4.373846823215156,4.373846823215156,4.373846823215156,4.373846823215156,2000
2153,SSP2-4.5,lws,2.980893502873745,4.403846823215155,4.403846823215155,4.403846823215155,4.403846823215155,4.403846823215155,2000
2154,SSP2-4.5,lws,2.9901192826861647,4.4338468232151556,4.4338468232151556,4.4338468232151556,4.4338468232151556,4.4338468232151556,2000
2155,SSP2-4.5,lws,2.99026878499542,4.463846823215156,4.463846823215156,4.463846823215156,4.463846823215156,4.463846823215156,2000
2156,SSP2-4.5,lws,2.9946883789184047,4.493846823215156,4.493846823215156,4.493846823215156,4.493846823215156,4.493846823215156,2000
2157,SSP2-4.5,lws,3.001737670207785,4.523846823215156,4.523846823215156,4.523846823215156,4.523846823215156,4.523846823215156,2000
2158,SSP2-4.5,lws,3.0127330710443068,4.5538468232151565,4.5538468232151565,4.5538468232151565,4.5538468232151565,4.5538468232151565,2000
2159,SSP2-4.5,lws,3.0197078361950673,4.583846823215157,4.583846823215157,4.583846823215157,4.583846823215157,4.583846823215157,2000
2160,SSP2-4.5,lws,3.031471706062024,4.613846823215157,4.613846823215157,4.613846823215157,4.613846823215157,4.613846823215157,2000
2161,SSP2-4.5,lws,3.0396118939419163,4.643846823215157,4.643846823215157,4.643846823215157,4.643846823215157,4.643846823215157,2000
2162,SSP2-4.5,lws,3.0432099809958504,4.6738468232151575,4.6738468232151575,4.6738468232151575,4.6738468232151575,4.6738468232151575,2000
2163,SSP2-4.5,lws,3.052148594090893,4.703846823215158,4.703846823215158,4.703846823215158,4.703846823215158,4.703846823215158,2000
2164,SSP2-4.5,lws,3.047931323994419,4.733846823215157,4.733846823215157,4.733846823215157,4.733846823215157,4.733846823215157,2000
2165,SSP2-4.5,lws,3.040278637942832,4.763846823215157,4.763846823215157,4.763846823215157,4.763846823215157,4.763846823215157,2000
2166,SSP2-4.5,lws,3.0403581762624485,4.793846823215158,4.793846823215158,4.793846823215158,4.793846823215158,4.793846823215158,2000
2167,SSP2-4.5,lws,3.047734489320791,4.823846823215158,4.823846823215158,4.823846823215158,4.823846823215158,4.823846823215158,2000
2168,SSP2-4.5,lws,3.04823361780483,4.853846823215158,4.853846823215158,4.853846823215158,4.853846823215158,4.853846823215158,2000
2169,SSP2-4.5,lws,3.059626323523603,4.883846823215158,4.883846823215158,4.883846823215158,4.883846823215158,4.883846823215158,2000
2170,SSP2-4.5,lws,3.0749834147468715,4.913846823215159,4.913846823215159,4.913846823215159,4.913846823215159,4.913846823215159,2000
2171,SSP2-4.5,lws,3.0782689443636935,4.943846823215159,4.943846823215159,4.943846823215159,4.943846823215159,4.943846823215159,2000
2172,SSP2-4.5,lws,3.0873281661738003,4.973846823215159,4.973846823215159,4.973846823215159,4.973846823215159,4.973846823215159,2000
2173,SSP2-4.5,lws,3.0938969517300907,5.003846823215159,5.003846823215159,5.003846823215159,5.003846823215159,5.003846823215159,2000
2174,SSP2-4.5,lws,3.1007103537667313,5.03384682321516,5.03384682321516,5.03384682321516,5.03384682321516,5.03384682321516,2000
2175,SSP2-4.5,lws,3.0978465304561387,5.063846823215159,5.063846823215159,5.063846823215159,5.063846823215159,5.063846823215159,2000
2176,SSP2-4.5,lws,3.094410493880068,5.093846823215159,5.093846823215159,5.093846823215159,5.093846823215159,5.093846823215159,2000
2177,SSP2-4.5,lws,3.091738765948979,5.1238468232151595,5.1238468232151595,5.1238468232151595,5.1238468232151595,5.1238468232151595,2000
2178,SSP2-4.5,lws,3.0952604882892283,5.15384682321516,5.15384682321516,5.15384682321516,5.15384682321516,5.15384682321516,2000
2179,SSP2-4.5,lws,3.1030909239411257,5.18384682321516,5.18384682321516,5.18384682321516,5.18384682321516,5.18384682321516,2000
2180,SSP2-4.5,lws,3.1101717264557798,5.21384682321516,5.21384682321516,5.21384682321516,5.21384682321516,5.21384682321516,2000
2181,SSP2-4.5,lws,3.1143445463763832,5.2438468232151605,5.2438468232151605,5.2438468232151605,5.2438468232151605,5.2438468232151605,2000
2182,SSP2-4.5,lws,3.1186772358959494,5.273846823215161,5.273846823215161,5.273846823215161,5.273846823215161,5.273846823215161,2000
2183,SSP2-4.5,lws,3.128721606416778,5.303846823215161,5.303846823215161,5.303846823215161,5.303846823215161,5.303846823215161,2000
2184,SSP2-4.5,lws,3.127434272479736,5.333846823215161,5.333846823215161,5.333846823215161,5.333846823215161,5.333846823215161,2000
2185,SSP2-4.5,lws,3.1249031291434646,5.363846823215161,5.363846823215161,5.363846823215161,5.363846823215161,5.363846823215161,2000
2186,SSP2-4.5,lws,3.1271550786117377,5.393846823215161,5.393846823215161,5.393846823215161,5.393846823215161,5.393846823215161,2000
2187,SSP2-4.5,lws,3.124855846178914,5.423846823215161,5.423846823215161,5.423846823215161,5.423846823215161,5.423846823215161,2000
2188,SSP2-4.5,lws,3.117467626026843,5.453846823215161,5.453846823215161,5.453846823215161,5.453846823215161,5.453846823215161,2000
2189,SSP2-4.5,lws,3.1222693418152456,5.483846823215162,5.483846823215162,5.483846823215162,5.483846823215162,5.483846823215162,2000
2190,SSP2-4.5,lws,3.1230072426454347,5.513846823215162,5.513846823215162,5.513846823215162,5.513846823215162,5.513846823215162,2000
2191,SSP2-4.5,lws,3.124951248707645,5.543846823215162,5.543846823215162,5.543846823215162,5.543846823215162,5.543846823215162,2000
2192,SSP2-4.5,lws,3.1353104013817092,5.573846823215162,5.573846823215162,5.573846823215162,5.573846823215162,5.573846823215162,2000
2193,SSP2-4.5,lws,3.138401015652724,5.603846823215163,5.603846823215163,5.603846823215163,5.603846823215163,5.603846823215163,2000
2194,SSP2-4.5,lws,3.1452249376185413,5.633846823215163,5.633846823215163,5.633846823215163,5.633846823215163,5.633846823215163,2000
2195,SSP2-4.5,lws,3.1429434615859795,5.663846823215163,5.663846823215163,5.663846823215163,5.663846823215163,5.663846823215163,2000
2196,SSP2-4.5,lws,3.150754119961084,5.6938468232151624,5.6938468232151624,5.6938468232151624,5.6938468232151624,5.6938468232151624,2000
2197,SSP2-4.5,lws,3.1509775526428485,5.723846823215163,5.723846823215163,5.723846823215163,5.723846823215163,5.723846823215163,2000
2198,SSP2-4.5,lws,3.1506705782963667,5.753846823215163,5.753846823215163,5.753846823215163,5.753846823215163,5.753846823215163,2000
2199,SSP2-4.5,lws,3.145422193927286,5.783846823215163,5.783846823215163,5.783846823215163,5.783846823215163,5.783846823215163,2000
2200,SSP2-4.5,lws,3.1439863200278855,5.813846823215163,5.813846823215163,5.813846823215163,5.813846823215163,5.813846823215163,2000
2201,SSP2-4.5,lws,3.1479313170277257,5.843846823215164,5.843846823215164,5.843846823215164,5.843846823215164,5.843846823215164,2000
2202,SSP2-4.5,lws,3.1454508357966993,5.873846823215164,5.873846823215164,5.873846823215164,5.873846823215164,5.873846823215164,2000
2203,SSP2-4.5,lws,3.1554508665184695,5.903846823215164,5.903846823215164,5.903846823215164,5.903846823215164,5.903846823215164,2000
2204,SSP2-4.5,lws,3.177843058570605,5.933846823215164,5.933846823215164,5.933846823215164,5.933846823215164,5.933846823215164,2000
2205,SSP2-4.5,lws,3.1818275667142313,5.963846823215165,5.963846823215165,5.963846823215165,5.963846823215165,5.963846823215165,2000
2206,SSP2-4.5,lws,3.1877400554320716,5.993846823215164,5.993846823215164,5.993846823215164,5.993846823215164,5.993846823215164,2000
2207,SSP2-4.5,lws,3.1839474757423454,6.023846823215164,6.023846823215164,6.023846823215164,6.023846823215164,6.023846823215164,2000
2208,SSP2-4.5,lws,3.1784611399555565,6.0538468232151645,6.0538468232151645,6.0538468232151645,6.0538468232151645,6.0538468232151645,2000
2209,SSP2-4.5,lws,3.1761072227442835,6.083846823215165,6.083846823215165,6.083846823215165,6.083846823215165,6.083846823215165,2000
2210,SSP2-4.5,lws,3.1641605774385058,6.113846823215165,6.113846823215165,6.113846823215165,6.113846823215165,6.113846823215165,2000
2211,SSP2-4.5,lws,3.1650276369915127,6.143846823215165,6.143846823215165,6.143846823215165,6.143846823215165,6.143846823215165,2000
2212,SSP2-4.5,lws,3.1658883447897526,6.1738468232151655,6.1738468232151655,6.1738468232151655,6.1738468232151655,6.1738468232151655,2000
2213,SSP2-4.5,lws,3.1700085126416417,6.203846823215165,6.203846823215165,6.203846823215165,6.203846823215165,6.203846823215165,2000
2214,SSP2-4.5,lws,3.1715814064165224,6.233846823215164,6.233846823215164,6.233846823215164,6.233846823215164,6.233846823215164,2000
2215,SSP2-4.5,lws,3.1758876434925303,6.263846823215164,6.263846823215164,6.263846823215164,6.263846823215164,6.263846823215164,2000
2216,SSP2-4.5,lws,3.1754750512230503,6.293846823215163,6.293846823215163,6.293846823215163,6.293846823215163,6.293846823215163,2000
2217,SSP2-4.5,lws,3.1733815970591217,6.323846823215163,6.323846823215163,6.323846823215163,6.323846823215163,6.323846823215163,2000
2218,SSP2-4.5,lws,3.1677870663438332,6.353846823215163,6.353846823215163,6.353846823215163,6.353846823215163,6.353846823215163,2000
2219,SSP2-4.5,lws,3.1712192930261507,6.383846823215162,6.383846823215162,6.383846823215162,6.383846823215162,6.383846823215162,2000
2220,SSP2-4.5,lws,3.17264636797735,6.413846823215161,6.413846823215161,6.413846823215161,6.413846823215161,6.413846823215161,2000
2221,SSP2-4.5,lws,3.1670978217293957,6.443846823215161,6.443846823215161,6.443846823215161,6.443846823215161,6.443846823215161,2000
2222,SSP2-4.5,lws,3.171169304918796,6.47384682321516,6.47384682321516,6.47384682321516,6.47384682321516,6.47384682321516,2000
2223,SSP2-4.5,lws,3.172933659008734,6.503846823215159,6.503846823215159,6.503846823215159,6.503846823215159,6.503846823215159,2000
2224,SSP2-4.5,lws,3.1739733049855374,6.533846823215159,6.533846823215159,6.533846823215159,6.533846823215159,6.533846823215159,2000
2225,SSP2-4.5,lws,3.168875522725694,6.563846823215159,6.563846823215159,6.563846823215159,6.563846823215159,6.563846823215159,2000
2226,SSP2-4.5,lws,3.17081675186613,6.593846823215158,6.593846823215158,6.593846823215158,6.593846823215158,6.593846823215158,2000
2227,SSP2-4.5,lws,3.1780258172097824,6.623846823215158,6.623846823215158,6.623846823215158,6.623846823215158,6.623846823215158,2000
2228,SSP2-4.5,lws,3.1772140243572085,6.653846823215157,6.653846823215157,6.653846823215157,6.653846823215157,6.653846823215157,2000
2229,SSP2-4.5,lws,3.181551880096277,6.683846823215156,6.683846823215156,6.683846823215156,6.683846823215156,6.683846823215156,2000
2230,SSP2-4.5,lws,3.183617988312675,6.713846823215156,6.713846823215156,6.713846823215156,6.713846823215156,6.713846823215156,2000
2231,SSP2-4.5,lws,3.184446764138385,6.743846823215155,6.743846823215155,6.743846823215155,6.743846823215155,6.743846823215155,2000
2232,SSP2-4.5,lws,3.1790690492630462,6.7738468232151545,6.7738468232151545,6.7738468232151545,6.7738468232151545,6.7738468232151545,2000
2233,SSP2-4.5,lws,3.1746744133430718,6.803846823215155,6.803846823215155,6.803846823215155,6.803846823215155,6.803846823215155,2000
2234,SSP2-4.5,lws,3.177244407856523,6.833846823215154,6.833846823215154,6.833846823215154,6.833846823215154,6.833846823215154,2000
2235,SSP2-4.5,lws,3.180736722372691,6.8638468232151535,6.8638468232151535,6.8638468232151535,6.8638468232151535,6.8638468232151535,2000
2236,SSP2-4.5,lws,3.1817397706146076,6.893846823215153,6.893846823215153,6.893846823215153,6.893846823215153,6.893846823215153,2000
2237,SSP2-4.5,lws,3.1852857167340085,6.923846823215152,6.923846823215152,6.923846823215152,6.923846823215152,6.923846823215152,2000
2238,SSP2-4.5,lws,3.179729181992373,6.953846823215152,6.953846823215152,6.953846823215152,6.953846823215152,6.953846823215152,2000
2239,SSP2-4.5,lws,3.1932869042405927,6.983846823215151,6.983846823215151,6.983846823215151,6.983846823215151,6.983846823215151,2000
2240,SSP2-4.5,lws,3.1927277346117404,7.01384682321515,7.01384682321515,7.01384682321515,7.01384682321515,7.01384682321515,2000
2241,SSP2-4.5,lws,3.198152060459693,7.0438468232151505,7.0438468232151505,7.0438468232151505,7.0438468232151505,7.0438468232151505,2000
2242,SSP2-4.5,lws,3.2000038549235175,7.07384682321515,7.07384682321515,7.07384682321515,7.07384682321515,7.07384682321515,2000
2243,SSP2-4.5,lws,3.193758508084568,7.103846823215149,7.103846823215149,7.103846823215149,7.103846823215149,7.103846823215149,2000
2244,SSP2-4.5,lws,3.1907706906614135,7.133846823215149,7.133846823215149,7.133846823215149,7.133846823215149,7.133846823215149,2000
2245,SSP2-4.5,lws,3.18553867945738,7.163846823215148,7.163846823215148,7.163846823215148,7.163846823215148,7.163846823215148,2000
2246,SSP2-4.5,lws,3.1858470041239944,7.193846823215147,7.193846823215147,7.193846823215147,7.193846823215147,7.193846823215147,2000
2247,SSP2-4.5,lws,3.18534109157407,7.223846823215147,7.223846823215147,7.223846823215147,7.223846823215147,7.223846823215147,2000
2248,SSP2-4.5,lws,3.1845140223988446,7.253846823215146,7.253846823215146,7.253846823215146,7.253846823215146,7.253846823215146,2000
2249,SSP2-4.5,lws,3.1908890209511696,7.283846823215146,7.283846823215146,7.283846823215146,7.283846823215146,7.283846823215146,2000
2250,SSP2-4.5,lws,3.199832843114245,7.313846823215146,7.313846823215146,7.313846823215146,7.313846823215146,7.313846823215146,2000
2251,SSP2-4.5,lws,3.1996955065916,7.343846823215145,7.343846823215145,7.343846823215145,7.343846823215145,7.343846823215145,2000
2252,SSP2-4.5,lws,3.2020095289427153,7.373846823215144,7.373846823215144,7.373846823215144,7.373846823215144,7.373846823215144,2000
2253,SSP2-4.5,lws,3.20163013849253,7.403846823215144,7.403846823215144,7.403846823215144,7.403846823215144,7.403846823215144,2000
2254,SSP2-4.5,lws,3.1907395309021767,7.433846823215143,7.433846823215143,7.433846823215143,7.433846823215143,7.433846823215143,2000
2255,SSP2-4.5,lws,3.192000901175227,7.4638468232151425,7.4638468232151425,7.4638468232151425,7.4638468232151425,7.4638468232151425,2000
2256,SSP2-4.5,lws,3.1865292185118244,7.493846823215142,7.493846823215142,7.493846823215142,7.493846823215142,7.493846823215142,2000
2257,SSP2-4.5,lws,3.1828776193117942,7.523846823215142,7.523846823215142,7.523846823215142,7.523846823215142,7.523846823215142,2000
2258,SSP2-4.5,lws,3.180668153902372,7.5538468232151414,7.5538468232151414,7.5538468232151414,7.5538468232151414,7.5538468232151414,2000
2259,SSP2-4.5,lws,3.1750641593921647,7.583846823215141,7.583846823215141,7.583846823215141,7.583846823215141,7.583846823215141,2000
2260,SSP2-4.5,lws,3.1714352473510563,7.61384682321514,7.61384682321514,7.61384682321514,7.61384682321514,7.61384682321514,2000
2261,SSP2-4.5,lws,3.1765136075586353,7.6438468232151395,7.6438468232151395,7.6438468232151395,7.6438468232151395,7.6438468232151395,2000
2262,SSP2-4.5,lws,3.1693988022173585,7.673846823215139,7.673846823215139,7.673846823215139,7.673846823215139,7.673846823215139,2000
2263,SSP2-4.5,lws,3.172175227698431,7.703846823215138,7.703846823215138,7.703846823215138,7.703846823215138,7.703846823215138,2000
2264,SSP2-4.5,lws,3.1719253793980693,7.733846823215138,7.733846823215138,7.733846823215138,7.733846823215138,7.733846823215138,2000
2265,SSP2-4.5,lws,3.172016898032787,7.763846823215138,7.763846823215138,7.763846823215138,7.763846823215138,7.763846823215138,2000
2266,SSP2-4.5,lws,3.174630811843646,7.793846823215137,7.793846823215137,7.793846823215137,7.793846823215137,7.793846823215137,2000
2267,SSP2-4.5,lws,3.17154846233921,7.823846823215137,7.823846823215137,7.823846823215137,7.823846823215137,7.823846823215137,2000
2268,SSP2-4.5,lws,3.1681918060376018,7.853846823215136,7.853846823215136,7.853846823215136,7.853846823215136,7.853846823215136,2000
2269,SSP2-4.5,lws,3.1687787749210354,7.883846823215135,7.883846823215135,7.883846823215135,7.883846823215135,7.883846823215135,2000
2270,SSP2-4.5,lws,3.1666747597861713,7.9138468232151356,7.9138468232151356,7.9138468232151356,7.9138468232151356,7.9138468232151356,2000
2271,SSP2-4.5,lws,3.1618652862592103,7.943846823215135,7.943846823215135,7.943846823215135,7.943846823215135,7.943846823215135,2000
2272,SSP2-4.5,lws,3.158245149386785,7.973846823215134,7.973846823215134,7.973846823215134,7.973846823215134,7.973846823215134,2000
2273,SSP2-4.5,lws,3.1624191376406428,8.003846823215135,8.003846823215135,8.003846823215135,8.003846823215135,8.003846823215135,2000
2274,SSP2-4.5,lws,3.1650339020215794,8.033846823215134,8.033846823215134,8.033846823215134,8.033846823215134,8.033846823215134,2000
2275,SSP2-4.5,lws,3.164808831597946,8.063846823215133,8.063846823215133,8.063846823215133,8.063846823215133,8.063846823215133,2000
2276,SSP2-4.5,lws,3.1631732377341475,8.093846823215133,8.093846823215133,8.093846823215133,8.093846823215133,8.093846823215133,2000
2277,SSP2-4.5,lws,3.16326371499335,8.123846823215132,8.123846823215132,8.123846823215132,8.123846823215132,8.123846823215132,2000
2278,SSP2-4.5,lws,3.158153851858291,8.153846823215131,8.153846823215131,8.153846823215131,8.153846823215131,8.153846823215131,2000
2279,SSP2-4.5,lws,3.1568005376621895,8.18384682321513,8.18384682321513,8.18384682321513,8.18384682321513,8.18384682321513,2000
2280,SSP2-4.5,lws,3.1546490540569203,8.21384682321513,8.21384682321513,8.21384682321513,8.21384682321513,8.21384682321513,2000
2281,SSP2-4.5,lws,3.1499100211949282,8.24384682321513,8.24384682321513,8.24384682321513,8.24384682321513,8.24384682321513,2000
2282,SSP2-4.5,lws,3.15024875869216,8.273846823215129,8.273846823215129,8.273846823215129,8.273846823215129,8.273846823215129,2000
2283,SSP2-4.5,lws,3.147096772786418,8.303846823215128,8.303846823215128,8.303846823215128,8.303846823215128,8.303846823215128,2000
2284,SSP2-4.5,lws,3.15009976890474,8.333846823215127,8.333846823215127,8.333846823215127,8.333846823215127,8.333846823215127,2000
2285,SSP2-4.5,lws,3.1574800012205135,8.363846823215129,8.363846823215129,8.363846823215129,8.363846823215129,8.363846823215129,2000
2286,SSP2-4.5,lws,3.1615346488483613,8.393846823215128,8.393846823215128,8.393846823215128,8.393846823215128,8.393846823215128,2000
2287,SSP2-4.5,lws,3.1584887497342646,8.423846823215127,8.423846823215127,8.423846823215127,8.423846823215127,8.423846823215127,2000
2288,SSP2-4.5,lws,3.1549037379602294,8.453846823215127,8.453846823215127,8.453846823215127,8.453846823215127,8.453846823215127,2000
2289,SSP2-4.5,lws,3.1524019371801986,8.483846823215126,8.483846823215126,8.483846823215126,8.483846823215126,8.483846823215126,2000
2290,SSP2-4.5,lws,3.156487227064726,8.513846823215125,8.513846823215125,8.513846823215125,8.513846823215125,8.513846823215125,2000
2291,SSP2-4.5,lws,3.15519245429319,8.543846823215125,8.543846823215125,8.543846823215125,8.543846823215125,8.543846823215125,2000
2292,SSP2-4.5,lws,3.1551475597409175,8.573846823215124,8.573846823215124,8.573846823215124,8.573846823215124,8.573846823215124,2000
2293,SSP2-4.5,lws,3.150208223817075,8.603846823215124,8.603846823215124,8.603846823215124,8.603846823215124,8.603846823215124,2000
2294,SSP2-4.5,lws,3.149115689075586,8.633846823215123,8.633846823215123,8.633846823215123,8.633846823215123,8.633846823215123,2000
2295,SSP2-4.5,lws,3.154665790063345,8.663846823215122,8.663846823215122,8.663846823215122,8.663846823215122,8.663846823215122,2000
2296,SSP2-4.5,lws,3.1544817174597855,8.693846823215122,8.693846823215122,8.693846823215122,8.693846823215122,8.693846823215122,2000
2297,SSP2-4.5,lws,3.1665308688589184,8.723846823215121,8.723846823215121,8.723846823215121,8.723846823215121,8.723846823215121,2000
2298,SSP2-4.5,lws,3.1640192072810542,8.75384682321512,8.75384682321512,8.75384682321512,8.75384682321512,8.75384682321512,2000
2299,SSP2-4.5,lws,3.170827332337375,8.78384682321512,8.78384682321512,8.78384682321512,8.78384682321512,8.78384682321512,2000
2300,SSP2-4.5,lws,3.176290724870756,8.813846823215119,8.813846823215119,8.813846823215119,8.813846823215119,8.813846823215119,2000
1990,SSP2-4.5,total,0.5557397132233756,-3.2997821647832444,-3.5334007191031054,-3.4321007858532724,-3.181496490203063,-3.093746787391383,2000
1991,SSP2-4.5,total,0.5885637306361448,-3.0547844456494326,-3.2675575894507496,-3.1752565776781414,-2.9463037305016613,-2.868095606200297,2000
1992,SSP2-4.5,total,0.5090689778394178,-2.7938912918198904,-2.990620938844654,-2.910795730055896,-2.6881697206948325,-2.612705912242229,2000
1993,SSP2-4.5,total,0.3084522979487564,-3.1839272311486297,-3.390819656412612,-3.305322611641866,-3.0710661528103658,-2.984660957013185,2000
1994,SSP2-4.5,total,0.332676813580452,-3.1253773767771955,-3.327869905551011,-3.2409734280149842,-3.01242963663952,-2.928698597862997,2000
1995,SSP2-4.5,total,0.4547856293863089,-2.8059403156362075,-2.991090954311938,-2.9141671480431786,-2.7021104175095787,-2.625549694578723,2000
1996,SSP2-4.5,total,0.5463394857269461,-2.594542791832967,-2.7632533130757286,-2.6945579450708252,-2.4981471200620944,-2.4271756291113626,2000
1997,SSP2-4.5,total,0.600043540445978,-2.4293501345290958,-2.5788212909426216,-2.5198867491011243,-2.3434738450392483,-2.2770528441486366,2000
1998,SSP2-4.5,total,0.6466075693928761,-2.080560154825661,-2.213001074833058,-2.1597544806206344,-2.001322515387847,-1.9455078613410848,2000
1999,SSP2-4.5,total,0.686007840655961,-1.8624839154755177,-1.9717215746576706,-1.9277316375788234,-1.795775035759664,-1.7459604110183173,2000
2000,SSP2-4.5,total,0.7295563669080296,-1.7194201204292785,-1.8102522274034498,-1.7739113158284006,-1.664211260763658,-1.621251730635816,2000
2001,SSP2-4.5,total,0.7655239205849365,-1.1982993643379265,-1.2714253654149839,-1.2408706833461243,-1.1543858685466644,-1.1205999904712087,2000
2002,SSP2-4.5,total,0.7999498588212678,-0.7092915449699513,-0.7631046081013345,-0.7399536123380472,-0.6779645205352565,-0.6532558212323624,2000
2003,SSP2-4.5,total,0.8301407393993533,-0.3272813135670507,-0.3628539359505616,-0.34677849683432277,-0.3062177035354119,-0.2915541510983798,2000
2004,SSP2-4.5,total,0.8359312010698448,-0.26401323664417653,-0.2804433467618635,-0.2726581847436256,-0.25575139176797573,-0.24952521124485055,2000
2005,SSP2-4.5,total,0.843916603443868,0.17234441632337472,0.15431013444889707,0.16233171840992988,0.18168649652788688,0.18868926414168224,2000
2006,SSP2-4.5,total,0.8516506513236204,0.5053551573044857,0.47241572637075313,0.4863981873977218,0.5243296454509243,0.5370918387979964,2000
2007,SSP2-4.5,total,0.8597675192449368,0.7261789299496462,0.6752631833692706,0.6971179319951925,0.7556798972854564,0.7747896565468466,2000
2008,SSP2-4.5,total,0.8671015531069908,1.036826791836,0.9677580358559094,0.9971101642635953,1.0773978960740038,1.1035562002453034,2000
2009,SSP2-4.5,total,0.8915919796329949,1.3998570355660123,1.3129640551886852,1.349881069861927,1.4507454060932627,1.4841806717491965,2000
2010,SSP2-4.5,total,0.91224213325433,1.7411063394863708,1.6345469722243433,1.6796521217262825,1.8038871237696772,1.8462765820937213,2000
2011,SSP2-4.5,total,0.9463726707864436,1.8847051354655537,1.7491841072182333,1.8084311806868452,1.9618856713474009,2.0126711040799607,2000
2012,SSP2-4.5,total,0.9634454159642772,2.581707636056298,2.425840413935501,2.4943489239176166,2.66921226084261,2.728871683769334,2000
2013,SSP2-4.5,total,1.0010392042679888,2.8721241447725925,2.6949329217678804,2.77253356822564,2.973344471404397,3.0423373282568913,2000
2014,SSP2-4.5,total,1.034758969518629,3.0763371570952796,2.8766972860270763,2.965142698565884,3.1916196953218563,3.2689641332197743,2000
2015,SSP2-4.5,total,1.0655474016558886,3.8335978265427384,3.608320116919119,3.710170112849642,3.962983839014689,4.048566499552432,2000
2016,SSP2-4.5,total,1.0982433117141364,4.3048890030167986,4.059899412259584,4.168297911611441,4.44767829172538,4.540252217231369,2000
2017,SSP2-4.5,total,1.1215083354395925,4.512846991551453,4.2392708441275815,4.362763417746073,4.668983125149553,4.773898749051062,2000
2018,SSP2-4.5,total,1.1514531927883527,4.783710653073016,4.487738255533429,4.62019095518901,4.9538790949917875,5.069211739108831,2000
2019,SSP2-4.5,total,1.172690213058829,5.232638412167875,4.916043269396712,5.056399493615595,5.415962864825804,5.540316284899953,2000
2020,SSP2-4.5,total,1.183004264307409,5.384170756481753,5.044697861652791,5.194353733238632,5.584368125416906,5.718058123494331,2000
2021,SSP2-4.5,total,1.2100067371777328,5.815248605864881,5.449888754856129,5.6103170002982665,6.027856227316364,6.17172629057507,2000
2022,SSP2-4.5,total,1.2401553910866456,6.1817710214865995,5.789553746036803,5.961908863831048,6.4092907220457205,6.562172888339086,2000
2023,SSP2-4.5,total,1.2795255652495054,6.631149938466827,6.2137140907456185,6.396475971881263,6.871344542585014,7.036678670744324,2000
2024,SSP2-4.5,total,1.3120856196879593,7.042913146307977,6.599126070322086,6.793852146336796,7.300310775254967,7.477774453383599,2000
2025,SSP2-4.5,total,1.3418920592536896,7.451640740204841,6.984618018906613,7.185853906372518,7.72564775614742,7.916672013119509,2000
2026,SSP2-4.5,total,1.3677890858907344,7.880735431558495,7.384559297707695,7.596974472993582,8.172822319827326,8.374018562607523,2000
2027,SSP2-4.5,total,1.3864760205740927,8.30301423157087,7.783170612431453,8.00509965723042,8.613108908118868,8.827094998015891,2000
2028,SSP2-4.5,total,1.3979689025093112,8.722276986766307,8.17732466981247,8.409924369270795,9.045967294847022,9.271018046016138,2000
2029,SSP2-4.5,total,1.408837738356086,9.1404694116355,8.574461486969414,8.815740214743045,9.482967487552514,9.717431039426197,2000
2030,SSP2-4.5,total,1.4255063585080254,9.557672453957872,8.963461453225326,9.218891132474235,9.916537838758758,10.161655107005972,2000
2031,SSP2-4.5,total,1.4370992723377307,9.977891264357483,9.357175281934714,9.62277317428458,10.355506963591534,10.612485927747045,2000
2032,SSP2-4.5,total,1.4616617718592628,10.396329440565761,9.754099413264955,10.026050233148785,10.790844097260171,11.064036357161946,2000
2033,SSP2-4.5,total,1.4778573883674204,10.823149011186883,10.152053288171963,10.438131109861034,11.23390070670137,11.522590626678065,2000
2034,SSP2-4.5,total,1.5019259013859052,11.258906348286954,10.555721913458498,10.856815414643401,11.68568673076161,11.992075090589513,2000
2035,SSP2-4.5,total,1.5283526230299938,11.705546480035181,10.96928728257565,11.286402114284426,12.144623810861837,12.470338899706174,2000
2036,SSP2-4.5,total,1.5613546071573317,12.155095654856204,11.389006436544092,11.72041769638985,12.616182431306989,12.946735300073993,2000
2037,SSP2-4.5,total,1.587060677962975,12.61312823704441,11.814286481696456,12.157049369531638,13.088383861758388,13.444239890293211,2000
2038,SSP2-4.5,total,1.6067201941456666,13.078004429249388,12.24808095824115,12.6042772140377,13.571713572029807,13.94678291054343,2000
2039,SSP2-4.5,total,1.6374169818992061,13.546620829169285,12.682864863571563,13.055018516028957,14.06107420418661,14.44703010051777,2000
2040,SSP2-4.5,total,1.6573993350465797,14.01266784722823,13.112925228846526,13.507119126356649,14.547255456772941,14.950594277840798,2000
2041,SSP2-4.5,total,1.6664751162991946,14.48147977289787,13.546272995999685,13.956143749663559,15.040944817544291,15.464961993151356,2000
2042,SSP2-4.5,total,1.6945524916845651,14.952007199223665,13.984829206534862,14.406141072466946,15.528365413493752,15.971571104048584,2000
2043,SSP2-4.5,total,1.7136466981948066,15.43070592099633,14.426007941340238,14.859974703015729,16.025307837471935,16.49737569584738,2000
2044,SSP2-4.5,total,1.7343382432222323,15.915594180139054,14.864254998979801,15.318888650913419,16.529052856810818,17.015259035102027,2000
2045,SSP2-4.5,total,1.7642365070714197,16.405690309980468,15.309558000105882,15.788478550381297,17.0414608362586,17.539988220841124,2000
2046,SSP2-4.5,total,1.791471712208186,16.905802597787392,15.771868554370725,16.2647482302462,17.58043028741041,18.111673928869884,2000
2047,SSP2-4.5,total,1.8223477276736575,17.41045550891805,16.23664577070252,16.753485094997426,18.117361643949092,18.72942024142777,2000
2048,SSP2-4.5,total,1.8453603425113239,17.928080995821112,16.70665452705875,17.243410309625176,18.65575776525011,19.33919262371366,2000
2049,SSP2-4.5,total,1.8766319513360963,18.445301346877407,17.177855364259685,17.732040708138726,19.207433260491385,20.001224450579798,2000
2050,SSP2-4.5,total,1.9012996219999792,18.963638237084716,17.652451855082415,18.22612959434654,19.764092534802145,20.62510859105221,2000
2051,SSP2-4.5,total,1.9185206739017857,19.489366949199844,18.156218401232962,18.722723362433996,20.327260142026727,21.345976443203377,2000
2052,SSP2-4.5,total,1.9397378533344576,20.017022437570805,18.641841266312642,19.224374688519255,20.882525279616893,22.152329519158876,2000
2053,SSP2-4.5,total,1.9553531657233012,20.546313159054563,19.12183756335952,19.728124529893652,21.468429253657835,23.028616539034903,2000
2054,SSP2-4.5,total,1.976175040081812,21.07726242946744,19.599838739641225,20.22745545469965,22.050728951253454,24.12700531416823,2000
2055,SSP2-4.5,total,1.9918993071909756,21.610757888434993,20.087506066294893,20.731366522987578,22.635709424503666,25.20044066337911,2000
2056,SSP2-4.5,total,2.018534525307487,22.141466400639523,20.5832374940646,21.237665212528277,23.213654781046642,26.400907841686976,2000
2057,SSP2-4.5,total,2.045565112311136,22.685582738747488,21.06523185865618,21.751482863731948,23.815722578917313,27.681560900251377,2000
2058,SSP2-4.5,total,2.0744582727819525,23.244039192618057,21.5683576397148,22.27218238246425,24.435504116864664,28.910980073717806,2000
2059,SSP2-4.5,total,2.0986882912029854,23.819724456401676,22.088332438840887,22.79543021038534,25.088298184159747,30.18965084043184,2000
2060,SSP2-4.5,total,2.121309551223493,24.3918255756658,22.59041238822735,23.325187760253847,25.74795484233905,31.41780213276461,2000
2061,SSP2-4.5,total,2.139430662267365,24.94968178773206,23.108848672096915,23.857492152498416,26.450679120841894,32.7128762799004,2000
2062,SSP2-4.5,total,2.1635962247428213,25.51022824340725,23.60324682135789,24.37371683165472,27.09666659436056,33.87323793731738,2000
2063,SSP2-4.5,total,2.1759027519883563,26.08417569294215,24.113415923883565,24.9119976242134,27.79835797869382,35.16055780339385,2000
2064,SSP2-4.5,total,2.1981576617583647,26.657579344929474,24.610874323583516,25.437682189198107,28.54244616508967,36.40192628133405,2000
2065,SSP2-4.5,total,2.2112788524875375,27.22838397392391,25.11023850040944,25.968282659769756,29.310915831393274,37.72330188200979,2000
2066,SSP2-4.5,total,2.223814172910278,27.78581954617875,25.62554497763573,26.492175801593127,30.086239693274393,39.02098916729628,2000
2067,SSP2-4.5,total,2.2450214919980853,28.35013026644618,26.12812165359007,27.020884361267747,31.00761386999863,40.32129017152192,2000
2068,SSP2-4.5,total,2.260248066034934,28.918441107648825,26.63548630525064,27.554362361188495,32.05309032153671,41.58417144039288,2000
2069,SSP2-4.5,total,2.277302149343303,29.49592916775664,27.14185298180854,28.085780445647384,33.34979807869853,42.83170306694205,2000
2070,SSP2-4.5,total,2.30378820441938,30.083271163523037,27.655877762804824,28.63025752207058,34.60709633983393,44.11714359538409,2000
2071,SSP2-4.5,total,2.326830641245917,30.676676095577086,28.16897711297481,29.194954896285537,35.889215635930036,45.58842855617772,2000
2072,SSP2-4.5,total,2.3540988723831293,31.293759617182115,28.680150515919927,29.74243525738146,37.19972238497325,47.05893206006226,2000
2073,SSP2-4.5,total,2.3650590808922263,31.92192070207079,29.201254244729544,30.29448104934532,38.61935814678921,48.411767070653944,2000
2074,SSP2-4.5,total,2.387183250691529,32.5421490203551,29.712710160593637,30.84338976357543,39.70987242187563,49.731659779642534,2000
2075,SSP2-4.5,total,2.410546743432703,33.14929684551831,30.229828373553246,31.395828226823337,41.009605151002965,51.304369427273954,2000
2076,SSP2-4.5,total,2.418819423927599,33.760900547226164,30.763939092632533,31.945285302541553,42.14184368148025,52.56566235949794,2000
2077,SSP2-4.5,total,2.430630918608847,34.38093234968544,31.26331713174097,32.49717379067412,43.432516339554134,54.113996126633545,2000
2078,SSP2-4.5,total,2.4430852212607705,34.98454724561237,31.760282026183912,33.025148949991305,44.73365763755704,55.60166183648093,2000
2079,SSP2-4.5,total,2.4581859544496756,35.57243385181877,32.26779758407692,33.595466317164565,46.0457649040151,56.93722314718464,2000
2080,SSP2-4.5,total,2.4717666328743406,36.18661436116841,32.815970502060146,34.14943240360624,47.68587527302158,58.35301287414784,2000
2081,SSP2-4.5,total,2.496329323714633,36.815549364947984,33.33261536411789,34.70034534507768,48.85931297841952,59.80717462427324,2000
2082,SSP2-4.5,total,2.517094000189755,37.44190167705634,33.854287305653266,35.266369565378646,50.352668001059996,61.38306393565061,2000
2083,SSP2-4.5,total,2.5428749218122637,38.14346167424111,34.38155529970886,35.83759159331867,51.60167846765141,62.796559559464775,2000
2084,SSP2-4.5,total,2.5592701453204163,38.75572217438911,34.941268263206794,36.41184019909881,53.12640530316118,64.44983521832542,2000
2085,SSP2-4.5,total,2.5669566940894564,39.39752036466413,35.46404418104985,36.98740548683486,54.43250645153098,65.97015849064981,2000
2086,SSP2-4.5,total,2.577506195910472,40.06030768678509,35.963460561258145,37.52847363439151,55.66812245085851,67.58444053260826,2000
2087,SSP2-4.5,total,2.585264872543303,40.710975562823975,36.490928418802476,38.07061990917297,57.00134814650955,69.14921276721661,2000
2088,SSP2-4.5,total,2.588591115389118,41.32902908639669,36.977549144934976,38.641594181643875,58.43427036958765,70.73429044269484,2000
2089,SSP2-4.5,total,2.595504370864205,41.99415214490784,37.4623625408437,39.162306549134996,59.956934332848114,72.31791944924132,2000
2090,SSP2-4.5,total,2.609511482957791,42.65754394972165,37.951570469415316,39.707516537273065,61.26075229984699,73.69036987547103,2000
2091,SSP2-4.5,total,2.6173312438445695,43.286706220008924,38.4560581043909,40.24670557217316,62.606440670126375,75.3772030719965,2000
2092,SSP2-4.5,total,2.6378716116464065,43.923653643673354,38.952461096518064,40.79212778991018,64.05984769989172,76.81389887451121,2000
2093,SSP2-4.5,total,2.6523174983606377,44.62405610609868,39.451079568815956,41.33273674552161,65.45383922341746,78.44248055543935,2000
2094,SSP2-4.5,total,2.6651921272003016,45.34102286449313,39.96160965755753,41.87377120380457,66.92832056844378,80.05025365468074,2000
2095,SSP2-4.5,total,2.678543258788642,46.02394124010712,40.46979486101076,42.457268535479066,68.24250980757535,81.5211710097993,2000
2096,SSP2-4.5,total,2.694782035302737,46.757897728725155,40.963538592994325,43.03409643921377,69.54255128890995,83.10349547575194,2000
2097,SSP2-4.5,total,2.6972775183419606,47.59518916401616,41.46691047830765,43.554898286173966,70.89341158509035,84.81108077691745,2000
2098,SSP2-4.5,total,2.6943852970896827,48.265318925698566,41.93625655238783,44.08175939358657,72.19170797947787,86.51574561735525,2000
2099,SSP2-4.5,total,2.700493500184702,48.91693652377201,42.395044975360555,44.593718536069865,73.5148554338061,88.07188786733079,2000
2100,SSP2-4.5,total,2.704152266699876,49.67435202518918,42.892449625311144,45.10669393219328,75.07595233633322,89.67148416885136,2000
2101,SSP2-4.5,total,2.7173042385897594,50.37329124832124,43.37343724477755,45.610044066071396,76.27647783529483,91.22791146296652,2000
2102,SSP2-4.5,total,2.727228115930526,51.00515666994294,43.852968078016616,46.10693392819197,77.71013455568303,92.77821696352618,2000
2103,SSP2-4.5,total,2.739039524138542,51.74360398701536,44.37719730412453,46.62057490208737,78.97104812616588,94.27466077617422,2000
2104,SSP2-4.5,total,2.74654226826949,52.63841027304842,44.875311794401014,47.15261184093197,80.1971610456576,95.72707693476892,2000
2105,SSP2-4.5,total,2.7579185077277986,53.33600721358566,45.36803297269889,47.68659059204206,81.39912123981352,97.17704236650506,2000
2106,SSP2-4.5,total,2.7608870553911404,54.10093013234092,45.86000388529075,48.2081803131943,82.92314294025086,98.75965734735686,2000
2107,SSP2-4.5,total,2.7656185489965,54.896698700865414,46.346996634903086,48.71219411138733,84.15867165517551,100.17158185100617,2000
2108,SSP2-4.5,total,2.7735554224412,55.80192122174924,46.79326992217478,49.21436642476614,85.385676626143,101.97367715825723,2000
2109,SSP2-4.5,total,2.77512769977057,56.78377290135376,47.257757255939744,49.719145090229645,86.72244799158392,103.47482947202708,2000
2110,SSP2-4.5,total,2.780207036266814,57.57033470174911,47.73726501242696,50.21897299626106,88.0127740752674,104.9684949245316,2000
2111,SSP2-4.5,total,2.7765912407960753,58.71495594457188,48.18507748039024,50.704702721825456,89.38563497823134,106.46586288800671,2000
2112,SSP2-4.5,total,2.7853506426444268,59.62514241394762,48.624937192941935,51.181893476774505,90.72119563917418,107.99994295404116,2000
2113,SSP2-4.5,total,2.792846135981751,60.917686815680696,49.064547782568894,51.6752723444655,92.10443395194187,109.60151762832359,2000
2114,SSP2-4.5,total,2.795639723841476,62.21651020630979,49.50565506377457,52.163946060261594,93.5423153024393,111.124262705878,2000
2115,SSP2-4.5,total,2.8136952482146236,63.52149549913824,49.95648792369745,52.64108584566523,95.09585706853684,112.73230818601803,2000
2116,SSP2-4.5,total,2.815784639695381,64.81406282009615,50.42803424359126,53.13820864253201,96.72658821984015,114.19619899354382,2000
2117,SSP2-4.5,total,2.832026219157308,66.21060204686195,50.87434944291063,53.62313286735672,98.15716767762282,115.74605445508372,2000
2118,SSP2-4.5,total,2.8316721579939634,67.53231084715856,51.340098318741674,54.12528239436661,99.67253602390552,117.26483105658943,2000
2119,SSP2-4.5,total,2.82849943463284,68.7079136822026,51.77953433066267,54.626929880660526,101.0569935719414,118.98213607068803,2000
2120,SSP2-4.5,total,2.8288471477715067,70.15108949457081,52.203597867719964,55.10643028167872,102.48515438466914,120.50730048217461,2000
2121,SSP2-4.5,total,2.832965516336239,71.46174506036907,52.63659281717398,55.57117582501303,103.84907003643418,121.97118989913511,2000
2122,SSP2-4.5,total,2.83605623110695,72.77632838625321,53.08228348276479,56.02770513851365,105.22207763226294,123.5151914952654,2000
2123,SSP2-4.5,total,2.8398534821480577,73.89303343791592,53.50917540945314,56.50086372520836,106.50034369058436,124.92141362509749,2000
2124,SSP2-4.5,total,2.853088212421998,75.08629957128119,53.96381504075043,56.96982430701287,107.84247389111468,126.54492390201726,2000
2125,SSP2-4.5,total,2.8666117703944045,76.23549925845015,54.395764777574634,57.46352320017914,109.264249762995,128.22785631013832,2000
2126,SSP2-4.5,total,2.87780830479432,77.21251146596447,54.84296511695252,57.95631957008071,110.68244280944967,129.98725130106166,2000
2127,SSP2-4.5,total,2.8785542184523245,78.31103506072131,55.28203740679636,58.48581973826575,111.9791027990693,131.63590197489677,2000
2128,SSP2-4.5,total,2.8834554184912604,79.35649261597763,55.698031057904025,58.94767644299906,113.2751145141516,133.26529690606682,2000
2129,SSP2-4.5,total,2.8872455218264204,80.68428940040864,56.122621584985545,59.45201440003005,114.63009683976766,134.80188915278575,2000
2130,SSP2-4.5,total,2.8935169700382746,81.8972255414932,56.5455395369827,59.9160299879777,116.02723116352588,136.3581063387921,2000
2131,SSP2-4.5,total,2.888070332152276,83.12684389802337,56.96069662439993,60.386420512313826,117.35504155684731,137.9339215152316,2000
2132,SSP2-4.5,total,2.8949389869596502,84.15523102839958,57.37395135886324,60.78996483563843,118.77851680698232,139.5043609161165,2000
2133,SSP2-4.5,total,2.896333372925594,85.24014403030291,57.78825258938998,61.278475523503616,120.09302348261006,141.07578157720363,2000
2134,SSP2-4.5,total,2.9044273117271864,86.18723291820706,58.198876280210506,61.720382389434036,121.64801638704596,142.83354880063524,2000
2135,SSP2-4.5,total,2.9113093095115943,87.10502943645,58.61203014907289,62.228217939869765,122.94903491119184,144.7590496238018,2000
2136,SSP2-4.5,total,2.9233238739641325,88.45193145538815,59.01219829306706,62.66900628916295,124.21685002427166,146.67866563531317,2000
2137,SSP2-4.5,total,2.929481078674987,89.55930019981815,59.403226973703994,63.12875177624099,125.97325485352818,148.00053422207017,2000
2138,SSP2-4.5,total,2.938177515841967,90.71041278061581,59.80061882718216,63.63731684172307,127.26727840688359,149.74840497282884,2000
2139,SSP2-4.5,total,2.936460298693736,91.79775049095818,60.213299304243705,64.07869594952685,128.7532020432073,151.65622757626917,2000
2140,SSP2-4.5,total,2.9373491998733727,92.97771682712607,60.616543919393926,64.54350713256397,130.06539410400626,153.39571727716302,2000
2141,SSP2-4.5,total,2.9372942472218804,93.91936153798119,60.990771404423455,64.98261773925954,131.31000931584686,154.95372773247533,2000
2142,SSP2-4.5,total,2.933659008204557,95.175012337841,61.38631113458092,65.4529157409826,132.58585140298845,156.4878020434594,2000
2143,SSP2-4.5,total,2.936899320900144,96.30104539302647,61.779278428785716,65.86950893876158,133.97734713143345,157.98658981628813,2000
2144,SSP2-4.5,total,2.9414334966798807,97.602986245015,62.170052003927864,66.37882388683484,135.3959573560862,159.73257643864105,2000
2145,SSP2-4.5,total,2.949892369215796,98.73457554595275,62.56295877022379,66.80568721933737,136.92224425740253,161.43213270698962,2000
2146,SSP2-4.5,total,2.9573481789627047,99.89402296464104,62.98581375116976,67.23562467890203,138.19801425665804,162.8066585579078,2000
2147,SSP2-4.5,total,2.95878394970165,100.90168133800867,63.38558856704023,67.68329510432422,139.56244736696559,164.18126718399935,2000
2148,SSP2-4.5,total,2.9657825828750624,102.13672474815098,63.74701924055513,68.12246208925299,140.92985515026055,165.67594022325576,2000
2149,SSP2-4.5,total,2.9683836306820024,103.34043936726391,64.15086188544052,68.56866032490368,142.06303827335938,167.13904028616295,2000
2150,SSP2-4.5,total,2.9722953128435785,104.33744071175653,64.52592648850313,68.98538390011454,143.40144688953504,168.75672558152422,2000
2151,SSP2-4.5,total,2.970185458195693,105.3403870292697,64.89606192842652,69.44447183352297,144.81616000921568,170.34989451016003,2000
2152,SSP2-4.5,total,2.9785879892536715,106.47357489885371,65.27123808544593,69.87770798576284,146.23611232006874,171.99860150791523,2000
2153,SSP2-4.5,total,2.980893502873745,107.60216835451683,65.65688014146274,70.33813398482857,147.67823015342478,173.61330088978602,2000
2154,SSP2-4.5,total,2.9901192826861647,108.7241802739718,66.02831313420774,70.78759612322942,149.2725324965093,175.33903658896344,2000
2155,SSP2-4.5,total,2.99026878499542,109.81632458473004,66.40607519629724,71.2362809539291,150.70918707350336,176.93815475243088,2000
2156,SSP2-4.5,total,2.9946883789184047,110.86229477652674,66.79389468879168,71.64139281652606,151.9600798989239,178.8922473378283,2000
2157,SSP2-4.5,total,3.001737670207785,111.94009964629657,67.16578103030339,72.06038501336138,153.39076169791704,180.48311371865128,2000
2158,SSP2-4.5,total,3.0127330710443068,113.27936745515319,67.5464040644625,72.53013035111476,154.58430083230152,182.0152388412914,2000
2159,SSP2-4.5,total,3.0197078361950673,114.41498762402362,67.92900136311957,73.03460784501523,156.06461626907426,183.6982403553932,2000
2160,SSP2-4.5,total,3.031471706062024,115.40019037558505,68.29329893025066,73.5022727205297,157.474264849916,185.37365762883718,2000
2161,SSP2-4.5,total,3.0396118939419163,116.56146958470367,68.71957843632998,73.9838378177306,158.79334767220507,187.04776521086148,2000
2162,SSP2-4.5,total,3.0432099809958504,117.61267834315521,69.12005682094994,74.40673755101304,159.96175703949496,188.58396869922268,2000
2163,SSP2-4.5,total,3.052148594090893,118.6663956369861,69.50013154617473,74.84307407661163,161.25397550800932,190.04035206297272,2000
2164,SSP2-4.5,total,3.047931323994419,119.67240673774965,69.87701030888827,75.24164267359849,162.67769130731304,191.50571930854312,2000
2165,SSP2-4.5,total,3.040278637942832,120.74370078233784,70.23254534009885,75.6518149671131,163.9713261980885,193.12217964460345,2000
2166,SSP2-4.5,total,3.0403581762624485,121.88271476142717,70.60349912343978,76.05196106982766,165.24229914266854,194.72750330865864,2000
2167,SSP2-4.5,total,3.047734489320791,122.83200601219731,70.96185820486633,76.45930866117894,166.7607697732472,196.55777895339966,2000
2168,SSP2-4.5,total,3.04823361780483,123.799386795323,71.3235804039305,76.90507424525471,168.05057655054927,198.19529162957753,2000
2169,SSP2-4.5,total,3.059626323523603,125.14468200485783,71.69151330559487,77.37469513868403,169.42891216388358,199.65513638817592,2000
2170,SSP2-4.5,total,3.0749834147468715,126.23112540670334,72.06129246013415,77.79170159099408,170.85864023586902,201.15731865860823,2000
2171,SSP2-4.5,total,3.0782689443636935,127.29378204952891,72.4574388358706,78.29641001502185,172.23455119045352,202.7699055075924,2000
2172,SSP2-4.5,total,3.0873281661738003,128.40813715750772,72.8593053461635,78.74774920833042,173.62099375378014,204.385768342547,2000
2173,SSP2-4.5,total,3.0938969517300907,129.61716514190582,73.25907627972853,79.1639253943657,174.87632652218514,205.81253421647767,2000
2174,SSP2-4.5,total,3.1007103537667313,130.60759805872954,73.60732347851551,79.56879828287174,176.23243920309721,207.24549348459087,2000
2175,SSP2-4.5,total,3.0978465304561387,131.65349689575766,73.99771959609643,80.0398732133936,177.52866526107294,209.09570615578704,2000
2176,SSP2-4.5,total,3.094410493880068,132.81153060636797,74.35628289234293,80.52534237693274,178.84575092786505,210.59319623177345,2000
2177,SSP2-4.5,total,3.091738765948979,134.0494757333875,74.71234608702142,80.93940319394865,180.36427004791759,211.999054719016,2000
2178,SSP2-4.5,total,3.0952604882892283,135.14227814835198,75.06711118152843,81.34978315344446,181.6503048715253,213.52181050436758,2000
2179,SSP2-4.5,total,3.1030909239411257,136.1914195868149,75.42256967128802,81.78086267868323,182.9565320086063,215.07287757898956,2000
2180,SSP2-4.5,total,3.1101717264557798,137.03507145215198,75.78200846165625,82.16135717777928,184.30226268878133,216.57268067285273,2000
2181,SSP2-4.5,total,3.1143445463763832,137.8863086707736,76.14396577134812,82.60921154925605,185.47891840315745,218.2357994786941,2000
2182,SSP2-4.5,total,3.1186772358959494,139.18293745346307,76.50662169421358,83.11200071520548,186.83722875420298,219.7316251680722,2000
2183,SSP2-4.5,total,3.128721606416778,140.42761831581666,76.86712091107593,83.5075296593051,188.11599834018756,221.1827260561841,2000
2184,SSP2-4.5,total,3.127434272479736,141.77463775491924,77.23150231940807,83.91800240812667,189.34250212725655,222.7469547298359,2000
2185,SSP2-4.5,total,3.1249031291434646,142.80742835590132,77.5831071448246,84.324803439407,190.56633090462196,224.30841544510497,2000
2186,SSP2-4.5,total,3.1271550786117377,143.91065390273866,77.91612090103119,84.70043083885123,191.78529750206877,225.94751688380268,2000
2187,SSP2-4.5,total,3.124855846178914,144.93494893157222,78.24541993553704,85.07044457936209,193.18444559646758,227.40648286165876,2000
2188,SSP2-4.5,total,3.117467626026843,145.91255437630963,78.58804694600849,85.44452246322561,194.5630924850535,228.85305343106623,2000
2189,SSP2-4.5,total,3.1222693418152456,146.897074798165,78.90685604266794,85.82949329973542,195.83311696715361,230.4330339952253,2000
2190,SSP2-4.5,total,3.1230072426454347,147.82492730025547,79.23526283581685,86.19607184338622,197.42498249303452,232.01219979289863,2000
2191,SSP2-4.5,total,3.124951248707645,148.97606147222254,79.5672227525557,86.62305042184921,198.86469450066338,233.52430296859384,2000
2192,SSP2-4.5,total,3.1353104013817092,149.92759709659796,79.900933977085,86.99630838640465,200.3303191466347,235.01837776036828,2000
2193,SSP2-4.5,total,3.138401015652724,150.92926582341562,80.2336726457585,87.36856852409642,201.63827256441306,236.51081261890963,2000
2194,SSP2-4.5,total,3.1452249376185413,151.92065414896362,80.56508086446837,87.73948961924913,202.91135874545924,238.2345098078875,2000
2195,SSP2-4.5,total,3.1429434615859795,152.99923916892288,80.8966044384761,88.12808011306802,204.16527127619847,239.78677141541976,2000
2196,SSP2-4.5,total,3.150754119961084,153.9938858306212,81.29619111747955,88.48293522473435,205.5724997119571,241.32479341161047,2000
2197,SSP2-4.5,total,3.1509775526428485,155.0903024974938,81.64285388636503,89.00430983006697,206.96309081265863,242.862654620357,2000
2198,SSP2-4.5,total,3.1506705782963667,156.159189962203,82.00125607673377,89.37864385407869,208.28479495048174,244.39194477709034,2000
2199,SSP2-4.5,total,3.145422193927286,157.2451851790375,82.3496611195956,89.82153708833931,209.71274918613804,245.91867665322837,2000
2200,SSP2-4.5,total,3.1439863200278855,158.25701182835445,82.66074942978318,90.173756952829,211.1846908368318,247.44261765439987,2000
2201,SSP2-4.5,total,3.1479313170277257,159.1960732081912,82.96445577460472,90.52473348477365,212.52902479828109,249.2044646138813,2000
2202,SSP2-4.5,total,3.1454508357966993,160.2516387676192,83.28600330774553,90.88064417911107,213.6645926930209,250.73737334031657,2000
2203,SSP2-4.5,total,3.1554508665184695,161.24654825701708,83.61132246868064,91.24107317497656,214.80902230330693,252.30675410388065,2000
2204,SSP2-4.5,total,3.177843058570605,162.32236032425038,83.91157188617541,91.60534414430278,216.14750954583042,254.02416851208665,2000
2205,SSP2-4.5,total,3.1818275667142313,163.4625644375347,84.21069632629558,92.03816124465132,217.71371804920722,255.6029999914975,2000
2206,SSP2-4.5,total,3.1877400554320716,164.47820366863309,84.54050715656554,92.39794289088401,219.13868728962063,257.1795383462239,2000
2207,SSP2-4.5,total,3.1839474757423454,165.67336513806038,84.91373705377207,92.86146805251613,220.40426338275105,258.74312428236556,2000
2208,SSP2-4.5,total,3.1784611399555565,166.7753762913104,85.24854494024903,93.24197368775373,221.91563152088187,260.50376736638293,2000
2209,SSP2-4.5,total,3.1761072227442835,167.81035075973898,85.55240873028588,93.59471319714528,223.18105013330947,262.1031322653211,2000
2210,SSP2-4.5,total,3.1641605774385058,168.84991894044882,85.85484105571466,94.01773209805589,224.65212788059395,263.69736564820516,2000
2211,SSP2-4.5,total,3.1650276369915127,169.82411236734458,86.15583306213163,94.39480968901461,225.97967681823152,265.4348010808649,2000
2212,SSP2-4.5,total,3.1658883447897526,170.8345468335762,86.45853060342927,94.75875368404331,227.34331503028767,267.0344213814869,2000
2213,SSP2-4.5,total,3.1700085126416417,171.90610862783936,86.76203452785356,95.10251678258538,228.71299451055705,268.8632652668614,2000
2214,SSP2-4.5,total,3.1715814064165224,173.1290284165426,87.06586722129026,95.48400060732516,230.06621366584147,270.5871655659573,2000
2215,SSP2-4.5,total,3.1758876434925303,174.22221125139964,87.36733173586956,95.815063372341,231.43430963606107,272.20631056106805,2000
2216,SSP2-4.5,total,3.1754750512230503,175.28198418615384,87.65836542993117,96.2238731872005,232.7660051567243,273.68354032106777,2000
2217,SSP2-4.5,total,3.1733815970591217,176.2947490085793,87.94283578564686,96.56228825937936,234.092902261884,275.2285365244589,2000
2218,SSP2-4.5,total,3.1677870663438332,177.3121894497359,88.22652112056753,96.91590720552526,235.31667912788515,276.9614518631235,2000
2219,SSP2-4.5,total,3.1712192930261507,178.432929353639,88.51211669699818,97.24936115488333,236.64703323752641,278.71248087375426,2000
2220,SSP2-4.5,total,3.17264636797735,179.5158223606603,88.79885765704509,97.58349806070159,238.01910780323607,280.4845758201969,2000
2221,SSP2-4.5,total,3.1670978217293957,180.58341440360851,89.07818373886124,97.98260444264102,239.19745879904423,282.2627248746493,2000
2222,SSP2-4.5,total,3.171169304918796,181.5582344241929,89.35171425962326,98.31386332063802,240.34717864681357,284.0337187809187,2000
2223,SSP2-4.5,total,3.172933659008734,182.44177409719586,89.62341423714848,98.6325174720578,241.4777336382407,285.7827760479861,2000
2224,SSP2-4.5,total,3.1739733049855374,183.74390451263935,89.89422412721494,98.95028012574896,242.7964576783616,287.49438710121115,2000
2225,SSP2-4.5,total,3.168875522725694,184.89887822976635,90.1655951272608,99.26852855019104,244.19588556677382,288.93510015174957,2000
2226,SSP2-4.5,total,3.17081675186613,185.77065224795234,90.43612841371423,99.58563978712517,245.451018751589,290.3739258699105,2000
2227,SSP2-4.5,total,3.1780258172097824,186.68296951504817,90.70829055022783,99.90490929562289,246.887944449374,291.8113565599996,2000
2228,SSP2-4.5,total,3.1772140243572085,187.6312574385812,90.9807010176809,100.23148625961882,248.14404935737917,293.45018250909067,2000
2229,SSP2-4.5,total,3.181551880096277,188.53642297573057,91.25243250888836,100.55808670092861,249.40106477741776,295.1749064872072,2000
2230,SSP2-4.5,total,3.183617988312675,189.36587406921234,91.5217573880508,100.94769094565955,250.7322552870469,296.94672174352394,2000
2231,SSP2-4.5,total,3.184446764138385,190.2285410307669,91.7907254946007,101.27298219252786,251.9560149278148,298.7176575689016,2000
2232,SSP2-4.5,total,3.1790690492630462,191.5338996414295,92.04625563362063,101.59752195555721,253.32098541723306,300.48737204962515,2000
2233,SSP2-4.5,total,3.1746744133430718,192.79368462184456,92.30507465720132,101.91945380983839,254.48967825312133,302.0599936519749,2000
2234,SSP2-4.5,total,3.177244407856523,193.72068595610213,92.57313127826863,102.23757101245931,255.65394395086082,303.51754255429574,2000
2235,SSP2-4.5,total,3.180736722372691,194.8121718614014,92.8394625877757,102.54951623755258,256.83096549356213,304.9728087545034,2000
2236,SSP2-4.5,total,3.1817397706146076,195.8611466706992,93.10028616356159,102.85989124620242,258.0167677003066,306.50061258821756,2000
2237,SSP2-4.5,total,3.1852857167340085,196.812241500048,93.35763871456749,103.16984692345235,259.1838736043207,308.0637937736747,2000
2238,SSP2-4.5,total,3.179729181992373,197.82749978509048,93.6219777943796,103.49421418917053,260.4934794273839,309.57190978547186,2000
2239,SSP2-4.5,total,3.1932869042405927,198.9057912963043,93.8925909730291,103.82172926263277,261.72031335102605,311.0804951782886,2000
2240,SSP2-4.5,total,3.1927277346117404,199.86670525764146,94.16928848111134,104.14078994654349,262.97295319908244,312.58847507709174,2000
2241,SSP2-4.5,total,3.198152060459693,200.76703083416533,94.44331166949907,104.45669373766,264.31797888524744,314.0915809089178,2000
2242,SSP2-4.5,total,3.2000038549235175,201.75317545986553,94.71097507268748,104.804072532106,265.70059911937415,315.59004057681597,2000
2243,SSP2-4.5,total,3.193758508084568,202.76227615811388,94.96676574892564,105.18054709193419,266.8938857775845,317.0865919000717,2000
2244,SSP2-4.5,total,3.1907706906614135,203.92009859854656,95.21539693398114,105.48103011952699,268.07076512355053,318.9015992889651,2000
2245,SSP2-4.5,total,3.18553867945738,204.95285825086648,95.46209685807489,105.77841742051817,269.24416379920405,320.6641976082866,2000
2246,SSP2-4.5,total,3.1858470041239944,206.05700223628065,95.72363616415574,106.0770986686546,270.41342288761257,322.14908457685533,2000
2247,SSP2-4.5,total,3.18534109157407,207.03022401419378,95.99348397001101,106.3835957412117,271.58106100550555,323.65278778917235,2000
2248,SSP2-4.5,total,3.1845140223988446,208.06706377453122,96.26269283049609,106.6877841170496,272.7484561531729,325.15762892662184,2000
2249,SSP2-4.5,total,3.1908890209511696,209.1608633874372,96.52040369095975,106.98192827459047,273.9291157411997,326.66704348187636,2000
2250,SSP2-4.5,total,3.199832843114245,210.28726793252036,96.78182750294464,107.27975678197453,275.17687305777685,328.17016140296334,2000
2251,SSP2-4.5,total,3.1996955065916,211.1802977345644,97.10118991975973,107.64286532338281,276.37595649191195,329.66617223338073,2000
2252,SSP2-4.5,total,3.2020095289427153,212.1802571317026,97.4205203048144,107.94861364684482,277.56110618058915,331.15746894675755,2000
2253,SSP2-4.5,total,3.20163013849253,213.34765639797638,97.6736062884228,108.249801151079,278.9765974894898,332.65560773302144,2000
2254,SSP2-4.5,total,3.1907395309021767,214.41357218523825,97.92162914675318,108.54605761216871,280.23952711299876,334.1529837630401,2000
2255,SSP2-4.5,total,3.192000901175227,215.46252467246845,98.18354043297384,108.83680735248502,281.5673025988422,335.6434579149235,2000
2256,SSP2-4.5,total,3.1865292185118244,216.43496710251046,98.44471481906113,109.12526113485777,282.89914471691935,337.1324460159731,2000
2257,SSP2-4.5,total,3.1828776193117942,217.42859938506473,98.70309524635249,109.41055390096531,284.27729362129435,338.61737573110855,2000
2258,SSP2-4.5,total,3.180668153902372,218.42957369282195,98.95911743205966,109.69315726244854,285.69661732805326,340.17328886815,2000
2259,SSP2-4.5,total,3.1750641593921647,219.31065461343795,99.21412603295303,109.97467248099164,286.90155296543867,341.80619722109765,2000
2260,SSP2-4.5,total,3.1714352473510563,220.3904111083076,99.44823696658904,110.25630040671021,288.1666027185072,343.4308987319423,2000
2261,SSP2-4.5,total,3.1765136075586353,221.3223558063828,99.67529250005128,110.53639494695358,289.32347499635296,345.0509077316106,2000
2262,SSP2-4.5,total,3.1693988022173585,222.4144949616139,99.90428260476621,110.82249111055921,290.5595103352705,346.67249441383166,2000
2263,SSP2-4.5,total,3.172175227698431,223.482354439672,100.13066157237287,111.10585299815807,291.76287615559863,348.0689395520564,2000
2264,SSP2-4.5,total,3.1719253793980693,224.49654610047722,100.35537563203,111.38752551462687,292.9638964290679,349.38870737941824,2000
2265,SSP2-4.5,total,3.172016898032787,225.53560056951866,100.57894683040112,111.66804937904968,294.1759188057233,350.7069728683354,2000
2266,SSP2-4.5,total,3.174630811843646,226.51285188203377,100.79862357956725,111.94450326113662,295.33494013425064,352.2785426722473,2000
2267,SSP2-4.5,total,3.17154846233921,227.57034994073013,101.01682890375879,112.21947006185451,296.77863413524153,353.62856648287965,2000
2268,SSP2-4.5,total,3.1681918060376018,228.63543042357176,101.22819766977086,112.49356817246893,298.0461580584583,354.9740369684151,2000
2269,SSP2-4.5,total,3.1687787749210354,229.56115709061692,101.4240245276559,112.76777193827857,299.18540260541914,356.31687709390764,2000
2270,SSP2-4.5,total,3.1666747597861713,230.68998523673628,101.61913038957897,113.0376290761649,300.2987741299383,357.65863312222785,2000
2271,SSP2-4.5,total,3.1618652862592103,231.63361517827823,101.83414359829851,113.30314349239198,301.4800812937022,359.0138939620617,2000
2272,SSP2-4.5,total,3.158245149386785,232.65671904730576,102.05288875735812,113.57009115856467,302.62062460733927,360.45431310268907,2000
2273,SSP2-4.5,total,3.1624191376406428,233.42945510435004,102.27064715316847,113.83709052749751,304.2510068709701,361.8116785414908,2000
2274,SSP2-4.5,total,3.1650339020215794,234.41028111048553,102.48883092158303,114.10363536267387,305.647173204553,363.14257210706734,2000
2275,SSP2-4.5,total,3.164808831597946,235.38054750464863,102.70665922533502,114.36924246827857,306.899076778621,364.5274223679797,2000
2276,SSP2-4.5,total,3.1631732377341475,236.22653441861524,102.92487442948543,114.63034100319832,308.1135456805105,366.02843548900296,2000
2277,SSP2-4.5,total,3.16326371499335,237.0616756561084,103.14149693779359,114.88565329504335,309.41612631861966,367.67020394638587,2000
2278,SSP2-4.5,total,3.158153851858291,238.00834632315775,103.35539746337194,115.14041538405739,310.54560660956577,369.1243778950812,2000
2279,SSP2-4.5,total,3.1568005376621895,238.97059380472092,103.56581764741073,115.39598751290754,311.82017102459326,370.5762330662779,2000
2280,SSP2-4.5,total,3.1546490540569203,239.77863825846498,103.77126190845591,115.65011394441441,312.9946054347678,372.0489798100837,2000
2281,SSP2-4.5,total,3.1499100211949282,240.54760806269863,103.97676372396684,115.90082941150959,314.21660813377144,373.5381729443991,2000
2282,SSP2-4.5,total,3.15024875869216,241.38848066833106,104.18055393909027,116.12683804137878,315.7126059604615,375.025271750174,2000
2283,SSP2-4.5,total,3.147096772786418,242.28214421965552,104.38514514134111,116.37072888225356,316.9884969353127,376.51298130622934,2000
2284,SSP2-4.5,total,3.15009976890474,243.13789561945248,104.58797903538033,116.61587262945062,318.1914256980019,378.03189443399646,2000
2285,SSP2-4.5,total,3.1574800012205135,243.99099204849657,104.78866501631214,116.85868171006558,319.3796697812434,379.56826237128575,2000
2286,SSP2-4.5,total,3.1615346488483613,244.83003962818805,104.98793840293557,117.09998127303353,320.6736892304433,381.0193193549512,2000
2287,SSP2-4.5,total,3.1584887497342646,245.74941055068655,105.19213709292737,117.34279497428265,321.8310387265812,382.45742362743556,2000
2288,SSP2-4.5,total,3.1549037379602294,246.8533406651685,105.40013713803161,117.58466314384921,322.9532566671531,383.9468902353783,2000
2289,SSP2-4.5,total,3.1524019371801986,247.72988660075094,105.60783287400645,117.8291261303396,324.0747571831354,385.43577120026816,2000
2290,SSP2-4.5,total,3.156487227064726,248.82955591049316,105.81298400188908,118.07252729046071,325.2343240718192,386.92158312787006,2000
2291,SSP2-4.5,total,3.15519245429319,249.84622073371867,106.01838229825552,118.33010310940527,326.5315219193053,388.4066553412337,2000
2292,SSP2-4.5,total,3.1551475597409175,250.77839441891328,106.2210911337596,118.57073202131014,327.6768580641686,389.88972909060647,2000
2293,SSP2-4.5,total,3.150208223817075,251.69894337233907,106.4077142054187,118.80514509521498,328.822371929376,391.373063841604,2000
2294,SSP2-4.5,total,3.149115689075586,252.613500027998,106.60915495368805,119.03870106051066,329.9777673520084,392.85542423024236,2000
2295,SSP2-4.5,total,3.154665790063345,253.5390973671665,106.81475344596606,119.27233055088575,331.1272862897936,394.33737981726284,2000
2296,SSP2-4.5,total,3.1544817174597855,254.40697006711667,107.02027105830591,119.51238405007376,332.233788537261,395.82146877819673,2000
2297,SSP2-4.5,total,3.1665308688589184,255.27161580424087,107.2185370132771,119.76737411004295,333.3400055644328,397.3072261218662,2000
2298,SSP2-4.5,total,3.1640192072810542,256.35979678486245,107.4212034105586,120.0259317033614,334.4492028254954,398.79571460379265,2000
2299,SSP2-4.5,total,3.170827332337375,257.24433083355257,107.62169287986733,120.28170478411967,335.5938658543949,400.90239835743836,2000
2300,SSP2-4.5,total,3.176290724870756,258.1940928470244,107.82334167997561,120.52014488107352,336.71124377143383,402.6757056915799,2000
1990,SSP5-8.5,glaciers,0.5557397132233756,-0.7164018888025865,-0.8767215693159343,-0.7994815100968791,-0.6666291821796777,-0.6313538049035966,2000
1991,SSP5-8.5,glaciers,0.5885637306361448,-0.6828063999836569,-0.8307879728201063,-0.7588249946587041,-0.6362521440881762,-0.6032612996148283,2000
1992,SSP5-8.5,glaciers,0.5090689778394178,-0.6450100169661215,-0.7778389322408761,-0.713568148975243,-0.6025094393772994,-0.5732130965806023,2000
1993,SSP5-8.5,glaciers,0.3084522979487564,-0.6255954362681042,-0.7473264036192329,-0.6880795193606086,-0.5860363597840399,-0.5581063056834337,2000
1994,SSP5-8.5,glaciers,0.332676813580452,-0.5846978161526426,-0.6967939359662226,-0.6424378213153414,-0.5478828459824735,-0.5225560894014304,2000
1995,SSP5-8.5,glaciers,0.4547856293863089,-0.5481660487077797,-0.6502401699345464,-0.6007879699547647,-0.5140374986767478,-0.4913829124821292,2000
1996,SSP5-8.5,glaciers,0.5463394857269461,-0.5000195931929339,-0.5921436556455688,-0.548571116629263,-0.4690299751824281,-0.4485481859680694,2000
1997,SSP5-8.5,glaciers,0.600043540445978,-0.4591311906090616,-0.5387420990885291,-0.5005558918504589,-0.4313587540424628,-0.4145585888265218,2000
1998,SSP5-8.5,glaciers,0.6466075693928761,-0.41133257261993306,-0.4806552568083246,-0.44746368113064233,-0.38700204290699763,-0.37244232993666015,2000
1999,SSP5-8.5,glaciers,0.686007840655961,-0.333771414126939,-0.3918997917374408,-0.3641609178783584,-0.3141054429651699,-0.3021135159183939,2000
2000,SSP5-8.5,glaciers,0.7295563669080296,-0.28955233902127864,-0.33847635340485355,-0.31597881293780894,-0.2728549146939723,-0.2626920843251691,2000
2001,SSP5-8.5,glaciers,0.7655239205849365,-0.23938868750228015,-0.27969861080697245,-0.26061834444318244,-0.22528885991375053,-0.21668930251578145,2000
2002,SSP5-8.5,glaciers,0.7999498588212678,-0.17868943050653252,-0.20716133331068956,-0.19406074392330447,-0.16844459923208188,-0.16212181876812665,2000
2003,SSP5-8.5,glaciers,0.8301407393993533,-0.11489410571297398,-0.1304013684021371,-0.12332208741451489,-0.10853553019873013,-0.10451616772420164,2000
2004,SSP5-8.5,glaciers,0.8359312010698448,-0.05098214095769249,-0.05798250531748461,-0.05480481828845701,-0.04726797371931883,-0.044919952578113695,2000
2005,SSP5-8.5,glaciers,0.843916603443868,0.002165787600055591,-0.007890713467999078,-0.0032842088201352924,0.007075159721259938,0.010800165885793508,2000
2006,SSP5-8.5,glaciers,0.8516506513236204,0.07580844331039494,0.06259401729924688,0.06835894267220383,0.08501917175556538,0.09339853605085006,2000
2007,SSP5-8.5,glaciers,0.8597675192449368,0.1585176032312936,0.14123155588470848,0.14808984769102956,0.1727911993067712,0.18494363829451613,2000
2008,SSP5-8.5,glaciers,0.8671015531069908,0.22293770356180698,0.20048139852619284,0.2089811055560183,0.2427360264010162,0.2607137277548096,2000
2009,SSP5-8.5,glaciers,0.8915919796329949,0.26978539497099563,0.2433698776421419,0.2533996715422345,0.2942885416377697,0.31735455698591997,2000
2010,SSP5-8.5,glaciers,0.91224213325433,0.33133585787041486,0.2987031223695382,0.31111147693720453,0.3618593086834969,0.3903430673978073,2000
2011,SSP5-8.5,glaciers,0.9463726707864436,0.42704424729158363,0.3880677433140822,0.4029297329763517,0.46421069715248026,0.49729810908427563,2000
2012,SSP5-8.5,glaciers,0.9634454159642772,0.4909190474784406,0.44614670633064113,0.4632490673100911,0.533937668489465,0.5724916363126522,2000
2013,SSP5-8.5,glaciers,1.0010392042679888,0.5457749549714057,0.4949011234825675,0.513478110932867,0.5935351648606206,0.635531515579601,2000
2014,SSP5-8.5,glaciers,1.034758969518629,0.6029589006591842,0.547042456740619,0.5675853444431673,0.6574301090368881,0.7049027883241987,2000
2015,SSP5-8.5,glaciers,1.0655474016558886,0.674764752375848,0.6126988094404061,0.6360452601180673,0.7345494965518141,0.7866437405653751,2000
2016,SSP5-8.5,glaciers,1.0982433117141364,0.7499727205126621,0.6820661800359565,0.7078215057541553,0.8144407343654927,0.8698447737551913,2000
2017,SSP5-8.5,glaciers,1.1215083354395925,0.8751378709946405,0.797546751372841,0.8278224968583404,0.9458078082824166,1.006455718791224,2000
2018,SSP5-8.5,glaciers,1.1514531927883527,0.9558824462914304,0.8705508073585287,0.9041243938327297,1.0334576602890446,1.0988767544900768,2000
2019,SSP5-8.5,glaciers,1.172690213058829,1.0239276653919887,0.931531495718893,0.9667910539821908,1.1080452580079643,1.1779887433082012,2000
2020,SSP5-8.5,glaciers,1.183004264307409,1.1187831695741992,1.016863471659871,1.056807865791556,1.2087700174887386,1.286030877543611,2000
2021,SSP5-8.5,glaciers,1.2100067371777328,1.189243524326447,1.0810671362925552,1.1232798899095269,1.2857950978151065,1.3665364950962833,2000
2022,SSP5-8.5,glaciers,1.2401553910866456,1.2588221260188242,1.1444194408801678,1.1885979721718947,1.3612597650613982,1.4458490501416252,2000
2023,SSP5-8.5,glaciers,1.2795255652495054,1.3329107800800002,1.2120127915775338,1.2585754381716114,1.4414093978514102,1.5330750680358214,2000
2024,SSP5-8.5,glaciers,1.3120856196879593,1.4261966070921512,1.296456988616599,1.3468610284019749,1.542293461443588,1.6394170731454134,2000
2025,SSP5-8.5,glaciers,1.3440833095342744,1.5207503015211423,1.3813213351366276,1.4348105581319721,1.6441097715496362,1.7468014710695978,2000
2026,SSP5-8.5,glaciers,1.3737105932007283,1.6162595116838325,1.466799217415048,1.5246036047140765,1.7464055908839275,1.8526406746677004,2000
2027,SSP5-8.5,glaciers,1.397236727952544,1.7133310253917418,1.555447051411135,1.6158487732021893,1.8515089186382903,1.9620223281116824,2000
2028,SSP5-8.5,glaciers,1.414495288828333,1.8122455297363151,1.6421932722702295,1.708156224020697,1.958036652412985,2.0738387874533766,2000
2029,SSP5-8.5,glaciers,1.431963114692015,1.9113117341188595,1.731008800140145,1.8012951913367459,2.06455271995531,2.18453092891868,2000
2030,SSP5-8.5,glaciers,1.4560076990695092,2.012019521726281,1.8206047222626005,1.894275129896179,2.17247969891293,2.293305036716856,2000
2031,SSP5-8.5,glaciers,1.4757149556522156,2.112525771356193,1.9102898329986657,1.9884485056908503,2.2807725832058376,2.40743872270319,2000
2032,SSP5-8.5,glaciers,1.50669897344732,2.213939773486423,2.0013584752238365,2.0838315551014452,2.388963862436322,2.5215761645123,2000
2033,SSP5-8.5,glaciers,1.5287022346898986,2.317373777772072,2.093878243854822,2.181597548341545,2.5000939956605426,2.6413155691807293,2000
2034,SSP5-8.5,glaciers,1.5585886384487002,2.422307079965453,2.1868569027786,2.278328323879324,2.611797964877511,2.75828621460703,2000
2035,SSP5-8.5,glaciers,1.5911059353937131,2.528511595128706,2.2812006264808606,2.3776739555641355,2.726697722500023,2.8784211432603195,2000
2036,SSP5-8.5,glaciers,1.630594131489448,2.6367404284850875,2.3764467601026587,2.4791134873443297,2.8430861878226037,3.0016172877042853,2000
2037,SSP5-8.5,glaciers,1.6632419647309475,2.7487167325722504,2.473951110170393,2.5828768265266224,2.9629226921631435,3.1287121371885918,2000
2038,SSP5-8.5,glaciers,1.690334066834702,2.861822559371468,2.5741577818847934,2.689655973769208,3.0858614747776745,3.2571090272971306,2000
2039,SSP5-8.5,glaciers,1.7289730967413743,2.9761919398864918,2.6755138452282217,2.7967245239260503,3.2112455101770676,3.387200301462837,2000
2040,SSP5-8.5,glaciers,1.7574188806603228,3.0936122098244394,2.7798588863113447,2.9043908136359313,3.3395413261916005,3.522135147489953,2000
2041,SSP5-8.5,glaciers,1.7754810697663423,3.2117205279450234,2.8853432685809137,3.015580130773103,3.4697839233182473,3.6548144381274326,2000
2042,SSP5-8.5,glaciers,1.8132263000160829,3.3316330128811344,2.9939689578460493,3.126338412833095,3.5981097820567203,3.789841699744695,2000
2043,SSP5-8.5,glaciers,1.842687274458409,3.451810151316149,3.101186515491652,3.2407121784996087,3.7311961487512835,3.927605936509721,2000
2044,SSP5-8.5,glaciers,1.8744435758640963,3.57385399545165,3.207530057910079,3.3536219137586576,3.8640159465118433,4.064509001198623,2000
2045,SSP5-8.5,glaciers,1.916105045338041,3.6977306164363397,3.3165497817208593,3.468069458762714,3.997228090602059,4.2034976220065925,2000
2046,SSP5-8.5,glaciers,1.9558020518450927,3.8265852993115375,3.429581874986766,3.586012343854747,4.134197837161715,4.350454403133887,2000
2047,SSP5-8.5,glaciers,1.9998314811536861,3.958652469376079,3.5439590604926003,3.707432479339409,4.275801405571255,4.4983858073729355,2000
2048,SSP5-8.5,glaciers,2.0366870303301394,4.0923400218850645,3.664717646972838,3.8323643440860398,4.418659640875699,4.651003414425949,2000
2049,SSP5-8.5,glaciers,2.082483355924539,4.230389341516794,3.7847608144486626,3.958440403362728,4.565046144167428,4.810431722432208,2000
2050,SSP5-8.5,glaciers,2.122351404993238,4.368685934190795,3.9079889251563795,4.089011914568423,4.717676566263525,4.9673830046695695,2000
2051,SSP5-8.5,glaciers,2.155441775586654,4.508972940575468,4.036050183729877,4.22108437009096,4.8751012820808555,5.127071741875056,2000
2052,SSP5-8.5,glaciers,2.192318354959954,4.6526478965895475,4.164163985722945,4.353354752429952,5.030250802973531,5.295529094221557,2000
2053,SSP5-8.5,glaciers,2.2236749909165563,4.797231327804249,4.291681401091708,4.486270159389408,5.191357277208497,5.458264267684671,2000
2054,SSP5-8.5,glaciers,2.2604930108012273,4.942102688217075,4.415191381752586,4.619400811751172,5.352739819784722,5.621831252138057,2000
2055,SSP5-8.5,glaciers,2.292541788062364,5.091032850867883,4.541016129124963,4.755713133613202,5.5127433509942305,5.789726113769818,2000
2056,SSP5-8.5,glaciers,2.335864279351812,5.2403598184731335,4.668874038168383,4.895141404376582,5.679015979766145,5.960211952415276,2000
2057,SSP5-8.5,glaciers,2.379963412280688,5.395767026341683,4.799480307527092,5.03562794347404,5.844980149218591,6.134811074581941,2000
2058,SSP5-8.5,glaciers,2.4263226710090553,5.548835199769055,4.931414275819405,5.177372662971232,6.010017248546148,6.311259031766136,2000
2059,SSP5-8.5,glaciers,2.4684306913003575,5.704208474565787,5.066136157513585,5.319636489024987,6.178391591838068,6.493500494915158,2000
2060,SSP5-8.5,glaciers,2.509349831896528,5.8644349108593286,5.202799813422785,5.4627666291071,6.3519768784239075,6.674183829304142,2000
2061,SSP5-8.5,glaciers,2.546191246187096,6.027731712142511,5.342427826514099,5.608262187658804,6.527351272295567,6.8531337530475485,2000
2062,SSP5-8.5,glaciers,2.5901533307300575,6.190337946980913,5.48042813877896,5.7603878604539664,6.700526051264896,7.035480417308495,2000
2063,SSP5-8.5,glaciers,2.6231078333459457,6.354657345365263,5.621978756672676,5.907986172172148,6.878464550818691,7.228435790887365,2000
2064,SSP5-8.5,glaciers,2.6667128482541567,6.5169411669175155,5.763502615901548,6.058861924447834,7.053495309370666,7.415864517079575,2000
2065,SSP5-8.5,glaciers,2.7018268187789163,6.685244242188299,5.904217455468968,6.2125536516197695,7.235723517158446,7.606306711109812,2000
2066,SSP5-8.5,glaciers,2.736966561097795,6.852516166850481,6.046518981359358,6.368751805093261,7.4218617540441,7.795304012774675,2000
2067,SSP5-8.5,glaciers,2.781365410279771,7.019371864086098,6.192067136485737,6.527872734536926,7.607401153610127,7.992063534121226,2000
2068,SSP5-8.5,glaciers,2.8203622068807586,7.187930850234567,6.341432762421146,6.682670525088776,7.789786699969638,8.19296876791144,2000
2069,SSP5-8.5,glaciers,2.861754603125484,7.358426417731198,6.491076633084263,6.836346702655639,7.978916688363949,8.397638533196679,2000
2070,SSP5-8.5,glaciers,2.913142057073008,7.5337716311210725,6.6407459546755305,6.992878068991859,8.16001140588914,8.594608847810864,2000
2071,SSP5-8.5,glaciers,2.9616454919219586,7.706493743641452,6.790603428155492,7.149378530382284,8.35294520831644,8.798528736379518,2000
2072,SSP5-8.5,glaciers,3.015445536729185,7.882214006312179,6.9434908905400885,7.305793051180322,8.543384927431852,8.99847956041709,2000
2073,SSP5-8.5,glaciers,3.053783248081748,8.060390216511731,7.098988772243986,7.465252349716904,8.737394215365157,9.21672216440712,2000
2074,SSP5-8.5,glaciers,3.103983019720375,8.239600810243061,7.2500447028147175,7.6308007245714355,8.934344829394327,9.429220330664757,2000
2075,SSP5-8.5,glaciers,3.1560586725905786,8.423205561967272,7.408034984969051,7.798018231564724,9.13308033799768,9.63936179718095,2000
2076,SSP5-8.5,glaciers,3.1936521239750184,8.60618238114678,7.55794016332856,7.964020925885066,9.333594485997892,9.858231522937153,2000
2077,SSP5-8.5,glaciers,3.2353592105802793,8.790997964402814,7.70771074979221,8.13788109870375,9.536018150732547,10.07138314043923,2000
2078,SSP5-8.5,glaciers,3.278269887349176,8.976085534429412,7.857843433885048,8.303724063107431,9.735902918160157,10.287620091900683,2000
2079,SSP5-8.5,glaciers,3.3243722342455455,9.16169173585719,8.013136977682477,8.47183513866483,9.941257286835233,10.501702821091243,2000
2080,SSP5-8.5,glaciers,3.3694994449712734,9.346814419582039,8.168662892937697,8.639006361025348,10.145549917963898,10.727076405336913,2000
2081,SSP5-8.5,glaciers,3.426141490541102,9.531501720699225,8.317072122146156,8.812010286493535,10.354744881379839,10.948543713330412,2000
2082,SSP5-8.5,glaciers,3.479675625555312,9.717897782624718,8.46963172337028,8.983544047585747,10.559423327005462,11.1761324081489,2000
2083,SSP5-8.5,glaciers,3.5386944945562164,9.909650788251636,8.628444226923442,9.15450797801664,10.769024438187376,11.407678962059082,2000
2084,SSP5-8.5,glaciers,3.5886776682605155,10.103786675017394,8.783032347208588,9.327009399611411,10.981896901966714,11.631079882390994,2000
2085,SSP5-8.5,glaciers,3.6302373763283984,10.3016093825258,8.93537368452569,9.497758395691521,11.188834858500671,11.855278945529445,2000
2086,SSP5-8.5,glaciers,3.674905085412909,10.49938665575932,9.094360278615376,9.66776624912093,11.401292375709517,12.080000597624656,2000
2087,SSP5-8.5,glaciers,3.7170022137558263,10.6969352254632,9.25580789238627,9.842488605390878,11.611992136507922,12.295624503536828,2000
2088,SSP5-8.5,glaciers,3.754869685442747,10.889895435615507,9.419685655917045,10.013036120062862,11.82416085627879,12.516895598677324,2000
2089,SSP5-8.5,glaciers,3.79652052247809,11.080050250205211,9.583287564732812,10.182501908608824,12.03393622558249,12.744210921239997,2000
2090,SSP5-8.5,glaciers,3.8454533793964467,11.266216562536279,9.746783551099522,10.354794413793053,12.232524056794997,12.975283441653719,2000
2091,SSP5-8.5,glaciers,3.8883860799380425,11.460820563158848,9.906475031392832,10.528449833620158,12.445899467663526,13.204224218589987,2000
2092,SSP5-8.5,glaciers,3.945003894303694,11.65657671651931,10.07101503343658,10.700174090355722,12.659336037616292,13.438262263069184,2000
2093,SSP5-8.5,glaciers,3.9961325111305954,11.850856611764367,10.231072204661324,10.875876329242892,12.868359685869397,13.670312546777245,2000
2094,SSP5-8.5,glaciers,4.0460750643859775,12.045891878325385,10.392337985431425,11.041819796644141,13.071945608019838,13.898041260276425,2000
2095,SSP5-8.5,glaciers,4.0967872745192615,12.23541684573446,10.547954686443644,11.213664377289488,13.286101669831888,14.119987580492488,2000
2096,SSP5-8.5,glaciers,4.150632215871937,12.429473357451357,10.7013392800802,11.38529232512398,13.498285775594809,14.351870807641957,2000
2097,SSP5-8.5,glaciers,4.190951699094467,12.622730068891379,10.858142803876824,11.555212497892487,13.712606329737536,14.575296926101322,2000
2098,SSP5-8.5,glaciers,4.226080539807343,12.813766855264912,11.015053075688765,11.726151935450131,13.92507147484805,14.81008420151017,2000
2099,SSP5-8.5,glaciers,4.270389008766735,13.009075977908896,11.167291657326157,11.895865770228228,14.137931112947875,15.035180180704572,2000
2100,SSP5-8.5,glaciers,4.31241979908946,13.199997190232917,11.31928389476928,12.063525968598086,14.345494565906352,15.244333421325502,2000
2101,SSP5-8.5,glaciers,4.3641094798398505,13.385517452957142,11.470806071839087,12.232617732088665,14.555808800189105,15.476858019893065,2000
2102,SSP5-8.5,glaciers,4.411577993382431,13.575245254878137,11.622207935366497,12.4009098392215,14.758366741179959,15.705532061653903,2000
2103,SSP5-8.5,glaciers,4.460216901403128,13.760873266414723,11.783072102326742,12.566347249379744,14.957709990645562,15.925653461949269,2000
2104,SSP5-8.5,glaciers,4.5040071035503635,13.943009910338393,11.927365254436639,12.73529832507213,15.166014500251022,16.15333721141284,2000
2105,SSP5-8.5,glaciers,4.5511965486747314,14.130080853484891,12.08566007820353,12.897218170886305,15.372010795542721,16.378691163834663,2000
2106,SSP5-8.5,glaciers,4.589539887956996,14.312640760310487,12.228523046239173,13.064978538830246,15.582062986690667,16.591695182222193,2000
2107,SSP5-8.5,glaciers,4.629223262256404,14.495243420228022,12.376839986080867,13.223163764963944,15.787114789806362,16.798438280438276,2000
2108,SSP5-8.5,glaciers,4.671697435928822,14.679577228880584,12.532115631459966,13.38435116410657,15.991839247536227,17.00393125961551,2000
2109,SSP5-8.5,glaciers,4.707404804930306,14.853975850033391,12.677943560605382,13.540374034877221,16.18665219846776,17.21338040986208,2000
2110,SSP5-8.5,glaciers,4.7462190056991345,15.028005661780433,12.808799607116224,13.694678548155249,16.385977319123906,17.44308821285451,2000
2111,SSP5-8.5,glaciers,4.77594588603476,15.199203616401382,12.944027631159994,13.85221096653827,16.58251403823288,17.660442567030408,2000
2112,SSP5-8.5,glaciers,4.817657062366482,15.373161484375416,13.083870592448525,14.000477228082477,16.777623445656584,17.869707611563076,2000
2113,SSP5-8.5,glaciers,4.857719962181352,15.546957962713021,13.222559192658352,14.145441342069141,16.960459697652496,18.083407786625752,2000
2114,SSP5-8.5,glaciers,4.892706282391094,15.72149309380356,13.360130740936421,14.302121751662883,17.145392700561768,18.299918194437346,2000
2115,SSP5-8.5,glaciers,4.942579535428325,15.891466987415749,13.498941151140258,14.452193482249282,17.331521848727753,18.498124999373275,2000
2116,SSP5-8.5,glaciers,4.9761215547809785,16.061398943504045,13.631442810707439,14.598347417957486,17.523411913879094,18.702258051635432,2000
2117,SSP5-8.5,glaciers,5.0234542488204745,16.231887296953662,13.764675511991411,14.74767361195354,17.70797979374728,18.895873146239772,2000
2118,SSP5-8.5,glaciers,5.053836698041858,16.399889407683602,13.890801943005116,14.89331827952048,17.894834064237227,19.08491676022628,2000
2119,SSP5-8.5,glaciers,5.081046003855958,16.561274046360356,14.019358648037073,15.034483531375592,18.069137501070355,19.272848676437143,2000
2120,SSP5-8.5,glaciers,5.111420346616944,16.725403825327096,14.138895968452326,15.180572596926563,18.252981612911057,19.472984692500884,2000
2121,SSP5-8.5,glaciers,5.145216642157468,16.88238719364256,14.256486301027069,15.322462105937007,18.43486834594607,19.6722015408935,2000
2122,SSP5-8.5,glaciers,5.177644385229858,17.036406393349587,14.373591806963708,15.464465475523044,18.612591168532642,19.87202473572655,2000
2123,SSP5-8.5,glaciers,5.210439817903417,17.179235520570103,14.502070035891283,15.597645665198748,18.78670798054778,20.060868384954603,2000
2124,SSP5-8.5,glaciers,5.252335352694382,17.325667006756895,14.622291724271932,15.735903981275259,18.95657505401474,20.25058030747092,2000
2125,SSP5-8.5,glaciers,5.294188345098916,17.47260622980552,14.744884653457337,15.864811588748463,19.118430961794793,20.429833825074507,2000
2126,SSP5-8.5,glaciers,5.333389997955792,17.618806134064087,14.862133305873066,15.99122356898096,19.28346344562891,20.60641443116171,2000
2127,SSP5-8.5,glaciers,5.361821151916355,17.769027905210876,14.982549492717041,16.127487757521802,19.446941174258605,20.78347888018741,2000
2128,SSP5-8.5,glaciers,5.39408859580083,17.912357703132653,15.100218552858347,16.24473966158953,19.609824578965494,20.955408521047033,2000
2129,SSP5-8.5,glaciers,5.424929099786181,18.060600285666993,15.21550649998412,16.36711755387298,19.778752319067785,21.126838251846028,2000
2130,SSP5-8.5,glaciers,5.4579357640557085,18.19922094899622,15.335065878754481,16.491150400684386,19.929096409631484,21.29955475337253,2000
2131,SSP5-8.5,glaciers,5.478913510911799,18.346242042543476,15.445829979748044,16.615086354461404,20.085156599612503,21.475910371486908,2000
2132,SSP5-8.5,glaciers,5.511898779737037,18.48034233776158,15.553716829340846,16.736025350214916,20.240030231890252,21.647887422234,2000
2133,SSP5-8.5,glaciers,5.539104523766511,18.617279588869195,15.676232810371694,16.855556715298246,20.3974539113296,21.815431091193176,2000
2134,SSP5-8.5,glaciers,5.572705473351193,18.750732645737287,15.782137676324028,16.96673122985473,20.540533352743473,21.979444169812105,2000
2135,SSP5-8.5,glaciers,5.604794034205822,18.87959301122331,15.90159523348266,17.07718085191252,20.686230256892085,22.141458767624002,2000
2136,SSP5-8.5,glaciers,5.641719505308026,19.009032201133834,16.00204425739408,17.189458598047494,20.838572755567473,22.301400994408297,2000
2137,SSP5-8.5,glaciers,5.672496825902029,19.135882633727505,16.10763743630061,17.302174156655052,20.982749160074604,22.459680192857082,2000
2138,SSP5-8.5,glaciers,5.705523981047367,19.264510003661393,16.22024733916975,17.410681808044878,21.114766630298913,22.62807984259894,2000
2139,SSP5-8.5,glaciers,5.727851161427154,19.39134616389451,16.32429358629304,17.524671387343382,21.260191542320023,22.778751339460594,2000
2140,SSP5-8.5,glaciers,5.752497012532589,19.513335033308707,16.425333549401238,17.634791150743098,21.399241977247293,22.924827747336195,2000
2141,SSP5-8.5,glaciers,5.775914719811637,19.635470602790235,16.524014580839143,17.73626428243604,21.53326550416912,23.07559246578257,2000
2142,SSP5-8.5,glaciers,5.795470963655953,19.747723794608945,16.62147809792497,17.842475223932798,21.67484440189399,23.22588352568594,2000
2143,SSP5-8.5,glaciers,5.821623376752074,19.872911634200413,16.714090467081864,17.948649989572967,21.8031083628901,23.373222986103343,2000
2144,SSP5-8.5,glaciers,5.848793823506787,19.98700506811703,16.8053088185608,18.05145672152871,21.932175547558845,23.513870017489122,2000
2145,SSP5-8.5,glaciers,5.8796144524477665,20.100045171378667,16.894723179172875,18.158512681247913,22.064758028003546,23.652109980676926,2000
2146,SSP5-8.5,glaciers,5.9091583670197,20.21392854868054,16.98266913621128,18.25453227161422,22.18889308297191,23.78960636713691,2000
2147,SSP5-8.5,glaciers,5.932415253541499,20.330340270222763,17.062194209185648,18.348627446151553,22.311802195726976,23.9285491481649,2000
2148,SSP5-8.5,glaciers,5.96096757733068,20.437789301084834,17.138239948919804,18.44932816463399,22.43169548235033,24.05805674090129,2000
2149,SSP5-8.5,glaciers,5.984855923664425,20.5402978313878,17.223006076650215,18.54066580439886,22.55013764736183,24.183912493263843,2000
2150,SSP5-8.5,glaciers,6.009791200479169,20.645156356086776,17.293769025263796,18.629781567528546,22.671815505220945,24.309112401825107,2000
2151,SSP5-8.5,glaciers,6.028441504608441,20.748988167968527,17.372885842797018,18.723149743063637,22.799014901374015,24.434476502540104,2000
2152,SSP5-8.5,glaciers,6.057363066520258,20.853185944234458,17.452589594786758,18.80731342007123,22.91789694696572,24.558722355663416,2000
2153,SSP5-8.5,glaciers,6.079955302058288,20.958146455371196,17.547038345529486,18.891802703650807,23.0294286877711,24.682690550126452,2000
2154,SSP5-8.5,glaciers,6.109240893012745,21.055511371697733,17.621036617861638,18.97701252021111,23.139112116888843,24.804310560221793,2000
2155,SSP5-8.5,glaciers,6.129226577689733,21.153236165362067,17.694093100522252,19.05835769009871,23.259881283699617,24.924379641098973,2000
2156,SSP5-8.5,glaciers,6.153261600875571,21.251160577307942,17.773702087211255,19.14272458150612,23.370454440319534,25.05123281353014,2000
2157,SSP5-8.5,glaciers,6.179711065972603,21.351873970677367,17.852804315639506,19.228004062758583,23.47085564981195,25.177957166055705,2000
2158,SSP5-8.5,glaciers,6.209890798168322,21.44216690612666,17.930927674606256,19.31611701276683,23.57691206802313,25.289946464364245,2000
2159,SSP5-8.5,glaciers,6.235836295677487,21.524756422960802,18.008560461904903,19.400111621780916,23.691068843228567,25.422352929386292,2000
2160,SSP5-8.5,glaciers,6.266358270390076,21.615363686102228,18.08565076963038,19.479545408147985,23.801881642255722,25.528376094178114,2000
2161,SSP5-8.5,glaciers,6.293047376185408,21.70248657023066,18.161689968276484,19.558500658346375,23.90282170220012,25.645287000472877,2000
2162,SSP5-8.5,glaciers,6.314990012075206,21.787403980919052,18.23271149585465,19.6335960056422,24.000070241010718,25.768258142315755,2000
2163,SSP5-8.5,glaciers,6.34206788466492,21.87952235495689,18.298351511175863,19.71048609349705,24.09620153936673,25.884086775640935,2000
2164,SSP5-8.5,glaciers,6.35578476467653,21.972164966880136,18.357124433968668,19.789226006347345,24.211440317604424,25.988761386903935,2000
2165,SSP5-8.5,glaciers,6.365862468403385,22.049082475169698,18.41512822190081,19.86374984523217,24.313922049097947,26.09531761794205,2000
2166,SSP5-8.5,glaciers,6.383468880306376,22.13217428277433,18.48233339521329,19.93446183632405,24.41132360605327,26.20248412893426,2000
2167,SSP5-8.5,glaciers,6.4081720464584295,22.21550542764331,18.54232594880677,20.008186137146808,24.50202347189221,26.307722049958887,2000
2168,SSP5-8.5,glaciers,6.425798598490646,22.30515379710204,18.601179300692493,20.08035572578701,24.595760298763675,26.395344286938446,2000
2169,SSP5-8.5,glaciers,6.454118406598851,22.391904881924482,18.669454855134553,20.14419253493443,24.683673562422996,26.511730941608008,2000
2170,SSP5-8.5,glaciers,6.486204683733515,22.46964746959855,18.737332536351385,20.203835115289195,24.768843684451443,26.60958674607837,2000
2171,SSP5-8.5,glaciers,6.506022511195588,22.54601137436612,18.805464178331796,20.287850674932344,24.856290737814795,26.701432322845083,2000
2172,SSP5-8.5,glaciers,6.531421061215337,22.622244999423046,18.87301365933988,20.34970590744907,24.946300184906683,26.787844550592123,2000
2173,SSP5-8.5,glaciers,6.554138006465327,22.696053777696175,18.938249224317566,20.408051653959724,25.04010497702724,26.882321501934477,2000
2174,SSP5-8.5,glaciers,6.576907129836155,22.767514008211652,18.99969268587717,20.476868861875335,25.121705981649672,26.981264411302565,2000
2175,SSP5-8.5,glaciers,6.589808472359773,22.846061462479916,19.05122714974115,20.534731126164818,25.19899775597126,27.078062237064035,2000
2176,SSP5-8.5,glaciers,6.6019459723619525,22.921866842782592,19.09909483382898,20.595277129988737,25.284306089264287,27.16925671658085,2000
2177,SSP5-8.5,glaciers,6.614660280653371,22.99278052861316,19.145933921229393,20.652114776679735,25.37189002692203,27.265501459290007,2000
2178,SSP5-8.5,glaciers,6.633380513903446,23.067307892957537,19.192555828673612,20.70976235183013,25.456849278247514,27.358945116858923,2000
2179,SSP5-8.5,glaciers,6.656222740533219,23.13300344937936,19.24144129564295,20.76469853996382,25.540414252624597,27.44496473536834,2000
2180,SSP5-8.5,glaciers,6.678128541842929,23.200080674026342,19.29852549817681,20.82285053869001,25.622102599095758,27.529546290415805,2000
2181,SSP5-8.5,glaciers,6.696941578395637,23.268049233937784,19.35592905277592,20.87136205049658,25.701548052512766,27.612895585545566,2000
2182,SSP5-8.5,glaciers,6.7157318628045894,23.335808581448724,19.41229798394473,20.924420773718765,25.774502863223066,27.695251733893112,2000
2183,SSP5-8.5,glaciers,6.740051518028006,23.401476757692958,19.46394967696275,20.979232778628365,25.84566546724843,27.778374906204494,2000
2184,SSP5-8.5,glaciers,6.752856505124103,23.46984402381252,19.514295238001033,21.0246991901675,25.920325623234596,27.860512444211913,2000
2185,SSP5-8.5,glaciers,6.764235939605002,23.534501579748017,19.563448883797257,21.07502663549724,25.989146031645387,27.940231912467237,2000
2186,SSP5-8.5,glaciers,6.780215887890567,23.597066658047183,19.61143273995086,21.129879733087723,26.068756691994444,28.018977528357265,2000
2187,SSP5-8.5,glaciers,6.791466420090469,23.651939183988645,19.66894962602338,21.18226548855206,26.144039312276178,28.097196201765254,2000
2188,SSP5-8.5,glaciers,6.797450315162923,23.723262436232233,19.721672299368116,21.23204029715124,26.216331750891378,28.17263110534548,2000
2189,SSP5-8.5,glaciers,6.815445705376506,23.7822546955107,19.776694029845885,21.27947037856703,26.288937069953537,28.240257182258233,2000
2190,SSP5-8.5,glaciers,6.829200321021954,23.837506615301233,19.817171192878597,21.33226321275601,26.356884351315507,28.310989940029764,2000
2191,SSP5-8.5,glaciers,6.843984002787081,23.893167393811616,19.85698956797983,21.38386218791438,26.42284491878539,28.371327338311335,2000
2192,SSP5-8.5,glaciers,6.867009546309087,23.948455357354767,19.896188353068904,21.434644577135657,26.489291034017633,28.44544971819127,2000
2193,SSP5-8.5,glaciers,6.882591514817378,24.0027421315593,19.934957242527474,21.481973512280817,26.549049232814475,28.517582391688883,2000
2194,SSP5-8.5,glaciers,6.901731489455996,24.054570612078646,19.973276249525686,21.52771694455198,26.609499017750704,28.58475053273739,2000
2195,SSP5-8.5,glaciers,6.9115909677334715,24.107858947216407,20.024254793702756,21.572942972498293,26.668309023983554,28.65074281889837,2000
2196,SSP5-8.5,glaciers,6.931368135384477,24.159338765516416,20.067803947453292,21.615545092752626,26.726176652210214,28.715449109529423,2000
2197,SSP5-8.5,glaciers,6.9433891919162045,24.218330031794945,20.102281155499202,21.665271410313903,26.78544760009743,28.77929375295521,2000
2198,SSP5-8.5,glaciers,6.9547094681026,24.275016709895045,20.136621180610085,21.713773797423833,26.848593327588354,28.842035543054287,2000
2199,SSP5-8.5,glaciers,6.960917768280012,24.330318076261356,20.175597611969454,21.75975127070784,26.908880737352796,28.909917263486218,2000
2200,SSP5-8.5,glaciers,6.970768341443509,24.37901982094041,20.219190005744412,21.803338007548096,26.97210888406081,28.974743080949654,2000
2201,SSP5-8.5,glaciers,6.9858294774921905,24.42639472410067,20.262071446549506,21.84719103947801,27.02874156907548,29.036698300154143,2000
2202,SSP5-8.5,glaciers,6.99429547605429,24.475628286768696,20.304613011994686,21.889349794741385,27.082074242306607,29.092346926747187,2000
2203,SSP5-8.5,glaciers,7.015072825093854,24.523896553400515,20.344659204505433,21.927868549246334,27.1448199523228,29.14938565744597,2000
2204,SSP5-8.5,glaciers,7.048072466356301,24.57033654341409,20.384378225737386,21.962772512670107,27.19392874446199,29.205901026860012,2000
2205,SSP5-8.5,glaciers,7.062495905426287,24.617576781649177,20.414697639653728,21.99744539457023,27.25516243946596,29.26254372983832,2000
2206,SSP5-8.5,glaciers,7.078679378704682,24.666184515894837,20.447745771667687,22.031267893901816,27.316505988640262,29.336268388933064,2000
2207,SSP5-8.5,glaciers,7.084990713011064,24.709983904538603,20.489487246783444,22.0659176738307,27.356934670762413,29.408444440107743,2000
2208,SSP5-8.5,glaciers,7.089441806732302,24.75452778207471,20.520929588120353,22.103164734215216,27.39657986719336,29.461322642406383,2000
2209,SSP5-8.5,glaciers,7.096858454906249,24.801249185720515,20.550979886749484,22.138304284751918,27.44076891660562,29.525184787102525,2000
2210,SSP5-8.5,glaciers,7.094516093639992,24.842917979344364,20.579289288734834,22.179444371718144,27.49349111036227,29.58315137135737,2000
2211,SSP5-8.5,glaciers,7.104821898367752,24.885403105741936,20.61132585112233,22.220927847371364,27.538698352626042,29.638878565585777,2000
2212,SSP5-8.5,glaciers,7.1149564353894545,24.92712718508473,20.640240857134845,22.264415511139124,27.594162059040883,29.69261844508697,2000
2213,SSP5-8.5,glaciers,7.128185242059944,24.96809070126674,20.668695039092405,22.29766988941247,27.642265105587647,29.735510821865866,2000
2214,SSP5-8.5,glaciers,7.1387012376272105,25.01046736566336,20.697155232715026,22.328456415510978,27.688010382539975,29.777751323859693,2000
2215,SSP5-8.5,glaciers,7.151785987242407,25.051644058518285,20.724226790770064,22.36718185326043,27.731056024946124,29.81928145626901,2000
2216,SSP5-8.5,glaciers,7.1599873323527925,25.087725928763355,20.751208355104925,22.405071585449345,27.774015619121503,29.865586395759244,2000
2217,SSP5-8.5,glaciers,7.1663441101175644,25.123455361609324,20.77756710962369,22.436077198839694,27.81741492922799,29.915750010427534,2000
2218,SSP5-8.5,glaciers,7.16903600574906,25.158583678195935,20.803446170833343,22.463652703755628,27.86412674653949,29.960368464585425,2000
2219,SSP5-8.5,glaciers,7.180590856775595,25.18792650004385,20.828795770742765,22.499300112742336,27.907802166162398,30.013265459009055,2000
2220,SSP5-8.5,glaciers,7.1899779300695466,25.2189455180088,20.85380498311284,22.53831908936516,27.94258542867452,30.062780207031235,2000
2221,SSP5-8.5,glaciers,7.192227004571489,25.252681403864695,20.879008451916423,22.570639366596907,27.98720674640973,30.110275526825472,2000
2222,SSP5-8.5,glaciers,7.203934109479578,25.287674473246412,20.90406932906312,22.59874606301296,28.033181020889113,30.152727532657583,2000
2223,SSP5-8.5,glaciers,7.213171118891374,25.32113425499341,20.933774850082198,22.621966609058266,28.07558503643946,30.19248535452756,2000
2224,SSP5-8.5,glaciers,7.2215205920334276,25.356161825083916,20.954818692467192,22.644833621482352,28.1099337755498,30.231577032659608,2000
2225,SSP5-8.5,glaciers,7.2235705486874995,25.38967497756139,20.9755305667126,22.6701578221725,28.145804852903236,30.26999970064314,2000
2226,SSP5-8.5,glaciers,7.2324969141010715,25.42299661853989,20.997782296161834,22.6995743502976,28.187252295253273,30.307645631657188,2000
2227,SSP5-8.5,glaciers,7.246529815759302,25.455420681776616,21.02369747178349,22.728758134796106,28.22849204696636,30.348803223263797,2000
2228,SSP5-8.5,glaciers,7.252379627521919,25.491859956419532,21.054638157575592,22.756148659118768,28.26686355639375,30.393525515326385,2000
2229,SSP5-8.5,glaciers,7.2632171310775,25.525174680072112,21.085133279793574,22.78888127877508,28.304618138276087,30.4372997554038,2000
2230,SSP5-8.5,glaciers,7.271621947313981,25.560245605084774,21.115255292734233,22.81551468757996,28.342746039611256,30.48048966371241,2000
2231,SSP5-8.5,glaciers,7.278627167452372,25.594692669727205,21.144979082638105,22.838683918302007,28.379988511883226,30.514048010716724,2000
2232,SSP5-8.5,glaciers,7.279264089930073,25.62591010088084,21.171376278756725,22.868684758846552,28.418713875798165,30.54965622962442,2000
2233,SSP5-8.5,glaciers,7.280722184457256,25.655901362790175,21.18875893931981,22.899441181041226,28.45674609154113,30.589095349796548,2000
2234,SSP5-8.5,glaciers,7.288982816774306,25.686733086022052,21.205814038673623,22.924523895910003,28.494055084608505,30.627791975661943,2000
2235,SSP5-8.5,glaciers,7.2980039878624225,25.717835552694076,21.222621952612347,22.949279659190083,28.528523111561842,30.665894734600037,2000
2236,SSP5-8.5,glaciers,7.3043741272263665,25.747089205312708,21.24022376530869,22.973729870646007,28.56014223332857,30.703274211426052,2000
2237,SSP5-8.5,glaciers,7.31312588227286,25.77509476581425,21.26627128357417,22.999242941971133,28.586395164763374,30.740069423844595,2000
2238,SSP5-8.5,glaciers,7.312612975895703,25.80518085385016,21.292375224359144,23.028948008778492,28.613810131258347,30.77634619729691,2000
2239,SSP5-8.5,glaciers,7.3310520869894145,25.834204628291566,21.316750390030407,23.050844549451387,28.64358185915605,30.81190996254704,2000
2240,SSP5-8.5,glaciers,7.335212262905988,25.865360892859727,21.336329270967962,23.070106486794362,28.674387788977835,30.84688687463945,2000
2241,SSP5-8.5,glaciers,7.345193497716741,25.893565662892676,21.35558454015624,23.08902964882808,28.71109777553117,30.880106331722207,2000
2242,SSP5-8.5,glaciers,7.351439212696151,25.922686365701882,21.37749760795559,23.10770088181319,28.73928265763258,30.912778713610567,2000
2243,SSP5-8.5,glaciers,7.349425889177231,25.94944685017094,21.394882650821053,23.127248858135893,28.76571480632539,30.94939540905692,2000
2244,SSP5-8.5,glaciers,7.350507135584997,25.973793901390906,21.410978251638053,23.148425811681296,28.797158942003648,30.98558780136086,2000
2245,SSP5-8.5,glaciers,7.349181231872608,25.999209707065543,21.43373020592523,23.169905496376305,28.828672253505363,31.020667602175635,2000
2246,SSP5-8.5,glaciers,7.353231645532587,26.021958777561473,21.44982034927322,23.1869670397463,28.859743103976676,31.050998578533164,2000
2247,SSP5-8.5,glaciers,7.356303617760265,26.049572488347053,21.46972538246368,23.210433494803574,28.889035587217286,31.07840696501803,2000
2248,SSP5-8.5,glaciers,7.358891036254669,26.074586749220636,21.49227820667255,23.2327422694875,28.917237881177773,31.109176194946713,2000
2249,SSP5-8.5,glaciers,7.368516544587208,26.098845317419737,21.513483086592814,23.249345586806783,28.94281541885763,31.1388857212988,2000
2250,SSP5-8.5,glaciers,7.380547257275471,26.124644966779705,21.52742439791227,23.26576794667099,28.977047460561316,31.167445196571904,2000
2251,SSP5-8.5,glaciers,7.383332920033877,26.14725551055748,21.541253489883523,23.2842084114234,29.010990183025267,31.19571734978086,2000
2252,SSP5-8.5,glaciers,7.388545884688615,26.165586054520833,21.554859267952775,23.30663277430647,29.044473043639673,31.223530629368067,2000
2253,SSP5-8.5,glaciers,7.391045132739745,26.188680939436455,21.56827667122338,23.32285961897724,29.07113823520381,31.250941133884986,2000
2254,SSP5-8.5,glaciers,7.3830128099047565,26.210085192625876,21.58147771039465,23.339570999026254,29.091626386196804,31.277906999026634,2000
2255,SSP5-8.5,glaciers,7.387115574383927,26.23004071281972,21.594344037809275,23.357292780387695,29.11306478719027,31.304245864584075,2000
2256,SSP5-8.5,glaciers,7.3844725960224125,26.247891702531305,21.607027051647982,23.376723033302998,29.134542114205388,31.33019491104272,2000
2257,SSP5-8.5,glaciers,7.383639947861127,26.26301259518656,21.620762054572825,23.396651680209867,29.15237349611809,31.35564205801315,2000
2258,SSP5-8.5,glaciers,7.384242666887389,26.28052784791706,21.634957052360157,23.415098835821134,29.16986384721378,31.380632226307828,2000
2259,SSP5-8.5,glaciers,7.381447692341897,26.300233665980944,21.64891077237401,23.43334560437606,29.188207862172032,31.405201652205037,2000
2260,SSP5-8.5,glaciers,7.380625739760694,26.32006375972254,21.662587928991538,23.451255584863635,29.21190347125991,31.429301799322126,2000
2261,SSP5-8.5,glaciers,7.388511301710085,26.336220437156896,21.674362993238837,23.468865976231786,29.2355647598044,31.452978157455618,2000
2262,SSP5-8.5,glaciers,7.384204774050025,26.351169194818027,21.683769442554222,23.48753399168714,29.255329572261047,31.476387255653776,2000
2263,SSP5-8.5,glaciers,7.389791426726607,26.368013649526596,21.692955012865273,23.50591614625102,29.275565409883672,31.499330529289843,2000
2264,SSP5-8.5,glaciers,7.39235440037691,26.38680048040639,21.702021088567435,23.524098088905358,29.301472116974097,31.521982630114543,2000
2265,SSP5-8.5,glaciers,7.395262333168682,26.404626412688273,21.710941451338478,23.541761005491377,29.322817948642346,31.54429969166889,2000
2266,SSP5-8.5,glaciers,7.4006968001478945,26.42249204998255,21.721199309650842,23.559192976588484,29.34191057626513,31.566294341640678,2000
2267,SSP5-8.5,glaciers,7.400439306799472,26.440884565415903,21.734112709755806,23.573224529365138,29.364845252571868,31.588580777357826,2000
2268,SSP5-8.5,glaciers,7.399911401776155,26.45619628350552,21.748997986064694,23.58475460315384,29.38613720208067,31.612035186852317,2000
2269,SSP5-8.5,glaciers,7.403330993416088,26.471498126433346,21.763643433494206,23.597564279972737,29.403885269307708,31.637389811555156,2000
2270,SSP5-8.5,glaciers,7.4040630935581495,26.486973751797592,21.778112488428505,23.611533716373664,29.420766462151786,31.66704795201331,2000
2271,SSP5-8.5,glaciers,7.402092949763769,26.503682291016062,21.792369703187894,23.625762160731952,29.438392734491416,31.68846316271941,2000
2272,SSP5-8.5,glaciers,7.4013153226667105,26.521094945593255,21.80638103537889,23.639740959058965,29.457537314310777,31.70782686047002,2000
2273,SSP5-8.5,glaciers,7.40833467279932,26.53823065453907,21.820334560703458,23.65629732359377,29.47793051135796,31.730297918518414,2000
2274,SSP5-8.5,glaciers,7.41379733211296,26.554323361637472,21.834195988072924,23.67275005225099,29.496816119246965,31.746153146649874,2000
2275,SSP5-8.5,glaciers,7.416422197633253,26.56839003805813,21.845467816487552,23.68903449911971,29.514154845254904,31.767422670825976,2000
2276,SSP5-8.5,glaciers,7.417637947136342,26.584172190904972,21.85649220376076,23.704436998491968,29.530494684664287,31.788400029504114,2000
2277,SSP5-8.5,glaciers,7.420580607314838,26.60297516436463,21.86735890875092,23.716497224964733,29.546562968750866,31.809074102061448,2000
2278,SSP5-8.5,glaciers,7.418322963725158,26.620979070164218,21.878088886317506,23.727019632894095,29.562431838293772,31.829470782735058,2000
2279,SSP5-8.5,glaciers,7.419821578717986,26.637173121434543,21.88863254275033,23.740941238437426,29.57802774024328,31.8495354225263,2000
2280,SSP5-8.5,glaciers,7.420520876799646,26.653768205326106,21.89903172941133,23.752547336934157,29.593274682272714,31.869317710786667,2000
2281,SSP5-8.5,glaciers,7.418631116595542,26.669814897002805,21.90928158744676,23.763329486081577,29.608578905284787,31.88881400156057,2000
2282,SSP5-8.5,glaciers,7.421817746645316,26.68563784968852,21.91936004011221,23.77474693065797,29.624221878026326,31.90800109004913,2000
2283,SSP5-8.5,glaciers,7.421512220147265,26.7014292007998,21.929320174541793,23.786564391656132,29.64124163144293,31.926941150715137,2000
2284,SSP5-8.5,glaciers,7.427359381523998,26.718005203864987,21.939130717247597,23.79815149593168,29.66003309498996,31.944225298851386,2000
2285,SSP5-8.5,glaciers,7.437580958016404,26.733028400495417,21.948853472053166,23.80973963291657,29.678474585859803,31.960055850641595,2000
2286,SSP5-8.5,glaciers,7.44447375785462,26.749362050880013,21.958531315889502,23.82046443102353,29.696086422360942,31.975769577338625,2000
2287,SSP5-8.5,glaciers,7.444262457715933,26.764371009655232,21.968133126413324,23.830773951971473,29.713521305759777,31.9913287268862,2000
2288,SSP5-8.5,glaciers,7.443507288348442,26.777367042247363,21.977593415842293,23.843076952455284,29.728834897577887,32.0066535183699,2000
2289,SSP5-8.5,glaciers,7.443830003663494,26.78704727845605,21.98693015080876,23.85239850373152,29.740067399995276,32.02156060016086,2000
2290,SSP5-8.5,glaciers,7.450734473618776,26.79538284323656,21.997703685201408,23.86168440673122,29.752376027456286,32.03623315062093,2000
2291,SSP5-8.5,glaciers,7.4522533967703835,26.80363655504084,22.008389873773563,23.87370025504614,29.763790461421387,32.04947684309958,2000
2292,SSP5-8.5,glaciers,7.455016358737552,26.8164703105908,22.01739506861893,23.887024587220097,29.780755912316504,32.06150137111386,2000
2293,SSP5-8.5,glaciers,7.452878628116129,26.8320553921141,22.023792017334483,23.900592526510923,29.797451503828693,32.07338105712425,2000
2294,SSP5-8.5,glaciers,7.454580327593074,26.845676381806566,22.03320243652992,23.913962751990496,29.812560770276036,32.08507776641151,2000
2295,SSP5-8.5,glaciers,7.462917348942109,26.857129460568743,22.047157655669608,23.92717131403802,29.82622483140827,32.09662694274552,2000
2296,SSP5-8.5,glaciers,7.46551324668946,26.868062436897326,22.060026012316403,23.94027620459958,29.83969817927597,32.108085523465476,2000
2297,SSP5-8.5,glaciers,7.480334069080986,26.88009386415709,22.070042812210367,23.953230546732748,29.85234354937599,32.119407987730554,2000
2298,SSP5-8.5,glaciers,7.480585771213185,26.895607049145347,22.080035342483534,23.966137433539554,29.864935958585228,32.131730234892565,2000
2299,SSP5-8.5,glaciers,7.490148770300169,26.911840211265478,22.08990828277392,23.975566297079684,29.881866722964826,32.1455682818188,2000
2300,SSP5-8.5,glaciers,7.498358103251911,26.927631914929744,22.099724067970673,23.98404021493889,29.8966791602887,32.1593151440031,2000
1990,SSP5-8.5,gis,0.5557397132233756,-0.5582258229412878,-0.6059002036082121,-0.5857582090708406,-0.5290007019121585,-0.5043167251318854,2000
1991,SSP5-8.5,gis,0.5885637306361448,-0.5451937700553016,-0.5885939028480298,-0.5703132098136254,-0.5178260648776806,-0.49382978086689805,2000
1992,SSP5-8.5,gis,0.5090689778394178,-0.5128358278208998,-0.5530611118953628,-0.5357620344835334,-0.48733565963613706,-0.46491368720865556,2000
1993,SSP5-8.5,gis,0.3084522979487564,-0.5077339509467742,-0.5441020564475939,-0.5291020273915732,-0.48244254143347315,-0.4616165432988942,2000
1994,SSP5-8.5,gis,0.332676813580452,-0.5047435780850065,-0.5399526499500272,-0.5256132242172383,-0.47916624451314155,-0.45921434424364765,2000
1995,SSP5-8.5,gis,0.4547856293863089,-0.48714005213511014,-0.5220331033139182,-0.5085705794157984,-0.4625129983161006,-0.44292486636087036,2000
1996,SSP5-8.5,gis,0.5463394857269461,-0.46531980714902543,-0.4998049235162609,-0.48667922544147546,-0.4407258517634124,-0.422151244003747,2000
1997,SSP5-8.5,gis,0.600043540445978,-0.41738178173090246,-0.4491796188852164,-0.43712252529815065,-0.395260367351716,-0.37844961026442425,2000
1998,SSP5-8.5,gis,0.6466075693928761,-0.3822922715348889,-0.4133225340931995,-0.40121881375618024,-0.36130074501267556,-0.3460757695522032,2000
1999,SSP5-8.5,gis,0.686007840655961,-0.3396951102891843,-0.3685349463145161,-0.35714153474258437,-0.3203440261346485,-0.3060816107842852,2000
2000,SSP5-8.5,gis,0.7295563669080296,-0.3093615246213681,-0.3389717792031686,-0.32662142787756077,-0.2901588759166358,-0.2757611709131018,2000
2001,SSP5-8.5,gis,0.7655239205849365,-0.25996800774150053,-0.2875425650536648,-0.27591135519538607,-0.24322597612295893,-0.2298421886731668,2000
2002,SSP5-8.5,gis,0.7999498588212678,-0.20408016815823915,-0.2282656831896462,-0.2180062683023804,-0.19012273450079104,-0.17934450452190998,2000
2003,SSP5-8.5,gis,0.8301407393993533,-0.15471855067251372,-0.1769252210327143,-0.167290263755174,-0.1418548745387535,-0.13270454218811095,2000
2004,SSP5-8.5,gis,0.8359312010698448,-0.05886590072146802,-0.06773246986264132,-0.06401558872939699,-0.0533841085393461,-0.04946355694266926,2000
2005,SSP5-8.5,gis,0.843916603443868,0.006191821848918089,0.001603199226520502,0.0032591528178823113,0.008585154738343901,0.010270547283214969,2000
2006,SSP5-8.5,gis,0.8516506513236204,0.08760334235203793,0.08028607879075439,0.08346855178033533,0.09179501632632488,0.09452264320767435,2000
2007,SSP5-8.5,gis,0.8597675192449368,0.14438792145528012,0.13154980092667867,0.1370445649588922,0.15131117806420055,0.15531175021395632,2000
2008,SSP5-8.5,gis,0.8671015531069908,0.2071447619125517,0.18806637666673803,0.19621750682913666,0.21734734926781496,0.223848038667583,2000
2009,SSP5-8.5,gis,0.8915919796329949,0.2518557423351466,0.22841452380468907,0.23823467318469102,0.2637989689985502,0.2711704292180201,2000
2010,SSP5-8.5,gis,0.91224213325433,0.30436536651955093,0.2755279007116227,0.28768234893596795,0.3188865686828093,0.32788433228671676,2000
2011,SSP5-8.5,gis,0.9463726707864436,0.4422738627405831,0.394137899963913,0.41487181286599,0.4678692617571181,0.48621710758332015,2000
2012,SSP5-8.5,gis,0.9634454159642772,0.48135708446242065,0.4314664778671053,0.4522467105654413,0.5074433105121675,0.52571968357178,2000
2013,SSP5-8.5,gis,1.0010392042679888,0.5494176398174786,0.4921272321195327,0.5156777220883614,0.5793609192678151,0.6000042924995341,2000
2014,SSP5-8.5,gis,1.034758969518629,0.6044421509723392,0.5414548948462776,0.5670141655775709,0.6374028530391711,0.6590604115824769,2000
2015,SSP5-8.5,gis,1.0655474016558886,0.66949583249585,0.5992626169092616,0.6275577309320178,0.7064269714822129,0.729851649424598,2000
2016,SSP5-8.5,gis,1.0982433117141364,0.6868474878987887,0.6151944913541995,0.6454695762672701,0.7231669301372791,0.7464806357901955,2000
2017,SSP5-8.5,gis,1.1215083354395925,0.7756206733654434,0.6929415150549288,0.7268409445264645,0.8178157070234351,0.8450256768113695,2000
2018,SSP5-8.5,gis,1.1514531927883527,0.8261110820939543,0.7383197200938278,0.7741594977984512,0.8707291720526288,0.9001397768835078,2000
2019,SSP5-8.5,gis,1.172690213058829,0.8651488299731009,0.7720061490347507,0.8107633266027433,0.9118266338198623,0.9418892115907522,2000
2020,SSP5-8.5,gis,1.183004264307409,0.9427905134845909,0.8400207646466309,0.8835258916259859,0.9947714052551191,1.0284745815232688,2000
2021,SSP5-8.5,gis,1.2100067371777328,0.9967304587194676,0.886787829877584,0.9326681102232706,1.0516743987633481,1.0866885155271881,2000
2022,SSP5-8.5,gis,1.2401553910866456,1.0749500842680395,0.9547350785074364,1.0053956121806762,1.1351383513848228,1.1736890363145436,2000
2023,SSP5-8.5,gis,1.2795255652495054,1.1212413030892874,0.9967235491687118,1.0482318361882081,1.183833151583589,1.2233616865420034,2000
2024,SSP5-8.5,gis,1.3120856196879593,1.1704336305099394,1.0384539793030254,1.093355725979169,1.2353283060962446,1.2777002666468529,2000
2025,SSP5-8.5,gis,1.3440833095342744,1.2113007103868356,1.0739610108633721,1.1314799761216736,1.2783219172722005,1.3219657028657454,2000
2026,SSP5-8.5,gis,1.3737105932007283,1.273356919195634,1.1277296078472139,1.1879683216158683,1.3439394576843207,1.390808350504469,2000
2027,SSP5-8.5,gis,1.397236727952544,1.3364948072666594,1.1824007364123148,1.246538049953637,1.4109069970009116,1.4606437779501267,2000
2028,SSP5-8.5,gis,1.414495288828333,1.4006640073450858,1.23708866125327,1.3047562943307094,1.4794277068092738,1.5326367760065804,2000
2029,SSP5-8.5,gis,1.431963114692015,1.46510738610651,1.29315682001004,1.3639394518720709,1.548368805667097,1.6044925124284646,2000
2030,SSP5-8.5,gis,1.4560076990695092,1.5297031588050056,1.349882052916622,1.423978238881622,1.6184118150965159,1.6767203695224793,2000
2031,SSP5-8.5,gis,1.4757149556522156,1.5946753228285884,1.4066078467792886,1.4849425624062116,1.688840867397491,1.7505036860059868,2000
2032,SSP5-8.5,gis,1.50669897344732,1.661340328618714,1.462129574792189,1.5465159910084365,1.7605228940373399,1.8241792561763814,2000
2033,SSP5-8.5,gis,1.5287022346898986,1.7284816647471768,1.5202505373102606,1.6093959490819012,1.8327608452716213,1.8997457085593767,2000
2034,SSP5-8.5,gis,1.5585886384487002,1.7969028828518856,1.5772216086321387,1.6734119890381178,1.905334806863972,1.975947137744406,2000
2035,SSP5-8.5,gis,1.5911059353937131,1.8661080143293018,1.6363824783400658,1.7360515992939736,1.9793442232513836,2.055410170673142,2000
2036,SSP5-8.5,gis,1.630594131489448,1.9373158115680096,1.6976864869052894,1.7993690799017343,2.054692300397652,2.134853731202744,2000
2037,SSP5-8.5,gis,1.6632419647309475,2.00919504687731,1.7595221634907663,1.8644856127573077,2.1345657120686314,2.2186889931528984,2000
2038,SSP5-8.5,gis,1.690334066834702,2.0817926045162425,1.8207933086049892,1.929634152526513,2.2147477481622206,2.3014055421682715,2000
2039,SSP5-8.5,gis,1.7289730967413743,2.156723050239432,1.8826153884290053,1.9966591404195282,2.2948688736241536,2.3880086960392646,2000
2040,SSP5-8.5,gis,1.7574188806603228,2.231938809415601,1.9474396259666937,2.0650239034431808,2.378511198509175,2.4763079306016675,2000
2041,SSP5-8.5,gis,1.7754810697663423,2.3073894769379693,2.013217212862324,2.1357324035285075,2.4632451164789195,2.5655957080998375,2000
2042,SSP5-8.5,gis,1.8132263000160829,2.385741281432378,2.078415673680895,2.2040281731202462,2.5470527919306143,2.6550962403258183,2000
2043,SSP5-8.5,gis,1.842687274458409,2.4644220240722436,2.1455710397091883,2.276426325247212,2.6330893620405282,2.746955168018491,2000
2044,SSP5-8.5,gis,1.8744435758640963,2.5454556914157,2.21342915758111,2.349030834371602,2.7226901277163456,2.840501638787455,2000
2045,SSP5-8.5,gis,1.916105045338041,2.628678447750715,2.2795869837057334,2.4221881211957554,2.8121111076940237,2.9367231263214215,2000
2046,SSP5-8.5,gis,1.9558020518450927,2.7120591611821045,2.346594691745749,2.4990465317639226,2.903846660474766,3.03469590387223,2000
2047,SSP5-8.5,gis,1.9998314811536861,2.7984105335487865,2.415948672498283,2.575031226610905,2.9967441513706956,3.1382378123199466,2000
2048,SSP5-8.5,gis,2.0366870303301394,2.8862042738907494,2.4846907337710546,2.65274885226066,3.09383786256023,3.2446372621091433,2000
2049,SSP5-8.5,gis,2.082483355924539,2.975874626439271,2.55721940897881,2.7327230914679927,3.193235998196851,3.351689059994038,2000
2050,SSP5-8.5,gis,2.122351404993238,3.068951106791684,2.6311411943877805,2.8150547054916766,3.29545491242017,3.4611196086891245,2000
2051,SSP5-8.5,gis,2.155441775586654,3.1628910067686644,2.705589191527925,2.896129418079881,3.399729379767433,3.574526837798689,2000
2052,SSP5-8.5,gis,2.192318354959954,3.258426655801562,2.7803843691509056,2.979941163673786,3.5058883315744582,3.688457185040845,2000
2053,SSP5-8.5,gis,2.2236749909165563,3.3553938665144853,2.856922768784717,3.065627134764656,3.6164082987230617,3.8084004354253187,2000
2054,SSP5-8.5,gis,2.2604930108012273,3.4519251064360534,2.9336323619628075,3.1518844555465653,3.7247101483447214,3.928014172722878,2000
2055,SSP5-8.5,gis,2.292541788062364,3.5515368943691166,3.0122722358081697,3.240186891114502,3.837775156342182,4.045573072487275,2000
2056,SSP5-8.5,gis,2.335864279351812,3.6497534724108522,3.0876893059760913,3.327409225823477,3.949799230567992,4.168705739738782,2000
2057,SSP5-8.5,gis,2.379963412280688,3.7518056477000146,3.1669397651424873,3.418493982779241,4.065584918192452,4.294589280237339,2000
2058,SSP5-8.5,gis,2.4263226710090553,3.854955937359221,3.253439150922845,3.5104939265059967,4.184420171655945,4.42310361968956,2000
2059,SSP5-8.5,gis,2.4684306913003575,3.958373098963302,3.3349918032113393,3.6057181556728914,4.305834739145389,4.5540228116193076,2000
2060,SSP5-8.5,gis,2.509349831896528,4.065310021597643,3.415512907141183,3.699613966419891,4.426619481944227,4.687593003959478,2000
2061,SSP5-8.5,gis,2.546191246187096,4.172064754574205,3.498794935578842,3.795357847394683,4.5484774600305755,4.8227625839251465,2000
2062,SSP5-8.5,gis,2.5901533307300575,4.281010145918725,3.5826677586278297,3.8904496521083356,4.67243423853032,4.958422021732699,2000
2063,SSP5-8.5,gis,2.6231078333459457,4.391921629189428,3.665087565450148,3.9886254160842114,4.797155213003529,5.0998298883404045,2000
2064,SSP5-8.5,gis,2.6667128482541567,4.503233562901228,3.752740569256683,4.08565530398174,4.923161352813309,5.239103575531237,2000
2065,SSP5-8.5,gis,2.7018268187789163,4.616702826782719,3.842043627505136,4.18271294512715,5.051945055573309,5.385202738887161,2000
2066,SSP5-8.5,gis,2.736966561097795,4.731005617895393,3.9245539709458255,4.280904417612904,5.184278605059619,5.5295062781372994,2000
2067,SSP5-8.5,gis,2.781365410279771,4.846117459406647,4.012817314396932,4.381982996082989,5.31807690206803,5.675755341122446,2000
2068,SSP5-8.5,gis,2.8203622068807586,4.963109013972346,4.102896059832422,4.482601258637208,5.455914114712905,5.825309795040508,2000
2069,SSP5-8.5,gis,2.861754603125484,5.080939352510763,4.189399825023568,4.585511604547694,5.59528402106035,5.9780696317253526,2000
2070,SSP5-8.5,gis,2.913142057073008,5.200919511178505,4.277944968885305,4.688696237425066,5.734940355551592,6.1357364692124685,2000
2071,SSP5-8.5,gis,2.9616454919219586,5.323760812286802,4.371491143766677,4.791387109545,5.880423517990687,6.294848087842208,2000
2072,SSP5-8.5,gis,3.015445536729185,5.450928921714065,4.469206693847552,4.90151420665348,6.028990530283481,6.459051640442563,2000
2073,SSP5-8.5,gis,3.053783248081748,5.57940674975069,4.567996634527698,5.016216558814532,6.181352968148981,6.62755040334134,2000
2074,SSP5-8.5,gis,3.103983019720375,5.70900819340776,4.665099145358729,5.129038228752172,6.336617439450717,6.798910105687819,2000
2075,SSP5-8.5,gis,3.1560586725905786,5.841504077413786,4.763924662481308,5.242959343001352,6.492910880413473,6.974582179970276,2000
2076,SSP5-8.5,gis,3.1936521239750184,5.979436939676034,4.868137557917488,5.3595918536936,6.653331115607047,7.155576186235421,2000
2077,SSP5-8.5,gis,3.2353592105802793,6.119268314997829,4.965759482781912,5.480416345243225,6.814971949451139,7.337166825232176,2000
2078,SSP5-8.5,gis,3.278269887349176,6.256268960225084,5.0685898511536,5.601177123669927,6.984352129821742,7.521089561758722,2000
2079,SSP5-8.5,gis,3.3243722342455455,6.395859925698035,5.173100967740724,5.722956600546478,7.1548706501957495,7.710109679490375,2000
2080,SSP5-8.5,gis,3.3694994449712734,6.544777650836169,5.281084544258813,5.847718972935819,7.3266161464306006,7.90275117489041,2000
2081,SSP5-8.5,gis,3.426141490541102,6.690626890296327,5.3911197088341405,5.972512567417657,7.502523561925775,8.098645529904074,2000
2082,SSP5-8.5,gis,3.479675625555312,6.843204914435974,5.499938588238517,6.097143457903144,7.681472233969545,8.300392279674025,2000
2083,SSP5-8.5,gis,3.5386944945562164,6.997489682817866,5.614591500998376,6.226380422851097,7.864202727427532,8.506343063255548,2000
2084,SSP5-8.5,gis,3.5886776682605155,7.158748609515765,5.73268188818948,6.360100786846362,8.05452756641882,8.717649539726267,2000
2085,SSP5-8.5,gis,3.6302373763283984,7.320158132766677,5.85259776006742,6.494525604536468,8.24834738639359,8.933319422704308,2000
2086,SSP5-8.5,gis,3.674905085412909,7.480379224236349,5.972216199033448,6.631769925584662,8.443381507900531,9.151589661749744,2000
2087,SSP5-8.5,gis,3.7170022137558263,7.644807796408958,6.094310133945199,6.771379706655208,8.637759917695364,9.373435160754768,2000
2088,SSP5-8.5,gis,3.754869685442747,7.807082914990577,6.206895769004447,6.910408417399798,8.836584144795111,9.602124535209079,2000
2089,SSP5-8.5,gis,3.79652052247809,7.977315994288977,6.312125551012576,7.0525223346144985,9.042450930885872,9.832465605244272,2000
2090,SSP5-8.5,gis,3.8454533793964467,8.145880586858326,6.433114877692975,7.1939365546888165,9.249118671258536,10.062047645650715,2000
2091,SSP5-8.5,gis,3.8883860799380425,8.314216936158001,6.563683280955374,7.33667331473822,9.459006958445896,10.300908473576959,2000
2092,SSP5-8.5,gis,3.945003894303694,8.487407336605981,6.690348819090927,7.484932255676949,9.66876799670316,10.545598599448896,2000
2093,SSP5-8.5,gis,3.9961325111305954,8.667447412880762,6.821739573578484,7.631389645871838,9.882350198418822,10.79014211186006,2000
2094,SSP5-8.5,gis,4.0460750643859775,8.849589787106655,6.944402243896674,7.779688240694734,10.100361903122614,11.04151794442171,2000
2095,SSP5-8.5,gis,4.0967872745192615,9.035655990868324,7.078587880437087,7.931441821205151,10.322309608774148,11.295688648969113,2000
2096,SSP5-8.5,gis,4.150632215871937,9.225368673661833,7.207937989471148,8.085504928641683,10.547134428651045,11.553382398280878,2000
2097,SSP5-8.5,gis,4.190951699094467,9.41607737360027,7.341585454388746,8.2435871004185,10.776411578956708,11.81071050845025,2000
2098,SSP5-8.5,gis,4.226080539807343,9.608358373462867,7.476578918724985,8.399819135743432,11.008833543671864,12.069723251799802,2000
2099,SSP5-8.5,gis,4.270389008766735,9.800573328762978,7.604681462855411,8.552189939750281,11.243773348005176,12.331003958324887,2000
2100,SSP5-8.5,gis,4.31241979908946,9.995949683859187,7.7268237645952516,8.702799903783852,11.48091550155291,12.596028980720472,2000
2101,SSP5-8.5,gis,4.3641094798398505,10.195442045841176,7.85417379433691,8.86023594429903,11.72200766286263,12.866253319015957,2000
2102,SSP5-8.5,gis,4.411577993382431,10.395348635580074,7.99078995249736,9.020310470522894,11.961120898303015,13.135326562479568,2000
2103,SSP5-8.5,gis,4.460216901403128,10.59720992990108,8.118432416177686,9.182307613948534,12.208613294778003,13.411432869305411,2000
2104,SSP5-8.5,gis,4.5040071035503635,10.796388691578535,8.25916775016615,9.350197692160437,12.45453648596892,13.691351778183305,2000
2105,SSP5-8.5,gis,4.5511965486747314,10.996997931746021,8.403178551980718,9.514461027866234,12.70366611552485,13.973020475896469,2000
2106,SSP5-8.5,gis,4.589539887956996,11.20068166369278,8.542726909902349,9.680494645183886,12.957317502370552,14.259182405567726,2000
2107,SSP5-8.5,gis,4.629223262256404,11.397937926450435,8.675212581196291,9.850625578780813,13.211268409340086,14.550074755010522,2000
2108,SSP5-8.5,gis,4.671697435928822,11.607658447328493,8.820458759717702,10.021103918542803,13.468991022333043,14.843980255220478,2000
2109,SSP5-8.5,gis,4.707404804930306,11.816306168154313,8.959727421840709,10.193388582582497,13.732333021285312,15.147745296792635,2000
2110,SSP5-8.5,gis,4.7462190056991345,12.032670227877041,9.101469540074339,10.366724812825,13.999153656433199,15.451750191441644,2000
2111,SSP5-8.5,gis,4.77594588603476,12.245040422208287,9.244793760568612,10.535437526243069,14.266402690899014,15.746963885722813,2000
2112,SSP5-8.5,gis,4.817657062366482,12.45711432773329,9.387106689022788,10.710987230374434,14.530650992380817,16.041761132456493,2000
2113,SSP5-8.5,gis,4.857719962181352,12.667873104387006,9.52488401349623,10.888494779693922,14.796015879761699,16.352063503829566,2000
2114,SSP5-8.5,gis,4.892706282391094,12.88443465090321,9.663279065280918,11.063927419010719,15.065273593436062,16.66067673528184,2000
2115,SSP5-8.5,gis,4.942579535428325,13.096940079605316,9.80928691756118,11.240908812058741,15.332176812063263,16.956975360172642,2000
2116,SSP5-8.5,gis,4.9761215547809785,13.3267409657205,9.957263779574063,11.421381210358174,15.602677975422553,17.26340673394292,2000
2117,SSP5-8.5,gis,5.0234542488204745,13.544586208082848,10.103497539494102,11.59407564297548,15.874472088358683,17.582284418111776,2000
2118,SSP5-8.5,gis,5.053836698041858,13.757729412193262,10.248847536506672,11.771278269953017,16.14871089683897,17.911371388779326,2000
2119,SSP5-8.5,gis,5.081046003855958,13.983809448644621,10.393585534238209,11.949831930877728,16.431410976344797,18.225273117189815,2000
2120,SSP5-8.5,gis,5.111420346616944,14.206925911147135,10.54007744927302,12.126529590272291,16.72084148475529,18.535333658415936,2000
2121,SSP5-8.5,gis,5.145216642157468,14.43133093160922,10.681599600018544,12.305852568979265,17.00688513028512,18.850580119760107,2000
2122,SSP5-8.5,gis,5.177644385229858,14.65949542962971,10.815665389340712,12.480302163999864,17.284939261931175,19.16201408946659,2000
2123,SSP5-8.5,gis,5.210439817903417,14.88220963961597,10.962113763001314,12.66155056917844,17.56555818727647,19.4742367113344,2000
2124,SSP5-8.5,gis,5.252335352694382,15.10642180205835,11.105251825304132,12.838360669411815,17.84289938091338,19.803085436348688,2000
2125,SSP5-8.5,gis,5.294188345098916,15.33306496600855,11.250090319436085,13.01469832410813,18.129282891151554,20.134865474674932,2000
2126,SSP5-8.5,gis,5.333389997955792,15.57012504470542,11.391108554926959,13.197151609122777,18.4038766529068,20.469296375757047,2000
2127,SSP5-8.5,gis,5.361821151916355,15.808029315199574,11.528996437036076,13.377584500589304,18.676188194502902,20.79107166603667,2000
2128,SSP5-8.5,gis,5.39408859580083,16.038275891324744,11.678244209312261,13.55902182955651,18.953254193739433,21.109929376476725,2000
2129,SSP5-8.5,gis,5.424929099786181,16.25854768997392,11.819140444258702,13.738805312988775,19.225832340593918,21.428840770211565,2000
2130,SSP5-8.5,gis,5.4579357640557085,16.47735532780305,11.964618806405278,13.925393590853176,19.501614259470553,21.748176187629,2000
2131,SSP5-8.5,gis,5.478913510911799,16.70787590850194,12.106499661529629,14.105825854452668,19.78323026977342,22.068876886274182,2000
2132,SSP5-8.5,gis,5.511898779737037,16.92994661063137,12.245227036890505,14.289904285029476,20.069313165270415,22.407051693745537,2000
2133,SSP5-8.5,gis,5.539104523766511,17.16154602643968,12.387279101100672,14.457139742078098,20.35845220549499,22.746392829966293,2000
2134,SSP5-8.5,gis,5.572705473351193,17.3939912606769,12.526630612579403,14.631984800668373,20.664133123261625,23.061048401511844,2000
2135,SSP5-8.5,gis,5.604794034205822,17.61972730840378,12.665685950784114,14.813983961713209,20.96946922911251,23.377249336950356,2000
2136,SSP5-8.5,gis,5.641719505308026,17.843329043503733,12.802888532834318,14.996920736874465,21.240591050522305,23.714864824194944,2000
2137,SSP5-8.5,gis,5.672496825902029,18.066231771152502,12.934275691004958,15.166143060346226,21.53669907338289,24.05393675527588,2000
2138,SSP5-8.5,gis,5.705523981047367,18.288797599793888,13.064680963331721,15.34391230884272,21.83363294268043,24.393953267988106,2000
2139,SSP5-8.5,gis,5.727851161427154,18.512084811211942,13.20162575638541,15.521219716470931,22.14307131844752,24.719402275679876,2000
2140,SSP5-8.5,gis,5.752497012532589,18.730968596278416,13.340591899357076,15.704442244361285,22.438057923526134,25.038952134725044,2000
2141,SSP5-8.5,gis,5.775914719811637,18.952936587061846,13.483002741881624,15.884535751374505,22.73083967045095,25.356307590317513,2000
2142,SSP5-8.5,gis,5.795470963655953,19.175838267344233,13.614744614073944,16.05374974347453,23.02190198341532,25.688332806719007,2000
2143,SSP5-8.5,gis,5.821623376752074,19.399733563882624,13.756404881882274,16.232428622183956,23.2989591003764,26.021919228397593,2000
2144,SSP5-8.5,gis,5.848793823506787,19.618759159186457,13.898016969364972,16.4075433656644,23.590107270027048,26.357306969305302,2000
2145,SSP5-8.5,gis,5.8796144524477665,19.837000995764257,14.032506664986977,16.590465368813927,23.878306668771003,26.67253882542508,2000
2146,SSP5-8.5,gis,5.9091583670197,20.069950225268293,14.165901766695773,16.760878609465543,24.162969847686504,26.99547123815437,2000
2147,SSP5-8.5,gis,5.932415253541499,20.287190069065197,14.299325893963156,16.92737300664085,24.452115876928172,27.329546214406435,2000
2148,SSP5-8.5,gis,5.96096757733068,20.506736777843816,14.432298752209814,17.09898639594926,24.74052845481682,27.67778165599772,2000
2149,SSP5-8.5,gis,5.984855923664425,20.719689621379388,14.56407219453679,17.26394759364371,25.017127994204188,28.026662481614242,2000
2150,SSP5-8.5,gis,6.009791200479169,20.934604921384064,14.694338908250419,17.4319038975243,25.295878366982134,28.3754419929034,2000
2151,SSP5-8.5,gis,6.028441504608441,21.147039462152723,14.82511724684906,17.593289404240956,25.568124015059368,28.696752113577094,2000
2152,SSP5-8.5,gis,6.057363066520258,21.37000363261619,14.954432789462608,17.764130767210304,25.85350608212753,29.011089162094272,2000
2153,SSP5-8.5,gis,6.079955302058288,21.590249928937446,15.100262441413214,17.925541451317013,26.111679535005184,29.34173131343485,2000
2154,SSP5-8.5,gis,6.109240893012745,21.819011005538503,15.24566745188782,18.085099058126485,26.39405011822629,29.676663583466887,2000
2155,SSP5-8.5,gis,6.129226577689733,22.031771704475076,15.379073544781267,18.244892575285743,26.669298927212793,30.008336793596598,2000
2156,SSP5-8.5,gis,6.153261600875571,22.25176607782466,15.504239014335448,18.409395681878568,26.963429564748353,30.348804706245676,2000
2157,SSP5-8.5,gis,6.179711065972603,22.475663780860394,15.647809358300421,18.55831398518097,27.245406061220727,30.69688906559463,2000
2158,SSP5-8.5,gis,6.209890798168322,22.698621983288525,15.784895314445956,18.714997103808514,27.51378779159255,31.02224999792891,2000
2159,SSP5-8.5,gis,6.235836295677487,22.921692241871455,15.902363816555013,18.87421069131906,27.782580835117155,31.368941057952544,2000
2160,SSP5-8.5,gis,6.266358270390076,23.141998722319226,16.01105407481332,19.03868348193762,28.060901078271932,31.698256632319122,2000
2161,SSP5-8.5,gis,6.293047376185408,23.353118883196803,16.128907416090044,19.21661394388525,28.332224647300873,32.02863783172584,2000
2162,SSP5-8.5,gis,6.314990012075206,23.575119689881248,16.25316601788054,19.39682072231746,28.60594972915076,32.36518788983075,2000
2163,SSP5-8.5,gis,6.34206788466492,23.79185717227992,16.38680331777051,19.55998088177033,28.878255836863755,32.700000348114564,2000
2164,SSP5-8.5,gis,6.35578476467653,24.016426070561863,16.515762804190754,19.718925721719256,29.161275318214614,33.0366767914182,2000
2165,SSP5-8.5,gis,6.365862468403385,24.24162701614154,16.65862010581525,19.8814717130873,29.442200575356985,33.37113521654765,2000
2166,SSP5-8.5,gis,6.383468880306376,24.466807840492272,16.78122507460602,20.03602219363498,29.700468755358614,33.7013834214658,2000
2167,SSP5-8.5,gis,6.4081720464584295,24.70182625351181,16.900383525251172,20.19724256762542,29.978093277195143,34.03164116159471,2000
2168,SSP5-8.5,gis,6.425798598490646,24.92174328402973,17.019175286303785,20.362123439131786,30.25593152938446,34.35054723784609,2000
2169,SSP5-8.5,gis,6.454118406598851,25.12177117667091,17.138468855527233,20.52321117083747,30.525624014348217,34.66300189647877,2000
2170,SSP5-8.5,gis,6.486204683733515,25.3485361773766,17.260696794368602,20.6889419037119,30.80086652146918,34.994656493399056,2000
2171,SSP5-8.5,gis,6.506022511195588,25.581878815654274,17.38313927482853,20.833694787700875,31.075637760722145,35.311656768228744,2000
2172,SSP5-8.5,gis,6.531421061215337,25.806828982812306,17.504739976147746,20.9809647468703,31.34305200948466,35.645616293227455,2000
2173,SSP5-8.5,gis,6.554138006465327,26.019813399261423,17.62502208406186,21.154108557251213,31.59993427435571,35.95887631927058,2000
2174,SSP5-8.5,gis,6.576907129836155,26.240036210252,17.728689235805625,21.30233465954884,31.88125258261657,36.2612461206584,2000
2175,SSP5-8.5,gis,6.589808472359773,26.46254811553016,17.838205813841395,21.47428198360889,32.17081318474691,36.587077391318054,2000
2176,SSP5-8.5,gis,6.6019459723619525,26.682437582304992,17.95213067851464,21.61605949295469,32.44389691277539,36.88055488038324,2000
2177,SSP5-8.5,gis,6.614660280653371,26.89618805422407,18.064734969456154,21.76392516736821,32.69522686671046,37.22065085250999,2000
2178,SSP5-8.5,gis,6.633380513903446,27.107515196369455,18.176108535302912,21.92243648746078,32.96631337870089,37.555268232697415,2000
2179,SSP5-8.5,gis,6.656222740533219,27.309415048463464,18.287275039632387,22.082745014312362,33.22188874998803,37.858824065383345,2000
2180,SSP5-8.5,gis,6.678128541842929,27.513999274325453,18.398427577730683,22.242071664429965,33.481984778694375,38.17188645245962,2000
2181,SSP5-8.5,gis,6.696941578395637,27.722343386426267,18.50919056351826,22.401025951025336,33.74623056335456,38.51109074083479,2000
2182,SSP5-8.5,gis,6.7157318628045894,27.933357916023986,18.61983688652366,22.542436193250886,34.001018149561986,38.82668337596361,2000
2183,SSP5-8.5,gis,6.740051518028006,28.14843150876115,18.730101444092504,22.679000010670766,34.29573560764406,39.1428400684853,2000
2184,SSP5-8.5,gis,6.752856505124103,28.35230738074094,18.84023764981468,22.833865079346307,34.58822180174013,39.4766559533526,2000
2185,SSP5-8.5,gis,6.764235939605002,28.552286017485493,18.956658615402766,22.980497751780955,34.860449491977114,39.77247002376885,2000
2186,SSP5-8.5,gis,6.780215887890567,28.762623634452915,19.079858396853183,23.115792330815527,35.12230401724663,40.0822954926915,2000
2187,SSP5-8.5,gis,6.791466420090469,28.96823793437591,19.202525407585554,23.256125525778533,35.40032455632376,40.39031148423084,2000
2188,SSP5-8.5,gis,6.797450315162923,29.174874821802035,19.324169417511104,23.383601254211424,35.67052058600324,40.70166065087384,2000
2189,SSP5-8.5,gis,6.815445705376506,29.363045068070733,19.444267704110178,23.513565773345736,35.942390794364286,41.00002120652461,2000
2190,SSP5-8.5,gis,6.829200321021954,29.562030050392565,19.55197515524811,23.65546822103541,36.21239565263205,41.32352703806479,2000
2191,SSP5-8.5,gis,6.843984002787081,29.755686877545084,19.656515585334724,23.795046701197045,36.483784453478044,41.6218046460665,2000
2192,SSP5-8.5,gis,6.867009546309087,29.947641987855967,19.760191531913147,23.932221382971697,36.75089216267432,41.9262331092333,2000
2193,SSP5-8.5,gis,6.882591514817378,30.148588892571922,19.8637283712975,24.07345318142959,37.010163331984,42.23497052500139,2000
2194,SSP5-8.5,gis,6.901731489455996,30.344347238119465,19.9652130703581,24.22019924465542,37.26972424919721,42.54203959749167,2000
2195,SSP5-8.5,gis,6.9115909677334715,30.53888733740689,20.048319513921463,24.351000407322495,37.547279960754835,42.82001210175268,2000
2196,SSP5-8.5,gis,6.931368135384477,30.735397564779163,20.129977293483215,24.4803352767525,37.81670211847939,43.0925981769946,2000
2197,SSP5-8.5,gis,6.9433891919162045,30.911443202680026,20.211480068118217,24.61489490119249,38.05540385058733,43.38711233204545,2000
2198,SSP5-8.5,gis,6.9547094681026,31.09738213854797,20.29185697376571,24.746664892864512,38.29363343719063,43.72115351635064,2000
2199,SSP5-8.5,gis,6.960917768280012,31.287066111832054,20.37285916303034,24.8702962275813,38.576302826314794,44.05394739024982,2000
2200,SSP5-8.5,gis,6.970768341443509,31.48071675985338,20.46768504572967,24.996232433619745,38.83299537789854,44.358258829449596,2000
2201,SSP5-8.5,gis,6.9858294774921905,31.68496442356369,20.56265742063194,25.117868863753706,39.065692440202916,44.623151901523165,2000
2202,SSP5-8.5,gis,6.99429547605429,31.876504138082083,20.65736123397313,25.24055241445955,39.31437310126006,44.88490716421735,2000
2203,SSP5-8.5,gis,7.015072825093854,32.06456126928573,20.751003047337214,25.365796221578147,39.575298718379024,45.14408930641281,2000
2204,SSP5-8.5,gis,7.048072466356301,32.259578025714475,20.852584075813617,25.51109224576426,39.81870228470067,45.40894055117708,2000
2205,SSP5-8.5,gis,7.062495905426287,32.45251802873048,20.95496679023816,25.666315450802514,40.05775965555099,45.72444405693249,2000
2206,SSP5-8.5,gis,7.078679378704682,32.636850218146805,21.056817548938955,25.806016067579865,40.279784830579935,46.039057558383654,2000
2207,SSP5-8.5,gis,7.084990713011064,32.8142905368166,21.158266905809572,25.945111324915914,40.52659888081433,46.32785556891819,2000
2208,SSP5-8.5,gis,7.089441806732302,32.98231338678252,21.24581388514163,26.082857804507146,40.77005461219944,46.59713160376043,2000
2209,SSP5-8.5,gis,7.096858454906249,33.15529804679213,21.3273116276532,26.213387804237037,40.99263458128043,46.86519074291564,2000
2210,SSP5-8.5,gis,7.094516093639992,33.343859705110816,21.40754696682183,26.331008079543444,41.192824436719995,47.15234948016624,2000
2211,SSP5-8.5,gis,7.104821898367752,33.51592102684303,21.485620873645946,26.454216949637086,41.4143416424206,47.44463162866562,2000
2212,SSP5-8.5,gis,7.1149564353894545,33.68415177096901,21.580400127387858,26.567511323340515,41.65127964903191,47.73525569393727,2000
2213,SSP5-8.5,gis,7.128185242059944,33.86028468841792,21.6763278421091,26.68493258270731,41.86438626635489,48.02421369732779,2000
2214,SSP5-8.5,gis,7.1387012376272105,34.04782604450696,21.771853817328996,26.79670354126158,42.09341948000594,48.311950817291105,2000
2215,SSP5-8.5,gis,7.151785987242407,34.22779910619536,21.866762096294213,26.901721995780107,42.28481077417317,48.596843419191345,2000
2216,SSP5-8.5,gis,7.1599873323527925,34.39206941112744,21.961279460781476,27.021725304790493,42.49945075167261,48.871213438461915,2000
2217,SSP5-8.5,gis,7.1663441101175644,34.55165002074554,22.055010378645207,27.128738742733567,42.717131708795264,49.16525571575665,2000
2218,SSP5-8.5,gis,7.16903600574906,34.709504684804614,22.14782359433855,27.234379022283587,42.931538824496535,49.44521345905253,2000
2219,SSP5-8.5,gis,7.180590856775595,34.87590674957319,22.23944284891511,27.352258734206444,43.13438535799729,49.72543889156805,2000
2220,SSP5-8.5,gis,7.1899779300695466,35.04903700780739,22.33063200127063,27.47261427706002,43.36278401435633,50.00449083589847,2000
2221,SSP5-8.5,gis,7.192227004571489,35.20162253393495,22.415560410328503,27.578385696419204,43.599397782761656,50.24584674169806,2000
2222,SSP5-8.5,gis,7.203934109479578,35.37700171097218,22.483608567847455,27.685192231403988,43.842316835978096,50.538945743375955,2000
2223,SSP5-8.5,gis,7.213171118891374,35.53038689755038,22.55151441106039,27.79886657148443,44.06767189020179,50.81615502259353,2000
2224,SSP5-8.5,gis,7.2215205920334276,35.69254717825321,22.618914940165382,27.9037956309919,44.266762321049825,51.03572623641722,2000
2225,SSP5-8.5,gis,7.2235705486874995,35.85651319672266,22.685699219519904,28.007937409641038,44.48675796953063,51.311150573309824,2000
2226,SSP5-8.5,gis,7.2324969141010715,36.04651814045056,22.750966080599493,28.11307131707037,44.68894414768123,51.60608245521297,2000
2227,SSP5-8.5,gis,7.246529815759302,36.220580143630485,22.81609176447152,28.238692114251272,44.87787100813487,51.89814349296541,2000
2228,SSP5-8.5,gis,7.252379627521919,36.38227165180277,22.881562431615105,28.360847355529078,45.07130338320635,52.16377824073664,2000
2229,SSP5-8.5,gis,7.2632171310775,36.54663475307933,22.953474415376796,28.45882577277503,45.263607313521106,52.42744398718414,2000
2230,SSP5-8.5,gis,7.271621947313981,36.697436364591276,23.03279909623228,28.556208686719245,45.4784687480086,52.68987736993676,2000
2231,SSP5-8.5,gis,7.278627167452372,36.855107079142854,23.1119726022656,28.637077654254078,45.69768916347655,52.95074237481193,2000
2232,SSP5-8.5,gis,7.279264089930073,37.00601750086,23.178468600401317,28.72271184495837,45.88308490540387,53.20985557393223,2000
2233,SSP5-8.5,gis,7.280722184457256,37.16289246626283,23.235185672804075,28.819164994517834,46.08957566788026,53.46632676099678,2000
2234,SSP5-8.5,gis,7.288982816774306,37.3240374926084,23.298980279394726,28.92376693018954,46.27181482212367,53.719395920579046,2000
2235,SSP5-8.5,gis,7.2980039878624225,37.46547033009965,23.369124770620697,29.027531243465805,46.43943243050232,53.975848773751636,2000
2236,SSP5-8.5,gis,7.3043741272263665,37.59629021237733,23.454118820106956,29.119314060190547,46.60463423492813,54.23878827638275,2000
2237,SSP5-8.5,gis,7.31312588227286,37.750145043605116,23.54637069681259,29.208891865113973,46.794965037700614,54.50014263268064,2000
2238,SSP5-8.5,gis,7.312612975895703,37.89920212075187,23.604076131880436,29.301698445932182,47.00509679575291,54.76026753429472,2000
2239,SSP5-8.5,gis,7.3310520869894145,38.0351517750544,23.65200134891241,29.409253707198364,47.19658418341185,55.01786058315439,2000
2240,SSP5-8.5,gis,7.335212262905988,38.17607798485692,23.716876179614182,29.53561738192521,47.41005298663913,55.27564016578772,2000
2241,SSP5-8.5,gis,7.345193497716741,38.32604259914306,23.779027735864997,29.618797103267447,47.59183962710196,55.49366197733883,2000
2242,SSP5-8.5,gis,7.351439212696151,38.467032573352796,23.84957050202667,29.678396207581663,47.7982352410974,55.69275137130326,2000
2243,SSP5-8.5,gis,7.349425889177231,38.61428943137805,23.92900131212705,29.757102936373975,48.00812907771463,55.91278168738784,2000
2244,SSP5-8.5,gis,7.350507135584997,38.74403309601355,24.007287090938142,29.85067687029874,48.22020978973606,56.147758231551215,2000
2245,SSP5-8.5,gis,7.349181231872608,38.86679626244744,24.08471480037862,29.94544974778293,48.392936758241134,56.377387258461475,2000
2246,SSP5-8.5,gis,7.353231645532587,39.008840240954086,24.157430565352147,30.034151826048884,48.591359314584984,56.58986538434075,2000
2247,SSP5-8.5,gis,7.356303617760265,39.138266481333915,24.216707547369918,30.12209755829658,48.758584351431494,56.839103572852714,2000
2248,SSP5-8.5,gis,7.358891036254669,39.2771341345787,24.27518807607832,30.201154673730557,48.93850965429303,57.06448169532066,2000
2249,SSP5-8.5,gis,7.368516544587208,39.41722679785455,24.333990095671425,30.288734223945102,49.136634235466616,57.26654453192423,2000
2250,SSP5-8.5,gis,7.380547257275471,39.55134781864369,24.395325876244854,30.37868750110146,49.31527562018336,57.49572514010554,2000
2251,SSP5-8.5,gis,7.383332920033877,39.67946037692924,24.47785670520752,30.46520384720142,49.47478445428601,57.724334030352985,2000
2252,SSP5-8.5,gis,7.388545884688615,39.80595948069491,24.535065914875,30.55303495999493,49.673377375493075,57.951084038297324,2000
2253,SSP5-8.5,gis,7.391045132739745,39.923725133948054,24.588076790300182,30.635883326415723,49.8638084995364,58.176335649701535,2000
2254,SSP5-8.5,gis,7.3830128099047565,40.057537794519035,24.640333380860678,30.72349647973582,50.01612861948981,58.39906002806066,2000
2255,SSP5-8.5,gis,7.387115574383927,40.18617500327403,24.69094394748691,30.82414522749387,50.16602867572244,58.614856084006526,2000
2256,SSP5-8.5,gis,7.3844725960224125,40.31450955992341,24.741007760302146,30.894110467502387,50.34036460790362,58.83938576551021,2000
2257,SSP5-8.5,gis,7.383639947861127,40.43399331212801,24.78995529256285,30.974368764682186,50.50873412185336,59.056414914947624,2000
2258,SSP5-8.5,gis,7.384242666887389,40.5549371536694,24.837974872316963,31.0568159325718,50.66567921372499,59.271238017952285,2000
2259,SSP5-8.5,gis,7.381447692341897,40.65458954991894,24.885215745489145,31.130350619716193,50.816908671657856,59.48407915938376,2000
2260,SSP5-8.5,gis,7.380625739760694,40.77509872013599,24.93140655850203,31.20828634707809,50.96529650480528,59.69449487296697,2000
2261,SSP5-8.5,gis,7.388511301710085,40.85791910846865,24.976746649243267,31.285984759317977,51.11183036606177,59.90184794249582,2000
2262,SSP5-8.5,gis,7.384204774050025,40.97677650506274,25.022126017652838,31.363903951005813,51.257953410327204,60.10802538124707,2000
2263,SSP5-8.5,gis,7.389791426726607,41.12028884076319,25.07278332782517,31.4282008740126,51.40169874566419,60.31163310334239,2000
2264,SSP5-8.5,gis,7.39235440037691,41.24250218267777,25.123226145823708,31.49050852953245,51.545912071183075,60.51406852601083,2000
2265,SSP5-8.5,gis,7.395262333168682,41.36846620566785,25.17317737890539,31.55722231767754,51.70093995981037,60.71492723549358,2000
2266,SSP5-8.5,gis,7.4006968001478945,41.490370769064135,25.22267407999103,31.63092579060434,51.84005557885029,60.90842623360117,2000
2267,SSP5-8.5,gis,7.400439306799472,41.599078612531926,25.271927738085388,31.70367924669975,51.993529065279425,61.05406981766582,2000
2268,SSP5-8.5,gis,7.399911401776155,41.70171463216046,25.32047959185213,31.77042870863516,52.127167479528026,61.21716402924059,2000
2269,SSP5-8.5,gis,7.403330993416088,41.826241956714696,25.368325786925467,31.836277359259245,52.25633990954466,61.40521918557789,2000
2270,SSP5-8.5,gis,7.4040630935581495,41.92041526214102,25.415801636732663,31.897244471249035,52.39570068761752,61.603110748306605,2000
2271,SSP5-8.5,gis,7.402092949763769,42.032681039336374,25.462696009647274,31.958868672468938,52.53365155029938,61.8018651526185,2000
2272,SSP5-8.5,gis,7.4013153226667105,42.11810078192369,25.50215368722996,32.019521209601585,52.68464976486054,61.997465726030484,2000
2273,SSP5-8.5,gis,7.40833467279932,42.21999124876241,25.533463003073678,32.091051676432286,52.859640394551235,62.19117037471152,2000
2274,SSP5-8.5,gis,7.41379733211296,42.31831376239658,25.564842583980408,32.153057110121786,53.03394505085487,62.3840351220118,2000
2275,SSP5-8.5,gis,7.416422197633253,42.4159361682794,25.596139816041134,32.20408932661974,53.19538250258378,62.564587348157104,2000
2276,SSP5-8.5,gis,7.417637947136342,42.515547657109224,25.630342436452548,32.25590761287872,53.34194671594295,62.73405565938436,2000
2277,SSP5-8.5,gis,7.420580607314838,42.61765154508889,25.671271729727277,32.31877847846681,53.471208787370905,62.88389560066541,2000
2278,SSP5-8.5,gis,7.418322963725158,42.72371937612421,25.714753944007295,32.373201851219044,53.5875156136941,63.04260074075054,2000
2279,SSP5-8.5,gis,7.419821578717986,42.83606729583737,25.748047239027457,32.43004285920747,53.69449915339368,63.196836456174545,2000
2280,SSP5-8.5,gis,7.420520876799646,42.93037997669831,25.785586181040472,32.49729869853485,53.83890065487978,63.36719605064308,2000
2281,SSP5-8.5,gis,7.418631116595542,43.021089712629305,25.824383002981836,32.55133273717235,53.96027436800061,63.53310277573163,2000
2282,SSP5-8.5,gis,7.421817746645316,43.11026234598167,25.87587740165925,32.598931634606366,54.07821295580561,63.701312809141356,2000
2283,SSP5-8.5,gis,7.421512220147265,43.205628696320495,25.92309925235996,32.64471633071992,54.24443351978345,63.87249665742104,2000
2284,SSP5-8.5,gis,7.427359381523998,43.29280483592218,25.96338540114209,32.68975527712889,54.41515994080083,64.04864939811216,2000
2285,SSP5-8.5,gis,7.437580958016404,43.38648645102106,26.004104632985083,32.74224157114766,54.57690983536878,64.22350801865032,2000
2286,SSP5-8.5,gis,7.44447375785462,43.46797516127675,26.037226215944877,32.786067917491984,54.716190946614354,64.38343028484479,2000
2287,SSP5-8.5,gis,7.444262457715933,43.5590334666003,26.07087955584553,32.83434364833994,54.85485713229559,64.5333144398751,2000
2288,SSP5-8.5,gis,7.443507288348442,43.648657934900314,26.114552968621982,32.88272709993933,54.991076294047204,64.68120277176924,2000
2289,SSP5-8.5,gis,7.443830003663494,43.72491443320777,26.157844253667818,32.930318538229784,55.12073549427717,64.83991403782315,2000
2290,SSP5-8.5,gis,7.450734473618776,43.81237736276031,26.201983265447332,32.97725013299813,55.26358554513605,64.99727813476687,2000
2291,SSP5-8.5,gis,7.4522533967703835,43.8940984118303,26.24621463989364,33.02465434123895,55.41969199129705,65.15402844876492,2000
2292,SSP5-8.5,gis,7.455016358737552,43.96576268570469,26.28628751122657,33.07200805140957,55.574813298591025,65.3094478265837,2000
2293,SSP5-8.5,gis,7.452878628116129,44.036774843314475,26.333146330586334,33.11897444693177,55.72252401644127,65.474630325458,2000
2294,SSP5-8.5,gis,7.454580327593074,44.11598693361344,26.375144544740007,33.16505530507455,55.85179534280773,65.64017479100065,2000
2295,SSP5-8.5,gis,7.462917348942109,44.200116461428166,26.41678910725761,33.21066711468009,55.97869123131906,65.80448733209677,2000
2296,SSP5-8.5,gis,7.46551324668946,44.28323859542782,26.45882105291381,33.2564998656134,56.09251266057404,65.96843984605597,2000
2297,SSP5-8.5,gis,7.480334069080986,44.35560072875961,26.500571934647866,33.30194962127608,56.23398572155109,66.13129107433812,2000
2298,SSP5-8.5,gis,7.480585771213185,44.42963771655151,26.53536624846314,33.34336477288915,56.34649908666578,66.28850878333566,2000
2299,SSP5-8.5,gis,7.490148770300169,44.506311298438774,26.55890215994718,33.3819265762212,56.47810147014144,66.39031523059202,2000
2300,SSP5-8.5,gis,7.498358103251911,44.596002183258605,26.593449423537525,33.423416189101076,56.61783655374097,66.51586927515639,2000
1990,SSP5-8.5,ais,0.5557397132233756,-0.3447381083774663,-0.3968348473657418,-0.373556960152344,-0.3146862555112063,-0.2928109168407901,2000
1991,SSP5-8.5,ais,0.5885637306361448,-0.32957008418692757,-0.3776793043703532,-0.3573788138525487,-0.30057990165389403,-0.2806212285613172,2000
1992,SSP5-8.5,ais,0.5090689778394178,-0.3129430922031665,-0.3584724105013303,-0.3395029920058728,-0.28481990024131154,-0.2661177076892817,2000
1993,SSP5-8.5,ais,0.3084522979487564,-0.29714080237081175,-0.3435336987340682,-0.32531040112532117,-0.26906584742942297,-0.2511534640335365,2000
1994,SSP5-8.5,ais,0.332676813580452,-0.28752146401101064,-0.33416745758731947,-0.3154721562602323,-0.2602848145685177,-0.24276501639895542,2000
1995,SSP5-8.5,ais,0.4547856293863089,-0.27503490784582607,-0.3206655412743368,-0.30361378179534015,-0.24799616224012733,-0.23010071411830293,2000
1996,SSP5-8.5,ais,0.5463394857269461,-0.2596341395149303,-0.30848108107278926,-0.2895761641157952,-0.23211299065635244,-0.2142367759197728,2000
1997,SSP5-8.5,ais,0.600043540445978,-0.2430459099510327,-0.296729749724127,-0.27679098054682555,-0.21450715718482521,-0.1959447244844031,2000
1998,SSP5-8.5,ais,0.6466075693928761,-0.2242681654841172,-0.2738677908130483,-0.25544835716921094,-0.1944044975412948,-0.17707088795141013,2000
1999,SSP5-8.5,ais,0.686007840655961,-0.1958625353705885,-0.23656702420205528,-0.2220492108180373,-0.16975626844399608,-0.15465997233931378,2000
2000,SSP5-8.5,ais,0.7295563669080296,-0.1650878035233606,-0.19872506392256112,-0.18578123908370145,-0.1444214703656753,-0.1314860216800658,2000
2001,SSP5-8.5,ais,0.7655239205849365,-0.13349369459839944,-0.16026531289532264,-0.14960087752909318,-0.11753022976839679,-0.10697188733829742,2000
2002,SSP5-8.5,ais,0.7999498588212678,-0.09822793757743442,-0.11912323560142157,-0.11044204238026453,-0.08667280983045889,-0.0786515483146482,2000
2003,SSP5-8.5,ais,0.8301407393993533,-0.062359739543491166,-0.07762022694407464,-0.07109006254133156,-0.05497739341319494,-0.04972766209884355,2000
2004,SSP5-8.5,ais,0.8359312010698448,-0.026716967597807673,-0.0372605946009547,-0.031709297540967685,-0.022551910649687243,-0.019794583596946948,2000
2005,SSP5-8.5,ais,0.843916603443868,0.006544570296383778,-0.0021815750670447277,0.002705718179230632,0.010398036193745295,0.01327535941426321,2000
2006,SSP5-8.5,ais,0.8516506513236204,0.042430998230238215,0.031587612300841526,0.03548244528990577,0.04954789061054558,0.05343126093826518,2000
2007,SSP5-8.5,ais,0.8597675192449368,0.07806918057064205,0.06143979275085758,0.06779985169551224,0.08865280593725727,0.09404188642760347,2000
2008,SSP5-8.5,ais,0.8671015531069908,0.11300535754539243,0.0903826400829581,0.0991911673745463,0.1272453827294439,0.13515150559968386,2000
2009,SSP5-8.5,ais,0.8915919796329949,0.1487673132169444,0.12012628684457656,0.13146956867716017,0.16663673502600984,0.1769830959124852,2000
2010,SSP5-8.5,ais,0.91224213325433,0.18553270995600996,0.1502455376606612,0.16448793317442362,0.20657880395408507,0.21912724610057902,2000
2011,SSP5-8.5,ais,0.9463726707864436,0.22230454073470007,0.1813998340920674,0.19774562851691252,0.24679976082806437,0.26215323059175366,2000
2012,SSP5-8.5,ais,0.9634454159642772,0.25870606857101563,0.21179513363410016,0.23072438958079505,0.2866391257938874,0.30489470250814354,2000
2013,SSP5-8.5,ais,1.0010392042679888,0.2987165406375849,0.24619428566087576,0.2677807483770154,0.33003713892384867,0.3507133488903202,2000
2014,SSP5-8.5,ais,1.034758969518629,0.33721547794107865,0.27822193496564374,0.3032278245444181,0.3718571184155307,0.3949684007521738,2000
2015,SSP5-8.5,ais,1.0655474016558886,0.3761348774793728,0.3111108064225943,0.3382053035453101,0.41365177008945947,0.43837357596647303,2000
2016,SSP5-8.5,ais,1.0982433117141364,0.4188121589222402,0.34820770868728673,0.3775465944167513,0.45921763636694024,0.4864094887910763,2000
2017,SSP5-8.5,ais,1.1215083354395925,0.4601335508705916,0.38294065861483023,0.4154033432356955,0.5036945304669411,0.5334964253425448,2000
2018,SSP5-8.5,ais,1.1514531927883527,0.5009312810886161,0.41734081332674494,0.45266439151503896,0.5467946610557066,0.5798838459663124,2000
2019,SSP5-8.5,ais,1.172690213058829,0.5425702789617755,0.45265820390938866,0.49055622882488503,0.5908834140474,0.6274129500316878,2000
2020,SSP5-8.5,ais,1.183004264307409,0.5854324240007457,0.4882628313080682,0.5297297942719442,0.6366829374807542,0.6765902003665984,2000
2021,SSP5-8.5,ais,1.2100067371777328,0.6259275408111562,0.5225513215991215,0.5666478508440582,0.6815878986177479,0.7245500918573072,2000
2022,SSP5-8.5,ais,1.2401553910866456,0.6689725332546783,0.5591094038174836,0.6056168857895569,0.7291927759537821,0.7755746991821093,2000
2023,SSP5-8.5,ais,1.2795255652495054,0.7120261130293004,0.5940857377288615,0.6455129836248876,0.7767601956953729,0.8263608390282201,2000
2024,SSP5-8.5,ais,1.3120856196879593,0.75645264646078,0.6287842121292186,0.6855890244560389,0.8259270646266981,0.8799584266558806,2000
2025,SSP5-8.5,ais,1.3440833095342744,0.8033584867738226,0.6655596082195917,0.727978087227538,0.8774615091006434,0.9335560651733278,2000
2026,SSP5-8.5,ais,1.3737105932007283,0.8499195115081429,0.7048078242668263,0.7693049168936344,0.9297541846394266,0.9885028414881517,2000
2027,SSP5-8.5,ais,1.397236727952544,0.897054719989922,0.7429083783030871,0.8117690963279179,0.9805912263178678,1.043601273541066,2000
2028,SSP5-8.5,ais,1.414495288828333,0.9450557551614487,0.7813803273325614,0.8549932928556567,1.0328190201200167,1.102040783621981,2000
2029,SSP5-8.5,ais,1.431963114692015,0.9923653629280778,0.8188299569243376,0.8944358990836409,1.086259734768591,1.1622306544691388,2000
2030,SSP5-8.5,ais,1.4560076990695092,1.0395258211617484,0.8559702942986854,0.9374194059012334,1.140938960711147,1.2208167047524685,2000
2031,SSP5-8.5,ais,1.4757149556522156,1.0893893164097328,0.8927551045444192,0.9796415725627724,1.1971017060927096,1.2796458380706257,2000
2032,SSP5-8.5,ais,1.50669897344732,1.1392912048440262,0.9266156717687766,1.022069097927415,1.2544426634800097,1.3408785656319806,2000
2033,SSP5-8.5,ais,1.5287022346898986,1.1884518688432955,0.9660187878822896,1.0644670676820693,1.312839767538814,1.404366182218349,2000
2034,SSP5-8.5,ais,1.5585886384487002,1.2404858110224881,1.004175720197791,1.1071805067435678,1.3728390657921716,1.4708245160475615,2000
2035,SSP5-8.5,ais,1.5911059353937131,1.291513187527618,1.0427781951548873,1.1493821900294097,1.4328663141917004,1.5407665200506941,2000
2036,SSP5-8.5,ais,1.630594131489448,1.3441055229517227,1.0827682801066931,1.193745677559973,1.4936303866293037,1.6119815879181978,2000
2037,SSP5-8.5,ais,1.6632419647309475,1.3980366999006537,1.1204038038704185,1.2388932170345894,1.55795777212961,1.6863539327330348,2000
2038,SSP5-8.5,ais,1.690334066834702,1.4526645183638012,1.1578041405878758,1.2826362372046483,1.625019499067456,1.7609141442557292,2000
2039,SSP5-8.5,ais,1.7289730967413743,1.509184833209004,1.196152772228404,1.326827216311956,1.6912100554795668,1.8375874162908348,2000
2040,SSP5-8.5,ais,1.7574188806603228,1.5674684363009583,1.2376547476426314,1.3755746269044293,1.763478157730227,1.9187530863518045,2000
2041,SSP5-8.5,ais,1.7754810697663423,1.625355716721542,1.2782012500879596,1.423729493077178,1.834080111120536,2.0124870592548243,2000
2042,SSP5-8.5,ais,1.8132263000160829,1.6825916683159532,1.3208813642829824,1.4702168684855101,1.9056687204484277,2.0958460361223623,2000
2043,SSP5-8.5,ais,1.842687274458409,1.7424830327745262,1.363569683058129,1.5177903433989257,1.9860143961189123,2.1985526674446816,2000
2044,SSP5-8.5,ais,1.8744435758640963,1.8049472832520923,1.403848493095923,1.5688787878095833,2.0625871218695337,2.3171574839998947,2000
2045,SSP5-8.5,ais,1.916105045338041,1.8703989647532981,1.4424795068626817,1.6175299686103204,2.146324818201691,2.4775073971994006,2000
2046,SSP5-8.5,ais,1.9558020518450927,1.9367192989095552,1.4787299406441066,1.6702417460679913,2.2399811736883777,2.8386981257003154,2000
2047,SSP5-8.5,ais,1.9998314811536861,2.004377088251986,1.5192613141492777,1.7231466917781946,2.3427525223389205,3.6541074602683037,2000
2048,SSP5-8.5,ais,2.0366870303301394,2.0730806898289367,1.5630522838019814,1.7760048312445793,2.4622192578438287,4.401018561702914,2000
2049,SSP5-8.5,ais,2.082483355924539,2.1457664955631923,1.6066336356038076,1.8307873084982274,2.5647207872346054,5.216597410130809,2000
2050,SSP5-8.5,ais,2.122351404993238,2.226222058593347,1.6541160953768055,1.891478618634335,2.6916786988060366,6.0182554322869315,2000
2051,SSP5-8.5,ais,2.155441775586654,2.3038816647947846,1.7004456759311668,1.94699007864017,2.839664550742829,7.049059789975139,2000
2052,SSP5-8.5,ais,2.192318354959954,2.38576891896086,1.7433550952922365,2.001978952702845,3.008279382190877,7.884311925763381,2000
2053,SSP5-8.5,ais,2.2236749909165563,2.470633914569908,1.795014354945098,2.0637374211860333,3.356283204250401,8.773347361362918,2000
2054,SSP5-8.5,ais,2.2604930108012273,2.5635096463706346,1.847098336449291,2.1249029334885123,3.9104109556971016,9.541183852268574,2000
2055,SSP5-8.5,ais,2.292541788062364,2.656797972397203,1.8938431058436422,2.1867101441542265,4.741093569369589,10.377544596675941,2000
2056,SSP5-8.5,ais,2.335864279351812,2.7550237693898234,1.9452364827425692,2.256877597056117,5.567188575924689,11.171544025777225,2000
2057,SSP5-8.5,ais,2.379963412280688,2.862307230801064,1.9993039968563218,2.3222957550254772,6.357957128571017,12.154965748135314,2000
2058,SSP5-8.5,ais,2.4263226710090553,2.984039335730759,2.0482383281344467,2.387691012885769,7.13894294956294,13.072123706719182,2000
2059,SSP5-8.5,ais,2.4684306913003575,3.103675426573238,2.093859427232284,2.4604898790288257,7.988444667807544,14.07035203340289,2000
2060,SSP5-8.5,ais,2.509349831896528,3.2372916839048145,2.143987866163828,2.534227943934205,8.773292406488086,15.192581134927744,2000
2061,SSP5-8.5,ais,2.546191246187096,3.3794718037919242,2.200140013793389,2.6189923996827504,9.658589016434465,16.100779416943777,2000
2062,SSP5-8.5,ais,2.5901533307300575,3.552589029772893,2.248881722975001,2.6897171968409346,10.61498992001452,17.000667626723164,2000
2063,SSP5-8.5,ais,2.6231078333459457,3.7236996146902466,2.317936513175964,2.7780953061035634,11.471373945511779,17.96325104879737,2000
2064,SSP5-8.5,ais,2.6667128482541567,3.894828302507762,2.3683680664258486,2.860739331606104,12.329672017700176,19.040320605152193,2000
2065,SSP5-8.5,ais,2.7018268187789163,4.104411790700473,2.425407712665235,2.943376619214649,13.250810408184433,20.111468637575783,2000
2066,SSP5-8.5,ais,2.736966561097795,4.3983233566322575,2.4837894869626815,3.037170538066473,14.166846622682641,21.357994715151484,2000
2067,SSP5-8.5,ais,2.781365410279771,4.762815857188631,2.546581971354117,3.1270744225563365,15.211067675618956,22.425544927181168,2000
2068,SSP5-8.5,ais,2.8203622068807586,5.226390667417898,2.608437156896799,3.239226800941558,16.231756308040087,23.41658670068331,2000
2069,SSP5-8.5,ais,2.861754603125484,6.1229233039406035,2.697265457488987,3.341971983693462,17.091206247722518,24.416526926316216,2000
2070,SSP5-8.5,ais,2.913142057073008,7.068150667582977,2.792428773369406,3.4622664345768515,18.00212376313279,25.670736302737247,2000
2071,SSP5-8.5,ais,2.9616454919219586,8.087052231243401,2.8621332054654,3.592555985892464,19.011929002397423,26.722574646937467,2000
2072,SSP5-8.5,ais,3.015445536729185,9.006335242988033,2.970265478042175,3.744246191797107,19.94769266523009,27.85955274044821,2000
2073,SSP5-8.5,ais,3.053783248081748,9.87440261271632,3.085832432273547,3.884972963430191,20.892451420329472,29.227184031124754,2000
2074,SSP5-8.5,ais,3.103983019720375,10.82907745589589,3.162971082323987,4.051883723814969,22.03140302005235,30.463437562520614,2000
2075,SSP5-8.5,ais,3.1560586725905786,11.683621375719829,3.2343862712887166,4.259276848323865,23.054296239344836,31.688193212509795,2000
2076,SSP5-8.5,ais,3.1936521239750184,12.511041009635054,3.337132565514702,4.456766222936806,24.193551998015764,32.77221500977074,2000
2077,SSP5-8.5,ais,3.2353592105802793,13.447009411180938,3.433714604541229,4.6424507213722706,25.301919660051894,33.88151192879453,2000
2078,SSP5-8.5,ais,3.278269887349176,14.360137972632653,3.5709272222543964,4.835340389395592,26.30607463259373,35.26021141660487,2000
2079,SSP5-8.5,ais,3.3243722342455455,15.28142703585237,3.666202850217048,5.125016791405264,27.46929406186897,36.66845727614505,2000
2080,SSP5-8.5,ais,3.3694994449712734,16.203247705918688,3.768686819237653,5.430712600975957,28.520464793994996,37.91519389214277,2000
2081,SSP5-8.5,ais,3.426141490541102,17.248442065111668,3.8675934216751235,5.698357700758523,29.54694648006863,39.1632160221775,2000
2082,SSP5-8.5,ais,3.479675625555312,18.22034720282499,3.9692205317959326,6.219037392078014,30.56690454654656,40.356081825912504,2000
2083,SSP5-8.5,ais,3.5386944945562164,19.19531980422206,4.183933791878346,6.587938781946793,31.735783214601263,41.64372831798763,2000
2084,SSP5-8.5,ais,3.5886776682605155,20.12962845239263,4.363945719850005,7.221770670187231,32.82167987966047,42.913803299240016,2000
2085,SSP5-8.5,ais,3.6302373763283984,21.054059517740715,4.592037677474742,8.20757678278758,33.897075263951244,44.21609001658318,2000
2086,SSP5-8.5,ais,3.674905085412909,22.10027689604614,4.777559780706079,9.127256113032132,35.04105747284329,45.52769144727187,2000
2087,SSP5-8.5,ais,3.7170022137558263,23.008377093488313,4.950443256146234,10.316243841352891,36.25619839864673,46.90672289964276,2000
2088,SSP5-8.5,ais,3.754869685442747,24.036486136716178,5.116562332766238,11.342519213344488,37.41576533068943,48.16730848859153,2000
2089,SSP5-8.5,ais,3.79652052247809,24.999020744514976,5.369006664615074,12.345780070113818,38.45537626645263,49.44157410698976,2000
2090,SSP5-8.5,ais,3.8454533793964467,25.978342929141448,5.612704574873141,13.288562932185116,39.69177331924313,50.70367203354741,2000
2091,SSP5-8.5,ais,3.8883860799380425,26.917947719391826,5.935850574910513,14.176324280342664,40.83671577463461,52.05335199632121,2000
2092,SSP5-8.5,ais,3.945003894303694,27.970196995481498,6.169591728991137,15.204825448493258,41.91461429975676,53.29005576089456,2000
2093,SSP5-8.5,ais,3.9961325111305954,28.922024982256303,6.533978251949018,16.1063746708295,43.05901003254556,54.758023763373316,2000
2094,SSP5-8.5,ais,4.0460750643859775,30.009158650765876,7.021973799342051,17.119424598185184,44.21134355343155,56.17176689892788,2000
2095,SSP5-8.5,ais,4.0967872745192615,31.109317903228934,7.690010964162541,18.136780151070035,45.35510479272982,57.754200625797196,2000
2096,SSP5-8.5,ais,4.150632215871937,31.96547592359721,8.2863354203701,19.11520948576554,46.49153229598329,59.075827099685796,2000
2097,SSP5-8.5,ais,4.190951699094467,32.988023697905845,9.162697224041894,20.19934423814258,47.72541432904737,60.3701413929159,2000
2098,SSP5-8.5,ais,4.226080539807343,33.99203573068754,9.912194200798034,21.275132560964202,48.99290497340781,61.63159840228763,2000
2099,SSP5-8.5,ais,4.270389008766735,35.05846874443395,10.648819803801185,22.169556072188822,50.02352925635542,62.76664566306116,2000
2100,SSP5-8.5,ais,4.31241979908946,36.05498674659449,11.742396738900691,23.247126176895872,51.21888362619269,64.58738256054282,2000
2101,SSP5-8.5,ais,4.3641094798398505,37.0665521684232,12.503274678038563,24.079364536796227,52.666809898783995,66.27041533326495,2000
2102,SSP5-8.5,ais,4.411577993382431,38.0390684864689,13.522605533831504,24.92648496157885,53.93640980787614,67.96317486792995,2000
2103,SSP5-8.5,ais,4.460216901403128,39.09764864604162,14.486321140843403,25.805523441883953,55.19279417642393,69.53138558938728,2000
2104,SSP5-8.5,ais,4.5040071035503635,40.11761076661887,15.589986222092069,26.65534216816943,56.473142732732825,71.05885028163257,2000
2105,SSP5-8.5,ais,4.5511965486747314,41.127060210494776,16.608847058690323,27.573360671825306,57.80935877607997,72.42587503107231,2000
2106,SSP5-8.5,ais,4.589539887956996,42.19773088457237,17.506425145207356,28.549529827851316,59.21483323576379,73.70503856383064,2000
2107,SSP5-8.5,ais,4.629223262256404,43.235796890220435,18.314298799592983,29.42328239321656,60.48383326394767,75.04592809525735,2000
2108,SSP5-8.5,ais,4.671697435928822,44.20169207996549,19.117703670450457,30.18193231676582,61.75532300874042,76.6505690459513,2000
2109,SSP5-8.5,ais,4.707404804930306,45.16186187356372,20.041217439318835,31.080332779855144,63.046332457666,78.51954797847513,2000
2110,SSP5-8.5,ais,4.7462190056991345,46.227410241165046,21.06153541878822,32.037080100019985,64.48496097482467,80.30682721943187,2000
2111,SSP5-8.5,ais,4.77594588603476,47.22018187727417,22.029501547117647,33.00346451027054,65.78007579101195,81.95744790344268,2000
2112,SSP5-8.5,ais,4.817657062366482,48.322885565740926,22.87433059227233,33.91145772536129,67.08899073260577,83.3855679262793,2000
2113,SSP5-8.5,ais,4.857719962181352,49.32438902544667,23.754008395626474,34.77736250513328,68.34579777991787,84.70000161454257,2000
2114,SSP5-8.5,ais,4.892706282391094,50.366097894908314,24.652436576068343,35.679588104059285,69.56461357958398,86.16780246491895,2000
2115,SSP5-8.5,ais,4.942579535428325,51.415967710194806,25.491662643688052,36.683220737292714,70.81667558403241,87.786781816597,2000
2116,SSP5-8.5,ais,4.9761215547809785,52.458231020035996,26.43415639077753,37.56461188453631,72.13633978911267,89.24288155060545,2000
2117,SSP5-8.5,ais,5.0234542488204745,53.53981719284984,27.507093787243935,38.52106735312932,73.38699379780302,90.97127465535007,2000
2118,SSP5-8.5,ais,5.053836698041858,54.675005357563535,28.535468981306266,39.37821547802894,74.61705865038634,92.74515501469008,2000
2119,SSP5-8.5,ais,5.081046003855958,55.80518607885456,29.44724395378237,40.25351244479016,76.0722401481308,94.42080253037987,2000
2120,SSP5-8.5,ais,5.111420346616944,56.86151940298555,30.36099778754134,41.17628646448754,77.39290029923559,95.96163737621303,2000
2121,SSP5-8.5,ais,5.145216642157468,57.8886548143687,31.384921101209493,41.96079044389981,78.75606972774149,97.50367714943458,2000
2122,SSP5-8.5,ais,5.177644385229858,59.0504238534954,32.24723952853975,42.915072390620466,80.07115394340967,99.03824932367488,2000
2123,SSP5-8.5,ais,5.210439817903417,60.13866419022744,33.159290437171826,43.764049125482344,81.38876386886497,100.58556840557479,2000
2124,SSP5-8.5,ais,5.252335352694382,61.320770715306125,34.019804082251326,44.654907664446895,82.8613215838348,102.13638672802328,2000
2125,SSP5-8.5,ais,5.294188345098916,62.40278484339464,34.823581967370046,45.541858486690074,84.18352640834878,103.96857981846438,2000
2126,SSP5-8.5,ais,5.333389997955792,63.511703351232725,35.66298681434397,46.39854733320729,85.52283940644904,105.72615804853653,2000
2127,SSP5-8.5,ais,5.361821151916355,64.5630631470674,36.50685699422223,47.302208058717454,86.87585904645618,107.54483143467685,2000
2128,SSP5-8.5,ais,5.39408859580083,65.68962847127432,37.34655535859368,48.19846812161357,88.25778414317759,109.05432090339951,2000
2129,SSP5-8.5,ais,5.424929099786181,66.83283894412958,38.252242020755254,49.09036400190054,89.53631315132333,110.39955354842503,2000
2130,SSP5-8.5,ais,5.4579357640557085,67.93608707062602,39.00997775649467,49.83337931740989,90.79718936236341,111.74702396154863,2000
2131,SSP5-8.5,ais,5.478913510911799,69.09184076631034,39.892080816711285,50.763225528523456,92.08533937232802,113.25010578521885,2000
2132,SSP5-8.5,ais,5.511898779737037,70.21463676648577,40.71106861555783,51.70932102670544,93.61043725502361,115.03313827413899,2000
2133,SSP5-8.5,ais,5.539104523766511,71.32441789761236,41.53498128606873,52.54153927990226,94.92507850598354,116.63119454441777,2000
2134,SSP5-8.5,ais,5.572705473351193,72.48834652844258,42.39937346384024,53.39326529385192,96.44639954629464,118.34504263097277,2000
2135,SSP5-8.5,ais,5.604794034205822,73.56560193334928,43.211952121587245,54.331848488764344,97.83558627974821,119.96914910646282,2000
2136,SSP5-8.5,ais,5.641719505308026,74.68481350769764,44.05200904210756,55.33370168440166,99.17529118225129,121.52324657073875,2000
2137,SSP5-8.5,ais,5.672496825902029,75.72739792098906,44.9327616197336,56.264091836370206,100.45387594167372,123.14054341929501,2000
2138,SSP5-8.5,ais,5.705523981047367,76.81018582451665,45.74376124707566,57.160469052780265,101.90372257430684,125.04328376255694,2000
2139,SSP5-8.5,ais,5.727851161427154,77.99729764460311,46.43345356880421,58.00821801947599,103.31748848660723,126.710706227635,2000
2140,SSP5-8.5,ais,5.752497012532589,79.11593620275929,47.275235664075865,58.8892772062299,104.70361338002942,128.54236957294788,2000
2141,SSP5-8.5,ais,5.775914719811637,80.23917604526648,47.9642118139381,59.760217984083994,106.04842382561209,130.23931295864944,2000
2142,SSP5-8.5,ais,5.795470963655953,81.49465078936748,48.62115879503803,60.644595711983776,107.53136246739432,131.8164279074362,2000
2143,SSP5-8.5,ais,5.821623376752074,82.59983838233377,49.3371113486869,61.60934238263652,109.14328790586444,133.37828053528736,2000
2144,SSP5-8.5,ais,5.848793823506787,83.82832123952082,50.18391502515337,62.450933603175585,110.61048060042044,134.97357848193883,2000
2145,SSP5-8.5,ais,5.8796144524477665,85.00790803344668,51.07836915724134,63.44609784622929,111.95464680385912,136.73580071228042,2000
2146,SSP5-8.5,ais,5.9091583670197,86.21905801446579,51.884803935415555,64.44253404504974,113.26658943923373,138.64950210007842,2000
2147,SSP5-8.5,ais,5.932415253541499,87.37763106560227,52.78927249970797,65.44945915325103,114.61663550828874,140.32991254016187,2000
2148,SSP5-8.5,ais,5.96096757733068,88.58087936317568,53.622677099516984,66.45396282466842,116.12580759810547,141.89417835150672,2000
2149,SSP5-8.5,ais,5.984855923664425,89.72645116738195,54.342833438287606,67.39842052794697,117.47739596706974,143.63313669334036,2000
2150,SSP5-8.5,ais,6.009791200479169,90.87009600930918,55.078754131447454,68.1920897355258,118.93799444959123,145.37689270251474,2000
2151,SSP5-8.5,ais,6.028441504608441,92.01787302847684,55.72341940875193,69.25137033972614,120.31541918983733,147.1170518156223,2000
2152,SSP5-8.5,ais,6.057363066520258,93.21243846057234,56.36983903849193,70.19062047351147,121.80186194893218,149.04666550156955,2000
2153,SSP5-8.5,ais,6.079955302058288,94.4225761962477,57.07185126251704,71.1167381842811,123.19211817212076,151.2640553781556,2000
2154,SSP5-8.5,ais,6.109240893012745,95.66527683482039,57.87947846402269,71.99800392214601,124.71012704851051,152.734304198333,2000
2155,SSP5-8.5,ais,6.129226577689733,96.8918764271663,58.746429385177485,72.90668087553347,126.07599178858774,154.20569624149354,2000
2156,SSP5-8.5,ais,6.153261600875571,97.9779969523994,59.43703775692229,73.80890603773364,127.50863654284575,155.83134453469185,2000
2157,SSP5-8.5,ais,6.179711065972603,99.15545103475023,60.035677356398104,74.64370445914086,128.94430812765953,157.5824977642043,2000
2158,SSP5-8.5,ais,6.209890798168322,100.27688865201651,60.687680931102406,75.42852224554763,130.4805531341189,159.3373085372127,2000
2159,SSP5-8.5,ais,6.235836295677487,101.46577245148868,61.32324171943182,76.38306602201328,131.8252939739914,161.09642877843572,2000
2160,SSP5-8.5,ais,6.266358270390076,102.61585596511802,62.18772775914765,77.3773760156889,133.2691467608768,162.85915513733576,2000
2161,SSP5-8.5,ais,6.293047376185408,103.83563830020466,62.92093807388414,78.2450199609565,134.83162156562094,164.5272994849252,2000
2162,SSP5-8.5,ais,6.314990012075206,104.94802405608519,63.6276007475463,79.13097996771738,136.34325989038192,166.23420150574995,2000
2163,SSP5-8.5,ais,6.34206788466492,106.11316430299999,64.3425539050993,80.1274888118837,137.75054302628538,167.87466758647741,2000
2164,SSP5-8.5,ais,6.35578476467653,107.32880686792456,65.06201438415644,81.078925353026,139.254533161542,169.49182977310105,2000
2165,SSP5-8.5,ais,6.365862468403385,108.47317391226497,65.78297705828618,81.99292564157697,140.87468984653475,171.21975182511937,2000
2166,SSP5-8.5,ais,6.383468880306376,109.59094032968278,66.55898184005885,82.97951351380651,142.25275284005812,172.89241545920729,2000
2167,SSP5-8.5,ais,6.4081720464584295,110.68568966172978,67.43052831434883,84.13246819098298,143.7888852537394,174.43039161564283,2000
2168,SSP5-8.5,ais,6.425798598490646,111.71727294969378,68.18258255695059,85.16330346339504,145.25966277388846,176.19110311691367,2000
2169,SSP5-8.5,ais,6.454118406598851,112.74800025666055,68.98649417393133,86.14823706265923,146.74073149952483,178.0330414362209,2000
2170,SSP5-8.5,ais,6.486204683733515,113.93529561430242,69.68488833808999,87.02818920483595,148.1645335707736,180.0075267240319,2000
2171,SSP5-8.5,ais,6.506022511195588,115.19264891351932,70.3837244446694,87.8479979426174,149.65400512526077,181.4576980361032,2000
2172,SSP5-8.5,ais,6.531421061215337,116.30645960759568,71.19244179400037,88.67576339358439,151.0443630188336,183.07561411034206,2000
2173,SSP5-8.5,ais,6.554138006465327,117.49971905981522,71.95050134604638,89.632852387528,152.41834360071388,184.76661908449006,2000
2174,SSP5-8.5,ais,6.576907129836155,118.79438981731354,72.80686291441206,90.49541437190513,153.87962998179495,186.45559510636508,2000
2175,SSP5-8.5,ais,6.589808472359773,119.92248709951403,73.48253482168741,91.56601670398244,155.4436083631105,188.14750096095338,2000
2176,SSP5-8.5,ais,6.6019459723619525,121.05144714064093,74.27158837441002,92.57014590634299,156.91925402117843,189.8831520835953,2000
2177,SSP5-8.5,ais,6.614660280653371,122.24559547247792,75.15540795854746,93.51789574626457,158.36477910245662,191.54173510694122,2000
2178,SSP5-8.5,ais,6.633380513903446,123.47531071404347,75.90223329825395,94.40040553847632,159.9950640962649,193.4209534255526,2000
2179,SSP5-8.5,ais,6.656222740533219,124.67595506553853,76.65084203888905,95.34170640402675,161.43520914918764,195.1985719921243,2000
2180,SSP5-8.5,ais,6.678128541842929,125.82331032444287,77.46738198064193,96.38666296786305,162.99463836347854,197.16380242758453,2000
2181,SSP5-8.5,ais,6.696941578395637,126.96394329410509,78.23193417115478,97.43789503380917,164.49873517954694,199.04217861156516,2000
2182,SSP5-8.5,ais,6.7157318628045894,128.10679891829852,79.02318383431772,98.28640022717867,166.12525571805267,200.66279077695705,2000
2183,SSP5-8.5,ais,6.740051518028006,129.3274156863751,79.81483681481218,99.22720380214449,167.74800272690572,202.68366464995546,2000
2184,SSP5-8.5,ais,6.752856505124103,130.6693852837842,80.55814865622837,100.12247388680777,169.37450594699408,204.7675752217337,2000
2185,SSP5-8.5,ais,6.764235939605002,131.88250427414312,81.32545309077705,101.14648302053438,170.8592932038367,206.52277385897253,2000
2186,SSP5-8.5,ais,6.780215887890567,133.13053981833355,82.13310467803447,102.05375616633464,172.49767463615171,208.3381683156754,2000
2187,SSP5-8.5,ais,6.791466420090469,134.2846826552273,82.89542545976539,102.98882746389476,174.06796798758128,210.02789681034295,2000
2188,SSP5-8.5,ais,6.797450315162923,135.47486075254145,83.66034905922498,103.85516521495168,175.6116433325868,211.78319585506767,2000
2189,SSP5-8.5,ais,6.815445705376506,136.6964801018816,84.57973458894833,104.72841378589021,177.3602632478381,213.65436263640046,2000
2190,SSP5-8.5,ais,6.829200321021954,137.8905222794026,85.46385547798509,105.63826825828787,178.72633768317962,215.38403714267173,2000
2191,SSP5-8.5,ais,6.843984002787081,139.1279128770496,86.32757198626857,106.69118149530809,180.31633980834118,217.05367841911746,2000
2192,SSP5-8.5,ais,6.867009546309087,140.31709114603672,87.01277251778752,107.6520131839434,182.10883837447307,218.81333623385433,2000
2193,SSP5-8.5,ais,6.882591514817378,141.66796977429215,87.75601690587551,108.55251335158009,183.56173217088428,220.6987655726184,2000
2194,SSP5-8.5,ais,6.901731489455996,142.9075468729505,88.53669748539787,109.45160334331601,185.17710518804918,222.68875119226266,2000
2195,SSP5-8.5,ais,6.9115909677334715,144.15741186572927,89.24557512879389,110.37638374477956,186.84254581754394,224.2945121566657,2000
2196,SSP5-8.5,ais,6.931368135384477,145.3217793351743,89.9580389809564,111.39233303285737,188.56176717780085,225.92947444607577,2000
2197,SSP5-8.5,ais,6.9433891919162045,146.48636919785827,90.67523712365747,112.27683451660424,190.11374320128976,227.83115678988486,2000
2198,SSP5-8.5,ais,6.9547094681026,147.65137396520544,91.48285874880989,113.16469656612152,191.66485456074588,229.73380511631788,2000
2199,SSP5-8.5,ais,6.960917768280012,148.8166791287656,92.32278740980388,114.06923285245406,193.13639342796418,231.63722033096437,2000
2200,SSP5-8.5,ais,6.970768341443509,150.05684114300158,93.16415709473715,114.977540536421,194.62555653076248,233.54053045997546,2000
2201,SSP5-8.5,ais,6.9858294774921905,151.28202631182359,93.8979939972831,115.88661468987318,196.19214318224684,235.3697874111387,2000
2202,SSP5-8.5,ais,6.99429547605429,152.41928907935556,94.77288932563357,116.79713270111893,197.75569311070612,237.17608653100143,2000
2203,SSP5-8.5,ais,7.015072825093854,153.66345943952524,95.69752206768541,117.70986079273604,199.4817173907663,238.98245663466295,2000
2204,SSP5-8.5,ais,7.048072466356301,154.9235314742628,96.51594481282177,118.57223422446462,201.17963820184514,240.783280841699,2000
2205,SSP5-8.5,ais,7.062495905426287,156.19424699104707,97.31276618914222,119.55976717345196,202.8394050504715,242.584225749243,2000
2206,SSP5-8.5,ais,7.078679378704682,157.40749961885496,98.10983347893637,120.48485905474072,204.45629613814776,244.38611896019924,2000
2207,SSP5-8.5,ais,7.084990713011064,158.57331807858972,98.87095281366163,121.42068138743382,206.0503705693853,246.10756065975164,2000
2208,SSP5-8.5,ais,7.089441806732302,159.83693495947995,99.63247585257157,122.34802748696862,207.65235950601232,247.96080674477125,2000
2209,SSP5-8.5,ais,7.096858454906249,161.10872380943707,100.40980958362606,123.26841518973654,209.11999041989912,249.81623600580602,2000
2210,SSP5-8.5,ais,7.094516093639992,162.31605436401142,101.19207281496482,124.19751663109932,210.73483940936066,251.80874967182214,2000
2211,SSP5-8.5,ais,7.104821898367752,163.62406567271736,101.97383039404355,125.12581508985099,212.3067858327535,253.67905085176645,2000
2212,SSP5-8.5,ais,7.1149564353894545,164.92440177097328,102.75582009024609,126.11086249600685,213.958873889826,255.5311931636579,2000
2213,SSP5-8.5,ais,7.128185242059944,166.1974735603869,103.49755561649815,127.09426349384609,215.45806684068782,257.56520306206005,2000
2214,SSP5-8.5,ais,7.1387012376272105,167.4705207882223,104.24989629375766,128.11770906501582,217.04340650031966,259.5980511261029,2000
2215,SSP5-8.5,ais,7.151785987242407,168.6851564769896,105.05253886143463,129.15228418413193,218.52719816840238,261.6292127925439,2000
2216,SSP5-8.5,ais,7.1599873323527925,169.88165822267922,105.85675797685384,130.09805312091612,220.04975561600935,263.37553713589034,2000
2217,SSP5-8.5,ais,7.1663441101175644,171.20424713947483,106.66069718731673,131.1865700696997,221.47802408326368,265.0982967433686,2000
2218,SSP5-8.5,ais,7.16903600574906,172.3982206438248,107.44391647077694,132.19025210031367,223.1328773998061,267.1821433606952,2000
2219,SSP5-8.5,ais,7.180590856775595,173.61477420497522,108.1670208607416,133.12194463371762,224.64145173846134,268.97295113020635,2000
2220,SSP5-8.5,ais,7.1899779300695466,174.88553778531036,108.88823007150488,134.12100170995507,226.0888270719448,270.9122490527307,2000
2221,SSP5-8.5,ais,7.192227004571489,176.1228692615574,109.72492565590014,135.0510655746332,227.57529740093588,272.7628040372208,2000
2222,SSP5-8.5,ais,7.203934109479578,177.3699579735788,110.4955020681062,135.88470061750115,229.12998373047625,274.5532254353502,2000
2223,SSP5-8.5,ais,7.213171118891374,178.5193808868995,111.30096992418606,136.75340235269258,230.51424715319877,276.3261075914457,2000
2224,SSP5-8.5,ais,7.2215205920334276,179.6711111778822,112.1448331551432,137.69115270062838,232.01850420674066,278.0986528043499,2000
2225,SSP5-8.5,ais,7.2235705486874995,180.9462875511317,112.92889905058266,138.68550833516554,233.65788629779288,279.870821808554,2000
2226,SSP5-8.5,ais,7.2324969141010715,182.08524850687235,113.71039771410939,139.58007241745185,235.29314815120588,281.642299502129,2000
2227,SSP5-8.5,ais,7.246529815759302,183.26601362304427,114.49432352246885,140.52270351469494,236.92388925708292,283.4134290714641,2000
2228,SSP5-8.5,ais,7.252379627521919,184.5546282841244,115.27645230013853,141.48596702342894,238.52518014817707,285.18447949574164,2000
2229,SSP5-8.5,ais,7.2632171310775,185.82330475862162,116.00699878844472,142.38736661308604,240.1742182363974,286.95503827833727,2000
2230,SSP5-8.5,ais,7.271621947313981,187.03017515426302,116.75626343544748,143.2384514103027,241.85353528456943,288.725354417121,2000
2231,SSP5-8.5,ais,7.278627167452372,188.2334832857777,117.51490628981611,144.1713264618157,243.3955631629164,290.4929420387265,2000
2232,SSP5-8.5,ais,7.279264089930073,189.46615814346887,118.28231009081762,145.18536893566412,245.0516908007619,292.3447840312683,2000
2233,SSP5-8.5,ais,7.280722184457256,190.668561316413,119.10575283867351,146.17418668762534,246.62096007632212,294.22164020906155,2000
2234,SSP5-8.5,ais,7.288982816774306,191.86614345983847,119.92075266120392,147.17032634108662,248.12204400552656,296.18004824571113,2000
2235,SSP5-8.5,ais,7.2980039878624225,193.05593013792762,120.7552814422696,148.16460973352682,249.63694206504357,298.0808515608992,2000
2236,SSP5-8.5,ais,7.3043741272263665,194.27058062605602,121.5067283248785,149.11575395187873,251.25696944872027,300.02069479460414,2000
2237,SSP5-8.5,ais,7.31312588227286,195.50247342216642,122.16485094486654,150.0847986972881,252.86752134674057,301.9475132593749,2000
2238,SSP5-8.5,ais,7.312612975895703,196.70898719301084,122.8785822387438,151.02707508749057,254.38813094853737,303.8702070011258,2000
2239,SSP5-8.5,ais,7.3310520869894145,197.91995747451477,123.70522855099368,151.9603404745349,255.8729191444622,305.79081770099367,2000
2240,SSP5-8.5,ais,7.335212262905988,199.13946219501557,124.5323501066102,152.8722147784428,257.4747858993502,307.704318579564,2000
2241,SSP5-8.5,ais,7.345193497716741,200.37976925178964,125.3592681179559,153.78340684602696,258.968375680206,309.61097249246336,2000
2242,SSP5-8.5,ais,7.351439212696151,201.63064509918775,126.18676216787068,154.72614006341414,260.44173961882876,311.5172476892153,2000
2243,SSP5-8.5,ais,7.349425889177231,202.78724482209228,127.01182695788934,155.69884689708502,261.90552140048226,313.422867218428,2000
2244,SSP5-8.5,ais,7.350507135584997,204.00956645318035,127.79414511599137,156.69975082214748,263.39979596077643,315.2347907821977,2000
2245,SSP5-8.5,ais,7.349181231872608,205.2044525084272,128.57611112047323,157.66082079827433,264.9521700131621,317.14582044013184,2000
2246,SSP5-8.5,ais,7.353231645532587,206.4048022974153,129.35761276112,158.66625279840466,266.7801769083468,319.1555662097336,2000
2247,SSP5-8.5,ais,7.356303617760265,207.65739740250083,130.1024024389409,159.6738202827969,268.2168513527639,321.07186330245656,2000
2248,SSP5-8.5,ais,7.358891036254669,208.89739968467956,130.83149536389428,160.64942759836484,269.64260772938286,322.9872581492154,2000
2249,SSP5-8.5,ais,7.368516544587208,210.10680139621797,131.5631142079733,161.58141005132816,271.1301515170744,324.90171453850684,2000
2250,SSP5-8.5,ais,7.380547257275471,211.28214901388728,132.2949444310418,162.52077026589478,272.7410229812407,326.80393007709966,2000
2251,SSP5-8.5,ais,7.383332920033877,212.46436388552092,133.02760742529895,163.48548591776876,274.35180280510525,328.6931646280145,2000
2252,SSP5-8.5,ais,7.388545884688615,213.68232986861014,133.78208138654202,164.44994340359855,275.9523347221258,330.29270892999136,2000
2253,SSP5-8.5,ais,7.391045132739745,214.9394816645392,134.63727051143005,165.37030050782874,277.5301836427094,331.8664725715993,2000
2254,SSP5-8.5,ais,7.3830128099047565,216.18541854368033,135.4929941795074,166.24997284912584,278.98861297405625,333.82335060561945,2000
2255,SSP5-8.5,ais,7.387115574383927,217.4166860797825,136.34787062479953,167.13190748972366,280.54859976524483,335.93098900152575,2000
2256,SSP5-8.5,ais,7.3844725960224125,218.6222645540522,137.1962105056939,168.0538514312065,282.0659228649067,338.0376653445445,2000
2257,SSP5-8.5,ais,7.383639947861127,219.80975701082937,137.97914704709905,168.9873517373334,283.58202597587103,340.11179459281647,2000
2258,SSP5-8.5,ais,7.384242666887389,220.99121810767298,138.7616341531769,169.93855462274806,285.16577357358875,342.0213264760568,2000
2259,SSP5-8.5,ais,7.381447692341897,222.2299251201684,139.5437692165691,170.84802614421218,286.8079794439607,343.92973421606945,2000
2260,SSP5-8.5,ais,7.380625739760694,223.45157345346723,140.34912804234696,171.73050809785477,288.3803301594415,345.83635270074967,2000
2261,SSP5-8.5,ais,7.388511301710085,224.65262491557513,141.1700936283672,172.61388297648404,289.9966155066192,347.7258738888596,2000
2262,SSP5-8.5,ais,7.384204774050025,225.88330119390594,141.9917290158764,173.53878818607956,291.5997725072761,349.61486709379363,2000
2263,SSP5-8.5,ais,7.389791426726607,227.0926655731063,142.76940655043254,174.482799814391,293.13858978339573,351.50242962397795,2000
2264,SSP5-8.5,ais,7.39235440037691,228.30035180322238,143.47255940889883,175.43856408521503,294.6275866425039,353.3892801663399,2000
2265,SSP5-8.5,ais,7.395262333168682,229.49366206538974,144.21476192573203,176.43542156204367,296.13087923122936,355.2752033723725,2000
2266,SSP5-8.5,ais,7.4006968001478945,230.67329375707612,144.98876157002525,177.4592770005617,297.6420334348709,357.1602275808484,2000
2267,SSP5-8.5,ais,7.400439306799472,231.85278443289485,145.76352779132694,178.41147344609556,299.15301175864255,358.9512684286784,2000
2268,SSP5-8.5,ais,7.399911401776155,232.97658850238963,146.5656693847979,179.41597956743593,300.663262249574,360.9379710841307,2000
2269,SSP5-8.5,ais,7.403330993416088,234.15341733990078,147.32718275118881,180.4115052297775,302.36473194636017,362.6841360151673,2000
2270,SSP5-8.5,ais,7.4040630935581495,235.3483467087799,148.1005782784335,181.35487116831246,304.1190752016002,364.4294279046802,2000
2271,SSP5-8.5,ais,7.402092949763769,236.58760050471278,148.87365594308014,182.35043468821928,305.8553991592801,366.17362123823466,2000
2272,SSP5-8.5,ais,7.4013153226667105,237.83710817214896,149.6462615680033,183.341478684306,307.46647690692305,367.9164748416711,2000
2273,SSP5-8.5,ais,7.40833467279932,239.09494445579574,150.3929995449594,184.25261861559397,308.9932125196082,369.65809973700215,2000
2274,SSP5-8.5,ais,7.41379733211296,240.28470184036775,151.10127557754308,185.1639989295665,310.52361705341065,371.42427076564627,2000
2275,SSP5-8.5,ais,7.416422197633253,241.44490371579894,151.81156340530626,186.080258114253,311.9660766073435,373.2616381998689,2000
2276,SSP5-8.5,ais,7.417637947136342,242.60122619137096,152.52651184130997,187.00158359068953,313.39217467507206,375.19442526400366,2000
2277,SSP5-8.5,ais,7.420580607314838,243.78076606611782,153.27449162634147,187.95593712371965,314.81778422648335,377.126397343412,2000
2278,SSP5-8.5,ais,7.418322963725158,244.9658317062645,154.10735084705752,188.92642094957435,316.242998645402,379.0580256474381,2000
2279,SSP5-8.5,ais,7.419821578717986,246.13548928303595,154.93973428111565,189.89620746417526,317.7127768134293,380.98784228380487,2000
2280,SSP5-8.5,ais,7.420520876799646,247.31662043325247,155.77190302774676,190.8660559365116,319.23387213287305,382.9169048774689,2000
2281,SSP5-8.5,ais,7.418631116595542,248.4979118012788,156.60380518399867,191.84041206597794,320.7542333636089,384.8449984340023,2000
2282,SSP5-8.5,ais,7.421817746645316,249.75483075607005,157.3772064529694,192.81410407803492,322.27368993034645,386.76967224568523,2000
2283,SSP5-8.5,ais,7.421512220147265,251.02473108470414,158.12367481425372,193.80211091912264,323.7925837387826,388.68902687404545,2000
2284,SSP5-8.5,ais,7.427359381523998,252.24487089831246,158.85362672055146,194.72012449864673,325.41516145330604,390.607177929327,2000
2285,SSP5-8.5,ais,7.437580958016404,253.42799691162037,159.5834310337086,195.61533072741364,327.0054762072332,392.4555830468143,2000
2286,SSP5-8.5,ais,7.44447375785462,254.6199310557482,160.31319120177605,196.61592944521666,328.6399530293184,394.20217560052464,2000
2287,SSP5-8.5,ais,7.444262457715933,255.81191109390812,161.04283438266248,197.62330899509442,330.1280448050467,395.94854431932896,2000
2288,SSP5-8.5,ais,7.443507288348442,257.00323949039995,161.77221167019766,198.63006035800032,331.5905447362679,397.6942874459318,2000
2289,SSP5-8.5,ais,7.443830003663494,258.19384088429666,162.50129028820692,199.63159701308922,333.04891211853777,399.43935752931725,2000
2290,SSP5-8.5,ais,7.450734473618776,259.36239550684934,163.23010067762024,200.60284546912104,334.5448885858901,401.2207955833958,2000
2291,SSP5-8.5,ais,7.4522533967703835,260.5244056710163,163.95878303088304,201.57517680816832,336.04109346788033,403.1458510426308,2000
2292,SSP5-8.5,ais,7.455016358737552,261.7176994382619,164.72215004118743,202.47874039661716,337.5478687005645,405.06699137532485,2000
2293,SSP5-8.5,ais,7.452878628116129,262.89539808046,165.49994921870405,203.38214713604302,339.0677296809757,406.98733374073146,2000
2294,SSP5-8.5,ais,7.454580327593074,264.0667887191755,166.2124951795315,204.28489900830905,340.63069098075636,408.90584464632065,2000
2295,SSP5-8.5,ais,7.462917348942109,265.25594416094805,166.9475994335204,205.18738664424527,342.3026151067269,410.823415215194,2000
2296,SSP5-8.5,ais,7.46551324668946,266.44767997655913,167.72188858847173,206.09031056871558,343.9995662516816,412.7416362770423,2000
2297,SSP5-8.5,ais,7.480334069080986,267.59467073787914,168.49606819252344,206.99309066024045,345.69249535166836,414.65918321896845,2000
2298,SSP5-8.5,ais,7.480585771213185,268.7641959814875,169.27098735612148,207.88943773338795,347.2534643347988,416.5789440472807,2000
2299,SSP5-8.5,ais,7.490148770300169,269.95567226383025,170.0456411445997,208.74770500996902,348.79661589094326,418.4974961052586,2000
2300,SSP5-8.5,ais,7.498358103251911,271.1269320263905,170.82129427596172,209.60802020449842,350.308011750096,420.4169790989903,2000
1990,SSP5-8.5,te,0.5557397132233756,-1.4247578765136617,-1.583135217297057,-1.5193868837737585,-1.3422101373165067,-1.265192397403726,2000
1991,SSP5-8.5,te,0.5885637306361448,-1.313316643953554,-1.4593060791443988,-1.4005439913394768,-1.2372255960671301,-1.1662320038403242,2000
1992,SSP5-8.5,te,0.5090689778394178,-1.311440103205094,-1.4572209404730831,-1.3985428152469788,-1.2354577784911123,-1.1645656259051624,2000
1993,SSP5-8.5,te,0.3084522979487564,-1.4832322407154128,-1.6481096433401468,-1.58174497525703,-1.3972966089889973,-1.3171179366484025,2000
1994,SSP5-8.5,te,0.332676813580452,-1.4676557619796389,-1.6308016695050247,-1.5651339440940177,-1.3826226015611465,-1.3032859425954588,2000
1995,SSP5-8.5,te,0.4547856293863089,-1.340772924172906,-1.4898144236622726,-1.4298238519601318,-1.2630911120617445,-1.1906133233382812,2000
1996,SSP5-8.5,te,0.5463394857269461,-1.2031024018843652,-1.336840324826625,-1.283009583167082,-1.1333969558325507,-1.068361184208316,2000
1997,SSP5-8.5,te,0.600043540445978,-1.0647299882586245,-1.1830863117943586,-1.1354468050945568,-1.0030415745042611,-0.945485761923881,2000
1998,SSP5-8.5,te,0.6466075693928761,-0.924762822249936,-1.027560272299259,-0.9861833550036763,-0.8711838376879364,-0.8211941912370353,2000
1999,SSP5-8.5,te,0.686007840655961,-0.7784937111363839,-0.8650317579293435,-0.830199399701046,-0.7333892783812825,-0.6913064605520858,2000
2000,SSP5-8.5,te,0.7295563669080296,-0.6260162205159975,-0.6956047351169514,-0.667594719187718,-0.5897460411710035,-0.5559056566062506,2000
2001,SSP5-8.5,te,0.7655239205849365,-0.46888714095447737,-0.5210090486386187,-0.5000295023317802,-0.4417207191627823,-0.41637421751097464,2000
2002,SSP5-8.5,te,0.7999498588212678,-0.31862934891266725,-0.35404846805438106,-0.3397919474626165,-0.3001685754520127,-0.2829445174364966,2000
2003,SSP5-8.5,te,0.8301407393993533,-0.1665345390814773,-0.1850466651648595,-0.1775953644803583,-0.15688584723984686,-0.14788353601988177,2000
2004,SSP5-8.5,te,0.8359312010698448,-0.030898991123807673,-0.03433375019954141,-0.03295122814146813,-0.029108762831134914,-0.0274384646694821,2000
2005,SSP5-8.5,te,0.843916603443868,0.0983910582515517,0.0873717709685369,0.09269046901476467,0.10492595679052143,0.1093282949705902,2000
2006,SSP5-8.5,te,0.8516506513236204,0.21689967099894736,0.1926080348604456,0.20433291999604597,0.23130562788468578,0.24101042951860877,2000
2007,SSP5-8.5,te,0.8597675192449368,0.3378894292791066,0.30004756887751133,0.31831276369585815,0.3603312362579894,0.37544951592273396,2000
2008,SSP5-8.5,te,0.8671015531069908,0.4618706438566592,0.4101435316303063,0.43511074445171904,0.4925469862943548,0.5132125915417827,2000
2009,SSP5-8.5,te,0.8915919796329949,0.5939586560291777,0.5274383727704522,0.559545830495787,0.6334079680141137,0.6599836235186477,2000
2010,SSP5-8.5,te,0.91224213325433,0.7337303769747568,0.651556387225722,0.6912194459611664,0.7824629920486923,0.8152924921052334,2000
2011,SSP5-8.5,te,0.9463726707864436,0.8848708868482523,0.7857699453213495,0.8336031645251856,0.9436418927546784,0.9832339142130129,2000
2012,SSP5-8.5,te,0.9634454159642772,1.035001856300064,0.9190870262769371,0.9750358335036218,1.1037442017810317,1.1500535744964164,2000
2013,SSP5-8.5,te,1.0010392042679888,1.1958987353769084,1.061964290919354,1.1266106559485207,1.2753274663759173,1.3288358924036772,2000
2014,SSP5-8.5,te,1.034758969518629,1.3643167743752174,1.2115203846520715,1.2852708767318863,1.4549314283284478,1.5159754289955105,2000
2015,SSP5-8.5,te,1.0655474016558886,1.5359690140219282,1.3639484653655163,1.4469779147801072,1.6379843987937077,1.7067086828291953,2000
2016,SSP5-8.5,te,1.0982433117141364,1.7106668612644875,1.5190810614490895,1.6115541037604428,1.824285258820089,1.9008260966823027,2000
2017,SSP5-8.5,te,1.1215083354395925,1.8824281674436394,1.6716059938100534,1.7733638892353654,2.007454539755768,2.091680540980264,2000
2018,SSP5-8.5,te,1.1514531927883527,2.056808366852132,1.8264565169664735,1.9376408342880072,2.1934166545394,2.285444996986218,2000
2019,SSP5-8.5,te,1.172690213058829,2.233480600555172,1.9833423784858897,2.1040770175634584,2.381823035048247,2.481756271838214,2000
2020,SSP5-8.5,te,1.183004264307409,2.3999787958320873,2.1311936410184775,2.260928626689085,2.559379641855552,2.6667625531891765,2000
2021,SSP5-8.5,te,1.2100067371777328,2.5782478206245587,2.289497461322256,2.4288690860403124,2.749488868495243,2.8648481198348987,2000
2022,SSP5-8.5,te,1.2401553910866456,2.759746635515368,2.450669352015388,2.5998522076451436,2.9430424001594235,3.066522502891776,2000
2023,SSP5-8.5,te,1.2795255652495054,2.9486104261653834,2.618381379451199,2.7777735924370397,3.144450071640841,3.276380558901891,2000
2024,SSP5-8.5,te,1.3120856196879593,3.143714313612233,2.7916346452662197,2.961573534783601,3.352512292209426,3.493172366366384,2000
2025,SSP5-8.5,te,1.3440833095342744,3.342941076144628,2.9685490455797146,3.149257480739428,3.5649712193564955,3.7145453513432365,2000
2026,SSP5-8.5,te,1.3737105932007283,3.543791129045455,3.1469049361750145,3.338470666732622,3.7791612519320807,3.937722073076017,2000
2027,SSP5-8.5,te,1.397236727952544,3.7361228227758687,3.3176964795654884,3.5196590309506166,3.984267156314269,4.151433527328216,2000
2028,SSP5-8.5,te,1.414495288828333,3.9250690332503693,3.4854816962336974,3.6976580603204203,4.185762721747601,4.3613831650231205,2000
2029,SSP5-8.5,te,1.431963114692015,4.118144611197177,3.6569338126735595,3.879547209529811,4.3916619173549645,4.575921194316579,2000
2030,SSP5-8.5,te,1.4560076990695092,4.311526146766852,3.8286576210722885,4.061724589764116,4.597887391558038,4.790799191751816,2000
2031,SSP5-8.5,te,1.4757149556522156,4.509043966179826,4.004054471016049,4.24779860548773,4.808523871674938,5.010273265986492,2000
2032,SSP5-8.5,te,1.50669897344732,4.7051904079878035,4.1782335305208775,4.432580698594975,5.017697890569423,5.228223519073399,2000
2033,SSP5-8.5,te,1.5287022346898986,4.90723788827216,4.357652742854598,4.622921935325327,5.233164880788687,5.452730775272612,2000
2034,SSP5-8.5,te,1.5585886384487002,5.116087483835659,4.543112268900073,4.819671185819533,5.455885766499535,5.6847962758781465,2000
2035,SSP5-8.5,te,1.5911059353937131,5.332984541641325,4.735717983231307,5.024001644025706,5.687188607628901,5.925803801718607,2000
2036,SSP5-8.5,te,1.630594131489448,5.5543197750009305,4.932264820515253,5.232513138405031,5.923224397307417,6.171742854617673,2000
2037,SSP5-8.5,te,1.6632419647309475,5.779268147933035,5.132020144513497,5.444428433978715,6.163113302638911,6.42169668686734,2000
2038,SSP5-8.5,te,1.690334066834702,6.0103557621250445,5.33722714665011,5.662127274946538,6.409549202937333,6.6784722038441116,2000
2039,SSP5-8.5,te,1.7289730967413743,6.244467282005228,5.545119392750075,5.882674822305714,6.659209849500446,6.938607766529458,2000
2040,SSP5-8.5,te,1.7574188806603228,6.474042238270146,5.74898314678764,6.098948645846011,6.904032624753588,7.193702477191291,2000
2041,SSP5-8.5,te,1.7754810697663423,6.707321703360467,5.956136523910841,6.318712346074273,7.152805953439655,7.452913493143285,2000
2042,SSP5-8.5,te,1.8132263000160829,6.943633638806036,6.1659827504662506,6.541332821140573,7.404813161902169,7.715494071526855,2000
2043,SSP5-8.5,te,1.842687274458409,7.185374286833737,6.3806497020022555,6.769067479592296,7.662609645040076,7.9841068229659555,2000
2044,SSP5-8.5,te,1.8744435758640963,7.433774666433294,6.601230529778116,7.0030760175395494,7.92750818317732,8.260119607605752,2000
2045,SSP5-8.5,te,1.916105045338041,7.687251491594861,6.826319267590314,7.241866881527728,8.197820332237692,8.541773139968642,2000
2046,SSP5-8.5,te,1.9558020518450927,7.951350246290247,7.06084033402022,7.490664260821538,8.479459893962412,8.83522934491039,2000
2047,SSP5-8.5,te,1.9998314811536861,8.221449309248403,7.300689705365145,7.745114302023786,8.767498290059866,9.135352857667748,2000
2048,SSP5-8.5,te,2.0366870303301394,8.496281997309037,7.544742560397043,8.004023711167447,9.060584707306711,9.44073618946436,2000
2049,SSP5-8.5,te,2.082483355924539,8.775390210505112,7.792592103964894,8.266960929719103,9.358230619832803,9.75087031753726,2000
2050,SSP5-8.5,te,2.122351404993238,9.057289852077009,8.042920450434773,8.532527846639434,9.658853360724704,10.064106171623521,2000
2051,SSP5-8.5,te,2.155441775586654,9.341502610481905,8.295302856671338,8.800273862839177,9.961942850132008,10.379912270647827,2000
2052,SSP5-8.5,te,2.192318354959954,9.629008970986451,8.550609998685987,9.07112265614885,10.268544694805472,10.699378091482881,2000
2053,SSP5-8.5,te,2.2236749909165563,9.91792431598406,8.807168326251581,9.343298800091976,10.576649105348894,11.020409520768585,2000
2054,SSP5-8.5,te,2.2604930108012273,10.209455821556427,9.06604981800116,9.617939529283005,10.88754343558931,11.344347925343406,2000
2055,SSP5-8.5,te,2.292541788062364,10.504953700018245,9.328453469485897,9.896316827324334,11.202667575710919,11.6726936083125,2000
2056,SSP5-8.5,te,2.335864279351812,10.803532955130589,9.59359339944717,10.177596972962018,11.52107775014331,12.004463196475323,2000
2057,SSP5-8.5,te,2.379963412280688,11.111315767801283,9.866906136342058,10.467547439682201,11.849302760393579,12.346459417763134,2000
2058,SSP5-8.5,te,2.4263226710090553,11.427121197196076,10.147342998573563,10.765055708097954,12.186083230364464,12.697370056918125,2000
2059,SSP5-8.5,te,2.4684306913003575,11.746312786729192,10.430786788602425,11.065753949027041,12.526474761123522,13.052043264755664,2000
2060,SSP5-8.5,te,2.509349831896528,12.067897895218533,10.716356035901173,11.368707033013928,12.869418782637748,13.409376057225327,2000
2061,SSP5-8.5,te,2.546191246187096,12.390491934296197,11.002821218804767,11.672610592085611,13.213438745494576,13.767829933896387,2000
2062,SSP5-8.5,te,2.5901533307300575,12.711655853957915,11.28801644823608,11.975166890117858,13.555933603827581,14.124694717817274,2000
2063,SSP5-8.5,te,2.6231078333459457,13.036239104856602,11.576248061572713,12.280944409892246,13.902074897192374,14.485358928847903,2000
2064,SSP5-8.5,te,2.6667128482541567,13.36433633129526,11.867600103447497,12.590032312202343,14.251963555939977,14.84992773203539,2000
2065,SSP5-8.5,te,2.7018268187789163,13.69532513646956,12.16151988226421,12.901844260721132,14.604935845160343,15.217709544398286,2000
2066,SSP5-8.5,te,2.736966561097795,14.031506864815173,12.460051003839546,13.218548264400836,14.963445959077106,15.59126152984725,2000
2067,SSP5-8.5,te,2.781365410279771,14.369835621856136,12.760488698052338,13.537274902050498,15.324245702195139,15.967199209592904,2000
2068,SSP5-8.5,te,2.8203622068807586,14.715682209801185,13.067602265170702,13.863083801898135,15.693062592548067,16.351490408949246,2000
2069,SSP5-8.5,te,2.861754603125484,15.069615193371702,13.38189659362149,14.196510587115467,16.07050295756492,16.744766894793003,2000
2070,SSP5-8.5,te,2.913142057073008,15.431439624766513,13.703198568744318,14.537371604803084,16.456358901478282,17.14681204875367,2000
2071,SSP5-8.5,te,2.9616454919219586,15.797612307523863,14.028361813670644,14.882328944507664,16.846851897199883,17.553688809529202,2000
2072,SSP5-8.5,te,3.015445536729185,16.16783191072154,14.357118744975828,15.23109873384278,17.24166060012905,17.965062349986592,2000
2073,SSP5-8.5,te,3.053783248081748,16.54391085595126,14.691078802450683,15.585388386168692,17.642717808560654,18.382946562098468,2000
2074,SSP5-8.5,te,3.103983019720375,16.918487763111727,15.023705042315436,15.93826302563072,18.042173217150356,18.799161768266,2000
2075,SSP5-8.5,te,3.1560586725905786,17.296762089795614,15.35961460992882,16.29462086321929,18.445571619016523,19.21948540236865,2000
2076,SSP5-8.5,te,3.1936521239750184,17.676962901075814,15.697234905873765,16.652793568580954,18.85102445797385,19.641949670792588,2000
2077,SSP5-8.5,te,3.2353592105802793,18.06044021635767,16.037764754396935,17.014052943585565,19.259971418484604,20.068054662289658,2000
2078,SSP5-8.5,te,3.278269887349176,18.447981693663877,16.38190359991517,17.37914101086043,19.673252472931694,20.498675591642286,2000
2079,SSP5-8.5,te,3.3243722342455455,18.839700041433176,16.729751528107702,17.748163948733467,20.090987815578522,20.933937696058553,2000
2080,SSP5-8.5,te,3.3694994449712734,19.24209660972567,17.087081771608997,18.127246431509537,20.520110600591828,21.381065021399028,2000
2081,SSP5-8.5,te,3.426141490541102,19.654134453778305,17.452973518081482,18.515411593016665,20.95951501181986,21.838905355207228,2000
2082,SSP5-8.5,te,3.479675625555312,20.07392099883978,17.825746151312167,18.910876510655385,21.40718277422721,22.305355742455124,2000
2083,SSP5-8.5,te,3.5386944945562164,20.49867043914133,18.202925861303296,19.31101678290099,21.860143055495197,22.777320704750345,2000
2084,SSP5-8.5,te,3.5886776682605155,20.920642897703296,18.577639597080456,19.708540966403767,22.310141914544616,23.246199993569263,2000
2085,SSP5-8.5,te,3.6302373763283984,21.34033245994173,18.950326109060352,20.10391452021823,22.75770625276199,23.712542617298055,2000
2086,SSP5-8.5,te,3.674905085412909,21.76127158023752,19.324122235087906,20.500465235092403,23.206603141691417,24.180273701058738,2000
2087,SSP5-8.5,te,3.7170022137558263,22.184337890902654,19.69980731721634,20.8990198950051,23.65776850388199,24.65036843554431,2000
2088,SSP5-8.5,te,3.754869685442747,22.61124741419465,20.07890519212681,21.301195099174947,24.113032335681382,25.12473359755826,2000
2089,SSP5-8.5,te,3.79652052247809,23.043081934375657,20.46237648986507,21.708009955358406,24.57354827087261,25.604571223454396,2000
2090,SSP5-8.5,te,3.8454533793964467,23.47932863641009,20.849765828014913,22.118981360039665,25.038769434473114,26.08931149322597,2000
2091,SSP5-8.5,te,3.8883860799380425,23.92215054596185,21.24299398460501,22.53614701732356,25.511002515133075,26.581357876375336,2000
2092,SSP5-8.5,te,3.945003894303694,24.373935955297554,21.644181775577714,22.961756846402658,25.99279442977385,27.083364149841604,2000
2093,SSP5-8.5,te,3.9961325111305954,24.82842402979687,22.04776954725877,23.38991275340851,26.477468514128155,27.588373519112135,2000
2094,SSP5-8.5,te,4.0460750643859775,25.286769941149824,22.454783098111236,23.821702981598634,26.96625666362418,28.097669565779768,2000
2095,SSP5-8.5,te,4.0967872745192615,25.750055246013332,22.866182856066217,24.258146424311267,27.46031226932273,28.612454073292252,2000
2096,SSP5-8.5,te,4.150632215871937,26.210693552071305,23.275232065328048,24.692096230253178,27.951545068892052,29.12429733927994,2000
2097,SSP5-8.5,te,4.190951699094467,26.66598290659392,23.679531377833264,25.121006992654344,28.437073652370536,29.630197059567102,2000
2098,SSP5-8.5,te,4.226080539807343,27.12400168138447,24.086254429718498,25.55248903794716,28.925512937676856,30.139129604883834,2000
2099,SSP5-8.5,te,4.270389008766735,27.585263571800276,24.49585738513024,25.987026298965024,29.417410738584188,30.65166577341596,2000
2100,SSP5-8.5,te,4.31241979908946,28.04993205172675,24.90848540972813,26.424772778229908,29.91294138652204,31.16798721095001,2000
2101,SSP5-8.5,te,4.3641094798398505,28.518899063307366,25.324930552770127,26.866568740467912,30.413056064295734,31.689085008703934,2000
2102,SSP5-8.5,te,4.411577993382431,28.993854892114165,25.746693796626943,27.31400653934639,30.91955732219843,32.216837345883135,2000
2103,SSP5-8.5,te,4.460216901403128,29.475675714905222,26.174553190812368,27.767911587622244,31.43337953055089,32.75221779582603,2000
2104,SSP5-8.5,te,4.5040071035503635,29.954853122816704,26.600065218849515,28.21932637540754,31.944382754735862,33.28466098656245,2000
2105,SSP5-8.5,te,4.5511965486747314,30.435016244337845,27.026452565693823,28.671669766446186,32.456437161268624,33.8181994637018,2000
2106,SSP5-8.5,te,4.589539887956996,30.916016889346086,27.453583637746462,29.12480215646716,32.969384717593464,34.352668564176966,2000
2107,SSP5-8.5,te,4.629223262256404,31.39625206979667,27.88003497329453,29.577213431479063,33.481515969037254,34.88628711037984,2000
2108,SSP5-8.5,te,4.671697435928822,31.871725358617116,28.302257724332193,30.025138709730296,33.9885690554089,35.4146144288837,2000
2109,SSP5-8.5,te,4.707404804930306,32.347365442241596,28.724628590022498,30.473221119014475,34.495800014696144,35.943127083248946,2000
2110,SSP5-8.5,te,4.7462190056991345,32.821996026406666,29.146103014947485,30.920352517302064,35.00195442598665,36.470518021305494,2000
2111,SSP5-8.5,te,4.77594588603476,33.29970580303503,29.5703117787794,31.370384705546403,35.51139254233222,37.00133043757236,2000
2112,SSP5-8.5,te,4.817657062366482,33.77874586140467,29.995701839709717,31.821670101558915,36.02224929454759,37.53362101087087,2000
2113,SSP5-8.5,te,4.857719962181352,34.26101524542402,30.423959558596604,32.27599772228568,36.53654985649126,38.06949988450338,2000
2114,SSP5-8.5,te,4.892706282391094,34.74971574998246,30.85792814593837,32.736383856760035,37.057708678604,38.6125247677,2000
2115,SSP5-8.5,te,4.942579535428325,35.236654827168366,31.290332576620948,33.19511061758606,37.57698908355503,39.153592421705525,2000
2116,SSP5-8.5,te,4.9761215547809785,35.72613885359259,31.72499693545072,33.65623487817181,38.0989834671801,39.697487923748824,2000
2117,SSP5-8.5,te,5.0234542488204745,36.21542198865552,32.15948290170785,34.11716988665651,38.620763616720616,40.24116020317014,2000
2118,SSP5-8.5,te,5.053836698041858,36.70009364029349,32.58987384672227,34.57376059222274,39.13762599914706,40.77970838260618,2000
2119,SSP5-8.5,te,5.081046003855958,37.18187262517803,33.01769608862933,35.02762622660016,39.65140359081942,41.31504234390401,2000
2120,SSP5-8.5,te,5.111420346616944,37.663298596216165,33.44520485240651,35.481159300076484,40.16480472231081,41.84998405002527,2000
2121,SSP5-8.5,te,5.145216642157468,38.144748305730616,33.872734696074005,35.93471473666732,40.67823116893129,42.384952133412774,2000
2122,SSP5-8.5,te,5.177644385229858,38.626841036707,34.30083554614083,36.388875939289655,41.19234334495979,42.920634717094416,2000
2123,SSP5-8.5,te,5.210439817903417,39.11277867645903,34.732350695178646,36.846659284046325,41.71055579940003,43.46058961299864,2000
2124,SSP5-8.5,te,5.252335352694382,39.6029719339396,35.16764485487163,37.30845168420107,42.233306519510315,44.00527318484736,2000
2125,SSP5-8.5,te,5.294188345098916,40.09517653364851,35.60472509691435,37.772138893272476,42.75820217038455,44.552191681498535,2000
2126,SSP5-8.5,te,5.333389997955792,40.583812375909915,36.03863626380038,38.232464111859294,43.27929203548529,45.09514471448022,2000
2127,SSP5-8.5,te,5.361821151916355,41.07489061090716,36.47471628812653,38.69509021563046,43.802986511200245,45.64081163872604,2000
2128,SSP5-8.5,te,5.39408859580083,41.56456624390322,36.909550794587695,39.15639498147072,44.325185227446966,46.18492004649652,2000
2129,SSP5-8.5,te,5.424929099786181,42.05150320311272,37.34195334449621,39.61511974703182,44.84446337375065,46.72598534708952,2000
2130,SSP5-8.5,te,5.4579357640557085,42.53242662907485,37.76901584563467,40.06817939193013,45.357328582325195,47.26036864478136,2000
2131,SSP5-8.5,te,5.478913510911799,43.014835662692185,38.19739757409018,40.522638571224974,45.87177806905883,47.79640269158421,2000
2132,SSP5-8.5,te,5.511898779737037,43.49559396293841,38.62431344273492,40.975542657474705,46.384467184662725,48.33060250804009,2000
2133,SSP5-8.5,te,5.539104523766511,43.978689575067904,39.0533048564767,41.43064863623931,46.89964885080961,48.86739945402739,2000
2134,SSP5-8.5,te,5.572705473351193,44.464043789412486,39.48430192072121,41.887882358137844,47.41723913012357,49.406706070441864,2000
2135,SSP5-8.5,te,5.604794034205822,44.953980967696715,39.91936868075725,42.349433515833816,47.93971676287035,49.951105097105156,2000
2136,SSP5-8.5,te,5.641719505308026,45.44284568370723,40.35348308872171,42.80997434766362,48.46105070296668,50.494312445643544,2000
2137,SSP5-8.5,te,5.672496825902029,45.932451071328714,40.78825521692526,43.27121293801159,48.983174508309204,51.03834279950172,2000
2138,SSP5-8.5,te,5.705523981047367,46.42118443384903,41.22225298230791,43.731630026720524,49.50436837073099,51.5814041931802,2000
2139,SSP5-8.5,te,5.727851161427154,46.90488230329635,41.65177920367726,44.18730336916888,50.02019229468493,52.11887034393937,2000
2140,SSP5-8.5,te,5.752497012532589,47.390048521583935,42.08260932644632,44.64435998714144,50.537582091693864,52.65796806648952,2000
2141,SSP5-8.5,te,5.775914719811637,47.871077681499635,42.50976571988494,45.097519239970815,51.05056005681804,53.19246885161437,2000
2142,SSP5-8.5,te,5.795470963655953,48.3517166466368,42.93657561833278,45.55031090515888,51.56312191136064,53.726536067565334,2000
2143,SSP5-8.5,te,5.821623376752074,48.83101185915413,43.362192257472024,46.00183667217706,52.07425076445134,54.25911015817138,2000
2144,SSP5-8.5,te,5.848793823506787,49.30908180319284,43.78672085183577,46.45220816042265,52.584072969664405,54.79032277837524,2000
2145,SSP5-8.5,te,5.8796144524477665,49.787148244067694,44.21124633537179,46.902576348470994,53.093891439041855,55.321531506000476,2000
2146,SSP5-8.5,te,5.9091583670197,50.26568683368765,44.636191089446754,47.35338932987155,53.60421341615372,55.853264866841286,2000
2147,SSP5-8.5,te,5.932415253541499,50.74427337436536,45.06117842431014,47.80424748413751,54.11458652911778,56.38505150902165,2000
2148,SSP5-8.5,te,5.96096757733068,51.22113914052355,45.484637702459054,48.253484562259814,54.62312457783832,56.91492609387091,2000
2149,SSP5-8.5,te,5.984855923664425,51.698313223016285,45.90837076711505,48.70301209345946,55.13199142052623,57.44514326777008,2000
2150,SSP5-8.5,te,6.009791200479169,52.17435888287241,46.33110178660644,49.15147658066617,55.63965489344746,57.974106582578194,2000
2151,SSP5-8.5,te,6.028441504608441,52.64937718294529,46.75292050527213,49.59897323134537,56.14622277180816,58.50192833538444,2000
2152,SSP5-8.5,te,6.057363066520258,53.121781498592924,47.17241799218591,50.04400734684426,56.65000305115605,59.02684553095379,2000
2153,SSP5-8.5,te,6.079955302058288,53.59367465392534,47.59146156608379,50.488559917676355,57.15323822014429,59.551194745176936,2000
2154,SSP5-8.5,te,6.109240893012745,54.062768158366,48.00801903544276,50.93047504402067,57.65348779213096,60.072433096848656,2000
2155,SSP5-8.5,te,6.129226577689733,54.5330399269309,48.42562280946633,51.37350016812535,58.15499388572424,60.59498068952276,2000
2156,SSP5-8.5,te,6.153261600875571,55.0040025622404,48.84384007674886,51.81717613148027,58.65723673177731,61.11829594629744,2000
2157,SSP5-8.5,te,6.179711065972603,55.47799864931994,49.26475106496505,52.26370979422673,59.16271450420487,61.64498185601344,2000
2158,SSP5-8.5,te,6.209890798168322,55.95473358513194,49.68809416508673,52.7128236220622,59.671113033140834,62.174711067299945,2000
2159,SSP5-8.5,te,6.235836295677487,56.43170185405069,50.111644466219616,53.16215726413168,60.179760392609886,62.704699549206914,2000
2160,SSP5-8.5,te,6.266358270390076,56.90791066012227,50.534520360398055,53.61077544517498,60.687597847527655,63.23384414570755,2000
2161,SSP5-8.5,te,6.293047376185408,57.38206482599974,50.95557172340816,54.05745802793696,61.193244197968454,63.76070570639991,2000
2162,SSP5-8.5,te,6.314990012075206,57.847933820495456,51.369265811181435,54.49633546625909,61.69005509577919,64.2783611087604,2000
2163,SSP5-8.5,te,6.34206788466492,58.31315192622207,51.78238190634572,54.934599727059236,62.18617187434701,64.79529326898275,2000
2164,SSP5-8.5,te,6.35578476467653,58.77390725194637,52.19153502967929,55.3686597727724,62.67752946574875,65.30726656264596,2000
2165,SSP5-8.5,te,6.365862468403385,59.23460682377602,52.600638643264716,55.802667294864676,63.168827600215636,65.8191779047625,2000
2166,SSP5-8.5,te,6.383468880306376,59.693231263141236,53.0078995284393,56.23471991368814,63.65791277688769,66.32878344086161,2000
2167,SSP5-8.5,te,6.4081720464584295,60.15060386069862,53.41404877158394,56.665593220017534,64.14566296741599,66.83699797931465,2000
2168,SSP5-8.5,te,6.425798598490646,60.61115658709139,53.823021985658414,57.09946240461595,64.63680450332362,67.34874615252616,2000
2169,SSP5-8.5,te,6.454118406598851,61.0775352256692,54.2371686400247,57.53881995921936,65.1341588945563,67.8669678514539,2000
2170,SSP5-8.5,te,6.486204683733515,61.5498696274157,54.65660404303101,57.98378821149447,65.63786461648908,68.39180736143128,2000
2171,SSP5-8.5,te,6.506022511195588,62.01883234073715,55.073045369196514,58.4255801245062,66.13797471052354,68.91290038312775,2000
2172,SSP5-8.5,te,6.531421061215337,62.48561274098223,55.48754879001092,58.86531616347633,66.63575754747157,69.43156850390365,2000
2173,SSP5-8.5,te,6.554138006465327,62.94174251792144,55.89259440198891,59.2950186558309,67.12218237221157,69.93840206870367,2000
2174,SSP5-8.5,te,6.576907129836155,63.39611401876604,56.296078655658874,59.723064743236066,67.60673214036811,70.44328190588934,2000
2175,SSP5-8.5,te,6.589808472359773,63.846108657868456,56.69567623335954,60.146987555875135,68.08661434610383,70.94329834552546,2000
2176,SSP5-8.5,te,6.6019459723619525,64.29056979214059,57.090360030018765,60.565697464342534,68.56059552486576,71.43716617105929,2000
2177,SSP5-8.5,te,6.614660280653371,64.7335200826945,57.48370218960583,60.982984064479496,69.03296551328668,71.92935520615612,2000
2178,SSP5-8.5,te,6.633380513903446,65.1761130835485,57.87672707408291,61.39993407559661,69.5049544816812,72.42114723491521,2000
2179,SSP5-8.5,te,6.656222740533219,65.6185531852873,58.269616183351204,61.81674004628006,69.9767803957673,72.91276936815875,2000
2180,SSP5-8.5,te,6.678128541842929,66.06456149217925,58.665673877335976,62.23690748715262,70.4524115066505,73.40835635138393,2000
2181,SSP5-8.5,te,6.696941578395637,66.51279336030595,59.06370610525082,62.659169660385956,70.93041386238241,73.90641406886968,2000
2182,SSP5-8.5,te,6.7157318628045894,66.96068999848049,59.4614406472263,63.081116026247706,71.40805872299129,74.40409929194641,2000
2183,SSP5-8.5,te,6.740051518028006,67.4051545645616,59.85612749134972,63.499829167691644,71.88204356149471,74.89797093077215,2000
2184,SSP5-8.5,te,6.752856505124103,67.8444547789841,60.24622836436628,63.91367717010875,72.35052104446596,75.38610414405906,2000
2185,SSP5-8.5,te,6.764235939605002,68.28203558727347,60.63480239580254,64.32590538548685,72.81716492246495,75.8723268205122,2000
2186,SSP5-8.5,te,6.780215887890567,68.71536981370497,61.01960544048372,64.73413305781654,73.27928017080554,76.3538308613269,2000
2187,SSP5-8.5,te,6.791466420090469,69.14408920429977,61.40031048696319,65.13801326904834,73.73647407696112,76.83020707708756,2000
2188,SSP5-8.5,te,6.797450315162923,69.57163710314276,61.77997524267993,65.54078986251392,74.19241868368731,77.30528157704117,2000
2189,SSP5-8.5,te,6.815445705376506,69.99757015013014,62.158206001558135,65.94204516554372,74.64664118396364,77.77856171678421,2000
2190,SSP5-8.5,te,6.829200321021954,70.42315721343998,62.53612952513292,66.34297453052677,75.10049472115483,78.25145741299929,2000
2191,SSP5-8.5,te,6.843984002787081,70.85262997605662,62.91750356988228,66.74756446485016,75.55849203649836,78.72867074627946,2000
2192,SSP5-8.5,te,6.867009546309087,71.28382791911426,63.300409583827324,67.15377962596804,76.01832911463765,79.20780103257835,2000
2193,SSP5-8.5,te,6.882591514817378,71.7125325730336,63.68110154406241,67.5576459543391,76.47550730534309,79.68416087352172,2000
2194,SSP5-8.5,te,6.901731489455996,72.13949169217892,64.06024346034835,67.95986788087363,76.93082402703365,80.15858114450775,2000
2195,SSP5-8.5,te,6.9115909677334715,72.56565211145758,64.43867612700261,68.36133738268016,77.38528900112449,80.63211393144628,2000
2196,SSP5-8.5,te,6.931368135384477,72.98248709567417,64.8088277588667,68.75402174724931,77.82980916708172,81.09528465974539,2000
2197,SSP5-8.5,te,6.9433891919162045,73.39984606572388,65.17944469287322,69.14719973891724,78.27488812075669,81.5590376206045,2000
2198,SSP5-8.5,te,6.9547094681026,73.8109600657551,65.5445160610544,69.53449458215397,78.7133073284551,82.01585141507593,2000
2199,SSP5-8.5,te,6.960917768280012,74.22056620924096,65.90824844478844,69.92036893116205,79.15011853138627,82.47098973834002,2000
2200,SSP5-8.5,te,6.970768341443509,74.62839742784405,66.27040468600404,70.30457119103139,79.58503692317313,82.9241558345076,2000
2201,SSP5-8.5,te,6.9858294774921905,75.03344330312505,66.63008752787695,70.68614948502946,80.01698497580264,83.3742269661355,2000
2202,SSP5-8.5,te,6.99429547605429,75.44230085505531,66.99315515841992,71.07131861444114,80.4529978675192,83.82853348374712,2000
2203,SSP5-8.5,te,7.015072825093854,75.85542899606197,67.36001509425279,71.4605109031876,80.89356499061475,84.28758531287933,2000
2204,SSP5-8.5,te,7.048072466356301,76.27039723529245,67.72850904686956,71.8514366783954,81.33609442685292,84.74868178717507,2000
2205,SSP5-8.5,te,7.062495905426287,76.68283108051685,68.09475244444019,72.23997489752578,81.77592114070248,85.20696214199417,2000
2206,SSP5-8.5,te,7.078679378704682,77.09278471121434,68.45879339862373,72.62617660100281,82.213102910114,85.66248657945445,2000
2207,SSP5-8.5,te,7.084990713011064,77.4916026068639,68.81294576222326,73.00188775256629,82.63840933561482,86.10563742374814,2000
2208,SSP5-8.5,te,7.089441806732302,77.88971510199886,69.16647172650056,73.37693437316825,83.06296350958762,86.54800445458454,2000
2209,SSP5-8.5,te,7.096858454906249,78.27877477367747,69.51195873651004,73.74345267354492,83.47786359324272,86.98031234213356,2000
2210,SSP5-8.5,te,7.094516093639992,78.66650264343104,69.85626309949004,74.10871633404619,83.89134341987732,87.41114038348222,2000
2211,SSP5-8.5,te,7.104821898367752,79.05257595417697,70.19909820547414,74.47242129751587,84.30305879565603,87.84012994358626,2000
2212,SSP5-8.5,te,7.1149564353894545,79.43669535817051,70.54019823210957,74.8342855598435,84.71269049087351,88.26694839894188,2000
2213,SSP5-8.5,te,7.128185242059944,79.8212875300116,70.88171807905017,75.19659519875619,85.12282635404719,88.6942921754355,2000
2214,SSP5-8.5,te,7.1387012376272105,80.20537767453345,71.22279212312272,75.55843189684981,85.53242684644891,89.12107811881079,2000
2215,SSP5-8.5,te,7.151785987242407,80.58637333911605,71.56111825293027,75.91735340323778,85.93872733096211,89.5444255971305,2000
2216,SSP5-8.5,te,7.1599873323527925,80.96437492253608,71.89678562310814,76.27345429978418,86.34183487460977,89.96444616958779,2000
2217,SSP5-8.5,te,7.1663441101175644,81.33938194873699,72.22979381091571,76.62673413801426,86.74174896971687,90.38113930720723,2000
2218,SSP5-8.5,te,7.16903600574906,81.71334325041947,72.56187338991732,76.97902883899918,87.1405478857865,90.7966704766495,2000
2219,SSP5-8.5,te,7.180590856775595,82.08405418465567,72.89106662573768,77.32826149259463,87.53588055278553,91.20858996493652,2000
2220,SSP5-8.5,te,7.1899779300695466,82.45304736183562,73.21873448436659,77.67587591268367,87.92938137341694,91.61860074877956,2000
2221,SSP5-8.5,te,7.192227004571489,82.82098527254371,73.54546526088534,78.02249620641656,88.32175683930379,92.02743896180002,2000
2222,SSP5-8.5,te,7.203934109479578,83.186614010518,73.87014548001795,78.36694111645573,88.71166976273204,92.43371131241118,2000
2223,SSP5-8.5,te,7.213171118891374,83.54929648760665,74.19220940417533,78.70861046631512,89.09844074168008,92.83670989318098,2000
2224,SSP5-8.5,te,7.2215205920334276,83.91021103887931,74.51270340102194,79.04861432059003,89.48332637341186,93.2377440239435,2000
2225,SSP5-8.5,te,7.2235705486874995,84.27080809252479,74.83291545832586,79.38831907244145,89.86787342008412,93.63842536376288,2000
2226,SSP5-8.5,te,7.2324969141010715,84.63042784606414,75.15225966805751,79.72710314708078,90.25137825671689,94.03802076593533,2000
2227,SSP5-8.5,te,7.246529815759302,84.98817342655694,75.4699396023856,80.0641216346659,90.63288444221618,94.43553366033419,2000
2228,SSP5-8.5,te,7.252379627521919,85.34454916130491,75.78640310657454,80.39984964274178,91.0129298000957,94.83152443572838,2000
2229,SSP5-8.5,te,7.2632171310775,85.69958613988814,76.10167778833298,80.73431645961784,91.39154748483104,95.22602763764311,2000
2230,SSP5-8.5,te,7.271621947313981,86.05102095449746,76.41375372976572,81.06538981499301,91.76632375848496,95.61652825586302,2000
2231,SSP5-8.5,te,7.278627167452372,86.40107668648002,76.72460503866016,81.39516398914424,92.13962935414561,96.0054964914164,2000
2232,SSP5-8.5,te,7.279264089930073,86.74953985765347,77.03404214528113,81.7234378724057,92.51123661492083,96.39269513569805,2000
2233,SSP5-8.5,te,7.280722184457256,87.09427327653836,77.34016721249003,82.04819809807384,92.87886640218957,96.77574942514079,2000
2234,SSP5-8.5,te,7.288982816774306,87.43487617577486,77.64262435678893,82.36906711848121,93.24209133058342,97.15421404273197,2000
2235,SSP5-8.5,te,7.2980039878624225,87.7725388293465,77.94247054765988,82.68716624541922,93.60218072923435,97.52941157435981,2000
2236,SSP5-8.5,te,7.3043741272263665,88.10743766178989,78.2398624510081,83.00266168172513,93.95932274037435,97.90153805606778,2000
2237,SSP5-8.5,te,7.31312588227286,88.44092784912797,78.53600347018345,83.31683008712187,94.31496254757346,98.27209930643956,2000
2238,SSP5-8.5,te,7.312612975895703,88.77946115222201,78.83662280235419,83.63574941981854,94.67598042220371,98.64826426975772,2000
2239,SSP5-8.5,te,7.3310520869894145,89.11864530485533,79.13782009229766,83.95528189308028,95.0376923742415,99.02515243162341,2000
2240,SSP5-8.5,te,7.335212262905988,89.45464892560369,79.43619305340118,84.27181810837537,95.39601255108082,99.39850651087771,2000
2241,SSP5-8.5,te,7.345193497716741,89.78706849023192,79.73138335404721,84.58497792088899,95.75051062737276,99.76787812717593,2000
2242,SSP5-8.5,te,7.351439212696151,90.11735240859377,80.02467718971188,84.89612582238554,96.10273121288613,100.1348766968873,2000
2243,SSP5-8.5,te,7.349425889177231,90.44489222929045,80.3155342523915,85.20468861397343,96.45202544433681,100.49882613261944,2000
2244,SSP5-8.5,te,7.350507135584997,90.76506992500333,80.59985370983182,85.50631582798124,96.79346857608729,100.85459506306846,2000
2245,SSP5-8.5,te,7.349181231872608,91.08167372696923,80.88099953105483,85.80457621279233,97.13110044462418,101.20639282259295,2000
2246,SSP5-8.5,te,7.353231645532587,91.39435622609855,81.1586632149838,86.09914248753354,97.46455056677772,101.55383338380281,2000
2247,SSP5-8.5,te,7.356303617760265,91.70472364801176,81.4342710983157,86.39152781619306,97.79553184982876,101.8987015217736,2000
2248,SSP5-8.5,te,7.358891036254669,92.01429617342319,81.70917310942374,86.68316430312983,98.12566544125542,102.24268640184721,2000
2249,SSP5-8.5,te,7.368516544587208,92.3284041239136,81.98810260156803,86.97907344131377,98.46063568983688,102.59171086884729,2000
2250,SSP5-8.5,te,7.380547257275471,92.64416623971954,82.26850100110758,87.27654090564694,98.79736996943403,102.94257337963676,2000
2251,SSP5-8.5,te,7.383332920033877,92.95818474620087,82.54735106650703,87.57236578203617,99.13224483334946,103.2914984599529,2000
2252,SSP5-8.5,te,7.388545884688615,93.26717855624852,82.82173917536501,87.86345708326752,99.46176127252329,103.63484029415298,2000
2253,SSP5-8.5,te,7.391045132739745,93.57056806431848,83.09115063494679,88.14926878503077,99.78530118539891,103.9719548472301,2000
2254,SSP5-8.5,te,7.3830128099047565,93.8677334904483,83.3550350774253,88.42921701622598,100.1022036277125,104.30215344393511,2000
2255,SSP5-8.5,te,7.387115574383927,94.15977042339816,83.6143653913123,88.70433388930147,100.4136369546068,104.62665345963998,2000
2256,SSP5-8.5,te,7.3844725960224125,94.44995705918268,83.87205263170233,88.97770766788119,100.72309709202774,104.9490974975165,2000
2257,SSP5-8.5,te,7.383639947861127,94.7368945805205,84.12685464158123,89.24802057947464,101.02909231659883,105.26793124652193,2000
2258,SSP5-8.5,te,7.384242666887389,95.02084829103221,84.37900701194262,89.51552255651937,101.33190555277203,105.58344950166101,2000
2259,SSP5-8.5,te,7.381447692341897,95.30315024623798,84.62969261500979,89.78146847779311,101.6329573280062,105.89713239091914,2000
2260,SSP5-8.5,te,7.380625739760694,95.58521668851046,84.88016908136849,90.04719253130129,101.9337579481019,106.2105535874188,2000
2261,SSP5-8.5,te,7.388511301710085,95.86541573707129,85.12898729240824,90.3111573843085,102.23256714666618,106.52189980907666,2000
2262,SSP5-8.5,te,7.384204774050025,96.14637459191846,85.37848021537822,90.57583802188284,102.53218661603138,106.83409029775703,2000
2263,SSP5-8.5,te,7.389791426726607,96.42477925188854,85.62570500002572,90.83811244973326,102.82908224701053,107.14344266500751,2000
2264,SSP5-8.5,te,7.39235440037691,96.70047867719654,85.87052752223687,91.09783837903029,103.12309296811773,107.44978908132754,2000
2265,SSP5-8.5,te,7.395262333168682,96.97438898188383,86.11376129604052,91.35587884592444,103.41519573949577,107.75414749680236,2000
2266,SSP5-8.5,te,7.4006968001478945,97.24359038828146,86.35281354369545,91.6094832390659,103.70227685883296,108.05327356870507,2000
2267,SSP5-8.5,te,7.400439306799472,97.51035629122919,86.58970305163199,91.86079323715694,103.98676071441174,108.34969340444869,2000
2268,SSP5-8.5,te,7.399911401776155,97.77599156557227,86.82558855549281,92.11103811309654,104.27003884774071,108.64485692991586,2000
2269,SSP5-8.5,te,7.403330993416088,98.03921926998464,87.05933612474541,92.35901490909036,104.55074950610793,108.93734525785771,2000
2270,SSP5-8.5,te,7.4040630935581495,98.30101977628479,87.29181633465862,92.60564719609376,104.82993817528106,109.22824773908783,2000
2271,SSP5-8.5,te,7.402092949763769,98.56225062807161,87.52379068840409,92.85174283327393,105.10851935485184,109.51851724250703,2000
2272,SSP5-8.5,te,7.4013153226667105,98.82368417093045,87.75594503287466,93.09802941799408,105.3873166877504,109.80901196831638,2000
2273,SSP5-8.5,te,7.40833467279932,99.08390650788404,87.98702382020791,93.3431749717565,105.66482236934712,110.09816084950495,2000
2274,SSP5-8.5,te,7.41379733211296,99.34248331402443,88.21664136762888,93.5867703336055,105.94057322791346,110.38548128122542,2000
2275,SSP5-8.5,te,7.416422197633253,99.59937430948811,88.44476190640943,93.82877755741562,106.21452630829381,110.67092850606915,2000
2276,SSP5-8.5,te,7.417637947136342,99.85618185585663,88.67280834195986,94.07070616701114,106.4883903970899,110.95628300554276,2000
2277,SSP5-8.5,te,7.420580607314838,100.11090815876682,88.89900662250515,94.31067411640323,106.76003501121968,111.23932490870162,2000
2278,SSP5-8.5,te,7.418322963725158,100.36214772948613,89.1221086667478,94.5473573481813,107.02796131275377,111.5184924914474,2000
2279,SSP5-8.5,te,7.419821578717986,100.61197071247528,89.34395277372552,94.78270606660578,107.29437694019202,111.79608601732289,2000
2280,SSP5-8.5,te,7.420520876799646,100.8599946741517,89.56419934042975,95.01635999556255,107.55887405962882,112.0716805410916,2000
2281,SSP5-8.5,te,7.418631116595542,101.10778837653305,89.78424143568353,95.24979700600623,107.8231256264994,112.34701920973912,2000
2282,SSP5-8.5,te,7.421817746645316,101.35378993611823,90.00269209882232,95.48154570697068,108.08546602073974,112.62036651941835,2000
2283,SSP5-8.5,te,7.421512220147265,101.60005651456544,90.22137810008765,95.7135440721125,108.34808903576048,112.89400830768982,2000
2284,SSP5-8.5,te,7.427359381523998,101.84429639429857,90.4382643823641,95.94363316157724,108.60855074359047,113.16539810763254,2000
2285,SSP5-8.5,te,7.437580958016404,102.08541883122186,90.65238235922716,96.17078542689043,108.86568795552243,113.43332392707623,2000
2286,SSP5-8.5,te,7.44447375785462,102.32370215419417,90.86397918814968,96.3952630710706,109.11979748635171,113.69809503416084,2000
2287,SSP5-8.5,te,7.444262457715933,102.56238300268197,91.07592902179549,96.62011520890016,109.37433094538949,113.96330785604746,2000
2288,SSP5-8.5,te,7.443507288348442,102.79996175641712,91.28690018957447,96.84392910523364,109.62768911117956,114.22729607335776,2000
2289,SSP5-8.5,te,7.443830003663494,103.0370623271321,91.49744672834687,97.06729252355419,109.88053733417809,114.49075295240212,2000
2290,SSP5-8.5,te,7.450734473618776,103.27124146822462,91.70539902243473,97.28790377428228,110.13027009319255,114.75096365313333,2000
2291,SSP5-8.5,te,7.4522533967703835,103.50409778908858,91.91217664528625,97.50726884644924,110.37859217342576,115.00970448777394,2000
2292,SSP5-8.5,te,7.455016358737552,103.73493780730769,92.11716378091242,97.72473443668004,110.62476403301949,115.26620488579135,2000
2293,SSP5-8.5,te,7.452878628116129,103.96578287177402,92.32215539763236,97.94220478078819,110.87094127402015,115.52271089100127,2000
2294,SSP5-8.5,te,7.454580327593074,104.19590884496625,92.52650845756446,98.15899769639168,111.11635166342579,115.7784178701175,2000
2295,SSP5-8.5,te,7.462917348942109,104.42550320378356,92.73038944116936,98.37528979833766,111.36119512990238,116.03353414013652,2000
2296,SSP5-8.5,te,7.46551324668946,104.65634406125696,92.93537732205769,98.59275617919795,111.60736788449167,116.29003547070045,2000
2297,SSP5-8.5,te,7.480334069080986,104.8885115725167,93.1415432784016,98.81147235006827,111.85495540603577,116.54801092705439,2000
2298,SSP5-8.5,te,7.480585771213185,105.12188771164371,93.34878250257171,99.03132712322491,112.10383182961657,116.80732936341417,2000
2299,SSP5-8.5,te,7.490148770300169,105.35282796315,93.55385864587772,99.24888713941846,112.35011057975248,117.06394113673927,2000
2300,SSP5-8.5,te,7.498358103251911,105.58343299981902,93.75863711666645,99.46613136247959,112.59603185088416,117.32018043245043,2000
1990,SSP5-8.5,lws,0.5557397132233756,-0.24584167316555972,-0.24584167316555972,-0.24584167316555972,-0.24584167316555972,-0.24584167316555972,2000
1991,SSP5-8.5,lws,0.5885637306361448,-0.1757194311916827,-0.1757194311916827,-0.1757194311916827,-0.1757194311916827,-0.1757194311916827,2000
1992,SSP5-8.5,lws,0.5090689778394178,-0.003778270035982162,-0.003778270035982162,-0.003778270035982162,-0.003778270035982162,-0.003778270035982162,2000
1993,SSP5-8.5,lws,0.3084522979487564,-0.2615778715908528,-0.2615778715908528,-0.2615778715908528,-0.2615778715908528,-0.2615778715908528,2000
1994,SSP5-8.5,lws,0.332676813580452,-0.27164194896817206,-0.27164194896817206,-0.27164194896817206,-0.27164194896817206,-0.27164194896817206,2000
1995,SSP5-8.5,lws,0.4547856293863089,-0.14735181644558906,-0.14735181644558906,-0.14735181644558906,-0.14735181644558906,-0.14735181644558906,2000
1996,SSP5-8.5,lws,0.5463394857269461,-0.1586974175274372,-0.1586974175274372,-0.1586974175274372,-0.1586974175274372,-0.1586974175274372,2000
1997,SSP5-8.5,lws,0.600043540445978,-0.23735091999173166,-0.23735091999173166,-0.23735091999173166,-0.23735091999173166,-0.23735091999173166,2000
1998,SSP5-8.5,lws,0.6466075693928761,-0.1313090594112873,-0.1313090594112873,-0.1313090594112873,-0.1313090594112873,-0.1313090594112873,2000
1999,SSP5-8.5,lws,0.686007840655961,-0.2087992461025715,-0.2087992461025715,-0.2087992461025715,-0.2087992461025715,-0.2087992461025715,2000
2000,SSP5-8.5,lws,0.7295563669080296,-0.32454231098294256,-0.32454231098294256,-0.32454231098294256,-0.32454231098294256,-0.32454231098294256,2000
2001,SSP5-8.5,lws,0.7655239205849365,-0.09254472568631175,-0.09254472568631175,-0.09254472568631175,-0.09254472568631175,-0.09254472568631175,2000
2002,SSP5-8.5,lws,0.7999498588212678,0.09316616937518121,0.09316616937518121,0.09316616937518121,0.09316616937518121,0.09316616937518121,2000
2003,SSP5-8.5,lws,0.8301407393993533,0.1727743773162365,0.1727743773162365,0.1727743773162365,0.1727743773162365,0.1727743773162365,2000
2004,SSP5-8.5,lws,0.8359312010698448,-0.09635720565915114,-0.09635720565915114,-0.09635720565915114,-0.09635720565915114,-0.09635720565915114,2000
2005,SSP5-8.5,lws,0.843916603443868,0.05936951324343681,0.05936951324343681,0.05936951324343681,0.05936951324343681,0.05936951324343681,2000
2006,SSP5-8.5,lws,0.8516506513236204,0.08149288579821579,0.08149288579821579,0.08149288579821579,0.08149288579821579,0.08149288579821579,2000
2007,SSP5-8.5,lws,0.8597675192449368,0.005451270788908016,0.005451270788908016,0.005451270788908016,0.005451270788908016,0.005451270788908016,2000
2008,SSP5-8.5,lws,0.8671015531069908,0.028783222883939724,0.028783222883939724,0.028783222883939724,0.028783222883939724,0.028783222883939724,2000
2009,SSP5-8.5,lws,0.8915919796329949,0.13125301286578184,0.13125301286578184,0.13125301286578184,0.13125301286578184,0.13125301286578184,2000
2010,SSP5-8.5,lws,0.91224213325433,0.1817515341937542,0.1817515341937542,0.1817515341937542,0.1817515341937542,0.1817515341937542,2000
2011,SSP5-8.5,lws,0.9463726707864436,-0.09823055580258364,-0.09823055580258364,-0.09823055580258364,-0.09823055580258364,-0.09823055580258364,2000
2012,SSP5-8.5,lws,0.9634454159642772,0.3081764189898968,0.3081764189898968,0.3081764189898968,0.3081764189898968,0.3081764189898968,2000
2013,SSP5-8.5,lws,1.0010392042679888,0.2743758557736874,0.2743758557736874,0.2743758557736874,0.2743758557736874,0.2743758557736874,2000
2014,SSP5-8.5,lws,1.034758969518629,0.1585889963805676,0.1585889963805676,0.1585889963805676,0.1585889963805676,0.1585889963805676,2000
2015,SSP5-8.5,lws,1.0655474016558886,0.5689081160724163,0.5689081160724163,0.5689081160724163,0.5689081160724163,0.5689081160724163,2000
2016,SSP5-8.5,lws,1.0982433117141364,0.7298510758578777,0.7298510758578777,0.7298510758578777,0.7298510758578777,0.7298510758578777,2000
2017,SSP5-8.5,lws,1.1215083354395925,0.5100206343829632,0.5100206343829632,0.5100206343829632,0.5100206343829632,0.5100206343829632,2000
2018,SSP5-8.5,lws,1.1514531927883527,0.4350231377780437,0.4350231377780437,0.4350231377780437,0.4350231377780437,0.4350231377780437,2000
2019,SSP5-8.5,lws,1.172690213058829,0.5583970049159653,0.5583970049159653,0.5583970049159653,0.5583970049159653,0.5583970049159653,2000
2020,SSP5-8.5,lws,1.183004264307409,0.33010642546032465,0.33010642546032465,0.33010642546032465,0.33010642546032465,0.33010642546032465,2000
2021,SSP5-8.5,lws,1.2100067371777328,0.4152830854228824,0.4152830854228824,0.4152830854228824,0.4152830854228824,0.4152830854228824,2000
2022,SSP5-8.5,lws,1.2401553910866456,0.40877598515753566,0.40877598515753566,0.40877598515753566,0.40877598515753566,0.40877598515753566,2000
2023,SSP5-8.5,lws,1.2795255652495054,0.5038468232151402,0.5038468232151402,0.5038468232151402,0.5038468232151402,0.5038468232151402,2000
2024,SSP5-8.5,lws,1.3120856196879593,0.5338468232151401,0.5338468232151401,0.5338468232151401,0.5338468232151401,0.5338468232151401,2000
2025,SSP5-8.5,lws,1.3440833095342744,0.5638468232151401,0.5638468232151401,0.5638468232151401,0.5638468232151401,0.5638468232151401,2000
2026,SSP5-8.5,lws,1.3737105932007283,0.5938468232151402,0.5938468232151402,0.5938468232151402,0.5938468232151402,0.5938468232151402,2000
2027,SSP5-8.5,lws,1.397236727952544,0.6238468232151401,0.6238468232151401,0.6238468232151401,0.6238468232151401,0.6238468232151401,2000
2028,SSP5-8.5,lws,1.414495288828333,0.6538468232151401,0.6538468232151401,0.6538468232151401,0.6538468232151401,0.6538468232151401,2000
2029,SSP5-8.5,lws,1.431963114692015,0.6838468232151401,0.6838468232151401,0.6838468232151401,0.6838468232151401,0.6838468232151401,2000
2030,SSP5-8.5,lws,1.4560076990695092,0.7138468232151401,0.7138468232151401,0.7138468232151401,0.7138468232151401,0.7138468232151401,2000
2031,SSP5-8.5,lws,1.4757149556522156,0.7438468232151402,0.7438468232151402,0.7438468232151402,0.7438468232151402,0.7438468232151402,2000
2032,SSP5-8.5,lws,1.50669897344732,0.7738468232151402,0.7738468232151402,0.7738468232151402,0.7738468232151402,0.7738468232151402,2000
2033,SSP5-8.5,lws,1.5287022346898986,0.8038468232151401,0.8038468232151401,0.8038468232151401,0.8038468232151401,0.8038468232151401,2000
2034,SSP5-8.5,lws,1.5585886384487002,0.8338468232151401,0.8338468232151401,0.8338468232151401,0.8338468232151401,0.8338468232151401,2000
2035,SSP5-8.5,lws,1.5911059353937131,0.8638468232151402,0.8638468232151402,0.8638468232151402,0.8638468232151402,0.8638468232151402,2000
2036,SSP5-8.5,lws,1.630594131489448,0.8938468232151401,0.8938468232151401,0.8938468232151401,0.8938468232151401,0.8938468232151401,2000
2037,SSP5-8.5,lws,1.6632419647309475,0.9238468232151401,0.9238468232151401,0.9238468232151401,0.9238468232151401,0.9238468232151401,2000
2038,SSP5-8.5,lws,1.690334066834702,0.9538468232151401,0.9538468232151401,0.9538468232151401,0.9538468232151401,0.9538468232151401,2000
2039,SSP5-8.5,lws,1.7289730967413743,0.9838468232151402,0.9838468232151402,0.9838468232151402,0.9838468232151402,0.9838468232151402,2000
2040,SSP5-8.5,lws,1.7574188806603228,1.0138468232151403,1.0138468232151403,1.0138468232151403,1.0138468232151403,1.0138468232151403,2000
2041,SSP5-8.5,lws,1.7754810697663423,1.04384682321514,1.04384682321514,1.04384682321514,1.04384682321514,1.04384682321514,2000
2042,SSP5-8.5,lws,1.8132263000160829,1.0738468232151401,1.0738468232151401,1.0738468232151401,1.0738468232151401,1.0738468232151401,2000
2043,SSP5-8.5,lws,1.842687274458409,1.1038468232151402,1.1038468232151402,1.1038468232151402,1.1038468232151402,1.1038468232151402,2000
2044,SSP5-8.5,lws,1.8744435758640963,1.1338468232151402,1.1338468232151402,1.1338468232151402,1.1338468232151402,1.1338468232151402,2000
2045,SSP5-8.5,lws,1.916105045338041,1.1638468232151402,1.1638468232151402,1.1638468232151402,1.1638468232151402,1.1638468232151402,2000
2046,SSP5-8.5,lws,1.9558020518450927,1.1938468232151402,1.1938468232151402,1.1938468232151402,1.1938468232151402,1.1938468232151402,2000
2047,SSP5-8.5,lws,1.9998314811536861,1.22384682321514,1.22384682321514,1.22384682321514,1.22384682321514,1.22384682321514,2000
2048,SSP5-8.5,lws,2.0366870303301394,1.25384682321514,1.25384682321514,1.25384682321514,1.25384682321514,1.25384682321514,2000
2049,SSP5-8.5,lws,2.082483355924539,1.28384682321514,1.28384682321514,1.28384682321514,1.28384682321514,1.28384682321514,2000
2050,SSP5-8.5,lws,2.122351404993238,1.3138468232151401,1.3138468232151401,1.3138468232151401,1.3138468232151401,1.3138468232151401,2000
2051,SSP5-8.5,lws,2.155441775586654,1.3438468232151402,1.3438468232151402,1.3438468232151402,1.3438468232151402,1.3438468232151402,2000
2052,SSP5-8.5,lws,2.192318354959954,1.3738468232151402,1.3738468232151402,1.3738468232151402,1.3738468232151402,1.3738468232151402,2000
2053,SSP5-8.5,lws,2.2236749909165563,1.40384682321514,1.40384682321514,1.40384682321514,1.40384682321514,1.40384682321514,2000
2054,SSP5-8.5,lws,2.2604930108012273,1.43384682321514,1.43384682321514,1.43384682321514,1.43384682321514,1.43384682321514,2000
2055,SSP5-8.5,lws,2.292541788062364,1.46384682321514,1.46384682321514,1.46384682321514,1.46384682321514,1.46384682321514,2000
2056,SSP5-8.5,lws,2.335864279351812,1.4938468232151403,1.4938468232151403,1.4938468232151403,1.4938468232151403,1.4938468232151403,2000
2057,SSP5-8.5,lws,2.379963412280688,1.5238468232151403,1.5238468232151403,1.5238468232151403,1.5238468232151403,1.5238468232151403,2000
2058,SSP5-8.5,lws,2.4263226710090553,1.5538468232151406,1.5538468232151406,1.5538468232151406,1.5538468232151406,1.5538468232151406,2000
2059,SSP5-8.5,lws,2.4684306913003575,1.5838468232151408,1.5838468232151408,1.5838468232151408,1.5838468232151408,1.5838468232151408,2000
2060,SSP5-8.5,lws,2.509349831896528,1.6138468232151408,1.6138468232151408,1.6138468232151408,1.6138468232151408,1.6138468232151408,2000
2061,SSP5-8.5,lws,2.546191246187096,1.643846823215141,1.643846823215141,1.643846823215141,1.643846823215141,1.643846823215141,2000
2062,SSP5-8.5,lws,2.5901533307300575,1.6738468232151413,1.6738468232151413,1.6738468232151413,1.6738468232151413,1.6738468232151413,2000
2063,SSP5-8.5,lws,2.6231078333459457,1.7038468232151414,1.7038468232151414,1.7038468232151414,1.7038468232151414,1.7038468232151414,2000
2064,SSP5-8.5,lws,2.6667128482541567,1.7338468232151416,1.7338468232151416,1.7338468232151416,1.7338468232151416,1.7338468232151416,2000
2065,SSP5-8.5,lws,2.7018268187789163,1.7638468232151416,1.7638468232151416,1.7638468232151416,1.7638468232151416,1.7638468232151416,2000
2066,SSP5-8.5,lws,2.736966561097795,1.7938468232151419,1.7938468232151419,1.7938468232151419,1.7938468232151419,1.7938468232151419,2000
2067,SSP5-8.5,lws,2.781365410279771,1.8238468232151421,1.8238468232151421,1.8238468232151421,1.8238468232151421,1.8238468232151421,2000
2068,SSP5-8.5,lws,2.8203622068807586,1.8538468232151422,1.8538468232151422,1.8538468232151422,1.8538468232151422,1.8538468232151422,2000
2069,SSP5-8.5,lws,2.861754603125484,1.8838468232151424,1.8838468232151424,1.8838468232151424,1.8838468232151424,1.8838468232151424,2000
2070,SSP5-8.5,lws,2.913142057073008,1.9138468232151424,1.9138468232151424,1.9138468232151424,1.9138468232151424,1.9138468232151424,2000
2071,SSP5-8.5,lws,2.9616454919219586,1.9438468232151427,1.9438468232151427,1.9438468232151427,1.9438468232151427,1.9438468232151427,2000
2072,SSP5-8.5,lws,3.015445536729185,1.973846823215143,1.973846823215143,1.973846823215143,1.973846823215143,1.973846823215143,2000
2073,SSP5-8.5,lws,3.053783248081748,2.003846823215143,2.003846823215143,2.003846823215143,2.003846823215143,2.003846823215143,2000
2074,SSP5-8.5,lws,3.103983019720375,2.033846823215143,2.033846823215143,2.033846823215143,2.033846823215143,2.033846823215143,2000
2075,SSP5-8.5,lws,3.1560586725905786,2.063846823215143,2.063846823215143,2.063846823215143,2.063846823215143,2.063846823215143,2000
2076,SSP5-8.5,lws,3.1936521239750184,2.0938468232151433,2.0938468232151433,2.0938468232151433,2.0938468232151433,2.0938468232151433,2000
2077,SSP5-8.5,lws,3.2353592105802793,2.1238468232151435,2.1238468232151435,2.1238468232151435,2.1238468232151435,2.1238468232151435,2000
2078,SSP5-8.5,lws,3.278269887349176,2.1538468232151438,2.1538468232151438,2.1538468232151438,2.1538468232151438,2.1538468232151438,2000
2079,SSP5-8.5,lws,3.3243722342455455,2.183846823215144,2.183846823215144,2.183846823215144,2.183846823215144,2.183846823215144,2000
2080,SSP5-8.5,lws,3.3694994449712734,2.213846823215144,2.213846823215144,2.213846823215144,2.213846823215144,2.213846823215144,2000
2081,SSP5-8.5,lws,3.426141490541102,2.243846823215144,2.243846823215144,2.243846823215144,2.243846823215144,2.243846823215144,2000
2082,SSP5-8.5,lws,3.479675625555312,2.2738468232151443,2.2738468232151443,2.2738468232151443,2.2738468232151443,2.2738468232151443,2000
2083,SSP5-8.5,lws,3.5386944945562164,2.3038468232151446,2.3038468232151446,2.3038468232151446,2.3038468232151446,2.3038468232151446,2000
2084,SSP5-8.5,lws,3.5886776682605155,2.333846823215145,2.333846823215145,2.333846823215145,2.333846823215145,2.333846823215145,2000
2085,SSP5-8.5,lws,3.6302373763283984,2.3638468232151446,2.3638468232151446,2.3638468232151446,2.3638468232151446,2.3638468232151446,2000
2086,SSP5-8.5,lws,3.674905085412909,2.393846823215145,2.393846823215145,2.393846823215145,2.393846823215145,2.393846823215145,2000
2087,SSP5-8.5,lws,3.7170022137558263,2.423846823215145,2.423846823215145,2.423846823215145,2.423846823215145,2.423846823215145,2000
2088,SSP5-8.5,lws,3.754869685442747,2.4538468232151454,2.4538468232151454,2.4538468232151454,2.4538468232151454,2.4538468232151454,2000
2089,SSP5-8.5,lws,3.79652052247809,2.4838468232151456,2.4838468232151456,2.4838468232151456,2.4838468232151456,2.4838468232151456,2000
2090,SSP5-8.5,lws,3.8454533793964467,2.513846823215146,2.513846823215146,2.513846823215146,2.513846823215146,2.513846823215146,2000
2091,SSP5-8.5,lws,3.8883860799380425,2.5438468232151457,2.5438468232151457,2.5438468232151457,2.5438468232151457,2.5438468232151457,2000
2092,SSP5-8.5,lws,3.945003894303694,2.573846823215146,2.573846823215146,2.573846823215146,2.573846823215146,2.573846823215146,2000
2093,SSP5-8.5,lws,3.9961325111305954,2.603846823215146,2.603846823215146,2.603846823215146,2.603846823215146,2.603846823215146,2000
2094,SSP5-8.5,lws,4.0460750643859775,2.6338468232151464,2.6338468232151464,2.6338468232151464,2.6338468232151464,2.6338468232151464,2000
2095,SSP5-8.5,lws,4.0967872745192615,2.6638468232151467,2.6638468232151467,2.6638468232151467,2.6638468232151467,2.6638468232151467,2000
2096,SSP5-8.5,lws,4.150632215871937,2.6938468232151465,2.6938468232151465,2.6938468232151465,2.6938468232151465,2.6938468232151465,2000
2097,SSP5-8.5,lws,4.190951699094467,2.7238468232151467,2.7238468232151467,2.7238468232151467,2.7238468232151467,2.7238468232151467,2000
2098,SSP5-8.5,lws,4.226080539807343,2.753846823215147,2.753846823215147,2.753846823215147,2.753846823215147,2.753846823215147,2000
2099,SSP5-8.5,lws,4.270389008766735,2.783846823215147,2.783846823215147,2.783846823215147,2.783846823215147,2.783846823215147,2000
2100,SSP5-8.5,lws,4.31241979908946,2.8138468232151475,2.8138468232151475,2.8138468232151475,2.8138468232151475,2.8138468232151475,2000
2101,SSP5-8.5,lws,4.3641094798398505,2.8438468232151473,2.8438468232151473,2.8438468232151473,2.8438468232151473,2.8438468232151473,2000
2102,SSP5-8.5,lws,4.411577993382431,2.8738468232151475,2.8738468232151475,2.8738468232151475,2.8738468232151475,2.8738468232151475,2000
2103,SSP5-8.5,lws,4.460216901403128,2.9038468232151478,2.9038468232151478,2.9038468232151478,2.9038468232151478,2.9038468232151478,2000
2104,SSP5-8.5,lws,4.5040071035503635,2.933846823215148,2.933846823215148,2.933846823215148,2.933846823215148,2.933846823215148,2000
2105,SSP5-8.5,lws,4.5511965486747314,2.9638468232151483,2.9638468232151483,2.9638468232151483,2.9638468232151483,2.9638468232151483,2000
2106,SSP5-8.5,lws,4.589539887956996,2.9938468232151485,2.9938468232151485,2.9938468232151485,2.9938468232151485,2.9938468232151485,2000
2107,SSP5-8.5,lws,4.629223262256404,3.0238468232151483,3.0238468232151483,3.0238468232151483,3.0238468232151483,3.0238468232151483,2000
2108,SSP5-8.5,lws,4.671697435928822,3.053846823215148,3.053846823215148,3.053846823215148,3.053846823215148,3.053846823215148,2000
2109,SSP5-8.5,lws,4.707404804930306,3.0838468232151484,3.0838468232151484,3.0838468232151484,3.0838468232151484,3.0838468232151484,2000
2110,SSP5-8.5,lws,4.7462190056991345,3.1138468232151486,3.1138468232151486,3.1138468232151486,3.1138468232151486,3.1138468232151486,2000
2111,SSP5-8.5,lws,4.77594588603476,3.143846823215149,3.143846823215149,3.143846823215149,3.143846823215149,3.143846823215149,2000
2112,SSP5-8.5,lws,4.817657062366482,3.173846823215149,3.173846823215149,3.173846823215149,3.173846823215149,3.173846823215149,2000
2113,SSP5-8.5,lws,4.857719962181352,3.203846823215149,3.203846823215149,3.203846823215149,3.203846823215149,3.203846823215149,2000
2114,SSP5-8.5,lws,4.892706282391094,3.233846823215149,3.233846823215149,3.233846823215149,3.233846823215149,3.233846823215149,2000
2115,SSP5-8.5,lws,4.942579535428325,3.2638468232151494,3.2638468232151494,3.2638468232151494,3.2638468232151494,3.2638468232151494,2000
2116,SSP5-8.5,lws,4.9761215547809785,3.2938468232151497,3.2938468232151497,3.2938468232151497,3.2938468232151497,3.2938468232151497,2000
2117,SSP5-8.5,lws,5.0234542488204745,3.32384682321515,3.32384682321515,3.32384682321515,3.32384682321515,3.32384682321515,2000
2118,SSP5-8.5,lws,5.053836698041858,3.35384682321515,3.35384682321515,3.35384682321515,3.35384682321515,3.35384682321515,2000
2119,SSP5-8.5,lws,5.081046003855958,3.38384682321515,3.38384682321515,3.38384682321515,3.38384682321515,3.38384682321515,2000
2120,SSP5-8.5,lws,5.111420346616944,3.41384682321515,3.41384682321515,3.41384682321515,3.41384682321515,3.41384682321515,2000
2121,SSP5-8.5,lws,5.145216642157468,3.4438468232151505,3.4438468232151505,3.4438468232151505,3.4438468232151505,3.4438468232151505,2000
2122,SSP5-8.5,lws,5.177644385229858,3.4738468232151507,3.4738468232151507,3.4738468232151507,3.4738468232151507,3.4738468232151507,2000
2123,SSP5-8.5,lws,5.210439817903417,3.503846823215151,3.503846823215151,3.503846823215151,3.503846823215151,3.503846823215151,2000
2124,SSP5-8.5,lws,5.252335352694382,3.5338468232151508,3.5338468232151508,3.5338468232151508,3.5338468232151508,3.5338468232151508,2000
2125,SSP5-8.5,lws,5.294188345098916,3.563846823215151,3.563846823215151,3.563846823215151,3.563846823215151,3.563846823215151,2000
2126,SSP5-8.5,lws,5.333389997955792,3.5938468232151513,3.5938468232151513,3.5938468232151513,3.5938468232151513,3.5938468232151513,2000
2127,SSP5-8.5,lws,5.361821151916355,3.6238468232151515,3.6238468232151515,3.6238468232151515,3.6238468232151515,3.6238468232151515,2000
2128,SSP5-8.5,lws,5.39408859580083,3.6538468232151518,3.6538468232151518,3.6538468232151518,3.6538468232151518,3.6538468232151518,2000
2129,SSP5-8.5,lws,5.424929099786181,3.6838468232151516,3.6838468232151516,3.6838468232151516,3.6838468232151516,3.6838468232151516,2000
2130,SSP5-8.5,lws,5.4579357640557085,3.713846823215152,3.713846823215152,3.713846823215152,3.713846823215152,3.713846823215152,2000
2131,SSP5-8.5,lws,5.478913510911799,3.743846823215152,3.743846823215152,3.743846823215152,3.743846823215152,3.743846823215152,2000
2132,SSP5-8.5,lws,5.511898779737037,3.7738468232151523,3.7738468232151523,3.7738468232151523,3.7738468232151523,3.7738468232151523,2000
2133,SSP5-8.5,lws,5.539104523766511,3.8038468232151526,3.8038468232151526,3.8038468232151526,3.8038468232151526,3.8038468232151526,2000
2134,SSP5-8.5,lws,5.572705473351193,3.8338468232151524,3.8338468232151524,3.8338468232151524,3.8338468232151524,3.8338468232151524,2000
2135,SSP5-8.5,lws,5.604794034205822,3.8638468232151526,3.8638468232151526,3.8638468232151526,3.8638468232151526,3.8638468232151526,2000
2136,SSP5-8.5,lws,5.641719505308026,3.893846823215153,3.893846823215153,3.893846823215153,3.893846823215153,3.893846823215153,2000
2137,SSP5-8.5,lws,5.672496825902029,3.923846823215153,3.923846823215153,3.923846823215153,3.923846823215153,3.923846823215153,2000
2138,SSP5-8.5,lws,5.705523981047367,3.9538468232151533,3.9538468232151533,3.9538468232151533,3.9538468232151533,3.9538468232151533,2000
2139,SSP5-8.5,lws,5.727851161427154,3.9838468232151536,3.9838468232151536,3.9838468232151536,3.9838468232151536,3.9838468232151536,2000
2140,SSP5-8.5,lws,5.752497012532589,4.013846823215154,4.013846823215154,4.013846823215154,4.013846823215154,4.013846823215154,2000
2141,SSP5-8.5,lws,5.775914719811637,4.043846823215154,4.043846823215154,4.043846823215154,4.043846823215154,4.043846823215154,2000
2142,SSP5-8.5,lws,5.795470963655953,4.0738468232151535,4.0738468232151535,4.0738468232151535,4.0738468232151535,4.0738468232151535,2000
2143,SSP5-8.5,lws,5.821623376752074,4.103846823215154,4.103846823215154,4.103846823215154,4.103846823215154,4.103846823215154,2000
2144,SSP5-8.5,lws,5.848793823506787,4.133846823215154,4.133846823215154,4.133846823215154,4.133846823215154,4.133846823215154,2000
2145,SSP5-8.5,lws,5.8796144524477665,4.163846823215154,4.163846823215154,4.163846823215154,4.163846823215154,4.163846823215154,2000
2146,SSP5-8.5,lws,5.9091583670197,4.1938468232151545,4.1938468232151545,4.1938468232151545,4.1938468232151545,4.1938468232151545,2000
2147,SSP5-8.5,lws,5.932415253541499,4.223846823215155,4.223846823215155,4.223846823215155,4.223846823215155,4.223846823215155,2000
2148,SSP5-8.5,lws,5.96096757733068,4.253846823215155,4.253846823215155,4.253846823215155,4.253846823215155,4.253846823215155,2000
2149,SSP5-8.5,lws,5.984855923664425,4.283846823215155,4.283846823215155,4.283846823215155,4.283846823215155,4.283846823215155,2000
2150,SSP5-8.5,lws,6.009791200479169,4.3138468232151554,4.3138468232151554,4.3138468232151554,4.3138468232151554,4.3138468232151554,2000
2151,SSP5-8.5,lws,6.028441504608441,4.343846823215156,4.343846823215156,4.343846823215156,4.343846823215156,4.343846823215156,2000
2152,SSP5-8.5,lws,6.057363066520258,4.373846823215156,4.373846823215156,4.373846823215156,4.373846823215156,4.373846823215156,2000
2153,SSP5-8.5,lws,6.079955302058288,4.403846823215155,4.403846823215155,4.403846823215155,4.403846823215155,4.403846823215155,2000
2154,SSP5-8.5,lws,6.109240893012745,4.4338468232151556,4.4338468232151556,4.4338468232151556,4.4338468232151556,4.4338468232151556,2000
2155,SSP5-8.5,lws,6.129226577689733,4.463846823215156,4.463846823215156,4.463846823215156,4.463846823215156,4.463846823215156,2000
2156,SSP5-8.5,lws,6.153261600875571,4.493846823215156,4.493846823215156,4.493846823215156,4.493846823215156,4.493846823215156,2000
2157,SSP5-8.5,lws,6.179711065972603,4.523846823215156,4.523846823215156,4.523846823215156,4.523846823215156,4.523846823215156,2000
2158,SSP5-8.5,lws,6.209890798168322,4.5538468232151565,4.5538468232151565,4.5538468232151565,4.5538468232151565,4.5538468232151565,2000
2159,SSP5-8.5,lws,6.235836295677487,4.583846823215157,4.583846823215157,4.583846823215157,4.583846823215157,4.583846823215157,2000
2160,SSP5-8.5,lws,6.266358270390076,4.613846823215157,4.613846823215157,4.613846823215157,4.613846823215157,4.613846823215157,2000
2161,SSP5-8.5,lws,6.293047376185408,4.643846823215157,4.643846823215157,4.643846823215157,4.643846823215157,4.643846823215157,2000
2162,SSP5-8.5,lws,6.314990012075206,4.6738468232151575,4.6738468232151575,4.6738468232151575,4.6738468232151575,4.6738468232151575,2000
2163,SSP5-8.5,lws,6.34206788466492,4.703846823215158,4.703846823215158,4.703846823215158,4.703846823215158,4.703846823215158,2000
2164,SSP5-8.5,lws,6.35578476467653,4.733846823215157,4.733846823215157,4.733846823215157,4.733846823215157,4.733846823215157,2000
2165,SSP5-8.5,lws,6.365862468403385,4.763846823215157,4.763846823215157,4.763846823215157,4.763846823215157,4.763846823215157,2000
2166,SSP5-8.5,lws,6.383468880306376,4.793846823215158,4.793846823215158,4.793846823215158,4.793846823215158,4.793846823215158,2000
2167,SSP5-8.5,lws,6.4081720464584295,4.823846823215158,4.823846823215158,4.823846823215158,4.823846823215158,4.823846823215158,2000
2168,SSP5-8.5,lws,6.425798598490646,4.853846823215158,4.853846823215158,4.853846823215158,4.853846823215158,4.853846823215158,2000
2169,SSP5-8.5,lws,6.454118406598851,4.883846823215158,4.883846823215158,4.883846823215158,4.883846823215158,4.883846823215158,2000
2170,SSP5-8.5,lws,6.486204683733515,4.913846823215159,4.913846823215159,4.913846823215159,4.913846823215159,4.913846823215159,2000
2171,SSP5-8.5,lws,6.506022511195588,4.943846823215159,4.943846823215159,4.943846823215159,4.943846823215159,4.943846823215159,2000
2172,SSP5-8.5,lws,6.531421061215337,4.973846823215159,4.973846823215159,4.973846823215159,4.973846823215159,4.973846823215159,2000
2173,SSP5-8.5,lws,6.554138006465327,5.003846823215159,5.003846823215159,5.003846823215159,5.003846823215159,5.003846823215159,2000
2174,SSP5-8.5,lws,6.576907129836155,5.03384682321516,5.03384682321516,5.03384682321516,5.03384682321516,5.03384682321516,2000
2175,SSP5-8.5,lws,6.589808472359773,5.063846823215159,5.063846823215159,5.063846823215159,5.063846823215159,5.063846823215159,2000
2176,SSP5-8.5,lws,6.6019459723619525,5.093846823215159,5.093846823215159,5.093846823215159,5.093846823215159,5.093846823215159,2000
2177,SSP5-8.5,lws,6.614660280653371,5.1238468232151595,5.1238468232151595,5.1238468232151595,5.1238468232151595,5.1238468232151595,2000
2178,SSP5-8.5,lws,6.633380513903446,5.15384682321516,5.15384682321516,5.15384682321516,5.15384682321516,5.15384682321516,2000
2179,SSP5-8.5,lws,6.656222740533219,5.18384682321516,5.18384682321516,5.18384682321516,5.18384682321516,5.18384682321516,2000
2180,SSP5-8.5,lws,6.678128541842929,5.21384682321516,5.21384682321516,5.21384682321516,5.21384682321516,5.21384682321516,2000
2181,SSP5-8.5,lws,6.696941578395637,5.2438468232151605,5.2438468232151605,5.2438468232151605,5.2438468232151605,5.2438468232151605,2000
2182,SSP5-8.5,lws,6.7157318628045894,5.273846823215161,5.273846823215161,5.273846823215161,5.273846823215161,5.273846823215161,2000
2183,SSP5-8.5,lws,6.740051518028006,5.303846823215161,5.303846823215161,5.303846823215161,5.303846823215161,5.303846823215161,2000
2184,SSP5-8.5,lws,6.752856505124103,5.333846823215161,5.333846823215161,5.333846823215161,5.333846823215161,5.333846823215161,2000
2185,SSP5-8.5,lws,6.764235939605002,5.363846823215161,5.363846823215161,5.363846823215161,5.363846823215161,5.363846823215161,2000
2186,SSP5-8.5,lws,6.780215887890567,5.393846823215161,5.393846823215161,5.393846823215161,5.393846823215161,5.393846823215161,2000
2187,SSP5-8.5,lws,6.791466420090469,5.423846823215161,5.423846823215161,5.423846823215161,5.423846823215161,5.423846823215161,2000
2188,SSP5-8.5,lws,6.797450315162923,5.453846823215161,5.453846823215161,5.453846823215161,5.453846823215161,5.453846823215161,2000
2189,SSP5-8.5,lws,6.815445705376506,5.483846823215162,5.483846823215162,5.483846823215162,5.483846823215162,5.483846823215162,2000
2190,SSP5-8.5,lws,6.829200321021954,5.513846823215162,5.513846823215162,5.513846823215162,5.513846823215162,5.513846823215162,2000
2191,SSP5-8.5,lws,6.843984002787081,5.543846823215162,5.543846823215162,5.543846823215162,5.543846823215162,5.543846823215162,2000
2192,SSP5-8.5,lws,6.867009546309087,5.573846823215162,5.573846823215162,5.573846823215162,5.573846823215162,5.573846823215162,2000
2193,SSP5-8.5,lws,6.882591514817378,5.603846823215163,5.603846823215163,5.603846823215163,5.603846823215163,5.603846823215163,2000
2194,SSP5-8.5,lws,6.901731489455996,5.633846823215163,5.633846823215163,5.633846823215163,5.633846823215163,5.633846823215163,2000
2195,SSP5-8.5,lws,6.9115909677334715,5.663846823215163,5.663846823215163,5.663846823215163,5.663846823215163,5.663846823215163,2000
2196,SSP5-8.5,lws,6.931368135384477,5.6938468232151624,5.6938468232151624,5.6938468232151624,5.6938468232151624,5.6938468232151624,2000
2197,SSP5-8.5,lws,6.9433891919162045,5.723846823215163,5.723846823215163,5.723846823215163,5.723846823215163,5.723846823215163,2000
2198,SSP5-8.5,lws,6.9547094681026,5.753846823215163,5.753846823215163,5.753846823215163,5.753846823215163,5.753846823215163,2000
2199,SSP5-8.5,lws,6.960917768280012,5.783846823215163,5.783846823215163,5.783846823215163,5.783846823215163,5.783846823215163,2000
2200,SSP5-8.5,lws,6.970768341443509,5.813846823215163,5.813846823215163,5.813846823215163,5.813846823215163,5.813846823215163,2000
2201,SSP5-8.5,lws,6.9858294774921905,5.843846823215164,5.843846823215164,5.843846823215164,5.843846823215164,5.843846823215164,2000
2202,SSP5-8.5,lws,6.99429547605429,5.873846823215164,5.873846823215164,5.873846823215164,5.873846823215164,5.873846823215164,2000
2203,SSP5-8.5,lws,7.015072825093854,5.903846823215164,5.903846823215164,5.903846823215164,5.903846823215164,5.903846823215164,2000
2204,SSP5-8.5,lws,7.048072466356301,5.933846823215164,5.933846823215164,5.933846823215164,5.933846823215164,5.933846823215164,2000
2205,SSP5-8.5,lws,7.062495905426287,5.963846823215165,5.963846823215165,5.963846823215165,5.963846823215165,5.963846823215165,2000
2206,SSP5-8.5,lws,7.078679378704682,5.993846823215164,5.993846823215164,5.993846823215164,5.993846823215164,5.993846823215164,2000
2207,SSP5-8.5,lws,7.084990713011064,6.023846823215164,6.023846823215164,6.023846823215164,6.023846823215164,6.023846823215164,2000
2208,SSP5-8.5,lws,7.089441806732302,6.0538468232151645,6.0538468232151645,6.0538468232151645,6.0538468232151645,6.0538468232151645,2000
2209,SSP5-8.5,lws,7.096858454906249,6.083846823215165,6.083846823215165,6.083846823215165,6.083846823215165,6.083846823215165,2000
2210,SSP5-8.5,lws,7.094516093639992,6.113846823215165,6.113846823215165,6.113846823215165,6.113846823215165,6.113846823215165,2000
2211,SSP5-8.5,lws,7.104821898367752,6.143846823215165,6.143846823215165,6.143846823215165,6.143846823215165,6.143846823215165,2000
2212,SSP5-8.5,lws,7.1149564353894545,6.1738468232151655,6.1738468232151655,6.1738468232151655,6.1738468232151655,6.1738468232151655,2000
2213,SSP5-8.5,lws,7.128185242059944,6.203846823215165,6.203846823215165,6.203846823215165,6.203846823215165,6.203846823215165,2000
2214,SSP5-8.5,lws,7.1387012376272105,6.233846823215164,6.233846823215164,6.233846823215164,6.233846823215164,6.233846823215164,2000
2215,SSP5-8.5,lws,7.151785987242407,6.263846823215164,6.263846823215164,6.263846823215164,6.263846823215164,6.263846823215164,2000
2216,SSP5-8.5,lws,7.1599873323527925,6.293846823215163,6.293846823215163,6.293846823215163,6.293846823215163,6.293846823215163,2000
2217,SSP5-8.5,lws,7.1663441101175644,6.323846823215163,6.323846823215163,6.323846823215163,6.323846823215163,6.323846823215163,2000
2218,SSP5-8.5,lws,7.16903600574906,6.353846823215163,6.353846823215163,6.353846823215163,6.353846823215163,6.353846823215163,2000
2219,SSP5-8.5,lws,7.180590856775595,6.383846823215162,6.383846823215162,6.383846823215162,6.383846823215162,6.383846823215162,2000
2220,SSP5-8.5,lws,7.1899779300695466,6.413846823215161,6.413846823215161,6.413846823215161,6.413846823215161,6.413846823215161,2000
2221,SSP5-8.5,lws,7.192227004571489,6.443846823215161,6.443846823215161,6.443846823215161,6.443846823215161,6.443846823215161,2000
2222,SSP5-8.5,lws,7.203934109479578,6.47384682321516,6.47384682321516,6.47384682321516,6.47384682321516,6.47384682321516,2000
2223,SSP5-8.5,lws,7.213171118891374,6.503846823215159,6.503846823215159,6.503846823215159,6.503846823215159,6.503846823215159,2000
2224,SSP5-8.5,lws,7.2215205920334276,6.533846823215159,6.533846823215159,6.533846823215159,6.533846823215159,6.533846823215159,2000
2225,SSP5-8.5,lws,7.2235705486874995,6.563846823215159,6.563846823215159,6.563846823215159,6.563846823215159,6.563846823215159,2000
2226,SSP5-8.5,lws,7.2324969141010715,6.593846823215158,6.593846823215158,6.593846823215158,6.593846823215158,6.593846823215158,2000
2227,SSP5-8.5,lws,7.246529815759302,6.623846823215158,6.623846823215158,6.623846823215158,6.623846823215158,6.623846823215158,2000
2228,SSP5-8.5,lws,7.252379627521919,6.653846823215157,6.653846823215157,6.653846823215157,6.653846823215157,6.653846823215157,2000
2229,SSP5-8.5,lws,7.2632171310775,6.683846823215156,6.683846823215156,6.683846823215156,6.683846823215156,6.683846823215156,2000
2230,SSP5-8.5,lws,7.271621947313981,6.713846823215156,6.713846823215156,6.713846823215156,6.713846823215156,6.713846823215156,2000
2231,SSP5-8.5,lws,7.278627167452372,6.743846823215155,6.743846823215155,6.743846823215155,6.743846823215155,6.743846823215155,2000
2232,SSP5-8.5,lws,7.279264089930073,6.7738468232151545,6.7738468232151545,6.7738468232151545,6.7738468232151545,6.7738468232151545,2000
2233,SSP5-8.5,lws,7.280722184457256,6.803846823215155,6.803846823215155,6.803846823215155,6.803846823215155,6.803846823215155,2000
2234,SSP5-8.5,lws,7.288982816774306,6.833846823215154,6.833846823215154,6.833846823215154,6.833846823215154,6.833846823215154,2000
2235,SSP5-8.5,lws,7.2980039878624225,6.8638468232151535,6.8638468232151535,6.8638468232151535,6.8638468232151535,6.8638468232151535,2000
2236,SSP5-8.5,lws,7.3043741272263665,6.893846823215153,6.893846823215153,6.893846823215153,6.893846823215153,6.893846823215153,2000
2237,SSP5-8.5,lws,7.31312588227286,6.923846823215152,6.923846823215152,6.923846823215152,6.923846823215152,6.923846823215152,2000
2238,SSP5-8.5,lws,7.312612975895703,6.953846823215152,6.953846823215152,6.953846823215152,6.953846823215152,6.953846823215152,2000
2239,SSP5-8.5,lws,7.3310520869894145,6.983846823215151,6.983846823215151,6.983846823215151,6.983846823215151,6.983846823215151,2000
2240,SSP5-8.5,lws,7.335212262905988,7.01384682321515,7.01384682321515,7.01384682321515,7.01384682321515,7.01384682321515,2000
2241,SSP5-8.5,lws,7.345193497716741,7.0438468232151505,7.0438468232151505,7.0438468232151505,7.0438468232151505,7.0438468232151505,2000
2242,SSP5-8.5,lws,7.351439212696151,7.07384682321515,7.07384682321515,7.07384682321515,7.07384682321515,7.07384682321515,2000
2243,SSP5-8.5,lws,7.349425889177231,7.103846823215149,7.103846823215149,7.103846823215149,7.103846823215149,7.103846823215149,2000
2244,SSP5-8.5,lws,7.350507135584997,7.133846823215149,7.133846823215149,7.133846823215149,7.133846823215149,7.133846823215149,2000
2245,SSP5-8.5,lws,7.349181231872608,7.163846823215148,7.163846823215148,7.163846823215148,7.163846823215148,7.163846823215148,2000
2246,SSP5-8.5,lws,7.353231645532587,7.193846823215147,7.193846823215147,7.193846823215147,7.193846823215147,7.193846823215147,2000
2247,SSP5-8.5,lws,7.356303617760265,7.223846823215147,7.223846823215147,7.223846823215147,7.223846823215147,7.223846823215147,2000
2248,SSP5-8.5,lws,7.358891036254669,7.253846823215146,7.253846823215146,7.253846823215146,7.253846823215146,7.253846823215146,2000
2249,SSP5-8.5,lws,7.368516544587208,7.283846823215146,7.283846823215146,7.283846823215146,7.283846823215146,7.283846823215146,2000
2250,SSP5-8.5,lws,7.380547257275471,7.313846823215146,7.313846823215146,7.313846823215146,7.313846823215146,7.313846823215146,2000
2251,SSP5-8.5,lws,7.383332920033877,7.343846823215145,7.343846823215145,7.343846823215145,7.343846823215145,7.343846823215145,2000
2252,SSP5-8.5,lws,7.388545884688615,7.373846823215144,7.373846823215144,7.373846823215144,7.373846823215144,7.373846823215144,2000
2253,SSP5-8.5,lws,7.391045132739745,7.403846823215144,7.403846823215144,7.403846823215144,7.403846823215144,7.403846823215144,2000
2254,SSP5-8.5,lws,7.3830128099047565,7.433846823215143,7.433846823215143,7.433846823215143,7.433846823215143,7.433846823215143,2000
2255,SSP5-8.5,lws,7.387115574383927,7.4638468232151425,7.4638468232151425,7.4638468232151425,7.4638468232151425,7.4638468232151425,2000
2256,SSP5-8.5,lws,7.3844725960224125,7.493846823215142,7.493846823215142,7.493846823215142,7.493846823215142,7.493846823215142,2000
2257,SSP5-8.5,lws,7.383639947861127,7.523846823215142,7.523846823215142,7.523846823215142,7.523846823215142,7.523846823215142,2000
2258,SSP5-8.5,lws,7.384242666887389,7.5538468232151414,7.5538468232151414,7.5538468232151414,7.5538468232151414,7.5538468232151414,2000
2259,SSP5-8.5,lws,7.381447692341897,7.583846823215141,7.583846823215141,7.583846823215141,7.583846823215141,7.583846823215141,2000
2260,SSP5-8.5,lws,7.380625739760694,7.61384682321514,7.61384682321514,7.61384682321514,7.61384682321514,7.61384682321514,2000
2261,SSP5-8.5,lws,7.388511301710085,7.6438468232151395,7.6438468232151395,7.6438468232151395,7.6438468232151395,7.6438468232151395,2000
2262,SSP5-8.5,lws,7.384204774050025,7.673846823215139,7.673846823215139,7.673846823215139,7.673846823215139,7.673846823215139,2000
2263,SSP5-8.5,lws,7.389791426726607,7.703846823215138,7.703846823215138,7.703846823215138,7.703846823215138,7.703846823215138,2000
2264,SSP5-8.5,lws,7.39235440037691,7.733846823215138,7.733846823215138,7.733846823215138,7.733846823215138,7.733846823215138,2000
2265,SSP5-8.5,lws,7.395262333168682,7.763846823215138,7.763846823215138,7.763846823215138,7.763846823215138,7.763846823215138,2000
2266,SSP5-8.5,lws,7.4006968001478945,7.793846823215137,7.793846823215137,7.793846823215137,7.793846823215137,7.793846823215137,2000
2267,SSP5-8.5,lws,7.400439306799472,7.823846823215137,7.823846823215137,7.823846823215137,7.823846823215137,7.823846823215137,2000
2268,SSP5-8.5,lws,7.399911401776155,7.853846823215136,7.853846823215136,7.853846823215136,7.853846823215136,7.853846823215136,2000
2269,SSP5-8.5,lws,7.403330993416088,7.883846823215135,7.883846823215135,7.883846823215135,7.883846823215135,7.883846823215135,2000
2270,SSP5-8.5,lws,7.4040630935581495,7.9138468232151356,7.9138468232151356,7.9138468232151356,7.9138468232151356,7.9138468232151356,2000
2271,SSP5-8.5,lws,7.402092949763769,7.943846823215135,7.943846823215135,7.943846823215135,7.943846823215135,7.943846823215135,2000
2272,SSP5-8.5,lws,7.4013153226667105,7.973846823215134,7.973846823215134,7.973846823215134,7.973846823215134,7.973846823215134,2000
2273,SSP5-8.5,lws,7.40833467279932,8.003846823215135,8.003846823215135,8.003846823215135,8.003846823215135,8.003846823215135,2000
2274,SSP5-8.5,lws,7.41379733211296,8.033846823215134,8.033846823215134,8.033846823215134,8.033846823215134,8.033846823215134,2000
2275,SSP5-8.5,lws,7.416422197633253,8.063846823215133,8.063846823215133,8.063846823215133,8.063846823215133,8.063846823215133,2000
2276,SSP5-8.5,lws,7.417637947136342,8.093846823215133,8.093846823215133,8.093846823215133,8.093846823215133,8.093846823215133,2000
2277,SSP5-8.5,lws,7.420580607314838,8.123846823215132,8.123846823215132,8.123846823215132,8.123846823215132,8.123846823215132,2000
2278,SSP5-8.5,lws,7.418322963725158,8.153846823215131,8.153846823215131,8.153846823215131,8.153846823215131,8.153846823215131,2000
2279,SSP5-8.5,lws,7.419821578717986,8.18384682321513,8.18384682321513,8.18384682321513,8.18384682321513,8.18384682321513,2000
2280,SSP5-8.5,lws,7.420520876799646,8.21384682321513,8.21384682321513,8.21384682321513,8.21384682321513,8.21384682321513,2000
2281,SSP5-8.5,lws,7.418631116595542,8.24384682321513,8.24384682321513,8.24384682321513,8.24384682321513,8.24384682321513,2000
2282,SSP5-8.5,lws,7.421817746645316,8.273846823215129,8.273846823215129,8.273846823215129,8.273846823215129,8.273846823215129,2000
2283,SSP5-8.5,lws,7.421512220147265,8.303846823215128,8.303846823215128,8.303846823215128,8.303846823215128,8.303846823215128,2000
2284,SSP5-8.5,lws,7.427359381523998,8.333846823215127,8.333846823215127,8.333846823215127,8.333846823215127,8.333846823215127,2000
2285,SSP5-8.5,lws,7.437580958016404,8.363846823215129,8.363846823215129,8.363846823215129,8.363846823215129,8.363846823215129,2000
2286,SSP5-8.5,lws,7.44447375785462,8.393846823215128,8.393846823215128,8.393846823215128,8.393846823215128,8.393846823215128,2000
2287,SSP5-8.5,lws,7.444262457715933,8.423846823215127,8.423846823215127,8.423846823215127,8.423846823215127,8.423846823215127,2000
2288,SSP5-8.5,lws,7.443507288348442,8.453846823215127,8.453846823215127,8.453846823215127,8.453846823215127,8.453846823215127,2000
2289,SSP5-8.5,lws,7.443830003663494,8.483846823215126,8.483846823215126,8.483846823215126,8.483846823215126,8.483846823215126,2000
2290,SSP5-8.5,lws,7.450734473618776,8.513846823215125,8.513846823215125,8.513846823215125,8.513846823215125,8.513846823215125,2000
2291,SSP5-8.5,lws,7.4522533967703835,8.543846823215125,8.543846823215125,8.543846823215125,8.543846823215125,8.543846823215125,2000
2292,SSP5-8.5,lws,7.455016358737552,8.573846823215124,8.573846823215124,8.573846823215124,8.573846823215124,8.573846823215124,2000
2293,SSP5-8.5,lws,7.452878628116129,8.603846823215124,8.603846823215124,8.603846823215124,8.603846823215124,8.603846823215124,2000
2294,SSP5-8.5,lws,7.454580327593074,8.633846823215123,8.633846823215123,8.633846823215123,8.633846823215123,8.633846823215123,2000
2295,SSP5-8.5,lws,7.462917348942109,8.663846823215122,8.663846823215122,8.663846823215122,8.663846823215122,8.663846823215122,2000
2296,SSP5-8.5,lws,7.46551324668946,8.693846823215122,8.693846823215122,8.693846823215122,8.693846823215122,8.693846823215122,2000
2297,SSP5-8.5,lws,7.480334069080986,8.723846823215121,8.723846823215121,8.723846823215121,8.723846823215121,8.723846823215121,2000
2298,SSP5-8.5,lws,7.480585771213185,8.75384682321512,8.75384682321512,8.75384682321512,8.75384682321512,8.75384682321512,2000
2299,SSP5-8.5,lws,7.490148770300169,8.78384682321512,8.78384682321512,8.78384682321512,8.78384682321512,8.78384682321512,2000
2300,SSP5-8.5,lws,7.498358103251911,8.813846823215119,8.813846823215119,8.813846823215119,8.813846823215119,8.813846823215119,2000
1990,SSP5-8.5,total,0.5557397132233756,-3.2997821647832444,-3.5334007191031054,-3.4321007858532724,-3.181496490203063,-3.093746787391383,2000
1991,SSP5-8.5,total,0.5885637306361448,-3.0547844456494326,-3.2675575894507496,-3.1752565776781414,-2.9463037305016613,-2.868095606200297,2000
1992,SSP5-8.5,total,0.5090689778394178,-2.7938912918198904,-2.990620938844654,-2.910795730055896,-2.6881697206948325,-2.612705912242229,2000
1993,SSP5-8.5,total,0.3084522979487564,-3.1839272311486297,-3.390819656412612,-3.305322611641866,-3.0710661528103658,-2.984660957013185,2000
1994,SSP5-8.5,total,0.332676813580452,-3.1253773767771955,-3.327869905551011,-3.2409734280149842,-3.01242963663952,-2.928698597862997,2000
1995,SSP5-8.5,total,0.4547856293863089,-2.8059403156362075,-2.991090954311938,-2.9141671480431786,-2.7021104175095787,-2.625549694578723,2000
1996,SSP5-8.5,total,0.5463394857269461,-2.594542791832967,-2.7632533130757286,-2.6945579450708252,-2.4981471200620944,-2.4271756291113626,2000
1997,SSP5-8.5,total,0.600043540445978,-2.4293501345290958,-2.5788212909426216,-2.5198867491011243,-2.3434738450392483,-2.2770528441486366,2000
1998,SSP5-8.5,total,0.6466075693928761,-2.080560154825661,-2.213001074833058,-2.1597544806206344,-2.001322515387847,-1.9455078613410848,2000
1999,SSP5-8.5,total,0.686007840655961,-1.8624839154755177,-1.9717215746576706,-1.9277316375788234,-1.795775035759664,-1.7459604110183173,2000
2000,SSP5-8.5,total,0.7295563669080296,-1.7194201204292785,-1.8102522274034498,-1.7739113158284006,-1.664211260763658,-1.621251730635816,2000
2001,SSP5-8.5,total,0.7655239205849365,-1.1982993643379265,-1.2714253654149839,-1.2408706833461243,-1.1543858685466644,-1.1205999904712087,2000
2002,SSP5-8.5,total,0.7999498588212678,-0.7092915449699513,-0.7631046081013345,-0.7399536123380472,-0.6779645205352565,-0.6532558212323624,2000
2003,SSP5-8.5,total,0.8301407393993533,-0.3272813135670507,-0.3628539359505616,-0.34677849683432277,-0.3062177035354119,-0.2915541510983798,2000
2004,SSP5-8.5,total,0.8359312010698448,-0.26401323664417653,-0.2804433467618635,-0.2726581847436256,-0.25575139176797573,-0.24952521124485055,2000
2005,SSP5-8.5,total,0.843916603443868,0.17234441632337472,0.15431013444889707,0.16233171840992988,0.18168649652788688,0.18868926414168224,2000
2006,SSP5-8.5,total,0.8516506513236204,0.5053551573044857,0.47241572637075313,0.4863981873977218,0.5243296454509243,0.5370918387979964,2000
2007,SSP5-8.5,total,0.8597675192449368,0.7261789299496462,0.6752631833692706,0.6971179319951925,0.7556798972854564,0.7747896565468466,2000
2008,SSP5-8.5,total,0.8671015531069908,1.036826791836,0.9677580358559094,0.9971101642635953,1.0773978960740038,1.1035562002453034,2000
2009,SSP5-8.5,total,0.8915919796329949,1.3998570355660123,1.3129640551886852,1.349881069861927,1.4507454060932627,1.4841806717491965,2000
2010,SSP5-8.5,total,0.91224213325433,1.7411063394863708,1.6345469722243433,1.6796521217262825,1.8038871237696772,1.8462765820937213,2000
2011,SSP5-8.5,total,0.9463726707864436,1.8847051354655537,1.7491841072182333,1.8084311806868452,1.9618856713474009,2.0126711040799607,2000
2012,SSP5-8.5,total,0.9634454159642772,2.581707636056298,2.425840413935501,2.4943489239176166,2.66921226084261,2.728871683769334,2000
2013,SSP5-8.5,total,1.0010392042679888,2.8721241447725925,2.6949329217678804,2.77253356822564,2.973344471404397,3.0423373282568913,2000
2014,SSP5-8.5,total,1.034758969518629,3.0763371570952796,2.8766972860270763,2.965142698565884,3.1916196953218563,3.2689641332197743,2000
2015,SSP5-8.5,total,1.0655474016558886,3.8335978265427384,3.608320116919119,3.710170112849642,3.962983839014689,4.048566499552432,2000
2016,SSP5-8.5,total,1.0982433117141364,4.3048890030167986,4.059899412259584,4.168297911611441,4.44767829172538,4.540252217231369,2000
2017,SSP5-8.5,total,1.1215083354395925,4.512846991551453,4.2392708441275815,4.362763417746073,4.668983125149553,4.773898749051062,2000
2018,SSP5-8.5,total,1.1514531927883527,4.783710653073016,4.487738255533429,4.62019095518901,4.9538790949917875,5.069211739108831,2000
2019,SSP5-8.5,total,1.172690213058829,5.232638412167875,4.916043269396712,5.056399493615595,5.415962864825804,5.540316284899953,2000
2020,SSP5-8.5,total,1.183004264307409,5.384170756481753,5.044697861652791,5.194353733238632,5.584368125416906,5.718058123494331,2000
2021,SSP5-8.5,total,1.2100067371777328,5.815248605864881,5.449888754856129,5.6103170002982665,6.027856227316364,6.17172629057507,2000
2022,SSP5-8.5,total,1.2401553910866456,6.1817710214865995,5.789553746036803,5.961908863831048,6.4092907220457205,6.562172888339086,2000
2023,SSP5-8.5,total,1.2795255652495054,6.631149938466827,6.2137140907456185,6.396475971881263,6.871344542585014,7.036678670744324,2000
2024,SSP5-8.5,total,1.3120856196879593,7.042913146307977,6.599126070322086,6.793852146336796,7.300310775254967,7.477774453383599,2000
2025,SSP5-8.5,total,1.3440833095342744,7.453899598394573,6.986746534733963,7.188208458017769,7.728192968949799,7.919148888082287,2000
2026,SSP5-8.5,total,1.3737105932007283,7.887930687501008,7.391203002653329,7.603915377709188,8.180516060577753,8.382021306364463,2000
2027,SSP5-8.5,total,1.397236727952544,8.318177962223338,7.797131661198267,8.019687661018105,8.629026284800233,8.843073002705097,2000
2028,SSP5-8.5,total,1.414495288828333,8.748759380491624,8.2024013326718,8.435086575891713,9.073812850294317,9.300306110196791,2000
2029,SSP5-8.5,total,1.431963114692015,9.182403396044778,8.611285919261894,8.856135710158647,9.525988901469104,9.76344722168942,2000
2030,SSP5-8.5,total,1.4560076990695092,9.61767226637488,9.017268883163483,9.275317099024733,9.980389612902176,10.2298450845159,2000
2031,SSP5-8.5,total,1.4757149556522156,10.060473279777053,9.429788850561787,9.701426498260524,10.44355182840552,10.708044376980567,2000
2032,SSP5-8.5,total,1.50669897344732,10.504809705143366,9.850700872438276,10.12694949858706,10.903880869444272,11.184433850621367,2000
2033,SSP5-8.5,total,1.5287022346898986,10.957166192487973,10.276416498000517,10.563736795463662,11.376656411514444,11.67173897733371,2000
2034,SSP5-8.5,total,1.5585886384487002,11.422033757103945,10.708054359072676,11.009142921750263,11.852889930075346,12.16879822546209,2000
2035,SSP5-8.5,total,1.5911059353937131,11.895924853543569,11.151468362516491,11.465814791861336,12.347717137459249,12.678261426573018,2000
2036,SSP5-8.5,total,1.630594131489448,12.378659368376908,11.597293521418996,11.930744172230662,12.851585016859152,13.197829889953143,2000
2037,SSP5-8.5,total,1.6632419647309475,12.876335533158457,12.05408024583519,12.407676465089814,13.362148104915434,13.730615420785975,2000
2038,SSP5-8.5,total,1.690334066834702,13.378428448978013,12.52268601602899,12.891980281576409,13.88928141061185,14.282221315329725,2000
2039,SSP5-8.5,total,1.7289730967413743,13.888865930590862,12.998569543727452,13.38531542445435,14.425422523297149,14.845416579809285,2000
2040,SSP5-8.5,total,1.7574188806603228,14.404110865371607,13.469848961121498,13.87905437885222,14.967528589772728,15.404301509560746,2000
2041,SSP5-8.5,total,1.7754810697663423,14.926423378942584,13.949251397667984,14.376448603749235,15.519647630762243,15.978980375208781,2000
2042,SSP5-8.5,total,1.8132263000160829,15.449237899368958,14.430870762337268,14.879516127530094,16.075952394491704,16.59759499010874,2000
2043,SSP5-8.5,total,1.842687274458409,15.985641310859485,14.919282995611436,15.390859890852507,16.64618567688536,17.231900735382816,2000
2044,SSP5-8.5,total,1.8744435758640963,16.53540842592433,15.420050361265059,15.915056990303622,17.22267918601134,17.911714826092286,2000
2045,SSP5-8.5,total,1.916105045338041,17.09789787634611,15.926053960111856,16.45163140226825,17.813383911794507,18.60501751506964,2000
2046,SSP5-8.5,total,1.9558020518450927,17.678221485601703,16.464715835923442,17.00415936389618,18.42823371049187,19.3728022581653,2000
2047,SSP5-8.5,total,1.9998314811536861,18.276550469427228,17.00280095459019,17.564577912182052,19.095750040507877,20.22535297708023,2000
2048,SSP5-8.5,total,2.0366870303301394,18.8922598506988,17.565054100238413,18.143808934393455,19.75703131064543,21.50996894402505,2000
2049,SSP5-8.5,total,2.082483355924539,19.51115718556153,18.135229189205326,18.732716952006925,20.468620908293232,22.7912130174848,2000
2050,SSP5-8.5,total,2.122351404993238,20.14849548613046,18.71241404723867,19.317590294950712,21.20918064140696,24.14330512697181,2000
2051,SSP5-8.5,total,2.155441775586654,20.793966415907654,19.295006168087298,19.914510747098554,21.940777994212887,25.502395781013888,2000
2052,SSP5-8.5,total,2.192318354959954,21.4425287188402,19.87076281052505,20.526753921140138,22.757467186230798,26.935176819986363,2000
2053,SSP5-8.5,total,2.2236749909165563,22.121356555007974,20.46224922206876,21.15131086051965,23.61129000523377,28.239231545131,2000
2054,SSP5-8.5,total,2.2604930108012273,22.79192789407482,21.060151049382604,21.771809703207854,24.52243164828927,29.654924545211838,2000
2055,SSP5-8.5,total,2.292541788062364,23.464211973407885,21.6627063187903,22.40177233095627,25.647801616264196,31.16750154180536,2000
2056,SSP5-8.5,total,2.335864279351812,24.147731986408303,22.2673100216427,23.043830991483407,26.948495370030187,32.536386653377164,2000
2057,SSP5-8.5,total,2.379963412280688,24.885198579451103,22.88866156597723,23.711222415816632,28.21678250525246,34.002538082879134,2000
2058,SSP5-8.5,total,2.4263226710090553,25.651423230034258,23.529754705491385,24.40080474697342,29.656788690557633,35.44159165591034,2000
2059,SSP5-8.5,total,2.4684306913003575,26.442515058478328,24.22788129441371,25.09848257991006,31.0772795218871,36.95547546954886,2000
2060,SSP5-8.5,total,2.509349831896528,27.21541143060137,24.89300418387783,25.802088997989863,32.604762255242186,38.70804405382111,2000
2061,SSP5-8.5,total,2.546191246187096,28.01894781477072,25.552223123940713,26.496707766516685,34.130765139524655,40.38211714123152,2000
2062,SSP5-8.5,total,2.5901533307300575,28.86165698497048,26.22236561226252,27.224626047066895,35.666357778510466,41.89377685206158,2000
2063,SSP5-8.5,total,2.6231078333459457,29.694461266907517,26.909412215209287,27.99021446467627,37.17803980209326,43.42291032841073,2000
2064,SSP5-8.5,total,2.6667128482541567,30.586892203349166,27.572609114382047,28.712077124951215,38.76675712306621,45.123954584809624,2000
2065,SSP5-8.5,total,2.7018268187789163,31.52147683412221,28.245243568132008,29.47137083863004,40.38716759792023,46.89576607006701,2000
2066,SSP5-8.5,total,2.736966561097795,32.517433291608825,28.949198166499166,30.225277936516402,41.98971211657641,48.416232721401286,2000
2067,SSP5-8.5,total,2.781365410279771,33.516943430987304,29.65556393815852,30.97673701543056,43.440745085034216,50.196410508519214,2000
2068,SSP5-8.5,total,2.8203622068807586,34.62048672667103,30.389427989147297,31.7952936416287,45.020315281921874,52.09252504675453,2000
2069,SSP5-8.5,total,2.861754603125484,35.92469609312471,31.16607348972011,32.635717058265065,46.715123311752876,54.01313134325755,2000
2070,SSP5-8.5,total,2.913142057073008,37.2973004407886,31.944787570849243,33.47302317469497,48.370008028898425,55.91095403761557,2000
2071,SSP5-8.5,total,2.9616454919219586,38.75769603629042,32.69176090957993,34.31268654872029,50.00923225138475,57.77094156322517,2000
2072,SSP5-8.5,total,3.015445536729185,40.358821679432594,33.51622431143967,35.174592039443354,51.673550873813916,59.609646049136344,2000
2073,SSP5-8.5,total,3.053783248081748,42.00526624691959,34.31847092751685,36.08491522757102,53.48397050926618,61.39002622556504,2000
2074,SSP5-8.5,total,3.103983019720375,43.68883049470516,35.11904670991572,36.999022007902845,55.198806761655796,63.20543477342983,2000
2075,SSP5-8.5,total,3.1560586725905786,45.324570109904585,35.977630708700325,37.968671703984015,56.93224513677549,65.20990100393573,2000
2076,SSP5-8.5,total,3.1936521239750184,46.909125691169535,36.8267327071646,38.94755205816303,58.647574633215456,67.17036060628323,2000
2077,SSP5-8.5,total,3.2353592105802793,48.58239080534707,37.69495649705143,39.904182961102855,60.42362379790102,68.97301683027264,2000
2078,SSP5-8.5,total,3.278269887349176,50.24772575117668,38.58392609732814,40.97370237038888,62.24172981283294,71.1803059860527,2000
2079,SSP5-8.5,total,3.3243722342455455,51.907371860945716,39.424014378225536,42.093171272239836,64.02143445023106,73.18224299220158,2000
2080,SSP5-8.5,total,3.3694994449712734,53.60760803245307,40.312797760408046,43.23395157276089,65.94088189973894,75.0545284467207,2000
2081,SSP5-8.5,total,3.426141490541102,55.333559611058234,41.251331232959096,44.43230866998292,67.82334781967168,77.10081469842571,2000
2082,SSP5-8.5,total,3.479675625555312,57.117264192843265,42.15258970047499,45.63248360469,69.7939683495509,79.12398132963729,2000
2083,SSP5-8.5,total,3.5386944945562164,58.94628617342684,43.27642588839015,47.02983389314339,71.62763053943632,81.22412300256838,2000
2084,SSP5-8.5,total,3.5886776682605155,60.71933139659576,44.31971330011439,48.397380807459356,73.52813615685234,83.33651547606928,2000
2085,SSP5-8.5,total,3.6302373763283984,62.41153464308651,45.29598727818514,49.89817606076724,75.34772767854645,85.26192419510144,2000
2086,SSP5-8.5,total,3.674905085412909,64.17822324792094,46.36441923169492,51.6879793947558,77.40411855843784,87.48577232336056,2000
2087,SSP5-8.5,total,3.7170022137558263,66.12992262090356,47.41758511786538,53.36040059382226,79.29538965635649,89.68902086218321,2000
2088,SSP5-8.5,total,3.754869685442747,67.84466170907729,48.69805048798101,55.114380279284724,81.35256601768072,91.96487575568001,2000
2089,SSP5-8.5,total,3.79652052247809,69.6056296732057,50.0108606913401,56.93481340649751,83.45909844626256,94.12823971253209,2000
2090,SSP5-8.5,total,3.8454533793964467,71.42508316761119,51.21405134332483,58.65906528662003,85.44594166343641,96.43777233853577,2000
2091,SSP5-8.5,total,3.8883860799380425,73.2524577925554,52.34437848648625,60.52821126349703,87.36835570028639,98.60861515519049,2000
2092,SSP5-8.5,total,3.945003894303694,75.08493972750475,53.645289422514416,62.44480941966422,89.40792838832206,100.68450548083668,2000
2093,SSP5-8.5,total,3.9961325111305954,76.89721134422736,54.897308763766425,64.34943434616083,91.49117198822852,102.99985736299752,2000
2094,SSP5-8.5,total,4.0460750643859775,78.7253991064112,56.25934435162749,66.16293936286243,93.53277611795369,105.2808589207813,2000
2095,SSP5-8.5,total,4.0967872745192615,80.59592600261244,57.521643186757515,68.0525538756439,95.6161691359913,107.71289940170254,2000
2096,SSP5-8.5,total,4.150632215871937,82.444813325718,58.97318743934585,69.78787691687211,97.57601773532632,110.06981037611354,2000
2097,SSP5-8.5,total,4.190951699094467,84.32701273777639,60.534585302202494,71.64184266094233,99.9525224165173,112.42192941450246,2000
2098,SSP5-8.5,total,4.226080539807343,86.26561538994537,62.429031739068996,73.52136982657278,101.91078216815798,114.6646148884766,2000
2099,SSP5-8.5,total,4.270389008766735,88.17359754121327,64.15666141505915,75.31247544276951,103.90858973281703,117.06723600605048,2000
2100,SSP5-8.5,total,4.31241979908946,90.08935805681925,65.58972298323972,77.01029407308002,106.07019715584583,119.20163603097899,2000
2101,SSP5-8.5,total,4.3641094798398505,91.9346227813984,67.28661959191851,78.92427476272893,108.26685948008453,121.57426931982829,2000
2102,SSP5-8.5,total,4.411577993382431,93.72694943737449,69.02729537821395,80.5961045067267,110.50799072605666,124.03972789214815,2000
2103,SSP5-8.5,total,4.460216901403128,95.6830877179379,70.83740040018544,82.61445844045477,112.58956278878536,126.37689000246328,2000
2104,SSP5-8.5,total,4.5040071035503635,97.72504110309941,72.77612802048952,84.50263897950289,114.7066322403489,128.71238756496615,2000
2105,SSP5-8.5,total,4.5511965486747314,99.68693901432496,74.52181794769548,86.28668064214432,116.86187942069657,131.3487025347117,2000
2106,SSP5-8.5,total,4.589539887956996,101.72755330287265,76.43675957465302,88.04881756119545,119.02362856442727,133.62752007926846,2000
2107,SSP5-8.5,total,4.629223262256404,103.72350821470553,78.2183536583875,89.69591244823998,121.1309139470748,136.0569366061705,2000
2108,SSP5-8.5,total,4.671697435928822,105.65145918094376,80.10744810758574,91.482389997483,123.28131407633174,138.37130129411014,2000
2109,SSP5-8.5,total,4.707404804930306,107.58116234671749,81.931968719713,93.3006380983336,125.47461646729774,140.8389255892119,2000
2110,SSP5-8.5,total,4.7462190056991345,109.48125946962725,83.82712989359979,95.18395915204079,127.62003839246404,143.27302286431166,2000
2111,SSP5-8.5,total,4.77594588603476,111.39375490013083,85.66807937256704,96.93850904183518,129.83752114266633,145.66117990510486,2000
2112,SSP5-8.5,total,4.817657062366482,113.35500050624874,87.46324262366574,98.70545695337992,131.9272607799055,148.05979694936315,2000
2113,SSP5-8.5,total,4.857719962181352,115.2889639564589,89.20082442725835,100.55722602453386,134.1964250651143,150.54695238435343,2000
2114,SSP5-8.5,total,4.892706282391094,117.20540838548838,91.07035374409452,102.41683900227478,136.37958933436323,153.0633664441794,2000
2115,SSP5-8.5,total,4.942579535428325,119.1743852389246,92.81687381083229,104.29304910777824,138.71548149118695,155.47823587058437,2000
2116,SSP5-8.5,total,4.9761215547809785,121.11430201080657,94.62745203170795,106.1472819627503,141.02655252322634,157.87552928464433,2000
2117,SSP5-8.5,total,5.0234542488204745,123.07190897095964,96.1951927368463,107.91573917884206,143.06832641558452,160.4597014648837,2000
2118,SSP5-8.5,total,5.053836698041858,125.15214322014165,97.93016800449989,109.76501847098558,145.20306359889616,163.03690396221702,2000
2119,SSP5-8.5,total,5.081046003855958,127.17950160898287,99.64828883171387,111.66477240571984,147.32016869621728,165.49581376865652,2000
2120,SSP5-8.5,total,5.111420346616944,129.16976811889202,101.52612771251141,113.47519407956418,149.71744905782936,168.020865753858,2000
2121,SSP5-8.5,total,5.145216642157468,131.09605685609958,103.2712573060089,115.2297562156143,151.95289521207985,170.5376817138577,2000
2122,SSP5-8.5,total,5.177644385229858,133.04693893105645,105.09510518327554,116.93180101702278,154.00833967437683,173.05391970483245,2000
2123,SSP5-8.5,total,5.210439817903417,134.9647376863312,106.93422155341692,118.65878052578512,156.4021721278551,175.57258795737437,2000
2124,SSP5-8.5,total,5.252335352694382,136.96112627172613,108.73911568598986,120.4004334366181,158.57135777367398,178.21657916018512,2000
2125,SSP5-8.5,total,5.294188345098916,138.98525521561123,110.36475494371571,122.16595249320886,160.7545869465465,180.68411246109923,2000
2126,SSP5-8.5,total,5.333389997955792,140.93070947049478,112.24001929950381,123.99229270307893,163.14055173024613,183.13840549186534,2000
2127,SSP5-8.5,total,5.361821151916355,142.88914468693122,113.8998048792328,125.79726514928575,165.42224063043497,185.5595819335837,2000
2128,SSP5-8.5,total,5.39408859580083,144.96496186229015,115.49046957261329,127.6991801240953,167.60617436450383,187.97852820185724,2000
2129,SSP5-8.5,total,5.424929099786181,146.92373643465896,117.13814086722428,129.48485582421665,169.83849149562246,190.52982800092286,2000
2130,SSP5-8.5,total,5.4579357640557085,149.08855052538348,118.7455424617886,131.17804460045474,172.24094847396387,193.15996378157064,2000
2131,SSP5-8.5,total,5.478913510911799,151.1570943060438,120.5151005251247,133.01196660369678,174.53523942147748,195.7393541039562,2000
2132,SSP5-8.5,total,5.511898779737037,153.2477860578782,122.20653715838112,134.90584001540594,176.71728642574027,198.25689298105067,2000
2133,SSP5-8.5,total,5.539104523766511,155.177256024929,123.86144508184655,136.63331416302086,178.95252368783483,200.82641062229166,2000
2134,SSP5-8.5,total,5.572705473351193,157.07600073844537,125.47312425237386,138.33662171553175,181.25650104026505,203.3844958785798,2000
2135,SSP5-8.5,total,5.604794034205822,159.00951576662501,127.21060598021671,140.13354984078586,183.59828884268057,205.96096930206488,2000
2136,SSP5-8.5,total,5.641719505308026,161.0918365683458,128.91460123249632,141.8894447702782,185.7441621783871,208.55238450331342,2000
2137,SSP5-8.5,total,5.672496825902029,163.08171405087,130.53631818707856,143.66565281123093,188.03490115456887,211.12906408409404,2000
2138,SSP5-8.5,total,5.705523981047367,165.15364726515168,132.33354466436816,145.4619254982716,190.41871198650574,213.5893459817175,2000
2139,SSP5-8.5,total,5.727851161427154,167.13302535202394,134.12318307976608,147.16712289576083,192.83219770619948,216.04078598279557,2000
2140,SSP5-8.5,total,5.752497012532589,169.16384063697762,135.7760640124572,148.82592761806848,194.95733791651284,218.4881729443096,2000
2141,SSP5-8.5,total,5.775914719811637,171.1710662556541,137.32752656011192,150.5646754663253,197.36061772567342,220.99816982737877,2000
2142,SSP5-8.5,total,5.795470963655953,173.1209087949686,138.85102849709307,152.35545710377568,199.603775367605,223.67152125837387,2000
2143,SSP5-8.5,total,5.821623376752074,175.10500153374994,140.33274781502115,154.12267821118814,202.0135391468279,226.31532513142503,2000
2144,SSP5-8.5,total,5.848793823506787,177.10294065616318,141.97625999964234,155.9467378951528,204.35435698359558,228.8017706691003,2000
2145,SSP5-8.5,total,5.8796144524477665,179.17900128115895,143.45702991785663,157.780483529142,206.70163739758883,231.39120956482898,2000
2146,SSP5-8.5,total,5.9091583670197,181.17389668643438,145.04131167526177,159.63697732316797,209.04268232356918,233.97373047403963,2000
2147,SSP5-8.5,total,5.932415253541499,183.15099880128014,146.75122063309712,161.3208032400773,211.2850382972929,236.69650431177078,2000
2148,SSP5-8.5,total,5.96096757733068,185.16030702133065,148.34791165005672,163.1199369761885,213.56049963529227,239.4198481165932,2000
2149,SSP5-8.5,total,5.984855923664425,187.1651871957921,149.9917113043075,164.88630122777167,215.81972533940578,242.05840407946727,2000
2150,SSP5-8.5,total,6.009791200479169,189.19846364816732,151.63888767844645,166.63318770228364,218.08119260277294,244.642524732882,2000
2151,SSP5-8.5,total,6.028441504608441,191.1100025894031,153.05941618919198,168.38662481855164,220.37275794287785,247.21915955081107,2000
2152,SSP5-8.5,total,6.057363066520258,193.1133979236556,154.6553948921756,170.06430131775005,222.68356600487874,249.77920941072117,2000
2153,SSP5-8.5,total,6.079955302058288,195.136077909164,156.24448711649603,171.768224385995,224.90269604454164,252.3277822795593,2000
2154,SSP5-8.5,total,6.109240893012745,197.27307512488952,157.89204413613885,173.47100121079745,227.05321631668735,254.82445980545575,2000
2155,SSP5-8.5,total,6.129226577689733,199.2564619124539,159.75860898096448,175.14495547378726,229.2459071537757,257.35737241014704,2000
2156,SSP5-8.5,total,6.153261600875571,201.2136544509326,161.32396943201545,176.85404468526193,231.68436542853277,259.6731427859643,2000
2157,SSP5-8.5,total,6.179711065972603,203.19737760174712,162.90583732773726,178.6109536958117,233.92515196272723,261.99036486898115,2000
2158,SSP5-8.5,total,6.209890798168322,205.18183081882142,164.42017276941075,180.35585765034355,236.27957928543964,264.4061291740297,2000
2159,SSP5-8.5,total,6.235836295677487,207.25136140659095,165.9563181578164,182.06101247843995,238.75716243949077,267.0697933135655,2000
2160,SSP5-8.5,total,6.266358270390076,209.18628299386035,167.42554726757538,183.810423350573,241.08526110997812,269.72394360693136,2000
2161,SSP5-8.5,total,6.293047376185408,211.1431337695966,168.97105015749034,185.59753529849183,243.32222886567376,272.3708264510117,2000
2162,SSP5-8.5,total,6.314990012075206,213.05147916943343,170.6095146266201,187.28233551575318,245.744569518454,274.9642424428419,2000
2163,SSP5-8.5,total,6.34206788466492,215.12997562060596,172.15327415480394,188.99644353989495,248.21389674808916,277.6631553185954,2000
2164,SSP5-8.5,total,6.35578476467653,217.12771290305372,173.6919267383504,190.81380911132885,250.62609355558,280.3373039049346,2000
2165,SSP5-8.5,total,6.365862468403385,219.1025878257861,175.2742517725257,192.60949943988203,252.8177715001708,282.7320076362528,2000
2166,SSP5-8.5,total,6.383468880306376,221.05140800180703,176.73528935651922,194.29146314005268,255.12315077869104,285.261716800358,2000
2167,SSP5-8.5,total,6.4081720464584295,222.932403601482,178.21455331436013,195.91865067776388,257.4422637614075,287.6658530516021,2000
2168,SSP5-8.5,total,6.425798598490646,224.959653028251,179.62241270408816,197.57160601997992,259.669653700958,290.2412266645051,2000
2169,SSP5-8.5,total,6.454118406598851,227.02746272255757,181.34977568704957,199.30474439399347,261.9657403283472,292.6988743551883,2000
2170,SSP5-8.5,total,6.486204683733515,228.99949590871876,183.13330475246036,201.09821283181606,264.32336670277715,295.16382163393956,2000
2171,SSP5-8.5,total,6.506022511195588,230.97185589281975,184.64853946453192,202.8683462713509,266.58639660040365,297.6278422707362,2000
2172,SSP5-8.5,total,6.531421061215337,232.97185342437916,186.12667645464498,204.56271396452433,268.863897460217,300.08606094617875,2000
2173,SSP5-8.5,total,6.554138006465327,235.00970021689056,187.60268390594504,206.17595576440547,271.147747634927,302.64506977527856,2000
2174,SSP5-8.5,total,6.576907129836155,236.98184079165148,189.09715256672803,207.90843007377777,273.38984579874074,305.3049367325491,2000
2175,SSP5-8.5,total,6.589808472359773,238.95033513938944,190.53001538573767,209.6654164583465,275.6405582494316,307.9633683026751,2000
2176,SSP5-8.5,total,6.6019459723619525,240.87231769806903,191.97738340482675,211.43358077481315,277.82711234174985,310.4304783935224,2000
2177,SSP5-8.5,total,6.614660280653371,242.78301828586967,193.42350297043114,213.05968565948382,280.05925913236706,312.81637456578903,2000
2178,SSP5-8.5,total,6.633380513903446,244.70224431370508,194.87039322651296,214.7521989895455,282.29261610658045,315.13685183816835,2000
2179,SSP5-8.5,total,6.656222740533219,246.65300583793456,196.26621001925594,216.44448372765154,284.60606438383996,317.45496540431145,2000
2180,SSP5-8.5,total,6.678128541842929,248.58542639591585,197.83586575310716,218.13157203696576,286.92271403041207,320.190230064498,2000
2181,SSP5-8.5,total,6.696941578395637,250.51938633582222,199.63023545636932,219.81437406161712,289.2516950694069,322.7564004948445,2000
2182,SSP5-8.5,total,6.7157318628045894,252.49416584445618,201.42420726176147,221.51120338063677,291.5506786521773,325.55878160770953,2000
2183,SSP5-8.5,total,6.740051518028006,254.4686372957945,202.98977575630434,223.13641450264228,293.8699704003389,328.40193400211393,2000
2184,SSP5-8.5,total,6.752856505124103,256.43912634845856,204.4544310788183,224.77493562442302,296.19250782304084,331.1970979319974,2000
2185,SSP5-8.5,total,6.764235939605002,258.4055413025093,205.91491708926392,226.4182277115221,298.56725980913035,333.9833303892594,2000
2186,SSP5-8.5,total,6.780215887890567,260.3447870635614,207.3726839336085,228.09052721568287,300.83854786851583,336.55517289954537,2000
2187,SSP5-8.5,total,6.791466420090469,262.28010772677095,208.85380540374146,229.6944965050409,303.1634227959972,338.92941209482245,2000
2188,SSP5-8.5,total,6.797450315162923,264.17066491894434,210.33703389467755,231.52488126512827,305.4783831281592,341.29615898414716,2000
2189,SSP5-8.5,total,6.815445705376506,266.0410312253322,211.78033304066412,233.2205586503502,307.8588900442902,343.666702951786,2000
2190,SSP5-8.5,total,6.829200321021954,267.9437829026637,213.24900121629187,234.8658432583511,310.1902830523049,346.32319359169765,2000
2191,SSP5-8.5,total,6.843984002787081,269.9798686830771,214.67138977259586,236.555494265862,312.3514618138192,348.8405483238646,2000
2192,SSP5-8.5,total,6.867009546309087,271.9381052080844,216.1150580773605,238.22623634605944,314.5129544466237,351.6060483251326,2000
2193,SSP5-8.5,total,6.882591514817378,273.97022364340177,217.5608367399359,239.9468114501886,316.78138805647524,354.3361803428548,2000
2194,SSP5-8.5,total,6.901731489455996,275.89654726380843,219.0106115692951,241.58290609433917,319.1077722655698,357.01063751732323,2000
2195,SSP5-8.5,total,6.9115909677334715,277.8495822124928,220.5399734356803,243.21860071137996,321.32862317141263,359.6696721298497,2000
2196,SSP5-8.5,total,6.931368135384477,279.6814761627189,222.00092353338974,244.80946167113973,323.5981752105645,362.3161807686794,2000
2197,SSP5-8.5,total,6.9433891919162045,281.53722072796825,223.36474370318987,246.41381069903235,325.8429452858883,364.9086567889036,2000
2198,SSP5-8.5,total,6.9547094681026,283.3994880095073,224.91530832598195,248.01512647092326,327.95783790294286,367.50727303018806,2000
2199,SSP5-8.5,total,6.960917768280012,285.2759532011887,226.31521146834245,249.59483563089458,330.14445833958035,369.98358310400187,2000
2200,SSP5-8.5,total,6.970768341443509,287.14774154827444,227.71028223836987,251.1752282487899,332.30754545771543,372.4806725335587,2000
2201,SSP5-8.5,total,6.9858294774921905,289.04523667010255,229.05154988082754,252.78097441508305,334.3763538784012,374.99505550232965,2000
2202,SSP5-8.5,total,6.99429547605429,290.8850310429133,230.44246764535592,254.39036973672907,336.428785583573,377.5497617185351,2000
2203,SSP5-8.5,total,7.015072825093854,292.7497303954781,231.8647265544323,256.0528927795244,338.5092424122326,380.17615778349926,2000
2204,SSP5-8.5,total,7.048072466356301,294.7294480932203,233.2856383580923,257.78347024643887,340.6950449844302,382.75637618403107,2000
2205,SSP5-8.5,total,7.062495905426287,296.61233019437395,234.72514042144445,259.39981485925233,342.8817343545941,385.3121301597034,2000
2206,SSP5-8.5,total,7.078679378704682,298.48800362655385,236.1285528634769,261.0348304593366,345.0696026869618,387.8616919447049,2000
2207,SSP5-8.5,total,7.084990713011064,300.38934489245275,237.5013558196489,262.6843935494935,347.405638609837,390.3998421736867,2000
2208,SSP5-8.5,total,7.089441806732302,302.3374309023262,238.97697839268577,264.2992781040475,349.8232520235571,392.9347557363624,2000
2209,SSP5-8.5,total,7.096858454906249,304.2727947826907,240.37885960016195,265.8088619480729,352.01225444797393,395.4574616232309,2000
2210,SSP5-8.5,total,7.094516093639992,306.0698930934258,241.7784481003481,267.434974308127,354.19414853498887,398.0562671499148,2000
2211,SSP5-8.5,total,7.104821898367752,307.9035165120881,243.1742887278509,268.9838938499952,356.4908486299004,400.4895694060597,2000
2212,SSP5-8.5,total,7.1149564353894545,309.7259505529648,244.56763745858973,270.52131010206523,358.8930075256832,402.9996108884567,2000
2213,SSP5-8.5,total,7.128185242059944,311.5323254671553,245.96308924273563,272.065135705504,360.9762358676326,405.5095004949867,2000
2214,SSP5-8.5,total,7.1387012376272105,313.293987820304,247.35795268747444,273.6044312177789,363.23327323707775,408.0193484981926,2000
2215,SSP5-8.5,total,7.151785987242407,315.17900863490695,248.74946745278203,275.1291233420927,365.61583090706876,410.52560595959477,2000
2216,SSP5-8.5,total,7.1599873323527925,317.1073967394145,250.1381160094556,276.7184221858006,367.96786472411804,413.02925584109585,2000
2217,SSP5-8.5,total,7.1663441101175644,318.9411757542878,251.5231706430334,278.2913929018946,370.1746650677271,415.51653831359346,2000
2218,SSP5-8.5,total,7.16903600574906,320.7971674118718,252.90605544957666,279.7476979125577,372.44303893998244,418.0272186035807,2000
2219,SSP5-8.5,total,7.180590856775595,322.64945187415424,254.28433801794333,281.239236989144,374.6340511941345,420.47772544538395,2000
2220,SSP5-8.5,total,7.1899779300695466,324.52874673471854,255.66070445913786,282.7585078515397,376.808230672737,422.9537909367821,2000
2221,SSP5-8.5,total,7.192227004571489,326.43612168671825,257.04014742917553,284.27738183892393,379.1049955269825,425.4284033974775,2000
2222,SSP5-8.5,total,7.203934109479578,328.26281399197455,258.4947492213861,285.7914973195772,381.2011748487974,427.98268046787365,2000
2223,SSP5-8.5,total,7.213171118891374,330.042418067168,260.03486321612394,287.3023041310529,383.387831381619,430.4754215626757,2000
2224,SSP5-8.5,total,7.2215205920334276,331.9088390678182,261.476795905487,288.8241004814666,385.4725368906326,432.9481318146274,2000
2225,SSP5-8.5,total,7.2235705486874995,333.66081919426705,262.7850398016423,290.31729350209065,387.556046393512,435.4191741922915,2000
2226,SSP5-8.5,total,7.2324969141010715,335.4555861197701,264.0892371669298,291.84354373610455,389.65677013557746,437.8863615632282,2000
2227,SSP5-8.5,total,7.246529815759302,337.24846718476704,265.39021256597596,293.3800497546566,391.76902004899387,440.30417707051413,2000
2228,SSP5-8.5,total,7.252379627521919,339.0038072441683,266.6896707806727,294.91511352533354,393.96626848271484,442.6688716140673,2000
2229,SSP5-8.5,total,7.2632171310775,340.7482066450764,267.98574382255924,296.45130329426274,396.1855924329928,445.122975530125,2000
2230,SSP5-8.5,total,7.271621947313981,342.56167811055445,269.3998515028512,297.9370596395013,398.39569858901655,447.57511521453745,2000
2231,SSP5-8.5,total,7.278627167452372,344.3460424998368,270.72488504250606,299.48299103178897,400.6128069753165,450.02542848167457,2000
2232,SSP5-8.5,total,7.279264089930073,346.1243870751938,272.02229666955816,301.0367676820534,402.8249056000116,452.47316242475114,2000
2233,SSP5-8.5,total,7.280722184457256,347.92962064624857,273.40617253630495,302.59824916529857,405.0361601725655,454.907933248799,2000
2234,SSP5-8.5,total,7.288982816774306,349.7712499373674,274.78380818649725,304.13455439446926,407.13028177601865,457.23621013447195,2000
2235,SSP5-8.5,total,7.2980039878624225,351.55039371583086,276.15787513542745,305.65653294071166,409.3811602719011,459.4595936578498,2000
2236,SSP5-8.5,total,7.3043741272263665,353.45825091612664,277.52875076020416,307.15910900475757,411.5265983213684,462.19234337536614,2000
2237,SSP5-8.5,total,7.31312588227286,355.3135673864597,278.8972628769193,308.66651591465677,413.7115267637104,464.6298626245886,2000
2238,SSP5-8.5,total,7.312612975895703,357.1169862062095,280.2704417864187,310.1865247604493,415.8706225481778,467.06025514407054,2000
2239,SSP5-8.5,total,7.3310520869894145,358.83442029074433,281.64233664199554,311.6147662725621,418.12644239321395,469.48762060507266,2000
2240,SSP5-8.5,total,7.335212262905988,360.52408649908034,283.015043197906,313.0277334565347,420.2387049792826,471.9160628683413,2000
2241,SSP5-8.5,total,7.345193497716741,362.26601976010613,284.3828907955164,314.4354639971565,422.2899064045323,474.3391081396797,2000
2242,SSP5-8.5,total,7.351439212696151,364.0554657113083,285.748469365021,315.8406740331686,424.43310532862773,476.7606470704439,2000
2243,SSP5-8.5,total,7.349425889177231,365.841696675775,287.1104035962909,317.2566360851365,426.57142624244995,479.1785239056092,2000
2244,SSP5-8.5,total,7.350507135584997,367.57784222051134,288.46228850389065,318.75436220975325,428.6930195885703,481.62732124655804,2000
2245,SSP5-8.5,total,7.349181231872608,369.29139854244653,289.80861559297136,320.2608249684356,430.6505637311345,484.1100602699467,2000
2246,SSP5-8.5,total,7.353231645532587,371.0210843613664,291.1046547804451,321.7653560913053,432.6773580692826,486.51373287992334,2000
2247,SSP5-8.5,total,7.356303617760265,372.7306253679635,292.3128839555591,323.27350936037476,434.9367111951157,488.8086012838375,2000
2248,SSP5-8.5,total,7.358891036254669,374.3995582830912,293.6460222292009,324.77950991647236,436.98258514426175,491.1511774501238,2000
2249,SSP5-8.5,total,7.368516544587208,376.05901683375873,294.9892477552052,326.2790424156753,438.9299947158641,493.53986065415717,2000
2250,SSP5-8.5,total,7.380547257275471,377.771005195059,296.33625721099304,327.7714723974227,440.8782936377301,495.93134186695903,2000
2251,SSP5-8.5,total,7.383332920033877,379.5302318238309,297.6849467017003,329.26529316630524,442.82474578733843,498.36640810326605,2000
2252,SSP5-8.5,total,7.388545884688615,381.20834523200824,298.8792341773995,330.8120064560984,444.8738329571593,500.9761790794778,2000
2253,SSP5-8.5,total,7.391045132739745,382.84274282162016,300.0041542934518,332.29120290415415,446.9710989554477,503.5057780729568,2000
2254,SSP5-8.5,total,7.3830128099047565,384.4508373536412,301.1900510859141,333.7364688909202,449.06004298859136,505.8451359567454,2000
2255,SSP5-8.5,total,7.387115574383927,386.12101272356654,302.4795192596067,335.1453131633106,451.13940642134827,508.1473628975674,2000
2256,SSP5-8.5,total,7.3844725960224125,387.73368782078467,303.77688704350044,336.5406813751643,453.1964959568452,510.5832515182054,2000
2257,SSP5-8.5,total,7.383639947861127,389.33948104345404,305.0404175461886,337.9171641667084,455.1662149132602,512.809550939624,2000
2258,SSP5-8.5,total,7.384242666887389,390.93927980342187,306.3092937120014,339.2459527428947,457.1923052144313,515.0292567054635,2000
2259,SSP5-8.5,total,7.381447692341897,392.59871439676,307.5115595856941,340.5706155763479,459.28310949479055,517.2991402078665,2000
2260,SSP5-8.5,total,7.380625739760694,394.31395144317946,308.71104538751916,341.9274981552432,461.16564261562024,519.5740625764037,2000
2261,SSP5-8.5,total,7.388511301710085,396.03672958413,309.90843306741897,343.3408594032206,463.1339669247136,521.8712409024641,2000
2262,SSP5-8.5,total,7.384204774050025,397.81283138975044,311.10621481924386,344.7577164429798,465.041463728468,524.2044791449292,2000
2263,SSP5-8.5,total,7.389791426726607,399.5359158694339,312.30787869645275,346.1726066946697,466.94588431786235,526.5311847793856,2000
2264,SSP5-8.5,total,7.39235440037691,401.30626337469073,313.55552057462717,347.56619049868704,468.994593169941,528.8553217944611,2000
2265,SSP5-8.5,total,7.395262333168682,403.0689652237685,314.80288050740796,348.9276302622507,471.03020702215997,531.1765325781464,2000
2266,SSP5-8.5,total,7.4006968001478945,404.69861779806536,316.04513366855275,350.21353180587465,473.12240758535614,533.4920451359059,2000
2267,SSP5-8.5,total,7.400439306799472,406.27538127967534,317.2957254094332,351.4997658347081,475.11073311587916,535.8035688644972,2000
2268,SSP5-8.5,total,7.399911401776155,407.9150257472692,318.53758425879755,352.8127279806804,476.9675759883528,538.1004646091958,2000
2269,SSP5-8.5,total,7.403330993416088,409.55901956820094,319.75123891638054,354.2102687264856,478.92039167620067,540.3925417526594,2000
2270,SSP5-8.5,total,7.4040630935581495,411.176027164221,320.9792024886574,355.6014871664561,481.1756860030399,542.4969984146073,2000
2271,SSP5-8.5,total,7.402092949763769,412.7610539556507,322.20540527540845,356.9800119783582,483.06588770287874,544.5607626437595,2000
2272,SSP5-8.5,total,7.4013153226667105,414.4238790800317,323.4301467097562,358.39478900904265,484.9489062527565,546.6219368210205,2000
2273,SSP5-8.5,total,7.40833467279932,416.2115764951708,324.6523841192405,359.7622480725127,486.82649071194106,548.7042841391687,2000
2274,SSP5-8.5,total,7.41379733211296,417.8951876290049,325.8728570284626,361.19345513925373,488.70165922933313,550.9171197556439,2000
2275,SSP5-8.5,total,7.416422197633253,419.46380174180075,327.0913175210279,362.57665341701227,490.614548443823,553.1257618588721,2000
2276,SSP5-8.5,total,7.417637947136342,421.0195394563833,328.310048913897,363.9590504053847,492.6256140468114,555.5550643658286,2000
2277,SSP5-8.5,total,7.420580607314838,422.6077844664302,329.52659990650625,365.3382123772086,494.60197685444626,557.9802227571174,2000
2278,SSP5-8.5,total,7.418322963725158,424.2463646757826,330.73924605487895,366.71331770601756,496.51687144080364,560.1843734714503,2000
2279,SSP5-8.5,total,7.419821578717986,425.8999936503872,331.9490547250131,368.0847134237862,498.4276040608831,562.2605181678342,2000
2280,SSP5-8.5,total,7.420520876799646,427.54973692697166,333.1562388802552,369.45163305774764,500.35066931920323,564.5471705978929,2000
2281,SSP5-8.5,total,7.418631116595542,429.102824207642,334.25467959532597,370.70358548777443,502.4558951740036,566.849601925715,2000
2282,SSP5-8.5,total,7.421817746645316,430.6661558544263,335.3390221697442,371.9648168027139,504.486001319791,569.0989804290672,2000
2283,SSP5-8.5,total,7.421512220147265,432.2709937085316,336.4229867230118,373.22517164247273,506.4021847046346,571.2449354632026,2000
2284,SSP5-8.5,total,7.427359381523998,433.90219525332725,337.5036661769273,374.5223566160332,508.3054367970137,573.385952917583,2000
2285,SSP5-8.5,total,7.437580958016404,435.56046340494566,338.65921728514746,375.8790570622442,510.19715905684234,575.5224844580761,2000
2286,SSP5-8.5,total,7.44447375785462,437.2160802202419,339.8335732569013,377.16350572735536,512.0872435062895,577.6858166701847,2000
2287,SSP5-8.5,total,7.444262457715933,438.8166095807768,341.0086754766516,378.3923264219235,513.9780537028005,579.9293686883123,2000
2288,SSP5-8.5,total,7.443507288348442,440.3875718792582,342.18121807699987,379.66903786471266,515.8652521465226,582.1698334755192,2000
2289,SSP5-8.5,total,7.443830003663494,441.956194436774,343.3516308141016,380.9864431410946,517.7493363015243,584.4077013239448,2000
2290,SSP5-8.5,total,7.450734473618776,443.5203343459092,344.51878580689515,382.3108819335928,519.6280153312641,586.6408840392065,2000
2291,SSP5-8.5,total,7.4522533967703835,445.06838901318673,345.6877043700332,383.639224800409,521.5055592816251,588.8721796103449,2000
2292,SSP5-8.5,total,7.455016358737552,446.5962866749626,346.8083553982669,384.9648016257441,523.3791937127082,591.0927071387108,2000
2293,SSP5-8.5,total,7.452878628116129,448.13084607050985,347.8654954425097,386.2896593989749,525.2516492189699,593.3021915724637,2000
2294,SSP5-8.5,total,7.454580327593074,449.7000319096498,348.9208240759378,387.61230667521136,527.1933330536871,595.5086609130896,2000
2295,SSP5-8.5,total,7.462917348942109,451.26717786920756,349.97706570899334,388.87498497452077,529.1723807482188,597.7130389566528,2000
2296,SSP5-8.5,total,7.46551324668946,452.8354872034569,351.03449932840624,390.1318484874922,531.1104785102789,599.9122734375827,2000
2297,SSP5-8.5,total,7.480334069080986,454.40387263094533,352.09243767850063,391.39252797738624,533.0052076436341,602.1509185365344,2000
2298,SSP5-8.5,total,7.480585771213185,455.9747595736839,353.1524134539559,392.6574738893874,534.8854140447861,604.3763789910244,2000
2299,SSP5-8.5,total,7.490148770300169,457.54423270549637,354.3015938195031,393.91830820367545,536.7563321383777,606.5977083823382,2000
2300,SSP5-8.5,total,7.498358103251911,459.1079178796247,355.4684565739489,395.1790989777046,538.5944584122502,608.7955158617967,2000
