year,ssp,gmst,gsic_med,gsic_lo,gsic_hi
1990,Very Low,0.5549323129780074,-0.9399118564955005,-1.0960354070029088,-0.8224063842021445
1991,Very Low,0.5842776558307643,-0.8801794793500393,-1.026608230452588,-0.7704340675668575
1992,Very Low,0.5068514056020823,-0.8183164802549686,-0.9543712730142715,-0.7163448329417169
1993,Very Low,0.2957638454934736,-0.7630334680492887,-0.8898262322173621,-0.668002478767636
1994,Very Low,0.32263621101166673,-0.7255784136339732,-0.8460689809383389,-0.6352218981118568
1995,Very Low,0.44617070918554025,-0.6857753140516336,-0.7997065367531387,-0.6004841225158579
1996,Very Low,0.5374490349232901,-0.6355144151209254,-0.7412698573350084,-0.5566921485436735
1997,Very Low,0.598189663208572,-0.5777720548245389,-0.6739433276665913,-0.5062321169142243
1998,Very Low,0.6454053664735274,-0.5150180752745225,-0.6007482776729393,-0.45135981470746356
1999,Very Low,0.6889557500192713,-0.4482794707498919,-0.523027340262439,-0.3930781430051275
2000,Very Low,0.7316154504182077,-0.37803313357387736,-0.4411452174442672,-0.331624431595804
2001,Very Low,0.77181758652432,-0.30420845882119474,-0.3549277333167268,-0.2670596900109251
2002,Very Low,0.8011194136457899,-0.22718318929244558,-0.26504795501901285,-0.1996423445987723
2003,Very Low,0.8305805959396302,-0.14808342908381422,-0.17242571190079692,-0.12994031404793563
2004,Very Low,0.8414618002473262,-0.06640839082251503,-0.07726251559227355,-0.058302584623008726
2005,Very Low,0.8491062868195517,0.01581556725795824,0.013455684801679064,0.019020829044595063
2006,Very Low,0.851816182088209,0.09871142294069213,0.08616347043088834,0.1151160425697968
2007,Very Low,0.8608041211160541,0.18151191881807674,0.15856508264878674,0.21145735990690548
2008,Very Low,0.8733595845062508,0.26486612538076315,0.23186478872962282,0.30889811159602404
2009,Very Low,0.8943131356158592,0.34924385983536926,0.3059910758089979,0.40740397340605666
2010,Very Low,0.9191687123134434,0.4352697749008913,0.3815398365654836,0.5077526527154207
2011,Very Low,0.9514307792672222,0.5230241037760814,0.45877617629954165,0.6103133935191113
2012,Very Low,0.9754629045078027,0.6132594750902733,0.5380962494016243,0.7154941819370031
2013,Very Low,1.0080022451104809,0.7050511625141271,0.6190089268658904,0.8225738973838939
2014,Very Low,1.0426535350416293,0.7992637268574894,0.7021159467992758,0.9324616150319082
2015,Very Low,1.0746854893522804,0.8961606617673092,0.7875563324202585,1.0455443189972673
2016,Very Low,1.1055332825135755,0.9959867678403469,0.8751293416585404,1.161903762429058
2017,Very Low,1.1299024466098344,1.0979724264443331,0.9647317014609773,1.2809295135296836
2018,Very Low,1.1559945114677386,1.2018807951942407,1.0553013452008602,1.4017374579938044
2019,Very Low,1.1812515729476785,1.3074123378749287,1.1472299422032628,1.5232086850924538
2020,Very Low,1.1944871446555292,1.414064866173011,1.2407921678107277,1.646516318153783
2021,Very Low,1.2203208155113423,1.5218645603188672,1.335910346824728,1.7705239236867878
2022,Very Low,1.248046333642033,1.6315589144188396,1.432872278583594,1.8978830545750756
2023,Very Low,1.2811030409964752,1.7427584538140026,1.5313258410734427,2.028339737880096
2024,Very Low,1.3151684253982685,1.8562985328030195,1.630482503050533,2.1616045712179996
2025,Very Low,1.3473632864533376,1.9726513202123508,1.7329886666670622,2.297752099419056
2026,Very Low,1.3764431486702806,2.092103981714054,1.8357352643646052,2.436521490141528
2027,Very Low,1.3954249274437849,2.213309652553222,1.9396085051889094,2.5778982740646432
2028,Very Low,1.410741192749927,2.334920404290968,2.0455663417416687,2.719608338909634
2029,Very Low,1.429118536398546,2.45675023885679,2.153950638705677,2.8608046616696052
2030,Very Low,1.446347729056142,2.580090260344506,2.263159672785928,3.0062850256099365
2031,Very Low,1.4646476470901957,2.704165812488616,2.372709388768072,3.149315157785895
2032,Very Low,1.4844991050432297,2.8290203106265177,2.482151389286405,3.2910943493427465
2033,Very Low,1.5080113657011267,2.9547548849268193,2.5929046948318684,3.437699493839014
2034,Very Low,1.5347781252166632,3.082087829404122,2.7055218821968396,3.585776867943105
2035,Very Low,1.5643897114238159,3.2117162272183903,2.8204468703339147,3.73569059914895
2036,Very Low,1.5939253700715217,3.3432355985449225,2.937103959759584,3.887668102960449
2037,Very Low,1.6187763222318674,3.476314402091986,3.055473261669189,4.041674756281859
2038,Very Low,1.641578294829091,3.6118224034534068,3.1752226920788784,4.197133207870705
2039,Very Low,1.663023494550637,3.7488238841460704,3.2960019078970544,4.3540711803331185
2040,Very Low,1.6757053860046853,3.886290497527608,3.4180540534938277,4.514470392447096
2041,Very Low,1.6872375968827844,4.024471079948319,3.539512240771616,4.675485858290944
2042,Very Low,1.6986463268145262,4.163400822749683,3.6587008501693625,4.836899561325922
2043,Very Low,1.7099210348405105,4.303565805992721,3.780948553863399,4.994299424312264
2044,Very Low,1.7221148385558214,4.443097003637151,3.9040222207320325,5.156620978663676
2045,Very Low,1.7353842076887713,4.5822065444911235,4.027517480513864,5.314382803909476
2046,Very Low,1.7524490364639325,4.721205085412041,4.146745299399107,5.475239329862729
2047,Very Low,1.7664825084129188,4.860830481289192,4.266378947146363,5.641367312215307
2048,Very Low,1.7762204031910978,5.002080302884014,4.386376521505767,5.808550345806444
2049,Very Low,1.7848332512063474,5.142056385094594,4.5063569590862524,5.976141406735364
2050,Very Low,1.7905555755241365,5.2829812454888545,4.628631439645154,6.144058398389246
2051,Very Low,1.7922327043686885,5.4239099635227,4.7529502672629045,6.312045861917033
2052,Very Low,1.7930486410171884,5.563790740819906,4.877092552597646,6.479312267454899
2053,Very Low,1.790671955645831,5.704044934066909,5.000860299702786,6.6376967790585075
2054,Very Low,1.7882941617902688,5.842963092402263,5.123396691479455,6.794785597088171
2055,Very Low,1.7857879970611228,5.984564195420411,5.24730273892129,6.950807275841149
2056,Very Low,1.7842772562972027,6.123667188646184,5.370675728648697,7.111103555108137
2057,Very Low,1.7890681687141787,6.259121049610493,5.489931065336749,7.268911127751258
2058,Very Low,1.7973344684907229,6.395317185817554,5.61119489951563,7.424116248753262
2059,Very Low,1.8028593994699578,6.532772498754254,5.732704668827042,7.587340204562552
2060,Very Low,1.805537378843774,6.669598469229642,5.8542317633444645,7.741399202223428
2061,Very Low,1.8054804599548602,6.804468986603346,5.977241788072773,7.901171501604051
2062,Very Low,1.8025145425839038,6.939493799507125,6.09987378601825,8.057040290237861
2063,Very Low,1.7993168987886905,7.076057477020808,6.221864803730034,8.21422123435218
2064,Very Low,1.797819551034533,7.212550390168013,6.3434351549304955,8.370896113765795
2065,Very Low,1.79556377046776,7.345875914504597,6.458952163758817,8.526467879527102
2066,Very Low,1.7938244319034435,7.479861827920213,6.578632916631644,8.673599895007376
2067,Very Low,1.7918369346599157,7.6126556524695514,6.698050494700118,8.824254967380076
2068,Very Low,1.7926827533330385,7.745494158813733,6.816520710025573,8.979533698931359
2069,Very Low,1.7956358444722798,7.877224834715113,6.9309579264158,9.134341096591594
2070,Very Low,1.8016074981274095,8.008534511644658,7.044006879231905,9.288844389302847
2071,Very Low,1.8060618850146164,8.138354227061775,7.158037283395197,9.44328058263363
2072,Very Low,1.8083719319329978,8.267723006971089,7.274347650837454,9.597525655648608
2073,Very Low,1.8085148168964276,8.396272741047136,7.390356458788347,9.750834467619509
2074,Very Low,1.8038663999854794,8.524697401932576,7.5050829427979036,9.902055004061255
2075,Very Low,1.8006000885188493,8.655412796783214,7.617287318415185,10.052337403417734
2076,Very Low,1.7942420432364075,8.783480366428421,7.729428821437455,10.20177193906411
2077,Very Low,1.7875369474378608,8.910814300021862,7.840737272333925,10.35012698868079
2078,Very Low,1.7817481202820937,9.036892032938557,7.942364053995117,10.497383260600069
2079,Very Low,1.7761735262951623,9.164868713526623,8.05030482982542,10.64361747038673
2080,Very Low,1.7757311040039334,9.290508381792469,8.162124175725673,10.788999417308865
2081,Very Low,1.7800093486559505,9.41532572553681,8.27368486810231,10.940340925425843
2082,Very Low,1.7843545676507084,9.537880180062903,8.38517586334518,11.091625321358416
2083,Very Low,1.7878266341681368,9.661788784126866,8.49230739246159,11.24285554273984
2084,Very Low,1.7838581181702635,9.785428556849972,8.595319676810218,11.393790543820057
2085,Very Low,1.7742873276230857,9.910904204228808,8.697548006213681,11.53460925863537
2086,Very Low,1.765694157329399,10.03364365357194,8.798762915743142,11.665964416774845
2087,Very Low,1.7568746487375562,10.154228179784628,8.897456409111856,11.795894948098676
2088,Very Low,1.7485383754998596,10.273170401092347,8.993662428489733,11.930097916346032
2089,Very Low,1.7422507337874198,10.39199029782134,9.093273050600953,12.069643014829133
2090,Very Low,1.7376988610044797,10.509953784302411,9.19388273613646,12.209509224677628
2091,Very Low,1.73497023885614,10.628798451313841,9.295804067486857,12.353521471874366
2092,Very Low,1.7373890071653617,10.745593426435164,9.392467220297288,12.496963152428743
2093,Very Low,1.737491662634715,10.85933597218731,9.488414855731317,12.640226888970847
2094,Very Low,1.736443925075792,10.975904086074667,9.595899523638643,12.783136260948751
2095,Very Low,1.736215553406298,11.090651901068114,9.69245652874177,12.9256046640823
2096,Very Low,1.7317758428839907,11.204323822555804,9.78813605637245,13.067609728140624
2097,Very Low,1.7198217945181624,11.316327182671113,9.885525480239561,13.208873755682527
2098,Very Low,1.7093897105273619,11.43017124820442,9.98371070042524,13.342158629850417
2099,Very Low,1.7015276948622333,11.54290699569805,10.080569086612915,13.472944976493629
2100,Very Low,1.6945835554389448,11.651912370976145,10.168923195419298,13.602776892192201
2101,Very Low,1.6908837427976435,11.761676930993826,10.256441717067064,13.738543919337554
2102,Very Low,1.6910704059122783,11.873146674296255,10.345279944156353,13.865956663768175
2103,Very Low,1.6942816895198216,11.979951917487512,10.443495191742123,13.990567886181358
2104,Very Low,1.691880884693429,12.088877181526719,10.541571672511676,14.116487682480123
2105,Very Low,1.6898464919405454,12.196004355448983,10.634743199847579,14.240427032926947
2106,Very Low,1.686484392681105,12.30436069833744,10.730982278340312,14.366368417177105
2107,Very Low,1.6814370587674108,12.408826373447809,10.826115071502736,14.493731930346197
2108,Very Low,1.6732533141166235,12.517630323764578,10.913088947521826,14.626352835642082
2109,Very Low,1.6657146270285668,12.62704425531858,11.003264836481566,14.752690016887792
2110,Very Low,1.6587655656186306,12.734089524466867,11.083983119673027,14.875738383058541
2111,Very Low,1.6532803856442642,12.839915435759455,11.168821635903043,14.997866108977004
2112,Very Low,1.6495182103928878,12.942489595573667,11.251716935240818,15.118569926830457
2113,Very Low,1.647939347619953,13.046967683775836,11.334519112246078,15.23843093184228
2114,Very Low,1.6493480740395183,13.150795246483854,11.416826226750734,15.357737169843183
2115,Very Low,1.6493048967048807,13.254349983558518,11.498777350372205,15.476688733356553
2116,Very Low,1.6488951242161436,13.357805450060388,11.58044331436289,15.59032484210843
2117,Very Low,1.6489289344164104,13.455785644215577,11.66191875124689,15.712846438268674
2118,Very Low,1.6431817718788242,13.555188046443845,11.742986957179415,15.832024403159151
2119,Very Low,1.6343680866194714,13.657123225639083,11.82339053806532,15.950276627852716
2120,Very Low,1.6266664813455027,13.757822933492315,11.904100744771016,16.06935643578865
2121,Very Low,1.620818349669258,13.857221576461647,11.985771829234935,16.192932940122947
2122,Very Low,1.616050830224986,13.956101840439183,12.067665663692262,16.317298823143464
2123,Very Low,1.614514183361013,14.055498465044685,12.149195322762427,16.434193979688143
2124,Very Low,1.6169352968588742,14.149086087870423,12.235203915190446,16.542075852663192
2125,Very Low,1.6201757145024396,14.240986779800469,12.321333967982351,16.652686253818096
2126,Very Low,1.6190180935249712,14.335074215615162,12.41233225145397,16.767847208158273
2127,Very Low,1.6182061632382867,14.430832615267288,12.489282089307734,16.881466328851637
2128,Very Low,1.6157999196779635,14.527507680417244,12.570152645492351,16.98807317910227
2129,Very Low,1.6112738617925726,14.630180605614406,12.635410530674323,17.09443976284015
2130,Very Low,1.60369835598519,14.72576201552587,12.720566091926221,17.209132734681692
2131,Very Low,1.5974622182191316,14.81638594695908,12.790564279677161,17.322972229339523
2132,Very Low,1.5920159403439995,14.909514682746732,12.865488272590857,17.436050309252362
2133,Very Low,1.5889226221843846,14.998923741834622,12.942246640025646,17.548422463951145
2134,Very Low,1.5887825215134195,15.088353893675098,13.018594802705621,17.66020885745774
2135,Very Low,1.5915288311028197,15.182303675374321,13.088578782168353,17.77131518996229
2136,Very Low,1.5927734770408586,15.276917737628498,13.158303319182828,17.87626941035135
2137,Very Low,1.5933046659119938,15.362199741142167,13.22878082694469,17.97910313559707
2138,Very Low,1.592811408115683,15.45706651712605,13.303813991196778,18.081547713595786
2139,Very Low,1.5871278364741028,15.552501990998424,13.381873223326169,18.18354447016068
2140,Very Low,1.5836653228471105,15.647264138507413,13.451360783398743,18.28443153346205
2141,Very Low,1.5770837079946354,15.736220256404785,13.524200990389541,18.38465585307174
2142,Very Low,1.5707829619752507,15.825843053543124,13.586434422917037,18.484086269207026
2143,Very Low,1.5652800209223026,15.916491077286583,13.64639786907879,18.58852885469097
2144,Very Low,1.5603919348927742,16.00520126551778,13.7204393072249,18.692579888939314
2145,Very Low,1.55762569448127,16.095520084584855,13.78143666506293,18.795973405677564
2146,Very Low,1.5565128266475017,16.183061797106348,13.841299601883517,18.898841098010482
2147,Very Low,1.5545871466332948,16.26817457441874,13.900761384041134,19.00632442151006
2148,Very Low,1.5517628719331744,16.352750364577666,13.974413606392238,19.10325717922987
2149,Very Low,1.5492212494816988,16.44071891178433,14.052814658192204,19.205902208215978
2150,Very Low,1.5466873300067752,16.529540239446774,14.121913711213722,19.314766504255143
2151,Very Low,1.542581876404247,16.618189143546648,14.185245216498432,19.42033274330202
2152,Very Low,1.5385174134770434,16.704384809255583,14.248262336863249,19.5253559160151
2153,Very Low,1.5348658875959105,16.785241112456536,14.309329903460675,19.62984125428478
2154,Very Low,1.5316057439809607,16.86945617628704,14.3663301877511,19.733816900955055
2155,Very Low,1.529096943578764,16.95261053293666,14.422841412891513,19.837309380933757
2156,Very Low,1.5279224529605167,17.0344705932881,14.483631667363166,19.939748073677507
2157,Very Low,1.5293592473955553,17.11735741807589,14.550671537851128,20.041684354976255
2158,Very Low,1.5332327210678651,17.20159539233621,14.617237769646119,20.144109302177906
2159,Very Low,1.5360478129203823,17.285895327213062,14.67820828678821,20.24567142403384
2160,Very Low,1.538224061315738,17.370068027346672,14.739089875710828,20.347909941981044
2161,Very Low,1.5389288830039722,17.453967079026032,14.799068060393148,20.449999324991612
2162,Very Low,1.5331447945464187,17.533087951099667,14.861040410760692,20.551671943150325
2163,Very Low,1.5307521451607757,17.61456078672417,14.928875514001591,20.64094547836189
2164,Very Low,1.5247164078797006,17.69417781526296,14.996662478781854,20.723038163259286
2165,Very Low,1.5190523488748386,17.771587408869163,15.061165323165794,20.814483539763245
2166,Very Low,1.5139462896076652,17.85126552787425,15.115430453496637,20.893433656264314
2167,Very Low,1.510286225546427,17.931380395681025,15.173528808538428,20.980021234250952
2168,Very Low,1.5098979619577073,18.009478697080553,15.224539365562103,21.077296538816384
2169,Very Low,1.5155134606576262,18.08728909798615,15.275219526752108,21.17426694818842
2170,Very Low,1.5253870424935172,18.165093101178027,15.325753508595222,21.271282868078845
2171,Very Low,1.5286066506209361,18.241534737436858,15.376848990518535,21.368589236851154
2172,Very Low,1.5301773353495738,18.31869997228113,15.434573363751152,21.46579617600934
2173,Very Low,1.5243602064424624,18.40040317717056,15.493382055441266,21.562676069198744
2174,Very Low,1.520833751883264,18.478470771606673,15.550348574142344,21.658732493883775
2175,Very Low,1.5152041495392479,18.553955322749882,15.603021121234203,21.754280566994137
2176,Very Low,1.5070325055045009,18.631181385553724,15.655227263587076,21.851947717503204
2177,Very Low,1.500014026359307,18.706203316896747,15.709226151839676,21.946074094793513
2178,Very Low,1.495705401657778,18.781493412221522,15.75749476973515,22.036937300084126
2179,Very Low,1.494163084466304,18.85777685816042,15.807713035230574,22.129936454539397
2180,Very Low,1.496814463782164,18.934968480698586,15.857927832115616,22.21649280529093
2181,Very Low,1.5003937701758776,19.0099835184377,15.908180495525114,22.302511577938176
2182,Very Low,1.5023986877280802,19.084574907713737,15.958259099293251,22.39954722773926
2183,Very Low,1.5029493312097932,19.160419665197093,16.0088860937932,22.487137432086012
2184,Very Low,1.4989735580955765,19.236060080889004,16.06265056902113,22.574824724210558
2185,Very Low,1.494931751137694,19.30894810739921,16.12327869383705,22.672175997898737
2186,Very Low,1.4895395432343448,19.375609061772074,16.18291187616134,22.769059326704472
2187,Very Low,1.4825040546232469,19.44837310835345,16.234089036934947,22.86539725093849
2188,Very Low,1.476369047570698,19.519961215743514,16.28479544473099,22.95667356581456
2189,Very Low,1.472375665262043,19.59231787268974,16.33506335551003,23.042838695802534
2190,Very Low,1.4698694245185957,19.664569903300258,16.384962605200396,23.128507168991824
2191,Very Low,1.4710124791571657,19.73652096135592,16.434541671864483,23.213759947888416
2192,Very Low,1.4745780189498074,19.804923196570186,16.483913974683233,23.298790360563352
2193,Very Low,1.4750417322889358,19.870925094488634,16.53315356551407,23.383665551858755
2194,Very Low,1.4752178743222313,19.941690169226433,16.582166441314786,23.46803511366242
2195,Very Low,1.4743000215709814,20.014993262164356,16.63094490303431,23.55212993069178
2196,Very Low,1.4683945526194135,20.088502878874444,16.679457332041686,23.63589410602316
2197,Very Low,1.465559012437377,20.15819357038169,16.728727016489962,23.719072388712515
2198,Very Low,1.4594683092693148,20.231955622872306,16.777800208740803,23.801825705118638
2199,Very Low,1.45409377503938,20.3061353976179,16.822472792772903,23.883989945698076
2200,Very Low,1.4493310946416853,20.379747712310078,16.86920232051987,23.965605279351145
2201,Very Low,1.4453416967161465,20.446563267465432,16.91582758836594,24.0460813485269
2202,Very Low,1.4454735030425783,20.512695005295384,16.962112891894634,24.127857337885963
2203,Very Low,1.4504428305904524,20.574186306403917,17.00871634795044,24.208454140941605
2204,Very Low,1.4591199278605702,20.6356612246758,17.05615487964493,24.28879334385007
2205,Very Low,1.4631167239938023,20.694817690109023,17.103634436521013,24.36929668801477
2206,Very Low,1.4651633377417106,20.763706048642227,17.151015018220328,24.449726989933797
2207,Very Low,1.4579350729676426,20.828261278021394,17.198238973082734,24.529385847482448
2208,Very Low,1.4526380439032902,20.8983455206709,17.245036521102886,24.60667330688782
2209,Very Low,1.4429821491056671,20.962397674457897,17.291467469409554,24.683427060626247
2210,Very Low,1.4346794674427144,21.030258267587776,17.337409160508223,24.75944257589471
2211,Very Low,1.4289492830590529,21.097222210511127,17.3829051689847,24.834789882735816
2212,Very Low,1.42462892566515,21.159796370632186,17.4280331606463,24.91503306187024
2213,Very Low,1.4229439403733877,21.223139305000288,17.472940172724584,24.999455836561886
2214,Very Low,1.4223206711850283,21.289642472661622,17.515486795223865,25.07640295936864
2215,Very Low,1.4202412860868705,21.351765452201214,17.562150168247374,25.156868990550375
2216,Very Low,1.416888249798904,21.415576461869357,17.60585253370652,25.237166630218557
2217,Very Low,1.4127927478162148,21.476831323191497,17.64960859650606,25.31707574335609
2218,Very Low,1.4089444844044092,21.537497894087114,17.693093858075613,25.39656042377512
2219,Very Low,1.4053355800530456,21.594022537330844,17.736279929253453,25.47563536432255
2220,Very Low,1.4023975701304847,21.650283014240365,17.779175669220578,25.554314711794046
2221,Very Low,1.3993419912077012,21.709826657497633,17.82180165050731,25.6321438903167
2222,Very Low,1.3965871128970881,21.770061051119853,17.862396169491007,25.709134117951997
2223,Very Low,1.3937233977506107,21.82998096569203,17.901111144737104,25.785772277361378
2224,Very Low,1.3911167566188851,21.88990603022446,17.939554112394372,25.861455387206444
2225,Very Low,1.3888437906325588,21.942053354758936,17.97773348029983,25.932763865468193
2226,Very Low,1.3879053528195968,21.993962033459795,18.015659396377767,26.012032974906464
2227,Very Low,1.3878619330260962,22.052259099987836,18.053366363250397,26.09104225725146
2228,Very Low,1.3872113869118625,22.11035158079035,18.090877474295517,26.167119077353096
2229,Very Low,1.3873378122581208,22.167230009695835,18.128178913918653,26.242895685958008
2230,Very Low,1.385464968398578,22.2225022824406,18.165290579801066,26.318474310773023
2231,Very Low,1.384146644554271,22.277491555909933,18.199590694384913,26.393757302550174
2232,Very Low,1.3817992137842392,22.33438074044796,18.22913747664537,26.468772942137388
2233,Very Low,1.377564560658896,22.39092041602953,18.266364765183035,26.543471987133184
2234,Very Low,1.3732412960742233,22.44685354521124,18.303889235491077,26.617763998419676
2235,Very Low,1.3699782885459506,22.501617862738854,18.341128066806988,26.691646756329913
2236,Very Low,1.3669866461224365,22.55212778637936,18.37810937718881,26.7651736500735
2237,Very Low,1.3655510863620839,22.608126123157838,18.414356430677707,26.838359448429156
2238,Very Low,1.3680831261187703,22.662747576831144,18.444444991971963,26.910912507621333
2239,Very Low,1.373508686679988,22.717270652985064,18.474392996625184,26.989308611393454
2240,Very Low,1.3747835529074268,22.766798877825465,18.504257240495562,27.06337300018784
2241,Very Low,1.374618283501904,22.81983175429348,18.533955874527333,27.141741316820923
2242,Very Low,1.3746071604449392,22.872664419002525,18.563461586273327,27.212584583473383
2243,Very Low,1.3722548158749817,22.927359012068408,18.59277843324151,27.27934989431522
2244,Very Low,1.3659558472525275,22.982533302948063,18.621862715098707,27.345870867467013
2245,Very Low,1.360014540063054,23.038498547009446,18.65064139511108,27.41760124064663
2246,Very Low,1.3546355280613922,23.093180192888283,18.679672662658668,27.490504984835454
2247,Very Low,1.350776314029831,23.147479655326386,18.70885283195765,27.56346481829956
2248,Very Low,1.3484928020169675,23.1988430691413,18.737784727656695,27.635665974046212
2249,Very Low,1.3525235773116526,23.251617982686597,18.76650080799272,27.70757044345592
2250,Very Low,1.3585778134538569,23.30112102267717,18.795123059580135,27.779481551393452
2251,Very Low,1.3615936628085121,23.35216558982152,18.83706936566081,27.851494653488892
2252,Very Low,1.361688074112996,23.404736088979874,18.880186493917073,27.923463095638688
2253,Very Low,1.3587616592724747,23.456584137487223,18.92316882950266,27.995247294477984
2254,Very Low,1.3523722322296003,23.50356560650102,18.949018918685553,28.06602226682816
2255,Very Low,1.346403547432772,23.557090805449995,18.97299219439532,28.13128536304017
2256,Very Low,1.341552962171829,23.61088445830987,18.996705988632744,28.196087087447104
2257,Very Low,1.3365595207215766,23.662661488862888,19.020180877889516,28.260478587302835
2258,Very Low,1.3320273123921986,23.713291424006385,19.043417210151087,28.324456124015178
2259,Very Low,1.3278215032822909,23.763595834654993,19.066572825863265,28.39594733380291
2260,Very Low,1.325242285622625,23.813587809968862,19.089656153951,28.467143348447824
2261,Very Low,1.3238450549165335,23.861349407081967,19.112545368803023,28.538045085557286
2262,Very Low,1.3229087094655505,23.906881759443063,19.13526043263043,28.60871028661953
2263,Very Low,1.3212967984459714,23.95725569759422,19.16549066048343,28.679161656370777
2264,Very Low,1.3191389223721492,24.00869633484867,19.19596982134613,28.749047482852596
2265,Very Low,1.3173256006895209,24.063305464162106,19.226261207256083,28.81488554154934
2266,Very Low,1.3139605119956468,24.113752342017264,19.256495077793236,28.873707242544647
2267,Very Low,1.3102736598616183,24.160476954114134,19.28692204143299,28.93201884870124
2268,Very Low,1.3070357884758361,24.20970393689628,19.308257827490912,28.989961953996623
2269,Very Low,1.304171715527301,24.26363362096638,19.325247241883595,29.053374085735104
2270,Very Low,1.301585781171943,24.312888829892287,19.35080153388866,29.118094969202993
2271,Very Low,1.2992877935001204,24.361269444882183,19.38126104527956,29.1825182523625
2272,Very Low,1.2977093744474535,24.407587304733067,19.412207580917492,29.246657861877964
2273,Very Low,1.2970950658000335,24.45764404241214,19.44298964256293,29.310546624467342
2274,Very Low,1.2964476638258329,24.50816550362824,19.4736286115083,29.37422776602717
2275,Very Low,1.2952762304612828,24.558520244439368,19.504124493714322,29.436026476342068
2276,Very Low,1.2943143433853646,24.608690602482028,19.534466996423767,29.49363273849257
2277,Very Low,1.292903730110058,24.659811379290108,19.564661344829055,29.550266051077507
2278,Very Low,1.2893688522579934,24.709153108069593,19.594698981663395,29.612445934537845
2279,Very Low,1.2857550529755124,24.75808256863949,19.62474110884457,29.674311213668542
2280,Very Low,1.2826954705946088,24.806751765144924,19.65465777395806,29.73604286872173
2281,Very Low,1.2800562822802488,24.854284079434912,19.689286550136856,29.797517416297424
2282,Very Low,1.2778084740478857,24.8910899572348,19.712898398831314,29.85872041651575
2283,Very Low,1.2762895787622484,24.930176199949422,19.74200358293284,29.919669774485406
2284,Very Low,1.2749464888245206,24.98081934659589,19.77095652347342,29.98039758901538
2285,Very Low,1.2736293099797389,25.025364287403164,19.799761656327526,30.040912145684402
2286,Very Low,1.271693489618942,25.066625401367446,19.828420335168616,30.101151559947184
2287,Very Low,1.2701361935628883,25.11325250742373,19.8569209786059,30.162151254494237
2288,Very Low,1.268014941238828,25.159859879799356,19.884803149498772,30.223092565007118
2289,Very Low,1.2662676362741752,25.206257735408894,19.91307950094455,30.280336369345047
2290,Very Low,1.2639144254644836,25.250697092282273,19.941282303161035,30.339783833031206
2291,Very Low,1.2613348048299342,25.294808511681317,19.96902447227652,30.39898053716041
2292,Very Low,1.2590864863534494,25.338703272504738,19.99660095311044,30.45791808886181
2293,Very Low,1.2569315516492603,25.382392768829835,20.024019289981904,30.51661141774226
2294,Very Low,1.2551012104422,25.425880907626734,20.05128230202532,30.57493128979048
2295,Very Low,1.2549911043327697,25.469178679454743,20.078397233071165,30.632620571527184
2296,Very Low,1.2562718424040762,25.512339820466828,20.105398037779686,30.69015479446064
2297,Very Low,1.2602524187052433,25.555407324366584,20.132311814936944,30.748229069850094
2298,Very Low,1.263375877772077,25.59360628972542,20.15919016959483,30.806512491354482
2299,Very Low,1.2650903191505531,25.635376419294055,20.18601634205996,30.86473927554573
2300,Very Low,1.2668281248958646,25.67537730918647,20.21276341492466,30.922505359643583
1990,Low-to-Neg,0.5549323129780074,-0.9399118564955005,-1.0960354070029088,-0.8224063842021445
1991,Low-to-Neg,0.5842776558307643,-0.8801794793500393,-1.026608230452588,-0.7704340675668575
1992,Low-to-Neg,0.5068514056020823,-0.8183164802549686,-0.9543712730142715,-0.7163448329417169
1993,Low-to-Neg,0.2957638454934736,-0.7630334680492887,-0.8898262322173621,-0.668002478767636
1994,Low-to-Neg,0.32263621101166673,-0.7255784136339732,-0.8460689809383389,-0.6352218981118568
1995,Low-to-Neg,0.44617070918554025,-0.6857753140516336,-0.7997065367531387,-0.6004841225158579
1996,Low-to-Neg,0.5374490349232901,-0.6355144151209254,-0.7412698573350084,-0.5566921485436735
1997,Low-to-Neg,0.598189663208572,-0.5777720548245389,-0.6739433276665913,-0.5062321169142243
1998,Low-to-Neg,0.6454053664735274,-0.5150180752745225,-0.6007482776729393,-0.45135981470746356
1999,Low-to-Neg,0.6889557500192713,-0.4482794707498919,-0.523027340262439,-0.3930781430051275
2000,Low-to-Neg,0.7316154504182077,-0.37803313357387736,-0.4411452174442672,-0.331624431595804
2001,Low-to-Neg,0.77181758652432,-0.30420845882119474,-0.3549277333167268,-0.2670596900109251
2002,Low-to-Neg,0.8011194136457899,-0.22718318929244558,-0.26504795501901285,-0.1996423445987723
2003,Low-to-Neg,0.8305805959396302,-0.14808342908381422,-0.17242571190079692,-0.12994031404793563
2004,Low-to-Neg,0.8414618002473262,-0.06640839082251503,-0.07726251559227355,-0.058302584623008726
2005,Low-to-Neg,0.8491062868195517,0.01581556725795824,0.013455684801679064,0.019020829044595063
2006,Low-to-Neg,0.851816182088209,0.09871142294069213,0.08616347043088834,0.1151160425697968
2007,Low-to-Neg,0.8608041211160541,0.18151191881807674,0.15856508264878674,0.21145735990690548
2008,Low-to-Neg,0.8733595845062508,0.26486612538076315,0.23186478872962282,0.30889811159602404
2009,Low-to-Neg,0.8943131356158592,0.34924385983536926,0.3059910758089979,0.40740397340605666
2010,Low-to-Neg,0.9191687123134434,0.4352697749008913,0.3815398365654836,0.5077526527154207
2011,Low-to-Neg,0.9514307792672222,0.5230241037760814,0.45877617629954165,0.6103133935191113
2012,Low-to-Neg,0.9754629045078027,0.6132594750902733,0.5380962494016243,0.7154941819370031
2013,Low-to-Neg,1.0080022451104809,0.7050511625141271,0.6190089268658904,0.8225738973838939
2014,Low-to-Neg,1.0426535350416293,0.7992637268574894,0.7021159467992758,0.9324616150319082
2015,Low-to-Neg,1.0746854893522804,0.8961606617673092,0.7875563324202585,1.0455443189972673
2016,Low-to-Neg,1.1055332825135755,0.9959867678403469,0.8751293416585404,1.161903762429058
2017,Low-to-Neg,1.1299024466098344,1.0979724264443331,0.9647317014609773,1.2809295135296836
2018,Low-to-Neg,1.1559945114677386,1.2018807951942407,1.0553013452008602,1.4017374579938044
2019,Low-to-Neg,1.1812515729476785,1.3074123378749287,1.1472299422032628,1.5232086850924538
2020,Low-to-Neg,1.1944871446555292,1.414064866173011,1.2407921678107277,1.646516318153783
2021,Low-to-Neg,1.2203208155113423,1.5218645603188672,1.335910346824728,1.7705239236867878
2022,Low-to-Neg,1.248046333642033,1.6315589144188396,1.432872278583594,1.8978830545750756
2023,Low-to-Neg,1.2811030409964752,1.7427584538140026,1.5313258410734427,2.028339737880096
2024,Low-to-Neg,1.3151684253982685,1.8562985328030195,1.630482503050533,2.1616045712179996
2025,Low-to-Neg,1.3469628248539538,1.9726513202123508,1.7329886666670622,2.297752099419056
2026,Low-to-Neg,1.375608563401994,2.0920722731058974,1.835707901408014,2.436484321801605
2027,Low-to-Neg,1.3945352720831512,2.213211307303995,1.9395244044683961,2.577783887476055
2028,Low-to-Neg,1.4102096965889785,2.3347536620142204,2.045418499330035,2.7194153556743794
2029,Low-to-Neg,1.429368893524209,2.4565399097384395,2.1537661874161533,2.8605643780508894
2030,Low-to-Neg,1.4477937600443815,2.5799060194494254,2.262996299411919,3.00606314725005
2031,Low-to-Neg,1.4676898748484681,2.704091023962371,2.3726431662913905,3.1492304697032356
2032,Low-to-Neg,1.4869593344556424,2.8291804522904886,2.4822943889775817,3.2912818588847483
2033,Low-to-Neg,1.5091879547624838,2.955105262087738,2.5932068405707147,3.4381067036063344
2034,Low-to-Neg,1.5347859532381822,3.0825303138161324,2.7059129608465775,3.5862876585248324
2035,Low-to-Neg,1.56371807922875,3.2121546697317633,2.8208375210731464,3.736200174298637
2036,Low-to-Neg,1.593226657554719,3.343621395287967,2.9374479301470684,3.8881161983375603
2037,Low-to-Neg,1.6223508961919741,3.4766482378163213,3.0557689291892594,4.042059411505465
2038,Low-to-Neg,1.6512762872016997,3.612431573999575,3.175759596892257,4.197830084683525
2039,Low-to-Neg,1.6793284172092269,3.750167769450033,3.2971900220367765,4.355635476411296
2040,Low-to-Neg,1.698485664820768,3.888877397023729,3.4203386028030116,4.517472337746903
2041,Low-to-Neg,1.7160319771539443,4.028773727892288,3.5432088635388808,4.680483949952333
2042,Low-to-Neg,1.7325785748861726,4.169922473625665,3.66424726972103,4.844411304023267
2043,Low-to-Neg,1.7483955258911925,4.312554780681134,3.78887556806243,5.004812895839251
2044,Low-to-Neg,1.764666759555624,4.4549417900583554,3.914470008945976,5.169993570168169
2045,Low-to-Neg,1.7815662951044562,4.597059406333126,4.040271085076758,5.331270549474925
2046,Low-to-Neg,1.801802105863304,4.739248460534403,4.162334684656049,5.496577309766868
2047,Low-to-Neg,1.8206546451864845,4.882542208421421,4.284983230688752,5.6672536903359365
2048,Low-to-Neg,1.836094336232383,5.028008353261032,4.408295636027665,5.839085295954257
2049,Low-to-Neg,1.850828927411914,5.1723042202471685,4.53188075282775,6.011806551522497
2050,Low-to-Neg,1.862897494155983,5.318004412172758,4.659180566483929,6.1853577935995885
2051,Low-to-Neg,1.871048516490789,5.46369228583404,4.788103472742629,6.359498836034681
2052,Low-to-Neg,1.8789620478300844,5.609205812558981,4.91715780730139,6.530707608688406
2053,Low-to-Neg,1.8839034906297536,5.754443538942034,5.046254178679675,6.695680180086321
2054,Low-to-Neg,1.8888245177565164,5.902026167098564,5.1750834926178255,6.85997716185144
2055,Low-to-Neg,1.8934843264893764,6.049972672734867,5.305241017860527,7.025625248512142
2056,Low-to-Neg,1.8989422570460877,6.195091497081139,5.433128701037021,7.195517182718609
2057,Low-to-Neg,1.9098992579327345,6.338423820636267,5.560662631523007,7.357702026459216
2058,Low-to-Neg,1.9237676008582547,6.484911469551029,5.689380895570703,7.529114413527355
2059,Low-to-Neg,1.9344826137762188,6.629299914971467,5.818492063533211,7.697053470016484
2060,Low-to-Neg,1.9419882613496275,6.774509479539336,5.949239165251053,7.864702422125281
2061,Low-to-Neg,1.9464138656494139,6.9182218701196305,6.08058272990403,8.03223226790426
2062,Low-to-Neg,1.9465288681183774,7.064400528817584,6.211594368216424,8.20077258029294
2063,Low-to-Neg,1.945417046905479,7.211548738635337,6.342376805604813,8.36961308197618
2064,Low-to-Neg,1.9452613843336766,7.354863611756636,6.467045641754159,8.53697793622495
2065,Low-to-Neg,1.9437181716536633,7.499122947723432,6.59591827023002,8.694967952203802
2066,Low-to-Neg,1.942113474896821,7.642420349741899,6.724488124451598,8.85881494080056
2067,Low-to-Neg,1.9398495745797928,7.784739183572312,6.8511653776519195,9.02598144944841
2068,Low-to-Neg,1.9400490362674097,7.9257908163159705,6.973512169172393,9.192342491780755
2069,Low-to-Neg,1.941987672365529,8.066972504305534,7.094740514895307,9.358096197054849
2070,Low-to-Neg,1.9466005092123573,8.206250818056148,7.218451450769643,9.523380537445977
2071,Low-to-Neg,1.9493565564031925,8.343867770259823,7.342930792013935,9.688405011034186
2072,Low-to-Neg,1.950676486730535,8.482673897889413,7.46599077448701,9.851627967333817
2073,Low-to-Neg,1.9500561290607044,8.621187264497628,7.587707116701486,10.012887566077701
2074,Low-to-Neg,1.9445915408641548,8.759454538012168,7.708574118611499,10.173940586980526
2075,Low-to-Neg,1.9403362973313671,8.897401534817575,7.828583801096364,10.333886977191023
2076,Low-to-Neg,1.9327490294306755,9.032916386984692,7.9395068348475,10.492825668699128
2077,Low-to-Neg,1.9247977606747275,9.170837963007138,8.055538078224027,10.6505101553023
2078,Low-to-Neg,1.9177589596146396,9.306214194994839,8.175976440726958,10.807665124821478
2079,Low-to-Neg,1.9109230014091358,9.439569370935383,8.295730639198933,10.970116535035624
2080,Low-to-Neg,1.9091919406933373,9.570832526488324,8.414706623236292,11.131579907234547
2081,Low-to-Neg,1.9121499172904914,9.703027241070902,8.526524392378278,11.292458944232004
2082,Low-to-Neg,1.9153976956854741,9.835232269318315,8.63594269850207,11.451387177211712
2083,Low-to-Neg,1.9176949359418853,9.967792383116677,8.744882885600736,11.596196077765473
2084,Low-to-Neg,1.912317281409768,10.100943076549807,8.853325234596669,11.736916734361056
2085,Low-to-Neg,1.9010358452659044,10.227927620251315,8.95766425688357,11.87751064725165
2086,Low-to-Neg,1.8903868780558073,10.355930774435791,9.06209995527653,12.027517879658323
2087,Low-to-Neg,1.8788506772524538,10.483830023427863,9.172420661440073,12.178263849276213
2088,Low-to-Neg,1.8673343482036866,10.611107361362045,9.28174901708009,12.332000266818683
2089,Low-to-Neg,1.8575167658427765,10.736509914902097,9.385052390282196,12.485572523883576
2090,Low-to-Neg,1.8491365507287065,10.85786434855196,9.487357977505603,12.637985238472556
2091,Low-to-Neg,1.8422913197631174,10.981211409270845,9.600570915378615,12.78935367548114
2092,Low-to-Neg,1.8410294426861626,11.101636518826394,9.70246011397515,12.939799264185025
2093,Low-to-Neg,1.8377662964685728,11.222537181364592,9.803396566021318,13.089646271293974
2094,Low-to-Neg,1.833564795324441,11.340901001278104,9.906792471471682,13.238473207327779
2095,Low-to-Neg,1.8303530474055176,11.461222744809454,10.010858223163101,13.378630006735857
2096,Low-to-Neg,1.8230905924308358,11.580799885114082,10.11145963870253,13.517778779726253
2097,Low-to-Neg,1.808581854714253,11.697865390024145,10.205426118574593,13.658546351653357
2098,Low-to-Neg,1.7957861359600347,11.813371274753523,10.298132196492062,13.800415345539164
2099,Low-to-Neg,1.785726292298183,11.931865671073826,10.397479905579269,13.932492791849835
2100,Low-to-Neg,1.776726309830981,12.043500889833226,10.500571811240482,14.065054035299697
2101,Low-to-Neg,1.7711021502015114,12.156489880305,10.598844189929512,14.193978075115224
2102,Low-to-Neg,1.7689158394619107,12.270910302522903,10.699393041221875,14.325158947248621
2103,Low-to-Neg,1.7693599289997355,12.378605739434771,10.799547696174177,14.45618270075094
2104,Low-to-Neg,1.7639098003601408,12.49180073962782,10.892851537467958,14.594733098718704
2105,Low-to-Neg,1.7586097151731428,12.606292282430505,10.98601077910084,14.72949072612624
2106,Low-to-Neg,1.751797325225836,12.719268314749307,11.07351614132713,14.858923868361885
2107,Low-to-Neg,1.743134328253273,12.831225511632478,11.162290189940098,14.987397701263223
2108,Low-to-Neg,1.7311792345655732,12.938773317431487,11.248990519767519,15.114246155268251
2109,Low-to-Neg,1.7197213596021153,13.0479836774099,11.335564748363101,15.23956332981558
2110,Low-to-Neg,1.708709939854326,13.155816463321742,11.421152384489721,15.3636283903816
2111,Low-to-Neg,1.6990229783912125,13.26287870216817,11.505784292411443,15.486481377010264
2112,Low-to-Neg,1.6909242607654198,13.368831308568728,11.589693440251859,15.602949858891634
2113,Low-to-Neg,1.684875431598778,13.469588567871403,11.67302497077312,15.729185228583416
2114,Low-to-Neg,1.6816815889160626,13.570365651088503,11.755656238081206,15.850125718178681
2115,Low-to-Neg,1.6769039144676718,13.67489686595194,11.837721313904575,15.971180174906335
2116,Low-to-Neg,1.6716308229656678,13.777860795341962,11.920198887535358,16.09302731153861
2117,Low-to-Neg,1.6666776526065261,13.879178001966427,12.004506110268789,16.220795169844717
2118,Low-to-Neg,1.6558219655597393,13.98117595568225,12.088474550465207,16.348181779662383
2119,Low-to-Neg,1.6417842337897717,14.08200864910344,12.171854609641379,16.464359327389133
2120,Low-to-Neg,1.6287488191721322,14.176132452436054,12.261007089488562,16.573575859957444
2121,Low-to-Neg,1.6174605117377803,14.268524058712025,12.348031722905331,16.68693230998012
2122,Low-to-Neg,1.607150404720685,14.364445086147551,12.43785969511644,16.80179994395802
2123,Low-to-Neg,1.5999696506799552,14.45711635978866,12.5109011298236,16.912635255347293
2124,Low-to-Neg,1.5966447298180138,14.555958651577544,12.589056037945248,17.018006646505178
2125,Low-to-Neg,1.594036227959494,14.657444991728429,12.657460121668006,17.125253922218285
2126,Low-to-Neg,1.5869271910488387,14.74958982270398,12.741392900872722,17.238728197514245
2127,Low-to-Neg,1.5800673612683898,14.839249231443954,12.808063712103005,17.351386897143385
2128,Low-to-Neg,1.5715187135015796,14.932575193686747,12.88425268684012,17.463251174351267
2129,Low-to-Neg,1.5607583646312126,15.019064082130436,12.96014067055508,17.574217025030045
2130,Low-to-Neg,1.5468600676862918,15.10832236554408,13.0340475813645,17.684050507252344
2131,Low-to-Neg,1.534217141343277,15.200176297741313,13.102264627023192,17.79240437774472
2132,Low-to-Neg,1.5222829982681034,15.29054295939124,13.169624621209431,17.89271100269348
2133,Low-to-Neg,1.512621214198554,15.373173876782275,13.237682225305283,17.99132087789509
2134,Low-to-Neg,1.5058311179600212,15.463764118562814,13.309374874764426,18.08897646051697
2135,Low-to-Neg,1.501844383132243,15.554379029859376,13.383518614268882,18.18585388616778
2136,Low-to-Neg,1.4962714976201301,15.644304196080935,13.449469320417139,18.281785421086195
2137,Low-to-Neg,1.4899033926095187,15.729872321763928,13.518645316080235,18.376967850893383
2138,Low-to-Neg,1.4824301570030218,15.81362940180859,13.579088448043223,18.471409300658856
2139,Low-to-Neg,1.4696878950214722,15.900196078424575,13.636019249833488,18.56950673873145
2140,Low-to-Neg,1.4590929458149446,15.983660554221913,13.701994249860466,18.667821475682686
2141,Low-to-Neg,1.4453056818054066,16.068566024240077,13.763929488212941,18.765172292680198
2142,Low-to-Neg,1.4317308978305827,16.153775049566782,13.819957106119633,18.86137364682322
2143,Low-to-Neg,1.4188861907535424,16.231011530940346,13.875183650230634,18.957044801748197
2144,Low-to-Neg,1.4065886484890793,16.30909191643845,13.93353045098239,19.053054834390306
2145,Low-to-Neg,1.3963455506535238,16.385692590879454,14.005309312242943,19.143541156729246
2146,Low-to-Neg,1.38768715788221,16.467770198347154,14.076550964227488,19.239351846976277
2147,Low-to-Neg,1.3781473512193243,16.54798102940029,14.13549043802584,19.336771334796698
2148,Low-to-Neg,1.3676408166069727,16.627910812626467,14.192468714095124,19.431797058685916
2149,Low-to-Neg,1.3573497838577766,16.705056146609955,14.248948400246082,19.525937275976812
2150,Low-to-Neg,1.3469998011274005,16.776748635023694,14.303852642137107,19.619210558332174
2151,Low-to-Neg,1.3350111417445991,16.851599093495654,14.354529600794798,19.71161835464359
2152,Low-to-Neg,1.3229985234163946,16.925626656134426,14.404503438545262,19.80306482006285
2153,Low-to-Neg,1.3113341086333044,16.997186617152682,14.453781667124964,19.89330332427384
2154,Low-to-Neg,1.2999960270708546,17.06861343270937,14.511687914622675,19.982194387304574
2155,Low-to-Neg,1.2893440761211057,17.140697231863363,14.569520815995052,20.07018142414538
2156,Low-to-Neg,1.2799610960165717,17.213080658350165,14.6257345713043,20.158301115357204
2157,Low-to-Neg,1.2731241601855063,17.284670217489605,14.677587704967083,20.24420051997297
2158,Low-to-Neg,1.2686560111997032,17.355812172563553,14.728977911600861,20.33049928831874
2159,Low-to-Neg,1.2630592305323747,17.42635330444631,14.779677479679727,20.416327732110325
2160,Low-to-Neg,1.2567537682145744,17.495091836584947,14.829639145633484,20.50161995909177
2161,Low-to-Neg,1.248908122316658,17.561408273045583,14.884250104339843,20.58574984597382
2162,Low-to-Neg,1.234508226801814,17.628998836344152,14.940560447350565,20.654867311991623
2163,Low-to-Neg,1.2234407194293326,17.693883860273463,14.996406948147714,20.722513312420592
2164,Low-to-Neg,1.2086702810110366,17.757789491482686,15.05145192164228,20.7999743828147
2165,Low-to-Neg,1.194215576997635,17.82198380183341,15.094984373755908,20.864307865458976
2166,Low-to-Neg,1.180264016100662,17.885607597471218,15.143316810697133,20.92767075079187
2167,Low-to-Neg,1.1677050131263493,17.94979311444085,15.185709236943987,21.002837939187028
2168,Low-to-Neg,1.1583635628504918,18.01172625833116,15.226133988642205,21.07998907614077
2169,Low-to-Neg,1.1549686567898285,18.073051798249622,15.266073219395617,21.156416862427733
2170,Low-to-Neg,1.155769012057695,18.13502631480953,15.30571269680402,21.232471870102287
2171,Low-to-Neg,1.1498474474761717,18.19492327607744,15.345214756676768,21.30839964202625
2172,Low-to-Neg,1.1422153713271945,18.25269336403299,15.385777039611432,21.383810124881233
2173,Low-to-Neg,1.127137491081843,18.312726801199105,15.430280824789188,21.45860690143756
2174,Low-to-Neg,1.114300903232444,18.374855845684884,15.474997890254702,21.53231962728893
2175,Low-to-Neg,1.0993128240402013,18.435363498945957,15.519107013196082,21.604950014068855
2176,Low-to-Neg,1.08173789321121,18.49276839984437,15.560202752138238,21.67651277352251
2177,Low-to-Neg,1.0652763484335064,18.54823365704653,15.598991587053092,21.746911730959418
2178,Low-to-Neg,1.0514853858656565,18.60476176134726,15.63710141021744,21.81696388994069
2179,Low-to-Neg,1.040419971460101,18.65953575422384,15.675605655712491,21.889415736357375
2180,Low-to-Neg,1.0335049615683987,18.713406985157636,15.713367759273275,21.953360659367824
2181,Low-to-Neg,1.0274704849251501,18.767345968814723,15.747893113610802,22.0192426036005
2182,Low-to-Neg,1.0198170432706066,18.821795844153957,15.783862587741128,22.08581901052564
2183,Low-to-Neg,1.0106677757814215,18.875892936088526,15.819452068839205,22.150461331588247
2184,Low-to-Neg,0.9969539354408693,18.93054401196826,15.854919106436695,22.2113717668183
2185,Low-to-Neg,0.9831424033535628,18.98280049491416,15.889930273141509,22.271343677941193
2186,Low-to-Neg,0.9679518203348985,19.034326762219866,15.924384350913062,22.33340858182683
2187,Low-to-Neg,0.9510936729975293,19.08464692376885,15.95824493831783,22.399764871564184
2188,Low-to-Neg,0.9351149747611652,19.13399488133657,15.991467471660192,22.457992587276635
2189,Low-to-Neg,0.9212579019160054,19.186448994149075,16.026184021487964,22.51522838622462
2190,Low-to-Neg,0.9088669746056575,19.233899733534695,16.06104330485363,22.572157981200924
2191,Low-to-Neg,0.9001039117188876,19.28216486273415,16.09962254003636,22.634674880239057
2192,Low-to-Neg,0.8937397252338107,19.324863573559632,16.138606592879555,22.696580410912354
2193,Low-to-Neg,0.8842474831796657,19.367587903855366,16.17687070585279,22.758018170997637
2194,Low-to-Neg,0.8744448978828397,19.41191188893162,16.2091728486475,22.818806047452266
2195,Low-to-Neg,0.8635281609064333,19.45884292089974,16.24106936219007,22.87892837143224
2196,Low-to-Neg,0.8476066656181739,19.502421178310204,16.272528794328608,22.9358596514111
2197,Low-to-Neg,0.8347464038860373,19.547175027391784,16.3033996742642,22.988755227008056
2198,Low-to-Neg,0.8186218832320511,19.5906499196716,16.333781187144837,23.040862748575734
2199,Low-to-Neg,0.803209042416476,19.63380343798614,16.363576730503286,23.092014092814612
2200,Low-to-Neg,0.7884054040173564,19.676202154171527,16.392812748605454,23.142251980167288
2201,Low-to-Neg,0.7743735467185673,19.71786201030691,16.421512205057585,23.191613352919013
2202,Low-to-Neg,0.7644743546951732,19.75882108727803,16.449702723134923,23.240143355424077
2203,Low-to-Neg,0.7594485346638801,19.796526719389902,16.477513794823288,23.288062859337916
2204,Low-to-Neg,0.7581937335777932,19.833493354664693,16.505095926267483,23.335629790322322
2205,Low-to-Neg,0.7523495373831255,19.87032833169183,16.53256463057837,23.382978863716378
2206,Low-to-Neg,0.744681733623786,19.909055708033492,16.559781989790576,23.429828687344777
2207,Low-to-Neg,0.7278983814770156,19.948765095028406,16.586694785652963,23.47619364238722
2208,Low-to-Neg,0.7132437134534726,19.98843581481416,16.613031615526246,23.521604530837553
2209,Low-to-Neg,0.6944519430530983,20.027380933161318,16.63886037631907,23.566176133930547
2210,Low-to-Neg,0.6772604313350171,20.065417369310993,16.6640612204414,23.609699408009195
2211,Low-to-Neg,0.6629046240926033,20.103071173463444,16.68881494116431,23.652261908008036
2212,Low-to-Neg,0.6502317680847303,20.13742088759355,16.713602528983152,23.694013956093276
2213,Low-to-Neg,0.6404739147086783,20.17190343612122,16.737945420047836,23.73504568431416
2214,Low-to-Neg,0.6320589703270276,20.20841673579921,16.761934940245432,23.775509647210846
2215,Low-to-Neg,0.6224682092800948,20.244492838891055,16.785613943103016,23.815477021878948
2216,Low-to-Neg,0.6118826131538048,20.28007917283672,16.80627860373146,23.854889993671556
2217,Low-to-Neg,0.6008289741275677,20.315131756201687,16.827721288365264,23.893700325320037
2218,Low-to-Neg,0.5902884757368715,20.349631024720026,16.84955432126369,23.931886858473575
2219,Low-to-Neg,0.5802397481878004,20.382999496630667,16.871125717135605,23.969478366436547
2220,Low-to-Neg,0.5710973244732458,20.413467837200514,16.892410159630376,24.006502334455945
2221,Low-to-Neg,0.562051606233496,20.443395449234746,16.913381977518547,24.042458009749783
2222,Low-to-Neg,0.5534966171271659,20.47441156838712,16.93404581380124,24.079191695107284
2223,Low-to-Neg,0.544992927627097,20.50252398138037,16.954417668220632,24.11496155375892
2224,Low-to-Neg,0.5368946151098475,20.5293441524074,16.97450069394129,24.15024803842101
2225,Low-to-Neg,0.529272896528962,20.555744003233272,16.99448942651507,24.18485278246107
2226,Low-to-Neg,0.5231251899203738,20.581869928334818,17.014651039094737,24.21898463187948
2227,Low-to-Neg,0.5180092693959176,20.607711327966527,17.034591749069254,24.252759368739298
2228,Low-to-Neg,0.5124209788451143,20.633309107257844,17.054343182317112,24.286230046514266
2229,Low-to-Neg,0.5077438066364858,20.65808592784927,17.073892330744314,24.319374154825418
2230,Low-to-Neg,0.5012008275900289,20.68080017013174,17.093267033212513,24.352238430685567
2231,Low-to-Neg,0.4953474271192071,20.708246619639546,17.112413272109233,24.384730790317324
2232,Low-to-Neg,0.4885996517671211,20.736008890294507,17.131352419069383,24.416886979931096
2233,Low-to-Neg,0.48010058682347284,20.76265795501473,17.150059283829467,24.44866372615152
2234,Low-to-Neg,0.47165084891468595,20.787741735023566,17.168483796540464,24.479975398895185
2235,Low-to-Neg,0.4643996714893142,20.81245168476788,17.18662879402359,24.51066789000667
2236,Low-to-Neg,0.4575577414691367,20.838422610488962,17.204530565463205,24.540225693848434
2237,Low-to-Neg,0.45240944153355367,20.86489258392175,17.222202177345068,24.569413903041074
2238,Low-to-Neg,0.45136452251361253,20.891108915863313,17.23969389121935,24.598315165998308
2239,Low-to-Neg,0.4533454651962037,20.91598990810542,17.2571254697599,24.627127127092244
2240,Low-to-Neg,0.4513043928200179,20.93966772519783,17.274584678576893,24.65599480295426
2241,Low-to-Neg,0.44795403512748433,20.96371011465974,17.29195508663146,24.68472566874452
2242,Low-to-Neg,0.4448901244114744,20.988953572822922,17.309199287939737,24.713257685534664
2243,Low-to-Neg,0.43961716490095315,21.014133405997413,17.326326070995524,24.741605188794402
2244,Low-to-Neg,0.43053158171190264,21.03986893090955,17.343272440491,24.769663681106522
2245,Low-to-Neg,0.42194081577754217,21.06438022638885,17.359929809429183,24.79725301213731
2246,Low-to-Neg,0.4140496061898123,21.08850058310101,17.376313692071882,24.82439841040047
2247,Low-to-Neg,0.4078151721219128,21.1104057372592,17.392445342274467,24.85173302976887
2248,Low-to-Neg,0.40329196419394003,21.132178974318578,17.408373197092303,24.880383094217965
2249,Low-to-Neg,0.40521632842227334,21.154802710881054,17.424146929513302,24.909179027255295
2250,Low-to-Neg,0.4092924395714651,21.17747814474893,17.439950711844304,24.939476471410575
2251,Low-to-Neg,0.4104552221427083,21.20012608206126,17.45584547561995,24.96997150301209
2252,Low-to-Neg,0.4088216722047512,21.222216824262343,17.4718773969556,24.998377801851305
2253,Low-to-Neg,0.40429398417685125,21.245962329000925,17.487901692441493,25.025716165592996
2254,Low-to-Neg,0.39643189473354445,21.269687481533452,17.503032324266037,25.05280152137418
2255,Low-to-Neg,0.38912110110957165,21.291767961938753,17.515614696584002,25.079914723202805
2256,Low-to-Neg,0.383059231898645,21.313131211162606,17.53301778072791,25.1075553701235
2257,Low-to-Neg,0.37698442280877764,21.334228353203365,17.549380404867414,25.134859824914127
2258,Low-to-Neg,0.37149975514921485,21.355059776341193,17.564066801603865,25.161828303784848
2259,Low-to-Neg,0.3664695693657371,21.37584585351303,17.578578138128297,25.188491849041686
2260,Low-to-Neg,0.3631930677422734,21.39747339227821,17.592927769855777,25.2148744539161
2261,Low-to-Neg,0.36122356223104146,21.418064419272262,17.607186227535312,25.241066327562944
2262,Low-to-Neg,0.3598384052384368,21.438047009409004,17.621472660891357,25.267134578001723
2263,Low-to-Neg,0.35789983743188336,21.457952642597846,17.63569974531185,25.293109258443653
2264,Low-to-Neg,0.35553644292332726,21.477759944672385,17.649852257467707,25.31896240173657
2265,Low-to-Neg,0.3536383954300265,21.49745264763451,17.66391863960566,25.3446726781792
2266,Low-to-Neg,0.35030858020864475,21.517049193511838,17.677912133364448,25.370264064512156
2267,Low-to-Neg,0.3467765831763058,21.535768448314954,17.691793268779392,25.39566413912881
2268,Low-to-Neg,0.3438129173582247,21.553783533810662,17.705556866269262,25.420863101026775
2269,Low-to-Neg,0.34134164773227155,21.57166557710434,17.71921909162296,25.445890231511804
2270,Low-to-Neg,0.33926587812170855,21.589432861746964,17.732793920723243,25.470770864646724
2271,Low-to-Neg,0.3375946772952691,21.606644169234073,17.74629257742757,25.495525344629737
2272,Low-to-Neg,0.3367587977377419,21.623973753298916,17.759726472760217,25.520174404465365
2273,Low-to-Neg,0.33700138133836305,21.642427134028647,17.773118805925925,25.54476046397638
2274,Low-to-Neg,0.3373242101232019,21.660868427204647,17.786499328662153,25.569338070776205
2275,Low-to-Neg,0.3372355214044033,21.679335038110402,17.799870240303235,25.593790379023453
2276,Low-to-Neg,0.3374679586125875,21.69831056048138,17.813220253990174,25.618035998304148
2277,Low-to-Neg,0.3373626978976741,21.71727455711857,17.826558191561368,25.64227183829551
2278,Low-to-Neg,0.33524370309558804,21.736213892872463,17.839663181273828,25.666481108144737
2279,Low-to-Neg,0.3331559697368824,21.75505042801356,17.85184701471057,25.690563893961894
2280,Low-to-Neg,0.33173240969913803,21.77378565923142,17.863958706892355,25.714522037464388
2281,Low-to-Neg,0.33083857569548136,21.79244559225507,17.876015163625826,25.738388730017785
2282,Low-to-Neg,0.3304080805167585,21.81105091873701,17.888029822236103,25.762190391789755
2283,Low-to-Neg,0.33076228306574174,21.82975638855102,17.900014377621872,25.78595006771333
2284,Low-to-Neg,0.33134012671608626,21.848631796357946,17.91198845362838,25.809706602485708
2285,Low-to-Neg,0.33198580438056025,21.86715308308173,17.923957596531796,25.83347100575477
2286,Low-to-Neg,0.3320507004898398,21.885679537012415,17.935923448664354,25.855785658343194
2287,Low-to-Neg,0.33252796088958353,21.90365485825778,17.947871564951402,25.875626422291095
2288,Low-to-Neg,0.33247134483725765,21.920098557204135,17.959812169901674,25.898085991592346
2289,Low-to-Neg,0.3328153585608444,21.934185479187057,17.971732044236063,25.922968096515312
2290,Low-to-Neg,0.3325764768082968,21.949205612254207,17.983641104626418,25.947847135597236
2291,Low-to-Neg,0.3321309271240421,21.96595075377428,17.995524983454974,25.97269305734641
2292,Low-to-Neg,0.33203297589568503,21.98265803526525,18.007378656152735,25.997495265011192
2293,Low-to-Neg,0.3320408241701221,22.000832694777593,18.01921073605503,26.02227168660522
2294,Low-to-Neg,0.3323823136338999,22.01909782757997,18.03102385539556,26.047027772241574
2295,Low-to-Neg,0.3344492787255892,22.03735595873806,18.042826204102305,26.071780645247518
2296,Low-to-Neg,0.33790850953279816,22.055672301153972,18.054659917710488,26.096431765269596
2297,Low-to-Neg,0.3440649111898471,22.074099197342377,18.066558731463783,26.120543566767285
2298,Low-to-Neg,0.34935720599478526,22.09273798471051,18.078587928524364,26.144938742735878
2299,Low-to-Neg,0.35322943435536036,22.111555342451005,18.090725790047514,26.169573891026257
2300,Low-to-Neg,0.3571101223673456,22.130497162700088,18.102937240580506,26.194378346879915
1990,Low,0.5549323129780074,-0.9399118564955005,-1.0960354070029088,-0.8224063842021445
1991,Low,0.5842776558307643,-0.8801794793500393,-1.026608230452588,-0.7704340675668575
1992,Low,0.5068514056020823,-0.8183164802549686,-0.9543712730142715,-0.7163448329417169
1993,Low,0.2957638454934736,-0.7630334680492887,-0.8898262322173621,-0.668002478767636
1994,Low,0.32263621101166673,-0.7255784136339732,-0.8460689809383389,-0.6352218981118568
1995,Low,0.44617070918554025,-0.6857753140516336,-0.7997065367531387,-0.6004841225158579
1996,Low,0.5374490349232901,-0.6355144151209254,-0.7412698573350084,-0.5566921485436735
1997,Low,0.598189663208572,-0.5777720548245389,-0.6739433276665913,-0.5062321169142243
1998,Low,0.6454053664735274,-0.5150180752745225,-0.6007482776729393,-0.45135981470746356
1999,Low,0.6889557500192713,-0.4482794707498919,-0.523027340262439,-0.3930781430051275
2000,Low,0.7316154504182077,-0.37803313357387736,-0.4411452174442672,-0.331624431595804
2001,Low,0.77181758652432,-0.30420845882119474,-0.3549277333167268,-0.2670596900109251
2002,Low,0.8011194136457899,-0.22718318929244558,-0.26504795501901285,-0.1996423445987723
2003,Low,0.8305805959396302,-0.14808342908381422,-0.17242571190079692,-0.12994031404793563
2004,Low,0.8414618002473262,-0.06640839082251503,-0.07726251559227355,-0.058302584623008726
2005,Low,0.8491062868195517,0.01581556725795824,0.013455684801679064,0.019020829044595063
2006,Low,0.851816182088209,0.09871142294069213,0.08616347043088834,0.1151160425697968
2007,Low,0.8608041211160541,0.18151191881807674,0.15856508264878674,0.21145735990690548
2008,Low,0.8733595845062508,0.26486612538076315,0.23186478872962282,0.30889811159602404
2009,Low,0.8943131356158592,0.34924385983536926,0.3059910758089979,0.40740397340605666
2010,Low,0.9191687123134434,0.4352697749008913,0.3815398365654836,0.5077526527154207
2011,Low,0.9514307792672222,0.5230241037760814,0.45877617629954165,0.6103133935191113
2012,Low,0.9754629045078027,0.6132594750902733,0.5380962494016243,0.7154941819370031
2013,Low,1.0080022451104809,0.7050511625141271,0.6190089268658904,0.8225738973838939
2014,Low,1.0426535350416293,0.7992637268574894,0.7021159467992758,0.9324616150319082
2015,Low,1.0746854893522804,0.8961606617673092,0.7875563324202585,1.0455443189972673
2016,Low,1.1055332825135755,0.9959867678403469,0.8751293416585404,1.161903762429058
2017,Low,1.1299024466098344,1.0979724264443331,0.9647317014609773,1.2809295135296836
2018,Low,1.1559945114677386,1.2018807951942407,1.0553013452008602,1.4017374579938044
2019,Low,1.1812515729476785,1.3074123378749287,1.1472299422032628,1.5232086850924538
2020,Low,1.1944871446555292,1.414064866173011,1.2407921678107277,1.646516318153783
2021,Low,1.2203208155113423,1.5218645603188672,1.335910346824728,1.7705239236867878
2022,Low,1.248046333642033,1.6315589144188396,1.432872278583594,1.8978830545750756
2023,Low,1.2811030409964752,1.7427584538140026,1.5313258410734427,2.028339737880096
2024,Low,1.3151684253982685,1.8562985328030195,1.630482503050533,2.1616045712179996
2025,Low,1.349992375864971,1.9726513202123508,1.7329886666670622,2.297752099419056
2026,Low,1.3833000386950012,2.0923121533991527,1.8359149062068025,2.436765505770217
2027,Low,1.4055431579904032,2.21406500857333,1.9402544529420227,2.5787768380267653
2028,Low,1.4235008571760106,2.336458892588512,2.046930449311564,2.7213889435464136
2029,Low,1.4441398919418895,2.4593129357661145,2.156198034539343,2.863732317339507
2030,Low,1.463327613945285,2.583719125332644,2.266377505253125,3.010655154647142
2031,Low,1.4833048776681583,2.709182270789557,2.3771510176108106,3.1549966378717453
2032,Low,1.5003869950712294,2.8354022592093795,2.48785107685324,3.298567414232948
2033,Low,1.5189155748315903,2.962381867864897,2.5994810088761082,3.4465635669966455
2034,Low,1.5397610937757977,3.0905821194585563,2.713029629044764,3.595581941384407
2035,Low,1.5630704252773369,3.220502437174961,2.8282760028651004,3.745902252693705
2036,Low,1.5861971748435084,3.3518934248005765,2.9448237151024377,3.897723925552629
2037,Low,1.6074917332486613,3.4844160302356784,3.062648846525427,4.05100928433966
2038,Low,1.6283670440775437,3.619075891017082,3.1816158067683595,4.205430054098669
2039,Low,1.6488032204680025,3.7550151073218965,3.301475807173182,4.361277924435541
2040,Low,1.6610815891041915,3.8913978625420906,3.4225647244498694,4.520397059836998
2041,Low,1.672644644582773,4.028444198715501,3.542924465827112,4.680101113689932
2042,Low,1.6853157988071932,4.166282679332623,3.6611499616947976,4.840218180489493
2043,Low,1.6984413361597817,4.305405520027179,3.782571020087688,4.996431295565684
2044,Low,1.712695335167258,4.44406942491381,3.904880049216361,5.157716987340974
2045,Low,1.7280375946573985,4.582468537945385,4.027751270485127,5.314679403378342
2046,Low,1.7470580936279683,4.720925693331177,4.1465030962014415,5.474911517235657
2047,Low,1.765470211498303,4.860155994992903,4.265799078006793,5.640564083069367
2048,Low,1.7808959790774137,5.001322252018505,4.38573566998859,5.8076611027784
2049,Low,1.7958435358160343,5.14165186787571,4.506010885958589,5.9756612033312235
2050,Low,1.8082517932211115,5.283388667911895,4.628983210892149,6.144534957811774
2051,Low,1.8168102355996554,5.425591859376738,4.754436751130244,6.314053102885291
2052,Low,1.825672857622807,5.567250411316071,4.88014479614546,6.483226807062177
2053,Low,1.8319044069056303,5.709777114755175,5.005979960323296,6.64423658650513
2054,Low,1.8383389645919568,5.851876094968836,5.131196607476875,6.80462579963891
2055,Low,1.8446796454183783,5.996953380446886,5.258293435041354,6.964619523493751
2056,Low,1.8519557665793223,6.140085629198108,5.385365047418277,7.1302996419828215
2057,Low,1.8641387227055652,6.279955125313759,5.508604755440395,7.292388971422364
2058,Low,1.8788696999913705,6.422092040444658,5.634561491831175,7.455521573171744
2059,Low,1.890207112500775,6.5642377948703015,5.7610747673634695,7.625198999589894
2060,Low,1.8981539503308078,6.707713264477585,5.8883996915863355,7.7849359131687565
2061,Low,1.902869560988111,6.848394151084957,6.017254329390316,7.951686004301395
2062,Low,1.9041083192070873,6.990612587986504,6.145693916314944,8.116146255041853
2063,Low,1.9046523849913866,7.135235984664967,6.273982292976376,8.281442525669659
2064,Low,1.906495597393702,7.2775262553975,6.398734144060037,8.446264776410475
2065,Low,1.9072113461931979,7.418211853000939,6.523592104893892,8.606292733486056
2066,Low,1.9080928875909893,7.558651101117828,6.650018807389538,8.761545112274048
2067,Low,1.9083863843115423,7.700204547921469,6.776227622585564,8.92635044810111
2068,Low,1.9111818889301253,7.839488383170372,6.898960615827737,9.09057371521252
2069,Low,1.9157598936102027,7.978668155426197,7.018880114032094,9.254414242527966
2070,Low,1.9230364184147934,8.117071711427904,7.1389880979285545,9.418011437206024
2071,Low,1.928479104625805,8.255011164731423,7.262326541819857,9.581574885102986
2072,Low,1.932561826063073,8.390764565030626,7.385587358727772,9.74448029675154
2073,Low,1.9348612409906738,8.527485883998153,7.507579719755361,9.90532803541499
2074,Low,1.9325090335989161,8.666831161546558,7.627311630476389,10.065672076907012
2075,Low,1.9315712251409558,8.804071855636373,7.746991920933849,10.225155517166446
2076,Low,1.92752037656923,8.938867781188318,7.864360258995877,10.383890094969084
2077,Low,1.923070436759318,9.07578003681122,7.97308733992638,10.541641919543439
2078,Low,1.9194655730443004,9.211907739951531,8.09237353220893,10.698386319445527
2079,Low,1.915990895340826,9.34748248215262,8.212435282003286,10.857189909202202
2080,Low,1.9175551036242322,9.478808889815243,8.331997308770694,11.019364684524938
2081,Low,1.9237401086398602,9.611433892630785,8.450447066956052,11.181210324601144
2082,Low,1.9297320045737776,9.744534976068422,8.560933700436086,11.343086899126693
2083,Low,1.9347110465419775,9.878370304721312,8.671079083930875,11.500300358206763
2084,Low,1.932176118031696,10.01164266398936,8.780846757644921,11.642843890823617
2085,Low,1.923993606256046,10.143676972187496,8.888723802726199,11.78422645514542
2086,Low,1.9167564073345453,10.272579602732682,8.993419142907747,11.929412007937911
2087,Low,1.9092658631907036,10.401929924724218,9.101984288424962,12.081331700320597
2088,Low,1.9022354843544556,10.530263019718447,9.210879112243255,12.234205155387388
2089,Low,1.8972326389725012,10.659611528135073,9.321148163444057,12.390702250075487
2090,Low,1.8939452546014433,10.784806626803446,9.425951149506071,12.54638997705323
2091,Low,1.8924608718169096,10.908564131536835,9.533006971690101,12.701401995780651
2092,Low,1.8966317643964081,11.036103365330458,9.645538556777074,12.855877148399582
2093,Low,1.898771473332263,11.158875133159464,9.749901288554533,13.010214946189413
2094,Low,1.8999120755318069,11.280233067610116,9.854368006558168,13.164174178512686
2095,Low,1.9019641650080212,11.405025478336135,9.96214931023736,13.313071220368268
2096,Low,1.8998664183235061,11.529875361708026,10.069555232548176,13.457576768152745
2097,Low,1.8902968146066383,11.650660323052119,10.16826787583073,13.601261605214015
2098,Low,1.8822796721393729,11.77202463795253,10.26507638311978,13.751212134494093
2099,Low,1.8768540959339604,11.895663015112351,10.36481293532832,13.891013910312525
2100,Low,1.8723606513270161,12.012724866112581,10.472871406188757,14.030058793873117
2101,Low,1.8711197796696135,12.13202906964156,10.576709979908777,14.165633661626623
2102,Low,1.8733458444425635,12.251796239724115,10.682402683208965,14.302920196253364
2103,Low,1.8782903854391673,12.36609001146099,10.78806896673467,14.441165796968885
2104,Low,1.8773888758194917,12.485186350471485,10.887577142803549,14.586701615408886
2105,Low,1.876651107932366,12.606437209628027,10.986146396051147,14.72966838493087
2106,Low,1.8743989887842176,12.726265427335262,11.07852526325627,14.867105825217966
2107,Low,1.8702871051379206,12.84501039830067,11.173200949668965,15.003828402128056
2108,Low,1.8628712586469554,12.959908194400859,11.266123670429483,15.139012653418893
2109,Low,1.8559395101275844,13.076340966776925,11.358660703038183,15.272998683378503
2110,Low,1.8494423425809157,13.191436757448674,11.45035229831512,15.40596249298538
2111,Low,1.8442599674653162,13.30856436567501,11.54122627990224,15.536163793756451
2112,Low,1.840659441960605,13.41834237191021,11.631705220415515,15.665804478703212
2113,Low,1.839105994920118,13.528062237509975,11.721581461382154,15.80033511482313
2114,Low,1.840409070645258,13.640816774407012,11.810888810887706,15.931001959498333
2115,Low,1.8401348670766728,13.753289830183814,11.900888719454388,16.06390351438782
2116,Low,1.8393747227410544,13.864611132895714,11.99212502956076,16.201852433173656
2117,Low,1.8389471735678806,13.97569336050329,12.084107229800548,16.341462342013898
2118,Low,1.8326332309476479,14.086814386957252,12.175955638947928,16.46984472222029
2119,Low,1.8231541059174228,14.190743161634131,12.275074087855216,16.590593867495205
2120,Low,1.8146953760889535,14.293158510187812,12.372303897179709,16.717786322923423
2121,Low,1.8080054109884853,14.401952321128308,12.465976909436986,16.845355413004764
2122,Low,1.8023198051790335,14.50483229550165,12.552370329256656,16.96534962282536
2123,Low,1.799796860651633,14.618414984049455,12.629003669999783,17.082648619916387
2124,Low,1.8011681298267401,14.7256040454881,12.719992728697795,17.208494306117856
2125,Low,1.803297988973729,14.82643300353421,12.798560011837278,17.335154575482385
2126,Low,1.8009713166781784,14.931111839743684,12.883160015146311,17.46150958159987
2127,Low,1.7989363057489873,15.029232875319853,12.969170803720548,17.587271616529357
2128,Low,1.7952546800093818,15.132281504354651,13.052028790582261,17.71227916531274
2129,Low,1.7894025770700854,15.239014966095642,13.130125594670046,17.834055099703452
2130,Low,1.7804524797080898,15.33531553997415,13.207527631523709,17.94868306828764
2131,Low,1.7727953508591623,15.43839481110147,13.289407513807234,18.062263031551517
2132,Low,1.7658844132802274,15.543814300196974,13.375071946266845,18.17488017961447
2133,Low,1.7612834029551403,15.648329026450554,13.452726595009617,18.286243491482463
2134,Low,1.7595927896556232,15.746420317758641,13.533022986312343,18.396727757582862
2135,Low,1.7607459917355925,15.846305861234557,13.600800677298468,18.50732237677174
2136,Low,1.7603556130391533,15.946467459467048,13.669032327862945,18.623544983302022
2137,Low,1.759211897385135,16.04588286375703,13.749200786927766,18.739293895796965
2138,Low,1.7570040006903425,16.14793955165289,13.81635577251674,18.854525013945278
2139,Low,1.7495668092105845,16.24165784894042,13.882964445923507,18.970631396837064
2140,Low,1.7443129539950786,16.33590167733595,13.958439560919732,19.082937075192945
2141,Low,1.735902637818364,16.432523476345565,14.045720764199709,19.196332125691974
2142,Low,1.727736959681094,16.531464838864053,14.123981081686415,19.316911078578137
2143,Low,1.7203318061493453,16.629579236274136,14.194058906876748,19.433735559795977
2144,Low,1.7135035187693948,16.723679395006826,14.263697208563944,19.54974757829027
2145,Low,1.7087590886855517,16.814010471353214,14.329657306550123,19.66498779242117
2146,Low,1.7056295839061597,16.906809785756927,14.392391204606055,19.779589308338654
2147,Low,1.7016497444250247,16.997564835541944,14.454559052161448,19.893431896162785
2148,Low,1.6967334005713033,17.088036731665916,14.527691904769485,20.006064935185346
2149,Low,1.692061571287891,17.1802965301836,14.601275610678595,20.118052991244614
2150,Low,1.6873589902501216,17.272479487477803,14.669525617780959,20.229830336362532
2151,Low,1.681047031350373,17.36483724319187,14.735917272954044,20.341291438954446
2152,Low,1.6747396240420354,17.455852439099417,14.801080059612827,20.452037276800333
2153,Low,1.668808829424332,17.54168657319032,14.868228886970442,20.561841301206837
2154,Low,1.66323237323785,17.629956786724968,14.941503665582086,20.65668952042743
2155,Low,1.6583699038231832,17.715406772871816,15.014648365780914,20.74892411879987
2156,Low,1.6548044453339739,17.79910238235383,15.080529355615152,20.842774599163434
2157,Low,1.6538134751981413,17.884978376811045,15.143532022238723,20.927976953723775
2158,Low,1.6552212354307616,17.971684569734123,15.200719100511954,21.029811372175082
2159,Low,1.6555317751100407,18.056449153096313,15.255998039505178,21.135421328435207
2160,Low,1.6551643799252986,18.141954662111104,15.310910986081751,21.24071603857556
2161,Low,1.6532863272300595,18.225036249698995,15.3655614413168,21.345656549527973
2162,Low,1.644883471173658,18.30573165263747,15.425735272313672,21.450156151519387
2163,Low,1.63984080578328,18.392947454494276,15.488603304752242,21.553752424703724
2164,Low,1.6311281919195852,18.47697261626229,15.549999815712077,21.656472028296438
2165,Low,1.6227661658110217,18.55745017457435,15.606151472210385,21.758334539376946
2166,Low,1.6149462324385186,18.63964824034564,15.661859984443428,21.86232717454252
2167,Low,1.6085621761259299,18.719754095192016,15.718110264383519,21.960810428952342
2168,Low,1.6054443287957043,18.799716915102223,15.770508769993286,22.059314505062325
2169,Low,1.608328157105589,18.881497398681617,15.823996289413572,22.157117785598807
2170,Low,1.615471087400075,18.963470708422477,15.877766579883273,22.24936558395555
2171,Low,1.6159640256500556,19.043843669174684,15.931520439699417,22.345009800852427
2172,Low,1.6148181649949283,19.123000139024793,15.984964970089987,22.44528136329976
2173,Low,1.6062990255168648,19.206704821174203,16.040944446776926,22.538421107690432
2174,Low,1.6000905535775651,19.28536880747116,16.10202660277271,22.637640954312666
2175,Low,1.59180246055279,19.35630161492384,16.16698834243547,22.740804518736038
2176,Low,1.5809999149348422,19.43148988059008,16.22330498505298,22.84322193210024
2177,Low,1.5713828659085518,19.507945456019378,16.27712684158854,22.942432238472396
2178,Low,1.5645102634838095,19.585314555458698,16.33037113516531,23.0336811597033
2179,Low,1.5604407542683054,19.661013939643304,16.383128351891724,23.12424677102855
2180,Low,1.5606032753265282,19.73700026283949,16.435488955560576,23.214281148706142
2181,Low,1.561733298994732,19.80936575923829,16.48758511210855,23.30400922860236
2182,Low,1.561333911569541,19.878890073724094,16.539447398181263,23.393408162886388
2183,Low,1.559528277093554,19.953793632226294,16.591030518749545,23.48222337424291
2184,Low,1.5532465747223023,20.031021554705333,16.642293820704467,23.570630470475436
2185,Low,1.5469518640570923,20.108400353229825,16.693261978171762,23.65840050330981
2186,Low,1.539361426568402,20.18086792712029,16.744984312021785,23.74553695516864
2187,Low,1.530185016385317,20.258876499853315,16.79576484681675,23.831977655188375
2188,Low,1.5219673306541934,20.33623865168556,16.842364011453345,23.91764653654383
2189,Low,1.5159499260004787,20.410540632497685,16.89109868768428,24.002597920661824
2190,Low,1.5114779079925083,20.481249903441483,16.93955640974653,24.087130719854294
2191,Low,1.5107135407327692,20.54632827804974,16.987641948859896,24.171536715252927
2192,Low,1.5124301455096656,20.610244712750827,17.036769043294587,24.255030004047544
2193,Low,1.5111019204406912,20.672515634275694,17.08591286547844,24.33831831909643
2194,Low,1.5095424833444282,20.73959565430132,17.134786239615053,24.42124938858196
2195,Low,1.5069451435189285,20.807274416329896,17.183384023984026,24.503813049925142
2196,Low,1.4994153092822555,20.877361498686724,17.231677681638548,24.583866404284837
2197,Low,1.495010849336065,20.945525232633663,17.279526252148266,24.662945214318928
2198,Low,1.4874045174018464,21.013531224889157,17.327024095618004,24.74151951561177
2199,Low,1.4805660645486047,21.083670386603725,17.374082004865993,24.81944005331376
2200,Low,1.4743892585260705,21.14859425403428,17.420726012668148,24.900233143043526
2201,Low,1.4690332738256209,21.214416557857245,17.466978674880586,24.98805199342855
2202,Low,1.4678431090864554,21.28225139283645,17.512177601672306,25.067631363344148
2203,Low,1.471530727860126,21.346613969079954,17.558974276190696,25.14976618713276
2204,Low,1.4789641866293188,21.41244199162164,17.604118979097063,25.23270647693251
2205,Low,1.4817541005596928,21.476249260061763,17.649585650312275,25.31579390502744
2206,Low,1.4826309940421942,21.539646860498173,17.69498989057477,25.398789608460273
2207,Low,1.4742706823828045,21.598832749059547,17.74020846047929,25.481595881645326
2208,Low,1.4678805557989372,21.657815934017435,17.784987326429075,25.563745686260038
2209,Low,1.4571706961353528,21.719995782330997,17.82938469961436,25.64475006478593
2210,Low,1.4478540842233443,21.782441992558613,17.870980022662394,25.7245772470158
2211,Low,1.441150397823863,21.844489826613426,17.910932373884062,25.803711155164272
2212,Low,1.435897082405171,21.9059864693473,17.95050400478396,25.879004279952866
2213,Low,1.433319550620041,21.956624658270268,17.989734492143334,25.955943372597
2214,Low,1.4318443249947004,22.013251135981783,18.028692760571307,26.037439901018402
2215,Low,1.4289537791195797,22.07314472924569,18.067407795003643,26.11794567083282
2216,Low,1.4248307530587836,22.132714757837586,18.105846701228135,26.19591600329872
2217,Low,1.4200065920096783,22.190079525165302,18.143981734017327,26.273467568469584
2218,Low,1.415471529527321,22.246435187034855,18.181798562125387,26.350568078413545
2219,Low,1.4112180600066897,22.302846349532516,18.213681677130126,26.427234106922516
2220,Low,1.407678013183737,22.361096094282193,18.24685031252074,26.503481690615065
2221,Low,1.404062908613744,22.417901951680758,18.28520984377289,26.579347733622267
2222,Low,1.400791410916538,22.47477237778689,18.323293237102,26.654830449714993
2223,Low,1.397454277960134,22.529045965597604,18.36111102350951,26.729948362057325
2224,Low,1.3944176730627436,22.58238868130165,18.398663621309144,26.80470003313185
2225,Low,1.3917581589768877,22.63905312673046,18.43208167043533,26.87910169083678
2226,Low,1.3904769275338622,22.69451004947691,18.46257637351779,26.954585970463356
2227,Low,1.3901346862984925,22.746230697781137,18.49284936948957,27.0323803590074
2228,Low,1.3892292029989648,22.7989979967631,18.522920557807417,27.110006408040242
2229,Low,1.3891449028141023,22.852414112069724,18.552780212393937,27.186607135622452
2230,Low,1.3871057676164527,22.90592809904536,18.58244556621325,27.25409873536941
2231,Low,1.3856657938947914,22.963198848760698,18.611880275430913,27.321268098825904
2232,Low,1.383241259097406,23.018463447493627,18.641097550033663,27.391617288979596
2233,Low,1.3789743407513806,23.074414731766097,18.670258207446906,27.46473381700326
2234,Low,1.374663854437497,23.1296578912412,18.69996720928312,27.53904316866359
2235,Low,1.3714588064547095,23.183566798972844,18.729413105404074,27.6125510341793
2236,Low,1.3685701558500414,23.236151845057627,18.75861960794025,27.685618259169615
2237,Low,1.367282847614715,23.28712762863477,18.787594836699387,27.75835500392575
2238,Low,1.3700085481409754,23.337017861941575,18.825022241831704,27.83083914056113
2239,Low,1.3756733129115177,23.3908235273227,18.86841791279338,27.90326264017692
2240,Low,1.3772327905171051,23.442823371287503,18.911835662173537,27.975764422169377
2241,Low,1.37739766421365,23.492777198877274,18.94367132219848,28.048148057859247
2242,Low,1.3777505448760725,23.544067871522337,18.968081301816582,28.115695805617058
2243,Low,1.3757905315764543,23.599104549565972,18.992326209435266,28.18190430045316
2244,Low,1.3699095057970976,23.652818611532982,19.016370564410543,28.24781868140247
2245,Low,1.364409655530571,23.70461850239898,19.040154736975996,28.313271394524545
2246,Low,1.3594941445437563,23.756052025906335,19.06378176373413,28.38443005595644
2247,Low,1.356119269250491,23.80714141695589,19.087378781482055,28.457180061693286
2248,Low,1.3543396315309795,23.856616061594693,19.11076251090865,28.529590083713444
2249,Low,1.358892739940173,23.903109022911345,19.133959628675118,28.601738010276566
2250,Low,1.3654867743724066,23.95446924930466,19.16400251371103,28.673927633420142
2251,Low,1.3690589524264787,24.00632595782661,19.195404270807135,28.745975831658303
2252,Low,1.369724597813128,24.063219905892876,19.22672763427828,28.814775832403907
2253,Low,1.367382967185842,24.115468446312434,19.25803784965686,28.87571669002177
2254,Low,1.3615904031555428,24.164076200676668,19.289567814040286,28.93614825201906
2255,Low,1.3562291111797828,24.215197368223308,19.31072478885586,28.996111311695458
2256,Low,1.3519953596757073,24.270347008655452,19.32826160143907,29.06208037871022
2257,Low,1.3476265442359616,24.321247301549505,19.356523458490326,29.12890436371656
2258,Low,1.3437255312530054,24.37091165113526,19.388073614309288,29.19533951488292
2259,Low,1.340156255947499,24.418858203352528,19.419939323335456,29.261408451942714
2260,Low,1.3382173895120975,24.47099691043241,19.451590283787517,29.327127544104577
2261,Low,1.337462772573877,24.52291481332938,19.483062558830735,29.392570090406497
2262,Low,1.3371704611479371,24.574654067296574,19.51438220541346,29.455263545882588
2263,Low,1.3362036771594936,24.626231301717095,19.545559704780434,29.514145544237998
2264,Low,1.3346918282860658,24.678729229186256,19.576581637287482,29.573769834549342
2265,Low,1.3335253219366179,24.72928768827515,19.607464393064344,29.63768725444352
2266,Low,1.3308078340875373,24.77965972226164,19.63845021035801,29.7014316339107
2267,Low,1.3277692760298372,24.82979356698188,19.670658005387097,29.765062854230347
2268,Low,1.3251803792121528,24.87501759236965,19.699322780096818,29.828394230282033
2269,Low,1.322966034106824,24.90963966424863,19.72908997333563,29.891446380704735
2270,Low,1.3210306776564251,24.958970744763747,19.759045994705847,29.954236510971295
2271,Low,1.31938421710113,25.0093550868306,19.788833907439727,30.016777588291536
2272,Low,1.3184583755241526,25.05178502152268,19.81846058579098,30.079082869236967
2273,Low,1.3184978290617029,25.097759711216796,19.847941464137723,30.140986250723167
2274,Low,1.3185055347368377,25.14600238217328,19.877296613359906,30.205553479182452
2275,Low,1.317990642451821,25.19409537834142,19.905835136724512,30.264621117278246
2276,Low,1.317686757119735,25.240820103751652,19.935434683809437,30.32613617105777
2277,Low,1.3169356720192769,25.286640820250593,19.964257132396945,30.387620400495834
2278,Low,1.314061869873049,25.332291068756753,19.992940568071656,30.448910008134234
2279,Low,1.3111105664620237,25.37770565171804,20.021444379915778,30.509917130460586
2280,Low,1.3087148957651418,25.422883451759404,20.049768311647888,30.570573069654312
2281,Low,1.3067411129032933,25.467842888466613,20.07792434381053,30.630475353457445
2282,Low,1.3051602930383397,25.512598045824404,20.105921692762973,30.69013451848438
2283,Low,1.3043100557795773,25.557161950334567,20.133768874379346,30.750189998616946
2284,Low,1.3036374037577059,25.596524650340555,20.161480702351394,30.810289123567042
2285,Low,1.3029925093934112,25.639513422557613,20.189061254276453,30.870150381603654
2286,Low,1.3017308590837102,25.680910301678143,20.21617003035077,30.92944930174353
2287,Low,1.3008495920130871,25.726024848206542,20.237186379059256,30.98840638452954
2288,Low,1.2994062653305827,25.77097627161164,20.258047450550194,31.046936546152804
2289,Low,1.298338754955876,25.813302312568563,20.278746146226332,31.105249949703225
2290,Low,1.2966672417183671,25.854787566669017,20.300684637816296,31.163362472160546
2291,Low,1.2947711852083135,25.896080450930874,20.32566671649285,31.215025932725226
2292,Low,1.293208273800717,25.93543869039503,20.350499504125253,31.266071275676374
2293,Low,1.2917406151838067,25.978809666928715,20.37518967379351,31.31685064287306
2294,Low,1.290599437201338,26.024000217941534,20.39973973469416,31.367368302657347
2295,Low,1.2911804166602172,26.06727098450439,20.424156078989746,31.41763653451169
2296,Low,1.2931543239406198,26.110525765282617,20.448468535080572,31.467715924877545
2297,Low,1.297830318184412,26.156589726206604,20.470732260423542,31.517654667792915
2298,Low,1.3016517249499082,26.19346647324274,20.490728798862733,31.567545262188936
2299,Low,1.3040666351983534,26.234361110316556,20.510998552360284,31.61735659514927
2300,Low,1.3065072905652533,26.271731337943912,20.531161761599932,31.667039192921486
1990,Medium-to-Low,0.5549323129780074,-0.9399118564955005,-1.0960354070029088,-0.8224063842021445
1991,Medium-to-Low,0.5842776558307643,-0.8801794793500393,-1.026608230452588,-0.7704340675668575
1992,Medium-to-Low,0.5068514056020823,-0.8183164802549686,-0.9543712730142715,-0.7163448329417169
1993,Medium-to-Low,0.2957638454934736,-0.7630334680492887,-0.8898262322173621,-0.668002478767636
1994,Medium-to-Low,0.32263621101166673,-0.7255784136339732,-0.8460689809383389,-0.6352218981118568
1995,Medium-to-Low,0.44617070918554025,-0.6857753140516336,-0.7997065367531387,-0.6004841225158579
1996,Medium-to-Low,0.5374490349232901,-0.6355144151209254,-0.7412698573350084,-0.5566921485436735
1997,Medium-to-Low,0.598189663208572,-0.5777720548245389,-0.6739433276665913,-0.5062321169142243
1998,Medium-to-Low,0.6454053664735274,-0.5150180752745225,-0.6007482776729393,-0.45135981470746356
1999,Medium-to-Low,0.6889557500192713,-0.4482794707498919,-0.523027340262439,-0.3930781430051275
2000,Medium-to-Low,0.7316154504182077,-0.37803313357387736,-0.4411452174442672,-0.331624431595804
2001,Medium-to-Low,0.77181758652432,-0.30420845882119474,-0.3549277333167268,-0.2670596900109251
2002,Medium-to-Low,0.8011194136457899,-0.22718318929244558,-0.26504795501901285,-0.1996423445987723
2003,Medium-to-Low,0.8305805959396302,-0.14808342908381422,-0.17242571190079692,-0.12994031404793563
2004,Medium-to-Low,0.8414618002473262,-0.06640839082251503,-0.07726251559227355,-0.058302584623008726
2005,Medium-to-Low,0.8491062868195517,0.01581556725795824,0.013455684801679064,0.019020829044595063
2006,Medium-to-Low,0.851816182088209,0.09871142294069213,0.08616347043088834,0.1151160425697968
2007,Medium-to-Low,0.8608041211160541,0.18151191881807674,0.15856508264878674,0.21145735990690548
2008,Medium-to-Low,0.8733595845062508,0.26486612538076315,0.23186478872962282,0.30889811159602404
2009,Medium-to-Low,0.8943131356158592,0.34924385983536926,0.3059910758089979,0.40740397340605666
2010,Medium-to-Low,0.9191687123134434,0.4352697749008913,0.3815398365654836,0.5077526527154207
2011,Medium-to-Low,0.9514307792672222,0.5230241037760814,0.45877617629954165,0.6103133935191113
2012,Medium-to-Low,0.9754629045078027,0.6132594750902733,0.5380962494016243,0.7154941819370031
2013,Medium-to-Low,1.0080022451104809,0.7050511625141271,0.6190089268658904,0.8225738973838939
2014,Medium-to-Low,1.0426535350416293,0.7992637268574894,0.7021159467992758,0.9324616150319082
2015,Medium-to-Low,1.0746854893522804,0.8961606617673092,0.7875563324202585,1.0455443189972673
2016,Medium-to-Low,1.1055332825135755,0.9959867678403469,0.8751293416585404,1.161903762429058
2017,Medium-to-Low,1.1299024466098344,1.0979724264443331,0.9647317014609773,1.2809295135296836
2018,Medium-to-Low,1.1559945114677386,1.2018807951942407,1.0553013452008602,1.4017374579938044
2019,Medium-to-Low,1.1812515729476785,1.3074123378749287,1.1472299422032628,1.5232086850924538
2020,Medium-to-Low,1.1944871446555292,1.414064866173011,1.2407921678107277,1.646516318153783
2021,Medium-to-Low,1.2203208155113423,1.5218645603188672,1.335910346824728,1.7705239236867878
2022,Medium-to-Low,1.248046333642033,1.6315589144188396,1.432872278583594,1.8978830545750756
2023,Medium-to-Low,1.2811030409964752,1.7427584538140026,1.5313258410734427,2.028339737880096
2024,Medium-to-Low,1.3151684253982685,1.8562985328030195,1.630482503050533,2.1616045712179996
2025,Medium-to-Low,1.3487350101230444,1.9726513202123508,1.7329886666670622,2.297752099419056
2026,Medium-to-Low,1.3800384303703837,2.092212594995347,1.8358289922408508,2.436648804949526
2027,Medium-to-Low,1.3996099399652517,2.2137051691173415,1.9399467344002255,2.5783583043347424
2028,Medium-to-Low,1.4148861212197825,2.335638633427509,2.0462031620764387,2.7204395983274097
2029,Medium-to-Low,1.4331748333198442,2.457803146666569,2.1548740020931194,2.862007520638471
2030,Medium-to-Low,1.4505041913083623,2.5814192334350157,2.264338112386004,3.007885448142002
2031,Medium-to-Low,1.4691983348711342,2.7058422562073754,2.3741937232171964,3.1512138749679117
2032,Medium-to-Low,1.4868370015484718,2.8310236547860885,2.4839405386569524,3.2934401905457547
2033,Medium-to-Low,1.5070291103069948,2.956944763232438,2.594792934180025,3.4402445718871943
2034,Medium-to-Low,1.5302341072208223,3.084208546477272,2.7073962842536092,3.5882248537604533
2035,Medium-to-Low,1.5564249102479224,3.2134667428041723,2.8220067101839796,3.7377251138776755
2036,Medium-to-Low,1.5828720605446207,3.344372726948159,2.9381179372448067,3.8889888368161185
2037,Medium-to-Low,1.6070664950004814,3.4766091897237428,3.055734421730795,4.0420142803961845
2038,Medium-to-Low,1.630724955277725,3.6112184357958155,3.174690402668373,4.1964420026696665
2039,Medium-to-Low,1.6540050327146714,3.7473969855975415,3.2947404777917755,4.352410279294161
2040,Medium-to-Low,1.6692603073646282,3.88417608210641,3.4161868221227625,4.5120167079940785
2041,Medium-to-Low,1.6839658357378917,4.0218778519043035,3.5372839552206723,4.67247347455671
2042,Medium-to-Low,1.701810553673202,4.160544378303316,3.6562710977922785,4.833609285251045
2043,Medium-to-Low,1.7215861790816083,4.300985185008688,3.778672846643054,4.9914275744747645
2044,Medium-to-Low,1.7436140035465446,4.441400145602187,3.90252552732638,5.154704907025579
2045,Medium-to-Low,1.7676987072370665,4.582123648387263,4.02744373804393,5.314288466043911
2046,Medium-to-Low,1.7963487829760394,4.72348795777785,4.148717793660425,5.477924957900004
2047,Medium-to-Low,1.8253643260435537,4.866333602240026,4.271100852429604,5.647936061583551
2048,Medium-to-Low,1.852040980063723,5.012033122971841,4.394766399229043,5.820235514290408
2049,Medium-to-Low,1.8787111123189186,5.1574762020377065,4.519421417145089,5.994392826629568
2050,Medium-to-Low,1.9032275871270916,5.305521127821869,4.648124072292737,6.170408737853175
2051,Medium-to-Low,1.9242307616258816,5.454120900780531,4.779645006833114,6.348079026138901
2052,Medium-to-Low,1.9452704393970506,5.603503226041531,4.912126331282819,6.524258011720129
2053,Medium-to-Low,1.9635176390879792,5.753561768885467,5.045460352536434,6.694670618533182
2054,Medium-to-Low,1.9818789416519522,5.906940961272388,5.179384336878513,6.865404890344693
2055,Medium-to-Low,2.00008561174977,6.061518730891474,5.315464758452556,7.038992981307826
2056,Medium-to-Low,2.019179990131604,6.213779537016916,5.449237511717562,7.217694595916963
2057,Medium-to-Low,2.043317794975946,6.365658135271496,5.584929108636542,7.388759218138625
2058,Medium-to-Low,2.070081615718676,6.520908954134875,5.721889960483661,7.57276302836024
2059,Medium-to-Low,2.0934968693665863,6.676233189861044,5.860115556680108,7.748904906071739
2060,Medium-to-Low,2.1135533936197617,6.83093726840271,6.001238969390433,7.931692042650776
2061,Medium-to-Low,2.13040487611486,6.987700542099852,6.143025370012352,8.112798782748898
2062,Medium-to-Low,2.143695820102089,7.148264335880587,6.285450946024913,8.296322822304843
2063,Medium-to-Low,2.156174708879651,7.3064505456030435,6.422950222745382,8.480139329036074
2064,Medium-to-Low,2.1698238786277497,7.46479947620513,6.564983358943166,8.657362987781793
2065,Medium-to-Low,2.182213038781085,7.623365459384194,6.707517325031278,8.836689095231174
2066,Medium-to-Low,2.1946340329774467,7.782366763220679,6.849088181282227,9.023132441391226
2067,Medium-to-Low,2.2063333922484634,7.9406261103207365,6.986372058312622,9.209787381852651
2068,Medium-to-Low,2.2204021591944474,8.099281176236474,7.122973508691587,9.396585286191339
2069,Medium-to-Low,2.2361235913835187,8.257000952345816,7.263948338647013,9.583702467339283
2070,Medium-to-Low,2.2544169673282917,8.413287190009626,7.405236532188292,9.770788510506648
2071,Medium-to-Low,2.2707538912,8.571216531574413,7.546105508748675,9.9560920577611
2072,Medium-to-Low,2.285646019625475,8.732170831502607,7.684652313774711,10.14201920019895
2073,Medium-to-Low,2.298593332146028,8.89255905011198,7.824327660130493,10.32816764655456
2074,Medium-to-Low,2.3066873152682565,9.051537877136067,7.954760286999065,10.514375029191925
2075,Medium-to-Low,2.315974461408208,9.213533029061313,8.09369249994373,10.700261863251177
2076,Medium-to-Low,2.3219187819139075,9.374786823053508,8.236771231738077,10.889965329830824
2077,Medium-to-Low,2.3272287791776773,9.53196337528528,8.379722322582433,11.083895232387281
2078,Medium-to-Low,2.3331463092954112,9.690963257808107,8.516959644997643,11.277593857580605
2079,Medium-to-Low,2.3389563826210935,9.850547506771832,8.648784427163571,11.469105763605029
2080,Medium-to-Low,2.3495685618530304,10.010021446056447,8.77997773527819,11.64196095315111
2081,Medium-to-Low,2.3645682871120366,10.167856326861354,8.909288646463004,11.811692191970618
2082,Medium-to-Low,2.379232830305513,10.324474669581445,9.03605896153788,11.990323427348228
2083,Medium-to-Low,2.39259899415064,10.483007007277362,9.172112571483092,12.1771057280923
2084,Medium-to-Low,2.398088805905413,10.642659937448212,9.30789515101707,12.36965152275623
2085,Medium-to-Low,2.3975317498218627,10.799038521101146,9.43836130557882,12.563499960599563
2086,Medium-to-Low,2.397501099037321,10.954680212209288,9.575171382515611,12.756645381856854
2087,Medium-to-Low,2.3967889584875106,11.10980622854184,9.709590839114192,12.949128817536652
2088,Medium-to-Low,2.396104128372829,11.26340231687976,9.838704540157261,13.140759928468151
2089,Medium-to-Low,2.3970120881969694,11.416857780909499,9.972488992462958,13.326865499644335
2090,Medium-to-Low,2.399201034853153,11.571261356388773,10.104304988687577,13.506150048574453
2091,Medium-to-Low,2.4027598613711563,11.722646367478124,10.225764560465803,13.688173808705493
2092,Medium-to-Low,2.411044848345703,11.875138489046096,10.347132496706566,13.869237986876684
2093,Medium-to-Low,2.416638191666583,12.025146241572685,10.483709736508262,14.044546200940294
2094,Medium-to-Low,2.4207277650188126,12.175498110234578,10.61587287927758,14.2164255924699
2095,Medium-to-Low,2.4252944200293745,12.326269664688267,10.750428904454047,14.392256733463755
2096,Medium-to-Low,2.4253143950780784,12.474864996480104,10.880253062338348,14.573558173758329
2097,Medium-to-Low,2.4174875922414523,12.628749243459549,11.005405385773608,14.75550247691191
2098,Medium-to-Low,2.410852002908693,12.781109333563975,11.122931746906028,14.929482712203296
2099,Medium-to-Low,2.406458330997878,12.927689743225677,11.241108667267667,15.101736867007325
2100,Medium-to-Low,2.4026571318587573,13.075691513690604,11.358817202519212,15.27210527089562
2101,Medium-to-Low,2.4017770965712817,13.222293194908888,11.475498117268293,15.44131299719936
2102,Medium-to-Low,2.404240503188562,13.370223474951397,11.591410088056287,15.604984325146573
2103,Medium-to-Low,2.409197055770241,13.510233794417301,11.707018432608693,15.777862503379955
2104,Medium-to-Low,2.4080502731210722,13.653673606592832,11.822025837046011,15.946013880739512
2105,Medium-to-Low,2.406807257264983,13.798067343483613,11.937346388175682,16.116745694654085
2106,Medium-to-Low,2.4037928095431518,13.940687256934943,12.05576766679749,16.296544487217766
2107,Medium-to-Low,2.398664338115455,14.084014733849433,12.173712981407151,16.467182755136022
2108,Medium-to-Low,2.3899794369105196,14.218054995500989,12.29813294843935,16.62246253133331
2109,Medium-to-Low,2.381526648922267,14.3519777693222,12.426761237479193,16.787665579989167
2110,Medium-to-Low,2.37325738695141,14.486649907319169,12.53680697251066,16.947470140770854
2111,Medium-to-Low,2.3660534400458046,14.632526134470567,12.640918175347005,17.09918450560865
2112,Medium-to-Low,2.360183637865279,14.769069016329688,12.757500459653413,17.261859009883572
2113,Medium-to-Low,2.3561164359768907,14.89999061445032,12.858934722173364,17.424567764831465
2114,Medium-to-Low,2.3546649942798306,15.029766266200301,12.96936555731178,17.586281382164547
2115,Medium-to-Low,2.3514007748628196,15.161725233730492,13.07555422053724,17.746931589853705
2116,Medium-to-Low,2.347421375753813,15.297163129909812,13.175800101087106,17.900291655914284
2117,Medium-to-Low,2.3435529773807704,15.423699682198178,13.278733234482571,18.047513133673803
2118,Medium-to-Low,2.3335860507510273,15.559999772490393,13.388968728582089,18.193645452690628
2119,Medium-to-Low,2.320252841329575,15.695542315598754,13.490377528444883,18.337861108461457
2120,Medium-to-Low,2.3077516843971804,15.820583072920755,13.58666321982075,18.4803528216035
2121,Medium-to-Low,2.2968457796452957,15.95032156515698,13.672351160790276,18.628079729658026
2122,Medium-to-Low,2.2867875319955266,16.077883076526994,13.773077494512439,18.77631213715458
2123,Medium-to-Low,2.2797564744972956,16.20389295361855,13.858576616110623,18.92320193734021
2124,Medium-to-Low,2.2764948893957047,16.32496437962647,13.9468451327594,19.071605338291025
2125,Medium-to-Low,2.2738731133992416,16.447728831754265,14.058697798673242,19.21415297290188
2126,Medium-to-Low,2.266680032469981,16.57441142116403,14.156936598504288,19.368198930395547
2127,Medium-to-Low,2.25966672926414,16.70107176211535,14.246948979415956,19.518354536049834
2128,Medium-to-Low,2.2508970822425236,16.81686277003806,14.333916318561046,19.667491678636306
2129,Medium-to-Low,2.2398490767354775,16.936714772458686,14.414906746189544,19.815508903464558
2130,Medium-to-Low,2.225596592955175,17.053264904674307,14.499710052491642,19.96167617473125
2131,Medium-to-Low,2.2125322598522854,17.17075162996964,14.594530123580908,20.105910376498997
2132,Medium-to-Low,2.200134848174196,17.28898812473634,14.683215990393489,20.24920993897484
2133,Medium-to-Low,2.1899817009508062,17.406865366374106,14.768042254116363,20.391703797995255
2134,Medium-to-Low,2.1826800234409283,17.52052634498405,14.850939791536694,20.53303894082381
2135,Medium-to-Low,2.178167653450984,17.631995993568914,14.943775844369124,20.66166126576895
2136,Medium-to-Low,2.1720603729014734,17.742545452900167,15.037647054622315,20.781476540251322
2137,Medium-to-Low,2.1651521283581086,17.851324942026906,15.117429628654943,20.896406042614522
2138,Medium-to-Low,2.157135538714287,17.96196595789677,15.196791117275737,21.01656127717077
2139,Medium-to-Low,2.143848829527256,18.07034467568556,15.267473605962103,21.151587889580473
2140,Medium-to-Low,2.13270864780566,18.177582063835253,15.337139022800859,21.28529530566926
2141,Medium-to-Low,2.11837842335156,18.280131126268166,15.408456920601626,21.417818812256645
2142,Medium-to-Low,2.104264252978655,18.389030307621532,15.487541860173897,21.548962319596548
2143,Medium-to-Low,2.0908860157041613,18.495437574128925,15.564680147887387,21.67836244138244
2144,Medium-to-Low,2.078063484845946,18.597931350281147,15.635213998966604,21.80643092641492
2145,Medium-to-Low,2.067306865780233,18.699723693048803,15.706575178796173,21.93944553054374
2146,Medium-to-Low,2.0581497461932248,18.800358791873137,15.773001500157648,22.05896921953042
2147,Medium-to-Low,2.0481294175754745,18.90279627602839,15.840263499642317,22.18181828226689
2148,Medium-to-Low,2.0371631232198677,19.004617082767616,15.907466267581029,22.296957975058795
2149,Medium-to-Low,2.0264354079130933,19.103549187581855,15.973837568083434,22.42165321047195
2150,Medium-to-Low,2.0156744886035227,19.204749056086307,16.041624621986575,22.537084065525345
2151,Medium-to-Low,2.003306608985891,19.302255822337365,16.116386591212294,22.658106954463996
2152,Medium-to-Low,1.9909498324585537,19.39014759826176,16.19525933634507,22.784975944662445
2153,Medium-to-Low,1.9789777786335638,19.484797210716984,16.262008229325804,22.910727332698528
2154,Medium-to-Low,1.9673692050162452,19.57915144615354,16.327956660896977,23.026271727738866
2155,Medium-to-Low,1.9564840894985536,19.672855934607597,16.393125626486498,23.138149553917874
2156,Medium-to-Low,1.9469053089143447,19.766386049314008,16.457546701569015,23.248971049283927
2157,Medium-to-Low,1.939910021528713,19.853089637137124,16.521268477228254,23.35881337705216
2158,Medium-to-Low,1.9353214088624466,19.941139259105977,16.584376984699645,23.467537328217578
2159,Medium-to-Low,1.9296424303514588,20.034805551027233,16.64695088239832,23.57544175801784
2160,Medium-to-Low,1.9232921552369178,20.128694093178428,16.70929389884381,23.68258708913945
2161,Medium-to-Low,1.9154380198144267,20.21913440917963,16.772389274182217,23.78894397215793
2162,Medium-to-Low,1.9010645316564139,20.314374378716515,16.831001268290223,23.894441093223815
2163,Medium-to-Low,1.8900551195488107,20.40782623395142,16.89075328408901,23.998753346017725
2164,Medium-to-Low,1.875374165122848,20.494039390837596,16.950094769925805,24.102228466610107
2165,Medium-to-Low,1.861038254534152,20.573181479580708,17.008826819791924,24.204945059739728
2166,Medium-to-Low,1.8472336997130732,20.650433383419266,17.068435123991918,24.305910173391126
2167,Medium-to-Low,1.8348490454951036,20.72599094044589,17.12729710782911,24.40575878314574
2168,Medium-to-Low,1.8257087660445444,20.808611817317143,17.185463213539755,24.504571437976075
2169,Medium-to-Low,1.8225420019837104,20.891422898338195,17.24303597950899,24.600398175851403
2170,Medium-to-Low,1.8235986526893622,20.97216919191249,17.300194798343522,24.69489531315653
2171,Medium-to-Low,1.8179623328029848,21.056007482776884,17.35706469140592,24.78902237069367
2172,Medium-to-Low,1.8106415655046113,21.13673491509035,17.41345513117717,24.883418207156232
2173,Medium-to-Low,1.7958991160938116,21.215851800309693,17.46932258222851,24.98743649262647
2174,Medium-to-Low,1.783418397969686,21.296823480399418,17.522926055400287,25.084741512550195
2175,Medium-to-Low,1.7688058257599704,21.37343989434401,17.579292316946592,25.183095128259755
2176,Medium-to-Low,1.751624286523322,21.45094393630786,17.632721281499087,25.28113051533448
2177,Medium-to-Low,1.7355719526826086,21.525134003499275,17.68572564532122,25.377966361080414
2178,Medium-to-Low,1.7222051072326812,21.59498302757941,17.737999356111747,25.473669477672615
2179,Medium-to-Low,1.7115785427093744,21.662739240239787,17.78962514271836,25.56838454001772
2180,Medium-to-Low,1.705117120272101,21.734171515384823,17.84068552478747,25.661633215002688
2181,Medium-to-Low,1.6995515139878676,21.806192935880247,17.888152436022978,25.753718849164038
2182,Medium-to-Low,1.692381820239239,21.878104070018566,17.93429170260982,25.84522034037701
2183,Medium-to-Low,1.6837298402668641,21.944680221133037,17.979967068883216,25.929619506982846
2184,Medium-to-Low,1.6705254329308248,22.00507233537121,18.025146902840184,26.0240888130615
2185,Medium-to-Low,1.6572330939230806,22.07403681967991,18.069725237109598,26.11757316107445
2186,Medium-to-Low,1.6425704106731966,22.142215587605662,18.113707412025086,26.20681733525699
2187,Medium-to-Low,1.6262475926969924,22.207431296251364,18.157067684189883,26.29505709920379
2188,Medium-to-Low,1.6108102239745423,22.271111589396718,18.19889664658446,26.382218505412077
2189,Medium-to-Low,1.597499844742709,22.335478950836652,18.232815219266413,26.46835305410475
2190,Medium-to-Low,1.5856608616331684,22.40028874773877,18.274469523150653,26.55357215016475
2191,Medium-to-Low,1.5774547404543107,22.46367163021842,18.31706131053801,26.637953958595325
2192,Medium-to-Low,1.5716529753550361,22.525708430514115,18.35922072660793,26.72168045990172
2193,Medium-to-Low,1.562728838432537,22.583583113591974,18.401010575621164,26.8048720737131
2194,Medium-to-Low,1.5534983231704484,22.6465473450263,18.43841153015353,26.887381531241594
2195,Medium-to-Low,1.543156557427941,22.70779279560544,18.47206021909919,26.970546913391708
2196,Medium-to-Low,1.5278116618490385,22.7638532702671,18.505266419752836,27.054301944872513
2197,Medium-to-Low,1.5155269425254518,22.822220441385724,18.53793848145963,27.140783164336025
2198,Medium-to-Low,1.499976788381984,22.879926452031558,18.570143318706485,27.22058083386008
2199,Medium-to-Low,1.4851351751389918,22.938712413608496,18.60182459812325,27.292806502349826
2200,Medium-to-Low,1.470898809180351,22.997801409742955,18.633003394674947,27.364370012419446
2201,Medium-to-Low,1.457429592192749,23.05765917519436,18.663698318244034,27.441013270976775
2202,Medium-to-Low,1.4480752995678672,23.115798269606948,18.694733248291637,27.518648902340082
2203,Medium-to-Low,1.443549254093389,23.173387317690405,18.725629503380837,27.595981586815423
2204,Medium-to-Low,1.4427172545035927,23.22679802188931,18.756243211879738,27.672556480138336
2205,Medium-to-Low,1.437187195444287,23.28240584928981,18.786647657715392,27.748880671449456
2206,Medium-to-Low,1.4296919455483366,23.334559595449324,18.822407987957554,27.82473029885036
2207,Medium-to-Low,1.4129095201695747,23.3900651002988,18.867515939427907,27.900014211044112
2208,Medium-to-Low,1.398054727604206,23.443191779531425,18.911995971274536,27.97429427776542
2209,Medium-to-Low,1.3788389357049657,23.494777828808417,18.94654541935015,28.04766869626162
2210,Medium-to-Low,1.360978649840276,23.54451244252965,18.970958303999392,28.11640644547265
2211,Medium-to-Low,1.3456936323268305,23.599088750776964,18.994917120997616,28.181885835761165
2212,Medium-to-Low,1.3318195138732636,23.65234036187254,19.018469414182285,28.2465000493905
2213,Medium-to-Low,1.3205803340667945,23.70284369995163,19.04164325974429,28.310316489120993
2214,Medium-to-Low,1.3103999343838382,23.752794586619608,19.064528776968046,28.377311614969777
2215,Medium-to-Low,1.2987590097085153,23.80223319876886,19.087353227276836,28.447712335991895
2216,Medium-to-Low,1.2858409763641019,23.851032600166373,19.109846380586728,28.51738684519213
2217,Medium-to-Low,1.2721785791947813,23.89542928583004,19.131993010217943,28.5862779948498
2218,Medium-to-Low,1.2587628506280686,23.940953390916597,19.15798448597732,28.654354668802338
2219,Medium-to-Low,1.2455863166001042,23.989216382660423,19.18720182158843,28.7215826051582
2220,Medium-to-Low,1.233080635179629,24.04051059990102,19.216015602735595,28.787643592436996
2221,Medium-to-Low,1.2204569864354213,24.09017032994435,19.244443842286234,28.84633131737965
2222,Medium-to-Low,1.2081338235240446,24.137207894586588,19.27279387010755,28.90107872553485
2223,Medium-to-Low,1.1957015775355282,24.180670276566204,19.30065065422659,28.955078369430446
2224,Medium-to-Low,1.1835264345512955,24.22581342408261,19.316412320706267,29.008394369807423
2225,Medium-to-Low,1.1716850308121745,24.27490518007017,19.331884620064535,29.06690062215418
2226,Medium-to-Low,1.161178120654633,24.319861582867922,19.356967309640794,29.125690199728222
2227,Medium-to-Low,1.151565154562599,24.363799865427804,19.38445010330555,29.183862634277556
2228,Medium-to-Low,1.1413430680369474,24.40538796386914,19.412230211173217,29.241461222379
2229,Medium-to-Low,1.131896419250366,24.44885712520331,19.439687431692796,29.298462477140355
2230,Medium-to-Low,1.1204485875885437,24.49363314286676,19.466841047892707,29.35490411359962
2231,Medium-to-Low,1.1095552964324387,24.537897120818048,19.493651463044102,29.41070152357405
2232,Medium-to-Low,1.0976420905601008,24.581671573052695,19.520133405290697,29.463616003835448
2233,Medium-to-Low,1.0838726247259416,24.624924200245964,19.546268405610885,29.51277726470076
2234,Medium-to-Low,1.0700719551199096,24.66863264704496,19.57202080878837,29.560900105350406
2235,Medium-to-Low,1.0574135218837553,24.710571396358525,19.597393423923513,29.61337680464896
2236,Medium-to-Low,1.0451306691718925,24.751612352908595,19.622528269749566,29.665270402867574
2237,Medium-to-Low,1.0345287273132078,24.792139861239882,19.647438612405306,29.716589654482497
2238,Medium-to-Low,1.0280362606254003,24.83221393538048,19.67289954795634,29.767457263680125
2239,Medium-to-Low,1.0245919003072976,24.869669234408008,19.696916803899843,29.81793818237433
2240,Medium-to-Low,1.0171622667942164,24.898561649207164,19.719624178570125,29.868164707875827
2241,Medium-to-Low,1.0084722723374424,24.928938672927167,19.743393280516237,29.917967903650396
2242,Medium-to-Low,1.0001274195927572,24.96976486120234,19.766904962961327,29.967296286745665
2243,Medium-to-Low,0.9896394692857224,25.00976057691483,19.790168273290742,30.016167022838058
2244,Medium-to-Low,0.9754092623202509,25.042585993759552,19.81314197921816,30.06449162096174
2245,Medium-to-Low,0.9617464797316571,25.075577703077162,19.835753269056376,30.11203780720561
2246,Medium-to-Low,0.9488551505757717,25.11215260737985,19.858016588374948,30.158980909985445
2247,Medium-to-Low,0.9376883711597696,25.148218389482214,19.879950253373174,30.207260132291875
2248,Medium-to-Low,0.9282937418848902,25.183834634506795,19.900558528588594,30.25161162978255
2249,Medium-to-Low,0.9253981887253186,25.219061918935907,19.922672788542982,30.295991475546657
2250,Medium-to-Low,0.9246929934959522,25.252818503689706,19.94403353380853,30.341100595955414
2251,Medium-to-Low,0.9210979239121165,25.286341879370564,19.96511120516005,30.386092471241827
2252,Medium-to-Low,0.9147138528284552,25.31967457134786,19.986052014793817,30.43084665833659
2253,Medium-to-Low,0.9054225576386972,25.35273094241615,20.00680247810891,30.47524785685391
2254,Medium-to-Low,0.8927761595131247,25.38542249410093,20.02730748700984,30.519176736740604
2255,Medium-to-Low,0.8806578017924176,25.417647704102208,20.047503944461827,30.56249627250262
2256,Medium-to-Low,0.8697632081505976,25.44942569747439,20.067404501517174,30.60491374380863
2257,Medium-to-Low,0.8588296074407314,25.480796811653775,20.087035037316728,30.646725365690447
2258,Medium-to-Low,0.8484598155616337,25.51176224847902,20.106396875591837,30.688010336754452
2259,Medium-to-Low,0.838518102335294,25.54234164926376,20.12550285228929,30.729001911827957
2260,Medium-to-Low,0.8303035808335217,25.571965496930577,20.144363055761723,30.769889741432532
2261,Medium-to-Low,0.8233701782209043,25.597887414072744,20.163012165020078,30.810365996665492
2262,Medium-to-Low,0.8169951112214325,25.625295393648564,20.181475993224854,30.850485375312342
2263,Medium-to-Low,0.8100410167967003,25.654354616509373,20.199766385329053,30.89013356561626
2264,Medium-to-Low,0.8026380194838192,25.68141024269542,20.21757120247612,30.92927924516631
2265,Medium-to-Low,0.7956769564168511,25.711013785788225,20.231356055566003,30.96805479003514
2266,Medium-to-Low,0.7872617215554223,25.74034295835107,20.244979263623335,31.00626755059718
2267,Medium-to-Low,0.7786233265804884,25.769354128746425,20.2584214947309,31.044047265376705
2268,Medium-to-Low,0.7705334129180093,25.79716377137556,20.27168134224487,31.081413212632214
2269,Medium-to-Low,0.7629166148760184,25.823566629283306,20.284768400951037,31.118389327769542
2270,Medium-to-Low,0.7556770620404933,25.849693007235143,20.298532982835905,31.154996351046123
2271,Medium-to-Low,0.7488247208236317,25.875555229479687,20.314179137539206,31.188640248897475
2272,Medium-to-Low,0.7427908904780488,25.901108441100614,20.329661505922488,31.22046439170557
2273,Medium-to-Low,0.7378199091440025,25.92545401298665,20.34499530339845,31.25199378483042
2274,Medium-to-Low,0.7329136986915096,25.949989031940753,20.360199754180645,31.283267563462772
2275,Medium-to-Low,0.7275811411760759,25.976901589020365,20.375276819131365,31.31428940092114
2276,Medium-to-Low,0.7225564628872391,26.00423058340529,20.390220075462796,31.34504572605487
2277,Medium-to-Low,0.7171812427538455,26.031303208657192,20.405035641247466,31.375548776544722
2278,Medium-to-Low,0.7097805327287265,26.057881463529036,20.41971841840699,31.405787712030264
2279,Medium-to-Low,0.702400934524886,26.08253605639541,20.434235086924133,31.43569354502965
2280,Medium-to-Low,0.6956763110788513,26.108196901758056,20.448587156622082,31.465268987604986
2281,Medium-to-Low,0.6894724915938817,26.135470715012467,20.46252259875423,31.494538664006438
2282,Medium-to-Low,0.6837329040684934,26.160904435765122,20.474105166974965,31.523522325026402
2283,Medium-to-Low,0.6787825646053742,26.181377937688254,20.485561318204965,31.552237581875467
2284,Medium-to-Low,0.6740620796239714,26.20474895600246,20.497094735519628,31.580713044017553
2285,Medium-to-Low,0.6694175137158419,26.22794103670519,20.508576333372897,31.608957874019683
2286,Medium-to-Low,0.6642008959770447,26.24965479726175,20.51994843534862,31.63697588620154
2287,Medium-to-Low,0.6594066594141599,26.270594139497014,20.531204003516887,31.66474875908767
2288,Medium-to-Low,0.6540893459944903,26.29304999433345,20.542349808245746,31.692292189062563
2289,Medium-to-Low,0.6491847383666104,26.31531698459345,20.553379551418605,31.719589629528663
2290,Medium-to-Low,0.6437103629656953,26.33740740674553,20.564299823578025,31.74665638635385
2291,Medium-to-Low,0.6380432107469134,26.3593063584825,20.575103745794003,31.77347442776967
2292,Medium-to-Low,0.6327385985590077,26.380401096345864,20.58873859139158,31.80003860148299
2293,Medium-to-Low,0.6275559951587169,26.399936591200138,20.603285102013515,31.826362480589005
2294,Medium-to-Low,0.6227234577332358,26.419296971592296,20.6177039474699,31.852451443543934
2295,Medium-to-Low,0.6196340467941256,26.435792809729723,20.63200229427074,31.878318455319345
2296,Medium-to-Low,0.6179543811541393,26.45280518127925,20.646212968401677,31.904022889647
2297,Medium-to-Low,0.6189894515610362,26.471304443558054,20.660362373147873,31.929612470592993
2298,Medium-to-Low,0.61917760683812,26.489785953030072,20.6742365127695,31.955177873828756
2299,Medium-to-Low,0.6179636048641522,26.508229300107228,20.685376291187318,31.980690808907713
2300,Medium-to-Low,0.61677741845704,26.530056547823385,20.69646618137553,32.01161852175087
1990,Medium,0.5549323129780074,-0.9399118564955005,-1.0960354070029088,-0.8224063842021445
1991,Medium,0.5842776558307643,-0.8801794793500393,-1.026608230452588,-0.7704340675668575
1992,Medium,0.5068514056020823,-0.8183164802549686,-0.9543712730142715,-0.7163448329417169
1993,Medium,0.2957638454934736,-0.7630334680492887,-0.8898262322173621,-0.668002478767636
1994,Medium,0.32263621101166673,-0.7255784136339732,-0.8460689809383389,-0.6352218981118568
1995,Medium,0.44617070918554025,-0.6857753140516336,-0.7997065367531387,-0.6004841225158579
1996,Medium,0.5374490349232901,-0.6355144151209254,-0.7412698573350084,-0.5566921485436735
1997,Medium,0.598189663208572,-0.5777720548245389,-0.6739433276665913,-0.5062321169142243
1998,Medium,0.6454053664735274,-0.5150180752745225,-0.6007482776729393,-0.45135981470746356
1999,Medium,0.6889557500192713,-0.4482794707498919,-0.523027340262439,-0.3930781430051275
2000,Medium,0.7316154504182077,-0.37803313357387736,-0.4411452174442672,-0.331624431595804
2001,Medium,0.77181758652432,-0.30420845882119474,-0.3549277333167268,-0.2670596900109251
2002,Medium,0.8011194136457899,-0.22718318929244558,-0.26504795501901285,-0.1996423445987723
2003,Medium,0.8305805959396302,-0.14808342908381422,-0.17242571190079692,-0.12994031404793563
2004,Medium,0.8414618002473262,-0.06640839082251503,-0.07726251559227355,-0.058302584623008726
2005,Medium,0.8491062868195517,0.01581556725795824,0.013455684801679064,0.019020829044595063
2006,Medium,0.851816182088209,0.09871142294069213,0.08616347043088834,0.1151160425697968
2007,Medium,0.8608041211160541,0.18151191881807674,0.15856508264878674,0.21145735990690548
2008,Medium,0.8733595845062508,0.26486612538076315,0.23186478872962282,0.30889811159602404
2009,Medium,0.8943131356158592,0.34924385983536926,0.3059910758089979,0.40740397340605666
2010,Medium,0.9191687123134434,0.4352697749008913,0.3815398365654836,0.5077526527154207
2011,Medium,0.9514307792672222,0.5230241037760814,0.45877617629954165,0.6103133935191113
2012,Medium,0.9754629045078027,0.6132594750902733,0.5380962494016243,0.7154941819370031
2013,Medium,1.0080022451104809,0.7050511625141271,0.6190089268658904,0.8225738973838939
2014,Medium,1.0426535350416293,0.7992637268574894,0.7021159467992758,0.9324616150319082
2015,Medium,1.0746854893522804,0.8961606617673092,0.7875563324202585,1.0455443189972673
2016,Medium,1.1055332825135755,0.9959867678403469,0.8751293416585404,1.161903762429058
2017,Medium,1.1299024466098344,1.0979724264443331,0.9647317014609773,1.2809295135296836
2018,Medium,1.1559945114677386,1.2018807951942407,1.0553013452008602,1.4017374579938044
2019,Medium,1.1812515729476785,1.3074123378749287,1.1472299422032628,1.5232086850924538
2020,Medium,1.1944871446555292,1.414064866173011,1.2407921678107277,1.646516318153783
2021,Medium,1.2203208155113423,1.5218645603188672,1.335910346824728,1.7705239236867878
2022,Medium,1.248046333642033,1.6315589144188396,1.432872278583594,1.8978830545750756
2023,Medium,1.2811030409964752,1.7427584538140026,1.5313258410734427,2.028339737880096
2024,Medium,1.3151684253982685,1.8562985328030195,1.630482503050533,2.1616045712179996
2025,Medium,1.3481279631138339,1.9726513202123508,1.7329886666670622,2.297752099419056
2026,Medium,1.378477000443914,2.0921645289241506,1.835787513604729,2.4365924626444895
2027,Medium,1.3965199086917546,2.213532496103022,1.9397990718465636,2.578157466203216
2028,Medium,1.410049897851906,2.335225955816572,2.0458372607765076,2.719961975612882
2029,Medium,1.426564100651534,2.457003797618759,2.154173000943897,2.8610943244689326
2030,Medium,1.4421747287810345,2.580139826906451,2.2632036338763157,3.0063447490963333
2031,Medium,1.4592464034225012,2.7038910036988315,2.372466084563585,3.1490038612723756
2032,Medium,1.4759644404149133,2.8283339731666057,2.4815384782568444,3.2902906967402004
2033,Medium,1.4957388726210883,2.953408177350483,2.591743399592555,3.436134345601235
2034,Medium,1.518904384012835,3.0797874430846512,2.7034887396224563,3.5831213815628837
2035,Medium,1.5453767020988063,3.208224602503429,2.817335874246995,3.731632493019612
2036,Medium,1.5723947712072248,3.3383037308575543,2.932706916910519,3.881939818966778
2037,Medium,1.5988954080715483,3.469712023912724,3.049625909171973,4.034067032368123
2038,Medium,1.6259867566502955,3.603677832817165,3.1680443515431658,4.187815662667059
2039,Medium,1.6534601327764005,3.7395520999681473,3.2878048778143927,4.343298484885922
2040,Medium,1.6735050071178679,3.8762895900994296,3.409222046526083,4.502864932587883
2041,Medium,1.6935098734525487,4.014351596930049,3.5308180105053006,4.663730663224712
2042,Medium,1.7156740189120023,4.153706023881972,3.6504558243466128,4.825733000690675
2043,Medium,1.7390158546690173,4.295281310626766,3.773642826410687,4.985082583421952
2044,Medium,1.7640178899707035,4.437023208760055,3.898664790338313,5.1497643943652545
2045,Medium,1.7905440609545518,4.579312924293504,4.024941377750212,5.311093580987576
2046,Medium,1.8211289377119846,4.722385205666834,4.147765738095224,5.476626827563979
2047,Medium,1.8514655906397621,4.867044971630988,4.271712396004848,5.6487832793294235
2048,Medium,1.879082754772539,5.014692160044864,4.397009661403973,5.8233566394048255
2049,Medium,1.9064338025804894,5.162130790017111,4.523335363849851,5.9998580478204655
2050,Medium,1.9314273565813498,5.3120987821436625,4.6539358043705565,6.178264557143767
2051,Medium,1.9527338780265606,5.462735366016647,4.787256806134652,6.358353627170214
2052,Medium,1.9748026371585643,5.61416291359411,4.921530319574044,6.53632140681779
2053,Medium,1.9946425287691836,5.76608207261332,5.056708277245975,6.709035660176775
2054,Medium,2.0150484426260196,5.922160322480029,5.192623923092562,6.8821957843138035
2055,Medium,2.0357076080743957,6.078888855656734,5.330847465898295,7.059103435321162
2056,Medium,2.057641728412727,6.233148921769599,5.466589618211075,7.239750368101074
2057,Medium,2.084994582676724,6.387831735487916,5.604677982070708,7.415295405898562
2058,Medium,2.115340417753521,6.54554114162136,5.744163009424917,7.6026549404010595
2059,Medium,2.142697690695124,6.704508800326851,5.885460312777159,7.78111214755811
2060,Medium,2.1670495183261114,6.862207874217379,6.029812314114448,7.967596328603767
2061,Medium,2.188542914542196,7.022917813593338,6.174598697068329,8.153516863370285
2062,Medium,2.2070178122215385,7.187554785077734,6.320603113311569,8.341646818900257
2063,Medium,2.2251818167791306,7.349064973670236,6.461655778813436,8.530131455251535
2064,Medium,2.244986506301785,7.512399873771162,6.607802821424825,8.709788842540213
2065,Medium,2.2639859635890023,7.6765797452159585,6.754828470539631,8.898479954353174
2066,Medium,2.283461840821134,7.840103128046179,6.899583240699691,9.091194078315102
2067,Medium,2.302652973687489,8.004767324385748,7.0411583590842355,9.284623921771916
2068,Medium,2.3246438212397518,8.168509089930748,7.184795213596799,9.478727854230515
2069,Medium,2.3487121564897504,8.331779681695952,7.331819470723159,9.673707566856454
2070,Medium,2.375772291249907,8.496573817194207,7.478482986826221,9.867639479668975
2071,Medium,2.4012913904714677,8.663802717858271,7.624676418775453,10.062086965824651
2072,Medium,2.4256329824792346,8.832135191119047,7.77131168500112,10.257489493240124
2073,Medium,2.448335640917662,8.99900425668948,7.913092381174703,10.453729740180162
2074,Medium,2.4665147455814433,9.170782865016806,8.055527657090131,10.650657175435121
2075,Medium,2.4862246660941927,9.341851384617495,8.207414948665745,10.850077390846463
2076,Medium,2.502932442118268,9.510127443877995,8.359986715360897,11.057039219395149
2077,Medium,2.5193464171664877,9.680270908804179,8.508287241920897,11.264572575795388
2078,Medium,2.5367075196335582,9.85188451590059,8.650063524650562,11.47069629976712
2079,Medium,2.5542996894120082,10.02406771513046,8.791687781629959,11.657219535917667
2080,Medium,2.5770310996325523,10.19383667152862,8.9310116063016,11.84071518863117
2081,Medium,2.6044870238185704,10.364324886179059,9.06949496608241,12.037296553387705
2082,Medium,2.6316059903932882,10.536821699612606,9.216894400011489,12.241387546982347
2083,Medium,2.657602600053752,10.710458781223622,9.364732340794205,12.453477462869124
2084,Medium,2.676001958771233,10.881802211170037,9.507839988126518,12.666754011290797
2085,Medium,2.688677390014819,11.057098113042812,9.663514818163478,12.880621101461116
2086,Medium,2.7022233852424957,11.227232233069994,9.80792056031895,13.094539099709616
2087,Medium,2.715445602738141,11.398336416179674,9.956552291971962,13.305326840884225
2088,Medium,2.7290619694711857,11.572209770217068,10.105358326304186,13.507204493806418
2089,Medium,2.744644952432418,11.743224917992181,10.242525104575549,13.713320888768003
2090,Medium,2.7618889992143285,11.917423275119333,10.383760219925021,13.916097372747657
2091,Medium,2.78088848063034,12.08662296320498,10.53890847734697,14.114598097360275
2092,Medium,2.8052358049009674,12.25932700696832,10.689429878935774,14.312586082180822
2093,Medium,2.8273762647982577,12.428367352734082,10.843290597281438,14.51633422758791
2094,Medium,2.848418532244123,12.606460182866101,10.986173744518604,14.729632411567268
2095,Medium,2.870308419310448,12.78397429593745,11.125493640025311,14.93297037704487
2096,Medium,2.888005231412538,12.957432599033805,11.265185160951864,15.136008593501412
2097,Medium,2.898197278668144,13.13297587753365,11.404858346880975,15.338251233884272
2098,Medium,2.9099120679255424,13.309560139846756,11.543791697539437,15.539123013775827
2099,Medium,2.924195633904891,13.479518514344946,11.682564732933548,15.740488959501283
2100,Medium,2.9393971082365096,13.651583444369384,11.820925322185786,15.943474165292647
2101,Medium,2.957844579526911,13.82596086796165,11.960681485760135,16.150883924560187
2102,Medium,2.9802089166698202,13.999469723430064,12.104528476146891,16.369297240751028
2103,Medium,3.005511647442404,14.17060348684447,12.253186114691601,16.56727458669019
2104,Medium,3.025043098310326,14.335196140127785,12.410478608408942,16.76786333658498
2105,Medium,3.044744518931817,14.505189782657478,12.553210259127134,16.968672833599417
2106,Medium,3.0629023474161414,14.690797598057403,12.68608926057745,17.16398629442364
2107,Medium,3.0791465863692276,14.858002892345501,12.824455375780916,17.37280830305761
2108,Medium,3.0920129906567504,15.0269449086007,12.966651581140557,17.581477294226787
2109,Medium,3.1052708521294394,15.197817413050682,13.103470148056802,17.789418529354336
2110,Medium,3.1188566319339017,15.366139842692666,13.233652100508294,17.985011251851315
2111,Medium,3.133639132798105,15.54327756598227,13.37596164427605,18.17705869864836
2112,Medium,3.149876642741465,15.72201102804946,13.512340826037711,18.367948055452352
2113,Medium,3.1680281896439935,15.891910409207746,13.635349852517734,18.560192917811175
2114,Medium,3.1888994521081,16.064785082533028,13.766302978117738,18.761659009614604
2115,Medium,3.2080551314808097,16.237323390168093,13.883537083225518,18.963027526010723
2116,Medium,3.2265842270660547,16.403715201952068,14.019667236867043,19.16421822818144
2117,Medium,3.245304106758923,16.580717170909594,14.162885652043414,19.37506433469364
2118,Medium,3.2579972447763113,16.75440037849599,14.28946591849728,19.58598723644935
2119,Medium,3.2673832773097335,16.922108072317336,14.407272081140583,19.796540766498126
2120,Medium,3.2776489627070364,17.08952425382845,14.529839563674102,20.005706251498246
2121,Medium,3.2895489446002717,17.26060354225743,14.663992257302997,20.21365612018436
2122,Medium,3.30232927364101,17.432678649391363,14.788458076110285,20.42240262758128
2123,Medium,3.3181591526411256,17.599213835349463,14.916135480184337,20.630088789408248
2124,Medium,3.337778304908985,17.764186278670103,15.056001926184225,20.807366017287993
2125,Medium,3.358058785770288,17.928325521509258,15.17743092026416,20.97549067828476
2126,Medium,3.373790133677391,18.094490171440704,15.285782019102742,21.18053798001723
2127,Medium,3.389720059074522,18.258987015749923,15.392716343868189,21.38575956639727
2128,Medium,3.4039112044623536,18.42428537733187,15.514845508150646,21.590555966812843
2129,Medium,3.4158396039013104,18.5880387266167,15.631486669659873,21.79424666705147
2130,Medium,3.4245766860071782,18.751764221573715,15.743303832381764,21.998541296813844
2131,Medium,3.434511713929382,18.91640691389492,15.85204046904762,22.198151588282617
2132,Medium,3.4450993223230784,19.08161716924888,15.961493960624269,22.389726873960594
2133,Medium,3.457905035504264,19.247129753048537,16.073628917766875,22.586318743541533
2134,Medium,3.473532639101951,19.400571636716084,16.204411249442213,22.795337976614803
2135,Medium,3.491919868650381,19.559944510482374,16.317283283939656,23.0038468305494
2136,Medium,3.5086838696009366,19.722123377644035,16.429492172584858,23.196445604479987
2137,Medium,3.5246163119760565,19.877561044816012,16.540982813177404,23.388491800414844
2138,Medium,3.539407142051989,20.037518382131577,16.65172631168777,23.57932183514697
2139,Medium,3.5488914643647234,20.20081122812895,16.76314192956794,23.76937419937255
2140,Medium,3.5604788024960374,20.37077683276955,16.87031892700428,23.958454439412968
2141,Medium,3.5688306996198826,20.530956752219602,16.978365754388058,24.14697206065526
2142,Medium,3.5773482848680564,20.674457186102394,17.087711149847,24.334588211612235
2143,Medium,3.5865486888889095,20.822691825588,17.19735915305457,24.520706517815295
2144,Medium,3.5962501650898746,20.97798799127009,17.306117423758632,24.701371113953225
2145,Medium,3.607961522939206,21.135514121188322,17.41400398231889,24.87998664754906
2146,Medium,3.621216839862082,21.286713792186056,17.52142275138722,25.074283669671598
2147,Medium,3.633553602498977,21.440040338391857,17.627454516993577,25.264811771676154
2148,Medium,3.6448868242848587,21.587270846058253,17.732905073016475,25.457587011666792
2149,Medium,3.6563978113601023,21.72657421027265,17.837603299742756,25.64957707091684
2150,Medium,3.6678123942789314,21.874414220481817,17.935601095846806,25.83860328537054
2151,Medium,3.677549308706392,22.009325435169927,18.030233481631893,26.023644583572295
2152,Medium,3.687220182935406,22.15268190036319,18.123891399097218,26.217388236140113
2153,Medium,3.6971958828144027,22.2920186813129,18.215793294796438,26.406205326254643
2154,Medium,3.7074542710587934,22.43339912376214,18.29969722356005,26.59423875827067
2155,Medium,3.718355350397148,22.569910436760466,18.39404837277664,26.781498969116793
2156,Medium,3.7304824900176405,22.709687367595194,18.478150179860933,26.967564918490847
2157,Medium,3.745114248313695,22.842657079659705,18.554154572361934,27.16373781987982
2158,Medium,3.7620768528329234,22.980423488773116,18.62920526381444,27.34258867463124
2159,Medium,3.777876863724648,23.1231479163498,18.703893481316946,27.524284862107123
2160,Medium,3.7929332788919896,23.260755764219343,18.77968680027781,27.71402037227997
2161,Medium,3.80641265477726,23.39490662912496,18.871363105807365,27.902685723827283
2162,Medium,3.8132973662875687,23.52755882756558,18.968881655397972,28.090702762982495
2163,Medium,3.8234630630627002,23.66767212035751,19.031763199357222,28.26412333965757
2164,Medium,3.8298746147582676,23.802956431840666,19.093897860807804,28.442414452707673
2165,Medium,3.836544332567461,23.93209918481968,19.15565414521196,28.633850870051198
2166,Medium,3.8436570247406667,24.07067726940923,19.238362511642062,28.823895732909193
2167,Medium,3.852100769690289,24.20610399662499,19.317926141050517,28.987073667542585
2168,Medium,3.8637010867213846,24.347082524800552,19.37718123578919,29.157291833855965
2169,Medium,3.8811902963683553,24.479028923928364,19.462503648727,29.33511905183957
2170,Medium,3.902825179821711,24.619595334566764,19.547625331356716,29.508799770467753
2171,Medium,3.917695666221718,24.76027964559622,19.632219183481283,29.674473979309273
2172,Medium,3.9308049522876276,24.896407499411325,19.716335600460795,29.849248187889717
2173,Medium,3.936411704470779,25.01649408485283,19.799220854666235,30.02351658321424
2174,Medium,3.9441890485695685,25.14357625679099,19.881489693178626,30.196964931933056
2175,Medium,3.9497413097105687,25.276431894387215,19.962714293826174,30.368658956555812
2176,Medium,3.952627393498104,25.404105198224713,20.042896311605002,30.54008967624875
2177,Medium,3.9565407255613256,25.530722055863855,20.122167823698184,30.709444025429494
2178,Medium,3.963036168549297,25.649438879212116,20.20055784906416,30.878768096849658
2179,Medium,3.972170050656758,25.773520392145674,20.26819192617505,31.046640972874982
2180,Medium,3.985369961335343,25.894921157355903,20.330017713068074,31.2124876369394
2181,Medium,3.9993712842315934,26.013038671175913,20.40103719279476,31.359067446935555
2182,Medium,4.0116761402636465,26.13902500043273,20.471345037474286,31.503953118680943
2183,Medium,4.022404464342729,26.258343262045933,20.53093584386759,31.647523839333818
2184,Medium,4.028483062023588,26.371314280609596,20.58839310608668,31.78971628979272
2185,Medium,4.034369595470905,26.47443333174146,20.662717308362993,31.93036644020327
2186,Medium,4.038778329228444,26.584918256205732,20.729382232905497,32.07946069091133
2187,Medium,4.041416074612456,26.722864526582136,20.78917344547054,32.25052880237837
2188,Medium,4.044824511121669,26.841991448312832,20.848208899119015,32.41414387979051
2189,Medium,4.050244010401266,26.96697903358742,20.893063181546108,32.55697872336951
2190,Medium,4.05702015760435,27.08075599952246,20.93634460643088,32.718624314971585
2191,Medium,4.067315931015645,27.17857576723241,20.99887175413896,32.85843356832554
2192,Medium,4.0799065943023605,27.267124598500438,21.061183345595175,33.022041581504865
2193,Medium,4.089268717589498,27.36077057540483,21.123065626277732,33.18487185185887
2194,Medium,4.098215437305664,27.47045090192607,21.183891209586996,33.346794482688495
2195,Medium,4.10594002012026,27.580644123051695,21.237162331872174,33.50779010225343
2196,Medium,4.108548220086314,27.675979156969582,21.289656247118586,33.66780954847522
2197,Medium,4.11409629836631,27.777949777907807,21.341382956371987,33.82575512956237
2198,Medium,4.11625905221266,27.881456989017927,21.393190077842373,33.98255189258765
2199,Medium,4.119006333026849,27.999469283122153,21.44418548975644,34.137831225228965
2200,Medium,4.122233984493566,28.113140233952215,21.494386633638687,34.27351084130215
2201,Medium,4.126103659251098,28.20797999425381,21.543809190862603,34.379194354525445
2202,Medium,4.133963506635042,28.30342388731712,21.592502112854856,34.482979556900105
2203,Medium,4.14653121601609,28.395936661004367,21.63328403678663,34.60978020636333
2204,Medium,4.162679088765034,28.5000899957966,21.639577855216217,34.77186950585615
2205,Medium,4.174021176666648,28.59702777894966,21.69716281524742,34.93337408692972
2206,Medium,4.183286776722459,28.686780794060617,21.754188943023976,35.0941046728874
2207,Medium,4.183150271254654,28.78981284994706,21.796379832661735,35.25397804213875
2208,Medium,4.184814467624116,28.89184967193805,21.84299089106006,35.412645063331105
2209,Medium,4.181988740600368,28.9781689167349,21.87921784645838,35.55364161823467
2210,Medium,4.180383400595576,29.063276725187666,21.91469369420465,35.728960949729846
2211,Medium,4.181217479150874,29.15732899798602,21.949441791709443,35.86582676482138
2212,Medium,4.183328993975394,29.247186941669902,21.983494077930242,35.99659222100962
2213,Medium,4.187944243924882,29.308503727545563,22.016871797637187,36.12595862889719
2214,Medium,4.193490913385447,29.371938083635314,22.05620449098047,36.25321337352834
2215,Medium,4.197451979865062,29.445947235103908,22.09829789370995,36.379261137873556
2216,Medium,4.200009926067795,29.533887820810133,22.13964360533975,36.504057137190316
2217,Medium,4.2016957272796525,29.63281879959972,22.18023687608657,36.62756380796683
2218,Medium,4.20349908926139,29.74364167964383,22.220078778838687,36.74761835398389
2219,Medium,4.205412201689722,29.853628891182503,22.259179834630842,36.86630386495982
2220,Medium,4.207866820435091,29.933265204962396,22.29815135787741,36.97725134768091
2221,Medium,4.210074903281185,30.02465838571379,22.336692042811357,37.08991187165493
2222,Medium,4.212473526032076,30.106597481683195,22.363353236848376,37.219200254416
2223,Medium,4.2146640067365455,30.182902959916305,22.37610650253381,37.335872141520774
2224,Medium,4.217018460229682,30.263443650172263,22.418083245757526,37.45127403132226
2225,Medium,4.219618095449134,30.361091552294884,22.454788426816968,37.564827476732376
2226,Medium,4.223467513192353,30.4517056770839,22.45552124614392,37.67227834790009
2227,Medium,4.228131076557932,30.535666547007402,22.45748792726749,37.728296752528514
2228,Medium,4.232110239981718,30.594770232142913,22.481823998352993,37.836325818152844
2229,Medium,4.236792305958411,30.66675840311202,22.520471293833953,37.86721149091811
2230,Medium,4.2394042596376496,30.71521899992961,22.558996728911143,37.96677412758963
2231,Medium,4.242502525158527,30.765837163190916,22.603532419163173,38.090935288545175
2232,Medium,4.244506527868666,30.839619579373096,22.64748018660126,38.21403757697755
2233,Medium,4.244560933859614,30.891852994197365,22.690835041359275,38.33605271888026
2234,Medium,4.244466987734344,30.967705521956404,22.733584241716663,38.4569300721578
2235,Medium,4.245376421882205,31.04040636298792,22.775733340895584,38.57667010770254
2236,Medium,4.246503702007842,31.113056797342495,22.807211005464637,38.69198440647596
2237,Medium,4.249136922133138,31.18858205396774,22.82948892892377,38.810980644132066
2238,Medium,4.255691302834871,31.265307967980903,22.851346897010217,38.91392956728405
2239,Medium,4.265097159319802,31.333143571320022,22.872228468300698,39.008555774742
2240,Medium,4.270314838511791,31.410874480559368,22.891685407302873,39.08442380472109
2241,Medium,4.274057929197633,31.485998810867624,22.909096002721807,39.18720134812592
2242,Medium,4.277923016282776,31.547205037812944,22.910306269143383,39.28874739921147
2243,Medium,4.2794163331095545,31.607056717734707,22.91133894972034,39.380726076290856
2244,Medium,4.276933112494665,31.673068767242558,22.913583955501338,39.471492296020486
2245,Medium,4.274777483947294,31.736160596879145,22.922409998985025,39.560971102098684
2246,Medium,4.273154531147035,31.803550576013613,22.95088049847541,39.6491777949534
2247,Medium,4.273022411872757,31.855740822871756,22.979155561115927,39.73682806025739
2248,Medium,4.274437961815359,31.923473008598577,23.007008044779777,39.85450598101281
2249,Medium,4.2821407919832355,31.990513647556433,23.034453642156492,39.97645515281408
2250,Medium,4.291842183044925,32.054670483199175,23.052440054731587,40.097717964250684
2251,Medium,4.298481819701601,32.12285311565214,23.069446362013778,40.21752021410969
2252,Medium,4.302176873298368,32.184456839037495,23.093744344768847,40.335913789137116
2253,Medium,4.302827694639178,32.23749720550336,23.11769194629627,40.4238072690677
2254,Medium,4.29999158481182,32.286008191649714,23.13734377565895,40.49818851003088
2255,Medium,4.297551564655757,32.328747677371894,23.15191171300037,40.57112951818372
2256,Medium,4.2962049997523115,32.38020751576633,23.1667646929583,40.64106928632274
2257,Medium,4.294691348365946,32.40593652893148,23.18194012660839,40.72047398885898
2258,Medium,4.293615003597195,32.447998945380405,23.18947432083444,40.81658747174605
2259,Medium,4.292841534824738,32.50067938617477,23.190803576391357,40.91181953117802
2260,Medium,4.293671540860769,32.55346031789928,23.192907921300225,41.003074495102155
2261,Medium,4.29566110933057,32.61185903259036,23.217460723073547,41.07144717968473
2262,Medium,4.298089837723136,32.66283708235842,23.241679786024164,41.154677978212234
2263,Medium,4.299821828774521,32.71303032339168,23.26286374754166,41.250712864536496
2264,Medium,4.30098693729393,32.76937411677001,23.27478293148231,41.345427622770714
2265,Medium,4.30247584843565,32.810274161866964,23.286453840667825,41.397146084641484
2266,Medium,4.302392551443347,32.846461737979894,23.298033512026084,41.44860610942091
2267,Medium,4.3019670008536215,32.89709672868055,23.31044849820387,41.53229579089558
2268,Medium,4.301970022081567,32.928383791573665,23.322608377770873,41.620360775091484
2269,Medium,4.302326710042094,32.96098897134206,23.334519173632675,41.70747418207467
2270,Medium,4.3029417382434225,33.00631145515074,23.34618653292798,41.79364775630709
2271,Medium,4.303825251253538,33.03803834997335,23.357615700600977,41.87889112049907
2272,Medium,4.305409210691095,33.07046261157738,23.368811814585133,41.94741942557905
2273,Medium,4.307938589408102,33.10505859900869,23.37978094543479,42.005808894830295
2274,Medium,4.310416698194893,33.146686878157425,23.390529539329112,42.08746465299165
2275,Medium,4.312352934616807,33.1937839318862,23.40081867076818,42.17915767249236
2276,Medium,4.314481044406365,33.25114840679181,23.41004632451259,42.26907185672125
2277,Medium,4.316143008611882,33.290866340033766,23.419078511798592,42.358950985810495
2278,Medium,4.31566342717399,33.346587559175745,23.427917965019684,42.446364519682284
2279,Medium,4.315087387598609,33.381527089062715,23.436564194160265,42.52740786218402
2280,Medium,4.31504805029742,33.41453396058483,23.445020883738227,42.60496415761661
2281,Medium,4.315411831978087,33.45969444415336,23.45329283694073,42.68162213356944
2282,Medium,4.316150014633416,33.491835658942705,23.461384458240595,42.75504961566217
2283,Medium,4.3176004460137625,33.51824939651864,23.465353232333303,42.79096309222599
2284,Medium,4.319210412034141,33.56404887491334,23.46879927378497,42.825913947554874
2285,Medium,4.320830325638214,33.61167039203806,23.47207997491473,42.91153952615569
2286,Medium,4.321815880969771,33.65715332075814,23.475200715105522,42.97295785272336
2287,Medium,4.3231643309218315,33.70548456669275,23.478166356996027,43.00512710330223
2288,Medium,4.323933427859911,33.734403760096086,23.480982388510604,43.06924824651702
2289,Medium,4.3250611579368154,33.77917046606956,23.48365359510374,43.13958538330078
2290,Medium,4.325567892649636,33.82375514819901,23.484572688651433,43.207422369433544
2291,Medium,4.325833193702114,33.83310746262921,23.484572688651433,43.273559418572106
2292,Medium,4.32641486242081,33.853979088834336,23.484572688651433,43.33874409286469
2293,Medium,4.327075186612511,33.892211716204734,23.484572688651433,43.402985049496806
2294,Medium,4.328045574113706,33.925779956107206,23.484572688651433,43.467305719694075
2295,Medium,4.33072191145717,33.948429964715444,23.484572688651433,43.509380071313686
2296,Medium,4.334775356318944,33.975909921240785,23.484572688651433,43.53464094040399
2297,Medium,4.341515493039557,34.00303722654513,23.484572688651433,43.55893578969852
2298,Medium,4.347386249009372,34.02836339695922,23.484572688651433,43.582287579535745
2299,Medium,4.351835980725356,34.0562629420788,23.484791862375868,43.63519250929932
2300,Medium,4.35629699922662,34.08162945150011,23.485142402558463,43.70050411633238
1990,High-to-Low,0.5549323129780074,-0.9399118564955005,-1.0960354070029088,-0.8224063842021445
1991,High-to-Low,0.5842776558307643,-0.8801794793500393,-1.026608230452588,-0.7704340675668575
1992,High-to-Low,0.5068514056020823,-0.8183164802549686,-0.9543712730142715,-0.7163448329417169
1993,High-to-Low,0.2957638454934736,-0.7630334680492887,-0.8898262322173621,-0.668002478767636
1994,High-to-Low,0.32263621101166673,-0.7255784136339732,-0.8460689809383389,-0.6352218981118568
1995,High-to-Low,0.44617070918554025,-0.6857753140516336,-0.7997065367531387,-0.6004841225158579
1996,High-to-Low,0.5374490349232901,-0.6355144151209254,-0.7412698573350084,-0.5566921485436735
1997,High-to-Low,0.598189663208572,-0.5777720548245389,-0.6739433276665913,-0.5062321169142243
1998,High-to-Low,0.6454053664735274,-0.5150180752745225,-0.6007482776729393,-0.45135981470746356
1999,High-to-Low,0.6889557500192713,-0.4482794707498919,-0.523027340262439,-0.3930781430051275
2000,High-to-Low,0.7316154504182077,-0.37803313357387736,-0.4411452174442672,-0.331624431595804
2001,High-to-Low,0.77181758652432,-0.30420845882119474,-0.3549277333167268,-0.2670596900109251
2002,High-to-Low,0.8011194136457899,-0.22718318929244558,-0.26504795501901285,-0.1996423445987723
2003,High-to-Low,0.8305805959396302,-0.14808342908381422,-0.17242571190079692,-0.12994031404793563
2004,High-to-Low,0.8414618002473262,-0.06640839082251503,-0.07726251559227355,-0.058302584623008726
2005,High-to-Low,0.8491062868195517,0.01581556725795824,0.013455684801679064,0.019020829044595063
2006,High-to-Low,0.851816182088209,0.09871142294069213,0.08616347043088834,0.1151160425697968
2007,High-to-Low,0.8608041211160541,0.18151191881807674,0.15856508264878674,0.21145735990690548
2008,High-to-Low,0.8733595845062508,0.26486612538076315,0.23186478872962282,0.30889811159602404
2009,High-to-Low,0.8943131356158592,0.34924385983536926,0.3059910758089979,0.40740397340605666
2010,High-to-Low,0.9191687123134434,0.4352697749008913,0.3815398365654836,0.5077526527154207
2011,High-to-Low,0.9514307792672222,0.5230241037760814,0.45877617629954165,0.6103133935191113
2012,High-to-Low,0.9754629045078027,0.6132594750902733,0.5380962494016243,0.7154941819370031
2013,High-to-Low,1.0080022451104809,0.7050511625141271,0.6190089268658904,0.8225738973838939
2014,High-to-Low,1.0426535350416293,0.7992637268574894,0.7021159467992758,0.9324616150319082
2015,High-to-Low,1.0746854893522804,0.8961606617673092,0.7875563324202585,1.0455443189972673
2016,High-to-Low,1.1055332825135755,0.9959867678403469,0.8751293416585404,1.161903762429058
2017,High-to-Low,1.1299024466098344,1.0979724264443331,0.9647317014609773,1.2809295135296836
2018,High-to-Low,1.1559945114677386,1.2018807951942407,1.0553013452008602,1.4017374579938044
2019,High-to-Low,1.1812515729476785,1.3074123378749287,1.1472299422032628,1.5232086850924538
2020,High-to-Low,1.1944871446555292,1.414064866173011,1.2407921678107277,1.646516318153783
2021,High-to-Low,1.2203208155113423,1.5218645603188672,1.335910346824728,1.7705239236867878
2022,High-to-Low,1.248046333642033,1.6315589144188396,1.432872278583594,1.8978830545750756
2023,High-to-Low,1.2811030409964752,1.7427584538140026,1.5313258410734427,2.028339737880096
2024,High-to-Low,1.3151684253982685,1.8562985328030195,1.630482503050533,2.1616045712179996
2025,High-to-Low,1.3476440197730677,1.9726513202123508,1.7329886666670622,2.297752099419056
2026,High-to-Low,1.3771326099775887,2.0921262102194715,1.8357544464625963,2.436547546051686
2027,High-to-Low,1.3946455069040644,2.2133869080051847,1.939674570867193,2.5779881308521917
2028,High-to-Low,1.4079860368276207,2.334935371883901,2.04557961417194,2.71962566098922
2029,High-to-Low,1.4246297469469853,2.456547170368764,2.153772554830327,2.8605726615781055
2030,High-to-Low,1.4406827561408924,2.579550038541656,2.262680655457713,3.0056345106056424
2031,High-to-Low,1.4585089935369526,2.7031744947129086,2.3718316882049293,3.1481923315145726
2032,High-to-Low,1.4794342216389804,2.8275705626247873,2.4808567030682704,3.2893967775102144
2033,High-to-Low,1.5056172905375067,2.952910002664108,2.591313851342311,3.4355553662807465
2034,High-to-Low,1.5366459147434053,3.0800519989242323,2.7037225423677693,3.5834268093611787
2035,High-to-Low,1.5721107748095198,3.2098447928574823,2.8187793698335604,3.733515545257278
2036,High-to-Low,1.6090864860500507,3.341959398026821,2.9359660429822667,3.8861858318139784
2037,High-to-Low,1.6432203433845896,3.4761948827308853,3.0553673385107416,4.041537165381777
2038,High-to-Low,1.6767289392365243,3.6135802275827267,3.1767719527579565,4.199144425406248
2039,High-to-Low,1.710067354220698,3.7532481251668828,3.2999132557217328,4.359221018628715
2040,High-to-Low,1.735697122846342,3.894300861623111,3.4251281552546717,4.523765970450098
2041,High-to-Low,1.7611334343720855,4.0369935164086375,3.550270798694437,4.69003231943902
2042,High-to-Low,1.789034089523496,4.181625006931506,3.674199049681223,4.857890190118845
2043,High-to-Low,1.81858530834482,4.328348937534942,3.8028039949597363,5.023306991342884
2044,High-to-Low,1.8503485760494995,4.475944797099945,3.932996252710167,5.193701823331025
2045,High-to-Low,1.8842343110860171,4.624147494052885,4.063503113576662,5.362065091493015
2046,High-to-Low,1.9228055286769137,4.773493031825156,4.191917103659561,5.537630197068616
2047,High-to-Low,1.9619480755018117,4.925927538307985,4.3220370403684765,5.718769387301017
2048,High-to-Low,1.999184575505053,5.081167176800446,4.453975429097036,5.902767027487617
2049,High-to-Low,2.0369612915656212,5.237153080236281,4.5883218954551825,6.089492783442056
2050,High-to-Low,2.073185511981468,5.396105318274817,4.728497169594053,6.278966913271536
2051,High-to-Low,2.1065261355316567,5.556561623455152,4.870693327299417,6.470830826814945
2052,High-to-Low,2.1401042311992793,5.719272480043884,5.014454423105083,6.655242530182486
2053,High-to-Low,2.171259166351914,5.884159035731956,5.159453299069747,6.840501041101508
2054,High-to-Low,2.2029943004108263,6.052798625743886,5.307706581474486,7.028909331331048
2055,High-to-Low,2.2350802554929095,6.219609466146904,5.454389377133781,7.224519137567027
2056,High-to-Low,2.268576595185543,6.3866647887023955,5.603598602039916,7.4137784567108955
2057,High-to-Low,2.3075222705611282,6.557124072664873,5.75454553210999,7.616523687188188
2058,High-to-Low,2.3495151961564753,6.72956400636391,5.908010973980363,7.810731293591973
2059,High-to-Low,2.388591286637238,6.901411704949318,6.065430702415232,8.012651837452454
2060,High-to-Low,2.424741981622789,7.078301326574646,6.223824952208339,8.216909193497031
2061,High-to-Low,2.458119355753471,7.258179295758217,6.3834532206039265,8.423955975590697
2062,High-to-Low,2.488417622670094,7.437093135613107,6.540264069605969,8.627566148826567
2063,High-to-Low,2.518351373848589,7.6176789215880625,6.702399579890653,8.830080794524928
2064,High-to-Low,2.5498806685797493,7.79968452789268,6.864308943698798,9.043427407198028
2065,High-to-Low,2.5805637515486577,7.981940851580263,7.022053658942344,9.258265223480329
2066,High-to-Low,2.6116854281743693,8.165021895994101,7.1816240723986935,9.47449245067993
2067,High-to-Low,2.6425033533231304,8.347360337128181,7.3457376538829875,9.692109546061719
2068,High-to-Low,2.675794927254858,8.530645121233006,7.5095657745122235,9.908525535533732
2069,High-to-Low,2.710658990919286,8.718372914301245,7.67257150909505,10.125835467077211
2070,High-to-Low,2.747905950542525,8.906630717112018,7.836693867247827,10.34456066211578
2071,High-to-Low,2.782930118378079,9.09581970500047,7.990250590342605,10.564839662021377
2072,High-to-Low,2.816227880368172,9.288125653836211,8.159926460223573,10.78645840641722
2073,High-to-Low,2.84630594074449,9.479229620922446,8.331781836712308,11.018524118341999
2074,High-to-Low,2.8697242436977564,9.671176346395145,8.501129473666216,11.253074565671113
2075,High-to-Low,2.892262910865611,9.865425027131106,8.661577394910697,11.48639473114182
2076,High-to-Low,2.9092351866191106,10.060218265258804,8.82188378023659,11.696578562117493
2077,High-to-Low,2.923424553692513,10.25186614797979,8.978224310956183,11.905337973733895
2078,High-to-Low,2.9363646072270675,10.4443509258557,9.13914187583096,12.131068367923787
2079,High-to-Low,2.94748360055043,10.637687998586348,9.30467430944639,12.36310724038167
2080,High-to-Low,2.9617571962848794,10.82795969403431,9.463232108567356,12.598778480011049
2081,High-to-Low,2.978807532707286,11.019147830493168,9.633144497415405,12.834554505308418
2082,High-to-Low,2.993673472904485,11.208320517655203,9.79264199465108,13.070570954511417
2083,High-to-Low,3.0059456363393027,11.39722581051799,9.955697339697812,13.30406510776059
2084,High-to-Low,3.0093532847441518,11.588630946578387,10.1191681359206,13.52643501390151
2085,High-to-Low,3.005879766564744,11.775818058981448,10.269553796395323,13.75352870514807
2086,High-to-Low,3.002188891383593,11.965059099898887,10.427115677293584,13.971719482093073
2087,High-to-Low,2.9969646911822174,12.1490294160973,10.592245336849164,14.185819198056247
2088,High-to-Low,2.991062226641555,12.333161634598703,10.75590829458262,14.399835453908718
2089,High-to-Low,2.9861429396184005,12.514920084816772,10.913288587217423,14.62147943615885
2090,High-to-Low,2.981953051287982,12.703347526605597,11.065594000947778,14.839656084151573
2091,High-to-Low,2.9786217982412433,12.885446966686054,11.207305892096933,15.051353458646954
2092,High-to-Low,2.9797818785101207,13.065837219394373,11.351559467388142,15.26022958849783
2093,High-to-Low,2.9780982044708693,13.245194657278038,11.494684948337923,15.46777062870851
2094,High-to-Low,2.974807396169909,13.423899122369583,11.6367281336164,15.66889843981357
2095,High-to-Low,2.971928919588753,13.595546983669509,11.777766139010577,15.879618763586004
2096,High-to-Low,2.964470583773516,13.772974809389135,11.918593710488667,16.086737938710886
2097,High-to-Low,2.949199981504032,13.946812051356076,12.061586559766662,16.302967576692556
2098,High-to-Low,2.9352202759618526,14.120177251784602,12.204730761172828,16.508728776362478
2099,High-to-Low,2.923622473965725,14.281246588739721,12.356597200959866,16.700223445611684
2100,High-to-Low,2.9127843282266053,14.447090144179896,12.504297653075824,16.899899828832886
2101,High-to-Low,2.905054558013437,14.616436670894029,12.634143412892415,17.084881788588582
2102,High-to-Low,2.900817535740497,14.784471227997743,12.770670685567307,17.27979192737616
2103,High-to-Low,2.89926927262659,14.944908338971148,12.896019684610803,17.47744619882436
2104,High-to-Low,2.8918060023762577,15.10088268656581,13.030376944852799,17.673918593993065
2105,High-to-Low,2.884427089304597,15.26626808145488,13.15383242686544,17.866192649663233
2106,High-to-Low,2.8754545284910007,15.420400771300354,13.277233329360769,18.045312839906344
2107,High-to-Low,2.8645417816616856,15.585782653815052,13.4106139981277,18.22263222963757
2108,High-to-Low,2.8502456308715156,15.747729426876251,13.53381193122113,18.39741265117282
2109,High-to-Low,2.8363533950458057,15.902577286537607,13.643276594237472,18.572501854524624
2110,High-to-Low,2.822815222721588,16.05781562684384,13.762476171267616,18.753754592264965
2111,High-to-Low,2.810511220091602,16.212895570058784,13.866898093311717,18.933092338713106
2112,High-to-Low,2.79970716916431,16.359961401083993,13.978138991033525,19.110815937951198
2113,High-to-Low,2.7908710179991214,16.51157107948511,14.113737319221153,19.291038192110943
2114,High-to-Low,2.7848155602684597,16.665116601158907,14.223582020604585,19.47534885771499
2115,High-to-Low,2.777111700127055,16.809427888612852,14.331416418395067,19.65719136572916
2116,High-to-Low,2.768855982798246,16.955592093556707,14.430186156533429,19.83769871360422
2117,High-to-Low,2.7608715260996215,17.097853581233828,14.536766785406481,20.015991162940956
2118,High-to-Low,2.7469489803823883,17.243352106641623,14.651681538217142,20.193215379285803
2119,High-to-Low,2.7298196083620896,17.388280602654945,14.756500252567413,20.368308130512094
2120,High-to-Low,2.713681347187654,17.52956287390716,14.858872401310087,20.542359314805466
2121,High-to-Low,2.6992980559594066,17.666709641147218,14.972434152036037,20.69798778004871
2122,High-to-Low,2.68592233530441,17.7992730037463,15.08498825574703,20.84742164847939
2123,High-to-Low,2.6757393831839043,17.93433532112577,15.18155675258332,20.982072073363106
2124,High-to-Low,2.6694923308231755,18.068186335741444,15.268724461768066,21.147620551745185
2125,High-to-Low,2.6640498027485187,18.20001020261975,15.354340674820614,21.31198706634853
2126,High-to-Low,2.6541969486384844,18.327315528961854,15.44488126669443,21.475226104765646
2127,High-to-Low,2.6446779182966744,18.463149212930453,15.542951253323544,21.636866176849885
2128,High-to-Low,2.633552146551453,18.590227878127422,15.63277305900335,21.796790924058552
2129,High-to-Low,2.620292258275789,18.718374443231575,15.721718665828368,21.96151372979976
2130,High-to-Low,2.603966589603272,18.84437929004876,15.80471660037901,22.112239365140802
2131,High-to-Low,2.588961826520497,18.973110904566582,15.888734749419035,22.261238226372328
2132,High-to-Low,2.574756116430584,19.098320677891405,15.972026057432895,22.41113238147326
2133,High-to-Low,2.5629258895852582,19.223452763593166,16.056678724925252,22.558839229824116
2134,High-to-Low,2.5540767015380768,19.34322706000458,16.152189604222567,22.712357559158978
2135,High-to-Low,2.548143875746401,19.456249088319712,16.244424513489484,22.871466604037334
2136,High-to-Low,2.540740480637736,19.576222572938782,16.328146392495334,23.0229393298404
2137,High-to-Low,2.532655597332776,19.69575371270745,16.41096119632915,23.165131285995713
2138,High-to-Low,2.5235785739998255,19.813418231917453,16.49285898321802,23.306117027109742
2139,High-to-Low,2.5093445012432216,19.922379085820374,16.573820933229406,23.445721645670044
2140,High-to-Low,2.4973657201905612,20.04133157736908,16.653703933719463,23.583448916983055
2141,High-to-Low,2.4823024737812536,20.15974947060014,16.73327216952251,23.719799948602322
2142,High-to-Low,2.467555924655978,20.277403800223986,16.812888652252873,23.854629629355955
2143,High-to-Low,2.453643362185707,20.397843094278382,16.886676998264374,23.98796944321303
2144,High-to-Low,2.4403824395759197,20.509086649940265,16.962444142776445,24.120029769426637
2145,High-to-Low,2.4292807730614956,20.61000100206975,17.037992526735618,24.251150510414757
2146,High-to-Low,2.419870348965464,20.70576066122746,17.114230817690387,24.38039434302333
2147,High-to-Low,2.4096851855047072,20.812574960396645,17.189636095687106,24.5084685379225
2148,High-to-Low,2.398640945043147,20.91972463565303,17.264195853896506,24.632788453881137
2149,High-to-Low,2.387920268932713,21.024019489986777,17.33789566290831,24.754698197712962
2150,High-to-Low,2.377249556595622,21.131589567146616,17.41075561553686,24.875396755292872
2151,High-to-Low,2.365051134395346,21.232430538904673,17.48278758322704,25.007318107175553
2152,High-to-Low,2.352938241104682,21.336077126864566,17.551623772565666,25.13308371530165
2153,High-to-Low,2.3412818920087632,21.43675037226991,17.624306119021753,25.261179368605273
2154,High-to-Low,2.3300583504092454,21.534404304562003,17.69378169997503,25.388127917387454
2155,High-to-Low,2.319625103749067,21.62593278564026,17.762479728163946,25.51396089500679
2156,High-to-Low,2.3105626615696284,21.717310545609237,17.830407933444885,25.638609085847317
2157,High-to-Low,2.304144924322906,21.812929341303096,17.89469271620934,25.760850124553393
2158,High-to-Low,2.300193747382505,21.90814813519124,17.955860461379558,25.882230067409722
2159,High-to-Low,2.2952106868313162,21.990813820566267,18.01642706978165,25.99868309187498
2160,High-to-Low,2.2896126025411987,22.08104735333204,18.076373363423627,26.124361503544648
2161,High-to-Low,2.282564583280972,22.17297845584247,18.135691067701984,26.24530496027932
2162,High-to-Low,2.269047551708565,22.260401166032732,18.194352190511893,26.364884458530987
2163,High-to-Low,2.2589417504783373,22.348285742770866,18.242509093400578,26.483291983057743
2164,High-to-Low,2.245209965061378,22.43699764489284,18.30111296841567,26.600703925329757
2165,High-to-Low,2.2318661189368045,22.523983271894345,18.359688637842947,26.716952216792446
2166,High-to-Low,2.2190944337402394,22.60559239988799,18.417499790223346,26.8320656721045
2167,High-to-Low,2.207780587579919,22.692131882153088,18.466293483209977,26.94570042946163
2168,High-to-Low,2.199747885440174,22.77242488413642,18.512591043551456,27.063677753683358
2169,High-to-Low,2.197724617498763,22.853903711366964,18.558275514708463,27.183084269217822
2170,High-to-Low,2.199960442261186,22.93568770075491,18.603471044732157,27.28939389248928
2171,High-to-Low,2.195538545979117,23.021256557269986,18.64826374338484,27.393079058331693
2172,High-to-Low,2.189463728563508,23.107136320293954,18.693002206371506,27.50466969359565
2173,High-to-Low,2.1759967764309636,23.191488497874985,18.738246960754335,27.618003099584538
2174,High-to-Low,2.1648178535639007,23.27171188234238,18.782814308775194,27.729685799622583
2175,High-to-Low,2.151531786353547,23.347844611480625,18.83315137839068,27.840384789890592
2176,High-to-Low,2.135699420715466,23.42779474320011,18.898818509638133,27.95000715267902
2177,High-to-Low,2.121015800466478,23.504660560852532,18.95437672956499,28.058440678408257
2178,High-to-Low,2.1090361413817913,23.580988314077285,18.99055943862655,28.16000437583674
2179,High-to-Low,2.0998145851633923,23.661977489575296,19.026176951814424,28.257697421676312
2180,High-to-Low,2.0947754270448,23.73860611283206,19.06128174296019,28.354536246809086
2181,High-to-Low,2.0906491193554375,23.81467066096327,19.096310149638036,28.461966960130205
2182,High-to-Low,2.084934054653976,23.887975975834152,19.131006941401093,28.569673747967443
2183,High-to-Low,2.0777509181829865,23.959303527817312,19.171263257471832,28.676715533262698
2184,High-to-Low,2.0660281574772816,24.03697254227658,19.21737135790353,28.782684743454205
2185,High-to-Low,2.0542280650616958,24.11742141011109,19.262930553351794,28.878218075824748
2186,High-to-Low,2.0410668050610385,24.18950862562967,19.30741403846371,28.965989607912356
2187,High-to-Low,2.0262522526685083,24.26576096054586,19.33297142473241,29.055310141689734
2188,High-to-Low,2.0123288598714,24.340273204672897,19.37230150988861,29.15216048951097
2189,High-to-Low,2.000537456707992,24.412004653272668,19.4181822310611,29.2479841763968
2190,High-to-Low,1.990222076390113,24.484855365787972,19.463870730763812,29.34288380638954
2191,High-to-Low,1.9835437754276841,24.559460012546907,19.509054626376805,29.436931503487216
2192,High-to-Low,1.9792732727584381,24.633517825274467,19.553816077211515,29.523552737955633
2193,High-to-Low,1.9718841526644533,24.70823650031931,19.598209634328747,29.60945757788631
2194,High-to-Low,1.9641913481474893,24.780370438076467,19.642386018439996,29.70066939963137
2195,High-to-Low,1.9553891430748365,24.851944530337178,19.688223245430027,29.79146715167237
2196,High-to-Low,1.9415846985930554,24.90988649536545,19.7287921619711,29.88159572934232
2197,High-to-Low,1.9308386581022081,24.97256461351094,19.77133097614331,29.97079369796021
2198,High-to-Low,1.9168255483421226,25.041129662802,19.813392612519372,30.059198699879623
2199,High-to-Low,1.903518341892335,25.103430348641854,19.854916959095004,30.14653258194587
2200,High-to-Low,1.8908133073363398,25.170867161007983,19.89558669098679,30.235494116219346
2201,High-to-Low,1.8788720158002041,25.237559679525845,19.936305768411756,30.31861107209877
2202,High-to-Low,1.8710508508153774,25.30091489080997,19.97614357127808,30.403632037413505
2203,High-to-Low,1.8680838120380572,25.363745794283805,20.015591166199034,30.48801440182281
2204,High-to-Low,1.8688615829495983,25.42620697743086,20.05474684911109,30.57196457906034
2205,High-to-Low,1.8650173237928482,25.48841615204263,20.093685238493308,30.655013264176024
2206,High-to-Low,1.8593059996664392,25.550232299481102,20.132318802235066,30.737511712853593
2207,High-to-Low,1.844426336624938,25.607280877802026,20.170614612638346,30.82059138623647
2208,High-to-Low,1.8316101265690683,25.665261734763693,20.208402223067644,30.90267368552552
2209,High-to-Low,1.8145854906103382,25.723918680740326,20.24055729604384,30.983428364054706
2210,High-to-Low,1.7990823405128091,25.7847955561394,20.268773860557495,31.062737330789446
2211,High-to-Low,1.7863328264860465,25.841689968447934,20.296509975950364,31.1410962055513
2212,High-to-Low,1.7751828592175243,25.897020345411462,20.329092144736247,31.214810124601875
2213,High-to-Low,1.7668639093098912,25.950120455542773,20.362160742683322,31.282829862214882
2214,High-to-Low,1.7598048787103722,26.007383381382848,20.394881696444283,31.350182483631336
2215,High-to-Low,1.7514886753136905,26.0668191173774,20.42728023569619,31.41691743961095
2216,High-to-Low,1.7420974068927821,26.122971792726716,20.459338576658077,31.482995705623882
2217,High-to-Low,1.7321595641036254,26.179498911505902,20.486957624868015,31.548385486369366
2218,High-to-Low,1.7226589724844548,26.231200715675268,20.513092519088076,31.613073933176434
2219,High-to-Low,1.713578870413866,26.280718583482123,20.539040943816648,31.677082195493913
2220,High-to-Low,1.7053388170908208,26.33237602196854,20.56463269770561,31.74043047911853
2221,High-to-Low,1.6971352135439386,26.383678702232903,20.591774519812652,31.80315281782075
2222,High-to-Low,1.6893686384766347,26.42975622978287,20.626085945940076,31.865255566066374
2223,High-to-Low,1.6816079306804321,26.47068499472875,20.660078155384678,31.926758412234907
2224,High-to-Low,1.6742092147363328,26.51470823209062,20.690951201212123,31.987666354031
2225,High-to-Low,1.6672443939163972,26.569021846396737,20.7172554643321,32.05977319027301
2226,High-to-Low,1.6617115306727073,26.628914835885098,20.74327862524099,32.1344605796496
2227,High-to-Low,1.6571687525950682,26.688449635872352,20.769044188132497,32.20789424131682
2228,High-to-Low,1.6521120932224544,26.743066475771027,20.79456882016879,32.2809061030803
2229,High-to-Low,1.6479248053821889,26.793143584668464,20.819847679574476,32.35347760104802
2230,High-to-Low,1.6418296688136074,26.842877356250575,20.84516118852455,32.40801995351229
2231,High-to-Low,1.6363807077028267,26.898311438600857,20.866850709098145,32.46509828182646
2232,High-to-Low,1.6299939433212471,26.95122322987612,20.881877806398244,32.53835617283812
2233,High-to-Low,1.6218114252544678,27.001583980086203,20.89662880267707,32.610275503236934
2234,High-to-Low,1.6136324505338642,27.047940716296097,20.914405230104506,32.6783569038249
2235,High-to-Low,1.606606073796415,27.08707908605551,20.940756662057673,32.729087335750215
2236,High-to-Low,1.5999430151149026,27.130928605299598,20.966839321007367,32.787089101621916
2237,High-to-Low,1.5949277272733442,27.169796228353192,20.992661376626998,32.85520478357397
2238,High-to-Low,1.5939710556186024,27.2046432687588,21.018323751167923,32.92290841319349
2239,High-to-Low,1.595997310307079,27.243593544565474,21.044098019999517,32.990359163463765
2240,High-to-Low,1.5939610621584475,27.277416808282496,21.069745736859716,33.057672723051276
2241,High-to-Low,1.5905737610915234,27.315522125776646,21.09520783884321,33.124692553933215
2242,High-to-Low,1.5874305635701051,27.363630499409297,21.120466054999554,33.19136798811505
2243,High-to-Low,1.5820365023889462,27.410494824011142,21.145525588659797,33.25770992666046
2244,High-to-Low,1.5727871949892203,27.45194534985889,21.17035577632634,33.3236341823621
2245,High-to-Low,1.5639886039133524,27.501889882571497,21.192381233327342,33.388996787562725
2246,High-to-Low,1.5558459002650262,27.5437816899795,21.213818285700516,33.453818473757075
2247,High-to-Low,1.549316672689478,27.578453859602703,21.23501256398782,33.51812746275158
2248,High-to-Low,1.5444564546437234,27.617680210516554,21.255986791529658,33.5819876238991
2249,High-to-Low,1.5460033046379436,27.656725261092213,21.27676381454846,33.64546411937339
2250,High-to-Low,1.5496645482910607,27.695707708296908,21.29742363251215,33.70846065991151
2251,High-to-Low,1.550377292825422,27.738511321989378,21.317992231754733,33.7713361054208
2252,High-to-Low,1.548259041268397,27.779109432272897,21.338632511416712,33.83403622565313
2253,High-to-Low,1.5432114617413268,27.81982375019438,21.35928342555008,33.89645703182897
2254,High-to-Low,1.5347936004675318,27.861752966118672,21.379740486288433,33.95849227203037
2255,High-to-Low,1.526890554191417,27.90845754322348,21.399965158062457,34.02002096580845
2256,High-to-Low,1.5202001161522356,27.955000228827803,21.4199662590183,34.08105258038057
2257,High-to-Low,1.5134612891755488,28.001722316569648,21.43976068610275,34.14094281052027
2258,High-to-Low,1.5072782061754109,28.048499979445207,21.459350089921692,34.20039450135799
2259,High-to-Low,1.5015159665241196,28.089213605661783,21.478743178738796,34.24305821420523
2260,High-to-Low,1.497474686479055,28.128646753240215,21.497946902165502,34.28412643960724
2261,High-to-Low,1.4947094382789727,28.164404205870422,21.51698308583713,34.324809469026384
2262,High-to-Low,1.4924988143820201,28.198907308204,21.535867925959508,34.36514112755137
2263,High-to-Low,1.4897062033469874,28.23571800261717,21.55460900485868,34.40513678819226
2264,High-to-Low,1.4864612919573665,28.2723098359917,21.573235624569662,34.444777193359904
2265,High-to-Low,1.483654747181667,28.3109288788908,21.591719586385107,34.4838140213419
2266,High-to-Low,1.4793902818942273,28.344646199780314,21.610057225697197,34.52778413542913
2267,High-to-Low,1.4748981578457565,28.378104950605348,21.62823349493954,34.5894814013548
2268,High-to-Low,1.4709492694101147,28.416321134154657,21.633071811389073,34.65083804474954
2269,High-to-Low,1.4674684454089393,28.456350863262234,21.63443998583877,34.71187608405806
2270,High-to-Low,1.4643599935454472,28.496142061001557,21.63561531163227,34.7726144823272
2271,High-to-Low,1.4616336830675865,28.533277038631848,21.655761312637157,34.83306841964126
2272,High-to-Low,1.4597210946396388,28.568374056994966,21.677224759305304,34.89325328250574
2273,High-to-Low,1.458866691640276,28.59823534121592,21.69855462352105,34.95320036841261
2274,High-to-Low,1.4580731672761233,28.63287015875166,21.719765731909813,35.01294971525197
2275,High-to-Low,1.4568495560220955,28.668032578406613,21.740859541946456,35.07250398867306
2276,High-to-Low,1.4559294687251525,28.70251839848982,21.761831083635784,35.131847696598186
2277,High-to-Low,1.4546546426043572,28.742935511967538,21.76987964329401,35.190992541367
2278,High-to-Low,1.4513495718990885,28.783694274402173,21.788763400309325,35.24992592431505
2279,High-to-Low,1.448059698650098,28.82202250620602,21.807493502527063,35.308574027475665
2280,High-to-Low,1.4454181948141318,28.85969752358761,21.826004716282625,35.36693856490688
2281,High-to-Low,1.4432912194406375,28.891735182936507,21.838992459224517,35.420532672197574
2282,High-to-Low,1.441623211754699,28.923467311197612,21.85233749270465,35.46966510342975
2283,High-to-Low,1.4407388322070602,28.955010484106555,21.86557023663997,35.52496760194234
2284,High-to-Low,1.4400786292153447,28.986381137406156,21.87869806824637,35.58941664088122
2285,High-to-Low,1.4394885562770436,29.017584419975872,21.89172358390096,35.653703766491
2286,High-to-Low,1.438320755581419,29.048622383616824,21.90464806811739,35.71513865798653
2287,High-to-Low,1.4375692171406307,29.082516259401537,21.917467555180462,35.76541861094959
2288,High-to-Low,1.436288670691506,29.118220402963743,21.930186176372935,35.81373555810438
2289,High-to-Low,1.435414167070027,29.153761242356907,21.942800441756557,35.861828320435606
2290,High-to-Low,1.4339630452337202,29.18914857921931,21.955314361980847,35.90970988677883
2291,High-to-Low,1.4323120085785228,29.22066923579074,21.967724148052604,35.95736349227973
2292,High-to-Low,1.4310160342530354,29.24326234500834,21.980029069638444,36.00478392823354
2293,High-to-Low,1.4298342857801971,29.26565362969835,21.99223272015714,36.05198264465442
2294,High-to-Low,1.4289952291254202,29.288032660602315,22.004336759887135,36.09888813590478
2295,High-to-Low,1.4298916198898526,29.318843250287408,22.016344554834138,36.145314008378165
2296,High-to-Low,1.4321912088582467,29.33967461701693,22.030204483023844,36.191585094798064
2297,High-to-Low,1.437200124447129,29.358266642915886,22.045713731124636,36.23774230928547
2298,High-to-Low,1.4413586450477032,29.38249638597474,22.061166864473794,36.28386387809386
2299,High-to-Low,1.4441116346775156,29.41119235997199,22.076555172271583,36.32992375402177
2300,High-to-Low,1.446888300848257,29.439793538443006,22.09186484215373,36.375880277211294
1990,High,0.5549323129780074,-0.9399118564955005,-1.0960354070029088,-0.8224063842021445
1991,High,0.5842776558307643,-0.8801794793500393,-1.026608230452588,-0.7704340675668575
1992,High,0.5068514056020823,-0.8183164802549686,-0.9543712730142715,-0.7163448329417169
1993,High,0.2957638454934736,-0.7630334680492887,-0.8898262322173621,-0.668002478767636
1994,High,0.32263621101166673,-0.7255784136339732,-0.8460689809383389,-0.6352218981118568
1995,High,0.44617070918554025,-0.6857753140516336,-0.7997065367531387,-0.6004841225158579
1996,High,0.5374490349232901,-0.6355144151209254,-0.7412698573350084,-0.5566921485436735
1997,High,0.598189663208572,-0.5777720548245389,-0.6739433276665913,-0.5062321169142243
1998,High,0.6454053664735274,-0.5150180752745225,-0.6007482776729393,-0.45135981470746356
1999,High,0.6889557500192713,-0.4482794707498919,-0.523027340262439,-0.3930781430051275
2000,High,0.7316154504182077,-0.37803313357387736,-0.4411452174442672,-0.331624431595804
2001,High,0.77181758652432,-0.30420845882119474,-0.3549277333167268,-0.2670596900109251
2002,High,0.8011194136457899,-0.22718318929244558,-0.26504795501901285,-0.1996423445987723
2003,High,0.8305805959396302,-0.14808342908381422,-0.17242571190079692,-0.12994031404793563
2004,High,0.8414618002473262,-0.06640839082251503,-0.07726251559227355,-0.058302584623008726
2005,High,0.8491062868195517,0.01581556725795824,0.013455684801679064,0.019020829044595063
2006,High,0.851816182088209,0.09871142294069213,0.08616347043088834,0.1151160425697968
2007,High,0.8608041211160541,0.18151191881807674,0.15856508264878674,0.21145735990690548
2008,High,0.8733595845062508,0.26486612538076315,0.23186478872962282,0.30889811159602404
2009,High,0.8943131356158592,0.34924385983536926,0.3059910758089979,0.40740397340605666
2010,High,0.9191687123134434,0.4352697749008913,0.3815398365654836,0.5077526527154207
2011,High,0.9514307792672222,0.5230241037760814,0.45877617629954165,0.6103133935191113
2012,High,0.9754629045078027,0.6132594750902733,0.5380962494016243,0.7154941819370031
2013,High,1.0080022451104809,0.7050511625141271,0.6190089268658904,0.8225738973838939
2014,High,1.0426535350416293,0.7992637268574894,0.7021159467992758,0.9324616150319082
2015,High,1.0746854893522804,0.8961606617673092,0.7875563324202585,1.0455443189972673
2016,High,1.1055332825135755,0.9959867678403469,0.8751293416585404,1.161903762429058
2017,High,1.1299024466098344,1.0979724264443331,0.9647317014609773,1.2809295135296836
2018,High,1.1559945114677386,1.2018807951942407,1.0553013452008602,1.4017374579938044
2019,High,1.1812515729476785,1.3074123378749287,1.1472299422032628,1.5232086850924538
2020,High,1.1944871446555292,1.414064866173011,1.2407921678107277,1.646516318153783
2021,High,1.2203208155113423,1.5218645603188672,1.335910346824728,1.7705239236867878
2022,High,1.248046333642033,1.6315589144188396,1.432872278583594,1.8978830545750756
2023,High,1.2811030409964752,1.7427584538140026,1.5313258410734427,2.028339737880096
2024,High,1.3151684253982685,1.8562985328030195,1.630482503050533,2.1616045712179996
2025,High,1.3497348787923313,1.9726513202123508,1.7329886666670622,2.297752099419056
2026,High,1.3829284058409148,2.0922917647431856,1.83589731180766,2.436741606503122
2027,High,1.403380892296468,2.2140149121971753,1.9402116131697191,2.578718570349088
2028,High,1.419250459409098,2.3362398300598493,2.0467362168568015,2.721135406241919
2029,High,1.438262858886588,2.4587553388261996,2.1557090414637274,2.8630953112454796
2030,High,1.4566167055612862,2.582729781222061,2.265500220776849,3.0094637120252625
2031,High,1.4767150369681044,2.707652399697613,2.375796446701051,3.153263977759451
2032,High,1.4973345664286115,2.8333868279610357,2.4860510776460347,3.2962073936041136
2033,High,1.5216205741532824,2.9601248213843205,2.597534932872109,3.443940433310691
2034,High,1.5497538911454842,3.088527297489004,2.7112134297995643,3.5932100777427007
2035,High,1.5815844785192246,3.219234230990584,2.827145847091097,3.744428300705726
2036,High,1.6143189589572702,3.352041957761273,2.944956012525519,3.8978964627028865
2037,High,1.6454238918943935,3.4867198916811772,3.064689256559275,4.05366396050348
2038,High,1.6764352907421474,3.624298104068126,3.1862185259078513,4.211404063766484
2039,High,1.7074144708147667,3.763861338898386,3.3093039897023457,4.371575110948583
2040,High,1.7306655143616232,3.904711292170228,3.4343223326489327,4.535846436848635
2041,High,1.7536333815044105,4.0469706406969514,3.558839556699752,4.70162199330291
2042,High,1.778946186409814,4.191083710480061,3.6824047643404123,4.868782962284358
2043,High,1.8055964113405345,4.336920265344294,3.8103631468088617,5.033345193626161
2044,High,1.8340463766861836,4.483512267997913,3.939671680758693,5.202239285288659
2045,High,1.8641606955631906,4.6304122366457126,4.0688729683886455,5.369183693913893
2046,High,1.8984796690512873,4.778208208176966,4.195988285454225,5.543288729675664
2047,High,1.9324247877899088,4.928909583693912,4.324561329423164,5.7222856240690785
2048,High,1.9636947645483283,5.0819338968215515,4.454640267026705,5.903701582295367
2049,High,1.9948410591115024,5.235373094579087,4.586727699857346,6.087341327821206
2050,High,2.0238175285532822,5.391191222236088,4.724201098999163,6.273172278025192
2051,High,2.0493179542277153,5.548129498407951,4.863256165384145,6.460807865048413
2052,High,2.075613640310062,5.706948877774263,5.003401525497521,6.641111108793161
2053,High,2.0998185687547326,5.8667233188244,5.144195001859425,6.821242890882716
2054,High,2.124787775267876,6.030484011702382,5.2879486506342595,7.003073347603381
2055,High,2.150235271873504,6.192449395544012,5.43093995804895,7.19228998360529
2056,High,2.177196146673371,6.353425101264044,5.573980162320066,7.374590363105871
2057,High,2.2095404065681308,6.518193068294167,5.71934619800303,7.569289290377002
2058,High,2.2449453130294756,6.6832041811581275,5.866300051932348,7.756785485907057
2059,High,2.277492126042476,6.848335492602297,6.016939708708728,7.95171475657813
2060,High,2.3071905267789456,7.016622061144567,6.16889548724008,8.14625499124387
2061,High,2.334199800661479,7.189521493338258,6.322314895645137,8.343940800378506
2062,High,2.358393398069626,7.359698142536659,6.471238261677945,8.54256827371489
2063,High,2.3823725723428146,7.531999301595587,6.625548422568316,8.731732746838697
2064,High,2.4080340890305183,7.70565121788942,6.780938078226505,8.932608069035272
2065,High,2.4329072183528786,7.879187078267826,6.932990184966369,9.136665876327642
2066,High,2.4582602739349397,8.053532006487647,7.083054553778709,9.341764231056159
2067,High,2.48327040594863,8.227339311160305,7.236982436879598,9.547915012000841
2068,High,2.511054726161466,8.399471658190482,7.393275195711967,9.75462485601589
2069,High,2.5409083827355836,8.57461396444453,7.549218771525726,9.960097991883083
2070,High,2.5737522776925337,8.753359916093753,7.703257592726064,10.166752539238006
2071,High,2.605056500407002,8.931786186779902,7.8590174575674565,10.374782593491231
2072,High,2.6357129436460207,9.112908411450446,8.004277693198205,10.584032906086128
2073,High,2.665027967156715,9.295117398928497,8.166116547846528,10.794417982012805
2074,High,2.689978863661466,9.476262978212105,8.329187985915414,11.015106291504221
2075,High,2.7165582414070593,9.658202941353625,8.490151028585416,11.237432578554433
2076,High,2.7402020477529363,9.842084731115783,8.642551183267543,11.459547993920813
2077,High,2.763555446510977,10.0277217665433,8.794961229259586,11.661592574322711
2078,High,2.787886986622794,10.210686885931677,8.944898402913953,11.859244285038773
2079,High,2.8124940158502127,10.394931977361132,9.095786566335333,12.072659563112472
2080,High,2.842288200900749,10.579811874731057,9.253927819576946,12.293551032611845
2081,High,2.876855720055395,10.766808061593512,9.411060493295757,12.521496527523027
2082,High,2.9115129805357585,10.950357076075417,9.570747184135831,12.751152894506864
2083,High,2.945306925738063,11.136142199032369,9.733000795616672,12.982496436192092
2084,High,2.9716625335491442,11.32283895363355,9.891401127827871,13.215231213913329
2085,High,2.992406307372318,11.512388859906663,10.055280960211059,13.438157517324953
2086,High,3.0141071029747804,11.700031919764287,10.208866485887958,13.660047368488597
2087,High,3.035600836165591,11.889565396946349,10.359678750440635,13.885883921900154
2088,High,3.0575979128496167,12.076403796715294,10.529520621306418,14.103177525428892
2089,High,3.0816631877224125,12.26540483375651,10.694761460282324,14.319736150440608
2090,High,3.1074859165727697,12.450825695549808,10.861815620308958,14.543501738582998
2091,High,3.1351563305682952,12.645291944104853,11.01969264047859,14.774653784294314
2092,High,3.1681835135937377,12.839925053818854,11.171169142309765,14.997138084806862
2093,High,3.199007339929826,13.029703195983966,11.323189353718675,15.219351172324801
2094,High,3.2287352972458456,13.222151224695677,11.47660973861505,15.441715140822815
2095,High,3.2593106882277594,13.416254086158332,11.630161003554322,15.659137512782106
2096,High,3.285690511900361,13.603823098722753,11.784102500392171,15.88900960018169
2097,High,3.304484461403061,13.798741567917393,11.938786332386902,16.11730355105002
2098,High,3.3247677636734663,13.99180526113189,12.098494687796862,16.35910647261511
2099,High,3.3476131650509986,14.181951356472045,12.263365490443942,16.580531738131782
2100,High,3.3713814501944417,14.36563048259147,12.438363424819679,16.803686360060098
2101,High,3.3984062992410484,14.55689252385882,12.596348153709954,17.02340549092018
2102,High,3.429581171711273,14.757156900814874,12.747216329957926,17.245449268042304
2103,High,3.463885006671593,14.94502216769381,12.896160194006287,17.477581075805112
2104,High,3.492580857835694,15.13104110309728,13.054627716184621,17.710370989775043
2105,High,3.52159646815757,15.326687624184213,13.200838685789929,17.935610915810443
2106,High,3.5492126866120803,15.519042548865254,13.356324191013044,18.151744962671668
2107,High,3.5750605554813553,15.720858405252102,13.51182155800857,18.367126779476
2108,High,3.597675777233931,15.913176253144353,13.65081073530153,18.584750564944468
2109,High,3.620828975338391,16.108663045123066,13.797072228033343,18.812117672245858
2110,High,3.644458697396204,16.300820018662915,13.929047460383439,19.042871015757246
2111,High,3.66943602392118,16.493298728841204,14.097823225240765,19.26786470440117
2112,High,3.696023680060032,16.692955994206155,14.244015991892681,19.508230646009498
2113,High,3.724680639974981,16.881952749185725,14.381574920321883,19.746328283898617
2114,High,3.756211504484788,17.07257367905129,14.516406581764024,19.98415074273122
2115,High,3.78617948337991,17.267220436202955,14.669836394903426,20.22136920132107
2116,High,3.8156695848844113,17.46401478145844,14.811752645517714,20.460077710732655
2117,High,3.8454962639926493,17.654044609603226,14.962576573667576,20.687848448584212
2118,High,3.869433541926067,17.84186603390482,15.11518757362608,20.891759883675906
2119,High,3.8901905681603317,18.033796697143462,15.247826174247455,21.10417259839568
2120,High,3.9119417092082656,18.222982739471984,15.370840798676092,21.340008630868766
2121,High,3.935428148471155,18.411358269353958,15.506893183619383,21.575436499257197
2122,High,3.9598835584875975,18.601154583921016,15.641766563081728,21.80971570547366
2123,High,3.9874558385646837,18.78974371899601,15.769708210803335,22.043635444647517
2124,High,4.018874069389575,18.981766870025552,15.896221813332804,22.271557067844636
2125,High,4.05100514928119,19.16995995483861,16.022889777451866,22.501198152265715
2126,High,4.078635378824995,19.36068774024121,16.16678801159667,22.733704903564643
2127,High,4.106512019476943,19.541307163748662,16.305775523291725,22.981683371825977
2128,High,4.132694511594646,19.731157017438182,16.437067511993014,23.207077148992834
2129,High,4.156656345957216,19.912012788380125,16.56747595530276,23.431761869811325
2130,High,4.177466884439663,20.103237015200982,16.696924143157123,23.654927798216207
2131,High,4.199513443304614,20.296646167386562,16.82761992875018,23.877169248524293
2132,High,4.222253525278404,20.49072404000171,16.952185468929613,24.09796995349621
2133,High,4.247251255129677,20.664200060849574,17.08025394221168,24.319786606212354
2134,High,4.2751097840137895,20.838339707461927,17.209701445147072,24.539492099303818
2135,High,4.3057668848790085,21.021538839867386,17.33834668992102,24.75290563515322
2136,High,4.334839767318508,21.206453749572432,17.46625948270322,24.96920386798937
2137,High,4.3631227860334825,21.389207687963818,17.59380547955312,25.199535675905032
2138,High,4.390304415048412,21.568346001920638,17.719679925505453,25.429991386758676
2139,High,4.412218753207118,21.735608863097013,17.84511385465699,25.659976408330312
2140,High,4.436273829806218,21.913039918230865,17.961979693457362,25.886450285030953
2141,High,4.4571307591757146,22.07475939434539,18.07525406952852,26.11246995866018
2142,High,4.47819299706647,22.24631125350447,18.187290935173113,26.341475573168232
2143,High,4.499976148621756,22.41513177927627,18.28878720877361,26.568206488168524
2144,High,4.52229760800462,22.58065731294599,18.402681124905897,26.794152553482274
2145,High,4.54666593438008,22.749407439101645,18.502285463938247,27.02073316428069
2146,High,4.572615173224708,22.909737890429668,18.593801021851167,27.255888757804303
2147,High,4.5976863330531135,23.08100648313392,18.684009632227237,27.466784304519464
2148,High,4.621793348975991,23.24943950713238,18.77562296088248,27.695884492926414
2149,High,4.646116761219136,23.4124637138149,18.885420824602896,27.924359538413622
2150,High,4.670382087833528,23.57252035672879,18.99313589664323,28.149861865913696
2151,High,4.693008047194712,23.742939360435628,19.069080297695766,28.3584224804482
2152,High,4.715609180133823,23.905153060277108,19.14450905814275,28.587797660485986
2153,High,4.738554966848317,24.068164885776504,19.2397665852936,28.82034630391673
2154,High,4.761822585809212,24.234211157211952,19.331587278612332,29.02226036939121
2155,High,4.785771719856091,24.40650090846992,19.41670124039493,29.235238272924747
2156,High,4.81098593889212,24.573222782392293,19.52158379625469,29.4531683080803
2157,High,4.838747393265955,24.74608368176898,19.625483088903458,29.65573252730778
2158,High,4.868881647776686,24.912774820051304,19.728450126024608,29.870177284416346
2159,High,4.897895157339232,25.063932403339983,19.830529538367813,30.084316394406947
2160,High,4.926207103709576,25.22307814031742,19.93092657876228,30.299694969243834
2161,High,4.952984267084225,25.38317747369812,20.03140443727594,30.510204161266635
2162,High,4.973212385204467,25.54090153894522,20.13017735064825,30.72139261068293
2163,High,4.996765110005013,25.690614618768862,20.227854004665843,30.932624222928062
2164,High,5.016606770119304,25.84590864160531,20.305298586546364,31.14141356914685
2165,High,5.0367493096263765,25.99152783890075,20.391253447959805,31.335259900833087
2166,High,5.057377689761934,26.14907400606883,20.479302258489426,31.5167230228503
2167,High,5.079383687755406,26.295451930352566,20.553282138986948,31.69617460647523
2168,High,5.104591945762916,26.43763670440642,20.632352209932122,31.873640396928227
2169,High,5.135735144397907,26.563446397483574,20.722750093527353,32.049690717437485
2170,High,5.171071443380897,26.735946891747176,20.798331756231285,32.266343422925914
2171,High,5.199692371713797,26.88634867166978,20.873286137582348,32.456487124470726
2172,High,5.226604728464871,27.04444298007482,20.91941374381606,32.665389966333336
2173,High,5.246065934364116,27.17492820507269,20.99726811317166,32.845442057190425
2174,High,5.267747893536662,27.2881692120355,21.077034415084444,33.0549068671832
2175,High,5.287255078159239,27.419058370921867,21.155994592856604,33.26313650589406
2176,High,5.304146501208905,27.561823562399667,21.228331289465814,33.470033202685876
2177,High,5.322110505125785,27.68389610383246,21.295789636047232,33.67548605272569
2178,High,5.3426810077016205,27.81467696217816,21.362379725008623,33.878398202736626
2179,High,5.365889692528007,27.955857823164195,21.428676611319084,34.079824559078475
2180,High,5.393138980592929,28.106463171185087,21.493865584025833,34.26957578802369
2181,High,5.421140065910086,28.231224099746058,21.558001307522986,34.406785092589
2182,High,5.447375400964459,28.356906539653743,21.62117868696565,34.54109053742995
2183,High,5.471941910122623,28.48348029938161,21.635482009731422,34.74226432832624
2184,High,5.4917460975858905,28.611132095844063,21.707777259760636,34.953083663992835
2185,High,5.511227408942064,28.73032773060057,21.771304142981666,35.162604321288626
2186,High,5.529085171713948,28.869396572184172,21.837405050257285,35.370799178199846
2187,High,5.54501716191227,28.98631001106616,21.885018243879166,35.55934297548164
2188,High,5.561554081169105,29.09794871456019,21.931502669393456,35.78465058180465
2189,High,5.579929060489201,29.226129425733568,21.976885708339793,35.9582119811356
2190,High,5.599484107938873,29.314551288077368,22.021198242041464,36.12991887243384
2191,High,5.622381673939807,29.398116200625797,22.074463514763956,36.2985398390765
2192,High,5.64740346805793,29.504920951639633,22.129952318781903,36.465402501973635
2193,High,5.669030666598,29.634134932245736,22.1842953510402,36.63056756973911
2194,High,5.6900839237245435,29.782762725687668,22.23746842816475,36.79126693415336
2195,High,5.709767567022471,29.903896905531248,22.289778580941412,36.949795256850784
2196,High,5.724201510740094,30.02906626088901,22.341814614588294,37.0937918531922
2197,High,5.7414623780282925,30.140596429176938,22.370373714165563,37.2664623780039
2198,High,5.755245327049734,30.24511221286691,22.410356378533834,37.42330004140685
2199,High,5.7695312100273455,30.37077414522747,22.454947291220627,37.57741639895008
2200,High,5.784222723082459,30.496602854423255,22.456572151791388,37.69872412820578
2201,High,5.799486603737998,30.58325501087583,22.477570572050887,37.81827330092194
2202,High,5.818674985521675,30.681509058430187,22.530126250964297,37.87549379486629
2203,High,5.842509243736738,30.738641001437724,22.58560260433339,38.03249624060768
2204,High,5.869865157514438,30.838452667853254,22.645899093519933,38.20117658360156
2205,High,5.892359759043547,30.912486613617798,22.705319427813894,38.368484203895264
2206,High,5.912724342613594,31.02066105267444,22.76381903282261,38.53426809198044
2207,High,5.923634809728753,31.116697886197485,22.811165365867573,38.6949576939145
2208,High,5.93629449232795,31.221768003993873,22.84183490530831,38.85913475112049
2209,High,5.944413778035277,31.31956418418703,22.870445390938922,38.9923448207055
2210,High,5.953703689153763,31.426348193624346,22.89821825609515,39.10227156003187
2211,High,5.9653843227109915,31.52555107514604,22.910581188945983,39.250886446969396
2212,High,5.978294989577717,31.60546969701118,22.911979101839517,39.37861918020297
2213,High,5.993663242817137,31.697488769561463,22.914890874229343,39.504236579209945
2214,High,6.009917964614362,31.791764963611392,22.94601586355068,39.62779065033056
2215,High,6.024543411648168,31.865820479305107,22.985494223738975,39.749691268204785
2216,High,6.03772282301114,31.96022483104715,23.02424428869464,39.91439874241669
2217,High,6.049987874053095,32.049972630438575,23.053820214673262,40.084332600235264
2218,High,6.062328720794033,32.14546053627217,23.08000263165359,40.25178200972813
2219,High,6.074738275578022,32.228107669485794,23.113706243241932,40.406161452277736
2220,High,6.087648977711506,32.294227646463455,23.14184788852732,40.51059089687137
2221,High,6.1002734775832295,32.35989874777025,23.162204809315345,40.612496668522176
2222,High,6.113030920797233,32.40810158266076,23.1836658266663,40.71307787287775
2223,High,6.125512708117318,32.467722060220794,23.19006320812635,40.84859995226163
2224,High,6.138085529001958,32.539690640245446,23.19192879516467,40.98268266478077
2225,High,6.150826732070816,32.62322205245747,23.224203343272112,41.08548505046319
2226,High,6.164738107787292,32.69409097758958,23.258394759683515,41.21076684080927
2227,High,6.179381448652604,32.76928697147561,23.277462180995556,41.346131490102564
2228,High,6.193255870252374,32.825915520534856,23.293977964524274,41.40847042476586
2229,High,6.20774614984229,32.89579981756441,23.311375519716,41.5203371692628
2230,High,6.220076998638047,32.94079168923652,23.32871221301499,41.646284565236904
2231,High,6.232802200539742,32.9989060438356,23.345574142005376,41.77052796946627
2232,High,6.244338676894816,33.04515079909008,23.36197318787081,41.89307799901125
2233,High,6.253828455017166,33.09450508207512,23.377916977267578,41.97637403151824
2234,High,6.263069727370442,33.15134698496465,23.393411231418305,42.08968289294592
2235,High,6.273211530202607,33.22238099177156,23.407571214024735,42.22126696870883
2236,High,6.283465688987236,33.28679840231488,23.420643337653072,42.35046814691276
2237,High,6.295117571714883,33.36325892198393,23.4333275470794,42.47726451047671
2238,High,6.310579787322744,33.40890308060628,23.445636208949526,42.591136317374584
2239,High,6.328780356883492,33.4753039385467,23.457585624164402,42.70228633658205
2240,High,6.342677170901844,33.51153662790894,23.465941683147587,42.78632529683557
2241,High,6.354980495183031,33.57401684081648,23.470908687276957,42.83728977433677
2242,High,6.367284304646315,33.64318045951636,23.47553344798737,42.96359579755569
2243,High,6.377093269864215,33.711431323975674,23.479831188005956,43.0132426212185
2244,High,6.382801488705325,33.75832889529133,23.483815344202732,43.10935916885877
2245,High,6.388711915179247,33.82440709569413,23.484572688651433,43.20996279446348
2246,High,6.3950289324511695,33.84294240742453,23.484572688651433,43.3065318794699
2247,High,6.402710250540412,33.89172197775424,23.484572688651433,43.40114684999759
2248,High,6.411812513845637,33.936925114594075,23.484572688651433,43.49548615844946
2249,High,6.427075285802411,33.97563539762434,23.484572688651433,43.5369966189957
2250,High,6.444210388574508,34.01600012201463,23.484572688651433,43.57246401966245
2251,High,6.458157858614689,34.05318953294414,23.484830501882783,43.623636573053325
2252,High,6.46903453743844,34.08880698085653,23.48534376494184,43.7196855194684
2253,High,6.476740349276643,34.11463452591439,23.485840694501274,43.81439111419093
2254,High,6.480832013532927,34.14201610525233,23.48632147848682,43.90771674315606
2255,High,6.485191842118808,34.160390350960384,23.486786297131374,43.99962253953404
2256,High,6.490516827033358,34.187846862419946,23.487235619031942,44.102329467453565
2257,High,6.495546265626961,34.20806849625278,23.48766994552092,44.21152786232344
2258,High,6.50088437276973,34.22322233519178,23.488089679550882,44.319484709340024
2259,High,6.50639659863845,34.23791329093252,23.488495253975568,44.41634881499878
2260,High,6.513383434551632,34.2488343965758,23.488887081635387,44.49030518972029
2261,High,6.521400888279537,34.272145093651034,23.493637543222583,44.5624267361012
2262,High,6.529728636351574,34.30393939608933,23.500586172193817,44.63273338633261
2263,High,6.537230781994708,34.34173356866988,23.50729800323841,44.701236764575135
2264,High,6.544037032999938,34.38522869492521,23.513778898368624,44.774100587133574
2265,High,6.55103787136787,34.43336638178656,23.520034810640478,44.85265585331103
2266,High,6.556337130590901,34.46456693339664,23.523509674928,44.92805050822355
2267,High,6.561164457176635,34.5046490077941,23.523756306820168,45.002208999541274
2268,High,6.566290409033094,34.52846065100244,23.52395547954936,45.07284994894479
2269,High,6.571639888133621,34.565365527447575,23.524113523615277,45.15214859689842
2270,High,6.577117298643986,34.594663785262654,23.524236331790718,45.22661274674247
2271,High,6.582732663799629,34.6273457202821,23.524329362350706,45.29988685474459
2272,High,6.5889178021897115,34.665390510530486,23.524397642758743,45.37077463889127
2273,High,6.595917559147067,34.702693575071095,23.524445772331116,45.43994270805021
2274,High,6.60273514014268,34.73196879634045,23.524477915709987,45.50796027952195
2275,High,6.608879762446425,34.757325521365836,23.52449779854067,45.57483638348634
2276,High,6.615084919202191,34.78202734898068,23.52450871661375,45.64057540461016
2277,High,6.620692352169981,34.80301738197349,23.52451353335446,45.69527206881352
2278,High,6.624026375305111,34.824320972985824,23.524514654093636,45.74446827510835
2279,High,6.62713154307142,34.85552681790993,23.524514364404684,45.792301569100495
2280,High,6.630640713003002,34.876875446784084,23.524514364404684,45.811613274196525
2281,High,6.634420049187178,34.88954662065515,23.524514364404684,45.83782705338416
2282,High,6.638461833509368,34.90165763157384,23.524514364404684,45.84892290678204
2283,High,6.643116108917211,34.916025207266294,23.524514364404684,45.86452367183367
2284,High,6.647837611765666,34.933827324150045,23.524514364404684,45.924458528776455
2285,High,6.652482058016277,34.951141387811134,23.524514364404684,45.99007884147857
2286,High,6.656409620918204,34.96966178137147,23.524514364404684,46.054687170867744
2287,High,6.660621557638815,34.98352946545219,23.524514364404684,46.123819094589415
2288,High,6.664179403245352,34.99148612319799,23.524514364404684,46.166169328672545
2289,High,6.668024811029472,35.003629821551115,23.524514364404684,46.23037081572546
2290,High,6.671181790164224,35.01445424941801,23.524514364404684,46.271399416579264
2291,High,6.674033437536784,35.01816837011391,23.524514364404684,46.3223006312257
2292,High,6.67714114672619,35.021680092834686,23.524514364404684,46.380800332561414
2293,High,6.680270741288079,35.03050345063287,23.524514364404684,46.43675193046702
2294,High,6.683657311126003,35.04176161271707,23.524514364404684,46.46127916904099
2295,High,6.688700515110573,35.052786523175186,23.524514364404684,46.479913108241405
2296,High,6.695075294400574,35.06144192923762,23.524514364404684,46.49714493801397
2297,High,6.704095199838951,35.0698726929515,23.524656552764675,46.51348879360788
2298,High,6.71220819048635,35.0892458917934,23.524853296041723,46.546173498081785
2299,High,6.718866607811475,35.10118277696882,23.525044840440696,46.56601450109588
2300,High,6.72550671774157,35.10759091822091,23.525231273097212,46.56697973982738
